clip,frame,player_id,player_label,foot_x,foot_y,bbox_x1,bbox_y1,bbox_x2,bbox_y2,confidence
game8/Clip1,0,1,player_bottom,931.65673828125,615.04541015625,888.2137451171875,487.4541015625,975.0997924804688,615.04541015625,0.9102007746696472
game8/Clip1,0,2,player_top,602.3312377929688,237.0994110107422,583.48193359375,167.06790161132812,621.1805419921875,237.0994110107422,0.8323482871055603
game8/Clip1,1,1,player_bottom,931.571533203125,614.8892211914062,887.3513793945312,484.96759033203125,975.7916259765625,614.8892211914062,0.9058973789215088
game8/Clip1,1,2,player_top,600.4210815429688,235.98275756835938,581.3409423828125,164.86753845214844,619.501220703125,235.98275756835938,0.845272421836853
game8/Clip1,2,1,player_bottom,931.5752563476562,614.5169067382812,886.2266235351562,481.1015930175781,976.9238891601562,614.5169067382812,0.9077748656272888
game8/Clip1,2,2,player_top,599.87890625,234.1522216796875,579.7691650390625,158.74093627929688,619.9887084960938,234.1522216796875,0.8213048577308655
game8/Clip1,3,1,player_bottom,931.0533447265625,613.6666870117188,885.16650390625,478.3211975097656,976.940185546875,613.6666870117188,0.910047709941864
game8/Clip1,3,2,player_top,598.798095703125,233.73345947265625,577.1041259765625,151.607177734375,620.4920654296875,233.73345947265625,0.7918646335601807
game8/Clip1,4,1,player_bottom,930.3477783203125,611.9985961914062,884.2801513671875,475.70660400390625,976.4154052734375,611.9985961914062,0.9146137833595276
game8/Clip1,4,2,player_top,596.5322875976562,235.40008544921875,573.7352905273438,148.35609436035156,619.3292846679688,235.40008544921875,0.7604998350143433
game8/Clip1,5,1,player_bottom,929.4423828125,610.383544921875,883.3917846679688,473.54541015625,975.4930419921875,610.383544921875,0.9044138789176941
game8/Clip1,5,2,player_top,594.8392333984375,234.84014892578125,574.9766845703125,159.2770233154297,614.7018432617188,234.84014892578125,0.7574521899223328
game8/Clip1,6,1,player_bottom,927.44384765625,608.496337890625,882.01806640625,472.8769226074219,972.8695678710938,608.496337890625,0.8798232674598694
game8/Clip1,6,2,player_top,592.894287109375,237.10740661621094,574.036376953125,166.14878845214844,611.7522583007812,237.10740661621094,0.7977409958839417
game8/Clip1,7,1,player_bottom,923.64404296875,606.747802734375,878.920654296875,473.0303955078125,968.367431640625,606.747802734375,0.8984550833702087
game8/Clip1,7,2,player_top,592.1668701171875,238.40890502929688,573.0010375976562,167.05130004882812,611.332763671875,238.40890502929688,0.7986796498298645
game8/Clip1,8,1,player_bottom,919.2693481445312,605.3980712890625,875.4611206054688,475.0403137207031,963.0775756835938,605.3980712890625,0.9019327759742737
game8/Clip1,8,2,player_top,590.7581787109375,240.2442169189453,571.8740234375,171.56591796875,609.6422729492188,240.2442169189453,0.7751731872558594
game8/Clip1,9,1,player_bottom,916.4676513671875,605.605224609375,873.1356811523438,477.66680908203125,959.7996215820312,605.605224609375,0.9088274240493774
game8/Clip1,9,2,player_top,590.4034423828125,241.64051818847656,571.2408447265625,173.29342651367188,609.5659790039062,241.64051818847656,0.7798871397972107
game8/Clip1,10,1,player_bottom,915.4292602539062,606.8737182617188,871.7427368164062,478.8054504394531,959.1157836914062,606.8737182617188,0.8209208846092224
game8/Clip1,10,4,player_top,476.6798095703125,175.7319793701172,456.9554443359375,113.51226043701172,496.4042053222656,175.7319793701172,0.7182110548019409
game8/Clip1,11,1,player_bottom,915.1146240234375,607.2179565429688,871.87255859375,481.75225830078125,958.3566284179688,607.2179565429688,0.9002990126609802
game8/Clip1,11,4,player_top,476.6798095703125,175.7319793701172,456.9554443359375,113.51226043701172,496.4042053222656,175.7319793701172,0.7182110548019409
game8/Clip1,12,1,player_bottom,915.6241455078125,607.0745849609375,872.2552490234375,482.7528381347656,958.9929809570312,607.0745849609375,0.9030343890190125
game8/Clip1,12,4,player_top,476.64080810546875,175.75543212890625,456.9407653808594,113.61163330078125,496.34088134765625,175.75543212890625,0.7113929390907288
game8/Clip1,13,1,player_bottom,917.0420532226562,606.2489013671875,873.0798950195312,481.99700927734375,961.0042114257812,606.2489013671875,0.8851156234741211
game8/Clip1,13,4,player_top,476.5931701660156,175.75857543945312,456.8564758300781,113.48709106445312,496.3298645019531,175.75857543945312,0.7181971073150635
game8/Clip1,14,1,player_bottom,918.3878173828125,605.639892578125,872.3976440429688,477.24224853515625,964.3779296875,605.639892578125,0.8871068954467773
game8/Clip1,14,4,player_top,476.57415771484375,175.73345947265625,456.90301513671875,113.69266510009766,496.2453308105469,175.73345947265625,0.713830292224884
game8/Clip1,15,1,player_bottom,922.34716796875,605.4240112304688,872.8527221679688,469.3248291015625,971.8416748046875,605.4240112304688,0.8799766302108765
game8/Clip1,15,4,player_top,476.5858917236328,175.71234130859375,456.9846878051758,113.98558235168457,496.1871109008789,175.71234130859375,0.7122363299131393
game8/Clip1,16,1,player_bottom,925.4796142578125,605.220458984375,874.3558349609375,466.9181823730469,976.6033935546875,605.220458984375,0.891974687576294
game8/Clip1,16,2,player_top,605.32373046875,241.7034454345703,585.9810791015625,178.6571044921875,624.6663208007812,241.7034454345703,0.7272237539291382
game8/Clip1,17,1,player_bottom,927.905517578125,605.0325927734375,875.1103515625,463.05096435546875,980.70068359375,605.0325927734375,0.8923287987709045
game8/Clip1,17,2,player_top,605.83935546875,240.20571899414062,586.7114868164062,177.3066864013672,624.9671630859375,240.20571899414062,0.7825060486793518
game8/Clip1,18,1,player_bottom,934.0447998046875,604.7633666992188,882.14111328125,464.4342346191406,985.9485473632812,604.7633666992188,0.8784651756286621
game8/Clip1,18,2,player_top,605.7708740234375,240.47278594970703,586.7901306152344,176.9660873413086,624.7516174316406,240.47278594970703,0.7796769440174103
game8/Clip1,19,1,player_bottom,939.1627197265625,604.3655395507812,888.9047241210938,468.95294189453125,989.4207763671875,604.3655395507812,0.8801799416542053
game8/Clip1,19,2,player_top,605.702392578125,240.73985290527344,586.8687744140625,176.62548828125,624.5360717773438,240.73985290527344,0.7768478393554688
game8/Clip1,20,1,player_bottom,946.6465454101562,604.1560668945312,896.2130737304688,468.4310607910156,997.0800170898438,604.1560668945312,0.8752186894416809
game8/Clip1,20,2,player_top,604.99609375,241.06820678710938,586.384033203125,176.45809936523438,623.608154296875,241.06820678710938,0.7772915363311768
game8/Clip1,21,1,player_bottom,963.2852783203125,603.22021484375,913.045166015625,463.7414245605469,1013.5253295898438,603.22021484375,0.7980397939682007
game8/Clip1,21,2,player_top,604.3895263671875,241.48634338378906,586.0809326171875,176.71316528320312,622.6981811523438,241.48634338378906,0.7673447132110596
game8/Clip1,22,1,player_bottom,967.027099609375,602.6504516601562,918.16650390625,461.79864501953125,1015.8877563476562,602.6504516601562,0.775700569152832
game8/Clip1,22,2,player_top,604.5242836692116,240.8334197998047,586.1902743252841,175.9077183116566,622.8583512739701,240.8334197998047,0.7686422629789873
game8/Clip1,23,1,player_bottom,974.0938720703125,602.3056640625,926.440673828125,460.1184387207031,1021.7470703125,602.3056640625,0.7932125329971313
game8/Clip1,23,2,player_top,604.6590409712358,240.1804962158203,586.2996160333806,175.1022713401101,623.0185213955966,240.1804962158203,0.7699398127469149
game8/Clip1,24,1,player_bottom,977.083251953125,602.8731689453125,930.685546875,457.5307922363281,1023.4808959960938,602.8731689453125,0.8268076181411743
game8/Clip1,24,2,player_top,604.79379827326,239.52757263183594,586.4089577414773,174.29682436856356,623.178691517223,239.52757263183594,0.7712373625148427
game8/Clip1,25,1,player_bottom,981.7289428710938,591.9306640625,940.0560302734375,456.0299987792969,1023.40185546875,591.9306640625,0.8256080746650696
game8/Clip1,25,2,player_top,604.9285555752841,238.87464904785156,586.5182994495739,173.49137739701703,623.3388616388494,238.87464904785156,0.7725349122827704
game8/Clip1,26,1,player_bottom,986.5655517578125,580.40478515625,949.3197631835938,455.4006042480469,1023.8113403320312,580.40478515625,0.8548429608345032
game8/Clip1,26,2,player_top,605.0633128773082,238.2217254638672,586.6276411576705,172.68593042547053,623.4990317604759,238.2217254638672,0.773832462050698
game8/Clip1,27,1,player_bottom,991.0382690429688,573.8369750976562,956.5162353515625,455.3836669921875,1025.560302734375,573.8369750976562,0.8246086239814758
game8/Clip1,27,2,player_top,605.1980701793324,237.5688018798828,586.736982865767,171.880483453924,623.6592018821023,237.5688018798828,0.7751300118186257
game8/Clip1,28,1,player_bottom,998.3458251953125,571.8651733398438,964.4119873046875,452.77374267578125,1032.2796630859375,571.8651733398438,0.7986093163490295
game8/Clip1,28,2,player_top,605.3328274813565,236.91587829589844,586.8463245738636,171.0750364823775,623.8193720037287,236.91587829589844,0.7764275615865533
game8/Clip1,29,1,player_bottom,1005.5103759765625,571.1160888671875,970.8017578125,447.6249084472656,1040.218994140625,571.1160888671875,0.8430914878845215
game8/Clip1,29,2,player_top,605.4675847833806,236.26295471191406,586.9556662819602,170.26958951083097,623.9795421253551,236.26295471191406,0.7777251113544811
game8/Clip1,30,1,player_bottom,1016.3780517578125,574.2932739257812,980.2243041992188,444.3125305175781,1052.53173828125,574.2932739257812,0.8575906753540039
game8/Clip1,30,2,player_top,605.6023420854049,235.6100311279297,587.0650079900569,169.46414253928444,624.1397122469815,235.6100311279297,0.7790226611224088
game8/Clip1,31,1,player_bottom,1025.505126953125,575.8500366210938,988.5738525390625,443.67919921875,1062.4365234375,575.8500366210938,0.8405386805534363
game8/Clip1,31,2,player_top,605.737099387429,234.9571075439453,587.1743496981534,168.65869556773794,624.299882368608,234.9571075439453,0.7803202108903364
game8/Clip1,32,1,player_bottom,1033.294921875,576.1724853515625,996.1190795898438,444.510009765625,1070.4708251953125,576.1724853515625,0.8087785840034485
game8/Clip1,32,2,player_top,605.8718566894531,234.30418395996094,587.28369140625,167.8532485961914,624.4600524902344,234.30418395996094,0.7816177606582642
game8/Clip1,33,1,player_bottom,1038.1793212890625,575.86279296875,1000.8768920898438,445.4057312011719,1075.4818115234375,575.86279296875,0.6609385013580322
game8/Clip1,33,2,player_top,606.0066139914773,233.65126037597656,587.3930331143466,167.04780162464488,624.6202226118608,233.65126037597656,0.7829153104261919
game8/Clip1,34,1,player_bottom,1040.8077392578125,577.5477294921875,1003.0791625976562,447.1273193359375,1078.5362548828125,577.5477294921875,0.6231210231781006
game8/Clip1,34,2,player_top,606.1413712935014,232.9983367919922,587.5023748224431,166.24235465309837,624.7803927334872,232.9983367919922,0.7842128601941195
game8/Clip1,35,1,player_bottom,1042.196044921875,578.6412963867188,1004.5430908203125,449.5919494628906,1079.84912109375,578.6412963867188,0.7350367903709412
game8/Clip1,35,2,player_top,606.2761285955256,232.3454132080078,587.6117165305398,165.43690768155184,624.9405628551136,232.3454132080078,0.7855104099620472
game8/Clip1,36,1,player_bottom,1042.91259765625,579.2677001953125,1003.1605224609375,442.8484802246094,1082.6646728515625,579.2677001953125,0.8604252934455872
game8/Clip1,36,2,player_top,606.4108858975497,231.69248962402344,587.7210582386364,164.6314607100053,625.10073297674,231.69248962402344,0.786807959729975
game8/Clip1,37,1,player_bottom,1042.8135986328125,578.9642944335938,1002.5883178710938,441.0511779785156,1083.038818359375,578.9642944335938,0.7873976230621338
game8/Clip1,37,2,player_top,606.5456431995739,231.03956604003906,587.830399946733,163.8260137384588,625.2609030983665,231.03956604003906,0.7881055094979026
game8/Clip1,38,1,player_bottom,1039.9466552734375,578.381591796875,998.5226440429688,437.5086975097656,1081.37060546875,578.381591796875,0.8129460215568542
game8/Clip1,38,2,player_top,606.680400501598,230.3866424560547,587.9397416548295,163.02056676691228,625.4210732199929,230.3866424560547,0.7894030592658303
game8/Clip1,39,1,player_bottom,1038.8658447265625,577.666015625,998.9905395507812,444.44390869140625,1078.7410888671875,577.666015625,0.8179184198379517
game8/Clip1,39,2,player_top,606.8151578036221,229.7337188720703,588.0490833629261,162.21511979536578,625.5812433416194,229.7337188720703,0.7907006090337579
game8/Clip1,40,1,player_bottom,1036.6993408203125,576.8015747070312,992.8325805664062,430.6441650390625,1080.5660400390625,576.8015747070312,0.8304250836372375
game8/Clip1,40,2,player_top,606.9499151056463,229.08079528808594,588.1584250710227,161.40967282381925,625.7414134632457,229.08079528808594,0.7919981588016857
game8/Clip1,41,1,player_bottom,1033.7999267578125,576.7435302734375,988.8631591796875,428.94305419921875,1078.7366943359375,576.7435302734375,0.8459584712982178
game8/Clip1,41,2,player_top,607.0846724076705,228.42787170410156,588.2677667791194,160.60422585227272,625.9015835848721,228.42787170410156,0.7932957085696134
game8/Clip1,42,1,player_bottom,1031.327880859375,576.740966796875,988.0232543945312,437.4769592285156,1074.6324462890625,576.740966796875,0.7625280618667603
game8/Clip1,42,2,player_top,607.2194297096946,227.7749481201172,588.3771084872159,159.79877888072622,626.0617537064986,227.7749481201172,0.794593258337541
game8/Clip1,43,1,player_bottom,1028.6280517578125,576.7169799804688,986.1663818359375,442.6220397949219,1071.0897216796875,576.7169799804688,0.5694284439086914
game8/Clip1,43,2,player_top,607.3541870117188,227.1220245361328,588.4864501953125,158.9933319091797,626.221923828125,227.1220245361328,0.7958908081054688
game8/Clip1,44,1,player_bottom,1025.48095703125,576.774169921875,984.9173583984375,451.43670654296875,1066.044677734375,576.774169921875,0.7928654551506042
game8/Clip1,44,2,player_top,607.4163818359375,225.9462432861328,589.0745239257812,159.38209533691406,625.75830078125,225.9462432861328,0.8186463117599487
game8/Clip1,45,1,player_bottom,1017.63525390625,577.8856201171875,977.3298950195312,455.55438232421875,1057.940673828125,577.8856201171875,0.8430102467536926
game8/Clip1,45,2,player_top,607.50302734375,225.70509338378906,589.1364013671875,159.24511108398437,625.8696899414062,225.70509338378906,0.8105738520622253
game8/Clip1,46,1,player_bottom,1005.2672729492188,576.8904418945312,965.1661376953125,455.9005126953125,1045.368408203125,576.8904418945312,0.8766825795173645
game8/Clip1,46,2,player_top,607.5896728515625,225.4639434814453,589.1982788085937,159.10812683105468,625.9810791015625,225.4639434814453,0.8025013923645019
game8/Clip1,47,1,player_bottom,998.5029296875,575.49365234375,957.9950561523438,454.0248107910156,1039.0107421875,575.49365234375,0.8970410823822021
game8/Clip1,47,2,player_top,607.676318359375,225.22279357910156,589.26015625,158.971142578125,626.0924682617188,225.22279357910156,0.7944289326667786
game8/Clip1,48,1,player_bottom,992.6099853515625,572.7805786132812,952.331298828125,452.88507080078125,1032.888671875,572.7805786132812,0.8724364042282104
game8/Clip1,48,2,player_top,607.7629638671875,224.9816436767578,589.3220336914062,158.83415832519532,626.203857421875,224.9816436767578,0.7863564729690552
game8/Clip1,49,1,player_bottom,985.8634033203125,571.198974609375,944.8004760742188,451.4396057128906,1026.92626953125,571.198974609375,0.8817947506904602
game8/Clip1,49,2,player_top,607.849609375,224.74049377441406,589.3839111328125,158.69717407226562,626.3152465820312,224.74049377441406,0.7782840132713318
game8/Clip1,50,1,player_bottom,976.696044921875,570.8757934570312,934.7680053710938,451.5104675292969,1018.6240234375,570.8757934570312,0.8588999509811401
game8/Clip1,50,2,player_top,609.1430053710938,224.2016143798828,590.9503784179688,158.84762573242188,627.3356323242188,224.2016143798828,0.7788105607032776
game8/Clip1,51,1,player_bottom,970.110595703125,572.825927734375,927.8943481445312,451.8278503417969,1012.3267822265625,572.825927734375,0.8244868516921997
game8/Clip1,51,2,player_top,609.577392578125,223.83201599121094,591.326171875,157.58340454101562,627.8286743164062,223.83201599121094,0.7705968022346497
game8/Clip1,52,1,player_bottom,963.3690795898438,574.2179565429688,922.4120483398438,453.9863586425781,1004.3261108398438,574.2179565429688,0.872416079044342
game8/Clip1,52,4,player_top,476.6529235839844,175.2534149169922,457.1919738769531,115.28877105712891,496.1138854980469,175.2534149169922,0.7233749270439148
game8/Clip1,53,1,player_bottom,955.6504516601562,576.6622924804688,915.2909545898438,455.558349609375,996.0099487304688,576.6622924804688,0.8548570275306702
game8/Clip1,53,2,player_top,611.22021484375,222.9481964111328,593.6339111328125,156.05593872070312,628.8064575195312,222.9481964111328,0.7937742471694946
game8/Clip1,54,1,player_bottom,949.896484375,579.6985473632812,909.0905151367188,455.60552978515625,990.7025146484375,579.6985473632812,0.8768693208694458
game8/Clip1,54,2,player_top,610.703857421875,221.8520050048828,592.5746459960938,150.35757446289062,628.8331298828125,221.8520050048828,0.732786238193512
game8/Clip1,55,1,player_bottom,944.5579833984375,582.66552734375,902.9244384765625,455.0567321777344,986.1914672851562,582.66552734375,0.8013647794723511
game8/Clip1,55,2,player_top,609.679931640625,220.17535400390625,591.8132934570312,147.2305908203125,627.5465087890625,220.17535400390625,0.7750489711761475
game8/Clip1,56,1,player_bottom,937.0401611328125,584.9088745117188,894.76708984375,454.5870056152344,979.3131713867188,584.9088745117188,0.8636179566383362
game8/Clip1,56,2,player_top,608.803466796875,217.95272827148438,591.5482177734375,145.08323669433594,626.0587158203125,217.95272827148438,0.7575181722640991
game8/Clip1,57,1,player_bottom,928.2432250976562,586.1979370117188,885.631591796875,453.403564453125,970.8548583984375,586.1979370117188,0.7499159574508667
game8/Clip1,57,2,player_top,608.05078125,215.70558166503906,591.3963623046875,143.58912658691406,624.7052612304688,215.70558166503906,0.7433332800865173
game8/Clip1,58,1,player_bottom,911.76220703125,586.8372802734375,868.2283935546875,451.64923095703125,955.2960815429688,586.8372802734375,0.7757124304771423
game8/Clip1,58,2,player_top,608.05078125,215.70558166503906,591.3963623046875,143.58912658691406,624.7052612304688,215.70558166503906,0.7433332800865173
game8/Clip1,59,1,player_bottom,898.5091552734375,587.1766967773438,855.41650390625,450.3948059082031,941.6017456054688,587.1766967773438,0.7542411684989929
game8/Clip1,59,2,player_top,608.05078125,215.70558166503906,591.3963623046875,143.58912658691406,624.7052612304688,215.70558166503906,0.7433332800865173
game8/Clip1,60,1,player_bottom,886.63720703125,585.210693359375,844.652099609375,450.0955505371094,928.6223754882812,585.210693359375,0.8399091958999634
game8/Clip1,60,2,player_top,608.05078125,215.70558166503906,591.3963623046875,143.58912658691406,624.7052612304688,215.70558166503906,0.7433332800865173
game8/Clip1,61,1,player_bottom,877.0097045898438,581.6064453125,836.5076904296875,449.68572998046875,917.51171875,581.6064453125,0.8460369110107422
game8/Clip1,61,2,player_top,608.05078125,215.70558166503906,591.3963623046875,143.58912658691406,624.7052612304688,215.70558166503906,0.7433332800865173
game8/Clip1,62,1,player_bottom,867.6966552734375,580.3112182617188,828.9160766601562,451.1708679199219,906.4772338867188,580.3112182617188,0.7957097887992859
game8/Clip1,62,2,player_top,608.05078125,215.70558166503906,591.3963623046875,143.58912658691406,624.7052612304688,215.70558166503906,0.7433332800865173
game8/Clip1,63,1,player_bottom,856.59423828125,584.9624633789062,818.30126953125,454.3984069824219,894.88720703125,584.9624633789062,0.8081263303756714
game8/Clip1,63,2,player_top,608.05078125,215.70558166503906,591.3963623046875,143.58912658691406,624.7052612304688,215.70558166503906,0.7433332800865173
game8/Clip1,64,1,player_bottom,850.7718505859375,588.6723022460938,813.3345947265625,456.4662170410156,888.2090454101562,588.6723022460938,0.8089644908905029
game8/Clip1,64,2,player_top,608.05078125,215.70558166503906,591.3963623046875,143.58912658691406,624.7052612304688,215.70558166503906,0.7433332800865173
game8/Clip1,65,1,player_bottom,842.7379150390625,591.8372192382812,805.4801025390625,458.59637451171875,879.9957885742188,591.8372192382812,0.8334122896194458
game8/Clip1,65,2,player_top,608.05078125,215.70558166503906,591.3963623046875,143.58912658691406,624.7052612304688,215.70558166503906,0.7433332800865173
game8/Clip1,66,1,player_bottom,833.0255126953125,595.8751831054688,794.6751708984375,459.95501708984375,871.3759155273438,595.8751831054688,0.8733329772949219
game8/Clip1,66,2,player_top,608.05078125,215.70558166503906,591.3963623046875,143.58912658691406,624.7052612304688,215.70558166503906,0.7433332800865173
game8/Clip1,67,1,player_bottom,824.08642578125,598.6793212890625,784.9368286132812,462.6117858886719,863.2359619140625,598.6793212890625,0.8538944721221924
game8/Clip1,67,2,player_top,608.05078125,215.70558166503906,591.3963623046875,143.58912658691406,624.7052612304688,215.70558166503906,0.7433332800865173
game8/Clip1,68,1,player_bottom,816.7359008789062,600.9022216796875,777.0538330078125,464.5835876464844,856.41796875,600.9022216796875,0.7954935431480408
game8/Clip1,68,2,player_top,608.05078125,215.70558166503906,591.3963623046875,143.58912658691406,624.7052612304688,215.70558166503906,0.7433332800865173
game8/Clip1,69,1,player_bottom,810.1944580078125,601.51123046875,771.9393310546875,470.6151123046875,848.4496459960938,601.51123046875,0.6731699705123901
game8/Clip1,69,4,player_top,476.8251037597656,175.42254638671875,457.1288757324219,113.3934555053711,496.5213317871094,175.42254638671875,0.7464411854743958
game8/Clip1,70,1,player_bottom,801.0310668945312,601.7598876953125,762.0448608398438,465.7227478027344,840.0172729492188,601.7598876953125,0.7975962162017822
game8/Clip1,70,4,player_top,476.8408203125,175.44003295898438,456.99151611328125,112.74124145507812,496.6900939941406,175.44003295898438,0.7458204030990601
game8/Clip1,71,1,player_bottom,788.2791748046875,601.3665771484375,749.5304565429688,461.1805114746094,827.0278930664062,601.3665771484375,0.7822715044021606
game8/Clip1,71,4,player_top,476.8544921875,175.46580505371094,456.7183837890625,111.52169799804688,496.9905700683594,175.46580505371094,0.7574548125267029
game8/Clip1,72,1,player_bottom,778.4989013671875,600.6898803710938,740.9796142578125,458.37835693359375,816.0181884765625,600.6898803710938,0.8457551598548889
game8/Clip1,72,4,player_top,476.83837890625,175.46746826171875,456.6547546386719,111.1115951538086,497.02197265625,175.46746826171875,0.769551157951355
game8/Clip1,73,1,player_bottom,770.6080932617188,599.853515625,733.9843139648438,455.5997314453125,807.2318725585938,599.853515625,0.7910603284835815
game8/Clip1,73,4,player_top,476.8192138671875,175.53257751464844,456.2672119140625,109.53533172607422,497.3711853027344,175.53257751464844,0.7822281122207642
game8/Clip1,74,1,player_bottom,761.2612915039062,599.3250732421875,725.4378051757812,453.899658203125,797.0847778320312,599.3250732421875,0.8164690732955933
game8/Clip1,74,4,player_top,476.8067932128906,175.5260772705078,456.23883056640625,109.07393646240234,497.374755859375,175.5260772705078,0.7811281681060791
game8/Clip1,75,1,player_bottom,754.74609375,599.025390625,719.8223266601562,453.70135498046875,789.669921875,599.025390625,0.7685812711715698
game8/Clip1,75,4,player_top,476.78302001953125,175.55836486816406,456.22100830078125,108.73258972167969,497.3450622558594,175.55836486816406,0.7804925441741943
game8/Clip1,76,1,player_bottom,743.6593017578125,598.6651000976562,709.3578491210938,455.10845947265625,777.9608154296875,598.6651000976562,0.8382042050361633
game8/Clip1,76,4,player_top,476.7597961425781,175.59181213378906,456.1113586425781,108.04423522949219,497.4082336425781,175.59181213378906,0.7858397364616394
game8/Clip1,77,1,player_bottom,734.8189697265625,600.4271850585938,700.9151611328125,457.833984375,768.7227172851562,600.4271850585938,0.8680123686790466
game8/Clip1,77,4,player_top,476.7890930175781,175.62130737304688,455.8222961425781,106.4137191772461,497.7558898925781,175.62130737304688,0.7792405486106873
game8/Clip1,78,1,player_bottom,724.2799072265625,601.504150390625,691.1264038085938,462.5263671875,757.4334716796875,601.504150390625,0.8470296263694763
game8/Clip1,78,4,player_top,476.8143615722656,175.5963592529297,455.8766174316406,105.92707824707031,497.7521057128906,175.5963592529297,0.7832710146903992
game8/Clip1,79,1,player_bottom,716.7788696289062,601.5445556640625,684.5306396484375,464.7896728515625,749.027099609375,601.5445556640625,0.8632743954658508
game8/Clip1,79,4,player_top,476.8812255859375,175.62013244628906,456.0240783691406,105.68923950195312,497.73834228515625,175.62013244628906,0.7818104028701782
game8/Clip1,80,1,player_bottom,710.8297119140625,600.8800659179688,679.8282470703125,465.99578857421875,741.8311767578125,600.8800659179688,0.8359018564224243
game8/Clip1,80,4,player_top,476.748291015625,175.52720642089844,455.94183349609375,105.29499053955078,497.5547790527344,175.52720642089844,0.794911801815033
game8/Clip1,81,1,player_bottom,704.9027099609375,602.6790771484375,674.4471435546875,465.1542053222656,735.3583374023438,602.6790771484375,0.8193296790122986
game8/Clip1,81,4,player_top,476.69580078125,175.46026611328125,455.8500061035156,104.5807113647461,497.54156494140625,175.46026611328125,0.8011463284492493
game8/Clip1,82,1,player_bottom,698.11962890625,603.5172119140625,668.1039428710938,462.9171447753906,728.1353149414062,603.5172119140625,0.8014321327209473
game8/Clip1,82,4,player_top,476.6160583496094,175.3920440673828,455.7622375488281,103.93892669677734,497.4698791503906,175.3920440673828,0.8106174468994141
game8/Clip1,83,1,player_bottom,691.4483032226562,602.1766357421875,662.3624267578125,461.683837890625,720.5341796875,602.1766357421875,0.7718947529792786
game8/Clip1,83,4,player_top,476.6556396484375,175.46946716308594,455.7468566894531,103.2682113647461,497.56439208984375,175.46946716308594,0.8088645935058594
game8/Clip1,84,1,player_bottom,682.56689453125,603.9060668945312,653.0421752929688,460.21392822265625,712.0916137695312,603.9060668945312,0.8335911631584167
game8/Clip1,84,4,player_top,476.74212646484375,175.43702697753906,455.79010009765625,102.53479766845703,497.69415283203125,175.43702697753906,0.8021244406700134
game8/Clip1,85,1,player_bottom,676.33447265625,605.3845825195312,646.4075317382812,460.30560302734375,706.261474609375,605.3845825195312,0.8613619208335876
game8/Clip1,85,4,player_top,476.8233642578125,175.35873413085938,455.795654296875,101.58000183105469,497.8511047363281,175.35873413085938,0.7915713787078857
game8/Clip1,86,1,player_bottom,671.9656372070312,607.1357421875,641.8909301757812,461.802978515625,702.0403442382812,607.1357421875,0.8747852444648743
game8/Clip1,86,4,player_top,476.75958251953125,175.46311950683594,455.6451110839844,100.74087524414062,497.87408447265625,175.46311950683594,0.7969937324523926
game8/Clip1,87,1,player_bottom,668.9511108398438,608.173095703125,639.422607421875,465.5043029785156,698.4796142578125,608.173095703125,0.8766936659812927
game8/Clip1,87,4,player_top,476.79852294921875,175.39859008789062,455.77679443359375,100.35621643066406,497.82025146484375,175.39859008789062,0.7898279428482056
game8/Clip1,88,1,player_bottom,666.127685546875,608.6363525390625,636.9544677734375,466.9326171875,695.3009643554688,608.6363525390625,0.845649003982544
game8/Clip1,88,4,player_top,476.85723876953125,175.34710693359375,455.7264099121094,99.2679443359375,497.9880676269531,175.34710693359375,0.7967603206634521
game8/Clip1,89,1,player_bottom,663.60693359375,608.8628540039062,634.9951782226562,467.4129943847656,692.2186889648438,608.8628540039062,0.8498167991638184
game8/Clip1,89,4,player_top,476.8717041015625,175.3770751953125,455.9705505371094,99.59788513183594,497.7728576660156,175.3770751953125,0.7990162372589111
game8/Clip1,90,1,player_bottom,660.263671875,609.0423583984375,632.5034790039062,467.7301940917969,688.0238647460938,609.0423583984375,0.838560163974762
game8/Clip1,90,4,player_top,476.82659912109375,175.32420349121094,456.0146179199219,99.35140991210938,497.63861083984375,175.32420349121094,0.7930583953857422
game8/Clip1,91,1,player_bottom,654.9205932617188,609.0201416015625,628.0887451171875,467.24224853515625,681.75244140625,609.0201416015625,0.8446783423423767
game8/Clip1,91,4,player_top,476.757568359375,175.32603454589844,455.9735107421875,98.97489929199219,497.5416259765625,175.32603454589844,0.791040301322937
game8/Clip1,92,1,player_bottom,650.504150390625,608.8052978515625,624.554931640625,466.4954528808594,676.4534301757812,608.8052978515625,0.8569284677505493
game8/Clip1,92,4,player_top,476.7562255859375,175.2696075439453,456.0721740722656,98.8590316772461,497.4403076171875,175.2696075439453,0.7926065325737
game8/Clip1,93,1,player_bottom,646.67041015625,608.1892700195312,621.4254760742188,465.01995849609375,671.9154052734375,608.1892700195312,0.8071722388267517
game8/Clip1,93,4,player_top,476.6160583496094,175.22035217285156,456.11346435546875,99.15741729736328,497.11865234375,175.22035217285156,0.7927849292755127
game8/Clip1,94,1,player_bottom,641.49658203125,608.1593017578125,616.343017578125,463.10235595703125,666.6502075195312,608.1593017578125,0.7912663817405701
game8/Clip1,94,4,player_top,476.384765625,175.18280029296875,456.0455627441406,99.51421356201172,496.7239685058594,175.18280029296875,0.7875577211380005
game8/Clip1,95,1,player_bottom,637.9703369140625,607.5790405273438,613.1151733398438,464.06646728515625,662.825439453125,607.5790405273438,0.81986004114151
game8/Clip1,95,4,player_top,476.2280578613281,175.1722869873047,456.03643798828125,99.92938995361328,496.419677734375,175.1722869873047,0.7929319143295288
game8/Clip1,96,1,player_bottom,636.0643310546875,607.5602416992188,611.2799072265625,464.81964111328125,660.8488159179688,607.5602416992188,0.8520117998123169
game8/Clip1,96,4,player_top,476.0426330566406,175.2128448486328,455.8030090332031,99.72286224365234,496.2822570800781,175.2128448486328,0.779809296131134
game8/Clip1,97,1,player_bottom,634.874267578125,607.1231079101562,610.377197265625,466.3121337890625,659.3713989257812,607.1231079101562,0.8595162034034729
game8/Clip1,97,4,player_top,475.902587890625,175.3169403076172,455.6922912597656,100.07079315185547,496.1129150390625,175.3169403076172,0.7716694474220276
game8/Clip1,98,1,player_bottom,632.5743408203125,607.3486328125,608.4645385742188,468.243896484375,656.68408203125,607.3486328125,0.862622082233429
game8/Clip1,98,2,player_top,608.05078125,215.70558166503906,591.3963623046875,143.58912658691406,624.7052612304688,215.70558166503906,0.7433332800865173
game8/Clip1,99,1,player_bottom,629.5762939453125,607.1922607421875,605.7996826171875,468.8058776855469,653.3529052734375,607.1922607421875,0.8457090258598328
game8/Clip1,99,2,player_top,608.05078125,215.70558166503906,591.3963623046875,143.58912658691406,624.7052612304688,215.70558166503906,0.7433332800865173
game8/Clip1,100,1,player_bottom,625.6866455078125,606.9605712890625,602.4241943359375,469.54156494140625,648.9490356445312,606.9605712890625,0.8338662981987
game8/Clip1,100,2,player_top,608.05078125,215.70558166503906,591.3963623046875,143.58912658691406,624.7052612304688,215.70558166503906,0.7433332800865173
game8/Clip1,101,1,player_bottom,620.725341796875,607.61328125,597.7960815429688,469.39324951171875,643.6546020507812,607.61328125,0.8278756141662598
game8/Clip1,101,2,player_top,608.05078125,215.70558166503906,591.3963623046875,143.58912658691406,624.7052612304688,215.70558166503906,0.7433332800865173
game8/Clip1,102,1,player_bottom,616.86376953125,608.0711669921875,594.16943359375,468.89306640625,639.5580444335938,608.0711669921875,0.8540382385253906
game8/Clip1,102,2,player_top,608.05078125,215.70558166503906,591.3963623046875,143.58912658691406,624.7052612304688,215.70558166503906,0.7433332800865173
game8/Clip1,103,1,player_bottom,614.47509765625,608.6409301757812,591.886962890625,468.419921875,637.063232421875,608.6409301757812,0.8598360419273376
game8/Clip1,103,2,player_top,608.05078125,215.70558166503906,591.3963623046875,143.58912658691406,624.7052612304688,215.70558166503906,0.7433332800865173
game8/Clip1,104,1,player_bottom,610.9788818359375,608.3748779296875,588.2332153320312,468.49334716796875,633.724609375,608.3748779296875,0.8670994639396667
game8/Clip1,104,2,player_top,608.05078125,215.70558166503906,591.3963623046875,143.58912658691406,624.7052612304688,215.70558166503906,0.7433332800865173
game8/Clip1,105,1,player_bottom,606.277099609375,608.1900634765625,582.938232421875,468.7590026855469,629.6159057617188,608.1900634765625,0.8900567889213562
game8/Clip1,105,2,player_top,608.05078125,215.70558166503906,591.3963623046875,143.58912658691406,624.7052612304688,215.70558166503906,0.7433332800865173
game8/Clip1,106,1,player_bottom,602.3287353515625,608.0789794921875,578.1412353515625,469.22149658203125,626.5161743164062,608.0789794921875,0.9006751179695129
game8/Clip1,106,4,player_top,471.119384765625,174.8245391845703,451.0382080078125,99.244873046875,491.2005920410156,174.8245391845703,0.7445039749145508
game8/Clip1,107,1,player_bottom,599.5578002929688,608.4286499023438,574.5269165039062,470.6025085449219,624.5886840820312,608.4286499023438,0.8990514874458313
game8/Clip1,107,2,player_top,608.05078125,215.70558166503906,591.3963623046875,143.58912658691406,624.7052612304688,215.70558166503906,0.7433332800865173
game8/Clip1,108,1,player_bottom,598.065185546875,609.07373046875,572.1835327148438,471.6750793457031,623.94677734375,609.07373046875,0.9008546471595764
game8/Clip1,108,4,player_top,471.2340393066406,174.8163299560547,451.3740539550781,99.00350952148438,491.0940246582031,174.8163299560547,0.7465678453445435
game8/Clip1,109,1,player_bottom,597.03857421875,609.5909423828125,570.4474487304688,472.7676696777344,623.629638671875,609.5909423828125,0.9015370011329651
game8/Clip1,109,2,player_top,608.05078125,215.70558166503906,591.3963623046875,143.58912658691406,624.7052612304688,215.70558166503906,0.7433332800865173
game8/Clip1,110,1,player_bottom,595.0985107421875,609.885009765625,567.9638061523438,473.64031982421875,622.233154296875,609.885009765625,0.893895149230957
game8/Clip1,110,2,player_top,608.05078125,215.70558166503906,591.3963623046875,143.58912658691406,624.7052612304688,215.70558166503906,0.7433332800865173
game8/Clip1,111,1,player_bottom,592.5795288085938,610.3412475585938,565.0337524414062,473.8546447753906,620.1253051757812,610.3412475585938,0.8900034427642822
game8/Clip1,111,4,player_top,471.8421630859375,174.69778442382812,452.5851745605469,99.00908660888672,491.0991516113281,174.69778442382812,0.7514652609825134
game8/Clip1,112,1,player_bottom,588.8170166015625,610.6963500976562,561.2816772460938,474.15899658203125,616.3523559570312,610.6963500976562,0.8694714307785034
game8/Clip1,112,4,player_top,472.2691345214844,174.64517211914062,453.32122802734375,99.34188842773438,491.217041015625,174.64517211914062,0.7497193217277527
game8/Clip1,113,1,player_bottom,584.9151611328125,610.7738037109375,557.6989135742188,474.4686584472656,612.1314086914062,610.7738037109375,0.8589786887168884
game8/Clip1,113,4,player_top,472.85504150390625,174.58299255371094,454.09503173828125,99.34626007080078,491.61505126953125,174.58299255371094,0.7435460686683655
game8/Clip1,114,1,player_bottom,579.809814453125,611.2034301757812,552.9474487304688,474.60833740234375,606.6722412109375,611.2034301757812,0.8592745661735535
game8/Clip1,114,4,player_top,473.3218078613281,174.5326690673828,454.7496337890625,99.42919921875,491.89398193359375,174.5326690673828,0.7721947431564331
game8/Clip1,115,1,player_bottom,575.2708740234375,611.2509765625,549.1068115234375,475.2895812988281,601.4349975585938,611.2509765625,0.8751705884933472
game8/Clip1,115,4,player_top,473.77716064453125,174.61807250976562,455.3812561035156,99.6376953125,492.1730651855469,174.61807250976562,0.752030074596405
game8/Clip1,116,1,player_bottom,571.85888671875,611.4484252929688,546.2081298828125,475.09893798828125,597.5097045898438,611.4484252929688,0.8651766180992126
game8/Clip1,116,4,player_top,474.389404296875,174.64422607421875,456.1122131347656,99.64676666259766,492.6665954589844,174.64422607421875,0.7559753060340881
game8/Clip1,117,1,player_bottom,568.2220458984375,611.4559326171875,542.9548950195312,475.03985595703125,593.4892578125,611.4559326171875,0.8664385676383972
game8/Clip1,117,4,player_top,474.8681640625,174.45944213867188,456.6518859863281,99.30207824707031,493.08441162109375,174.45944213867188,0.765609860420227
game8/Clip2,0,22,player_bottom,375.2581481933594,622.5880737304688,330.1188049316406,494.7454833984375,420.3974914550781,622.5880737304688,0.9024261832237244
game8/Clip2,0,23,player_top,687.014404296875,248.84132385253906,670.3834838867188,180.58151245117188,703.6453857421875,248.84132385253906,0.8241148591041565
game8/Clip2,1,22,player_bottom,375.2581481933594,622.5880737304688,330.1188049316406,494.7454833984375,420.3974914550781,622.5880737304688,0.9024261832237244
game8/Clip2,1,23,player_top,687.014404296875,248.84132385253906,670.3834838867188,180.58151245117188,703.6453857421875,248.84132385253906,0.8241148591041565
game8/Clip2,2,22,player_bottom,375.420654296875,623.7866821289062,330.3954772949219,496.4825744628906,420.44580078125,623.7866821289062,0.9049931764602661
game8/Clip2,2,23,player_top,687.014404296875,248.84132385253906,670.3834838867188,180.58151245117188,703.6453857421875,248.84132385253906,0.8241148591041565
game8/Clip2,3,22,player_bottom,376.1827392578125,623.9898071289062,331.783935546875,498.7760009765625,420.5815734863281,623.9898071289062,0.9067400097846985
game8/Clip2,3,23,player_top,687.014404296875,248.84132385253906,670.3834838867188,180.58151245117188,703.6453857421875,248.84132385253906,0.8241148591041565
game8/Clip2,4,22,player_bottom,376.72357177734375,623.74658203125,332.5520935058594,499.5574035644531,420.89501953125,623.74658203125,0.9068099856376648
game8/Clip2,4,23,player_top,687.014404296875,248.84132385253906,670.3834838867188,180.58151245117188,703.6453857421875,248.84132385253906,0.8241148591041565
game8/Clip2,5,22,player_bottom,376.9601745605469,623.5621337890625,332.7167663574219,499.5857238769531,421.2035827636719,623.5621337890625,0.9002377390861511
game8/Clip2,5,23,player_top,687.014404296875,248.84132385253906,670.3834838867188,180.58151245117188,703.6453857421875,248.84132385253906,0.8241148591041565
game8/Clip2,6,22,player_bottom,376.64483642578125,623.1785888671875,332.1954345703125,499.188720703125,421.0942077636719,623.1785888671875,0.8867942690849304
game8/Clip2,6,23,player_top,687.014404296875,248.84132385253906,670.3834838867188,180.58151245117188,703.6453857421875,248.84132385253906,0.8241148591041565
game8/Clip2,7,22,player_bottom,374.3452453613281,622.755126953125,329.97332763671875,500.2188415527344,418.7171630859375,622.755126953125,0.9032791256904602
game8/Clip2,7,23,player_top,687.014404296875,248.84132385253906,670.3834838867188,180.58151245117188,703.6453857421875,248.84132385253906,0.8241148591041565
game8/Clip2,8,22,player_bottom,372.5565185546875,621.7352905273438,326.10699462890625,494.3786315917969,419.00604248046875,621.7352905273438,0.8932349681854248
game8/Clip2,8,23,player_top,687.014404296875,248.84132385253906,670.3834838867188,180.58151245117188,703.6453857421875,248.84132385253906,0.8241148591041565
game8/Clip2,9,22,player_bottom,371.26654052734375,620.8723754882812,324.148681640625,492.8358459472656,418.3843688964844,620.8723754882812,0.8955128192901611
game8/Clip2,9,23,player_top,687.014404296875,248.84132385253906,670.3834838867188,180.58151245117188,703.6453857421875,248.84132385253906,0.8241148591041565
game8/Clip2,10,22,player_bottom,368.2275390625,619.2124633789062,320.5246887207031,490.5143127441406,415.9303894042969,619.2124633789062,0.8925697803497314
game8/Clip2,10,23,player_top,687.014404296875,248.84132385253906,670.3834838867188,180.58151245117188,703.6453857421875,248.84132385253906,0.8241148591041565
game8/Clip2,11,22,player_bottom,361.27203369140625,616.7227783203125,313.51171875,488.9691162109375,409.0323486328125,616.7227783203125,0.8412809371948242
game8/Clip2,11,23,player_top,687.014404296875,248.84132385253906,670.3834838867188,180.58151245117188,703.6453857421875,248.84132385253906,0.8241148591041565
game8/Clip2,12,22,player_bottom,356.91351318359375,615.408203125,308.89385986328125,487.5054626464844,404.93316650390625,615.408203125,0.886893630027771
game8/Clip2,12,23,player_top,687.014404296875,248.84132385253906,670.3834838867188,180.58151245117188,703.6453857421875,248.84132385253906,0.8241148591041565
game8/Clip2,13,22,player_bottom,351.26959228515625,614.6893920898438,302.4144287109375,484.9490051269531,400.124755859375,614.6893920898438,0.9120095372200012
game8/Clip2,13,23,player_top,687.014404296875,248.84132385253906,670.3834838867188,180.58151245117188,703.6453857421875,248.84132385253906,0.8241148591041565
game8/Clip2,14,22,player_bottom,344.35418701171875,613.7056274414062,294.4288024902344,481.4703369140625,394.2795715332031,613.7056274414062,0.8993000388145447
game8/Clip2,14,23,player_top,687.014404296875,248.84132385253906,670.3834838867188,180.58151245117188,703.6453857421875,248.84132385253906,0.8241148591041565
game8/Clip2,15,22,player_bottom,334.95361328125,612.8294677734375,283.6158752441406,476.49383544921875,386.29132080078125,612.8294677734375,0.8659664392471313
game8/Clip2,15,23,player_top,687.014404296875,248.84132385253906,670.3834838867188,180.58151245117188,703.6453857421875,248.84132385253906,0.8241148591041565
game8/Clip2,16,22,player_bottom,326.0557861328125,612.6299438476562,275.02044677734375,475.9980163574219,377.0910949707031,612.6299438476562,0.8407369256019592
game8/Clip2,16,23,player_top,687.014404296875,248.84132385253906,670.3834838867188,180.58151245117188,703.6453857421875,248.84132385253906,0.8241148591041565
game8/Clip2,17,22,player_bottom,314.2601013183594,612.3759155273438,263.4867248535156,472.1558837890625,365.0334777832031,612.3759155273438,0.8537236452102661
game8/Clip2,17,23,player_top,687.9073486328125,248.19984436035156,671.15771484375,179.27154541015625,704.656982421875,248.19984436035156,0.8177354335784912
game8/Clip2,18,22,player_bottom,310.41912841796875,612.6826782226562,261.4201354980469,472.8050842285156,359.4181213378906,612.6826782226562,0.8199175000190735
game8/Clip2,18,23,player_top,689.1747218540737,247.87949807303292,672.2604239327567,179.17712729317802,706.0890197753906,247.87949807303292,0.8180666863918304
game8/Clip2,19,22,player_bottom,307.243896484375,612.7717895507812,259.0245666503906,470.3635559082031,355.4632263183594,612.7717895507812,0.8188053369522095
game8/Clip2,19,23,player_top,690.4420950753348,247.55915178571428,673.3631330217634,179.08270917619978,707.5210571289062,247.55915178571428,0.8183979392051697
game8/Clip2,20,22,player_bottom,299.7611389160156,599.947998046875,254.75843811035156,461.8221130371094,344.7638244628906,599.947998046875,0.8328271508216858
game8/Clip2,20,23,player_top,691.709468296596,247.23880549839564,674.46584211077,178.98829105922155,708.9530944824219,247.23880549839564,0.8187291920185089
game8/Clip2,21,22,player_bottom,294.44476318359375,590.8814697265625,251.7410430908203,456.323974609375,337.14849853515625,590.8814697265625,0.817733108997345
game8/Clip2,21,23,player_top,692.9768415178571,246.91845921107702,675.5685511997768,178.8938729422433,710.3851318359375,246.91845921107702,0.8190604448318481
game8/Clip2,22,22,player_bottom,286.31878662109375,587.167236328125,247.0987548828125,459.9042663574219,325.5388488769531,587.167236328125,0.801548421382904
game8/Clip2,22,23,player_top,694.2442147391183,246.59811292375838,676.6712602887835,178.79945482526506,711.8171691894531,246.59811292375838,0.8193916976451874
game8/Clip2,23,22,player_bottom,278.18109130859375,585.4335327148438,242.989501953125,466.55755615234375,313.3727111816406,585.4335327148438,0.8322650194168091
game8/Clip2,23,23,player_top,695.5115879603794,246.27776663643974,677.7739693777902,178.70503670828683,713.2492065429688,246.27776663643974,0.8197229504585266
game8/Clip2,24,22,player_bottom,273.48980712890625,584.46630859375,240.65673828125,469.563232421875,306.3228759765625,584.46630859375,0.8484887480735779
game8/Clip2,24,23,player_top,696.7789611816406,245.9574203491211,678.8766784667969,178.6106185913086,714.6812438964844,245.9574203491211,0.8200542032718658
game8/Clip2,25,22,player_bottom,269.190673828125,586.4820556640625,237.23629760742188,471.3282470703125,301.1450500488281,586.4820556640625,0.8508874177932739
game8/Clip2,25,23,player_top,698.0463344029018,245.63707406180245,679.9793875558036,178.51620047433036,716.11328125,245.63707406180245,0.8203854560852051
game8/Clip2,26,22,player_bottom,265.494873046875,584.575439453125,234.85678100585938,471.7942810058594,296.13299560546875,584.575439453125,0.8581220507621765
game8/Clip2,26,23,player_top,699.3137076241629,245.3167277744838,681.0820966448102,178.42178235735213,717.5453186035156,245.3167277744838,0.8207167088985443
game8/Clip2,27,22,player_bottom,256.9007263183594,590.7374877929688,224.6951141357422,472.22296142578125,289.1063537597656,590.7374877929688,0.8697705268859863
game8/Clip2,27,23,player_top,700.5810808454241,244.99638148716517,682.1848057338169,178.3273642403739,718.9773559570312,244.99638148716517,0.8210479617118835
game8/Clip2,28,22,player_bottom,249.5266571044922,591.9310302734375,216.62908935546875,472.6082763671875,282.4242248535156,591.9310302734375,0.871606707572937
game8/Clip2,28,23,player_top,701.8484540666852,244.67603519984655,683.2875148228237,178.23294612339564,720.4093933105469,244.67603519984655,0.8213792145252228
game8/Clip2,29,22,player_bottom,247.6422119140625,591.6046142578125,213.4794921875,470.2510681152344,281.804931640625,591.6046142578125,0.8744074702262878
game8/Clip2,29,23,player_top,703.1158272879464,244.3556889125279,684.3902239118304,178.1385280064174,721.8414306640625,244.3556889125279,0.821710467338562
game8/Clip2,30,22,player_bottom,246.57269287109375,591.4632568359375,212.4065704345703,472.4349670410156,280.7388000488281,591.4632568359375,0.8485622406005859
game8/Clip2,30,23,player_top,704.3832005092075,244.03534262520927,685.4929330008371,178.04410988943917,723.2734680175781,244.03534262520927,0.8220417201519012
game8/Clip2,31,22,player_bottom,245.96961975097656,592.361572265625,211.56072998046875,474.3243408203125,280.3785095214844,592.361572265625,0.8440250754356384
game8/Clip2,31,23,player_top,705.6505737304688,243.71499633789062,686.5956420898438,177.94969177246094,724.7055053710938,243.71499633789062,0.8223729729652405
game8/Clip2,32,22,player_bottom,245.31332397460938,592.6304931640625,210.6247100830078,474.9312438964844,280.001953125,592.6304931640625,0.8277639746665955
game8/Clip2,32,23,player_top,703.8096313476562,243.1236572265625,684.2924194335938,177.02316284179688,723.3268432617188,243.1236572265625,0.7985950708389282
game8/Clip2,33,22,player_bottom,244.93894958496094,592.36181640625,209.9322509765625,474.6659240722656,279.9456481933594,592.36181640625,0.8534613847732544
game8/Clip2,33,23,player_top,700.962890625,241.4383087158203,680.7269897460938,173.79359436035156,721.1987915039062,241.4383087158203,0.8146507143974304
game8/Clip2,34,22,player_bottom,245.34576416015625,591.0830078125,210.19879150390625,474.139404296875,280.49273681640625,591.0830078125,0.8585034608840942
game8/Clip2,34,23,player_top,699.4882202148438,240.3000030517578,678.2295532226562,169.29351806640625,720.7468872070312,240.3000030517578,0.8109397292137146
game8/Clip2,35,22,player_bottom,247.10540771484375,590.000732421875,211.39895629882812,472.8810119628906,282.8118591308594,590.000732421875,0.8786123991012573
game8/Clip2,35,23,player_top,698.95068359375,240.28457641601562,677.654296875,168.4076385498047,720.2470703125,240.28457641601562,0.8052223920822144
game8/Clip2,36,22,player_bottom,251.3522491455078,590.2525024414062,214.0081787109375,470.3494873046875,288.6963195800781,590.2525024414062,0.8791648745536804
game8/Clip2,36,23,player_top,698.41357421875,240.2140350341797,677.2561645507812,167.6136016845703,719.5709228515625,240.2140350341797,0.804157018661499
game8/Clip2,37,22,player_bottom,255.22215270996094,589.2891845703125,216.30740356445312,467.78973388671875,294.13690185546875,589.2891845703125,0.8858579397201538
game8/Clip2,37,23,player_top,698.63427734375,239.2422637939453,677.8361206054688,166.1280975341797,719.4324951171875,239.2422637939453,0.7775718569755554
game8/Clip2,38,22,player_bottom,260.25628662109375,587.798828125,219.71728515625,465.0520935058594,300.7953186035156,587.798828125,0.890765905380249
game8/Clip2,38,23,player_top,699.1866455078125,238.28233337402344,678.6365356445312,163.9198760986328,719.7367553710938,238.28233337402344,0.7977916598320007
game8/Clip2,39,22,player_bottom,267.099609375,587.320556640625,225.33108520507812,463.3329162597656,308.8681335449219,587.320556640625,0.8739418983459473
game8/Clip2,39,23,player_top,699.039794921875,238.55300903320312,678.5503540039062,162.38983154296875,719.529296875,238.55300903320312,0.7814679145812988
game8/Clip2,40,22,player_bottom,285.6756896972656,585.4262084960938,245.4321746826172,463.2035217285156,325.9192199707031,585.4262084960938,0.7957378029823303
game8/Clip2,40,4,player_top,475.9581298828125,185.54351806640625,454.7384745279948,126.855224609375,497.1777852376302,185.54351806640625,0.7518855532010397
game8/Clip2,41,22,player_bottom,289.5523681640625,584.8719482421875,249.26455688476562,463.0287170410156,329.8401794433594,584.8719482421875,0.8509138226509094
game8/Clip2,41,23,player_top,693.9034423828125,238.24363708496094,674.9500122070312,168.53082275390625,712.8568725585938,238.24363708496094,0.7514147162437439
game8/Clip2,42,22,player_bottom,298.490966796875,584.7880859375,258.6202087402344,463.2892150878906,338.3617248535156,584.7880859375,0.8863915205001831
game8/Clip2,42,3,player_top,227.45790100097656,390.5642395019531,209.48870849609375,328.2095031738281,245.42709350585938,390.5642395019531,0.7502217888832092
game8/Clip2,43,22,player_bottom,305.23883056640625,584.6575317382812,265.181640625,463.0124206542969,345.2959899902344,584.6575317382812,0.8896121978759766
game8/Clip2,43,3,player_top,227.45790100097656,390.5642395019531,209.48870849609375,328.2095031738281,245.42709350585938,390.5642395019531,0.7502217888832092
game8/Clip2,44,22,player_bottom,309.6454772949219,584.2742309570312,269.1893615722656,462.2706604003906,350.1015930175781,584.2742309570312,0.8751757144927979
game8/Clip2,44,23,player_top,697.6790771484375,238.8953857421875,678.7994384765625,167.20384216308594,716.5587768554688,238.8953857421875,0.7861099243164062
game8/Clip2,45,22,player_bottom,315.05865478515625,581.2376098632812,275.00286865234375,461.7386169433594,355.1144714355469,581.2376098632812,0.8608815670013428
game8/Clip2,45,23,player_top,697.1416015625,239.32455749511718,678.4593872070312,167.27793884277344,715.823876953125,239.32455749511718,0.7837232351303101
game8/Clip2,46,22,player_bottom,322.52569580078125,589.4921264648438,279.7087097167969,461.845703125,365.34271240234375,589.4921264648438,0.8303228616714478
game8/Clip2,46,23,player_top,696.6041259765625,239.75372924804688,678.1193359375,167.35203552246094,715.0889770507813,239.75372924804688,0.7813365459442139
game8/Clip2,47,22,player_bottom,332.9925537109375,592.8731079101562,289.58514404296875,462.3018493652344,376.3999328613281,592.8731079101562,0.8639200329780579
game8/Clip2,47,23,player_top,696.066650390625,240.18290100097656,677.7792846679688,167.42613220214844,714.3540771484375,240.18290100097656,0.7789498567581177
game8/Clip2,48,22,player_bottom,348.1439514160156,594.2212524414062,305.37591552734375,463.3536376953125,390.9119873046875,594.2212524414062,0.8478105664253235
game8/Clip2,48,23,player_top,695.5291748046875,240.61207275390626,677.4392333984375,167.50022888183594,713.6191772460937,240.61207275390626,0.7765631675720215
game8/Clip2,49,22,player_bottom,363.43682861328125,594.4800415039062,321.3515625,464.8577880859375,405.5220642089844,594.4800415039062,0.8174495697021484
game8/Clip2,49,23,player_top,694.99169921875,241.04124450683594,677.0991821289062,167.57432556152344,712.88427734375,241.04124450683594,0.7741764783859253
game8/Clip2,50,22,player_bottom,378.7225341796875,585.3489990234375,339.54364013671875,465.6753845214844,417.90142822265625,585.3489990234375,0.7543865442276001
game8/Clip2,50,4,player_top,475.80992431640624,185.64627990722656,454.5980163574219,126.55339202880859,497.0218139648438,185.64627990722656,0.7601032495498657
game8/Clip2,51,22,player_bottom,388.6400146484375,583.9929809570312,349.47894287109375,466.1470031738281,427.8011169433594,583.9929809570312,0.8028339743614197
game8/Clip2,51,4,player_top,475.8022888183594,185.6366943359375,454.60065307617185,126.56855621337891,497.0039123535156,185.6366943359375,0.7597574353218078
game8/Clip2,52,22,player_bottom,393.74609375,584.8590087890625,353.64434814453125,465.4237060546875,433.8478698730469,584.8590087890625,0.8441105484962463
game8/Clip2,52,4,player_top,475.7946533203125,185.62710876464843,454.60328979492186,126.58372039794922,496.9860107421875,185.62710876464843,0.75941162109375
game8/Clip2,53,22,player_bottom,405.19476318359375,587.7431030273438,363.6571960449219,465.9095153808594,446.73236083984375,587.7431030273438,0.8881821632385254
game8/Clip2,53,4,player_top,475.7870178222656,185.61752319335938,454.6059265136719,126.59888458251953,496.9681091308594,185.61752319335938,0.7590658068656921
game8/Clip2,54,22,player_bottom,417.5491638183594,589.0531616210938,375.7483215332031,467.7366638183594,459.3500061035156,589.0531616210938,0.8537832498550415
game8/Clip2,54,4,player_top,475.789794921875,185.61749267578125,454.5812683105469,126.49940490722656,496.998291015625,185.61749267578125,0.7597941756248474
game8/Clip2,55,22,player_bottom,431.76519775390625,589.69384765625,390.4507141113281,469.9101257324219,473.07965087890625,589.69384765625,0.8483790755271912
game8/Clip2,55,4,player_top,475.791259765625,185.6165313720703,454.5707702636719,126.44227600097656,497.01171875,185.6165313720703,0.7589796781539917
game8/Clip2,56,22,player_bottom,447.86651611328125,589.9652709960938,407.4729919433594,471.0168762207031,488.26007080078125,589.9652709960938,0.8665000796318054
game8/Clip2,56,4,player_top,475.82220458984375,185.829345703125,454.56280517578125,126.51730346679688,497.08160400390625,185.829345703125,0.7615435123443604
game8/Clip2,57,22,player_bottom,457.41656494140625,589.7943115234375,417.4395446777344,471.6014709472656,497.3935852050781,589.7943115234375,0.871637761592865
game8/Clip2,57,4,player_top,475.84942626953125,185.90505981445312,454.56781005859375,126.4975357055664,497.13104248046875,185.90505981445312,0.7612752318382263
game8/Clip2,58,22,player_bottom,464.5205383300781,589.4902954101562,424.35821533203125,471.0538024902344,504.682861328125,589.4902954101562,0.8714563846588135
game8/Clip2,58,4,player_top,475.8621826171875,185.93154907226562,454.58819580078125,126.5191879272461,497.13616943359375,185.93154907226562,0.7601822018623352
game8/Clip2,59,22,player_bottom,477.08465576171875,588.4674072265625,436.0765686035156,471.13275146484375,518.0927734375,588.4674072265625,0.8615813851356506
game8/Clip2,59,4,player_top,475.8577880859375,185.93856811523438,454.6026916503906,126.56427001953125,497.1129150390625,185.93856811523438,0.7581846714019775
game8/Clip2,60,22,player_bottom,487.79998779296875,589.9928588867188,445.2951965332031,472.6123352050781,530.3048095703125,589.9928588867188,0.897291362285614
game8/Clip2,60,4,player_top,475.8514404296875,185.94203186035156,454.67303466796875,126.7929916381836,497.0298767089844,185.94203186035156,0.757814347743988
game8/Clip2,61,22,player_bottom,498.54632568359375,594.899658203125,453.8004455566406,475.44158935546875,543.2921752929688,594.899658203125,0.9135417342185974
game8/Clip2,61,4,player_top,475.84539794921875,185.93064880371094,454.65576171875,126.746826171875,497.0350341796875,185.93064880371094,0.7550576329231262
game8/Clip2,62,22,player_bottom,510.290283203125,597.6588745117188,464.7944641113281,478.23089599609375,555.7860717773438,597.6588745117188,0.8994510769844055
game8/Clip2,62,4,player_top,475.83416748046875,185.9250946044922,454.724609375,127.0011978149414,496.9437561035156,185.9250946044922,0.7657637000083923
game8/Clip2,63,22,player_bottom,525.8430786132812,598.2192993164062,481.7174987792969,480.1702880859375,569.9686889648438,598.2192993164062,0.8002724051475525
game8/Clip2,63,4,player_top,475.8365173339844,185.91188049316406,454.6670227050781,126.81204223632812,497.0060119628906,185.91188049316406,0.7671130895614624
game8/Clip2,64,22,player_bottom,541.0740356445312,598.4771728515625,498.8332824707031,481.1007385253906,583.3148193359375,598.4771728515625,0.8284759521484375
game8/Clip2,64,4,player_top,475.83673095703125,185.90057373046875,454.68804931640625,126.89191436767578,496.9854431152344,185.90057373046875,0.7619667649269104
game8/Clip2,65,22,player_bottom,552.4353637695312,598.7255859375,511.4644470214844,481.5985412597656,593.40625,598.7255859375,0.8429209589958191
game8/Clip2,65,23,player_top,672.5868824146412,244.23387598108363,655.9634376808449,165.89736881962529,689.2102955005787,244.23387598108363,0.7614914620364154
game8/Clip2,66,22,player_bottom,560.4723510742188,605.212646484375,518.7012329101562,480.8887023925781,602.2434692382812,605.212646484375,0.7911028861999512
game8/Clip2,66,23,player_top,670.9858714916088,244.51076818395543,654.4082053855614,166.1325841833044,687.5635082103588,244.51076818395543,0.764617696956352
game8/Clip2,67,22,player_bottom,567.3792724609375,601.45068359375,528.0499877929688,479.97454833984375,606.70849609375,601.45068359375,0.8024498224258423
game8/Clip2,67,23,player_top,669.3848605685764,244.78766038682727,652.8529730902778,166.36779954698352,685.9167209201389,244.78766038682727,0.7677439318762885
game8/Clip2,68,22,player_bottom,576.173583984375,603.6153564453125,536.725341796875,479.280029296875,615.621826171875,603.6153564453125,0.7935758233070374
game8/Clip2,68,23,player_top,667.783849645544,245.06455258969908,651.2977407949942,166.6030149106626,684.269933629919,245.06455258969908,0.7708701667962251
game8/Clip2,69,22,player_bottom,586.1170043945312,608.901611328125,545.2337646484375,478.77581787109375,627.000244140625,608.901611328125,0.8801642060279846
game8/Clip2,69,23,player_top,666.1828387225115,245.34144479257088,649.7425084997107,166.83823027434173,682.623146339699,245.34144479257088,0.7739964017161617
game8/Clip2,70,22,player_bottom,594.13427734375,613.8015747070312,552.1470336914062,478.99456787109375,636.12158203125,613.8015747070312,0.8822159171104431
game8/Clip2,70,23,player_top,664.5818277994791,245.61833699544272,648.1872762044271,167.07344563802084,680.9763590494791,245.61833699544272,0.7771226366360983
game8/Clip2,71,22,player_bottom,601.4019165039062,619.2832641601562,558.6915893554688,480.2433166503906,644.1122436523438,619.2832641601562,0.8966783285140991
game8/Clip2,71,23,player_top,662.9808168764467,245.89522919831452,646.6320439091435,167.30866100169993,679.3295717592592,245.89522919831452,0.7802488715560348
game8/Clip2,72,22,player_bottom,606.6741943359375,622.1289672851562,564.4644165039062,481.94573974609375,648.884033203125,622.1289672851562,0.8922207951545715
game8/Clip2,72,23,player_top,661.3798059534143,246.17212140118633,645.07681161386,167.54387636537905,677.6827844690393,246.17212140118633,0.7833751064759713
game8/Clip2,73,22,player_bottom,612.900146484375,622.899169921875,571.7816772460938,482.81976318359375,654.0186767578125,622.899169921875,0.8500769138336182
game8/Clip2,73,23,player_top,659.778795030382,246.44901360405817,643.5215793185764,167.77909172905817,676.0359971788195,246.44901360405817,0.7865013413959079
game8/Clip2,74,22,player_bottom,616.936279296875,622.7459106445312,577.3599853515625,482.8525390625,656.5125732421875,622.7459106445312,0.860023021697998
game8/Clip2,74,23,player_top,658.1777841073496,246.72590580692997,641.9663470232929,168.01430709273728,674.3892098885996,246.72590580692997,0.7896275763158445
game8/Clip2,75,22,player_bottom,623.4198608398438,622.8648681640625,585.2088012695312,481.2161560058594,661.6309204101562,622.8648681640625,0.8289732933044434
game8/Clip2,75,23,player_top,656.5767731843172,247.0027980098018,640.4111147280092,168.24952245641637,672.7424225983797,247.0027980098018,0.792753811235781
game8/Clip2,76,22,player_bottom,630.0205688476562,622.9779052734375,593.28759765625,479.6582946777344,666.7535400390625,622.9779052734375,0.8608394861221313
game8/Clip2,76,23,player_top,654.9757622612847,247.27969021267361,638.8558824327257,168.4847378200955,671.0956353081597,247.27969021267361,0.7958800461557176
game8/Clip2,77,22,player_bottom,635.9403686523438,622.3770751953125,600.4598999023438,477.80706787109375,671.4208374023438,622.3770751953125,0.8316853642463684
game8/Clip2,77,23,player_top,653.3747513382523,247.55658241554542,637.3006501374422,168.7199531837746,669.4488480179398,247.55658241554542,0.7990062810756542
game8/Clip2,78,22,player_bottom,643.3943481445312,621.9464721679688,608.8657836914062,477.1536865234375,677.9229125976562,621.9464721679688,0.8585691452026367
game8/Clip2,78,23,player_top,651.7737404152199,247.83347461841726,635.7454178421585,168.9551685474537,667.8020607277199,247.83347461841726,0.8021325159955908
game8/Clip2,79,22,player_bottom,650.1407470703125,622.3865966796875,616.2758178710938,477.9143981933594,684.005615234375,622.3865966796875,0.8778629302978516
game8/Clip2,79,23,player_top,650.1727294921875,248.11036682128906,634.190185546875,169.1903839111328,666.1552734375,248.11036682128906,0.8052587509155273
game8/Clip2,80,22,player_bottom,654.9676513671875,623.489013671875,621.3811645507812,478.2786865234375,688.5541381835938,623.489013671875,0.8990368247032166
game8/Clip2,80,23,player_top,650.1727294921875,248.11036682128906,634.190185546875,169.1903839111328,666.1552734375,248.11036682128906,0.8052587509155273
game8/Clip2,81,22,player_bottom,658.768310546875,624.3531494140625,625.85693359375,480.10107421875,691.6796875,624.3531494140625,0.8801206946372986
game8/Clip2,81,23,player_top,650.1727294921875,248.11036682128906,634.190185546875,169.1903839111328,666.1552734375,248.11036682128906,0.8052587509155273
game8/Clip2,82,22,player_bottom,661.67626953125,624.84814453125,629.8084716796875,482.2818908691406,693.5440063476562,624.84814453125,0.875404953956604
game8/Clip2,82,23,player_top,650.1727294921875,248.11036682128906,634.190185546875,169.1903839111328,666.1552734375,248.11036682128906,0.8052587509155273
game8/Clip2,83,22,player_bottom,665.0970458984375,625.1483154296875,634.5072021484375,484.6437683105469,695.6868896484375,625.1483154296875,0.8617615699768066
game8/Clip2,83,23,player_top,650.1727294921875,248.11036682128906,634.190185546875,169.1903839111328,666.1552734375,248.11036682128906,0.8052587509155273
game8/Clip2,84,22,player_bottom,669.5208740234375,625.90234375,640.0387573242188,486.1086730957031,699.0029296875,625.90234375,0.8643414378166199
game8/Clip2,84,23,player_top,650.1727294921875,248.11036682128906,634.190185546875,169.1903839111328,666.1552734375,248.11036682128906,0.8052587509155273
game8/Clip2,85,22,player_bottom,674.2899169921875,627.3580322265625,645.3229370117188,486.00128173828125,703.2568359375,627.3580322265625,0.8418468236923218
game8/Clip2,85,23,player_top,650.1727294921875,248.11036682128906,634.190185546875,169.1903839111328,666.1552734375,248.11036682128906,0.8052587509155273
game8/Clip2,86,22,player_bottom,677.71923828125,629.9815063476562,648.8325805664062,485.4468078613281,706.6058959960938,629.9815063476562,0.8312162756919861
game8/Clip2,86,23,player_top,650.1727294921875,248.11036682128906,634.190185546875,169.1903839111328,666.1552734375,248.11036682128906,0.8052587509155273
game8/Clip2,87,22,player_bottom,683.2603759765625,631.8621215820312,654.5570068359375,484.9945068359375,711.9637451171875,631.8621215820312,0.8330909609794617
game8/Clip2,87,23,player_top,650.1727294921875,248.11036682128906,634.190185546875,169.1903839111328,666.1552734375,248.11036682128906,0.8052587509155273
game8/Clip2,88,22,player_bottom,689.546875,633.4214477539062,660.874755859375,484.99700927734375,718.2190551757812,633.4214477539062,0.8562862277030945
game8/Clip2,88,23,player_top,650.1727294921875,248.11036682128906,634.190185546875,169.1903839111328,666.1552734375,248.11036682128906,0.8052587509155273
game8/Clip2,89,22,player_bottom,693.1064453125,634.37060546875,664.41455078125,485.39361572265625,721.7984008789062,634.37060546875,0.87589430809021
game8/Clip2,89,23,player_top,650.1727294921875,248.11036682128906,634.190185546875,169.1903839111328,666.1552734375,248.11036682128906,0.8052587509155273
game8/Clip2,90,22,player_bottom,695.7453002929688,635.4716186523438,667.296875,486.8582458496094,724.1937255859375,635.4716186523438,0.8766787648200989
game8/Clip2,90,23,player_top,650.1727294921875,248.11036682128906,634.190185546875,169.1903839111328,666.1552734375,248.11036682128906,0.8052587509155273
game8/Clip2,91,22,player_bottom,698.5525512695312,635.5828247070312,670.4769897460938,488.34710693359375,726.6281127929688,635.5828247070312,0.8633899688720703
game8/Clip2,91,23,player_top,650.1727294921875,248.11036682128906,634.190185546875,169.1903839111328,666.1552734375,248.11036682128906,0.8052587509155273
game8/Clip2,92,22,player_bottom,702.240234375,635.9903564453125,674.5164184570312,490.099365234375,729.9639892578125,635.9903564453125,0.8325223326683044
game8/Clip2,92,23,player_top,650.1727294921875,248.11036682128906,634.190185546875,169.1903839111328,666.1552734375,248.11036682128906,0.8052587509155273
game8/Clip2,93,22,player_bottom,707.0510864257812,636.2213134765625,679.7806396484375,491.3349609375,734.321533203125,636.2213134765625,0.8214504718780518
game8/Clip2,93,23,player_top,650.1727294921875,248.11036682128906,634.190185546875,169.1903839111328,666.1552734375,248.11036682128906,0.8052587509155273
game8/Clip2,94,22,player_bottom,711.3756103515625,636.3175048828125,684.4561767578125,492.0113525390625,738.2949829101562,636.3175048828125,0.8383098840713501
game8/Clip2,94,23,player_top,650.1727294921875,248.11036682128906,634.190185546875,169.1903839111328,666.1552734375,248.11036682128906,0.8052587509155273
game8/Clip2,95,22,player_bottom,715.1131591796875,636.1768188476562,688.4630126953125,492.17529296875,741.7632446289062,636.1768188476562,0.8408510684967041
game8/Clip2,95,23,player_top,650.1727294921875,248.11036682128906,634.190185546875,169.1903839111328,666.1552734375,248.11036682128906,0.8052587509155273
game8/Clip2,96,22,player_bottom,718.05126953125,635.199462890625,691.8670654296875,492.108642578125,744.2354125976562,635.199462890625,0.8605482578277588
game8/Clip2,96,23,player_top,650.1727294921875,248.11036682128906,634.190185546875,169.1903839111328,666.1552734375,248.11036682128906,0.8052587509155273
game8/Clip3,0,40,player_bottom,957.0302734375,649.010986328125,918.8799438476562,515.5585327148438,995.1805419921875,649.010986328125,0.9059557914733887
game8/Clip3,0,41,player_top,593.016845703125,243.61289978027344,579.88232421875,142.5037384033203,606.1513061523438,243.61289978027344,0.7773076891899109
game8/Clip3,1,40,player_bottom,957.0302734375,649.010986328125,918.8799438476562,515.5585327148438,995.1805419921875,649.010986328125,0.9059557914733887
game8/Clip3,1,41,player_top,593.016845703125,243.61289978027344,579.88232421875,142.5037384033203,606.1513061523438,243.61289978027344,0.7773076891899109
game8/Clip3,2,40,player_bottom,957.1314086914062,648.9287719726562,918.6212768554688,514.1563110351562,995.6415405273438,648.9287719726562,0.9088476300239563
game8/Clip3,2,41,player_top,592.4866333007812,243.68310546875,579.3275146484375,142.55906677246094,605.645751953125,243.68310546875,0.7782474756240845
game8/Clip3,3,40,player_bottom,957.2877197265625,648.8713989257812,918.5091552734375,513.0419311523438,996.0662231445312,648.8713989257812,0.910337507724762
game8/Clip3,3,41,player_top,592.1234741210938,243.73988342285156,579.0794067382812,143.8392333984375,605.1675415039062,243.73988342285156,0.7887566685676575
game8/Clip3,4,40,player_bottom,957.5557250976562,648.7511596679688,918.6177368164062,512.1514282226562,996.4937133789062,648.7511596679688,0.9115941524505615
game8/Clip3,4,41,player_top,591.7860107421875,243.6577606201172,578.9089965820312,145.64967346191406,604.6629638671875,243.6577606201172,0.7717530131340027
game8/Clip3,5,40,player_bottom,957.7947998046875,648.6367797851562,918.843017578125,511.7168273925781,996.7466430664062,648.6367797851562,0.9155066609382629
game8/Clip3,5,41,player_top,591.521728515625,243.7655029296875,578.8085327148438,147.62840270996094,604.2349853515625,243.7655029296875,0.8012966513633728
game8/Clip3,6,40,player_bottom,956.77490234375,648.4432983398438,917.870849609375,511.7168884277344,995.678955078125,648.4432983398438,0.9157485365867615
game8/Clip3,6,41,player_top,591.8850708007812,243.8527069091797,579.0304565429688,147.37197875976562,604.7396850585938,243.8527069091797,0.7969804406166077
game8/Clip3,7,40,player_bottom,955.7999267578125,648.461669921875,917.1322021484375,512.86279296875,994.4676513671875,648.461669921875,0.9137677550315857
game8/Clip3,7,41,player_top,592.4215087890625,243.91065979003906,579.4888305664062,147.80325317382812,605.3541870117188,243.91065979003906,0.7871865630149841
game8/Clip3,8,40,player_bottom,954.489013671875,648.6217041015625,915.8925170898438,514.0418701171875,993.0855102539062,648.6217041015625,0.9133342504501343
game8/Clip3,8,41,player_top,592.7723388671875,243.9203338623047,579.84814453125,149.09359741210938,605.6965942382812,243.9203338623047,0.7948858141899109
game8/Clip3,9,40,player_bottom,953.7003173828125,648.712158203125,915.18798828125,515.3775024414062,992.212646484375,648.712158203125,0.9062328934669495
game8/Clip3,9,41,player_top,592.8175811767578,243.7879524230957,579.853630065918,149.37383842468262,605.7815780639648,243.7879524230957,0.7969275787472725
game8/Clip3,10,40,player_bottom,953.3529052734375,648.5082397460938,914.7877807617188,515.9288330078125,991.91796875,648.5082397460938,0.8954349160194397
game8/Clip3,10,41,player_top,592.8628234863281,243.65557098388672,579.8591156005859,149.65407943725586,605.8665618896484,243.65557098388672,0.7989693433046341
game8/Clip3,11,40,player_bottom,952.861083984375,646.8258666992188,914.1211547851562,514.4293823242188,991.6009521484375,646.8258666992188,0.8987686634063721
game8/Clip3,11,41,player_top,592.9080657958984,243.52318954467773,579.8646011352539,149.9343204498291,605.951545715332,243.52318954467773,0.8010111078619957
game8/Clip3,12,40,player_bottom,952.7452392578125,645.3865966796875,913.5387573242188,512.129150390625,991.9517822265625,645.3865966796875,0.899167537689209
game8/Clip3,12,41,player_top,592.9533081054688,243.39080810546875,579.8700866699219,150.21456146240234,606.0365295410156,243.39080810546875,0.8030528724193573
game8/Clip3,13,40,player_bottom,951.7298583984375,643.977294921875,911.9705200195312,508.9181823730469,991.4892578125,643.977294921875,0.9040936231613159
game8/Clip3,13,41,player_top,592.9985504150391,243.25842666625977,579.8755722045898,150.4948024749756,606.1215133666992,243.25842666625977,0.8050946369767189
game8/Clip3,14,40,player_bottom,950.0949096679688,641.7108154296875,910.0305786132812,505.06103515625,990.1592407226562,641.7108154296875,0.8999439477920532
game8/Clip3,14,41,player_top,593.0437927246094,243.12604522705078,579.8810577392578,150.77504348754883,606.2064971923828,243.12604522705078,0.8071364015340805
game8/Clip3,15,40,player_bottom,947.2763671875,638.3662109375,907.5991821289062,501.6213684082031,986.95361328125,638.3662109375,0.8995595574378967
game8/Clip3,15,41,player_top,593.0890350341797,242.9936637878418,579.8865432739258,151.05528450012207,606.2914810180664,242.9936637878418,0.8091781660914421
game8/Clip3,16,40,player_bottom,944.6807250976562,635.2755737304688,905.4190673828125,498.03436279296875,983.9423828125,635.2755737304688,0.9066580533981323
game8/Clip3,16,41,player_top,593.13427734375,242.8612823486328,579.8920288085938,151.3355255126953,606.37646484375,242.8612823486328,0.8112199306488037
game8/Clip3,17,40,player_bottom,943.263671875,632.1754760742188,904.82080078125,495.97076416015625,981.70654296875,632.1754760742188,0.9065207839012146
game8/Clip3,17,41,player_top,592.9544677734375,242.31484985351562,579.4777221679688,149.9326171875,606.4312744140625,242.31484985351562,0.7801036834716797
game8/Clip3,18,40,player_bottom,942.1038208007812,629.2562255859375,904.4920654296875,494.935546875,979.715576171875,629.2562255859375,0.9099393486976624
game8/Clip3,18,41,player_top,592.5677490234375,242.11155700683594,578.79736328125,149.3286895751953,606.338134765625,242.11155700683594,0.7951223254203796
game8/Clip3,19,40,player_bottom,941.0134887695312,627.1676635742188,903.9354248046875,494.8896179199219,978.091552734375,627.1676635742188,0.8882815837860107
game8/Clip3,19,41,player_top,593.0388793945312,241.7354278564453,579.8175048828125,156.0637969970703,606.26025390625,241.7354278564453,0.796800434589386
game8/Clip3,20,40,player_bottom,939.3685302734375,624.9649658203125,902.8278198242188,496.1060791015625,975.9093017578125,624.9649658203125,0.8959086537361145
game8/Clip3,20,41,player_top,593.8345947265625,242.63223266601562,580.3355102539062,158.11810302734375,607.3336181640625,242.63223266601562,0.7423486709594727
game8/Clip3,21,40,player_bottom,937.2662353515625,623.5017700195312,901.02880859375,498.1825256347656,973.5037231445312,623.5017700195312,0.9024068713188171
game8/Clip3,21,41,player_top,594.9873046875,243.6514434814453,580.8867797851562,158.5469512939453,609.0878295898438,243.6514434814453,0.763247013092041
game8/Clip3,22,40,player_bottom,935.9146728515625,623.3679809570312,899.764892578125,501.3481750488281,972.0645141601562,623.3679809570312,0.9118708372116089
game8/Clip3,22,41,player_top,595.5118408203125,245.71316528320312,580.8714599609375,160.0590057373047,610.1521606445312,245.71316528320312,0.7685377597808838
game8/Clip3,23,40,player_bottom,935.120849609375,624.0064697265625,898.9937133789062,505.07373046875,971.248046875,624.0064697265625,0.9161407351493835
game8/Clip3,23,4,player_top,468.40687744140627,179.25132446289064,448.44848388671875,123.00627532958984,488.3652709960937,179.25132446289064,0.718216462135315
game8/Clip3,24,40,player_bottom,937.30029296875,623.7699584960938,900.7708129882812,507.5491943359375,973.8297729492188,623.7699584960938,0.9037538766860962
game8/Clip3,24,4,player_top,468.36682983398435,179.17632141113282,448.4202868652344,123.19952209472656,488.31337280273436,179.17632141113282,0.7174970722198486
game8/Clip3,25,40,player_bottom,940.7904052734375,623.2483520507812,902.8865356445312,507.47027587890625,978.6942749023438,623.2483520507812,0.8926807641983032
game8/Clip3,25,4,player_top,468.3267822265625,179.101318359375,448.39208984375,123.39276885986328,488.261474609375,179.101318359375,0.7167776823043823
game8/Clip3,26,40,player_bottom,943.797607421875,622.1795654296875,900.8804321289062,494.098876953125,986.7147216796875,622.1795654296875,0.8964236378669739
game8/Clip3,26,4,player_top,468.3215026855469,179.12173461914062,448.3580322265625,123.34288787841797,488.28497314453125,179.12173461914062,0.7149162888526917
game8/Clip3,27,40,player_bottom,945.6756591796875,621.2626342773438,904.0796508789062,502.12677001953125,987.2716064453125,621.2626342773438,0.8763542175292969
game8/Clip3,27,4,player_top,468.3453369140625,179.12203979492188,448.3965148925781,123.37218475341797,488.294189453125,179.12203979492188,0.7156113982200623
game8/Clip3,28,40,player_bottom,951.7672119140625,620.2847900390625,903.5797729492188,483.6930847167969,999.95458984375,620.2847900390625,0.8700196743011475
game8/Clip3,28,41,player_top,594.6545933314732,250.12395586286272,579.4002336774554,175.0788094656808,609.9089617047991,250.12395586286272,0.7255162767001561
game8/Clip3,29,40,player_bottom,957.1839599609375,619.8793334960938,906.7810668945312,477.5750732421875,1007.5867919921875,619.8793334960938,0.8676098585128784
game8/Clip3,29,41,player_top,594.0543561662946,250.25159781319755,578.5782645089286,176.66814531598772,609.5304739815848,250.25159781319755,0.7389767680849347
game8/Clip3,30,40,player_bottom,959.2083740234375,619.4042358398438,913.8306274414062,493.1165466308594,1004.5860595703125,619.4042358398438,0.8668472170829773
game8/Clip3,30,41,player_top,593.454119001116,250.37923976353235,577.7562953404018,178.25748116629464,609.1519862583706,250.37923976353235,0.7524372594697135
game8/Clip3,31,40,player_bottom,967.7784423828125,618.87255859375,924.44970703125,498.769775390625,1011.1071166992188,618.87255859375,0.8966724276542664
game8/Clip3,31,41,player_top,592.8538818359375,250.5068817138672,576.934326171875,179.84681701660156,608.7734985351562,250.5068817138672,0.7658977508544922
game8/Clip3,32,40,player_bottom,978.6300048828125,618.7628784179688,935.625,499.5733642578125,1021.635009765625,618.7628784179688,0.8936246037483215
game8/Clip3,32,4,player_top,468.3466827822403,179.14268691371865,448.36209054866305,123.26064453125,488.33130553339566,179.14268691371865,0.7144838039304169
game8/Clip3,33,40,player_bottom,992.890869140625,618.5885620117188,950.2843017578125,498.5375061035156,1035.4974365234375,618.5885620117188,0.8415495753288269
game8/Clip3,33,4,player_top,468.343174034441,179.14477023272448,448.3537438620984,123.24439239501953,488.3326347243618,179.14477023272448,0.7145184060217629
game8/Clip3,34,40,player_bottom,996.4573974609375,618.1560668945312,953.9357299804688,496.7120361328125,1038.97900390625,618.1560668945312,0.7975929975509644
game8/Clip3,34,41,player_top,589.4845581054688,254.7412872314453,571.4150390625,178.83248901367188,607.5540771484375,254.7412872314453,0.800267219543457
game8/Clip3,35,40,player_bottom,995.280029296875,618.5413818359375,952.8558959960938,494.9643249511719,1037.7041015625,618.5413818359375,0.8633459210395813
game8/Clip3,35,41,player_top,588.388427734375,254.97669982910156,569.9841918945312,178.67926025390625,606.7926635742188,254.97669982910156,0.8217783570289612
game8/Clip3,36,40,player_bottom,997.5782470703125,617.0780029296875,956.4606323242188,493.578369140625,1038.6959228515625,617.0780029296875,0.8335533738136292
game8/Clip3,36,41,player_top,587.9288330078125,254.86468505859375,569.3408203125,178.73309326171875,606.5169067382812,254.86468505859375,0.837349534034729
game8/Clip3,37,40,player_bottom,1001.6075439453125,612.3662719726562,962.7562255859375,493.0455017089844,1040.4588623046875,612.3662719726562,0.8473803400993347
game8/Clip3,37,41,player_top,587.2901000976562,254.76495361328125,568.3363037109375,177.8004608154297,606.243896484375,254.76495361328125,0.8589398860931396
game8/Clip3,38,40,player_bottom,1005.3690185546875,607.8392944335938,964.7008056640625,478.4691467285156,1046.0372314453125,607.8392944335938,0.8241732716560364
game8/Clip3,38,41,player_top,586.9242553710938,254.44000244140625,567.7625732421875,177.1502685546875,606.0859375,254.44000244140625,0.850333571434021
game8/Clip3,39,40,player_bottom,1010.632568359375,604.061279296875,973.2865600585938,482.2662048339844,1047.9786376953125,604.061279296875,0.828410267829895
game8/Clip3,39,41,player_top,586.852294921875,253.84628295898438,567.573486328125,176.8705596923828,606.1310424804688,253.84628295898438,0.8416513800621033
game8/Clip3,40,40,player_bottom,1021.17138671875,602.8614501953125,985.8754272460938,485.0146179199219,1056.46728515625,602.8614501953125,0.793562114238739
game8/Clip3,40,41,player_top,586.160400390625,253.3312530517578,566.8351440429688,177.379638671875,605.485595703125,253.3312530517578,0.8484613299369812
game8/Clip3,41,40,player_bottom,1026.3927001953125,598.5462646484375,993.3615112304688,485.4730224609375,1059.423828125,598.5462646484375,0.7983518838882446
game8/Clip3,41,41,player_top,585.3388671875,252.16177368164062,565.937744140625,177.91900634765625,604.7400512695312,252.16177368164062,0.8408279418945312
game8/Clip3,42,40,player_bottom,1029.3555908203125,599.62353515625,995.9031372070312,485.1122131347656,1062.80810546875,599.62353515625,0.7854594588279724
game8/Clip3,42,41,player_top,584.5845947265625,250.42648315429688,564.9221801757812,178.2579803466797,604.2470703125,250.42648315429688,0.8278544545173645
game8/Clip3,43,40,player_bottom,1035.44775390625,601.0869750976562,1001.4976806640625,483.5017395019531,1069.397705078125,601.0869750976562,0.79878169298172
game8/Clip3,43,41,player_top,583.4488525390625,249.62303161621094,563.25,178.6586456298828,603.6477661132812,249.62303161621094,0.8162803649902344
game8/Clip3,44,40,player_bottom,1035.20458984375,599.5718994140625,1001.6102905273438,482.22393798828125,1068.798828125,599.5718994140625,0.7597532868385315
game8/Clip3,44,41,player_top,582.8336181640625,249.28639221191406,561.9048461914062,178.39193725585938,603.762451171875,249.28639221191406,0.8322446346282959
game8/Clip3,45,40,player_bottom,1034.4178466796875,598.7192993164062,1000.8894653320312,481.4023132324219,1067.9462890625,598.7192993164062,0.7414864301681519
game8/Clip3,45,41,player_top,582.166259765625,249.2179718017578,560.5944213867188,178.44993591308594,603.738037109375,249.2179718017578,0.8383033871650696
game8/Clip3,46,40,player_bottom,1034.1728515625,599.7073364257812,999.9002685546875,481.0726318359375,1068.445556640625,599.7073364257812,0.6825196146965027
game8/Clip3,46,41,player_top,581.8502197265625,249.00648498535156,559.5390014648438,177.66494750976562,604.161376953125,249.00648498535156,0.834825336933136
game8/Clip3,47,40,player_bottom,1032.365478515625,600.6409912109375,997.5122680664062,482.9800109863281,1067.21875,600.6409912109375,0.7670121192932129
game8/Clip3,47,41,player_top,581.2222900390625,248.79733276367188,558.371337890625,177.0104522705078,604.0732421875,248.79733276367188,0.8034977316856384
game8/Clip3,48,40,player_bottom,1034.1265869140625,601.7725219726562,999.1111450195312,485.8642272949219,1069.14208984375,601.7725219726562,0.8754594922065735
game8/Clip3,48,41,player_top,578.7587890625,247.75979614257812,555.906494140625,176.57872009277344,601.6111450195312,247.75979614257812,0.7548468112945557
game8/Clip3,49,40,player_bottom,1035.134033203125,603.2421875,998.733642578125,484.22900390625,1071.5345458984375,603.2421875,0.8548603057861328
game8/Clip3,49,41,player_top,572.68212890625,247.07327270507812,549.8507080078125,176.02294921875,595.5134887695312,247.07327270507812,0.8288663029670715
game8/Clip3,50,40,player_bottom,1035.061767578125,604.8023071289062,998.6337890625,487.65777587890625,1071.4898681640625,604.8023071289062,0.7847177982330322
game8/Clip3,50,41,player_top,564.767333984375,246.89097595214844,542.220947265625,175.73985290527344,587.3137817382812,246.89097595214844,0.8047519326210022
game8/Clip3,51,40,player_bottom,1037.407958984375,605.4865112304688,1001.7006225585938,491.6484680175781,1073.115234375,605.4865112304688,0.8560435771942139
game8/Clip3,51,41,player_top,559.9090576171875,247.07261657714844,537.71337890625,175.8147735595703,582.1047973632812,247.07261657714844,0.8048315644264221
game8/Clip3,52,40,player_bottom,1037.708984375,603.554443359375,1002.4778442382812,492.5658874511719,1072.940185546875,603.554443359375,0.7773219347000122
game8/Clip3,52,41,player_top,557.1683349609375,247.7418975830078,535.4466552734375,176.81918334960938,578.8900146484375,247.7418975830078,0.8117614388465881
game8/Clip3,53,40,player_bottom,1036.045654296875,603.0452880859375,1000.58740234375,492.71282958984375,1071.50390625,603.0452880859375,0.7628744840621948
game8/Clip3,53,41,player_top,553.2991943359375,248.0091552734375,531.5767822265625,176.89280700683594,575.0215454101562,248.0091552734375,0.781785249710083
game8/Clip3,54,40,player_bottom,1023.0689697265625,604.2789916992188,987.6517944335938,493.2496337890625,1058.486083984375,604.2789916992188,0.8069489002227783
game8/Clip3,54,41,player_top,548.7455444335938,248.1199951171875,526.3626098632812,175.675048828125,571.1284790039062,248.1199951171875,0.781328022480011
game8/Clip3,55,40,player_bottom,1017.4649658203125,605.4777221679688,982.1746215820312,494.0585632324219,1052.75537109375,605.4777221679688,0.7576404809951782
game8/Clip3,55,41,player_top,545.9683837890625,248.6196746826172,523.6259155273438,176.69566345214844,568.3108520507812,248.6196746826172,0.8108782768249512
game8/Clip3,56,40,player_bottom,1013.8714599609375,604.8555297851562,978.5221557617188,493.1897888183594,1049.220703125,604.8555297851562,0.7640356421470642
game8/Clip3,56,41,player_top,543.4876098632812,248.49526977539062,521.676025390625,178.10328674316406,565.2991943359375,248.49526977539062,0.7573023438453674
game8/Clip3,57,40,player_bottom,1002.2760009765625,604.2778930664062,965.4627075195312,492.0819396972656,1039.0892333984375,604.2778930664062,0.785861611366272
game8/Clip3,57,41,player_top,541.68896484375,248.27200317382812,520.2234497070312,179.00401306152344,563.154541015625,248.27200317382812,0.80145663022995
game8/Clip3,58,40,player_bottom,997.7076416015625,600.8841552734375,960.5345458984375,491.18804931640625,1034.8807373046875,600.8841552734375,0.8259075284004211
game8/Clip3,58,41,player_top,542.13037109375,247.61578369140625,521.250244140625,179.31065368652344,563.010498046875,247.61578369140625,0.835436999797821
game8/Clip3,59,40,player_bottom,995.1217651367188,604.24951171875,956.544189453125,491.052978515625,1033.6993408203125,604.24951171875,0.8589134812355042
game8/Clip3,59,41,player_top,542.0054931640625,247.49359130859375,521.6215209960938,179.58853149414062,562.389404296875,247.49359130859375,0.8287569880485535
game8/Clip3,60,40,player_bottom,977.47998046875,607.191162109375,939.517578125,492.1457214355469,1015.4424438476562,607.191162109375,0.8513966798782349
game8/Clip3,60,41,player_top,541.9310302734375,247.75953674316406,521.8524169921875,179.6468505859375,562.0095825195312,247.75953674316406,0.8341866135597229
game8/Clip3,61,40,player_bottom,970.8379516601562,608.71142578125,933.6758422851562,493.9067077636719,1008.0000610351562,608.71142578125,0.8425612449645996
game8/Clip3,61,41,player_top,541.4375,248.10182189941406,521.3872680664062,179.29832458496094,561.4877319335938,248.10182189941406,0.8241686820983887
game8/Clip3,62,40,player_bottom,964.393798828125,609.4406127929688,927.9473266601562,494.8616027832031,1000.8402709960938,609.4406127929688,0.8815717101097107
game8/Clip3,62,41,player_top,539.86376953125,248.28431701660156,519.5751342773438,178.8302459716797,560.15234375,248.28431701660156,0.7953641414642334
game8/Clip3,63,40,player_bottom,958.7711181640625,614.8800659179688,920.5194091796875,493.4383850097656,997.0228271484375,614.8800659179688,0.843424379825592
game8/Clip3,63,41,player_top,539.7550048828125,248.47117614746094,519.2466430664062,178.0512237548828,560.263427734375,248.47117614746094,0.7874841690063477
game8/Clip3,64,40,player_bottom,952.18017578125,620.079833984375,911.9884643554688,491.0215759277344,992.3719482421875,620.079833984375,0.7295390963554382
game8/Clip3,64,41,player_top,540.5892333984375,248.552001953125,520.017578125,177.5414276123047,561.1608276367188,248.552001953125,0.7869206666946411
game8/Clip3,65,40,player_bottom,930.3511962890625,622.027587890625,888.9475708007812,490.9634094238281,971.7548828125,622.027587890625,0.8114507794380188
game8/Clip3,65,41,player_top,541.626953125,248.69216918945312,521.1449584960938,177.093017578125,562.1090087890625,248.69216918945312,0.8395810723304749
game8/Clip3,66,40,player_bottom,923.4617919921875,622.548828125,883.298828125,491.02630615234375,963.6248168945312,622.548828125,0.7126080393791199
game8/Clip3,66,41,player_top,542.379638671875,249.13925170898438,521.6524658203125,176.08078002929688,563.1067504882812,249.13925170898438,0.8373215794563293
game8/Clip3,67,40,player_bottom,915.1429443359375,620.0156860351562,877.1097412109375,491.0220642089844,953.1762084960938,620.0156860351562,0.7030144929885864
game8/Clip3,67,41,player_top,543.0325317382812,249.94676208496094,522.1599731445312,176.2750701904297,563.9050903320312,249.94676208496094,0.8442049622535706
game8/Clip3,68,40,player_bottom,905.3016967773438,617.0762939453125,869.64892578125,492.3377685546875,940.9544677734375,617.0762939453125,0.8209037184715271
game8/Clip3,68,41,player_top,544.171630859375,251.29998779296875,522.930908203125,176.73519897460938,565.4122924804688,251.29998779296875,0.8398379683494568
game8/Clip3,69,40,player_bottom,894.3298950195312,620.6810302734375,859.7042236328125,495.03936767578125,928.95556640625,620.6810302734375,0.7829568982124329
game8/Clip3,69,41,player_top,544.769287109375,251.9672088623047,523.3167114257812,177.19686889648438,566.221923828125,251.9672088623047,0.8335338234901428
game8/Clip3,70,40,player_bottom,885.134033203125,623.2930297851562,851.7757568359375,497.7470397949219,918.4923095703125,623.2930297851562,0.8657669425010681
game8/Clip3,70,41,player_top,546.1503295898438,252.2653350830078,524.5084228515625,177.66188049316406,567.792236328125,252.2653350830078,0.830902636051178
game8/Clip3,71,40,player_bottom,878.1890869140625,624.837158203125,845.5969848632812,500.20135498046875,910.78125,624.837158203125,0.8764937520027161
game8/Clip3,71,41,player_top,545.7420043945312,252.53050231933594,523.9064331054688,177.90020751953125,567.5775756835938,252.53050231933594,0.8073365092277527
game8/Clip3,72,40,player_bottom,865.5592651367188,628.3014526367188,831.8174438476562,502.396484375,899.3010864257812,628.3014526367188,0.8885903358459473
game8/Clip3,72,41,player_top,545.2325439453125,252.8081512451172,523.0321044921875,178.14170837402344,567.4329223632812,252.8081512451172,0.8099653720855713
game8/Clip3,73,40,player_bottom,855.8428955078125,632.697998046875,820.7979736328125,504.16168212890625,890.8878784179688,632.697998046875,0.8866622447967529
game8/Clip3,73,41,player_top,546.4338989257812,252.99264526367188,524.047607421875,178.50015258789062,568.8201904296875,252.99264526367188,0.8243621587753296
game8/Clip3,74,40,player_bottom,847.284912109375,634.5068359375,812.2321166992188,505.32354736328125,882.337646484375,634.5068359375,0.8696179986000061
game8/Clip3,74,41,player_top,548.0978393554688,252.84954833984375,525.3294067382812,177.58840942382812,570.8662719726562,252.84954833984375,0.8167172074317932
game8/Clip3,75,40,player_bottom,837.1527099609375,635.3588256835938,803.080078125,506.23492431640625,871.2252807617188,635.3588256835938,0.8287690281867981
game8/Clip3,75,41,player_top,550.570556640625,252.80047607421875,527.1183471679688,175.5044708251953,574.0228271484375,252.80047607421875,0.8368659615516663
game8/Clip3,76,40,player_bottom,826.580810546875,635.5216064453125,793.5877075195312,506.2244873046875,859.5739135742188,635.5216064453125,0.8650038242340088
game8/Clip3,76,41,player_top,552.4029541015625,252.45692443847656,528.4445190429688,173.50816345214844,576.3613891601562,252.45692443847656,0.829755425453186
game8/Clip3,77,40,player_bottom,814.4634399414062,635.5634765625,781.9470825195312,505.3855895996094,846.9797973632812,635.5634765625,0.7939394116401672
game8/Clip3,77,41,player_top,554.9810791015625,252.0614471435547,530.7654418945312,171.81597900390625,579.19677734375,252.0614471435547,0.8186542987823486
game8/Clip3,78,40,player_bottom,806.3870849609375,635.2958374023438,774.1819458007812,504.65106201171875,838.5921630859375,635.2958374023438,0.8239890336990356
game8/Clip3,78,41,player_top,557.4700927734375,251.92218017578125,533.4244384765625,171.07186889648438,581.5156860351562,251.92218017578125,0.8146768808364868
game8/Clip3,79,40,player_bottom,798.8863525390625,634.12158203125,766.9539794921875,504.3372802734375,830.8186645507812,634.12158203125,0.8313906788825989
game8/Clip3,79,41,player_top,560.2261962890625,250.3388214111328,537.3158569335938,171.05169677734375,583.136474609375,250.3388214111328,0.8046618103981018
game8/Clip3,80,40,player_bottom,784.9239501953125,631.04248046875,752.751953125,503.7332458496094,817.095947265625,631.04248046875,0.8682882785797119
game8/Clip3,80,41,player_top,563.2467651367188,249.6645965576172,541.2998046875,171.5531768798828,585.1937255859375,249.6645965576172,0.8225539922714233
game8/Clip3,81,40,player_bottom,772.9730834960938,631.7474365234375,740.299072265625,504.5603332519531,805.6470947265625,631.7474365234375,0.8482640385627747
game8/Clip3,81,41,player_top,565.3912963867188,249.21533203125,544.1383056640625,172.2210235595703,586.644287109375,249.21533203125,0.8300856947898865
game8/Clip3,82,40,player_bottom,761.2958984375,632.7883911132812,729.1082153320312,506.7010192871094,793.483642578125,632.7883911132812,0.8366177678108215
game8/Clip3,82,41,player_top,566.3939208984375,248.87721252441406,545.6240844726562,172.5745391845703,587.163818359375,248.87721252441406,0.8332086205482483
game8/Clip3,83,40,player_bottom,752.0664672851562,633.76708984375,720.5401000976562,507.4896545410156,783.5928344726562,633.76708984375,0.7944861054420471
game8/Clip3,83,41,player_top,568.9814453125,248.77474975585938,548.057861328125,172.13931274414062,589.905029296875,248.77474975585938,0.8582718372344971
game8/Clip3,84,40,player_bottom,742.479736328125,634.1439208984375,712.0542602539062,508.2540588378906,772.9052124023438,634.1439208984375,0.8332554697990417
game8/Clip3,84,41,player_top,573.6605224609375,248.61387634277344,552.0372314453125,171.50140380859375,595.2838134765625,248.61387634277344,0.8638010621070862
game8/Clip3,85,40,player_bottom,730.319091796875,634.0986938476562,700.2761840820312,508.04150390625,760.3619995117188,634.0986938476562,0.82497239112854
game8/Clip3,85,41,player_top,576.3453979492188,248.58885192871094,554.0078735351562,171.15957641601562,598.6829223632812,248.58885192871094,0.8693423867225647
game8/Clip3,86,40,player_bottom,719.1660766601562,633.38427734375,689.3433837890625,508.39276123046875,748.98876953125,633.38427734375,0.8806414008140564
game8/Clip3,86,41,player_top,577.5755615234375,248.54017639160156,554.69580078125,171.04075622558594,600.4552612304688,248.54017639160156,0.8484083414077759
game8/Clip3,87,40,player_bottom,710.5693359375,634.341064453125,680.6893920898438,508.6195068359375,740.44921875,634.341064453125,0.8786619901657104
game8/Clip3,87,41,player_top,582.2086791992188,247.67848205566406,559.4312744140625,170.065185546875,604.986083984375,247.67848205566406,0.8091367483139038
game8/Clip3,88,40,player_bottom,705.4986572265625,634.9683227539062,675.947021484375,508.69500732421875,735.0502319335938,634.9683227539062,0.8426202535629272
game8/Clip3,88,41,player_top,587.08349609375,246.76626586914062,565.0699462890625,170.0458526611328,609.0970458984375,246.76626586914062,0.7939063906669617
game8/Clip3,89,40,player_bottom,701.1495361328125,634.9230346679688,672.5914306640625,510.5154724121094,729.7075805664062,634.9230346679688,0.8068652153015137
game8/Clip3,89,41,player_top,591.0068359375,245.78939819335938,570.0314331054688,170.19564819335938,611.982177734375,245.78939819335938,0.8002042174339294
game8/Clip3,90,40,player_bottom,697.3056640625,634.9539794921875,668.7667846679688,507.7909240722656,725.8446044921875,634.9539794921875,0.8173901438713074
game8/Clip3,90,41,player_top,594.6934204101562,246.16973876953125,574.3759155273438,170.2765655517578,615.0109252929688,246.16973876953125,0.8097177743911743
game8/Clip3,91,40,player_bottom,691.8651123046875,634.61865234375,663.4385375976562,504.4013977050781,720.291748046875,634.61865234375,0.8446341156959534
game8/Clip3,91,41,player_top,598.7217407226562,245.08811950683594,579.2396240234375,170.28187561035156,618.203857421875,245.08811950683594,0.8149969577789307
game8/Clip3,92,40,player_bottom,683.4542846679688,634.3130493164062,654.8193969726562,500.67669677734375,712.0891723632812,634.3130493164062,0.7952163219451904
game8/Clip3,92,41,player_top,603.292236328125,245.00633239746094,584.25341796875,171.02894592285156,622.3310546875,245.00633239746094,0.849902331829071
game8/Clip3,93,40,player_bottom,676.0172119140625,633.9893798828125,646.6867065429688,496.75653076171875,705.3477783203125,633.9893798828125,0.8403804302215576
game8/Clip3,93,41,player_top,608.3704833984375,245.46556091308594,588.9864501953125,170.79031372070312,627.7544555664062,245.46556091308594,0.7681474685668945
game8/Clip3,94,40,player_bottom,671.1812744140625,632.9486083984375,641.605712890625,494.2668151855469,700.7568969726562,632.9486083984375,0.8444279432296753
game8/Clip3,94,41,player_top,612.5938110351562,245.4396514892578,592.7756958007812,171.27902221679688,632.4119262695312,245.4396514892578,0.7816519141197205
game8/Clip3,95,40,player_bottom,668.6207275390625,626.4181518554688,640.112060546875,492.4410705566406,697.12939453125,626.4181518554688,0.8399031162261963
game8/Clip3,95,41,player_top,615.4140625,245.3817596435547,594.9450073242188,171.48057556152344,635.8831176757812,245.3817596435547,0.822848916053772
game8/Clip3,96,40,player_bottom,666.6085205078125,620.985595703125,639.3395385742188,492.105224609375,693.8775634765625,620.985595703125,0.853609025478363
game8/Clip3,96,41,player_top,616.8223266601562,245.0550537109375,595.8245239257812,171.4850616455078,637.8201293945312,245.0550537109375,0.8498669862747192
game8/Clip3,97,40,player_bottom,668.001953125,618.5084228515625,641.05419921875,491.9058837890625,694.94970703125,618.5084228515625,0.7622889280319214
game8/Clip3,97,41,player_top,617.785888671875,244.64389038085938,596.41650390625,171.63497924804688,639.1552124023438,244.64389038085938,0.841819703578949
game8/Clip3,98,40,player_bottom,662.2613525390625,617.136962890625,635.7875366210938,491.06085205078125,688.7351684570312,617.136962890625,0.8552671074867249
game8/Clip3,98,41,player_top,619.89697265625,244.79818725585938,598.3004760742188,171.716796875,641.4935302734375,244.79818725585938,0.8460925817489624
game8/Clip3,99,40,player_bottom,655.4659423828125,615.9345703125,629.202392578125,489.1191711425781,681.7294311523438,615.9345703125,0.847896933555603
game8/Clip3,99,41,player_top,622.09521484375,245.26040649414062,600.1695556640625,170.67855834960938,644.0208740234375,245.26040649414062,0.8342061042785645
game8/Clip3,100,40,player_bottom,651.306396484375,613.7779541015625,625.2937622070312,487.2986145019531,677.3189697265625,613.7779541015625,0.7925321459770203
game8/Clip3,100,41,player_top,623.925537109375,245.35614013671875,601.778564453125,168.99215698242188,646.072509765625,245.35614013671875,0.8424118161201477
game8/Clip3,101,40,player_bottom,650.3416748046875,613.9937744140625,624.3020629882812,484.1882019042969,676.38134765625,613.9937744140625,0.8304548263549805
game8/Clip3,101,41,player_top,624.906982421875,244.70748901367188,603.1322631835938,168.22946166992188,646.6817626953125,244.70748901367188,0.8720099329948425
game8/Clip3,102,40,player_bottom,648.9991455078125,614.3312377929688,623.0545043945312,481.28118896484375,674.9437255859375,614.3312377929688,0.8201557397842407
game8/Clip3,102,41,player_top,625.58251953125,244.60812377929688,604.1214599609375,168.23269653320312,647.0435791015625,244.60812377929688,0.8825868964195251
game8/Clip3,103,40,player_bottom,649.1019287109375,614.5338745117188,623.5930786132812,480.795654296875,674.6107788085938,614.5338745117188,0.8008095622062683
game8/Clip3,103,41,player_top,626.6676025390625,244.62973022460938,605.3563842773438,168.5044403076172,647.9788818359375,244.62973022460938,0.8643311858177185
game8/Clip3,104,40,player_bottom,646.6698608398438,616.1936645507812,621.9541015625,481.7850036621094,671.3856201171875,616.1936645507812,0.7558632493019104
game8/Clip3,104,41,player_top,628.4642333984375,244.18765258789062,607.1234741210938,169.02601623535156,649.804931640625,244.18765258789062,0.832565426826477
game8/Clip3,105,40,player_bottom,645.099609375,617.662841796875,621.3216552734375,483.57904052734375,668.8775024414062,617.662841796875,0.7185980677604675
game8/Clip3,105,41,player_top,630.1478271484375,243.6586456298828,608.7005615234375,170.3932342529297,651.5950927734375,243.6586456298828,0.8199723958969116
game8/Clip3,106,40,player_bottom,650.5239868164062,618.9461059570312,626.3638305664062,484.77960205078125,674.6841430664062,618.9461059570312,0.8416210412979126
game8/Clip3,106,41,player_top,631.5675048828125,243.56265258789062,609.6961059570312,171.27960205078125,653.43896484375,243.56265258789062,0.8284962177276611
game8/Clip3,107,40,player_bottom,644.4903564453125,619.4212036132812,620.8553466796875,484.8401184082031,668.1253051757812,619.4212036132812,0.7611137628555298
game8/Clip3,107,41,player_top,631.613037109375,243.59793090820312,609.1826171875,171.38323974609375,654.0435180664062,243.59793090820312,0.8312868475914001
game8/Clip3,108,40,player_bottom,641.08349609375,618.9966430664062,617.9210205078125,484.0894775390625,664.2459106445312,618.9966430664062,0.7934320569038391
game8/Clip3,108,41,player_top,631.6075439453125,243.65664672851562,608.29296875,170.01535034179688,654.922119140625,243.65664672851562,0.8476560711860657
game8/Clip3,109,40,player_bottom,638.2328491210938,617.088134765625,615.5115966796875,482.6128845214844,660.9541015625,617.088134765625,0.8029772043228149
game8/Clip3,109,41,player_top,631.459228515625,243.5784454345703,607.9168701171875,170.49472045898438,655.0015258789062,243.5784454345703,0.8485926985740662
game8/Clip3,110,40,player_bottom,636.493408203125,615.194091796875,613.7612915039062,481.5906677246094,659.2255859375,615.194091796875,0.7828144431114197
game8/Clip3,110,41,player_top,631.7422485351562,243.48741149902344,608.5323486328125,172.987548828125,654.9521484375,243.48741149902344,0.8325256109237671
game8/Clip3,111,40,player_bottom,633.740478515625,612.0677490234375,611.2060546875,481.3955993652344,656.2749633789062,612.0677490234375,0.8288092613220215
game8/Clip3,111,41,player_top,633.773681640625,243.28741455078125,610.4169921875,173.09519958496094,657.13037109375,243.28741455078125,0.8079869747161865
game8/Clip3,112,40,player_bottom,630.2117919921875,610.643798828125,607.6686401367188,482.37469482421875,652.7548828125,610.643798828125,0.8391774892807007
game8/Clip3,112,41,player_top,638.3267822265625,243.32992553710938,614.7997436523438,172.49118041992188,661.853759765625,243.32992553710938,0.8226206302642822
game8/Clip3,113,40,player_bottom,626.386474609375,611.0585327148438,603.3826904296875,484.7886657714844,649.3901977539062,611.0585327148438,0.7965333461761475
game8/Clip3,113,41,player_top,644.681640625,243.139404296875,621.68310546875,172.6992645263672,667.6801147460938,243.139404296875,0.8208427429199219
game8/Clip3,114,40,player_bottom,627.4828491210938,611.3049926757812,603.2453002929688,486.5,651.7203979492188,611.3049926757812,0.8257700204849243
game8/Clip3,114,41,player_top,651.4117431640625,243.07040405273438,629.2020874023438,173.0154571533203,673.6214599609375,243.07040405273438,0.7846093773841858
game8/Clip3,115,40,player_bottom,626.787109375,612.07275390625,601.748046875,489.3890686035156,651.826171875,612.07275390625,0.8894740343093872
game8/Clip3,115,41,player_top,657.5906982421875,243.1603546142578,636.1190795898438,172.9041748046875,679.0623779296875,243.1603546142578,0.7997559309005737
game8/Clip3,116,40,player_bottom,624.2256469726562,613.7128295898438,598.6477661132812,492.2818603515625,649.8035278320312,613.7128295898438,0.8648568391799927
game8/Clip3,116,41,player_top,662.4675903320312,245.07864379882812,641.267333984375,173.2024383544922,683.6678466796875,245.07864379882812,0.8009929060935974
game8/Clip3,117,40,player_bottom,622.8728637695312,614.560302734375,596.8114013671875,493.77545166015625,648.934326171875,614.560302734375,0.8444482684135437
game8/Clip3,117,41,player_top,666.177490234375,247.37696838378906,645.0239868164062,173.51478576660156,687.3309936523438,247.37696838378906,0.7838588356971741
game8/Clip3,118,40,player_bottom,621.114013671875,614.6874389648438,594.6466064453125,493.6095886230469,647.5814819335938,614.6874389648438,0.8626004457473755
game8/Clip3,118,41,player_top,670.7198486328125,248.2407989501953,649.7916259765625,173.30352783203125,691.6480712890625,248.2407989501953,0.8260338306427002
game8/Clip3,119,40,player_bottom,620.0347290039062,615.4422607421875,592.8473510742188,491.4139099121094,647.2221069335938,615.4422607421875,0.8721733093261719
game8/Clip3,119,41,player_top,674.4329833984375,248.5336456298828,653.9879760742188,173.5831756591797,694.8779296875,248.5336456298828,0.8159236907958984
game8/Clip3,120,40,player_bottom,618.5919799804688,615.7759399414062,591.0662231445312,489.47052001953125,646.1177368164062,615.7759399414062,0.8609542846679688
game8/Clip3,120,41,player_top,678.448974609375,248.2036895751953,658.3285522460938,173.23696899414062,698.5694580078125,248.2036895751953,0.7835731506347656
game8/Clip3,121,40,player_bottom,618.4445190429688,616.5071411132812,590.6968383789062,488.26422119140625,646.1921997070312,616.5071411132812,0.8708911538124084
game8/Clip3,121,41,player_top,682.006103515625,247.74012756347656,661.8237915039062,171.8059844970703,702.1884155273438,247.74012756347656,0.8234619498252869
game8/Clip3,122,40,player_bottom,617.197998046875,617.0494995117188,589.6925048828125,487.966796875,644.7035522460938,617.0494995117188,0.8640983700752258
game8/Clip3,122,41,player_top,684.4677734375,247.2487030029297,664.262451171875,170.5746612548828,704.6730346679688,247.2487030029297,0.8296478986740112
game8/Clip3,123,40,player_bottom,616.414306640625,620.1746215820312,588.8795166015625,488.623291015625,643.9491577148438,620.1746215820312,0.8435354828834534
game8/Clip3,123,41,player_top,688.433349609375,245.31715393066406,668.4011840820312,168.31382751464844,708.4655151367188,245.31715393066406,0.8287473320960999
game8/Clip3,124,40,player_bottom,615.03662109375,622.6227416992188,587.93017578125,490.3595275878906,642.14306640625,622.6227416992188,0.8499492406845093
game8/Clip3,124,41,player_top,691.932373046875,243.50543212890625,672.2015991210938,167.07962036132812,711.6632080078125,243.50543212890625,0.8535579442977905
game8/Clip3,125,40,player_bottom,613.7977294921875,625.9810791015625,587.2676391601562,493.62158203125,640.327880859375,625.9810791015625,0.8387191295623779
game8/Clip3,125,41,player_top,696.1221923828125,241.5561981201172,676.59912109375,165.40170288085938,715.6453247070312,241.5561981201172,0.8382363319396973
game8/Clip3,126,40,player_bottom,612.4419555664062,629.068603515625,586.5234985351562,496.7850646972656,638.3604125976562,629.068603515625,0.8556014895439148
game8/Clip3,126,41,player_top,699.21142578125,239.04737854003906,680.0437622070312,164.63214111328125,718.379150390625,239.04737854003906,0.8326979279518127
game8/Clip3,127,40,player_bottom,611.1640014648438,632.4006958007812,585.6407470703125,499.35479736328125,636.687255859375,632.4006958007812,0.859822690486908
game8/Clip3,127,41,player_top,702.9522705078125,237.2664794921875,684.0260620117188,164.7904052734375,721.8785400390625,237.2664794921875,0.798345685005188
game8/Clip3,128,40,player_bottom,610.8663330078125,634.9348754882812,585.73193359375,501.8855895996094,636.0007934570312,634.9348754882812,0.8586952686309814
game8/Clip3,128,41,player_top,706.1331787109375,235.94833374023438,687.1341552734375,164.28057861328125,725.1322021484375,235.94833374023438,0.8180783987045288
game8/Clip3,129,40,player_bottom,610.916748046875,637.51123046875,585.8151245117188,503.4283752441406,636.0183715820312,637.51123046875,0.8699015974998474
game8/Clip3,129,41,player_top,710.633056640625,235.38064575195312,691.5435791015625,164.39285278320312,729.7225952148438,235.38064575195312,0.840950071811676
game8/Clip3,130,40,player_bottom,611.2427978515625,638.55908203125,586.3204956054688,504.8782043457031,636.1651611328125,638.55908203125,0.8691901564598083
game8/Clip3,130,41,player_top,713.3802490234375,235.4852752685547,693.9275512695312,164.02493286132812,732.8330078125,235.4852752685547,0.8416007161140442
game8/Clip3,131,40,player_bottom,611.1782836914062,639.64892578125,586.23095703125,505.3521728515625,636.1256103515625,639.64892578125,0.8762820959091187
game8/Clip3,131,41,player_top,714.9853515625,235.9063262939453,695.2671508789062,164.02162170410156,734.7035522460938,235.9063262939453,0.8231419920921326
game8/Clip3,132,40,player_bottom,610.6222534179688,640.4491577148438,585.5372314453125,504.9422302246094,635.707275390625,640.4491577148438,0.8751888275146484
game8/Clip3,132,41,player_top,716.4808349609375,235.2146759033203,696.5838623046875,162.3708953857422,736.3777465820312,235.2146759033203,0.8116351366043091
game8/Clip3,133,40,player_bottom,609.7374267578125,640.7748413085938,584.6054077148438,504.3841247558594,634.8695068359375,640.7748413085938,0.8624570369720459
game8/Clip3,133,41,player_top,716.737060546875,235.57876586914062,696.6478271484375,160.70338439941406,736.8262329101562,235.57876586914062,0.7958486676216125
game8/Clip3,134,40,player_bottom,607.8334350585938,640.906494140625,582.59765625,503.6873779296875,633.0692138671875,640.906494140625,0.87889564037323
game8/Clip3,134,41,player_top,718.2562255859375,235.89332580566406,698.8741455078125,162.47877502441406,737.6382446289062,235.89332580566406,0.7821945548057556
game8/Clip3,135,40,player_bottom,604.424072265625,641.7568969726562,578.8541870117188,503.9272155761719,629.9939575195312,641.7568969726562,0.8836926221847534
game8/Clip3,135,41,player_top,719.1031494140625,236.52650451660156,700.2625732421875,163.7353515625,737.9437255859375,236.52650451660156,0.8230443000793457
game8/Clip3,136,40,player_bottom,601.2940673828125,643.38232421875,575.2105102539062,505.0350341796875,627.3775634765625,643.38232421875,0.8973607420921326
game8/Clip3,136,41,player_top,719.751953125,236.52171325683594,701.3641967773438,164.4288330078125,738.1396484375,236.52171325683594,0.7955808043479919
game8/Clip3,137,40,player_bottom,596.9221801757812,644.8038330078125,570.330810546875,507.27777099609375,623.5135498046875,644.8038330078125,0.8873942494392395
game8/Clip3,137,41,player_top,720.8468017578125,236.30807495117188,702.6956787109375,164.40814208984375,738.9979858398438,236.30807495117188,0.8150092363357544
game8/Clip3,138,40,player_bottom,593.1824340820312,646.6808471679688,565.9383544921875,509.89739990234375,620.426513671875,646.6808471679688,0.8792582154273987
game8/Clip3,138,41,player_top,721.9458618164062,235.59658813476562,704.0111694335938,163.63719177246094,739.8805541992188,235.59658813476562,0.81779944896698
game8/Clip3,139,40,player_bottom,590.3841552734375,647.8932495117188,562.4603881835938,511.3697204589844,618.3079223632812,647.8932495117188,0.8819953799247742
game8/Clip3,139,41,player_top,722.33447265625,234.3467254638672,704.513916015625,162.1073455810547,740.1549682617188,234.3467254638672,0.8241755366325378
game8/Clip3,140,40,player_bottom,589.1531982421875,648.388916015625,560.6325073242188,511.3890686035156,617.673828125,648.388916015625,0.8855964541435242
game8/Clip3,140,41,player_top,722.7215576171875,233.2647705078125,704.9673461914062,160.8650665283203,740.4757690429688,233.2647705078125,0.8380637168884277
game8/Clip3,141,40,player_bottom,588.745849609375,647.5563354492188,559.6644287109375,510.1531982421875,617.8272705078125,647.5563354492188,0.8816542029380798
game8/Clip3,141,41,player_top,723.1909790039062,231.75454711914062,705.459228515625,159.50962829589844,740.9227294921875,231.75454711914062,0.7997848391532898
game8/Clip3,142,40,player_bottom,587.7071533203125,646.4985961914062,558.2533569335938,509.4101257324219,617.160888671875,646.4985961914062,0.877605140209198
game8/Clip3,142,41,player_top,722.810791015625,229.742919921875,705.0468139648438,157.23141479492188,740.57470703125,229.742919921875,0.7905399799346924
game8/Clip3,143,40,player_bottom,585.591064453125,646.4404296875,555.6710205078125,509.109130859375,615.5111694335938,646.4404296875,0.877935528755188
game8/Clip3,143,41,player_top,721.921142578125,229.25445556640625,703.97314453125,155.63543701171875,739.8690795898438,229.25445556640625,0.8048520088195801
game8/Clip3,144,40,player_bottom,581.7488403320312,646.8758544921875,551.2739868164062,509.517578125,612.2236938476562,646.8758544921875,0.8804160952568054
game8/Clip3,144,41,player_top,721.3289794921875,228.71102905273438,703.2113037109375,154.534423828125,739.4467163085938,228.71102905273438,0.8287616968154907
game8/Clip3,145,40,player_bottom,577.2645263671875,648.435302734375,546.2245483398438,511.16522216796875,608.3045654296875,648.435302734375,0.8910431265830994
game8/Clip3,145,41,player_top,719.4195556640625,227.46878051757812,701.1171875,153.70709228515625,737.7218627929688,227.46878051757812,0.8440209627151489
game8/Clip3,146,40,player_bottom,571.1075439453125,650.7203979492188,539.6895141601562,514.8447875976562,602.5255737304688,650.7203979492188,0.8913639187812805
game8/Clip3,146,41,player_top,716.924072265625,226.5404052734375,698.1184692382812,152.91563415527344,735.7296752929688,226.5404052734375,0.8459551334381104
game8/Clip3,147,40,player_bottom,566.4385375976562,652.9444580078125,534.7145385742188,519.4234008789062,598.1625366210938,652.9444580078125,0.8956553936004639
game8/Clip3,147,41,player_top,714.9263916015625,226.249755859375,695.1543579101562,151.35069274902344,734.698486328125,226.249755859375,0.8290116190910339
game8/Clip3,148,40,player_bottom,563.5777587890625,654.4901733398438,531.5430297851562,523.6036376953125,595.612548828125,654.4901733398438,0.9000810980796814
game8/Clip3,148,41,player_top,714.0684204101562,226.23941040039062,693.60791015625,150.99163818359375,734.5289306640625,226.23941040039062,0.8402442336082458
game8/Clip3,149,40,player_bottom,562.7595825195312,653.8915405273438,530.8759155273438,527.6878662109375,594.6432495117188,653.8915405273438,0.9003171920776367
game8/Clip3,149,41,player_top,713.74462890625,226.17051696777344,692.7467041015625,150.7941436767578,734.7424926757812,226.17051696777344,0.8390728235244751
game8/Clip3,150,40,player_bottom,562.2769775390625,652.3628540039062,530.2244262695312,529.173828125,594.3294677734375,652.3628540039062,0.9020522832870483
game8/Clip3,150,41,player_top,712.559814453125,227.79367065429688,690.58447265625,150.68618774414062,734.5352172851562,227.79367065429688,0.8446743488311768
game8/Clip3,151,40,player_bottom,561.180419921875,650.3045043945312,529.1294555664062,530.1841430664062,593.2314453125,650.3045043945312,0.897200345993042
game8/Clip3,151,41,player_top,712.6375122070312,226.97230529785156,690.3873291015625,150.5297088623047,734.8876953125,226.97230529785156,0.834307074546814
game8/Clip3,152,40,player_bottom,558.4968872070312,649.5921630859375,525.8845825195312,530.83837890625,591.1091918945312,649.5921630859375,0.8913465738296509
game8/Clip3,152,41,player_top,712.6156616210938,226.37782287597656,690.3409423828125,151.22573852539062,734.890380859375,226.37782287597656,0.8135098814964294
game8/Clip3,153,40,player_bottom,557.2188720703125,650.5208129882812,523.3598022460938,531.64794921875,591.0780029296875,650.5208129882812,0.8940495848655701
game8/Clip3,153,41,player_top,711.8160400390625,225.8888702392578,689.0808715820312,150.44334411621094,734.55126953125,225.8888702392578,0.7996379137039185
game8/Clip3,154,40,player_bottom,556.9815673828125,652.9964599609375,521.5839233398438,532.3096313476562,592.3792114257812,652.9964599609375,0.8938411474227905
game8/Clip3,154,41,player_top,710.2081909179688,225.7342071533203,687.318115234375,150.88914489746094,733.0982666015625,225.7342071533203,0.8088071942329407
game8/Clip3,155,40,player_bottom,558.0538940429688,656.1464233398438,521.187744140625,532.7638549804688,594.9200439453125,656.1464233398438,0.8900522589683533
game8/Clip3,155,41,player_top,709.2840576171875,225.42938232421875,686.207275390625,150.03359985351562,732.36083984375,225.42938232421875,0.8236264586448669
game8/Clip3,156,40,player_bottom,559.052490234375,659.0692749023438,521.010986328125,533.16552734375,597.093994140625,659.0692749023438,0.8985834121704102
game8/Clip3,156,41,player_top,706.7875366210938,225.2136688232422,683.7569580078125,149.09915161132812,729.818115234375,225.2136688232422,0.8125371336936951
game8/Clip3,157,40,player_bottom,558.8787231445312,660.3687133789062,520.075439453125,533.1304931640625,597.6820068359375,660.3687133789062,0.8906126022338867
game8/Clip3,157,41,player_top,704.1619873046875,225.10775756835938,680.7626953125,145.66424560546875,727.5613403320312,225.10775756835938,0.8182468414306641
game8/Clip3,158,40,player_bottom,558.2902221679688,660.3257446289062,518.9462890625,531.93701171875,597.6341552734375,660.3257446289062,0.858961820602417
game8/Clip3,158,41,player_top,700.173583984375,225.80337524414062,676.3422241210938,141.6189422607422,724.0048828125,225.80337524414062,0.7970337271690369
game8/Clip3,159,40,player_bottom,556.8494262695312,660.5768432617188,517.08203125,530.6904296875,596.6168212890625,660.5768432617188,0.8202085494995117
game8/Clip3,159,41,player_top,697.4193115234375,226.5570068359375,674.2947998046875,141.39703369140625,720.5437622070312,226.5570068359375,0.8104138970375061
game8/Clip3,160,40,player_bottom,547.2154541015625,660.8104858398438,508.29205322265625,529.1871337890625,586.1388549804688,660.8104858398438,0.595278799533844
game8/Clip3,160,41,player_top,695.033203125,227.24627685546875,672.8165893554688,141.84219360351562,717.2498779296875,227.24627685546875,0.8463931679725647
game8/Clip3,161,40,player_bottom,548.6737670898438,660.9581909179688,509.7185363769531,527.0227661132812,587.6290283203125,660.9581909179688,0.8676335215568542
game8/Clip3,161,41,player_top,692.8114013671875,228.30267333984375,671.8406982421875,144.23348999023438,713.7821655273438,228.30267333984375,0.811491847038269
game8/Clip3,162,40,player_bottom,545.6199951171875,660.9521484375,507.057861328125,525.7387084960938,584.1821899414062,660.9521484375,0.8441663980484009
game8/Clip3,162,41,player_top,691.148681640625,228.87193298339844,671.36669921875,146.70765686035156,710.9306640625,228.87193298339844,0.7790944576263428
game8/Clip3,163,40,player_bottom,540.577880859375,660.9364013671875,502.5321044921875,524.2642822265625,578.6236572265625,660.9364013671875,0.8515399098396301
game8/Clip3,163,41,player_top,688.3189697265625,229.47727966308594,669.4957885742188,149.9033203125,707.1422119140625,229.47727966308594,0.7876145839691162
game8/Clip3,164,40,player_bottom,535.7322998046875,660.561279296875,498.71002197265625,523.8854370117188,572.754638671875,660.561279296875,0.8509221076965332
game8/Clip3,164,41,player_top,685.20458984375,229.9621124267578,666.6734008789062,151.00579833984375,703.7357177734375,229.9621124267578,0.8123919367790222
game8/Clip3,165,40,player_bottom,532.134521484375,660.7471923828125,496.33990478515625,524.1098022460938,567.92919921875,660.7471923828125,0.8333144187927246
game8/Clip3,165,41,player_top,681.5804443359375,230.35287475585938,663.1099243164062,151.8804473876953,700.051025390625,230.35287475585938,0.8321752548217773
game8/Clip3,166,40,player_bottom,529.4344482421875,660.776611328125,494.05303955078125,520.7417602539062,564.8157958984375,660.776611328125,0.8288162350654602
game8/Clip3,166,41,player_top,678.934814453125,230.97235107421875,660.2420654296875,151.968505859375,697.6275024414062,230.97235107421875,0.8273622989654541
game8/Clip3,167,40,player_bottom,527.373779296875,660.4560546875,492.2497863769531,515.3794555664062,562.497802734375,660.4560546875,0.7829805612564087
game8/Clip3,167,41,player_top,677.1978759765625,231.20701599121094,658.561279296875,152.71090698242188,695.8344116210938,231.20701599121094,0.8443967700004578
game8/Clip3,168,40,player_bottom,525.52587890625,660.0050659179688,490.9929504394531,510.85260009765625,560.058837890625,660.0050659179688,0.7976226210594177
game8/Clip3,168,41,player_top,676.4359130859375,231.01290893554688,657.8162231445312,152.88099670410156,695.0555419921875,231.01290893554688,0.8403273224830627
game8/Clip3,169,40,player_bottom,524.2814331054688,659.6054077148438,491.02178955078125,509.7792663574219,557.5410766601562,659.6054077148438,0.7983381748199463
game8/Clip3,169,41,player_top,675.123779296875,230.8814239501953,656.604248046875,152.92198181152344,693.6432495117188,230.8814239501953,0.848320484161377
game8/Clip3,170,40,player_bottom,523.08349609375,659.3944091796875,491.23297119140625,510.17236328125,554.93408203125,659.3944091796875,0.8108561038970947
game8/Clip3,170,41,player_top,674.3736572265625,231.0242156982422,655.9307861328125,152.93563842773438,692.8164672851562,231.0242156982422,0.8460942506790161
game8/Clip3,171,40,player_bottom,522.5215454101562,659.4744262695312,491.8158264160156,510.1900939941406,553.2272338867188,659.4744262695312,0.8131060600280762
game8/Clip3,171,41,player_top,673.5305786132812,231.39881896972656,655.1990966796875,153.44757080078125,691.862060546875,231.39881896972656,0.8376168608665466
game8/Clip3,172,40,player_bottom,522.698486328125,657.794921875,493.1380920410156,509.93621826171875,552.2589111328125,657.794921875,0.7677778005599976
game8/Clip3,172,41,player_top,671.982177734375,231.83189392089844,653.6961669921875,154.09542846679688,690.2681884765625,231.83189392089844,0.8561544418334961
game8/Clip3,173,40,player_bottom,519.152099609375,652.8148193359375,491.6354064941406,510.9723205566406,546.6687622070312,652.8148193359375,0.8056535124778748
game8/Clip3,173,41,player_top,670.5807495117188,232.3979034423828,652.2776489257812,154.63882446289062,688.8838500976562,232.3979034423828,0.8610343337059021
game8/Clip3,174,40,player_bottom,513.2325439453125,651.3445434570312,486.41845703125,511.15533447265625,540.0465698242188,651.3445434570312,0.8116379976272583
game8/Clip3,174,41,player_top,669.449951171875,232.83828735351562,651.1414184570312,155.14088439941406,687.7584838867188,232.83828735351562,0.858288049697876
game8/Clip3,175,40,player_bottom,509.79046630859375,647.3401489257812,483.4529724121094,509.4034423828125,536.1279296875,647.3401489257812,0.8075957298278809
game8/Clip3,175,41,player_top,669.00390625,233.0759735107422,650.6221313476562,155.10243225097656,687.3857421875,233.0759735107422,0.849071741104126
game8/Clip3,176,40,player_bottom,506.95367431640625,644.2871704101562,480.6426696777344,506.5457458496094,533.2647094726562,644.2871704101562,0.8417966365814209
game8/Clip3,176,41,player_top,668.990478515625,232.89523315429688,650.52734375,154.62448120117188,687.45361328125,232.89523315429688,0.8589583039283752
game8/Clip3,177,40,player_bottom,508.70269775390625,641.7415771484375,482.7259826660156,503.98675537109375,534.679443359375,641.7415771484375,0.8297513723373413
game8/Clip3,177,41,player_top,669.18505859375,232.97030639648438,650.7211303710938,154.8874969482422,687.64892578125,232.97030639648438,0.8607137799263
game8/Clip3,178,40,player_bottom,510.89678955078125,640.5857543945312,485.12799072265625,501.85552978515625,536.6655883789062,640.5857543945312,0.8185684680938721
game8/Clip3,178,41,player_top,669.6104736328125,232.85008239746094,651.1226196289062,155.62026977539062,688.0982666015625,232.85008239746094,0.8817940354347229
game8/Clip3,179,40,player_bottom,515.242431640625,640.0445556640625,489.71826171875,500.8139953613281,540.7666015625,640.0445556640625,0.8280685544013977
game8/Clip3,179,41,player_top,670.38232421875,233.40567016601562,651.4990234375,156.4794464111328,689.2656860351562,233.40567016601562,0.8637548089027405
game8/Clip3,180,40,player_bottom,515.875244140625,639.9205932617188,490.9193115234375,501.0452575683594,540.8312377929688,639.9205932617188,0.8248159885406494
game8/Clip3,180,41,player_top,670.7493896484375,235.03773498535156,651.528076171875,159.43214416503906,689.9706420898438,235.03773498535156,0.8199928998947144
game8/Clip3,181,40,player_bottom,515.5770263671875,640.2671508789062,491.19439697265625,501.6922912597656,539.959716796875,640.2671508789062,0.8174518346786499
game8/Clip3,181,41,player_top,671.218994140625,236.59970092773438,651.330078125,160.9549560546875,691.1078491210938,236.59970092773438,0.8302728533744812
game8/Clip3,182,40,player_bottom,525.146728515625,640.6806640625,499.7981872558594,502.59759521484375,550.4952392578125,640.6806640625,0.840086817741394
game8/Clip3,182,41,player_top,670.9520263671875,237.24693298339844,650.7030639648438,162.68113708496094,691.2009887695312,237.24693298339844,0.8447538018226624
game8/Clip3,183,40,player_bottom,525.5023803710938,640.125732421875,499.4739685058594,501.1741638183594,551.53076171875,640.125732421875,0.8154763579368591
game8/Clip3,183,41,player_top,670.94873046875,237.4733123779297,650.4108276367188,164.05958557128906,691.4866333007812,237.4733123779297,0.8670490980148315
game8/Clip3,184,40,player_bottom,526.309326171875,639.8742065429688,498.9967346191406,497.50958251953125,553.6218872070312,639.8742065429688,0.8569967150688171
game8/Clip3,184,41,player_top,670.3837890625,237.7004852294922,649.4924926757812,164.7677001953125,691.2750244140625,237.7004852294922,0.8471190929412842
game8/Clip3,185,40,player_bottom,523.9890747070312,639.513916015625,496.03900146484375,496.0838317871094,551.9391479492188,639.513916015625,0.8508305549621582
game8/Clip3,185,41,player_top,670.2359619140625,237.88882446289062,648.8301391601562,164.6038055419922,691.6417846679688,237.88882446289062,0.8517531156539917
game8/Clip3,186,40,player_bottom,518.942138671875,636.5969848632812,491.19659423828125,496.47283935546875,546.6876220703125,636.5969848632812,0.8389524817466736
game8/Clip3,186,41,player_top,670.554443359375,237.8834991455078,648.4559936523438,163.3032684326172,692.6529541015625,237.8834991455078,0.8445478081703186
game8/Clip3,187,40,player_bottom,512.2166748046875,634.0515747070312,484.33624267578125,497.80059814453125,540.0970458984375,634.0515747070312,0.8423888683319092
game8/Clip3,187,41,player_top,672.936279296875,237.9476318359375,650.3378295898438,162.15025329589844,695.5347900390625,237.9476318359375,0.7777844071388245
game8/Clip3,188,40,player_bottom,507.99774169921875,632.2604370117188,479.6387634277344,499.71197509765625,536.356689453125,632.2604370117188,0.8635123372077942
game8/Clip3,188,41,player_top,676.8873901367188,237.86915588378906,654.1670532226562,161.42933654785156,699.6077270507812,237.86915588378906,0.8137454986572266
game8/Clip3,189,40,player_bottom,505.27545166015625,629.9816284179688,476.46429443359375,502.52923583984375,534.0866088867188,629.9816284179688,0.8854981064796448
game8/Clip3,189,41,player_top,682.8079833984375,237.87600708007812,660.4962768554688,161.43804931640625,705.11962890625,237.87600708007812,0.8288179039955139
game8/Clip3,190,40,player_bottom,505.05865478515625,629.0962524414062,475.1038513183594,504.3135986328125,535.0134887695312,629.0962524414062,0.894547164440155
game8/Clip3,190,41,player_top,689.2131958007812,237.6621856689453,667.8283081054688,162.15867614746094,710.5980834960938,237.6621856689453,0.8178545236587524
game8/Clip3,191,40,player_bottom,505.01995849609375,628.6746826171875,474.7982177734375,510.0622253417969,535.24169921875,628.6746826171875,0.9021849632263184
game8/Clip3,191,41,player_top,694.768798828125,238.43687438964844,674.2041015625,163.40432739257812,715.33349609375,238.43687438964844,0.8183076977729797
game8/Clip3,192,40,player_bottom,505.86968994140625,629.2552490234375,474.4717102050781,512.4512939453125,537.2676391601562,629.2552490234375,0.8989986777305603
game8/Clip3,192,41,player_top,698.815185546875,240.31744384765625,678.9282836914062,165.42184448242188,718.7021484375,240.31744384765625,0.8066999316215515
game8/Clip3,193,40,player_bottom,507.40167236328125,629.8911743164062,474.5268859863281,513.5648193359375,540.2764282226562,629.8911743164062,0.8866138458251953
game8/Clip3,193,41,player_top,702.1956787109375,241.55062866210938,682.841552734375,167.01052856445312,721.5498046875,241.55062866210938,0.8147591352462769
game8/Clip3,194,40,player_bottom,510.1881103515625,630.1398315429688,475.2663879394531,512.0780029296875,545.1098022460938,630.1398315429688,0.8944497108459473
game8/Clip3,194,41,player_top,706.07177734375,241.74539184570312,686.8834228515625,167.05052185058594,725.2601928710938,241.74539184570312,0.8226814270019531
game8/Clip3,195,40,player_bottom,512.9004516601562,630.3714599609375,476.29248046875,510.0464172363281,549.5084228515625,630.3714599609375,0.9025058746337891
game8/Clip3,195,41,player_top,711.784423828125,241.53392028808594,692.4510498046875,168.00335693359375,731.1177978515625,241.53392028808594,0.8403236269950867
game8/Clip3,196,40,player_bottom,516.6113891601562,630.4197387695312,478.7281494140625,507.0500183105469,554.49462890625,630.4197387695312,0.8988096714019775
game8/Clip3,196,41,player_top,715.9724731445312,241.72117614746094,696.0955810546875,168.04884338378906,735.849365234375,241.72117614746094,0.857826828956604
game8/Clip3,197,40,player_bottom,522.642822265625,630.4133911132812,484.2520751953125,504.0646667480469,561.0335083007812,630.4133911132812,0.893966019153595
game8/Clip3,197,41,player_top,718.9348754882812,240.26011657714844,698.9432373046875,167.85220336914062,738.926513671875,240.26011657714844,0.858057975769043
game8/Clip3,198,40,player_bottom,528.2042846679688,630.4552612304688,490.1347351074219,501.8206481933594,566.2738647460938,630.4552612304688,0.8759517669677734
game8/Clip3,198,41,player_top,721.8031005859375,240.09451293945312,701.8136596679688,168.06724548339844,741.7925415039062,240.09451293945312,0.8575097322463989
game8/Clip3,199,40,player_bottom,530.556884765625,631.2339477539062,493.26617431640625,500.7508544921875,567.8475341796875,631.2339477539062,0.8653480410575867
game8/Clip3,199,41,player_top,725.2998657226562,239.89793395996094,705.15087890625,166.74188232421875,745.4488525390625,239.89793395996094,0.8295701742172241
game8/Clip3,200,40,player_bottom,533.8598022460938,632.6603393554688,497.3947448730469,501.17254638671875,570.3248291015625,632.6603393554688,0.868483304977417
game8/Clip3,200,41,player_top,727.8319091796875,237.41595458984375,708.3790283203125,166.78599548339844,747.2848510742188,237.41595458984375,0.8101894855499268
game8/Clip3,201,40,player_bottom,539.4879150390625,635.2092895507812,503.4402160644531,503.00677490234375,575.5355834960938,635.2092895507812,0.8825352787971497
game8/Clip3,201,41,player_top,729.9280395507812,237.3394317626953,710.5166015625,166.98500061035156,749.3394775390625,237.3394317626953,0.8168817162513733
game8/Clip3,202,40,player_bottom,545.8823852539062,636.8075561523438,510.0442810058594,504.1796569824219,581.720458984375,636.8075561523438,0.8866165280342102
game8/Clip3,202,41,player_top,732.9471435546875,237.81912231445312,713.2276611328125,166.7313690185547,752.6665649414062,237.81912231445312,0.8011524677276611
game8/Clip3,203,40,player_bottom,550.4033813476562,637.5624389648438,514.9050903320312,505.3617858886719,585.9016723632812,637.5624389648438,0.9026978611946106
game8/Clip3,203,41,player_top,735.9887084960938,238.4844512939453,715.7516479492188,166.37672424316406,756.2257690429688,238.4844512939453,0.8219142556190491
game8/Clip3,204,40,player_bottom,554.4986572265625,637.3679809570312,519.2993774414062,506.11004638671875,589.6978759765625,637.3679809570312,0.8955536484718323
game8/Clip3,204,41,player_top,737.6471557617188,238.45396423339844,717.2052001953125,166.20306396484375,758.089111328125,238.45396423339844,0.8305932283401489
game8/Clip3,205,40,player_bottom,557.877685546875,638.495849609375,522.7593383789062,507.8923034667969,592.9960327148438,638.495849609375,0.8906819224357605
game8/Clip3,205,41,player_top,739.4178466796875,237.65187072753906,719.4146118164062,166.83236694335938,759.4210205078125,237.65187072753906,0.8437982201576233
game8/Clip3,206,40,player_bottom,559.5477294921875,641.0416259765625,523.9257202148438,509.28607177734375,595.1697387695312,641.0416259765625,0.8926585912704468
game8/Clip3,206,41,player_top,740.8204345703125,236.68875122070312,721.336669921875,167.1710205078125,760.3041381835938,236.68875122070312,0.8155065774917603
game8/Clip3,207,40,player_bottom,560.1987915039062,643.6541748046875,524.3980102539062,512.806884765625,595.9995727539062,643.6541748046875,0.8991783857345581
game8/Clip3,207,41,player_top,740.657470703125,237.37570190429688,721.3853759765625,167.3428497314453,759.9295654296875,237.37570190429688,0.7890074253082275
game8/Clip3,208,40,player_bottom,560.0048217773438,645.70361328125,524.0802612304688,516.1759033203125,595.9293823242188,645.70361328125,0.8984972238540649
game8/Clip3,208,41,player_top,741.39404296875,237.2950897216797,722.3974609375,166.85635375976562,760.3905639648438,237.2950897216797,0.8071586489677429
game8/Clip3,209,40,player_bottom,560.4490966796875,647.3421020507812,524.5401611328125,519.0572509765625,596.3580932617188,647.3421020507812,0.8975365161895752
game8/Clip3,209,41,player_top,742.555419921875,237.2039337158203,723.8544921875,166.77464294433594,761.25634765625,237.2039337158203,0.8141641616821289
game8/Clip3,210,40,player_bottom,560.9717407226562,647.9251098632812,524.8600463867188,519.7784423828125,597.0834350585938,647.9251098632812,0.9023893475532532
game8/Clip3,210,41,player_top,743.5216064453125,237.30270385742188,724.887939453125,165.89013671875,762.1553344726562,237.30270385742188,0.8026981353759766
game8/Clip3,211,40,player_bottom,560.846435546875,647.3163452148438,524.2844848632812,518.3435668945312,597.4083251953125,647.3163452148438,0.8971641063690186
game8/Clip3,211,41,player_top,744.407470703125,236.56808471679688,725.888427734375,164.7271270751953,762.926513671875,236.56808471679688,0.8123515248298645
game8/Clip3,212,40,player_bottom,560.4139404296875,646.3983764648438,523.055419921875,514.9293823242188,597.7724609375,646.3983764648438,0.8910443782806396
game8/Clip3,212,41,player_top,744.4676513671875,235.92849731445312,726.0294799804688,163.8015594482422,762.9058837890625,235.92849731445312,0.8224513530731201
game8/Clip3,213,40,player_bottom,559.5610961914062,645.730224609375,521.4229736328125,511.42626953125,597.69921875,645.730224609375,0.8872572183609009
game8/Clip3,213,41,player_top,744.2640991210938,234.48304748535156,725.8878173828125,162.65489196777344,762.640380859375,234.48304748535156,0.8363774418830872
game8/Clip3,214,40,player_bottom,558.265380859375,645.316162109375,519.6810913085938,509.0234375,596.8496704101562,645.316162109375,0.8959729075431824
game8/Clip3,214,41,player_top,743.826416015625,232.97019958496094,725.4909057617188,161.2821044921875,762.1619873046875,232.97019958496094,0.8101969361305237
game8/Clip3,215,40,player_bottom,554.447021484375,644.4660034179688,515.9982299804688,507.603515625,592.8958129882812,644.4660034179688,0.9035143852233887
game8/Clip3,215,41,player_top,742.8212890625,231.650390625,724.61083984375,160.3297119140625,761.0316772460938,231.650390625,0.8081902265548706
game8/Clip3,216,40,player_bottom,549.9937744140625,644.5068969726562,511.69488525390625,507.3394775390625,588.292724609375,644.5068969726562,0.8843648433685303
game8/Clip3,216,41,player_top,741.5061645507812,231.0571746826172,723.094482421875,159.2943572998047,759.9178466796875,231.0571746826172,0.8307613730430603
game8/Clip3,217,40,player_bottom,544.9384155273438,644.3089599609375,507.0511169433594,508.1758117675781,582.8257446289062,644.3089599609375,0.8799775838851929
game8/Clip3,217,41,player_top,738.8603515625,229.45916748046875,720.0364379882812,157.06065368652344,757.6842041015625,229.45916748046875,0.8456817269325256
game8/Clip3,218,40,player_bottom,538.400390625,644.3953247070312,501.2762451171875,510.5399169921875,575.5245361328125,644.3953247070312,0.8948420286178589
game8/Clip3,218,41,player_top,736.4718627929688,227.7049560546875,717.328125,155.43594360351562,755.6156005859375,227.7049560546875,0.833934485912323
game8/Clip3,219,40,player_bottom,534.033203125,646.7098388671875,497.2234802246094,514.4794311523438,570.8429565429688,646.7098388671875,0.8982961177825928
game8/Clip3,219,41,player_top,733.2911987304688,227.0162811279297,713.519775390625,154.4517364501953,753.0626220703125,227.0162811279297,0.8254750370979309
game8/Clip3,220,40,player_bottom,531.155517578125,648.7197265625,494.4439392089844,518.6017456054688,567.8671264648438,648.7197265625,0.8973528742790222
game8/Clip3,220,41,player_top,730.9403686523438,226.8704071044922,710.3218994140625,153.26158142089844,751.558837890625,226.8704071044922,0.8338068723678589
game8/Clip3,221,40,player_bottom,528.9957275390625,649.4976806640625,492.2202453613281,521.6314697265625,565.7711791992188,649.4976806640625,0.8934933543205261
game8/Clip3,221,41,player_top,729.4315795898438,226.94810485839844,708.1236572265625,152.5760955810547,750.739501953125,226.94810485839844,0.8400510549545288
game8/Clip3,222,40,player_bottom,527.7913818359375,649.7095336914062,490.6859130859375,522.7224731445312,564.8967895507812,649.7095336914062,0.8986796140670776
game8/Clip3,222,41,player_top,728.6611328125,227.01702880859375,706.8486938476562,152.4739990234375,750.4736328125,227.01702880859375,0.8339760899543762
game8/Clip3,223,40,player_bottom,526.864501953125,648.6056518554688,489.32464599609375,521.7886352539062,564.4044189453125,648.6056518554688,0.9042925238609314
game8/Clip3,223,41,player_top,728.429443359375,227.300048828125,706.2581787109375,152.9189453125,750.6007080078125,227.300048828125,0.8212907910346985
game8/Clip3,224,40,player_bottom,523.592041015625,646.9382934570312,486.0041809082031,520.4556274414062,561.1798706054688,646.9382934570312,0.8930676579475403
game8/Clip3,224,41,player_top,729.7877807617188,227.314208984375,706.9554443359375,152.3494110107422,752.6201171875,227.314208984375,0.8348180055618286
game8/Clip3,225,40,player_bottom,512.6953125,640.542724609375,477.094970703125,519.535888671875,548.2955932617188,640.542724609375,0.8577248454093933
game8/Clip3,225,41,player_top,730.4320068359375,227.1722869873047,706.990478515625,151.5706329345703,753.87353515625,227.1722869873047,0.8349882364273071
game8/Clip3,226,40,player_bottom,507.428466796875,643.6981201171875,471.0209655761719,518.9383544921875,543.8359985351562,643.6981201171875,0.8586196899414062
game8/Clip3,226,41,player_top,730.4481811523438,227.05601501464844,706.4354858398438,150.98944091796875,754.4608764648438,227.05601501464844,0.7698598504066467
game8/Clip3,227,40,player_bottom,498.91522216796875,645.8607177734375,462.5677185058594,518.3877563476562,535.2627563476562,645.8607177734375,0.7893822193145752
game8/Clip3,227,4,player_top,467.66247696137765,179.54893411985586,446.7344866685464,120.09147796630859,488.590497771787,179.54893411985586,0.7212312117428846
game8/Clip3,228,40,player_bottom,493.2565612792969,647.4755249023438,457.247802734375,518.2518920898438,529.2653198242188,647.4755249023438,0.8677912354469299
game8/Clip3,228,41,player_top,725.6524047851562,226.02088928222656,702.2018432617188,150.49957275390625,749.1029663085938,226.02088928222656,0.7485063672065735
game8/Clip3,229,40,player_bottom,489.44140625,647.6621704101562,453.7423400878906,516.9055786132812,525.1404418945312,647.6621704101562,0.8817110061645508
game8/Clip3,229,41,player_top,724.81298828125,225.76278686523438,701.2449951171875,149.52194213867188,748.3810424804688,225.76278686523438,0.8169828057289124
game8/Clip3,230,40,player_bottom,486.6788635253906,646.5012817382812,451.380615234375,514.5785522460938,521.9771118164062,646.5012817382812,0.8558380007743835
game8/Clip3,230,41,player_top,722.5576782226562,225.60662841796875,698.9811401367188,148.26905822753906,746.1342163085938,225.60662841796875,0.8418599367141724
game8/Clip3,231,40,player_bottom,482.7718505859375,644.573486328125,448.3524169921875,512.9258422851562,517.1912841796875,644.573486328125,0.8758458495140076
game8/Clip3,231,41,player_top,718.0631103515625,226.08277893066406,694.6141357421875,146.78262329101562,741.5120849609375,226.08277893066406,0.841745138168335
game8/Clip3,232,40,player_bottom,481.5417785644531,640.5503540039062,447.54901123046875,510.7277526855469,515.5345458984375,640.5503540039062,0.8477939367294312
game8/Clip3,232,41,player_top,714.38330078125,226.9833221435547,691.4893188476562,146.6300506591797,737.2772827148438,226.9833221435547,0.8063580989837646
game8/Clip3,233,40,player_bottom,477.7901916503906,634.081298828125,445.10223388671875,510.8252868652344,510.4781494140625,634.081298828125,0.8611059188842773
game8/Clip3,233,41,player_top,711.596923828125,228.58438110351562,689.2542114257812,146.8982696533203,733.939697265625,228.58438110351562,0.7983402609825134
game8/Clip3,234,40,player_bottom,469.5399169921875,630.6636352539062,437.06085205078125,510.6749267578125,502.01898193359375,630.6636352539062,0.8722679615020752
game8/Clip3,234,41,player_top,709.1019897460938,229.8099822998047,687.5416870117188,147.79835510253906,730.6622924804688,229.8099822998047,0.7895800471305847
game8/Clip3,235,40,player_bottom,462.596435546875,625.8877563476562,430.1324157714844,510.9139404296875,495.0604248046875,625.8877563476562,0.881071150302887
game8/Clip3,235,41,player_top,705.798828125,230.4075164794922,684.9003295898438,148.96949768066406,726.6973266601562,230.4075164794922,0.8101170659065247
game8/Clip3,236,40,player_bottom,449.9427490234375,630.6255493164062,416.4383544921875,512.6961059570312,483.4471740722656,630.6255493164062,0.7095670104026794
game8/Clip3,236,41,player_top,702.3253173828125,230.17764282226562,682.0193481445312,150.0026092529297,722.63134765625,230.17764282226562,0.8399963974952698
game8/Clip3,237,40,player_bottom,441.8438720703125,633.745361328125,407.69140625,512.7263793945312,475.996337890625,633.745361328125,0.7030264139175415
game8/Clip3,237,41,player_top,699.213134765625,230.9417266845703,678.9423828125,150.90415954589844,719.48388671875,230.9417266845703,0.8604376316070557
game8/Clip3,238,40,player_bottom,437.09539794921875,634.91259765625,402.9921875,513.1465454101562,471.1986389160156,634.91259765625,0.7622506618499756
game8/Clip3,238,41,player_top,696.5470581054688,231.5452117919922,676.307861328125,152.07240295410156,716.7862548828125,231.5452117919922,0.8776813745498657
game8/Clip3,239,40,player_bottom,441.22998046875,635.5811767578125,404.08868408203125,504.2980651855469,478.3713073730469,635.5811767578125,0.7145041823387146
game8/Clip3,239,41,player_top,695.329833984375,231.71414184570312,675.243896484375,153.25936889648438,715.4158325195312,231.71414184570312,0.8516064286231995
game8/Clip3,240,40,player_bottom,440.8753662109375,635.7754516601562,404.44281005859375,510.3381652832031,477.3079528808594,635.7754516601562,0.8293173313140869
game8/Clip3,240,41,player_top,692.9827880859375,231.85537719726562,672.9774169921875,153.21583557128906,712.9882202148438,231.85537719726562,0.8344204425811768
game8/Clip3,241,40,player_bottom,433.02325439453125,635.3911743164062,397.71685791015625,513.4031372070312,468.3296203613281,635.3911743164062,0.8789055943489075
game8/Clip3,241,41,player_top,690.9976806640625,232.8844757080078,671.091552734375,153.98593139648438,710.9038696289062,232.8844757080078,0.8437247276306152
game8/Clip3,242,40,player_bottom,428.672607421875,634.2691040039062,393.9305419921875,513.220703125,463.4146728515625,634.2691040039062,0.8807740211486816
game8/Clip3,242,41,player_top,688.6441650390625,233.52577209472656,668.9530639648438,155.22080993652344,708.3352661132812,233.52577209472656,0.854464590549469
game8/Clip3,243,40,player_bottom,426.6021728515625,633.4652709960938,391.849365234375,511.0351257324219,461.3549499511719,633.4652709960938,0.8882362842559814
game8/Clip3,243,41,player_top,686.0460205078125,233.81494140625,666.3692626953125,156.10934448242188,705.7228393554688,233.81494140625,0.8615424633026123
game8/Clip3,244,40,player_bottom,426.3028564453125,632.583740234375,390.60723876953125,507.134765625,461.99847412109375,632.583740234375,0.8902083039283752
game8/Clip3,244,41,player_top,684.5884399414062,233.9822235107422,664.738037109375,156.40158081054688,704.4388427734375,233.9822235107422,0.8624569177627563
game8/Clip3,245,40,player_bottom,422.83123779296875,630.203857421875,386.3310852050781,502.8337707519531,459.3313903808594,630.203857421875,0.8871096968650818
game8/Clip3,245,41,player_top,684.1072998046875,234.07852172851562,664.0548706054688,156.16908264160156,704.15966796875,234.07852172851562,0.8641371726989746
game8/Clip3,246,40,player_bottom,419.9108581542969,620.8876953125,384.27716064453125,498.5355529785156,455.5445556640625,620.8876953125,0.8645733594894409
game8/Clip3,246,41,player_top,683.7872314453125,234.12205505371094,663.728759765625,156.66653442382812,703.845703125,234.12205505371094,0.8609272241592407
game8/Clip3,247,40,player_bottom,417.5386047363281,614.00341796875,382.8183898925781,496.012939453125,452.2588195800781,614.00341796875,0.891703724861145
game8/Clip3,247,41,player_top,683.8596801757812,233.71543884277344,663.8526611328125,156.82228088378906,703.86669921875,233.71543884277344,0.8502255082130432
game8/Clip3,248,40,player_bottom,416.9593505859375,611.4912109375,382.3613586425781,494.6195373535156,451.557373046875,611.4912109375,0.8933351039886475
game8/Clip3,248,41,player_top,683.5899658203125,233.15354919433594,663.6538696289062,157.24078369140625,703.5260009765625,233.15354919433594,0.8550466895103455
game8/Clip3,249,40,player_bottom,418.15814208984375,611.32958984375,383.543212890625,493.9946594238281,452.7731018066406,611.32958984375,0.8889868855476379
game8/Clip3,249,41,player_top,683.1171875,232.5316619873047,663.19873046875,157.90438842773438,703.03564453125,232.5316619873047,0.8478085994720459
game8/Clip3,250,40,player_bottom,419.15679931640625,611.4215087890625,384.8380432128906,493.5397033691406,453.47552490234375,611.4215087890625,0.8737103343009949
game8/Clip3,250,41,player_top,682.8963623046875,231.93484497070312,662.9144287109375,159.14076232910156,702.8782348632812,231.93484497070312,0.8417385220527649
game8/Clip3,251,40,player_bottom,420.5860290527344,612.1243896484375,386.8125,493.624755859375,454.35955810546875,612.1243896484375,0.8823620676994324
game8/Clip3,251,41,player_top,682.1361083984375,231.74655151367188,661.718994140625,159.9365234375,702.5532836914062,231.74655151367188,0.8522198796272278
game8/Clip3,252,40,player_bottom,421.09637451171875,613.0892944335938,388.0006103515625,494.37939453125,454.1921691894531,613.0892944335938,0.8752399682998657
game8/Clip3,252,41,player_top,681.708984375,231.60971069335938,660.8174438476562,160.57887268066406,702.6004638671875,231.60971069335938,0.851733922958374
game8/Clip3,253,40,player_bottom,422.2734375,613.150390625,390.3802795410156,496.1352844238281,454.1665954589844,613.150390625,0.8607969880104065
game8/Clip3,253,41,player_top,681.6429443359375,231.38858032226562,660.1513061523438,160.3820343017578,703.1346435546875,231.38858032226562,0.8580368161201477
game8/Clip3,254,40,player_bottom,424.2804260253906,613.6783447265625,393.34033203125,498.402099609375,455.22052001953125,613.6783447265625,0.8696817755699158
game8/Clip3,254,41,player_top,681.8826904296875,230.90533447265625,659.7420043945312,159.4668731689453,704.0234375,230.90533447265625,0.8474479913711548
game8/Clip3,255,40,player_bottom,428.81805419921875,613.5546264648438,398.19573974609375,499.966796875,459.4403381347656,613.5546264648438,0.8911535143852234
game8/Clip3,255,41,player_top,680.868408203125,230.21139526367188,658.054931640625,158.14146423339844,703.6818237304688,230.21139526367188,0.8260695934295654
game8/Clip3,256,40,player_bottom,432.69708251953125,613.408203125,401.9991149902344,501.23846435546875,463.39501953125,613.408203125,0.8844125866889954
game8/Clip3,256,41,player_top,678.189453125,230.00271606445312,654.8907470703125,157.48098754882812,701.4882202148438,230.00271606445312,0.8330086469650269
game8/Clip3,257,40,player_bottom,435.8453369140625,613.560546875,404.423583984375,501.0299072265625,467.26708984375,613.560546875,0.8868257403373718
game8/Clip3,257,41,player_top,673.642822265625,229.5420684814453,649.7749633789062,156.70401000976562,697.5106201171875,229.5420684814453,0.8363378047943115
game8/Clip3,258,40,player_bottom,438.9732666015625,612.9012451171875,406.6966247558594,500.0916748046875,471.2499084472656,612.9012451171875,0.8921698331832886
game8/Clip3,258,41,player_top,667.029541015625,228.6266632080078,643.06689453125,156.02700805664062,690.9922485351562,228.6266632080078,0.762423574924469
game8/Clip3,259,40,player_bottom,442.00738525390625,610.9627685546875,408.86383056640625,498.3507080078125,475.1509094238281,610.9627685546875,0.8719164729118347
game8/Clip3,259,41,player_top,661.2395629882812,227.76414489746094,637.8219604492188,155.87002563476562,684.6571655273438,227.76414489746094,0.7784326076507568
game8/Clip3,260,40,player_bottom,448.60589599609375,610.0778198242188,414.1270751953125,496.41796875,483.0846862792969,610.0778198242188,0.8528756499290466
game8/Clip3,260,41,player_top,652.2738647460938,228.2483367919922,628.433349609375,154.94456481933594,676.1143798828125,228.2483367919922,0.7871443033218384
game8/Clip3,261,40,player_bottom,462.71307373046875,608.6815185546875,428.152587890625,495.0091552734375,497.2735900878906,608.6815185546875,0.8887965679168701
game8/Clip3,261,41,player_top,648.718994140625,228.58935546875,625.1115112304688,155.60450744628906,672.326416015625,228.58935546875,0.7581098675727844
game8/Clip3,262,40,player_bottom,474.40203857421875,607.8443603515625,439.8487854003906,493.0900573730469,508.9552917480469,607.8443603515625,0.8758133053779602
game8/Clip3,262,41,player_top,641.8101806640625,228.33261108398438,617.9228515625,154.81028747558594,665.6975708007812,228.33261108398438,0.8017110228538513
game8/Clip3,263,40,player_bottom,483.9034729003906,608.1493530273438,449.2745361328125,490.9300842285156,518.5324096679688,608.1493530273438,0.8158786296844482
game8/Clip3,263,41,player_top,633.9107666015625,227.24671936035156,609.9229125976562,154.16818237304688,657.8986206054688,227.24671936035156,0.8206843137741089
game8/Clip3,264,40,player_bottom,491.7528076171875,608.9922485351562,457.3785095214844,489.5459899902344,526.1270751953125,608.9922485351562,0.8793086409568787
game8/Clip3,264,41,player_top,626.6770629882812,228.55194091796875,602.30322265625,154.62704467773438,651.0509033203125,228.55194091796875,0.7890357971191406
game8/Clip3,265,40,player_bottom,498.38983154296875,607.344482421875,465.1839294433594,489.11474609375,531.595703125,607.344482421875,0.864924967288971
game8/Clip3,265,41,player_top,620.0132446289062,229.1065673828125,595.444580078125,155.0247344970703,644.5819091796875,229.1065673828125,0.7946370244026184
game8/Clip3,266,40,player_bottom,504.52777099609375,613.1854248046875,470.71807861328125,489.2574157714844,538.3374633789062,613.1854248046875,0.8670126795768738
game8/Clip3,266,4,player_top,467.5256357972051,179.6301835610833,446.4089658925231,119.45764465332032,488.6423362194652,179.6301835610833,0.7225806933053782
game8/Clip3,267,40,player_bottom,510.39056396484375,615.8419799804688,477.3307189941406,490.93695068359375,543.4503784179688,615.8419799804688,0.8443208336830139
game8/Clip3,267,41,player_top,614.287353515625,229.98550415039062,589.573974609375,154.02047729492188,639.0006713867188,229.98550415039062,0.7470182776451111
game8/Clip3,268,40,player_bottom,516.546630859375,618.1531982421875,484.478271484375,494.0721435546875,548.6150512695312,618.1531982421875,0.8397036790847778
game8/Clip3,268,41,player_top,610.1715698242188,229.65457153320312,585.648681640625,153.83375549316406,634.6944580078125,229.65457153320312,0.8357393145561218
game8/Clip3,269,40,player_bottom,525.9215698242188,619.4312133789062,494.1930847167969,496.6982727050781,557.6500244140625,619.4312133789062,0.8473809361457825
game8/Clip3,269,41,player_top,606.7236328125,229.55223083496094,582.3753051757812,154.02037048339844,631.072021484375,229.55223083496094,0.8171005845069885
game8/Clip3,270,40,player_bottom,533.8947143554688,619.418212890625,502.2086486816406,498.6681213378906,565.5807495117188,619.418212890625,0.8469952344894409
game8/Clip3,270,41,player_top,605.2374267578125,229.2849578857422,580.9163208007812,153.51449584960938,629.5585327148438,229.2849578857422,0.8327943682670593
game8/Clip3,271,40,player_bottom,540.45849609375,620.6384887695312,507.76849365234375,499.3556213378906,573.1484375,620.6384887695312,0.883429765701294
game8/Clip3,271,41,player_top,603.439208984375,228.62286376953125,579.7096557617188,154.5723114013672,627.1688232421875,228.62286376953125,0.82181316614151
game8/Clip3,272,40,player_bottom,544.8021850585938,623.1597900390625,510.4196472167969,497.8805847167969,579.1847534179688,623.1597900390625,0.872812032699585
game8/Clip3,272,41,player_top,601.341552734375,228.57254028320312,578.2755737304688,155.8923797607422,624.407470703125,228.57254028320312,0.8052796721458435
game8/Clip3,273,40,player_bottom,549.6799926757812,624.7516479492188,514.6673583984375,497.20050048828125,584.692626953125,624.7516479492188,0.8470944166183472
game8/Clip3,273,41,player_top,598.212890625,228.26641845703125,575.8072509765625,156.5628662109375,620.6185913085938,228.26641845703125,0.8167557716369629
game8/Clip3,274,40,player_bottom,555.7698364257812,625.4188842773438,520.7044677734375,496.0133972167969,590.835205078125,625.4188842773438,0.869830310344696
game8/Clip3,274,41,player_top,593.8826293945312,228.49932861328125,571.4439697265625,155.49462890625,616.3212890625,228.49932861328125,0.8036028146743774
game8/Clip3,275,40,player_bottom,565.7867431640625,624.8417358398438,531.1721801757812,493.9628601074219,600.4012451171875,624.8417358398438,0.8424171209335327
game8/Clip3,275,41,player_top,587.551513671875,228.63113403320312,565.4163818359375,155.09193420410156,609.6867065429688,228.63113403320312,0.7499872446060181
game8/Clip3,276,40,player_bottom,573.3131713867188,623.5525512695312,539.3253173828125,492.37213134765625,607.301025390625,623.5525512695312,0.8487564325332642
game8/Clip3,276,41,player_top,583.346435546875,228.12847900390625,561.5736694335938,153.9356689453125,605.1192016601562,228.12847900390625,0.7547089457511902
game8/Clip3,277,40,player_bottom,579.62109375,622.7697143554688,546.34423828125,491.95159912109375,612.8980102539062,622.7697143554688,0.8600656390190125
game8/Clip3,277,41,player_top,579.775390625,229.537353515625,557.6884765625,151.7157745361328,601.8623046875,229.537353515625,0.7759919762611389
game8/Clip3,278,40,player_bottom,586.5823364257812,625.1854248046875,553.4475708007812,492.3954772949219,619.7171020507812,625.1854248046875,0.8516825437545776
game8/Clip3,278,41,player_top,576.5855102539062,231.6404571533203,554.644287109375,152.7041015625,598.5267333984375,231.6404571533203,0.7723531723022461
game8/Clip3,279,40,player_bottom,593.5568237304688,628.4131469726562,560.6452026367188,494.2357177734375,626.4684448242188,628.4131469726562,0.8583425879478455
game8/Clip3,279,41,player_top,572.062255859375,232.4499053955078,550.091796875,152.9154815673828,594.0326538085938,232.4499053955078,0.7904366254806519
game8/Clip3,280,40,player_bottom,603.320068359375,631.4623413085938,570.5877075195312,498.08685302734375,636.052490234375,631.4623413085938,0.8654502630233765
game8/Clip3,280,41,player_top,565.693115234375,232.93185424804688,543.0562133789062,152.6495361328125,588.3300170898438,232.93185424804688,0.8536393642425537
game8/Clip3,281,40,player_bottom,613.9935302734375,635.4296875,581.1951293945312,502.0760192871094,646.7918701171875,635.4296875,0.8747962117195129
game8/Clip3,281,41,player_top,559.2922973632812,233.11968994140625,536.32568359375,153.66455078125,582.2589111328125,233.11968994140625,0.849470317363739
game8/Clip3,282,40,player_bottom,623.7767333984375,638.7300415039062,590.7357177734375,507.53192138671875,656.8177490234375,638.7300415039062,0.8936038613319397
game8/Clip3,282,41,player_top,555.3255615234375,232.98709106445312,532.4216918945312,155.4622802734375,578.2294311523438,232.98709106445312,0.8386920690536499
game8/Clip3,283,40,player_bottom,631.24658203125,641.6373291015625,597.4368286132812,512.4183349609375,665.0563354492188,641.6373291015625,0.8779417872428894
game8/Clip3,283,41,player_top,552.68017578125,232.8713836669922,529.703857421875,156.4070587158203,575.656494140625,232.8713836669922,0.8299975991249084
game8/Clip3,284,40,player_bottom,636.5507202148438,642.63720703125,601.7802124023438,515.6831665039062,671.3212280273438,642.63720703125,0.8963415026664734
game8/Clip3,284,41,player_top,551.59814453125,232.70904541015625,528.7138061523438,158.04034423828125,574.4824829101562,232.70904541015625,0.8565072417259216
game8/Clip3,285,40,player_bottom,639.3807373046875,643.7651977539062,603.2557373046875,517.1929931640625,675.5057373046875,643.7651977539062,0.9010368585586548
game8/Clip3,285,41,player_top,551.1680908203125,232.59652709960938,528.1571655273438,158.88461303710938,574.178955078125,232.59652709960938,0.8581137657165527
game8/Clip3,286,40,player_bottom,643.4047241210938,644.9640502929688,605.9939575195312,517.75390625,680.8154907226562,644.9640502929688,0.8774949908256531
game8/Clip3,286,41,player_top,550.7300415039062,232.32273864746094,527.5125122070312,159.10829162597656,573.9475708007812,232.32273864746094,0.8526476621627808
game8/Clip3,287,40,player_bottom,650.6824340820312,645.6051635742188,612.9278564453125,518.5115356445312,688.43701171875,645.6051635742188,0.8657830357551575
game8/Clip3,287,41,player_top,549.8096923828125,232.6404266357422,526.4423217773438,159.6079559326172,573.1770629882812,232.6404266357422,0.8455080389976501
game8/Clip3,288,40,player_bottom,665.2529296875,645.4442749023438,627.5501708984375,518.8509521484375,702.9556884765625,645.4442749023438,0.7981600165367126
game8/Clip3,288,41,player_top,548.21240234375,231.94488525390625,524.9083251953125,159.09080505371094,571.5165405273438,231.94488525390625,0.8432579636573792
game8/Clip3,289,40,player_bottom,687.6512451171875,645.35205078125,650.4931640625,518.5498046875,724.8093872070312,645.35205078125,0.8604245185852051
game8/Clip3,289,41,player_top,548.1661376953125,232.26309204101562,524.1458129882812,157.07763671875,572.1864013671875,232.26309204101562,0.8524633646011353
game8/Clip3,290,40,player_bottom,699.07666015625,645.3113403320312,662.1826782226562,518.4463500976562,735.9705810546875,645.3113403320312,0.8784360885620117
game8/Clip3,290,41,player_top,548.4492797851562,233.01959228515625,523.894775390625,156.01182556152344,573.0037841796875,233.01959228515625,0.8534952402114868
game8/Clip3,291,40,player_bottom,707.9796752929688,644.8991088867188,670.9105224609375,518.0228271484375,745.048828125,644.8991088867188,0.8823264837265015
game8/Clip3,291,41,player_top,548.5899658203125,233.76902770996094,523.575927734375,154.97640991210938,573.60400390625,233.76902770996094,0.8499192595481873
game8/Clip3,292,40,player_bottom,716.512451171875,643.382080078125,679.2908935546875,517.1453247070312,753.7340087890625,643.382080078125,0.8593629598617554
game8/Clip3,292,41,player_top,549.6883544921875,234.14308166503906,524.3485107421875,153.9248046875,575.0281372070312,234.14308166503906,0.8105995059013367
game8/Clip3,293,40,player_bottom,726.9583129882812,642.0025634765625,690.281005859375,518.1456298828125,763.6356201171875,642.0025634765625,0.8630275726318359
game8/Clip3,293,41,player_top,552.8587646484375,233.47207641601562,527.6452026367188,153.188232421875,578.0723876953125,233.47207641601562,0.8266316652297974
game8/Clip3,294,40,player_bottom,741.4273071289062,642.3851318359375,705.1064453125,518.5919799804688,777.7481689453125,642.3851318359375,0.8363304138183594
game8/Clip3,294,41,player_top,556.8968505859375,233.1163330078125,531.7780151367188,152.6232147216797,582.015625,233.1163330078125,0.8114885091781616
game8/Clip3,295,40,player_bottom,760.4239501953125,642.2291259765625,724.7803955078125,519.59326171875,796.0675048828125,642.2291259765625,0.8320317268371582
game8/Clip3,295,41,player_top,560.042724609375,232.73487854003906,535.3687744140625,152.26719665527344,584.7167358398438,232.73487854003906,0.8243964910507202
game8/Clip3,296,40,player_bottom,773.5650024414062,642.1998291015625,736.6663818359375,513.5612182617188,810.463623046875,642.1998291015625,0.7342244982719421
game8/Clip3,296,41,player_top,562.661376953125,233.35745239257812,538.3157958984375,151.7542266845703,587.0070190429688,233.35745239257812,0.826090931892395
game8/Clip3,297,40,player_bottom,783.0208740234375,642.4443969726562,746.839111328125,517.82080078125,819.2026977539062,642.4443969726562,0.7986670136451721
game8/Clip3,297,41,player_top,564.8777465820312,233.43531799316406,541.478759765625,152.16221618652344,588.2767333984375,233.43531799316406,0.8115519285202026
game8/Clip3,298,40,player_bottom,794.421875,641.9583129882812,757.8923950195312,521.5372314453125,830.9512939453125,641.9583129882812,0.8660486936569214
game8/Clip3,298,41,player_top,566.283447265625,235.0393524169922,543.4885864257812,152.83993530273438,589.0783081054688,235.0393524169922,0.8237215280532837
game8/Clip3,299,40,player_bottom,799.2608642578125,641.5399780273438,762.9152221679688,526.5694580078125,835.6065673828125,641.5399780273438,0.8667630553245544
game8/Clip3,299,41,player_top,567.3853759765625,236.55282592773438,545.2030639648438,153.71511840820312,589.5677490234375,236.55282592773438,0.8349563479423523
game8/Clip3,300,40,player_bottom,809.6961669921875,647.2294921875,770.72265625,529.8074951171875,848.6697387695312,647.2294921875,0.8972673416137695
game8/Clip3,300,41,player_top,569.7445068359375,237.22666931152344,548.1109008789062,154.79165649414062,591.378173828125,237.22666931152344,0.8338160514831543
game8/Clip3,301,40,player_bottom,817.187744140625,649.2386474609375,776.9564819335938,531.6187133789062,857.4189453125,649.2386474609375,0.861985981464386
game8/Clip3,301,41,player_top,574.1214599609375,237.12049865722656,552.5328369140625,155.3100128173828,595.7101440429688,237.12049865722656,0.857294499874115
game8/Clip3,302,40,player_bottom,826.2241821289062,650.0919799804688,785.5469360351562,532.0563354492188,866.9014282226562,650.0919799804688,0.8724120259284973
game8/Clip3,302,41,player_top,577.0938720703125,237.03854370117188,555.3604125976562,155.82492065429688,598.8272705078125,237.03854370117188,0.852468729019165
game8/Clip3,303,40,player_bottom,840.716796875,650.545166015625,800.7269897460938,531.3654174804688,880.7066040039062,650.545166015625,0.8089708089828491
game8/Clip3,303,41,player_top,578.6361083984375,237.20933532714844,556.593994140625,156.0214385986328,600.6782836914062,237.20933532714844,0.8631601333618164
game8/Clip3,304,40,player_bottom,847.0834350585938,650.2738037109375,807.8844604492188,530.551513671875,886.2824096679688,650.2738037109375,0.7986744046211243
game8/Clip3,304,41,player_top,579.245849609375,237.28494262695312,556.96923828125,156.22056579589844,601.5223999023438,237.28494262695312,0.8656441569328308
game8/Clip3,305,40,player_bottom,852.6836547851562,649.4107055664062,814.0302124023438,529.2938232421875,891.3370971679688,649.4107055664062,0.8061467409133911
game8/Clip3,305,41,player_top,579.95361328125,237.12774658203125,557.5912475585938,156.5780792236328,602.3160400390625,237.12774658203125,0.859462559223175
game8/Clip3,306,40,player_bottom,861.1552124023438,650.849853515625,816.894287109375,509.1736145019531,905.4161376953125,650.849853515625,0.7998064160346985
game8/Clip3,306,41,player_top,580.791259765625,236.14682006835938,558.5527954101562,156.37986755371094,603.0297241210938,236.14682006835938,0.8655417561531067
game8/Clip3,307,40,player_bottom,871.7069091796875,652.6096801757812,828.103515625,511.7390441894531,915.310302734375,652.6096801757812,0.8485018014907837
game8/Clip3,307,41,player_top,581.8701171875,234.76971435546875,560.2848510742188,157.35537719726562,603.4553833007812,234.76971435546875,0.8395942449569702
game8/Clip3,308,40,player_bottom,884.2236328125,652.7760009765625,841.6536254882812,516.3866577148438,926.7936401367188,652.7760009765625,0.8759987950325012
game8/Clip3,308,41,player_top,584.110595703125,233.78939819335938,562.96923828125,158.65383911132812,605.2518920898438,233.78939819335938,0.8449881672859192
game8/Clip3,309,40,player_bottom,893.58056640625,652.9395751953125,852.0121459960938,523.0537109375,935.1489868164062,652.9395751953125,0.8778817653656006
game8/Clip3,309,41,player_top,585.8397827148438,232.70225524902344,564.9681396484375,160.12161254882812,606.71142578125,232.70225524902344,0.8050602674484253
game8/Clip3,310,40,player_bottom,901.04931640625,654.3465576171875,860.0511474609375,529.0034790039062,942.0474243164062,654.3465576171875,0.8408008813858032
game8/Clip3,310,41,player_top,588.356201171875,232.24497985839844,567.1981201171875,160.9794921875,609.5142211914062,232.24497985839844,0.8152375817298889
game8/Clip3,311,40,player_bottom,907.042236328125,655.7354736328125,866.4497680664062,532.3928833007812,947.6346435546875,655.7354736328125,0.8589413166046143
game8/Clip3,311,41,player_top,589.9052124023438,232.06231689453125,568.2534790039062,161.38792419433594,611.5569458007812,232.06231689453125,0.8515149354934692
game8/Clip3,312,40,player_bottom,910.7386474609375,656.1773681640625,870.3417358398438,533.6835327148438,951.1355590820312,656.1773681640625,0.8931754231452942
game8/Clip3,312,41,player_top,590.2434692382812,231.97605895996094,567.9983520507812,161.39317321777344,612.4885864257812,231.97605895996094,0.877626895904541
game8/Clip3,313,40,player_bottom,913.7066650390625,656.1526489257812,873.300537109375,533.1388549804688,954.1128540039062,656.1526489257812,0.8924356698989868
game8/Clip3,313,41,player_top,590.38671875,231.87733459472656,567.5392456054688,160.9456787109375,613.234130859375,231.87733459472656,0.8736100196838379
game8/Clip3,314,40,player_bottom,915.436767578125,656.169921875,874.57177734375,531.1373901367188,956.3018188476562,656.169921875,0.8999357223510742
game8/Clip3,314,41,player_top,590.3927001953125,231.9993438720703,566.5472412109375,159.17535400390625,614.2380981445312,231.9993438720703,0.8592952489852905
game8/Clip3,315,40,player_bottom,916.335205078125,656.0531616210938,875.2681274414062,529.9307861328125,957.4022827148438,656.0531616210938,0.8768828511238098
game8/Clip3,315,41,player_top,592.0829467773438,231.85337829589844,567.4946899414062,156.81312561035156,616.6712036132812,231.85337829589844,0.8286501169204712
game8/Clip3,316,40,player_bottom,916.194580078125,656.7076416015625,874.989501953125,529.9649658203125,957.399658203125,656.7076416015625,0.8502060174942017
game8/Clip3,316,41,player_top,595.7696533203125,231.4017791748047,571.7354125976562,157.0992431640625,619.803955078125,231.4017791748047,0.8109332323074341
game8/Clip3,317,40,player_bottom,918.0281372070312,658.7088623046875,877.1803588867188,532.0723876953125,958.8759155273438,658.7088623046875,0.849686324596405
game8/Clip3,317,41,player_top,599.9636840820312,231.56710815429688,576.1163330078125,155.88812255859375,623.81103515625,231.56710815429688,0.8081375360488892
game8/Clip3,318,40,player_bottom,919.225341796875,661.2747802734375,878.5127563476562,534.8603515625,959.9379272460938,661.2747802734375,0.8713071346282959
game8/Clip3,318,41,player_top,605.9088745117188,231.42002868652344,582.8654174804688,155.5074920654297,628.9523315429688,231.42002868652344,0.7934130430221558
game8/Clip3,319,40,player_bottom,919.763671875,662.744140625,879.372802734375,538.2249145507812,960.1546020507812,662.744140625,0.8589147329330444
game8/Clip3,319,41,player_top,610.8884887695312,231.66558837890625,588.5741577148438,155.99977111816406,633.2028198242188,231.66558837890625,0.8014938235282898
game8/Clip3,320,40,player_bottom,920.30224609375,664.763671875,879.96435546875,541.0958862304688,960.64013671875,664.763671875,0.8692548274993896
game8/Clip3,320,41,player_top,615.2335205078125,232.4263153076172,593.252685546875,156.63987731933594,637.21435546875,232.4263153076172,0.7887459397315979
game8/Clip3,321,40,player_bottom,920.2960205078125,665.8674926757812,879.896484375,542.6527709960938,960.695556640625,665.8674926757812,0.8745797872543335
game8/Clip3,321,41,player_top,619.252197265625,232.52796936035156,597.8807983398438,158.37644958496094,640.6235961914062,232.52796936035156,0.8378036618232727
game8/Clip3,322,40,player_bottom,914.8697509765625,667.2921752929688,873.2783203125,542.8178100585938,956.4611206054688,667.2921752929688,0.8683902621269226
game8/Clip3,322,41,player_top,622.336669921875,232.97386169433594,601.1193237304688,159.55584716796875,643.5540771484375,232.97386169433594,0.8199261426925659
game8/Clip3,323,40,player_bottom,910.47216796875,668.16162109375,867.9342041015625,542.223876953125,953.0101928710938,668.16162109375,0.8616483807563782
game8/Clip3,323,41,player_top,625.21484375,232.91908264160156,604.0006103515625,159.75914001464844,646.4290161132812,232.91908264160156,0.7907514572143555
game8/Clip3,324,40,player_bottom,902.333251953125,668.63525390625,859.1913452148438,541.6718139648438,945.47509765625,668.63525390625,0.8806723952293396
game8/Clip3,324,41,player_top,629.22607421875,232.6388702392578,608.1723022460938,160.4439239501953,650.2799072265625,232.6388702392578,0.8271324038505554
game8/Clip3,325,40,player_bottom,888.1294555664062,668.7461547851562,845.126220703125,540.4630737304688,931.1326904296875,668.7461547851562,0.8368223905563354
game8/Clip3,325,41,player_top,632.7861938476562,232.10983276367188,611.625732421875,159.73541259765625,653.9466552734375,232.10983276367188,0.8622424602508545
game8/Clip3,326,40,player_bottom,878.0730590820312,668.6627197265625,835.077880859375,538.652587890625,921.0682373046875,668.6627197265625,0.9012801051139832
game8/Clip3,326,41,player_top,635.4527587890625,231.91143798828125,614.3944091796875,159.93089294433594,656.5110473632812,231.91143798828125,0.8534734845161438
game8/Clip3,327,40,player_bottom,870.9508666992188,668.4183349609375,827.7386474609375,535.9940185546875,914.1630859375,668.4183349609375,0.8887836933135986
game8/Clip3,327,41,player_top,637.23974609375,232.44659423828125,615.9929809570312,159.26510620117188,658.4865112304688,232.44659423828125,0.8324087858200073
game8/Clip3,328,40,player_bottom,864.0311279296875,666.7758178710938,821.5147705078125,534.0797119140625,906.5475463867188,666.7758178710938,0.8591315150260925
game8/Clip3,328,41,player_top,638.558837890625,232.9483184814453,617.5918579101562,159.90931701660156,659.52587890625,232.9483184814453,0.8270629048347473
game8/Clip3,329,40,player_bottom,854.4888916015625,662.007568359375,814.2103881835938,533.1646118164062,894.7674560546875,662.007568359375,0.8584046959877014
game8/Clip3,329,41,player_top,639.384521484375,233.7404022216797,618.570556640625,159.7418670654297,660.1985473632812,233.7404022216797,0.8069636225700378
game8/Clip3,330,40,player_bottom,843.7290649414062,662.8113403320312,804.8960571289062,533.7351684570312,882.5620727539062,662.8113403320312,0.8821439743041992
game8/Clip3,330,41,player_top,640.9718017578125,233.89602661132812,620.8530883789062,160.8195343017578,661.0905151367188,233.89602661132812,0.8001037240028381
game8/Clip3,331,40,player_bottom,834.2323608398438,663.911376953125,796.7592163085938,534.6069946289062,871.7055053710938,663.911376953125,0.8651898503303528
game8/Clip3,331,41,player_top,644.0911865234375,236.57391357421875,624.110595703125,163.097900390625,664.0717163085938,236.57391357421875,0.8133959174156189
game8/Clip3,332,40,player_bottom,822.663330078125,664.4287109375,786.0709228515625,535.4977416992188,859.2556762695312,664.4287109375,0.8569281697273254
game8/Clip3,332,41,player_top,647.1815185546875,237.94456481933594,627.5840454101562,165.53125,666.779052734375,237.94456481933594,0.8209255337715149
game8/Clip3,333,40,player_bottom,811.7816162109375,664.2277221679688,775.0053100585938,535.602783203125,848.557861328125,664.2277221679688,0.8932086229324341
game8/Clip3,333,41,player_top,649.5228271484375,239.31814575195312,630.1682739257812,167.77110290527344,668.8773803710938,239.31814575195312,0.7975820899009705
game8/Clip3,334,40,player_bottom,804.17041015625,664.316162109375,766.2923583984375,533.6539306640625,842.0485229492188,664.316162109375,0.8916746973991394
game8/Clip3,334,41,player_top,651.0802001953125,240.2047576904297,631.758544921875,168.86074829101562,670.4019165039062,240.2047576904297,0.8028043508529663
game8/Clip3,335,40,player_bottom,799.3709106445312,664.572998046875,760.6204833984375,531.8888549804688,838.121337890625,664.572998046875,0.8651825189590454
game8/Clip3,335,41,player_top,652.529052734375,240.66134643554688,633.2194213867188,169.76922607421875,671.8387451171875,240.66134643554688,0.8139008283615112
game8/Clip3,336,40,player_bottom,792.323974609375,664.4314575195312,753.4235229492188,529.6189575195312,831.224365234375,664.4314575195312,0.8679649829864502
game8/Clip3,336,41,player_top,654.1629028320312,241.58607482910156,634.586669921875,170.32321166992188,673.7391357421875,241.58607482910156,0.8315411806106567
game8/Clip3,337,40,player_bottom,780.9029541015625,663.309326171875,742.6670532226562,527.559326171875,819.138916015625,663.309326171875,0.8735035061836243
game8/Clip3,337,41,player_top,654.8385009765625,241.8856964111328,635.20703125,171.01708984375,674.469970703125,241.8856964111328,0.8313101530075073
game8/Clip3,338,40,player_bottom,770.3984375,662.8834228515625,732.9343872070312,525.956298828125,807.862548828125,662.8834228515625,0.8848845362663269
game8/Clip3,338,41,player_top,655.4766845703125,241.876708984375,635.8572387695312,171.44642639160156,675.09619140625,241.876708984375,0.8186991214752197
game8/Clip3,339,40,player_bottom,761.1456909179688,663.5606079101562,724.3043212890625,524.9384765625,797.987060546875,663.5606079101562,0.8743560910224915
game8/Clip3,339,41,player_top,656.0664672851562,241.8964080810547,636.5729370117188,171.72377014160156,675.5599975585938,241.8964080810547,0.7893189787864685
game8/Clip3,340,40,player_bottom,751.9893798828125,664.8809204101562,715.8649291992188,525.2494506835938,788.1138305664062,664.8809204101562,0.878913164138794
game8/Clip3,340,41,player_top,656.7516479492188,241.69464111328125,637.1387939453125,170.5257568359375,676.364501953125,241.69464111328125,0.7921750545501709
game8/Clip3,341,40,player_bottom,739.6716918945312,666.8518676757812,703.917724609375,526.92919921875,775.4256591796875,666.8518676757812,0.8833624720573425
game8/Clip3,341,41,player_top,657.40185546875,241.4243621826172,637.6376342773438,168.6254425048828,677.166015625,241.4243621826172,0.7877333760261536
game8/Clip3,342,40,player_bottom,726.1685791015625,667.2350463867188,690.8991088867188,529.8033447265625,761.4381103515625,667.2350463867188,0.8619797825813293
game8/Clip3,342,41,player_top,658.9730834960938,241.20863342285156,639.1614379882812,166.46414184570312,678.7847290039062,241.20863342285156,0.7920231819152832
game8/Clip3,343,40,player_bottom,712.07861328125,668.7041625976562,676.6497802734375,533.7940063476562,747.5074462890625,668.7041625976562,0.8394324779510498
game8/Clip3,343,41,player_top,659.9698486328125,241.25669860839844,640.4453735351562,165.37489318847656,679.494384765625,241.25669860839844,0.7549048066139221
game8/Clip3,344,40,player_bottom,700.6226806640625,669.2613525390625,665.4993286132812,539.8203735351562,735.7459716796875,669.2613525390625,0.8874556422233582
game8/Clip3,344,41,player_top,660.8756103515625,241.209716796875,641.7473754882812,164.3663330078125,680.0038452148438,241.209716796875,0.7390755414962769
game8/Clip3,345,40,player_bottom,693.0770263671875,671.4588012695312,658.008544921875,545.7744750976562,728.1454467773438,671.4588012695312,0.9172693490982056
game8/Clip3,345,5,player_top,806.0631122739296,176.93424399068036,787.4941396638164,102.92485851377953,824.632145919199,176.93424399068036,0.7319755671531196
game8/Clip3,346,40,player_bottom,686.919921875,672.96875,652.328125,551.2901611328125,721.5116577148438,672.96875,0.8964171409606934
game8/Clip3,346,5,player_top,806.0658458799828,176.93638562780666,787.4932611420398,102.89511693118439,824.6384916530819,176.93638562780666,0.7323236734535438
game8/Clip3,347,40,player_bottom,682.43310546875,673.048095703125,648.5966796875,555.0194091796875,716.26953125,673.048095703125,0.8960068821907043
game8/Clip3,347,5,player_top,806.0685794860359,176.93852726493296,787.4923826202632,102.86537534858924,824.6448373869648,176.93852726493296,0.7326717797539679
game8/Clip3,348,40,player_bottom,680.2049560546875,672.7273559570312,646.6397705078125,556.3233642578125,713.7700805664062,672.7273559570312,0.8980490565299988
game8/Clip3,348,5,player_top,806.0713130920891,176.94066890205923,787.4915040984868,102.83563376599409,824.6511831208477,176.94066890205923,0.733019886054392
game8/Clip3,349,40,player_bottom,679.6594848632812,672.6201782226562,645.9675903320312,556.2389526367188,713.3513793945312,672.6201782226562,0.8994137644767761
game8/Clip3,349,41,player_top,662.1040649414062,240.79917907714844,644.4658203125,159.40731811523438,679.7423095703125,240.79917907714844,0.7503730654716492
game8/Clip3,350,40,player_bottom,679.6747436523438,671.813720703125,645.9301147460938,555.6005249023438,713.4193725585938,671.813720703125,0.9044843912124634
game8/Clip3,350,41,player_top,662.5791015625,240.31532287597656,645.2072143554688,157.9701690673828,679.9509887695312,240.31532287597656,0.7748386859893799
game8/Clip3,351,40,player_bottom,680.3228759765625,670.7553100585938,646.4319458007812,554.70361328125,714.2138061523438,670.7553100585938,0.9011424779891968
game8/Clip3,351,41,player_top,662.5308227539062,238.8551483154297,645.6470947265625,156.70529174804688,679.41455078125,238.8551483154297,0.7722448110580444
game8/Clip3,352,40,player_bottom,681.0670166015625,670.2879028320312,646.7139892578125,553.2800903320312,715.4199829101562,670.2879028320312,0.896478533744812
game8/Clip3,352,5,player_top,806.0822475163017,176.9492354505644,787.4879900113804,102.71666743561352,824.6765660563792,176.9492354505644,0.7344123112560883
game8/Clip3,353,40,player_bottom,681.5996704101562,670.0208129882812,646.8125610351562,551.99267578125,716.3867797851562,670.0208129882812,0.8947737812995911
game8/Clip3,353,41,player_top,661.5568237304688,238.38201904296875,645.0858764648438,153.6151580810547,678.0277709960938,238.38201904296875,0.7669208645820618
game8/Clip3,354,40,player_bottom,681.793212890625,669.6290283203125,646.4688720703125,550.140380859375,717.1176147460938,669.6290283203125,0.8927557468414307
game8/Clip3,354,41,player_top,661.5257568359375,237.1138916015625,645.5599975585938,153.16360473632812,677.4915161132812,237.1138916015625,0.7764978408813477
game8/Clip3,355,40,player_bottom,681.989501953125,668.2993774414062,646.460693359375,548.4804077148438,717.5182495117188,668.2993774414062,0.8969393968582153
game8/Clip3,355,41,player_top,661.2208862304688,236.64181518554688,645.6311645507812,153.1584014892578,676.8106079101562,236.64181518554688,0.8155520558357239
game8/Clip3,356,40,player_bottom,682.1260375976562,667.128662109375,646.4231567382812,546.931640625,717.8289184570312,667.128662109375,0.9002512693405151
game8/Clip3,356,41,player_top,660.8973999023438,237.02349853515625,645.541748046875,153.69346618652344,676.2530517578125,237.02349853515625,0.8497315645217896
game8/Clip3,357,40,player_bottom,681.8035888671875,666.2374877929688,645.9585571289062,545.4946899414062,717.6485595703125,666.2374877929688,0.9018521308898926
game8/Clip3,357,41,player_top,659.2557373046875,237.30357360839844,644.0856323242188,155.48802185058594,674.4258422851562,237.30357360839844,0.8397862315177917
game8/Clip3,358,40,player_bottom,681.1838989257812,665.7733154296875,645.1026611328125,544.0426025390625,717.26513671875,665.7733154296875,0.8881016969680786
game8/Clip3,358,41,player_top,657.7818603515625,238.16494750976562,642.5066528320312,157.1121063232422,673.0570678710938,238.16494750976562,0.8441103100776672
game8/Clip3,359,40,player_bottom,681.0052490234375,665.3030395507812,644.7979736328125,542.5897827148438,717.2125854492188,665.3030395507812,0.8673308491706848
game8/Clip3,359,41,player_top,656.7672729492188,238.39283752441406,641.3126220703125,158.16232299804688,672.221923828125,238.39283752441406,0.8529104590415955
game8/Clip3,360,40,player_bottom,680.554443359375,665.08349609375,644.3943481445312,541.3736572265625,716.7144775390625,665.08349609375,0.8762181997299194
game8/Clip3,360,41,player_top,656.0306396484375,239.2901611328125,640.21044921875,158.95999145507812,671.850830078125,239.2901611328125,0.8413770794868469
game8/Clip3,361,40,player_bottom,680.7374267578125,664.9185791015625,644.6978149414062,540.2063598632812,716.7769775390625,664.9185791015625,0.8815571665763855
game8/Clip3,361,41,player_top,655.9312744140625,240.1792449951172,639.7793579101562,159.93429565429688,672.0831298828125,240.1792449951172,0.843705415725708
game8/Clip3,362,40,player_bottom,680.2261962890625,664.8768920898438,644.181884765625,538.49169921875,716.2705078125,664.8768920898438,0.881698489189148
game8/Clip3,362,41,player_top,655.9444580078125,240.74932861328125,639.504150390625,160.3820037841797,672.384765625,240.74932861328125,0.8504045605659485
game8/Clip3,363,40,player_bottom,680.1981201171875,665.0029907226562,644.2025146484375,536.8455810546875,716.1937255859375,665.0029907226562,0.8799367547035217
game8/Clip3,363,41,player_top,655.5250244140625,240.65969848632812,638.9951782226562,160.7116241455078,672.0548706054688,240.65969848632812,0.8443579077720642
game8/Clip3,364,40,player_bottom,679.9065551757812,665.2627563476562,643.9326782226562,535.2061157226562,715.8804321289062,665.2627563476562,0.8793774843215942
game8/Clip3,364,41,player_top,653.6939697265625,240.1240234375,637.3516235351562,160.7820281982422,670.0362548828125,240.1240234375,0.8345690369606018
game8/Clip3,365,40,player_bottom,679.6222534179688,665.4064331054688,643.8119506835938,533.9788208007812,715.4325561523438,665.4064331054688,0.8702147006988525
game8/Clip3,365,41,player_top,652.0151977539062,239.85923767089844,635.7396240234375,160.05966186523438,668.290771484375,239.85923767089844,0.8244609236717224
game8/Clip3,366,40,player_bottom,679.455810546875,665.325439453125,644.0066528320312,533.2477416992188,714.905029296875,665.325439453125,0.862165629863739
game8/Clip3,366,41,player_top,650.6996459960938,239.7648468017578,634.4843139648438,159.07571411132812,666.9149780273438,239.7648468017578,0.8285923004150391
game8/Clip3,367,40,player_bottom,678.9681396484375,665.18701171875,643.8065795898438,532.110595703125,714.129638671875,665.18701171875,0.8644813299179077
game8/Clip3,367,41,player_top,649.826904296875,239.5777587890625,633.6043701171875,157.44163513183594,666.0494384765625,239.5777587890625,0.8341411352157593
game8/Clip3,368,40,player_bottom,678.339599609375,665.0554809570312,643.352294921875,530.7323608398438,713.3269653320312,665.0554809570312,0.8711060285568237
game8/Clip3,368,41,player_top,649.1514892578125,240.47181701660156,632.8126220703125,156.25167846679688,665.4902954101562,240.47181701660156,0.8319613337516785
game8/Clip3,369,40,player_bottom,676.798095703125,665.0703125,642.1065673828125,529.7315063476562,711.4896240234375,665.0703125,0.8609945774078369
game8/Clip3,369,41,player_top,648.7763671875,241.0180206298828,632.5003662109375,155.63536071777344,665.0523681640625,241.0180206298828,0.8297455310821533
game8/Clip3,370,40,player_bottom,675.4384765625,664.3482055664062,641.009033203125,527.9530639648438,709.8679809570312,664.3482055664062,0.8612673878669739
game8/Clip3,370,41,player_top,648.5467529296875,242.3821563720703,632.2665405273438,155.38963317871094,664.826904296875,242.3821563720703,0.8356009721755981
game8/Clip3,371,40,player_bottom,675.4646606445312,664.5887451171875,641.0839233398438,526.9323120117188,709.8453979492188,664.5887451171875,0.8737455010414124
game8/Clip3,371,41,player_top,648.32861328125,243.39524841308594,632.1835327148438,155.4911346435547,664.4736938476562,243.39524841308594,0.8321201205253601
game8/Clip3,372,40,player_bottom,675.334228515625,664.7282104492188,640.863037109375,525.7286376953125,709.805419921875,664.7282104492188,0.8560400605201721
game8/Clip3,372,41,player_top,648.1541748046875,244.50039672851562,632.29052734375,156.70025634765625,664.0177612304688,244.50039672851562,0.8421960473060608
game8/Clip3,373,40,player_bottom,676.1565551757812,664.9247436523438,641.3577880859375,524.545654296875,710.955322265625,664.9247436523438,0.7694737911224365
game8/Clip3,373,41,player_top,648.0924682617188,245.59091186523438,632.3927612304688,157.5409393310547,663.7921752929688,245.59091186523438,0.8386424779891968
game8/Clip3,374,40,player_bottom,675.1915893554688,664.9246826171875,640.1514282226562,523.1799926757812,710.2317504882812,664.9246826171875,0.7819378972053528
game8/Clip3,374,41,player_top,647.948974609375,246.27601623535156,632.4893188476562,158.66717529296875,663.40869140625,246.27601623535156,0.8337576985359192
game8/Clip3,375,40,player_bottom,674.7130126953125,664.6525268554688,639.5863647460938,522.53466796875,709.8396606445312,664.6525268554688,0.7257030010223389
game8/Clip3,375,41,player_top,647.9921875,246.67247009277344,632.7073364257812,159.0768585205078,663.277099609375,246.67247009277344,0.8256103992462158
game8/Clip3,376,40,player_bottom,675.3172607421875,663.4343872070312,640.27783203125,522.5059814453125,710.356689453125,663.4343872070312,0.8018676042556763
game8/Clip3,376,41,player_top,647.97607421875,246.79209899902344,632.8890380859375,159.36477661132812,663.0630493164062,246.79209899902344,0.8293020129203796
game8/Clip3,377,40,player_bottom,676.168212890625,662.6203002929688,641.0165405273438,522.5621337890625,711.3198852539062,662.6203002929688,0.8160424828529358
game8/Clip3,377,41,player_top,647.5899658203125,247.34129333496094,632.410400390625,158.56394958496094,662.7694702148438,247.34129333496094,0.836893618106842
game8/Clip3,378,40,player_bottom,675.7470703125,661.4851684570312,640.6434326171875,522.5286254882812,710.8507690429688,661.4851684570312,0.8349752426147461
game8/Clip3,378,41,player_top,647.1950073242188,247.89044189453125,631.9061889648438,157.79640197753906,662.4838256835938,247.89044189453125,0.83858323097229
game8/Clip3,379,40,player_bottom,675.0443115234375,661.0692749023438,639.8720703125,522.3552856445312,710.2166137695312,661.0692749023438,0.8638324737548828
game8/Clip3,379,41,player_top,646.7562255859375,248.38772583007812,631.3945922851562,157.4773712158203,662.1178588867188,248.38772583007812,0.8356125354766846
game8/Clip3,380,40,player_bottom,674.4461669921875,660.6924438476562,639.1930541992188,521.922607421875,709.69921875,660.6924438476562,0.8537276387214661
game8/Clip3,380,41,player_top,646.3668212890625,248.8806610107422,631.0133056640625,157.3603973388672,661.7203979492188,248.8806610107422,0.8300546407699585
game8/Clip3,381,40,player_bottom,673.8665771484375,659.8734741210938,638.787109375,521.7069091796875,708.9459838867188,659.8734741210938,0.8460676074028015
game8/Clip3,381,41,player_top,645.7667846679688,249.423583984375,630.48779296875,157.79336547851562,661.0457763671875,249.423583984375,0.8158984780311584
game8/Clip3,382,40,player_bottom,673.125244140625,659.2582397460938,638.2549438476562,521.4636840820312,707.99560546875,659.2582397460938,0.8386850357055664
game8/Clip3,382,41,player_top,645.0382080078125,249.68994140625,629.9713745117188,158.98699951171875,660.1051025390625,249.68994140625,0.802405059337616
game8/Clip3,383,40,player_bottom,672.1815795898438,658.9193725585938,637.4470825195312,521.1471557617188,706.9160766601562,658.9193725585938,0.7754738926887512
game8/Clip3,383,41,player_top,645.0382080078125,249.68994140625,629.9713745117188,158.98699951171875,660.1051025390625,249.68994140625,0.802405059337616
game8/Clip3,384,40,player_bottom,669.759033203125,658.3580932617188,635.5567016601562,521.2196044921875,703.9613647460938,658.3580932617188,0.8269627094268799
game8/Clip3,384,41,player_top,645.0382080078125,249.68994140625,629.9713745117188,158.98699951171875,660.1051025390625,249.68994140625,0.802405059337616
game8/Clip3,385,40,player_bottom,666.0927734375,658.5548706054688,632.1968383789062,521.1280517578125,699.9886474609375,658.5548706054688,0.8856833577156067
game8/Clip3,385,41,player_top,645.0382080078125,249.68994140625,629.9713745117188,158.98699951171875,660.1051025390625,249.68994140625,0.802405059337616
game8/Clip3,386,40,player_bottom,661.3798828125,658.9364013671875,627.7684936523438,521.067138671875,694.9912109375,658.9364013671875,0.8578037023544312
game8/Clip3,386,41,player_top,645.0382080078125,249.68994140625,629.9713745117188,158.98699951171875,660.1051025390625,249.68994140625,0.802405059337616
game8/Clip3,387,40,player_bottom,657.0512084960938,659.1255493164062,623.768310546875,521.3701171875,690.3341064453125,659.1255493164062,0.8720131516456604
game8/Clip3,387,41,player_top,645.0382080078125,249.68994140625,629.9713745117188,158.98699951171875,660.1051025390625,249.68994140625,0.802405059337616
game8/Clip3,388,40,player_bottom,652.5140991210938,659.1836547851562,619.5491333007812,521.2573852539062,685.4790649414062,659.1836547851562,0.8853338956832886
game8/Clip3,388,41,player_top,645.0382080078125,249.68994140625,629.9713745117188,158.98699951171875,660.1051025390625,249.68994140625,0.802405059337616
game8/Clip3,389,40,player_bottom,650.0071411132812,659.2066040039062,617.4099731445312,521.4994506835938,682.6043090820312,659.2066040039062,0.870637834072113
game8/Clip3,389,4,player_top,467.24774169921875,180.38502502441406,444.4941711425781,112.35726165771484,490.0013122558594,180.38502502441406,0.8048619031906128
game8/Clip3,390,40,player_bottom,648.305908203125,659.15869140625,615.9568481445312,521.8046875,680.6549682617188,659.15869140625,0.8718288540840149
game8/Clip3,390,41,player_top,645.0382080078125,249.68994140625,629.9713745117188,158.98699951171875,660.1051025390625,249.68994140625,0.802405059337616
game8/Clip3,391,40,player_bottom,647.5406494140625,658.5843505859375,615.4185791015625,521.9403076171875,679.6627197265625,658.5843505859375,0.8672477006912231
game8/Clip3,391,41,player_top,645.0382080078125,249.68994140625,629.9713745117188,158.98699951171875,660.1051025390625,249.68994140625,0.802405059337616
game8/Clip3,392,40,player_bottom,647.6273193359375,657.57861328125,615.8737182617188,522.115478515625,679.3809814453125,657.57861328125,0.8777562975883484
game8/Clip3,392,41,player_top,645.0382080078125,249.68994140625,629.9713745117188,158.98699951171875,660.1051025390625,249.68994140625,0.802405059337616
game8/Clip3,393,40,player_bottom,647.3970947265625,656.3906860351562,616.0118408203125,522.3776245117188,678.7822875976562,656.3906860351562,0.8838555216789246
game8/Clip3,393,41,player_top,645.0382080078125,249.68994140625,629.9713745117188,158.98699951171875,660.1051025390625,249.68994140625,0.802405059337616
game8/Clip3,394,40,player_bottom,646.8972778320312,655.4717407226562,615.5516967773438,521.9813232421875,678.2428588867188,655.4717407226562,0.8779319524765015
game8/Clip3,394,41,player_top,645.0382080078125,249.68994140625,629.9713745117188,158.98699951171875,660.1051025390625,249.68994140625,0.802405059337616
game8/Clip3,395,40,player_bottom,645.3153076171875,654.21728515625,614.1166381835938,521.8934326171875,676.513916015625,654.21728515625,0.8743614554405212
game8/Clip3,395,41,player_top,645.0382080078125,249.68994140625,629.9713745117188,158.98699951171875,660.1051025390625,249.68994140625,0.802405059337616
game8/Clip3,396,40,player_bottom,642.3781127929688,653.78515625,611.2950439453125,521.71826171875,673.461181640625,653.78515625,0.8700189590454102
game8/Clip3,396,41,player_top,645.0382080078125,249.68994140625,629.9713745117188,158.98699951171875,660.1051025390625,249.68994140625,0.802405059337616
game8/Clip3,397,40,player_bottom,638.460205078125,653.7147216796875,607.65771484375,521.6798095703125,669.2626342773438,653.7147216796875,0.8742229342460632
game8/Clip3,397,41,player_top,645.0382080078125,249.68994140625,629.9713745117188,158.98699951171875,660.1051025390625,249.68994140625,0.802405059337616
game8/Clip3,398,40,player_bottom,633.748046875,653.7302856445312,603.39892578125,521.5265502929688,664.09716796875,653.7302856445312,0.8757662773132324
game8/Clip3,398,41,player_top,645.0382080078125,249.68994140625,629.9713745117188,158.98699951171875,660.1051025390625,249.68994140625,0.802405059337616
game8/Clip3,399,40,player_bottom,629.157958984375,653.6036987304688,599.4198608398438,521.2622680664062,658.8960571289062,653.6036987304688,0.8645045757293701
game8/Clip3,399,41,player_top,645.0382080078125,249.68994140625,629.9713745117188,158.98699951171875,660.1051025390625,249.68994140625,0.802405059337616
game8/Clip3,400,40,player_bottom,625.9833984375,653.5403442382812,596.8684692382812,521.3604125976562,655.0983276367188,653.5403442382812,0.8902761936187744
game8/Clip3,400,41,player_top,645.0382080078125,249.68994140625,629.9713745117188,158.98699951171875,660.1051025390625,249.68994140625,0.802405059337616
game8/Clip3,401,40,player_bottom,624.377685546875,653.3876953125,595.6470336914062,521.2108764648438,653.1082763671875,653.3876953125,0.8858079314231873
game8/Clip3,401,41,player_top,645.0382080078125,249.68994140625,629.9713745117188,158.98699951171875,660.1051025390625,249.68994140625,0.802405059337616
game8/Clip3,402,40,player_bottom,622.4967651367188,653.237060546875,594.0994873046875,521.1226196289062,650.89404296875,653.237060546875,0.8712826371192932
game8/Clip3,402,41,player_top,645.0382080078125,249.68994140625,629.9713745117188,158.98699951171875,660.1051025390625,249.68994140625,0.802405059337616
game8/Clip3,403,40,player_bottom,620.8088989257812,653.0436401367188,592.6050415039062,520.8582153320312,649.0127563476562,653.0436401367188,0.8551453351974487
game8/Clip3,403,41,player_top,645.0382080078125,249.68994140625,629.9713745117188,158.98699951171875,660.1051025390625,249.68994140625,0.802405059337616
game8/Clip3,404,40,player_bottom,618.990234375,653.394775390625,590.7359619140625,520.719482421875,647.2445678710938,653.394775390625,0.8314327597618103
game8/Clip3,404,41,player_top,645.0382080078125,249.68994140625,629.9713745117188,158.98699951171875,660.1051025390625,249.68994140625,0.802405059337616
game8/Clip3,405,40,player_bottom,616.8086547851562,653.406005859375,588.3709106445312,520.8321533203125,645.2463989257812,653.406005859375,0.8276442885398865
game8/Clip3,405,41,player_top,645.0382080078125,249.68994140625,629.9713745117188,158.98699951171875,660.1051025390625,249.68994140625,0.802405059337616
game8/Clip3,406,40,player_bottom,613.3164672851562,653.3685302734375,584.7366333007812,520.59765625,641.8963012695312,653.3685302734375,0.8386693596839905
game8/Clip3,406,41,player_top,645.0382080078125,249.68994140625,629.9713745117188,158.98699951171875,660.1051025390625,249.68994140625,0.802405059337616
game8/Clip3,407,40,player_bottom,611.7908935546875,652.9916381835938,583.1328125,520.2759399414062,640.4489135742188,652.9916381835938,0.8497142195701599
game8/Clip3,407,41,player_top,645.0382080078125,249.68994140625,629.9713745117188,158.98699951171875,660.1051025390625,249.68994140625,0.802405059337616
game8/Clip3,408,40,player_bottom,612.0716552734375,651.7630615234375,583.2652587890625,519.4503173828125,640.8780517578125,651.7630615234375,0.8486748933792114
game8/Clip3,408,41,player_top,645.0382080078125,249.68994140625,629.9713745117188,158.98699951171875,660.1051025390625,249.68994140625,0.802405059337616
game8/Clip3,409,40,player_bottom,610.377685546875,651.3665161132812,581.4569091796875,518.8658447265625,639.2984008789062,651.3665161132812,0.8390637040138245
game8/Clip3,409,41,player_top,645.0382080078125,249.68994140625,629.9713745117188,158.98699951171875,660.1051025390625,249.68994140625,0.802405059337616
game8/Clip3,410,40,player_bottom,609.4606323242188,650.8515625,580.4264526367188,518.164794921875,638.4948120117188,650.8515625,0.8215360641479492
game8/Clip3,410,41,player_top,645.0382080078125,249.68994140625,629.9713745117188,158.98699951171875,660.1051025390625,249.68994140625,0.802405059337616
game8/Clip3,411,40,player_bottom,606.1505126953125,650.1153564453125,577.4031372070312,517.7720336914062,634.8978271484375,650.1153564453125,0.7790719270706177
game8/Clip3,411,41,player_top,645.0382080078125,249.68994140625,629.9713745117188,158.98699951171875,660.1051025390625,249.68994140625,0.802405059337616
game8/Clip3,412,40,player_bottom,599.4534301757812,649.5101318359375,571.3941650390625,517.0259399414062,627.5126953125,649.5101318359375,0.7950931191444397
game8/Clip3,412,41,player_top,645.0382080078125,249.68994140625,629.9713745117188,158.98699951171875,660.1051025390625,249.68994140625,0.802405059337616
game8/Clip4,0,67,player_bottom,685.2359619140625,627.631103515625,659.3571166992188,495.0658874511719,711.11474609375,627.631103515625,0.8489010334014893
game8/Clip4,0,68,player_top,477.6495056152344,251.94662475585938,453.3711242675781,183.8316650390625,501.9278869628906,251.94662475585938,0.8349995017051697
game8/Clip4,1,67,player_bottom,685.2359619140625,627.631103515625,659.3571166992188,495.0658874511719,711.11474609375,627.631103515625,0.8489010334014893
game8/Clip4,1,68,player_top,477.6495056152344,251.94662475585938,453.3711242675781,183.8316650390625,501.9278869628906,251.94662475585938,0.8349995017051697
game8/Clip4,2,67,player_bottom,686.034423828125,627.6296997070312,659.91259765625,493.8326721191406,712.1563110351562,627.6296997070312,0.8255670070648193
game8/Clip4,2,68,player_top,477.6713562011719,251.92926025390625,453.2915954589844,183.5057830810547,502.0511169433594,251.92926025390625,0.8365666270256042
game8/Clip4,3,67,player_bottom,687.181396484375,627.7586059570312,659.6107177734375,486.4889221191406,714.7521362304688,627.7586059570312,0.8133254051208496
game8/Clip4,3,68,player_top,477.72735595703125,251.87655639648438,453.31732177734375,183.33445739746094,502.13739013671875,251.87655639648438,0.8357073664665222
game8/Clip4,4,67,player_bottom,688.8779296875,627.82568359375,662.4649047851562,493.3031921386719,715.2909545898438,627.82568359375,0.853503406047821
game8/Clip4,4,68,player_top,477.7215270996094,251.88406372070312,453.28302001953125,183.22189331054688,502.1600341796875,251.88406372070312,0.8351802229881287
game8/Clip4,5,67,player_bottom,691.4581298828125,627.478271484375,665.6525268554688,497.00238037109375,717.2637939453125,627.478271484375,0.852121889591217
game8/Clip4,5,68,player_top,477.6967468261719,251.98538208007812,453.19146728515625,183.0831756591797,502.2020263671875,251.98538208007812,0.8289250731468201
game8/Clip4,6,67,player_bottom,694.1263427734375,626.379638671875,668.6791381835938,498.7623291015625,719.5735473632812,626.379638671875,0.8585215210914612
game8/Clip4,6,68,player_top,477.67169189453125,252.07968139648438,452.9927062988281,182.54429626464844,502.3506774902344,252.07968139648438,0.8254002332687378
game8/Clip4,7,67,player_bottom,695.9910888671875,625.0416870117188,670.5879516601562,498.82122802734375,721.3941650390625,625.0416870117188,0.8463226556777954
game8/Clip4,7,68,player_top,477.65875244140625,252.4679412841797,452.84637451171875,182.36817932128906,502.47113037109375,252.4679412841797,0.818584144115448
game8/Clip4,8,67,player_bottom,696.8834228515625,623.697998046875,671.4658813476562,498.9715270996094,722.3009033203125,623.697998046875,0.8671576976776123
game8/Clip4,8,68,player_top,477.6190490722656,252.46815490722656,452.55010986328125,181.40481567382812,502.68798828125,252.46815490722656,0.8243140578269958
game8/Clip4,9,67,player_bottom,697.1445922851562,621.8199462890625,671.4923706054688,498.0722961425781,722.7968139648438,621.8199462890625,0.8559722900390625
game8/Clip4,9,68,player_top,477.65789794921875,252.21688842773438,452.380859375,180.24732971191406,502.9349365234375,252.21688842773438,0.8382328152656555
game8/Clip4,10,67,player_bottom,697.2960205078125,619.6688232421875,672.0794067382812,500.6725158691406,722.5125732421875,619.6688232421875,0.8574545979499817
game8/Clip4,10,68,player_top,477.72161865234375,252.02972412109375,452.0765686035156,178.50033569335938,503.3666687011719,252.02972412109375,0.8366549611091614
game8/Clip4,11,67,player_bottom,698.0770263671875,617.7518920898438,673.1113891601562,503.0462646484375,723.0426025390625,617.7518920898438,0.7971790432929993
game8/Clip4,11,68,player_top,478.41741943359375,252.37567138671875,452.5375061035156,177.44970703125,504.2973327636719,252.37567138671875,0.8303090333938599
game8/Clip4,12,67,player_bottom,699.1195068359375,616.577880859375,674.11328125,504.9717102050781,724.125732421875,616.577880859375,0.7341837286949158
game8/Clip4,12,68,player_top,478.962646484375,252.3231658935547,452.7753601074219,175.4528045654297,505.14990234375,252.3231658935547,0.8212147951126099
game8/Clip4,13,67,player_bottom,700.7698974609375,616.2379150390625,675.4563598632812,505.9190673828125,726.0834350585938,616.2379150390625,0.8436266183853149
game8/Clip4,13,68,player_top,482.3250427246094,251.82009887695312,456.553955078125,174.12750244140625,508.09613037109375,251.82009887695312,0.8129433393478394
game8/Clip4,14,74,player_bottom,205.63421630859375,399.3956604003906,184.03048706054688,330.5990905761719,227.23793029785156,399.3956604003906,0.6971836686134338
game8/Clip4,14,68,player_top,485.70599365234375,251.09742736816406,461.0030212402344,174.0772247314453,510.408935546875,251.09742736816406,0.8013591170310974
game8/Clip4,15,67,player_bottom,699.9609375,616.0187377929688,667.9529418945312,478.42010498046875,731.968994140625,616.0187377929688,0.8517794609069824
game8/Clip4,15,68,player_top,490.03851318359375,249.6358642578125,466.871826171875,174.43931579589844,513.2052001953125,249.6358642578125,0.790861964225769
game8/Clip4,16,67,player_bottom,700.7869873046875,616.0088500976562,668.9525146484375,479.0584716796875,732.6215209960938,616.0088500976562,0.8184568285942078
game8/Clip4,16,68,player_top,493.3700866699219,249.3365478515625,471.097412109375,174.24679565429688,515.6427612304688,249.3365478515625,0.7995356321334839
game8/Clip4,17,67,player_bottom,695.7449340820312,616.1776123046875,663.3140869140625,478.10833740234375,728.17578125,616.1776123046875,0.8094696998596191
game8/Clip4,17,68,player_top,496.71063232421875,250.62135314941406,474.6514892578125,174.03536987304688,518.769775390625,250.62135314941406,0.8464457392692566
game8/Clip4,18,67,player_bottom,695.6570434570312,616.3895263671875,665.3112182617188,487.02825927734375,726.0028686523438,616.3895263671875,0.8819022178649902
game8/Clip4,18,68,player_top,499.9007568359375,251.507568359375,478.0548095703125,174.20748901367188,521.7467041015625,251.507568359375,0.8470276594161987
game8/Clip4,19,67,player_bottom,695.1309814453125,612.197998046875,666.1892700195312,489.03839111328125,724.07275390625,612.197998046875,0.8987099528312683
game8/Clip4,19,68,player_top,504.59375,251.88819885253906,482.7981262207031,175.2093505859375,526.389404296875,251.88819885253906,0.8287960886955261
game8/Clip4,20,67,player_bottom,696.8763427734375,610.0280151367188,666.8350219726562,482.83001708984375,726.9176025390625,610.0280151367188,0.8646146655082703
game8/Clip4,20,68,player_top,506.732666015625,251.9401092529297,484.8716125488281,175.51068115234375,528.5936889648438,251.9401092529297,0.8472997546195984
game8/Clip4,21,67,player_bottom,700.2674560546875,604.478271484375,667.3856811523438,465.599365234375,733.1492309570312,604.478271484375,0.8553224205970764
game8/Clip4,21,68,player_top,507.70782470703125,252.05368041992188,485.66107177734375,175.29681396484375,529.7545776367188,252.05368041992188,0.8510836362838745
game8/Clip4,22,67,player_bottom,704.3194580078125,600.64599609375,670.2838134765625,458.314697265625,738.3550415039062,600.64599609375,0.8721810579299927
game8/Clip4,22,68,player_top,508.5724792480469,251.18856811523438,486.5665283203125,174.35671997070312,530.5784301757812,251.18856811523438,0.8589679598808289
game8/Clip4,23,67,player_bottom,707.73828125,596.7579956054688,676.2579345703125,469.5941467285156,739.2186889648438,596.7579956054688,0.8634656667709351
game8/Clip4,23,68,player_top,510.89752197265625,249.56576538085938,489.47418212890625,174.11647033691406,532.3208618164062,249.56576538085938,0.8688700199127197
game8/Clip4,24,67,player_bottom,710.62109375,594.9430541992188,677.1924438476562,463.0175476074219,744.0496826171875,594.9430541992188,0.87888503074646
game8/Clip4,24,68,player_top,513.4305419921875,249.01922607421875,492.4207458496094,174.79605102539062,534.4403686523438,249.01922607421875,0.8238438367843628
game8/Clip4,25,67,player_bottom,711.8642578125,595.412109375,679.8728637695312,474.4008483886719,743.8555908203125,595.412109375,0.9001278281211853
game8/Clip4,25,68,player_top,516.8359985351562,249.06971740722656,495.8558044433594,175.1139678955078,537.8162231445312,249.06971740722656,0.8508118987083435
game8/Clip4,26,67,player_bottom,711.756103515625,595.6874389648438,680.374755859375,481.7430419921875,743.1375122070312,595.6874389648438,0.910879373550415
game8/Clip4,26,68,player_top,518.678466796875,249.35350036621094,497.94390869140625,176.67047119140625,539.4129638671875,249.35350036621094,0.8124697804450989
game8/Clip4,27,67,player_bottom,709.7882690429688,597.7772827148438,678.3057861328125,486.985595703125,741.270751953125,597.7772827148438,0.9050525426864624
game8/Clip4,27,69,player_top,470.4494934082031,188.3223419189453,451.21612548828125,106.54824829101562,489.682861328125,188.3223419189453,0.7810434103012085
game8/Clip4,28,67,player_bottom,705.53759765625,598.5466918945312,674.1258544921875,491.0663757324219,736.9494018554688,598.5466918945312,0.8824527263641357
game8/Clip4,28,68,player_top,524.029296875,250.05641174316406,502.6548156738281,178.16441345214844,545.4037475585938,250.05641174316406,0.81953364610672
game8/Clip4,29,67,player_bottom,702.0220947265625,598.7514038085938,670.7422485351562,494.095703125,733.302001953125,598.7514038085938,0.9030420780181885
game8/Clip4,29,68,player_top,526.3546752929688,250.31088256835938,504.1416320800781,177.97409057617188,548.5676879882812,250.31088256835938,0.8495410680770874
game8/Clip4,30,67,player_bottom,695.6495361328125,598.9627685546875,664.1671752929688,495.4380798339844,727.1318359375,598.9627685546875,0.8853536248207092
game8/Clip4,30,68,player_top,527.13427734375,250.4423828125,504.3872375488281,178.55039978027344,549.88134765625,250.4423828125,0.8668339848518372
game8/Clip4,31,67,player_bottom,690.5404663085938,598.8663330078125,658.765869140625,495.5975341796875,722.3150634765625,598.8663330078125,0.8751336932182312
game8/Clip4,31,68,player_top,527.823974609375,250.2349090576172,504.4869384765625,178.6040802001953,551.1610107421875,250.2349090576172,0.8686524629592896
game8/Clip4,32,67,player_bottom,687.7501831054688,598.9520874023438,655.5457763671875,494.4875183105469,719.95458984375,598.9520874023438,0.8755865097045898
game8/Clip4,32,68,player_top,530.0218505859375,250.1925048828125,506.3217468261719,178.4077606201172,553.7219848632812,250.1925048828125,0.8710708022117615
game8/Clip4,33,67,player_bottom,686.415283203125,598.903564453125,654.1539916992188,493.09698486328125,718.6766357421875,598.903564453125,0.8691537380218506
game8/Clip4,33,68,player_top,532.718994140625,250.1169891357422,508.7185363769531,177.30516052246094,556.7194213867188,250.1169891357422,0.8492318987846375
game8/Clip4,34,67,player_bottom,685.51953125,598.3073120117188,653.5828247070312,491.378173828125,717.4562377929688,598.3073120117188,0.823749840259552
game8/Clip4,34,68,player_top,534.8910522460938,249.9984130859375,510.765869140625,176.35096740722656,559.0162353515625,249.9984130859375,0.8363332152366638
game8/Clip4,35,67,player_bottom,685.705322265625,598.238037109375,654.194091796875,490.0897216796875,717.216552734375,598.238037109375,0.82242351770401
game8/Clip4,35,68,player_top,535.62890625,249.84982299804688,510.89208984375,174.0946502685547,560.36572265625,249.84982299804688,0.7984932065010071
game8/Clip4,36,67,player_bottom,687.0479736328125,600.1593627929688,655.946533203125,489.6327819824219,718.1494750976562,600.1593627929688,0.8288993239402771
game8/Clip4,36,68,player_top,534.9247436523438,249.84226989746094,509.8025817871094,174.12950134277344,560.046875,249.84226989746094,0.8068264126777649
game8/Clip4,37,67,player_bottom,686.998779296875,601.6354370117188,656.489990234375,489.5254211425781,717.5075073242188,601.6354370117188,0.836959958076477
game8/Clip4,37,69,player_top,470.4494934082031,188.3223419189453,451.21612548828125,106.54824829101562,489.682861328125,188.3223419189453,0.7810434103012085
game8/Clip4,38,67,player_bottom,687.30419921875,605.2444458007812,656.9351196289062,490.1673278808594,717.6732788085938,605.2444458007812,0.8516479730606079
game8/Clip4,38,69,player_top,470.4494934082031,188.3223419189453,451.21612548828125,106.54824829101562,489.682861328125,188.3223419189453,0.7810434103012085
game8/Clip4,39,67,player_bottom,685.81640625,608.78955078125,655.5826416015625,492.5934753417969,716.0502319335938,608.78955078125,0.7987917065620422
game8/Clip4,39,69,player_top,470.4494934082031,188.3223419189453,451.21612548828125,106.54824829101562,489.682861328125,188.3223419189453,0.7810434103012085
game8/Clip4,40,67,player_bottom,683.05615234375,611.7215576171875,652.5908813476562,494.5494079589844,713.521484375,611.7215576171875,0.8263741135597229
game8/Clip4,40,68,player_top,550.11474609375,252.6163330078125,523.1512451171875,173.7893829345703,577.0782470703125,252.6163330078125,0.8244611620903015
game8/Clip4,41,67,player_bottom,682.8307495117188,615.3412475585938,651.8526000976562,495.51495361328125,713.8088989257812,615.3412475585938,0.8541433215141296
game8/Clip4,41,68,player_top,552.6820678710938,253.04798889160156,525.9619140625,173.7592010498047,579.4022216796875,253.04798889160156,0.840020477771759
game8/Clip4,42,67,player_bottom,683.9801025390625,617.7816162109375,652.9161376953125,496.0592956542969,715.0441284179688,617.7816162109375,0.8533645868301392
game8/Clip4,42,68,player_top,554.013671875,253.2261962890625,526.7321166992188,170.75784301757812,581.295166015625,253.2261962890625,0.8362305760383606
game8/Clip4,43,67,player_bottom,685.0796508789062,619.0604858398438,654.13427734375,495.97711181640625,716.0250244140625,619.0604858398438,0.8381614089012146
game8/Clip4,43,68,player_top,553.791748046875,253.13307189941406,526.7982788085938,170.4420623779297,580.7852783203125,253.13307189941406,0.8416634798049927
game8/Clip4,44,67,player_bottom,685.3165893554688,620.5029907226562,654.1531982421875,494.9717102050781,716.47998046875,620.5029907226562,0.8612321019172668
game8/Clip4,44,68,player_top,551.6879272460938,253.22877502441406,524.201171875,168.64663696289062,579.1746826171875,253.22877502441406,0.8669766783714294
game8/Clip4,45,67,player_bottom,685.2318115234375,621.2156982421875,654.00634765625,493.9930419921875,716.4573364257812,621.2156982421875,0.868409276008606
game8/Clip4,45,68,player_top,549.2884521484375,253.19439697265625,520.8902587890625,166.04905700683594,577.6866455078125,253.19439697265625,0.8377271890640259
game8/Clip4,46,67,player_bottom,684.8814697265625,621.616455078125,653.6788940429688,493.3279113769531,716.083984375,621.616455078125,0.8610634207725525
game8/Clip4,46,68,player_top,548.513916015625,252.78851318359375,519.835205078125,164.88345336914062,577.1926879882812,252.78851318359375,0.8310550451278687
game8/Clip4,47,67,player_bottom,684.8040771484375,621.9655151367188,653.64501953125,493.1049499511719,715.9631958007812,621.9655151367188,0.8595048189163208
game8/Clip4,47,68,player_top,552.193115234375,249.97869873046875,524.6444091796875,164.6959991455078,579.7418823242188,249.97869873046875,0.8549912571907043
game8/Clip4,48,67,player_bottom,685.4547119140625,623.0081176757812,654.1633911132812,493.64093017578125,716.74609375,623.0081176757812,0.8728692531585693
game8/Clip4,48,68,player_top,555.2337646484375,248.47036743164062,528.3597412109375,164.71234130859375,582.1078491210938,248.47036743164062,0.8693901300430298
game8/Clip4,49,67,player_bottom,687.3590087890625,626.2256469726562,655.82373046875,496.97528076171875,718.894287109375,626.2256469726562,0.8931231498718262
game8/Clip4,49,68,player_top,557.165283203125,247.94198608398438,530.7116088867188,165.50137329101562,583.6190185546875,247.94198608398438,0.8742769956588745
game8/Clip4,50,67,player_bottom,690.4737548828125,629.6616821289062,658.291259765625,500.435791015625,722.6563110351562,629.6616821289062,0.908146858215332
game8/Clip4,50,68,player_top,558.854248046875,249.03195190429688,532.5531005859375,167.31898498535156,585.1553344726562,249.03195190429688,0.8552352786064148
game8/Clip4,51,67,player_bottom,692.6109008789062,632.1688842773438,660.3607788085938,506.3662109375,724.8610229492188,632.1688842773438,0.8987835049629211
game8/Clip4,51,68,player_top,560.5205078125,251.7064971923828,533.9439086914062,169.71852111816406,587.0971069335938,251.7064971923828,0.7903203964233398
game8/Clip4,52,67,player_bottom,693.4512939453125,634.6630249023438,661.052001953125,512.3017578125,725.8505859375,634.6630249023438,0.8927309513092041
game8/Clip4,52,69,player_top,470.4494934082031,188.3223419189453,451.21612548828125,106.54824829101562,489.682861328125,188.3223419189453,0.7810434103012085
game8/Clip4,53,67,player_bottom,694.4214477539062,636.6184692382812,662.1717529296875,518.0540771484375,726.671142578125,636.6184692382812,0.9007310271263123
game8/Clip4,53,68,player_top,562.48828125,253.10983276367188,536.3524169921875,174.7067413330078,588.6242065429688,253.10983276367188,0.8257718086242676
game8/Clip4,54,67,player_bottom,696.0284423828125,638.01123046875,663.6651000976562,521.1448364257812,728.391845703125,638.01123046875,0.8983749151229858
game8/Clip4,54,68,player_top,562.2984619140625,253.3173370361328,536.2453002929688,176.00457763671875,588.3516845703125,253.3173370361328,0.8451287150382996
game8/Clip4,55,67,player_bottom,695.6065673828125,639.1512451171875,662.4664306640625,521.750732421875,728.7466430664062,639.1512451171875,0.8921325206756592
game8/Clip4,55,68,player_top,562.4190673828125,253.2132110595703,536.1848754882812,176.3590087890625,588.6533203125,253.2132110595703,0.8548462390899658
game8/Clip4,56,74,player_bottom,205.63421630859375,399.3956604003906,184.03048706054688,330.5990905761719,227.23793029785156,399.3956604003906,0.6971836686134338
game8/Clip4,56,68,player_top,563.2781982421875,253.0920867919922,536.7987670898438,176.82427978515625,589.757568359375,253.0920867919922,0.8337401151657104
game8/Clip4,57,67,player_bottom,678.8193969726562,644.934326171875,643.8511352539062,520.9030151367188,713.7876586914062,644.934326171875,0.8097290992736816
game8/Clip4,57,68,player_top,566.4201049804688,252.4575653076172,539.2909545898438,175.7046356201172,593.5492553710938,252.4575653076172,0.846388041973114
game8/Clip4,58,67,player_bottom,667.0477294921875,646.1485595703125,631.6559448242188,521.2694702148438,702.439453125,646.1485595703125,0.839760422706604
game8/Clip4,58,68,player_top,569.9790649414062,251.03668212890625,543.1749877929688,174.7916259765625,596.7831420898438,251.03668212890625,0.8013695478439331
game8/Clip4,59,67,player_bottom,658.8262939453125,646.1670532226562,623.0316772460938,522.2214965820312,694.6209106445312,646.1670532226562,0.847866415977478
game8/Clip4,59,68,player_top,576.707763671875,250.51925659179688,550.4092407226562,174.24371337890625,603.0062866210938,250.51925659179688,0.8025528192520142
game8/Clip4,60,67,player_bottom,653.0603637695312,646.3487548828125,616.4724731445312,522.4986572265625,689.6482543945312,646.3487548828125,0.886157214641571
game8/Clip4,60,68,player_top,582.762451171875,249.91143798828125,557.4833374023438,173.62826538085938,608.04150390625,249.91143798828125,0.7852399349212646
game8/Clip4,61,67,player_bottom,648.3441162109375,642.68359375,612.0453491210938,522.42041015625,684.6428833007812,642.68359375,0.8362231254577637
game8/Clip4,61,68,player_top,588.7205810546875,250.5302276611328,564.2491455078125,173.3492889404297,613.1919555664062,250.5302276611328,0.8174201846122742
game8/Clip4,62,67,player_bottom,638.754638671875,641.7758178710938,601.852783203125,522.8709716796875,675.6564331054688,641.7758178710938,0.8530392646789551
game8/Clip4,62,69,player_top,470.4494934082031,188.3223419189453,451.21612548828125,106.54824829101562,489.682861328125,188.3223419189453,0.7810434103012085
game8/Clip4,63,74,player_bottom,205.63421630859375,399.3956604003906,184.03048706054688,330.5990905761719,227.23793029785156,399.3956604003906,0.6971836686134338
game8/Clip4,63,68,player_top,596.936279296875,253.88682556152344,573.9545288085938,174.54144287109375,619.9180908203125,253.88682556152344,0.7977498769760132
game8/Clip4,64,67,player_bottom,610.3211669921875,648.2326049804688,574.2018432617188,525.99267578125,646.4405517578125,648.2326049804688,0.8530706763267517
game8/Clip4,64,68,player_top,601.2281494140625,253.97134399414062,579.1270141601562,174.62669372558594,623.3292846679688,253.97134399414062,0.8381877541542053
game8/Clip4,65,67,player_bottom,602.6617431640625,650.0601806640625,567.1818237304688,528.558837890625,638.1416625976562,650.0601806640625,0.8726428747177124
game8/Clip4,65,68,player_top,607.2734985351562,253.6861114501953,585.7474975585938,175.19097900390625,628.7994995117188,253.6861114501953,0.8290826082229614
game8/Clip4,66,67,player_bottom,595.8848876953125,651.7347412109375,560.9903564453125,532.8321533203125,630.7794189453125,651.7347412109375,0.8704606294631958
game8/Clip4,66,68,player_top,611.9127197265625,253.76467895507812,590.3492431640625,174.61749267578125,633.4761962890625,253.76467895507812,0.8398910760879517
game8/Clip4,67,67,player_bottom,585.06787109375,655.3259887695312,548.549560546875,534.4392700195312,621.5861206054688,655.3259887695312,0.8264054656028748
game8/Clip4,67,68,player_top,614.9718017578125,253.63893127441406,593.4095458984375,174.74435424804688,636.5340576171875,253.63893127441406,0.8781924247741699
game8/Clip4,68,67,player_bottom,572.590087890625,655.6339721679688,534.0975952148438,534.8433837890625,611.0825805664062,655.6339721679688,0.8697330355644226
game8/Clip4,68,68,player_top,619.4445190429688,253.3158416748047,598.1031494140625,174.66879272460938,640.785888671875,253.3158416748047,0.8338890671730042
game8/Clip4,69,67,player_bottom,561.7428588867188,656.4207763671875,521.564697265625,536.8417358398438,601.9210205078125,656.4207763671875,0.852851152420044
game8/Clip4,69,68,player_top,623.636962890625,253.42169189453125,602.8955688476562,175.89297485351562,644.37841796875,253.42169189453125,0.8423658609390259
game8/Clip4,70,67,player_bottom,550.8153686523438,663.240966796875,507.76824951171875,540.1070556640625,593.8624877929688,663.240966796875,0.8768870234489441
game8/Clip4,70,68,player_top,627.030029296875,254.7766876220703,606.5702514648438,177.0587921142578,647.4898681640625,254.7766876220703,0.8580889701843262
game8/Clip4,71,67,player_bottom,540.6163940429688,666.2957763671875,496.6875305175781,543.01318359375,584.5452270507812,666.2957763671875,0.8287831544876099
game8/Clip4,71,68,player_top,630.4390258789062,255.12448120117188,610.3878173828125,177.88693237304688,650.490234375,255.12448120117188,0.8125619292259216
game8/Clip4,72,67,player_bottom,533.1088256835938,667.6875,489.0455017089844,545.0256958007812,577.1721801757812,667.6875,0.873694658279419
game8/Clip4,72,68,player_top,635.4962158203125,255.84707641601562,614.9798583984375,176.6649932861328,656.0125732421875,255.84707641601562,0.8275339007377625
game8/Clip4,73,67,player_bottom,524.5794677734375,668.0953369140625,480.7826232910156,546.0009765625,568.3763427734375,668.0953369140625,0.8627790808677673
game8/Clip4,73,68,player_top,640.844482421875,255.335693359375,619.8768310546875,175.50454711914062,661.8120727539062,255.335693359375,0.8344024419784546
game8/Clip4,74,67,player_bottom,515.1045532226562,668.157958984375,472.1315612792969,546.4969482421875,558.0775146484375,668.157958984375,0.8633599281311035
game8/Clip4,74,68,player_top,643.1742553710938,255.38084411621094,622.0696411132812,175.85281372070312,664.2788696289062,255.38084411621094,0.8194206357002258
game8/Clip4,75,67,player_bottom,506.6163635253906,668.133056640625,464.9549560546875,545.897705078125,548.2777709960938,668.133056640625,0.8707948327064514
game8/Clip4,75,68,player_top,644.6246337890625,255.4829864501953,623.5337524414062,176.80381774902344,665.715576171875,255.4829864501953,0.843238115310669
game8/Clip4,76,67,player_bottom,496.78564453125,667.323486328125,453.0329284667969,532.8234252929688,540.5383911132812,667.323486328125,0.8026851415634155
game8/Clip4,76,68,player_top,645.7785034179688,255.3180694580078,624.671142578125,176.89376831054688,666.8858642578125,255.3180694580078,0.8361372351646423
game8/Clip4,77,67,player_bottom,490.42822265625,667.1336669921875,450.70880126953125,541.4017944335938,530.1476440429688,667.1336669921875,0.8474937081336975
game8/Clip4,77,68,player_top,647.9044189453125,254.8885498046875,627.5590209960938,179.16268920898438,668.2498168945312,254.8885498046875,0.8579251766204834
game8/Clip4,78,67,player_bottom,485.55828857421875,671.7501831054688,446.6922302246094,545.3446655273438,524.42431640625,671.7501831054688,0.8469375967979431
game8/Clip4,78,68,player_top,650.38427734375,254.32281494140625,630.4234008789062,180.01666259765625,670.3450927734375,254.32281494140625,0.8452334403991699
game8/Clip4,79,67,player_bottom,479.49951171875,675.688720703125,440.2727355957031,547.7632446289062,518.726318359375,675.688720703125,0.8599870800971985
game8/Clip4,79,68,player_top,653.246337890625,253.6266632080078,633.630615234375,181.46524047851562,672.8621215820312,253.6266632080078,0.8370376229286194
game8/Clip4,80,67,player_bottom,470.23126220703125,679.7005615234375,430.3580627441406,550.1452026367188,510.1044616699219,679.7005615234375,0.8404961824417114
game8/Clip4,80,68,player_top,657.411865234375,253.31336975097656,637.27294921875,181.33767700195312,677.5508422851562,253.31336975097656,0.861746609210968
game8/Clip4,81,67,player_bottom,461.3592529296875,683.1416015625,421.345458984375,552.6336669921875,501.3730163574219,683.1416015625,0.8562043309211731
game8/Clip4,81,68,player_top,660.0320434570312,252.99380493164062,639.2228393554688,180.97169494628906,680.8412475585938,252.99380493164062,0.8605071306228638
game8/Clip4,82,67,player_bottom,461.639404296875,685.9430541992188,420.2982482910156,552.1927490234375,502.9805908203125,685.9430541992188,0.8596625924110413
game8/Clip4,82,68,player_top,661.1836547851562,253.1817169189453,639.7838134765625,181.322998046875,682.58349609375,253.1817169189453,0.868888795375824
game8/Clip4,83,67,player_bottom,461.97216796875,686.8674926757812,419.6971130371094,551.015625,504.24725341796875,686.8674926757812,0.8758184313774109
game8/Clip4,83,68,player_top,661.7091064453125,253.22605895996094,639.6300048828125,180.888916015625,683.7882690429688,253.22605895996094,0.8695928454399109
game8/Clip4,84,67,player_bottom,461.8481140136719,687.1436157226562,418.9800109863281,550.0211791992188,504.7162170410156,687.1436157226562,0.8893319964408875
game8/Clip4,84,68,player_top,663.5804443359375,252.84457397460938,641.167236328125,180.14547729492188,685.9937133789062,252.84457397460938,0.8655116558074951
game8/Clip4,85,67,player_bottom,461.68487548828125,686.569091796875,418.92095947265625,550.41748046875,504.4488220214844,686.569091796875,0.8782915472984314
game8/Clip4,85,68,player_top,666.7462158203125,252.5668182373047,644.4024047851562,180.07180786132812,689.0899658203125,252.5668182373047,0.8496368527412415
game8/Clip4,86,67,player_bottom,461.52862548828125,685.603271484375,418.7961730957031,550.1461791992188,504.2610778808594,685.603271484375,0.8645266890525818
game8/Clip4,86,68,player_top,671.4410400390625,252.6431884765625,649.4146118164062,180.33538818359375,693.4674682617188,252.6431884765625,0.8354645371437073
game8/Clip4,87,67,player_bottom,461.181640625,683.969970703125,418.6299743652344,550.3057250976562,503.73333740234375,683.969970703125,0.8847306370735168
game8/Clip4,87,68,player_top,678.2401123046875,253.16384887695312,656.7597045898438,180.4321746826172,699.7205200195312,253.16384887695312,0.8310336470603943
game8/Clip4,88,67,player_bottom,459.81451416015625,683.5101318359375,417.0111083984375,550.3580322265625,502.6178894042969,683.5101318359375,0.8853049874305725
game8/Clip4,88,68,player_top,683.5635375976562,253.65753173828125,662.3441162109375,179.6593017578125,704.782958984375,253.65753173828125,0.828759491443634
game8/Clip4,89,67,player_bottom,458.2252197265625,683.3850708007812,415.6205749511719,552.177734375,500.8298645019531,683.3850708007812,0.8694000244140625
game8/Clip4,89,68,player_top,687.5545231745793,252.97868464543268,666.4926006610577,178.826417189378,708.616445688101,252.97868464543268,0.8314430621954111
game8/Clip4,90,67,player_bottom,453.80230712890625,683.934326171875,411.5912780761719,553.9268798828125,496.0133056640625,683.934326171875,0.8563604354858398
game8/Clip4,90,68,player_top,691.5455087515024,252.29983755258414,670.6410851111779,177.9935326209435,712.4499323918269,252.29983755258414,0.8341266329471881
game8/Clip4,91,67,player_bottom,456.22802734375,685.621337890625,413.6233215332031,556.2845458984375,498.832763671875,685.621337890625,0.8621047735214233
game8/Clip4,91,68,player_top,695.5364943284255,251.62099045973557,674.7895695612981,177.160648052509,716.2834190955529,251.62099045973557,0.8368102036989652
game8/Clip4,92,67,player_bottom,456.49609375,686.3412475585938,413.9892272949219,558.99560546875,499.0029602050781,686.3412475585938,0.8784493207931519
game8/Clip4,92,68,player_top,699.5274799053485,250.94214336688702,678.9380540114182,176.32776348407452,720.1169057992788,250.94214336688702,0.8394937744507422
game8/Clip4,93,67,player_bottom,457.91650390625,686.3260498046875,414.970703125,559.6552124023438,500.8623352050781,686.3260498046875,0.8797879219055176
game8/Clip4,93,68,player_top,703.5184654822716,250.26329627403845,683.0865384615385,175.49487891564002,723.9503925030048,250.26329627403845,0.8421773452025193
game8/Clip4,94,67,player_bottom,461.47149658203125,685.6608276367188,417.0859069824219,557.3333129882812,505.8570556640625,685.6608276367188,0.9077933430671692
game8/Clip4,94,68,player_top,707.5094510591947,249.5844491811899,687.2350229116587,174.66199434720554,727.7838792067307,249.5844491811899,0.8448609159542964
game8/Clip4,95,67,player_bottom,463.93658447265625,683.94384765625,418.3982849121094,554.7765502929688,509.474853515625,683.94384765625,0.9079864621162415
game8/Clip4,95,68,player_top,711.5004366361178,248.90560208834134,691.3835073617788,173.82910977877103,731.6173659104568,248.90560208834134,0.8475444867060735
game8/Clip4,96,67,player_bottom,467.84759521484375,681.606201171875,421.4278869628906,552.08935546875,514.2672729492188,681.606201171875,0.8840447664260864
game8/Clip4,96,68,player_top,715.4914222130409,248.2267549954928,695.531991811899,172.99622521033655,735.4508526141827,248.2267549954928,0.8502280574578506
game8/Clip4,97,67,player_bottom,474.7432556152344,678.751708984375,428.3603515625,549.237060546875,521.1261596679688,678.751708984375,0.8744739294052124
game8/Clip4,97,68,player_top,719.482407789964,247.54790790264423,699.6804762620193,172.16334064190204,739.2843393179087,247.54790790264423,0.8529116282096276
game8/Clip4,98,67,player_bottom,484.1906433105469,676.6168823242188,438.35272216796875,546.6942138671875,530.028564453125,676.6168823242188,0.8795212507247925
game8/Clip4,98,68,player_top,723.473393366887,246.86906080979568,703.8289607121394,171.33045607346756,743.1178260216346,246.86906080979568,0.8555951989614047
game8/Clip4,99,67,player_bottom,493.69378662109375,675.5769653320312,448.80987548828125,544.7557983398438,538.5776977539062,675.5769653320312,0.8790385127067566
game8/Clip4,99,68,player_top,727.4643789438101,246.1902137169471,707.9774451622596,170.49757150503305,746.9513127253606,246.1902137169471,0.8582787697131817
game8/Clip4,100,67,player_bottom,502.2236328125,674.4965209960938,458.8383483886719,543.5179443359375,545.6089477539062,674.4965209960938,0.894673764705658
game8/Clip4,100,68,player_top,731.4553645207332,245.51136662409857,712.1259296123798,169.66468693659857,750.7847994290865,245.51136662409857,0.8609623404649588
game8/Clip4,101,67,player_bottom,508.4439697265625,673.3458251953125,466.8335876464844,543.022705078125,550.0543823242188,673.3458251953125,0.8739474415779114
game8/Clip4,101,68,player_top,735.4463500976562,244.83251953125,716.2744140625,168.83180236816406,754.6182861328125,244.83251953125,0.8636459112167358
game8/Clip4,102,67,player_bottom,516.8072509765625,673.1435546875,476.47064208984375,543.9212036132812,557.1439208984375,673.1435546875,0.8790866732597351
game8/Clip4,102,68,player_top,741.0584106445312,244.3894500732422,721.6920166015625,168.60702514648438,760.4248046875,244.3894500732422,0.8649499416351318
game8/Clip4,103,67,player_bottom,526.4315795898438,671.7083740234375,487.6496276855469,545.620361328125,565.2135009765625,671.7083740234375,0.8680233359336853
game8/Clip4,103,68,player_top,745.22509765625,240.8937225341797,726.4869995117188,168.8285675048828,763.9631958007812,240.8937225341797,0.844319224357605
game8/Clip4,104,67,player_bottom,537.6463623046875,672.372802734375,499.299072265625,547.7415771484375,575.9935913085938,672.372802734375,0.8827404379844666
game8/Clip4,104,68,player_top,747.9466552734375,239.7550811767578,729.4668579101562,169.52874755859375,766.426513671875,239.7550811767578,0.834185004234314
game8/Clip4,105,67,player_bottom,546.8506469726562,673.6038818359375,508.1069030761719,548.9426879882812,585.5944213867188,673.6038818359375,0.8767264485359192
game8/Clip4,105,69,player_top,467.4148864746094,187.6406707763672,449.0261535644531,108.30854034423828,485.8036193847656,187.6406707763672,0.8131611943244934
game8/Clip4,106,67,player_bottom,551.4976806640625,675.0831298828125,512.1685180664062,550.381103515625,590.8268432617188,675.0831298828125,0.8865692019462585
game8/Clip4,106,69,player_top,467.4148864746094,187.6406707763672,449.0261535644531,108.30854034423828,485.8036193847656,187.6406707763672,0.8131611943244934
game8/Clip4,107,67,player_bottom,553.758544921875,676.95703125,513.50927734375,550.571533203125,594.0077514648438,676.95703125,0.891986608505249
game8/Clip4,107,68,player_top,759.2652587890625,238.53375244140625,739.5631103515625,168.6883544921875,778.9674072265625,238.53375244140625,0.8612310886383057
game8/Clip4,108,67,player_bottom,555.6129150390625,679.0420532226562,514.2948608398438,549.68310546875,596.930908203125,679.0420532226562,0.8993781805038452
game8/Clip4,108,68,player_top,762.8880004882812,240.6033172607422,741.9443969726562,167.95654296875,783.8316040039062,240.6033172607422,0.8479476571083069
game8/Clip4,109,67,player_bottom,558.0509033203125,679.8162231445312,516.1884765625,548.1231689453125,599.9132690429688,679.8162231445312,0.903106153011322
game8/Clip4,109,68,player_top,765.0006103515625,241.8014373779297,743.2158203125,167.40269470214844,786.785400390625,241.8014373779297,0.828022837638855
game8/Clip4,110,67,player_bottom,561.0994873046875,679.6114501953125,519.2337646484375,546.1075439453125,602.9652099609375,679.6114501953125,0.8912220597267151
game8/Clip4,110,69,player_top,467.4148864746094,187.6406707763672,449.0261535644531,108.30854034423828,485.8036193847656,187.6406707763672,0.8131611943244934
game8/Clip4,111,67,player_bottom,565.064453125,678.9500732421875,523.702392578125,544.266845703125,606.4265747070312,678.9500732421875,0.8867366909980774
game8/Clip4,111,69,player_top,467.4148864746094,187.6406707763672,449.0261535644531,108.30854034423828,485.8036193847656,187.6406707763672,0.8131611943244934
game8/Clip4,112,67,player_bottom,569.36669921875,680.2802124023438,528.207275390625,543.4744262695312,610.5261840820312,680.2802124023438,0.8897023797035217
game8/Clip4,112,69,player_top,467.4148864746094,187.6406707763672,449.0261535644531,108.30854034423828,485.8036193847656,187.6406707763672,0.8131611943244934
game8/Clip4,113,67,player_bottom,573.9979248046875,682.7503051757812,532.9266967773438,543.657958984375,615.069091796875,682.7503051757812,0.8959947824478149
game8/Clip4,113,69,player_top,467.4148864746094,187.6406707763672,449.0261535644531,108.30854034423828,485.8036193847656,187.6406707763672,0.8131611943244934
game8/Clip4,114,67,player_bottom,577.4013671875,685.1895751953125,536.5272216796875,545.1691284179688,618.2754516601562,685.1895751953125,0.8966934084892273
game8/Clip4,114,68,player_top,781.9794311523438,240.841552734375,759.120849609375,165.44223022460938,804.8380126953125,240.841552734375,0.836198091506958
game8/Clip4,115,67,player_bottom,580.1427001953125,686.8097534179688,539.6863403320312,547.7731323242188,620.5989990234375,686.8097534179688,0.9023105502128601
game8/Clip4,115,69,player_top,467.4148864746094,187.6406707763672,449.0261535644531,108.30854034423828,485.8036193847656,187.6406707763672,0.8131611943244934
game8/Clip4,116,67,player_bottom,581.1328125,687.8920288085938,541.2684936523438,550.8284912109375,620.9971313476562,687.8920288085938,0.8938732743263245
game8/Clip4,116,69,player_top,467.4148864746094,187.6406707763672,449.0261535644531,108.30854034423828,485.8036193847656,187.6406707763672,0.8131611943244934
game8/Clip4,117,67,player_bottom,581.4717407226562,689.1832275390625,542.0091552734375,553.5201416015625,620.934326171875,689.1832275390625,0.8945003151893616
game8/Clip4,117,69,player_top,467.4148864746094,187.6406707763672,449.0261535644531,108.30854034423828,485.8036193847656,187.6406707763672,0.8131611943244934
game8/Clip4,118,67,player_bottom,581.151611328125,689.78662109375,541.8494262695312,554.589111328125,620.4537963867188,689.78662109375,0.8947285413742065
game8/Clip4,118,69,player_top,467.4148864746094,187.6406707763672,449.0261535644531,108.30854034423828,485.8036193847656,187.6406707763672,0.8131611943244934
game8/Clip4,119,67,player_bottom,580.6893310546875,689.55126953125,541.1577758789062,553.4187622070312,620.220947265625,689.55126953125,0.8957049250602722
game8/Clip4,119,69,player_top,467.4148864746094,187.6406707763672,449.0261535644531,108.30854034423828,485.8036193847656,187.6406707763672,0.8131611943244934
game8/Clip4,120,67,player_bottom,580.8182373046875,689.4656372070312,540.754638671875,551.0878295898438,620.8818359375,689.4656372070312,0.9061926603317261
game8/Clip4,120,69,player_top,467.4148864746094,187.6406707763672,449.0261535644531,108.30854034423828,485.8036193847656,187.6406707763672,0.8131611943244934
game8/Clip4,121,67,player_bottom,579.3370361328125,689.0966796875,538.9596557617188,549.81689453125,619.7144775390625,689.0966796875,0.9117074012756348
game8/Clip4,121,69,player_top,467.4148864746094,187.6406707763672,449.0261535644531,108.30854034423828,485.8036193847656,187.6406707763672,0.8131611943244934
game8/Clip4,122,67,player_bottom,576.2009887695312,689.678466796875,535.3445434570312,549.4835205078125,617.0574340820312,689.678466796875,0.9063692688941956
game8/Clip4,122,69,player_top,467.4148864746094,187.6406707763672,449.0261535644531,108.30854034423828,485.8036193847656,187.6406707763672,0.8131611943244934
game8/Clip4,123,67,player_bottom,572.754150390625,690.4400634765625,531.5816650390625,550.3418579101562,613.9266967773438,690.4400634765625,0.9045559763908386
game8/Clip4,123,69,player_top,467.4148864746094,187.6406707763672,449.0261535644531,108.30854034423828,485.8036193847656,187.6406707763672,0.8131611943244934
game8/Clip4,124,67,player_bottom,567.965087890625,691.5672607421875,526.7236328125,552.4992065429688,609.2066040039062,691.5672607421875,0.9012434482574463
game8/Clip4,124,69,player_top,467.4148864746094,187.6406707763672,449.0261535644531,108.30854034423828,485.8036193847656,187.6406707763672,0.8131611943244934
game8/Clip4,125,67,player_bottom,563.2490234375,694.6034545898438,522.0135498046875,556.8175048828125,604.4844360351562,694.6034545898438,0.8929786086082458
game8/Clip4,125,68,player_top,814.4497680664062,242.96070861816406,790.4105834960938,155.55917358398438,838.4889526367188,242.96070861816406,0.8147584795951843
game8/Clip4,126,67,player_bottom,560.0413818359375,697.5258178710938,518.89990234375,562.0186157226562,601.1829223632812,697.5258178710938,0.9039996862411499
game8/Clip4,126,68,player_top,815.7076416015625,242.80816650390625,792.4867553710938,158.64427185058594,838.928466796875,242.80816650390625,0.8139592409133911
game8/Clip4,127,67,player_bottom,560.3976643880209,697.7146402994791,519.3094278971354,563.7339274088541,601.4859415690104,697.7146402994791,0.8974419633547465
game8/Clip4,127,68,player_top,815.8291015625,242.7530975341797,793.0054321289062,160.5311279296875,838.65283203125,242.7530975341797,0.8261170983314514
game8/Clip4,128,67,player_bottom,560.7539469401041,697.9034627278646,519.7189534505209,565.4492390950521,601.7889607747396,697.9034627278646,0.8908842404683431
game8/Clip4,128,68,player_top,816.0120239257812,242.93447875976562,793.1377563476562,160.92874145507812,838.8862915039062,242.93447875976562,0.8137434124946594
game8/Clip4,129,67,player_bottom,561.1102294921875,698.09228515625,520.1284790039062,567.16455078125,602.0919799804688,698.09228515625,0.8843265175819397
game8/Clip4,129,68,player_top,815.9005126953125,242.86729431152344,792.6824340820312,159.86349487304688,839.11865234375,242.86729431152344,0.844843327999115
game8/Clip4,130,67,player_bottom,559.2265625,696.2301025390625,517.9485473632812,565.6309204101562,600.5045166015625,696.2301025390625,0.8396015167236328
game8/Clip4,130,68,player_top,815.6784057617188,242.43185424804688,792.0603637695312,157.82838439941406,839.2964477539062,242.43185424804688,0.8598333597183228
game8/Clip4,131,67,player_bottom,550.9591674804688,696.1698608398438,509.4282531738281,564.9573364257812,592.4901123046875,696.1698608398438,0.856479287147522
game8/Clip4,131,68,player_top,815.626953125,241.57913208007812,791.8518676757812,156.21096801757812,839.402099609375,241.57913208007812,0.8474385142326355
game8/Clip4,132,67,player_bottom,541.2293090820312,696.3026123046875,500.06817626953125,565.2926635742188,582.3904418945312,696.3026123046875,0.8780494928359985
game8/Clip4,132,68,player_top,815.141357421875,240.89723205566406,791.4412841796875,155.76942443847656,838.8414916992188,240.89723205566406,0.84479159116745
game8/Clip5,0,67,player_bottom,538.678466796875,646.3573608398438,497.88177490234375,514.9393310546875,579.4752197265625,646.3573608398438,0.8485895395278931
game8/Clip5,0,68,player_top,808.5798950195312,244.99252319335938,787.6030883789062,172.5502471923828,829.5567016601562,244.99252319335938,0.8011894226074219
game8/Clip5,1,67,player_bottom,536.7308959960938,627.67431640625,496.3758239746094,495.490966796875,577.0859985351562,627.67431640625,0.8232641220092773
game8/Clip5,1,68,player_top,805.917236328125,246.7633819580078,785.6316528320312,179.06106567382812,826.2027587890625,246.7633819580078,0.8068388104438782
game8/Clip5,2,67,player_bottom,535.560546875,620.7843627929688,495.2207336425781,486.1888732910156,575.9003295898438,620.7843627929688,0.83011794090271
game8/Clip5,2,68,player_top,804.99658203125,247.29002380371094,784.5408935546875,181.02317810058594,825.4522094726562,247.29002380371094,0.7868856191635132
game8/Clip5,3,67,player_bottom,535.9591064453125,618.60302734375,496.5718994140625,485.0973815917969,575.3462524414062,618.60302734375,0.843363344669342
game8/Clip5,3,68,player_top,804.5357666015625,247.5745849609375,783.5675048828125,181.30543518066406,825.5040283203125,247.5745849609375,0.7917335629463196
game8/Clip5,4,67,player_bottom,537.0130615234375,618.2312622070312,498.7666320800781,486.98583984375,575.259521484375,618.2312622070312,0.8446525931358337
game8/Clip5,4,68,player_top,804.248291015625,247.64688110351562,782.6802368164062,180.95297241210938,825.8162841796875,247.64688110351562,0.7885358929634094
game8/Clip5,5,67,player_bottom,538.3270874023438,618.0307006835938,500.8107604980469,488.15478515625,575.8433837890625,618.0307006835938,0.864216685295105
game8/Clip5,5,68,player_top,804.3826904296875,247.67889404296875,782.2440185546875,180.38619995117188,826.5213623046875,247.67889404296875,0.7873954772949219
game8/Clip5,6,67,player_bottom,541.04833984375,618.4292602539062,504.4315490722656,490.2947082519531,577.6651611328125,618.4292602539062,0.8452768921852112
game8/Clip5,6,68,player_top,804.620849609375,247.7122802734375,781.9110107421875,179.5125732421875,827.3306884765625,247.7122802734375,0.7840949892997742
game8/Clip5,7,67,player_bottom,544.4223022460938,617.955322265625,509.01220703125,492.3882751464844,579.8323974609375,617.955322265625,0.8103466629981995
game8/Clip5,7,68,player_top,804.8607177734375,247.62509155273438,781.4287109375,177.86512756347656,828.2926635742188,247.62509155273438,0.7717756628990173
game8/Clip5,8,67,player_bottom,544.11572265625,616.9252319335938,509.2373962402344,493.4593505859375,578.9940185546875,616.9252319335938,0.866420328617096
game8/Clip5,8,68,player_top,804.7109985351562,247.6217041015625,780.7796630859375,176.8660125732422,828.642333984375,247.6217041015625,0.8002886772155762
game8/Clip5,9,67,player_bottom,545.2155151367188,616.3215942382812,510.6058349609375,494.33624267578125,579.8251953125,616.3215942382812,0.7799498438835144
game8/Clip5,9,68,player_top,804.4351806640625,247.63095092773438,779.9932861328125,175.65977478027344,828.8770751953125,247.63095092773438,0.7979626655578613
game8/Clip5,10,67,player_bottom,546.085205078125,615.8255615234375,512.0072021484375,496.74066162109375,580.1631469726562,615.8255615234375,0.8204271197319031
game8/Clip5,10,68,player_top,804.3682861328125,247.5833740234375,779.4468383789062,174.37539672851562,829.2896728515625,247.5833740234375,0.7896384000778198
game8/Clip5,11,67,player_bottom,546.9573364257812,615.2861938476562,509.0649719238281,481.8288879394531,584.8497314453125,615.2861938476562,0.7844577431678772
game8/Clip5,11,68,player_top,804.3570556640625,247.60885620117188,779.0370483398438,173.32546997070312,829.677001953125,247.60885620117188,0.7697698473930359
game8/Clip5,12,67,player_bottom,548.1483764648438,613.9629516601562,511.94366455078125,487.5039367675781,584.3530883789062,613.9629516601562,0.7914476990699768
game8/Clip5,12,68,player_top,804.3424072265625,247.7083740234375,778.9292602539062,173.26873779296875,829.755615234375,247.7083740234375,0.7897122502326965
game8/Clip5,13,67,player_bottom,549.095458984375,613.6233520507812,514.1405029296875,492.97918701171875,584.0504150390625,613.6233520507812,0.8196404576301575
game8/Clip5,13,68,player_top,804.2700805664062,247.80291748046875,778.8893432617188,173.6220245361328,829.6508178710938,247.80291748046875,0.7944964170455933
game8/Clip5,14,67,player_bottom,549.8214111328125,613.6727905273438,511.5805358886719,480.9371032714844,588.0623168945312,613.6727905273438,0.7964679002761841
game8/Clip5,14,68,player_top,804.2001342773438,248.0688934326172,778.9654541015625,174.5605926513672,829.434814453125,248.0688934326172,0.8176706433296204
game8/Clip5,15,67,player_bottom,553.288818359375,613.5794677734375,513.6398315429688,473.3315124511719,592.9378662109375,613.5794677734375,0.8320085406303406
game8/Clip5,15,68,player_top,804.2515869140625,248.1809844970703,779.06201171875,175.09844970703125,829.441162109375,248.1809844970703,0.8217001557350159
game8/Clip5,16,67,player_bottom,553.5756225585938,613.7603149414062,515.6395263671875,478.80548095703125,591.51171875,613.7603149414062,0.8408197164535522
game8/Clip5,16,68,player_top,804.2420654296875,248.20066833496094,779.4033203125,176.5690460205078,829.0807495117188,248.20066833496094,0.8385997414588928
game8/Clip5,17,67,player_bottom,553.2186279296875,614.2021484375,518.6602783203125,492.08624267578125,587.7769165039062,614.2021484375,0.8782614469528198
game8/Clip5,17,68,player_top,804.0899658203125,248.24951171875,779.41455078125,177.67410278320312,828.7653198242188,248.24951171875,0.8266913890838623
game8/Clip5,18,67,player_bottom,553.1082763671875,614.4493408203125,518.90771484375,492.64691162109375,587.3087768554688,614.4493408203125,0.8667187094688416
game8/Clip5,18,68,player_top,804.2281494140625,248.35377502441406,779.5737915039062,178.35829162597656,828.8824462890625,248.35377502441406,0.8295465111732483
game8/Clip5,19,67,player_bottom,552.44873046875,614.4598999023438,518.54248046875,491.9681091308594,586.35498046875,614.4598999023438,0.8774155974388123
game8/Clip5,19,68,player_top,804.2119750976562,248.21852111816406,779.761962890625,179.07208251953125,828.6619873046875,248.21852111816406,0.834272027015686
game8/Clip5,20,67,player_bottom,550.9430541992188,610.1776733398438,517.7320556640625,487.7206726074219,584.154052734375,610.1776733398438,0.880115807056427
game8/Clip5,20,68,player_top,804.1841430664062,248.24725341796875,779.6063232421875,178.9574737548828,828.761962890625,248.24725341796875,0.8351147174835205
game8/Clip5,21,67,player_bottom,552.3435668945312,606.5745849609375,519.1519165039062,481.72943115234375,585.5352172851562,606.5745849609375,0.8619622588157654
game8/Clip5,21,68,player_top,804.3438720703125,248.51840209960938,778.9672241210938,177.03443908691406,829.7205810546875,248.51840209960938,0.8290688395500183
game8/Clip5,22,67,player_bottom,554.773681640625,600.880615234375,520.135009765625,467.5649108886719,589.4124145507812,600.880615234375,0.8456102013587952
game8/Clip5,22,68,player_top,804.6331787109375,248.70608520507812,778.4659423828125,174.80995178222656,830.8004760742188,248.70608520507812,0.8249747157096863
game8/Clip5,23,67,player_bottom,558.6934204101562,596.5426025390625,523.7814331054688,459.83245849609375,593.6054077148438,596.5426025390625,0.874883234500885
game8/Clip5,23,68,player_top,804.4229736328125,248.78614807128906,777.7593994140625,173.2056884765625,831.0865478515625,248.78614807128906,0.820366382598877
game8/Clip5,24,67,player_bottom,565.6390380859375,593.1806640625,532.2915649414062,463.70556640625,598.9864501953125,593.1806640625,0.8586791753768921
game8/Clip5,24,68,player_top,804.806884765625,249.1460418701172,777.5396728515625,171.33041381835938,832.0740966796875,249.1460418701172,0.8235663771629333
game8/Clip5,25,67,player_bottom,569.5086669921875,590.253662109375,538.2415161132812,471.09552001953125,600.7758178710938,590.253662109375,0.8753020763397217
game8/Clip5,25,68,player_top,804.62890625,249.28750610351562,777.224853515625,170.6842803955078,832.0328979492188,249.28750610351562,0.8314796686172485
game8/Clip5,26,67,player_bottom,571.875,589.3953247070312,541.2684936523438,475.6626281738281,602.4815063476562,589.3953247070312,0.8834344148635864
game8/Clip5,26,68,player_top,804.0541381835938,249.16156005859375,776.760498046875,170.6976318359375,831.3477783203125,249.16156005859375,0.8405641317367554
game8/Clip5,27,67,player_bottom,571.6532592773438,591.7400512695312,541.0421142578125,480.2056579589844,602.264404296875,591.7400512695312,0.8966086506843567
game8/Clip5,27,68,player_top,802.9586181640625,249.95140075683594,775.6071166992188,171.3953399658203,830.31005859375,249.95140075683594,0.8389965295791626
game8/Clip5,28,67,player_bottom,569.0908203125,593.3574829101562,538.789306640625,484.5976257324219,599.392333984375,593.3574829101562,0.8920026421546936
game8/Clip5,28,68,player_top,801.4395751953125,250.680908203125,774.6254272460938,173.78834533691406,828.2537231445312,250.680908203125,0.8253709077835083
game8/Clip5,29,67,player_bottom,563.5545654296875,593.8619995117188,533.9401245117188,488.5222473144531,593.1690063476562,593.8619995117188,0.8908730149269104
game8/Clip5,29,68,player_top,800.4486083984375,251.3739013671875,774.0013427734375,175.69482421875,826.8959350585938,251.3739013671875,0.8327481746673584
game8/Clip5,30,67,player_bottom,556.6324462890625,594.0667724609375,527.8475341796875,491.5057067871094,585.4173583984375,594.0667724609375,0.8940791487693787
game8/Clip5,30,68,player_top,799.835205078125,252.07131958007812,773.3954467773438,176.5138702392578,826.27490234375,252.07131958007812,0.8379576206207275
game8/Clip5,31,67,player_bottom,553.008544921875,594.1751098632812,524.4503173828125,492.7851867675781,581.5667114257812,594.1751098632812,0.8953333497047424
game8/Clip5,31,68,player_top,799.570556640625,251.9712677001953,773.3519287109375,177.1964874267578,825.7891845703125,251.9712677001953,0.8350260853767395
game8/Clip5,32,67,player_bottom,550.0496826171875,594.1882934570312,521.3551635742188,492.80120849609375,578.7442016601562,594.1882934570312,0.893326461315155
game8/Clip5,32,68,player_top,799.624267578125,252.52120971679688,772.7850341796875,175.987060546875,826.4635620117188,252.52120971679688,0.8365287184715271
game8/Clip5,33,67,player_bottom,547.9033203125,594.1509399414062,519.1069946289062,492.2508544921875,576.69970703125,594.1509399414062,0.8602495193481445
game8/Clip5,33,68,player_top,800.27685546875,252.80123901367188,772.8312377929688,174.3678741455078,827.7224731445312,252.80123901367188,0.8401117920875549
game8/Clip5,34,67,player_bottom,546.4427490234375,594.0679321289062,517.3651123046875,490.53253173828125,575.5204467773438,594.0679321289062,0.873437762260437
game8/Clip5,34,68,player_top,801.8233642578125,252.89215087890625,774.9290771484375,175.5500030517578,828.7175903320312,252.89215087890625,0.8478125333786011
game8/Clip5,35,67,player_bottom,544.7161865234375,594.3980712890625,515.5540771484375,489.377197265625,573.8782958984375,594.3980712890625,0.8762054443359375
game8/Clip5,35,68,player_top,804.1477661132812,253.64280700683594,777.3058471679688,175.668701171875,830.9896850585938,253.64280700683594,0.8615057468414307
game8/Clip5,36,67,player_bottom,543.5139770507812,594.5465698242188,514.660888671875,488.77142333984375,572.3670654296875,594.5465698242188,0.8706995844841003
game8/Clip5,36,68,player_top,805.3975219726562,254.31410217285156,778.563720703125,175.83261108398438,832.2313232421875,254.31410217285156,0.8644358515739441
game8/Clip5,37,67,player_bottom,543.4494018554688,601.0888061523438,513.722412109375,488.9189453125,573.1763916015625,601.0888061523438,0.8506865501403809
game8/Clip5,37,68,player_top,806.2957153320312,254.64231872558594,779.4035034179688,175.7127227783203,833.1879272460938,254.64231872558594,0.8416585326194763
game8/Clip5,38,67,player_bottom,541.2227783203125,604.4918823242188,511.46380615234375,489.6265869140625,570.9817504882812,604.4918823242188,0.8130303621292114
game8/Clip5,38,68,player_top,806.6024169921875,254.93482971191406,779.6643676757812,175.58981323242188,833.5404052734375,254.93482971191406,0.83674156665802
game8/Clip5,39,67,player_bottom,539.5907592773438,608.4412231445312,509.77703857421875,490.7938232421875,569.4044799804688,608.4412231445312,0.8435510396957397
game8/Clip5,39,68,player_top,806.8795166015625,255.2181854248047,779.9798583984375,175.80482482910156,833.7792358398438,255.2181854248047,0.8274310231208801
game8/Clip5,40,67,player_bottom,539.20703125,611.12451171875,509.8601379394531,492.66583251953125,568.5538940429688,611.12451171875,0.8676618933677673
game8/Clip5,40,68,player_top,806.78271484375,255.33245849609375,780.1698608398438,176.6611785888672,833.3956298828125,255.33245849609375,0.8280542492866516
game8/Clip5,41,67,player_bottom,538.9539794921875,613.297607421875,510.196044921875,494.5814514160156,567.7118530273438,613.297607421875,0.8595048189163208
game8/Clip5,41,68,player_top,806.4317016601562,255.4015655517578,780.1248779296875,177.48971557617188,832.738525390625,255.4015655517578,0.8132209181785583
game8/Clip5,42,67,player_bottom,538.1002807617188,614.990966796875,509.7408447265625,495.1751708984375,566.459716796875,614.990966796875,0.859636664390564
game8/Clip5,42,68,player_top,806.5859985351562,255.36973571777344,779.8358154296875,175.8473663330078,833.336181640625,255.36973571777344,0.8181108832359314
game8/Clip5,43,67,player_bottom,536.895751953125,615.9697265625,508.71063232421875,494.7945556640625,565.0809326171875,615.9697265625,0.8512485027313232
game8/Clip5,43,68,player_top,807.5614013671875,254.81600952148438,780.2741088867188,173.24948120117188,834.8487548828125,254.81600952148438,0.801274299621582
game8/Clip5,44,67,player_bottom,536.2733764648438,616.7289428710938,508.2359924316406,494.01373291015625,564.310791015625,616.7289428710938,0.8495465517044067
game8/Clip5,44,68,player_top,808.0223388671875,254.79763793945312,780.1905517578125,170.834228515625,835.8541259765625,254.79763793945312,0.8246616721153259
game8/Clip5,45,67,player_bottom,535.4111328125,617.7203979492188,507.479248046875,493.4012145996094,563.343017578125,617.7203979492188,0.8482889533042908
game8/Clip5,45,68,player_top,808.86083984375,254.52005004882812,780.6039428710938,168.18972778320312,837.1177978515625,254.52005004882812,0.8391895890235901
game8/Clip5,46,67,player_bottom,533.984375,618.244384765625,506.35345458984375,492.9861145019531,561.6152954101562,618.244384765625,0.8554032444953918
game8/Clip5,46,68,player_top,810.1011352539062,253.9589080810547,781.8046875,165.8850860595703,838.3975830078125,253.9589080810547,0.8289299011230469
game8/Clip5,47,67,player_bottom,531.59423828125,618.6959838867188,504.17681884765625,492.6228332519531,559.01171875,618.6959838867188,0.8671730756759644
game8/Clip5,47,68,player_top,812.1407470703125,252.56631469726562,784.3403930664062,164.24266052246094,839.941162109375,252.56631469726562,0.8246097564697266
game8/Clip5,48,67,player_bottom,528.4827880859375,620.0169067382812,501.19281005859375,494.12945556640625,555.772705078125,620.0169067382812,0.8701303005218506
game8/Clip5,48,68,player_top,812.8489379882812,251.1369171142578,785.75830078125,162.60443115234375,839.9395751953125,251.1369171142578,0.8182425498962402
game8/Clip5,49,67,player_bottom,525.8558959960938,622.9069213867188,498.23394775390625,496.1761474609375,553.4778442382812,622.9069213867188,0.8845192193984985
game8/Clip5,49,68,player_top,813.8984375,249.11683654785156,788.0068359375,161.5880889892578,839.7900390625,249.11683654785156,0.8037678003311157
game8/Clip5,50,67,player_bottom,521.611572265625,626.0018920898438,493.4376220703125,499.1060791015625,549.7854614257812,626.0018920898438,0.88480144739151
game8/Clip5,50,68,player_top,814.920654296875,249.63038635253906,789.6583862304688,161.35684204101562,840.1829833984375,249.63038635253906,0.7972325682640076
game8/Clip5,51,67,player_bottom,517.5645141601562,631.4202270507812,488.5326232910156,503.706298828125,546.596435546875,631.4202270507812,0.8960113525390625
game8/Clip5,51,68,player_top,816.23388671875,252.00827026367188,791.2079467773438,161.70761108398438,841.2598876953125,252.00827026367188,0.8319106698036194
game8/Clip5,52,67,player_bottom,514.6981201171875,635.5154418945312,484.9056396484375,508.9603576660156,544.4905395507812,635.5154418945312,0.8989419341087341
game8/Clip5,52,68,player_top,817.737060546875,253.4827880859375,792.9945678710938,162.01158142089844,842.4794921875,253.4827880859375,0.8341774940490723
game8/Clip5,53,67,player_bottom,512.6937866210938,637.6597290039062,482.4371032714844,513.899169921875,542.9505004882812,637.6597290039062,0.9001756310462952
game8/Clip5,53,68,player_top,819.3087158203125,255.23580932617188,794.4486694335938,161.5432586669922,844.168701171875,255.23580932617188,0.8470693230628967
game8/Clip5,54,67,player_bottom,513.4806518554688,638.6951904296875,482.7187805175781,516.5444946289062,544.2424926757812,638.6951904296875,0.8954065442085266
game8/Clip5,54,68,player_top,820.3319091796875,255.9172821044922,796.0555419921875,163.10302734375,844.6082153320312,255.9172821044922,0.8378309607505798
game8/Clip5,55,67,player_bottom,515.3507690429688,638.7998046875,483.9600830078125,516.2476196289062,546.741455078125,638.7998046875,0.8503414988517761
game8/Clip5,55,68,player_top,821.4195556640625,256.61431884765625,797.5011596679688,164.37266540527344,845.3379516601562,256.61431884765625,0.8381237387657166
game8/Clip5,56,67,player_bottom,513.7767944335938,639.6791381835938,481.2046203613281,515.4464721679688,546.3489379882812,639.6791381835938,0.8913483619689941
game8/Clip5,56,68,player_top,821.9723510742188,256.9436950683594,799.2471923828125,168.96466064453125,844.697509765625,256.9436950683594,0.8207077383995056
game8/Clip5,57,67,player_bottom,506.9942626953125,640.7078857421875,473.47576904296875,514.9317626953125,540.5127563476562,640.7078857421875,0.7863073945045471
game8/Clip5,57,68,player_top,822.0428466796875,257.06585693359375,800.3865356445312,173.39404296875,843.6990966796875,257.06585693359375,0.8101306557655334
game8/Clip5,58,67,player_bottom,491.8919677734375,641.5279541015625,458.83740234375,515.5433349609375,524.946533203125,641.5279541015625,0.8732595443725586
game8/Clip5,58,68,player_top,822.1773681640625,257.03924560546875,801.5642700195312,178.04327392578125,842.7904663085938,257.03924560546875,0.8053661584854126
game8/Clip5,59,67,player_bottom,482.65814208984375,641.7344360351562,449.7330627441406,515.7263793945312,515.5831909179688,641.7344360351562,0.8820279240608215
game8/Clip5,59,68,player_top,821.5343017578125,256.6532897949219,801.2245483398438,179.2882080078125,841.843994140625,256.6532897949219,0.8191503286361694
game8/Clip5,60,67,player_bottom,475.60400390625,640.984130859375,442.8516845703125,516.3121948242188,508.3562927246094,640.984130859375,0.8885951042175293
game8/Clip5,60,68,player_top,820.4459228515625,256.8271484375,799.744384765625,177.9900360107422,841.1473999023438,256.8271484375,0.8199184536933899
game8/Clip5,61,67,player_bottom,467.81634521484375,639.1961059570312,435.2374572753906,516.5484619140625,500.39520263671875,639.1961059570312,0.9057222008705139
game8/Clip5,61,68,player_top,817.8156127929688,256.6445617675781,796.8089599609375,175.82089233398438,838.822265625,256.6445617675781,0.7913966774940491
game8/Clip5,62,67,player_bottom,460.2799072265625,634.0781860351562,428.55389404296875,517.56103515625,492.0058898925781,634.0781860351562,0.8588897585868835
game8/Clip5,62,68,player_top,813.286376953125,257.0480651855469,792.1144409179688,173.73214721679688,834.4583740234375,257.0480651855469,0.7997877597808838
game8/Clip5,63,67,player_bottom,447.9874267578125,632.79345703125,415.8427734375,519.2061767578125,480.1320495605469,632.79345703125,0.8139683604240417
game8/Clip5,63,68,player_top,807.8851318359375,257.2731628417969,787.2271118164062,173.28311157226562,828.5430908203125,257.2731628417969,0.798270583152771
game8/Clip5,64,67,player_bottom,437.19482421875,635.38232421875,403.3957214355469,521.1138916015625,470.99395751953125,635.38232421875,0.85737144947052
game8/Clip5,64,68,player_top,803.415283203125,257.54437255859375,783.4783325195312,173.92578125,823.3521728515625,257.54437255859375,0.8311620950698853
game8/Clip5,65,67,player_bottom,427.36932373046875,636.4041748046875,392.82830810546875,523.0880737304688,461.9103088378906,636.4041748046875,0.7503175735473633
game8/Clip5,65,68,player_top,799.333984375,257.3022155761719,780.1926879882812,174.16412353515625,818.4752807617188,257.3022155761719,0.804534912109375
game8/Clip5,66,67,player_bottom,411.80889892578125,636.7401123046875,378.3525085449219,524.5733032226562,445.2652893066406,636.7401123046875,0.8209164142608643
game8/Clip5,66,68,player_top,796.4908447265625,258.6763000488281,778.1296997070312,176.30447387695312,814.85205078125,258.6763000488281,0.784063458442688
game8/Clip5,67,67,player_bottom,403.084228515625,636.6187744140625,370.664794921875,524.8656616210938,435.5036315917969,636.6187744140625,0.8467802405357361
game8/Clip5,67,68,player_top,793.7794189453125,259.06060791015625,776.1593017578125,178.32142639160156,811.3995361328125,259.06060791015625,0.7905434966087341
game8/Clip5,68,67,player_bottom,395.6864013671875,636.857421875,363.7374572753906,523.9331665039062,427.6353454589844,636.857421875,0.8642167448997498
game8/Clip5,68,68,player_top,789.2958984375,259.6039733886719,771.849365234375,180.0870819091797,806.7423706054688,259.6039733886719,0.8363735675811768
game8/Clip5,69,67,player_bottom,389.40576171875,639.1563110351562,357.19500732421875,522.5471801757812,421.6165466308594,639.1563110351562,0.858132541179657
game8/Clip5,69,68,player_top,786.163330078125,259.9053955078125,768.5662841796875,181.347900390625,803.7604370117188,259.9053955078125,0.8528855443000793
game8/Clip5,70,67,player_bottom,382.8835754394531,641.5094604492188,350.40496826171875,520.94091796875,415.3621826171875,641.5094604492188,0.8660944700241089
game8/Clip5,70,68,player_top,782.3453369140625,260.97662353515625,763.8615112304688,181.6551055908203,800.8291015625,260.97662353515625,0.853959858417511
game8/Clip5,71,67,player_bottom,377.00347900390625,642.5894775390625,344.3443908691406,518.6032104492188,409.66259765625,642.5894775390625,0.8602489233016968
game8/Clip5,71,68,player_top,779.1261596679688,261.75201416015625,759.629150390625,181.83067321777344,798.6231689453125,261.75201416015625,0.8528496026992798
game8/Clip5,72,67,player_bottom,370.3355407714844,643.8042602539062,337.0263977050781,516.5283203125,403.6446838378906,643.8042602539062,0.8646677732467651
game8/Clip5,72,68,player_top,776.0333862304688,263.4465637207031,755.5529174804688,183.12591552734375,796.5138549804688,263.4465637207031,0.8536713123321533
game8/Clip5,73,67,player_bottom,364.568603515625,644.3899536132812,331.0159606933594,516.1693725585938,398.1212158203125,644.3899536132812,0.8904114365577698
game8/Clip5,73,68,player_top,772.569580078125,264.87506103515625,750.8548583984375,182.55831909179688,794.2842407226562,264.87506103515625,0.8701420426368713
game8/Clip5,74,67,player_bottom,359.53143310546875,645.2312622070312,325.8478088378906,516.64501953125,393.21502685546875,645.2312622070312,0.8995749354362488
game8/Clip5,74,68,player_top,769.6961669921875,265.7180480957031,747.2320556640625,182.39010620117188,792.1603393554688,265.7180480957031,0.8733661770820618
game8/Clip5,75,67,player_bottom,355.93133544921875,645.4891357421875,322.38128662109375,516.6210327148438,389.4814147949219,645.4891357421875,0.8870652318000793
game8/Clip5,75,68,player_top,766.0133056640625,266.342041015625,743.0787963867188,182.037353515625,788.94775390625,266.342041015625,0.8609138131141663
game8/Clip5,76,67,player_bottom,352.96063232421875,645.6903076171875,319.754150390625,516.7150268554688,386.1671142578125,645.6903076171875,0.8737258911132812
game8/Clip5,76,68,player_top,762.191650390625,266.7048645019531,739.072509765625,181.51344299316406,785.3107299804688,266.7048645019531,0.8402986526489258
game8/Clip5,77,67,player_bottom,349.46826171875,645.8411865234375,316.8271179199219,516.2542114257812,382.1094055175781,645.8411865234375,0.8659390807151794
game8/Clip5,77,68,player_top,758.3365478515625,266.5599670410156,735.5578002929688,180.8894805908203,781.1153564453125,266.5599670410156,0.8044769763946533
game8/Clip5,78,67,player_bottom,344.47076416015625,646.0350341796875,312.4658508300781,515.6990356445312,376.47564697265625,646.0350341796875,0.8453311920166016
game8/Clip5,78,68,player_top,752.3779296875,266.6719970703125,729.8451538085938,179.73138427734375,774.9107666015625,266.6719970703125,0.7138484120368958
game8/Clip5,79,67,player_bottom,340.82373046875,646.1388549804688,309.8368225097656,515.0594482421875,371.8106384277344,646.1388549804688,0.8301590085029602
game8/Clip5,79,68,player_top,750.32861328125,266.6053161621094,728.5271606445312,178.44320678710938,772.1300048828125,266.6053161621094,0.8046302199363708
game8/Clip5,80,67,player_bottom,335.1436767578125,645.9650268554688,304.8130187988281,513.2958984375,365.4743347167969,645.9650268554688,0.8376121520996094
game8/Clip5,80,68,player_top,747.9256591796875,266.6072082519531,726.9149169921875,177.4976043701172,768.9364013671875,266.6072082519531,0.7060085535049438
game8/Clip5,81,67,player_bottom,332.89422607421875,645.6702270507812,303.5632019042969,512.05712890625,362.2252197265625,645.6702270507812,0.8382084965705872
game8/Clip5,81,68,player_top,744.918212890625,265.9756774902344,724.8392333984375,177.15394592285156,764.9971923828125,265.9756774902344,0.7463462948799133
game8/Clip5,82,67,player_bottom,329.192626953125,645.49169921875,300.5195617675781,511.0712585449219,357.86566162109375,645.49169921875,0.8564199805259705
game8/Clip5,82,68,player_top,741.3905029296875,266.9267578125,721.4509887695312,176.1893768310547,761.3300170898438,266.9267578125,0.7610930800437927
game8/Clip5,83,67,player_bottom,325.9302978515625,646.3182373046875,297.6174621582031,511.1231384277344,354.24310302734375,646.3182373046875,0.8724665641784668
game8/Clip5,83,68,player_top,738.0772705078125,267.5268249511719,718.251220703125,175.86587524414062,757.9032592773438,267.5268249511719,0.809877872467041
game8/Clip5,84,67,player_bottom,323.495849609375,647.0187377929688,295.5313415527344,512.1367797851562,351.4603576660156,647.0187377929688,0.8494172692298889
game8/Clip5,84,68,player_top,736.2841186523438,268.214599609375,716.5825805664062,176.28453063964844,755.9856567382812,268.214599609375,0.8483555316925049
game8/Clip5,85,67,player_bottom,322.4334716796875,647.8917236328125,294.7359924316406,513.4662475585938,350.13092041015625,647.8917236328125,0.8403967022895813
game8/Clip5,85,68,player_top,734.683837890625,268.5302734375,715.0723266601562,176.41705322265625,754.29541015625,268.5302734375,0.8480024933815002
game8/Clip5,86,67,player_bottom,321.5959777832031,648.7838745117188,294.1024169921875,514.4984130859375,349.08953857421875,648.7838745117188,0.8206897974014282
game8/Clip5,86,68,player_top,732.94287109375,268.639404296875,713.5755615234375,176.79656982421875,752.3102416992188,268.639404296875,0.8316576480865479
game8/Clip6,0,93,player_bottom,549.8367919921875,604.338623046875,516.7828979492188,483.8556823730469,582.8906860351562,604.338623046875,0.8503299951553345
game8/Clip6,0,94,player_top,803.478759765625,237.44911193847656,778.9624633789062,167.13992309570312,827.9951171875,237.44911193847656,0.8470816612243652
game8/Clip6,1,93,player_bottom,549.8367919921875,604.338623046875,516.7828979492188,483.8556823730469,582.8906860351562,604.338623046875,0.8503299951553345
game8/Clip6,1,94,player_top,803.478759765625,237.44911193847656,778.9624633789062,167.13992309570312,827.9951171875,237.44911193847656,0.8470816612243652
game8/Clip6,2,93,player_bottom,550.8084716796875,604.4317016601562,516.8851928710938,480.35565185546875,584.7317504882812,604.4317016601562,0.869720995426178
game8/Clip6,2,94,player_top,803.2490234375,237.43797302246094,779.0654907226562,168.1064910888672,827.4326171875,237.43797302246094,0.8487758636474609
game8/Clip6,3,93,player_bottom,552.658935546875,599.127685546875,518.5543212890625,473.56884765625,586.7636108398438,599.127685546875,0.8533543348312378
game8/Clip6,3,94,player_top,803.1710205078125,237.43661499023438,779.060791015625,168.34445190429688,827.2813110351562,237.43661499023438,0.8673767447471619
game8/Clip6,4,93,player_bottom,556.371337890625,595.4554443359375,521.6071166992188,465.78460693359375,591.1356201171875,595.4554443359375,0.8456180691719055
game8/Clip6,4,94,player_top,803.0791015625,237.36898803710938,778.994384765625,168.37142944335938,827.163818359375,237.36898803710938,0.868108332157135
game8/Clip6,5,93,player_bottom,561.95947265625,592.7549438476562,524.0497436523438,449.0205078125,599.869140625,592.7549438476562,0.8305665254592896
game8/Clip6,5,94,player_top,802.977294921875,237.21771240234375,778.700439453125,167.63824462890625,827.2542114257812,237.21771240234375,0.8385105729103088
game8/Clip6,6,93,player_bottom,566.0869140625,590.706298828125,527.7811279296875,442.7840270996094,604.3927612304688,590.706298828125,0.8489981889724731
game8/Clip6,6,94,player_top,802.5279541015625,237.21803283691406,777.8712768554688,166.50942993164062,827.1846313476562,237.21803283691406,0.8349583148956299
game8/Clip6,7,93,player_bottom,570.0266723632812,589.0985717773438,535.6852416992188,454.6392822265625,604.3681030273438,589.0985717773438,0.8139397501945496
game8/Clip6,7,94,player_top,802.173828125,237.10365295410156,777.0936889648438,165.02545166015625,827.2540283203125,237.10365295410156,0.8434392213821411
game8/Clip6,8,93,player_bottom,572.446044921875,588.3928833007812,540.3699951171875,460.9925842285156,604.5220947265625,588.3928833007812,0.8581955432891846
game8/Clip6,8,94,player_top,801.7354736328125,237.00344848632812,776.5326538085938,164.35484313964844,826.9382934570312,237.00344848632812,0.8486850261688232
game8/Clip6,9,93,player_bottom,573.0399169921875,587.9923095703125,542.5991821289062,465.1601257324219,603.480712890625,587.9923095703125,0.865753173828125
game8/Clip6,9,94,player_top,800.5211181640625,236.68612670898438,775.4130249023438,164.2039794921875,825.629150390625,236.68612670898438,0.8476370573043823
game8/Clip6,10,93,player_bottom,572.7657470703125,587.16015625,543.9760131835938,469.1146240234375,601.555419921875,587.16015625,0.8483096957206726
game8/Clip6,10,94,player_top,798.6880493164062,237.27406311035156,773.5278930664062,164.86029052734375,823.8482055664062,237.27406311035156,0.8224075436592102
game8/Clip6,11,93,player_bottom,571.9022216796875,588.2394409179688,544.2992553710938,473.6590576171875,599.5051879882812,588.2394409179688,0.873307466506958
game8/Clip6,11,94,player_top,797.7540283203125,237.41030883789062,772.535400390625,164.99383544921875,822.97265625,237.41030883789062,0.8147359490394592
game8/Clip6,12,93,player_bottom,569.9979248046875,588.2169799804688,543.6785888671875,478.3460998535156,596.3171997070312,588.2169799804688,0.8943935036659241
game8/Clip6,12,94,player_top,796.6695556640625,237.20689392089844,771.7724609375,165.86395263671875,821.5665893554688,237.20689392089844,0.8215165138244629
game8/Clip6,13,93,player_bottom,568.2129516601562,588.3588256835938,543.0679321289062,482.7841491699219,593.3579711914062,588.3588256835938,0.8956429362297058
game8/Clip6,13,94,player_top,795.426513671875,237.4011993408203,770.6759033203125,166.39710998535156,820.1770629882812,237.4011993408203,0.8340204954147339
game8/Clip6,14,93,player_bottom,566.9976806640625,588.254150390625,542.5341186523438,485.1712951660156,591.4613037109375,588.254150390625,0.8843258619308472
game8/Clip6,14,94,player_top,794.9527587890625,237.77642822265625,770.201904296875,166.64492797851562,819.7036743164062,237.77642822265625,0.8248245120048523
game8/Clip6,15,93,player_bottom,566.503662109375,588.3349609375,542.1593017578125,485.7336120605469,590.8480224609375,588.3349609375,0.8838217854499817
game8/Clip6,15,94,player_top,794.99267578125,238.4108123779297,769.6680297851562,165.37913513183594,820.3173828125,238.4108123779297,0.8061473369598389
game8/Clip6,16,93,player_bottom,565.527099609375,588.146240234375,540.9072265625,485.0801696777344,590.1470336914062,588.146240234375,0.8765124678611755
game8/Clip6,16,94,player_top,795.5558471679688,238.380859375,769.403564453125,162.70301818847656,821.7081298828125,238.380859375,0.8314074277877808
game8/Clip6,17,93,player_bottom,565.3739013671875,587.943359375,540.2109375,483.5465393066406,590.536865234375,587.943359375,0.8734203577041626
game8/Clip6,17,94,player_top,797.421630859375,238.2306365966797,771.2084350585938,161.70294189453125,823.6348266601562,238.2306365966797,0.8294926881790161
game8/Clip6,18,93,player_bottom,566.6920166015625,587.044189453125,541.2828369140625,481.80035400390625,592.1011352539062,587.044189453125,0.8715910315513611
game8/Clip6,18,94,player_top,801.6923828125,237.8070526123047,775.6327514648438,160.45855712890625,827.7520141601562,237.8070526123047,0.8219850659370422
game8/Clip6,19,93,player_bottom,568.66748046875,586.8927001953125,543.1259155273438,480.0887145996094,594.2090454101562,586.8927001953125,0.8502790927886963
game8/Clip6,19,94,player_top,806.7001342773438,237.8079833984375,781.2367553710938,160.96397399902344,832.1635131835938,237.8079833984375,0.8309163451194763
game8/Clip6,20,93,player_bottom,570.3397216796875,588.64697265625,544.574951171875,479.2492370605469,596.1044311523438,588.64697265625,0.8420653343200684
game8/Clip6,20,94,player_top,810.9378662109375,239.68612670898438,785.7197265625,161.66177368164062,836.1559448242188,239.68612670898438,0.8157067894935608
game8/Clip6,21,93,player_bottom,568.7679443359375,594.3612060546875,541.833251953125,479.26336669921875,595.7025756835938,594.3612060546875,0.8195200562477112
game8/Clip6,21,94,player_top,815.73291015625,240.35049438476562,790.6643676757812,162.4093780517578,840.801513671875,240.35049438476562,0.7552759051322937
game8/Clip6,22,93,player_bottom,568.293701171875,598.3193359375,540.8554077148438,480.2433166503906,595.7319946289062,598.3193359375,0.8273663520812988
game8/Clip6,22,94,player_top,817.9633178710938,239.8003692626953,791.4141845703125,156.5200653076172,844.512451171875,239.8003692626953,0.8099448680877686
game8/Clip6,23,93,player_bottom,568.775390625,603.1447143554688,540.853271484375,481.6695251464844,596.6975708007812,603.1447143554688,0.8566247224807739
game8/Clip6,23,94,player_top,821.042236328125,239.40121459960938,793.8334350585938,154.00152587890625,848.2509765625,239.40121459960938,0.8364468216896057
game8/Clip6,24,93,player_bottom,569.277099609375,607.0613403320312,541.2276611328125,483.58319091796875,597.3264770507812,607.0613403320312,0.8696136474609375
game8/Clip6,24,94,player_top,824.79345703125,239.50115966796875,798.0805053710938,157.17453002929688,851.5064086914062,239.50115966796875,0.8348765969276428
game8/Clip6,25,93,player_bottom,568.908935546875,609.5086669921875,540.8168334960938,484.8883056640625,597.0009765625,609.5086669921875,0.8664356470108032
game8/Clip6,25,94,player_top,825.9439697265625,239.37228393554688,799.8499755859375,160.36328125,852.0379638671875,239.37228393554688,0.8426647782325745
game8/Clip6,26,93,player_bottom,568.7030029296875,611.0441284179688,540.6780395507812,485.4066162109375,596.7279663085938,611.0441284179688,0.8562716245651245
game8/Clip6,26,94,player_top,827.0744018554688,239.5084686279297,800.7486572265625,160.91177368164062,853.400146484375,239.5084686279297,0.8113346695899963
game8/Clip6,27,93,player_bottom,567.960693359375,612.1431884765625,539.9754638671875,485.6148376464844,595.9459228515625,612.1431884765625,0.8644790053367615
game8/Clip6,27,94,player_top,829.198486328125,239.6165313720703,802.5222778320312,160.6185760498047,855.874755859375,239.6165313720703,0.819564163684845
game8/Clip6,28,93,player_bottom,567.1787109375,612.9937133789062,539.1825561523438,485.2126770019531,595.1749267578125,612.9937133789062,0.8661538362503052
game8/Clip6,28,94,player_top,833.0782470703125,239.96469116210938,805.8897094726562,159.38858032226562,860.2667236328125,239.96469116210938,0.8410115838050842
game8/Clip6,29,93,player_bottom,566.121826171875,613.4810791015625,538.1038208007812,484.3712463378906,594.1397705078125,613.4810791015625,0.8741529583930969
game8/Clip6,29,94,player_top,836.579345703125,240.13134765625,808.6392822265625,156.49905395507812,864.5193481445312,240.13134765625,0.8104645013809204
game8/Clip6,30,93,player_bottom,565.4130859375,613.5941772460938,537.4275512695312,483.7079772949219,593.3985595703125,613.5941772460938,0.8912352919578552
game8/Clip6,30,94,player_top,842.42578125,239.28404235839844,814.5570678710938,155.42608642578125,870.2945556640625,239.28404235839844,0.8519390225410461
game8/Clip6,31,93,player_bottom,565.0374755859375,613.4818725585938,537.1802368164062,483.9115905761719,592.8947143554688,613.4818725585938,0.8871137499809265
game8/Clip6,31,94,player_top,845.1170043945312,238.53451538085938,817.4725341796875,154.3310089111328,872.761474609375,238.53451538085938,0.8427216410636902
game8/Clip6,32,93,player_bottom,561.709716796875,614.4561157226562,533.5875244140625,485.25958251953125,589.8319702148438,614.4561157226562,0.8827551007270813
game8/Clip6,32,94,player_top,847.439208984375,238.7239532470703,819.8912963867188,153.73388671875,874.9871215820312,238.7239532470703,0.7819426655769348
game8/Clip6,33,93,player_bottom,556.9835815429688,616.8679809570312,528.1008911132812,487.294921875,585.8662719726562,616.8679809570312,0.899488091468811
game8/Clip6,33,94,player_top,852.3519287109375,237.80348205566406,825.005615234375,153.958984375,879.6982421875,237.80348205566406,0.7290951013565063
game8/Clip6,34,93,player_bottom,550.8226318359375,621.112060546875,521.0446166992188,490.667724609375,580.6006469726562,621.112060546875,0.901702344417572
game8/Clip6,34,74,player_top,206.9668426513672,391.80352783203125,183.86207580566406,325.00616455078125,230.0716094970703,391.80352783203125,0.6852627992630005
game8/Clip6,35,93,player_bottom,545.4751586914062,625.4682006835938,514.7744750976562,495.651611328125,576.1758422851562,625.4682006835938,0.9090986847877502
game8/Clip6,35,74,player_top,206.9668426513672,391.80352783203125,183.86207580566406,325.00616455078125,230.0716094970703,391.80352783203125,0.6852627992630005
game8/Clip6,36,93,player_bottom,542.488525390625,628.8462524414062,511.0538024902344,500.8397216796875,573.9232177734375,628.8462524414062,0.9096605777740479
game8/Clip6,36,94,player_top,862.003662109375,239.15838623046875,834.7413330078125,159.00851440429688,889.2659912109375,239.15838623046875,0.6964671015739441
game8/Clip6,37,93,player_bottom,541.6337890625,629.815673828125,509.8492431640625,504.7109680175781,573.4183959960938,629.815673828125,0.9060399532318115
game8/Clip6,37,94,player_top,866.0423583984375,239.46096801757812,839.6820678710938,161.76795959472656,892.402587890625,239.46096801757812,0.7830638885498047
game8/Clip6,38,93,player_bottom,543.8160400390625,630.5499267578125,511.4794006347656,505.9964294433594,576.1527099609375,630.5499267578125,0.9012673497200012
game8/Clip6,38,94,player_top,868.8268432617188,239.71633911132812,843.3045043945312,164.1922149658203,894.3491821289062,239.71633911132812,0.7984835505485535
game8/Clip6,39,93,player_bottom,543.6673583984375,630.6176147460938,510.36395263671875,505.2550048828125,576.9707641601562,630.6176147460938,0.8976510167121887
game8/Clip6,39,94,player_top,870.82861328125,240.3868408203125,846.0062255859375,166.35179138183594,895.6510009765625,240.3868408203125,0.8018085956573486
game8/Clip6,40,93,player_bottom,538.6439208984375,631.1298828125,504.3787841796875,505.06683349609375,572.9091186523438,631.1298828125,0.8813744187355042
game8/Clip6,40,94,player_top,871.6199340820312,240.3712921142578,847.0753173828125,166.38848876953125,896.16455078125,240.3712921142578,0.7833079695701599
game8/Clip6,41,93,player_bottom,527.9609985351562,632.1630859375,493.3592224121094,505.89288330078125,562.562744140625,632.1630859375,0.8190042972564697
game8/Clip6,41,94,player_top,870.8153686523438,239.35585021972656,846.2955932617188,165.16848754882812,895.3351440429688,239.35585021972656,0.7991383671760559
game8/Clip6,42,93,player_bottom,514.3306884765625,632.2744750976562,480.073486328125,506.2303771972656,548.5879516601562,632.2744750976562,0.8672719597816467
game8/Clip6,42,94,player_top,868.2032470703125,238.33062744140625,840.2088012695312,152.5191650390625,896.19775390625,238.33062744140625,0.7991555333137512
game8/Clip6,43,93,player_bottom,506.09423828125,632.1548461914062,471.7713317871094,506.24798583984375,540.4171142578125,632.1548461914062,0.878522515296936
game8/Clip6,43,94,player_top,866.2884521484375,237.99388122558594,837.0780029296875,147.47938537597656,895.4989013671875,237.99388122558594,0.7750419974327087
game8/Clip6,44,93,player_bottom,498.9217224121094,631.0252075195312,464.4150390625,505.9041748046875,533.4284057617188,631.0252075195312,0.8735414147377014
game8/Clip6,44,94,player_top,864.5276489257812,237.7966766357422,837.3336791992188,153.62179565429688,891.7216186523438,237.7966766357422,0.7474313974380493
game8/Clip6,45,93,player_bottom,489.01910400390625,625.9182739257812,455.6102294921875,506.11968994140625,522.427978515625,625.9182739257812,0.8665013313293457
game8/Clip6,45,94,player_top,862.42919921875,238.12960815429688,836.4185180664062,157.2657928466797,888.4398193359375,238.12960815429688,0.7497072815895081
game8/Clip6,46,93,player_bottom,475.71026611328125,624.5833740234375,443.1890869140625,506.41522216796875,508.2314758300781,624.5833740234375,0.7821318507194519
game8/Clip6,46,94,player_top,858.106689453125,238.48753356933594,832.9375610351562,159.04986572265625,883.2757568359375,238.48753356933594,0.7843295335769653
game8/Clip6,47,93,player_bottom,461.28643798828125,625.2428588867188,429.23046875,507.8575134277344,493.3424072265625,625.2428588867188,0.8574694395065308
game8/Clip6,47,94,player_top,852.905517578125,239.0395965576172,828.5775756835938,159.9990997314453,877.2335205078125,239.0395965576172,0.7677292823791504
game8/Clip6,48,93,player_bottom,449.6556701660156,625.744140625,417.4920959472656,510.3100280761719,481.8192443847656,625.744140625,0.875053346157074
game8/Clip6,48,94,player_top,848.281494140625,239.0687713623047,824.2741088867188,158.7914581298828,872.2889404296875,239.0687713623047,0.8040251135826111
game8/Clip6,49,93,player_bottom,440.6302795410156,625.3179931640625,407.6772155761719,511.6697998046875,473.5833435058594,625.3179931640625,0.8929815292358398
game8/Clip6,49,94,player_top,844.440673828125,236.4041290283203,821.41650390625,157.48928833007812,867.4647827148438,236.4041290283203,0.8234516978263855
game8/Clip6,50,93,player_bottom,431.6844177246094,624.6880493164062,397.5809020996094,513.553955078125,465.7879333496094,624.6880493164062,0.866910457611084
game8/Clip6,50,94,player_top,838.9415283203125,235.69668579101562,816.8761596679688,157.3047637939453,861.0068359375,235.69668579101562,0.7953313589096069
game8/Clip6,51,93,player_bottom,420.61669921875,622.891845703125,384.8400573730469,514.53369140625,456.393310546875,622.891845703125,0.6401305794715881
game8/Clip6,51,94,player_top,833.252685546875,237.6545867919922,811.969482421875,158.8540496826172,854.535888671875,237.6545867919922,0.7736103534698486
game8/Clip6,52,93,player_bottom,409.1739196777344,621.0372314453125,372.3983154296875,516.6030883789062,445.94952392578125,621.0372314453125,0.8801582455635071
game8/Clip6,52,94,player_top,829.19482421875,237.21156311035156,809.2190551757812,161.13209533691406,849.1705932617188,237.21156311035156,0.714370846748352
game8/Clip6,53,93,player_bottom,391.7966613769531,627.0528564453125,351.4902038574219,518.5802612304688,432.1031188964844,627.0528564453125,0.8799301385879517
game8/Clip6,53,94,player_top,825.2947998046875,236.2117156982422,806.30126953125,163.47555541992188,844.2883911132812,236.2117156982422,0.7665832042694092
game8/Clip6,54,93,player_bottom,369.9350891113281,630.1426391601562,329.40704345703125,520.618408203125,410.463134765625,630.1426391601562,0.7813017964363098
game8/Clip6,54,94,player_top,819.7446899414062,237.22955322265625,800.4509887695312,165.11538696289062,839.0383911132812,237.22955322265625,0.8277121782302856
game8/Clip6,55,93,player_bottom,364.6400451660156,630.9992065429688,324.0321350097656,522.235595703125,405.2479553222656,630.9992065429688,0.7996720671653748
game8/Clip6,55,94,player_top,814.201904296875,238.2054443359375,793.8670043945312,165.69851684570312,834.536865234375,238.2054443359375,0.7960497736930847
game8/Clip6,56,93,player_bottom,348.1310119628906,631.1995239257812,308.63275146484375,521.7359619140625,387.6292724609375,631.1995239257812,0.8030151128768921
game8/Clip6,56,94,player_top,809.0540771484375,240.0734100341797,786.480224609375,163.3538818359375,831.6279296875,240.0734100341797,0.8142569661140442
game8/Clip6,57,93,player_bottom,337.72052001953125,630.8934326171875,299.1567687988281,520.4232177734375,376.2843017578125,630.8934326171875,0.846326470375061
game8/Clip6,57,94,player_top,805.220703125,240.21490478515625,782.3402099609375,164.88499450683594,828.1011962890625,240.21490478515625,0.7807697653770447
game8/Clip6,58,93,player_bottom,327.9365539550781,629.9848022460938,290.09014892578125,517.3231201171875,365.782958984375,629.9848022460938,0.8741444945335388
game8/Clip6,58,94,player_top,800.4180908203125,240.4059600830078,777.1630249023438,164.427734375,823.6732177734375,240.4059600830078,0.8169685006141663
game8/Clip6,59,93,player_bottom,316.754638671875,629.8550415039062,278.8426208496094,514.7180786132812,354.6666564941406,629.8550415039062,0.8342447280883789
game8/Clip6,59,94,player_top,796.0300903320312,240.44798278808594,773.1824951171875,164.87258911132812,818.877685546875,240.44798278808594,0.8545489311218262
game8/Clip6,60,93,player_bottom,305.7374267578125,629.6188354492188,266.9053955078125,512.0931396484375,344.5694274902344,629.6188354492188,0.8723432421684265
game8/Clip6,60,94,player_top,788.7315673828125,240.93370056152344,766.0289306640625,162.8448028564453,811.4341430664062,240.93370056152344,0.8082494735717773
game8/Clip6,61,93,player_bottom,295.7908935546875,629.1893310546875,255.5975799560547,509.39599609375,335.9842224121094,629.1893310546875,0.8891271352767944
game8/Clip6,61,94,player_top,783.402587890625,242.05421447753906,760.9282836914062,161.4571533203125,805.876953125,242.05421447753906,0.7974595427513123
game8/Clip6,62,93,player_bottom,286.796875,629.2940063476562,245.100341796875,507.48272705078125,328.493408203125,629.2940063476562,0.9223440289497375
game8/Clip6,62,94,player_top,778.6082763671875,242.66029357910156,756.64599609375,160.19216918945312,800.5706176757812,242.66029357910156,0.8071565628051758
game8/Clip6,63,93,player_bottom,280.90020751953125,629.23388671875,238.18502807617188,506.3988037109375,323.61541748046875,629.23388671875,0.9218140244483948
game8/Clip6,63,94,player_top,774.1688842773438,242.26995849609375,753.3571166992188,160.70980834960938,794.9806518554688,242.26995849609375,0.7847774028778076
game8/Clip6,64,93,player_bottom,276.7447509765625,628.9006958007812,233.45726013183594,505.2535400390625,320.0322265625,628.9006958007812,0.9009446501731873
game8/Clip6,64,94,player_top,769.841552734375,242.2511444091797,749.747802734375,160.62149047851562,789.9352416992188,242.2511444091797,0.7802515625953674
game8/Clip6,65,93,player_bottom,272.4404296875,628.70849609375,228.6790771484375,502.9800720214844,316.2018127441406,628.70849609375,0.8985564708709717
game8/Clip6,65,94,player_top,764.766845703125,240.8654022216797,745.5064697265625,160.49093627929688,784.0271606445312,240.8654022216797,0.7734428644180298
game8/Clip6,66,93,player_bottom,267.3198547363281,628.2998657226562,223.49668884277344,499.98876953125,311.1430358886719,628.2998657226562,0.8915802836418152
game8/Clip6,66,94,player_top,759.3870239257812,243.19590759277344,739.9900512695312,160.57489013671875,778.7839965820312,243.19590759277344,0.7594469785690308
game8/Clip6,67,93,player_bottom,262.0189208984375,628.0667724609375,218.47813415527344,496.481201171875,305.5596923828125,628.0667724609375,0.8712133765220642
game8/Clip6,67,94,player_top,754.37939453125,246.53982543945312,734.6629638671875,160.64404296875,774.0957641601562,246.53982543945312,0.8312251567840576
game8/Clip6,68,93,player_bottom,256.5541687011719,628.063720703125,213.9607696533203,493.5105895996094,299.1475830078125,628.063720703125,0.8229836225509644
game8/Clip6,68,94,player_top,750.446533203125,248.0176239013672,731.1717529296875,162.1492156982422,769.7213134765625,248.0176239013672,0.8158102631568909
game8/Clip6,69,93,player_bottom,252.55979919433594,627.460693359375,211.15267944335938,489.59521484375,293.9669189453125,627.460693359375,0.7885484099388123
game8/Clip6,69,94,player_top,746.7540283203125,248.4148406982422,727.7978515625,162.0425262451172,765.7102661132812,248.4148406982422,0.8188601136207581
game8/Clip6,70,93,player_bottom,248.86468505859375,627.031982421875,208.7837371826172,486.8364562988281,288.9456481933594,627.031982421875,0.8381342887878418
game8/Clip6,70,94,player_top,743.28955078125,248.7495574951172,724.4940185546875,161.22012329101562,762.0851440429688,248.7495574951172,0.8132491707801819
game8/Clip6,71,93,player_bottom,245.04685974121094,625.7972412109375,206.5269775390625,484.8841247558594,283.5667419433594,625.7972412109375,0.8250920176506042
game8/Clip6,71,94,player_top,739.75634765625,248.51998901367188,721.2118530273438,160.5965576171875,758.30078125,248.51998901367188,0.7988342642784119
game8/Clip6,72,93,player_bottom,239.61802673339844,626.7315673828125,202.35458374023438,485.2821044921875,276.8814697265625,626.7315673828125,0.8323138356208801
game8/Clip6,72,94,player_top,735.659912109375,248.45761108398438,717.1978149414062,160.26002502441406,754.1219482421875,248.45761108398438,0.8344669938087463
game8/Clip6,73,93,player_bottom,233.27969360351562,627.0642700195312,197.48851013183594,487.9266357421875,269.07086181640625,627.0642700195312,0.856163501739502
game8/Clip6,73,94,player_top,731.628662109375,248.33370971679688,712.920654296875,159.3263702392578,750.336669921875,248.33370971679688,0.8473857641220093
game8/Clip6,74,93,player_bottom,226.41392517089844,627.791015625,191.51144409179688,490.3759765625,261.31640625,627.791015625,0.8787207007408142
game8/Clip6,74,94,player_top,727.836181640625,248.31320190429688,708.830810546875,159.2377471923828,746.8416137695312,248.31320190429688,0.8481379747390747
game8/Clip6,75,93,player_bottom,219.67437744140625,627.6421508789062,185.66021728515625,493.52679443359375,253.68853759765625,627.6421508789062,0.8807419538497925
game8/Clip6,75,94,player_top,725.8056640625,248.45968627929688,706.5526123046875,159.51905822753906,745.0587158203125,248.45968627929688,0.8519681692123413
game8/Clip6,76,93,player_bottom,213.4907989501953,627.2462158203125,179.8560028076172,495.9255676269531,247.12559509277344,627.2462158203125,0.8890695571899414
game8/Clip6,76,94,player_top,724.1978759765625,248.68612670898438,704.7186889648438,159.54302978515625,743.677001953125,248.68612670898438,0.854106605052948
game8/Clip6,77,93,player_bottom,209.89056396484375,626.8096313476562,176.2176971435547,497.27301025390625,243.56341552734375,626.8096313476562,0.8813921809196472
game8/Clip6,77,94,player_top,722.777587890625,248.72650146484375,703.15283203125,159.24710083007812,742.4022827148438,248.72650146484375,0.8499027490615845
game8/Clip6,78,93,player_bottom,207.9599609375,627.1150512695312,173.8661346435547,498.2203674316406,242.05377197265625,627.1150512695312,0.8941725492477417
game8/Clip6,78,94,player_top,720.567138671875,248.50054931640625,701.0712280273438,159.22640991210938,740.0631103515625,248.50054931640625,0.8149924278259277
game8/Clip6,79,93,player_bottom,206.97702026367188,627.3446044921875,172.26055908203125,498.0023498535156,241.69349670410156,627.3446044921875,0.8780439496040344
game8/Clip6,79,94,player_top,718.0283203125,248.6042938232422,698.7998046875,158.99330139160156,737.2568969726562,248.6042938232422,0.7914243936538696
game8/Clip6,80,93,player_bottom,205.90704345703125,627.7781372070312,170.47357177734375,497.3347473144531,241.3405303955078,627.7781372070312,0.9002491235733032
game8/Clip6,80,94,player_top,715.5623779296875,248.51327514648438,696.731689453125,158.2939453125,734.3930053710938,248.51327514648438,0.7781052589416504
game8/Clip6,81,93,player_bottom,203.5978546142578,627.8324584960938,167.89230346679688,496.5897216796875,239.30340576171875,627.8324584960938,0.9051169753074646
game8/Clip6,81,94,player_top,712.5526123046875,248.26473999023438,694.2206420898438,157.8998565673828,730.8845825195312,248.26473999023438,0.7756471037864685
game8/Clip6,82,93,player_bottom,201.90347290039062,627.82958984375,166.0397186279297,495.8399963378906,237.76724243164062,627.82958984375,0.8941499590873718
game8/Clip6,82,94,player_top,710.8095703125,248.5821990966797,692.739990234375,156.9022216796875,728.8792114257812,248.5821990966797,0.8058478832244873
game8/Clip6,83,93,player_bottom,199.23190307617188,628.41259765625,163.45445251464844,495.3460998535156,235.0093536376953,628.41259765625,0.8849460482597351
game8/Clip6,83,94,player_top,709.1917724609375,248.2128448486328,691.608154296875,156.71844482421875,726.7754516601562,248.2128448486328,0.811259925365448
game8/Clip6,84,93,player_bottom,195.68026733398438,628.6968994140625,160.55528259277344,495.4657897949219,230.80526733398438,628.6968994140625,0.8939220309257507
game8/Clip6,84,94,player_top,705.73291015625,248.22349548339844,688.3352661132812,156.82566833496094,723.1305541992188,248.22349548339844,0.8022266626358032
game8/Clip6,85,93,player_bottom,195.68026733398438,628.6968994140625,160.55528259277344,495.4657897949219,230.80526733398438,628.6968994140625,0.8939220309257507
game8/Clip6,85,94,player_top,702.7589111328125,247.7523651123047,685.385009765625,156.7552490234375,720.1328735351562,247.7523651123047,0.8211730718612671
game8/Clip6,86,93,player_bottom,195.68026733398438,628.6968994140625,160.55528259277344,495.4657897949219,230.80526733398438,628.6968994140625,0.8939220309257507
game8/Clip6,86,94,player_top,701.6209106445312,247.32394409179688,684.3029174804688,156.6200714111328,718.9389038085938,247.32394409179688,0.8174232244491577
game8/Clip6,87,93,player_bottom,195.68026733398438,628.6968994140625,160.55528259277344,495.4657897949219,230.80526733398438,628.6968994140625,0.8939220309257507
game8/Clip6,87,94,player_top,700.3087158203125,247.25057983398438,682.9110107421875,156.71841430664062,717.7064819335938,247.25057983398438,0.8196224570274353
game8/Clip6,88,93,player_bottom,195.68026733398438,628.6968994140625,160.55528259277344,495.4657897949219,230.80526733398438,628.6968994140625,0.8939220309257507
game8/Clip6,88,94,player_top,698.8721923828125,247.13482666015625,681.3422241210938,157.14210510253906,716.4022216796875,247.13482666015625,0.8433486223220825
game8/Clip6,89,93,player_bottom,195.68026733398438,628.6968994140625,160.55528259277344,495.4657897949219,230.80526733398438,628.6968994140625,0.8939220309257507
game8/Clip6,89,94,player_top,697.7960815429688,247.23501586914062,680.0093383789062,157.3589324951172,715.5828247070312,247.23501586914062,0.8577436804771423
game8/Clip6,90,93,player_bottom,195.68026733398438,628.6968994140625,160.55528259277344,495.4657897949219,230.80526733398438,628.6968994140625,0.8939220309257507
game8/Clip6,90,94,player_top,696.8966064453125,247.33758544921875,678.872802734375,157.29319763183594,714.92041015625,247.33758544921875,0.8637139201164246
game8/Clip6,91,93,player_bottom,195.68026733398438,628.6968994140625,160.55528259277344,495.4657897949219,230.80526733398438,628.6968994140625,0.8939220309257507
game8/Clip6,91,94,player_top,695.0174560546875,247.01089477539062,676.9384155273438,156.69871520996094,713.0965576171875,247.01089477539062,0.8330786228179932
game8/Clip6,92,93,player_bottom,195.68026733398438,628.6968994140625,160.55528259277344,495.4657897949219,230.80526733398438,628.6968994140625,0.8939220309257507
game8/Clip6,92,94,player_top,693.0932006835938,246.80775451660156,675.0327758789062,155.8567657470703,711.1536254882812,246.80775451660156,0.8261598944664001
game8/Clip6,93,93,player_bottom,195.68026733398438,628.6968994140625,160.55528259277344,495.4657897949219,230.80526733398438,628.6968994140625,0.8939220309257507
game8/Clip6,93,94,player_top,690.6878051757812,246.8094024658203,672.8518676757812,155.6841278076172,708.5237426757812,246.8094024658203,0.8318067193031311
game8/Clip6,94,93,player_bottom,195.68026733398438,628.6968994140625,160.55528259277344,495.4657897949219,230.80526733398438,628.6968994140625,0.8939220309257507
game8/Clip6,94,94,player_top,689.312744140625,246.9745635986328,671.6437377929688,155.1226043701172,706.9818115234375,246.9745635986328,0.8272616267204285
game8/Clip6,95,93,player_bottom,195.68026733398438,628.6968994140625,160.55528259277344,495.4657897949219,230.80526733398438,628.6968994140625,0.8939220309257507
game8/Clip6,95,94,player_top,688.2877197265625,246.955810546875,670.8138427734375,154.521728515625,705.7616577148438,246.955810546875,0.8320611715316772
game8/Clip6,96,93,player_bottom,195.68026733398438,628.6968994140625,160.55528259277344,495.4657897949219,230.80526733398438,628.6968994140625,0.8939220309257507
game8/Clip6,96,94,player_top,687.4371337890625,246.94805908203125,670.2320556640625,154.6721954345703,704.6422119140625,246.94805908203125,0.8347206115722656
game8/Clip6,97,93,player_bottom,195.68026733398438,628.6968994140625,160.55528259277344,495.4657897949219,230.80526733398438,628.6968994140625,0.8939220309257507
game8/Clip6,97,94,player_top,686.3302001953125,247.1355743408203,669.4107666015625,154.6879425048828,703.2496948242188,247.1355743408203,0.8344399333000183
game8/Clip6,98,93,player_bottom,195.68026733398438,628.6968994140625,160.55528259277344,495.4657897949219,230.80526733398438,628.6968994140625,0.8939220309257507
game8/Clip6,98,94,player_top,684.9937744140625,246.50318908691406,668.4345092773438,154.54824829101562,701.5530395507812,246.50318908691406,0.828041136264801
game8/Clip6,99,93,player_bottom,195.68026733398438,628.6968994140625,160.55528259277344,495.4657897949219,230.80526733398438,628.6968994140625,0.8939220309257507
game8/Clip6,99,94,player_top,683.4727172851562,246.259033203125,667.1285400390625,154.56634521484375,699.81689453125,246.259033203125,0.8340424299240112
game8/Clip6,100,93,player_bottom,195.68026733398438,628.6968994140625,160.55528259277344,495.4657897949219,230.80526733398438,628.6968994140625,0.8939220309257507
game8/Clip6,100,94,player_top,681.14013671875,246.13134765625,664.8340454101562,154.0991973876953,697.4461669921875,246.13134765625,0.8258227705955505
game8/Clip6,101,93,player_bottom,195.68026733398438,628.6968994140625,160.55528259277344,495.4657897949219,230.80526733398438,628.6968994140625,0.8939220309257507
game8/Clip6,101,94,player_top,679.108154296875,246.0836181640625,663.0048217773438,154.76173400878906,695.21142578125,246.0836181640625,0.821578860282898
game8/Clip6,102,93,player_bottom,195.68026733398438,628.6968994140625,160.55528259277344,495.4657897949219,230.80526733398438,628.6968994140625,0.8939220309257507
game8/Clip6,102,94,player_top,678.2353515625,246.1283416748047,662.3131713867188,155.37100219726562,694.157470703125,246.1283416748047,0.8219796419143677
game8/Clip6,103,93,player_bottom,195.68026733398438,628.6968994140625,160.55528259277344,495.4657897949219,230.80526733398438,628.6968994140625,0.8939220309257507
game8/Clip6,103,94,player_top,677.18896484375,245.6499481201172,661.3897705078125,155.17715454101562,692.9880981445312,245.6499481201172,0.8019303679466248
game8/Clip6,104,93,player_bottom,195.68026733398438,628.6968994140625,160.55528259277344,495.4657897949219,230.80526733398438,628.6968994140625,0.8939220309257507
game8/Clip6,104,94,player_top,676.251708984375,245.81788635253906,660.4854125976562,154.7329559326172,692.0180053710938,245.81788635253906,0.8096376657485962
game8/Clip6,105,93,player_bottom,195.68026733398438,628.6968994140625,160.55528259277344,495.4657897949219,230.80526733398438,628.6968994140625,0.8939220309257507
game8/Clip6,105,94,player_top,675.2958984375,245.0277099609375,659.785400390625,154.41067504882812,690.806396484375,245.0277099609375,0.8243134617805481
game8/Clip6,106,93,player_bottom,195.68026733398438,628.6968994140625,160.55528259277344,495.4657897949219,230.80526733398438,628.6968994140625,0.8939220309257507
game8/Clip6,106,94,player_top,674.565185546875,243.70523071289062,659.1752319335938,152.92225646972656,689.9551391601562,243.70523071289062,0.8328733444213867
game8/Clip6,107,93,player_bottom,195.68026733398438,628.6968994140625,160.55528259277344,495.4657897949219,230.80526733398438,628.6968994140625,0.8939220309257507
game8/Clip6,107,94,player_top,673.5931396484375,241.67164611816406,658.4938354492188,151.970458984375,688.6924438476562,241.67164611816406,0.8347819447517395
game8/Clip6,108,93,player_bottom,195.68026733398438,628.6968994140625,160.55528259277344,495.4657897949219,230.80526733398438,628.6968994140625,0.8939220309257507
game8/Clip6,108,94,player_top,672.3907470703125,241.5583038330078,657.3833618164062,151.9397430419922,687.3980712890625,241.5583038330078,0.820925772190094
game8/Clip6,109,93,player_bottom,195.68026733398438,628.6968994140625,160.55528259277344,495.4657897949219,230.80526733398438,628.6968994140625,0.8939220309257507
game8/Clip6,109,94,player_top,671.3297119140625,240.0741424560547,656.5891723632812,151.8007049560547,686.0702514648438,240.0741424560547,0.8146998286247253
game8/Clip6,110,93,player_bottom,195.68026733398438,628.6968994140625,160.55528259277344,495.4657897949219,230.80526733398438,628.6968994140625,0.8939220309257507
game8/Clip6,110,94,player_top,670.1834106445312,240.00364685058594,655.512451171875,151.68153381347656,684.8543701171875,240.00364685058594,0.8222073912620544
game8/Clip6,111,93,player_bottom,195.68026733398438,628.6968994140625,160.55528259277344,495.4657897949219,230.80526733398438,628.6968994140625,0.8939220309257507
game8/Clip6,111,94,player_top,669.08935546875,239.64866638183594,654.4949340820312,151.614013671875,683.6837768554688,239.64866638183594,0.830186128616333
game8/Clip6,112,93,player_bottom,195.68026733398438,628.6968994140625,160.55528259277344,495.4657897949219,230.80526733398438,628.6968994140625,0.8939220309257507
game8/Clip6,112,94,player_top,668.2659912109375,239.66590881347656,653.6607055664062,151.43649291992188,682.871337890625,239.66590881347656,0.8306512832641602
game8/Clip6,113,93,player_bottom,195.68026733398438,628.6968994140625,160.55528259277344,495.4657897949219,230.80526733398438,628.6968994140625,0.8939220309257507
game8/Clip6,113,94,player_top,666.4599609375,238.84246826171875,651.8001708984375,151.201416015625,681.1197509765625,238.84246826171875,0.8069738149642944
game8/Clip6,114,93,player_bottom,195.68026733398438,628.6968994140625,160.55528259277344,495.4657897949219,230.80526733398438,628.6968994140625,0.8939220309257507
game8/Clip6,114,94,player_top,664.8681640625,238.23251342773438,650.0340576171875,150.70281982421875,679.7023315429688,238.23251342773438,0.8089383244514465
game8/Clip6,115,93,player_bottom,195.68026733398438,628.6968994140625,160.55528259277344,495.4657897949219,230.80526733398438,628.6968994140625,0.8939220309257507
game8/Clip6,115,94,player_top,663.41748046875,238.05409240722656,648.4594116210938,150.5330047607422,678.3755493164062,238.05409240722656,0.8077991604804993
game8/Clip6,116,93,player_bottom,195.68026733398438,628.6968994140625,160.55528259277344,495.4657897949219,230.80526733398438,628.6968994140625,0.8939220309257507
game8/Clip6,116,94,player_top,662.0928955078125,237.9802703857422,646.8965454101562,149.75619506835938,677.289306640625,237.9802703857422,0.8215896487236023
game8/Clip6,117,93,player_bottom,195.68026733398438,628.6968994140625,160.55528259277344,495.4657897949219,230.80526733398438,628.6968994140625,0.8939220309257507
game8/Clip6,117,94,player_top,661.423828125,238.23928833007812,646.0088500976562,149.09352111816406,676.8387451171875,238.23928833007812,0.834378182888031
game8/Clip6,118,93,player_bottom,195.68026733398438,628.6968994140625,160.55528259277344,495.4657897949219,230.80526733398438,628.6968994140625,0.8939220309257507
game8/Clip6,118,94,player_top,661.4178466796875,238.45228576660156,645.9476318359375,148.66583251953125,676.8881225585938,238.45228576660156,0.8289781212806702
game8/Clip6,119,93,player_bottom,195.68026733398438,628.6968994140625,160.55528259277344,495.4657897949219,230.80526733398438,628.6968994140625,0.8939220309257507
game8/Clip6,119,94,player_top,660.890625,238.71896362304688,645.3074951171875,147.7775421142578,676.4737548828125,238.71896362304688,0.8300150632858276
game8/Clip6,120,93,player_bottom,195.68026733398438,628.6968994140625,160.55528259277344,495.4657897949219,230.80526733398438,628.6968994140625,0.8939220309257507
game8/Clip6,120,94,player_top,660.6192626953125,238.3329620361328,645.07275390625,146.6992645263672,676.1658325195312,238.3329620361328,0.8208455443382263
game8/Clip6,121,93,player_bottom,195.68026733398438,628.6968994140625,160.55528259277344,495.4657897949219,230.80526733398438,628.6968994140625,0.8939220309257507
game8/Clip6,121,94,player_top,659.8753662109375,237.32437133789062,644.5215454101562,145.75698852539062,675.229248046875,237.32437133789062,0.8216353058815002
game8/Clip6,122,93,player_bottom,195.68026733398438,628.6968994140625,160.55528259277344,495.4657897949219,230.80526733398438,628.6968994140625,0.8939220309257507
game8/Clip6,122,94,player_top,659.222900390625,235.829833984375,644.2138671875,145.3628692626953,674.2319946289062,235.829833984375,0.8152929544448853
game8/Clip6,123,93,player_bottom,195.68026733398438,628.6968994140625,160.55528259277344,495.4657897949219,230.80526733398438,628.6968994140625,0.8939220309257507
game8/Clip6,123,94,player_top,658.7396240234375,234.8023681640625,643.972412109375,144.98123168945312,673.5068969726562,234.8023681640625,0.8133738040924072
game8/Clip6,124,93,player_bottom,195.68026733398438,628.6968994140625,160.55528259277344,495.4657897949219,230.80526733398438,628.6968994140625,0.8939220309257507
game8/Clip6,124,94,player_top,657.802490234375,234.73080444335938,643.060546875,144.14141845703125,672.5443725585938,234.73080444335938,0.8207903504371643
game8/Clip6,125,93,player_bottom,195.68026733398438,628.6968994140625,160.55528259277344,495.4657897949219,230.80526733398438,628.6968994140625,0.8939220309257507
game8/Clip6,125,94,player_top,657.262451171875,234.18948364257812,642.6882934570312,143.82000732421875,671.8366088867188,234.18948364257812,0.8119120597839355
game8/Clip6,126,93,player_bottom,195.68026733398438,628.6968994140625,160.55528259277344,495.4657897949219,230.80526733398438,628.6968994140625,0.8939220309257507
game8/Clip6,126,94,player_top,656.7749633789062,233.5541534423828,642.370361328125,143.55274963378906,671.1795654296875,233.5541534423828,0.8102837204933167
game8/Clip6,127,93,player_bottom,195.68026733398438,628.6968994140625,160.55528259277344,495.4657897949219,230.80526733398438,628.6968994140625,0.8939220309257507
game8/Clip6,127,94,player_top,656.50537109375,232.9510498046875,642.2520141601562,143.328857421875,670.7587280273438,232.9510498046875,0.8141574859619141
game8/Clip6,128,93,player_bottom,195.68026733398438,628.6968994140625,160.55528259277344,495.4657897949219,230.80526733398438,628.6968994140625,0.8939220309257507
game8/Clip6,128,94,player_top,656.4185384114584,232.6572011311849,642.2298990885416,143.1862996419271,670.6071573893229,232.6572011311849,0.8130264083544413
game8/Clip6,129,93,player_bottom,195.68026733398438,628.6968994140625,160.55528259277344,495.4657897949219,230.80526733398438,628.6968994140625,0.8939220309257507
game8/Clip6,129,94,player_top,656.3317057291666,232.36335245768228,642.2077840169271,143.04374186197916,670.4555867513021,232.36335245768228,0.8118953307469686
game8/Clip6,130,93,player_bottom,195.68026733398438,628.6968994140625,160.55528259277344,495.4657897949219,230.80526733398438,628.6968994140625,0.8939220309257507
game8/Clip6,130,94,player_top,656.244873046875,232.0695037841797,642.1856689453125,142.90118408203125,670.3040161132812,232.0695037841797,0.8107642531394958
game8/Clip7,0,101,player_bottom,560.8720703125,607.5342407226562,530.8123779296875,487.5812072753906,590.9318237304688,607.5342407226562,0.8479159474372864
game8/Clip7,0,100,player_top,800.9091796875,229.0152130126953,775.8927001953125,160.33984375,825.9257202148438,229.0152130126953,0.8596434593200684
game8/Clip7,1,101,player_bottom,560.8720703125,607.5342407226562,530.8123779296875,487.5812072753906,590.9318237304688,607.5342407226562,0.8479159474372864
game8/Clip7,1,100,player_top,800.9091796875,229.0152130126953,775.8927001953125,160.33984375,825.9257202148438,229.0152130126953,0.8596434593200684
game8/Clip7,2,101,player_bottom,562.0502319335938,607.4150390625,532.4564208984375,489.5126953125,591.64404296875,607.4150390625,0.8605563044548035
game8/Clip7,2,100,player_top,800.9345703125,229.03152465820312,776.0692138671875,160.78744506835938,825.7998657226562,229.03152465820312,0.8600695729255676
game8/Clip7,3,101,player_bottom,561.8724975585938,607.9909057617188,531.6390991210938,487.7335205078125,592.1058959960938,607.9909057617188,0.8399115204811096
game8/Clip7,3,100,player_top,800.9376831054688,229.06204223632812,776.1024169921875,160.92193603515625,825.77294921875,229.06204223632812,0.8584951162338257
game8/Clip7,4,101,player_bottom,561.0543212890625,605.7013549804688,529.9779052734375,481.89739990234375,592.1307983398438,605.7013549804688,0.8594107627868652
game8/Clip7,4,100,player_top,800.8959350585938,229.0459442138672,775.9891357421875,160.72630310058594,825.802734375,229.0459442138672,0.8596230149269104
game8/Clip7,5,101,player_bottom,562.9620361328125,602.3944091796875,531.719482421875,477.1184387207031,594.2046508789062,602.3944091796875,0.893907904624939
game8/Clip7,5,100,player_top,800.844482421875,228.9617156982422,775.8853759765625,160.5162811279297,825.8036499023438,228.9617156982422,0.8563963770866394
game8/Clip7,6,101,player_bottom,565.116943359375,599.5770874023438,531.870849609375,464.4600524902344,598.3630981445312,599.5770874023438,0.8599072098731995
game8/Clip7,6,100,player_top,800.7064208984375,228.84349060058594,775.582275390625,159.91172790527344,825.8306274414062,228.84349060058594,0.8567324876785278
game8/Clip7,7,101,player_bottom,569.117431640625,596.06494140625,535.17138671875,456.33441162109375,603.0635375976562,596.06494140625,0.8675817251205444
game8/Clip7,7,100,player_top,800.5694580078125,228.75534057617188,774.9421997070312,158.30657958984375,826.1966552734375,228.75534057617188,0.8516672253608704
game8/Clip7,8,101,player_bottom,573.3531494140625,595.5062255859375,538.4973754882812,449.8520812988281,608.208984375,595.5062255859375,0.8345726728439331
game8/Clip7,8,100,player_top,800.399169921875,228.66854858398438,774.3911743164062,156.94039916992188,826.4071044921875,228.66854858398438,0.84366375207901
game8/Clip7,9,101,player_bottom,576.37646484375,595.5384521484375,542.5746459960938,452.0242919921875,610.1783447265625,595.5384521484375,0.8244539499282837
game8/Clip7,9,100,player_top,800.072265625,228.36767578125,773.8948974609375,155.9942169189453,826.2496948242188,228.36767578125,0.8290961384773254
game8/Clip7,10,101,player_bottom,577.5260009765625,595.4192504882812,546.78369140625,463.6065979003906,608.268310546875,595.4192504882812,0.8664031624794006
game8/Clip7,10,100,player_top,798.3154296875,228.2169189453125,772.1389770507812,155.8272247314453,824.4918823242188,228.2169189453125,0.8339221477508545
game8/Clip7,11,101,player_bottom,576.2708740234375,593.2337646484375,548.1049194335938,470.8677978515625,604.4368896484375,593.2337646484375,0.8740801811218262
game8/Clip7,11,100,player_top,794.661865234375,228.4746551513672,768.311279296875,155.96568298339844,821.0123901367188,228.4746551513672,0.8509019017219543
game8/Clip7,12,101,player_bottom,575.2022094726562,593.2219848632812,548.6375122070312,476.2952575683594,601.7669067382812,593.2219848632812,0.8798347115516663
game8/Clip7,12,100,player_top,792.7096557617188,229.41441345214844,766.1087646484375,156.8304443359375,819.310546875,229.41441345214844,0.8651595115661621
game8/Clip7,13,101,player_bottom,573.952880859375,593.3654174804688,548.6155395507812,481.08929443359375,599.290283203125,593.3654174804688,0.8775123953819275
game8/Clip7,13,100,player_top,791.6348266601562,229.95977783203125,764.9593505859375,157.9493408203125,818.310302734375,229.95977783203125,0.876107394695282
game8/Clip7,14,101,player_bottom,573.7723388671875,593.284423828125,549.536865234375,485.66766357421875,598.0077514648438,593.284423828125,0.8647100925445557
game8/Clip7,14,100,player_top,791.4357299804688,230.19064331054688,764.8575439453125,159.4105987548828,818.013916015625,230.19064331054688,0.8794063329696655
game8/Clip7,15,101,player_bottom,571.4783935546875,593.0983276367188,547.6170654296875,488.24615478515625,595.3396606445312,593.0983276367188,0.8610958456993103
game8/Clip7,15,100,player_top,791.2967529296875,230.09722900390625,765.288818359375,162.0252685546875,817.3046264648438,230.09722900390625,0.8783012628555298
game8/Clip7,16,101,player_bottom,570.6702880859375,593.0907592773438,546.782958984375,489.3037109375,594.5576171875,593.0907592773438,0.8482061624526978
game8/Clip7,16,100,player_top,789.796875,230.40145874023438,763.57568359375,163.18650817871094,816.01806640625,230.40145874023438,0.8611022233963013
game8/Clip7,17,101,player_bottom,569.837646484375,593.32861328125,545.510498046875,488.8543701171875,594.1648559570312,593.32861328125,0.841068685054779
game8/Clip7,17,100,player_top,788.4237060546875,230.4258575439453,761.6143188476562,163.44366455078125,815.2330322265625,230.4258575439453,0.8513665199279785
game8/Clip7,18,101,player_bottom,569.7357788085938,593.3297729492188,544.8212280273438,487.19830322265625,594.6503295898438,593.3297729492188,0.8332121968269348
game8/Clip7,18,100,player_top,783.6253051757812,230.08616638183594,756.2218017578125,164.68460083007812,811.02880859375,230.08616638183594,0.7724003791809082
game8/Clip7,19,101,player_bottom,570.977294921875,593.5203857421875,545.3999633789062,484.5005187988281,596.5545654296875,593.5203857421875,0.8713027834892273
game8/Clip7,19,74,player_top,206.6784112902655,389.1891245081805,188.16197027676347,321.2052218672158,225.19486336086106,389.1891245081805,0.7196713435477105
game8/Clip7,20,101,player_bottom,572.3572998046875,592.6677856445312,546.4927368164062,482.1617431640625,598.2218627929688,592.6677856445312,0.8449419140815735
game8/Clip7,20,100,player_top,776.512939453125,228.8107147216797,746.0227661132812,159.75961303710938,807.0031127929688,228.8107147216797,0.8059408664703369
game8/Clip7,21,101,player_bottom,576.0115966796875,593.4093627929688,550.0839233398438,481.01727294921875,601.9393310546875,593.4093627929688,0.8418567776679993
game8/Clip7,21,100,player_top,773.0703125,228.47987365722656,741.0266723632812,156.49375915527344,805.114013671875,228.47987365722656,0.8382115364074707
game8/Clip7,22,101,player_bottom,579.5694580078125,594.782470703125,553.5908813476562,480.716796875,605.5480346679688,594.782470703125,0.8661566972732544
game8/Clip7,22,100,player_top,770.0032958984375,228.213623046875,737.707275390625,155.33575439453125,802.2992553710938,228.213623046875,0.8421818017959595
game8/Clip7,23,101,player_bottom,582.30859375,595.927978515625,556.24609375,481.22235107421875,608.3711547851562,595.927978515625,0.8630539178848267
game8/Clip7,23,74,player_top,206.76920064290366,389.2443339029948,188.06921895345053,321.2191874186198,225.4691925048828,389.2443339029948,0.7189935644467672
game8/Clip7,24,101,player_bottom,583.1337890625,597.4539184570312,556.6905517578125,482.14324951171875,609.5770874023438,597.4539184570312,0.8757383227348328
game8/Clip7,24,100,player_top,757.3875732421875,228.1399383544922,726.6322631835938,154.36265563964844,788.142822265625,228.1399383544922,0.7904722094535828
game8/Clip7,25,101,player_bottom,585.2633056640625,599.5258178710938,558.5914306640625,483.25970458984375,611.9351806640625,599.5258178710938,0.875346302986145
game8/Clip7,25,100,player_top,752.3682250976562,229.04469299316406,721.5315551757812,153.1539764404297,783.2048950195312,229.04469299316406,0.8124176859855652
game8/Clip7,26,101,player_bottom,586.8944091796875,601.166015625,560.0086059570312,483.5867919921875,613.7802124023438,601.166015625,0.87797611951828
game8/Clip7,26,100,player_top,747.3516235351562,228.1292724609375,717.1427612304688,151.67544555664062,777.5604858398438,228.1292724609375,0.8104788661003113
game8/Clip7,27,101,player_bottom,588.730224609375,601.8318481445312,561.7435302734375,482.8116149902344,615.7169189453125,601.8318481445312,0.8714243769645691
game8/Clip7,27,100,player_top,741.65283203125,229.3822021484375,711.3651123046875,150.9884033203125,771.9406127929688,229.3822021484375,0.8269103765487671
game8/Clip7,28,101,player_bottom,589.55517578125,602.1168823242188,562.55517578125,482.2070617675781,616.55517578125,602.1168823242188,0.8711459040641785
game8/Clip7,28,100,player_top,737.0549926757812,227.71058654785156,707.517822265625,150.66629028320312,766.5921630859375,227.71058654785156,0.7895430326461792
game8/Clip7,29,101,player_bottom,590.396240234375,602.3750610351562,563.3792724609375,481.7253723144531,617.4131469726562,602.3750610351562,0.867680013179779
game8/Clip7,29,100,player_top,733.6417236328125,225.0957794189453,705.1189575195312,150.91038513183594,762.1644287109375,225.0957794189453,0.7292513847351074
game8/Clip7,30,101,player_bottom,590.6051635742188,602.89599609375,563.6087036132812,481.6682434082031,617.6016235351562,602.89599609375,0.8748767375946045
game8/Clip7,30,74,player_top,206.92808201002038,389.3409503439198,187.90690413765284,321.24362713357675,225.94926850692084,389.3409503439198,0.7178074510201163
game8/Clip7,31,101,player_bottom,590.99169921875,604.4046020507812,563.8536987304688,482.9305725097656,618.1297607421875,604.4046020507812,0.8709084987640381
game8/Clip7,31,74,player_top,206.9507793481799,389.35475269262344,187.88371630682462,321.24711852142775,226.01785079292628,389.35475269262344,0.7176380062448806
game8/Clip7,32,101,player_bottom,591.5179443359375,606.9180297851562,563.9315185546875,485.5548095703125,619.1044311523438,606.9180297851562,0.880548357963562
game8/Clip7,32,74,player_top,206.97347668633944,389.368555041327,187.86052847599638,321.25060990927875,226.08643307893172,389.368555041327,0.7174685614696448
game8/Clip7,33,101,player_bottom,591.2967529296875,609.5848388671875,562.9357299804688,488.422119140625,619.65771484375,609.5848388671875,0.8922448754310608
game8/Clip7,33,100,player_top,703.2447509765625,236.77130126953125,676.0692138671875,156.6146240234375,730.4202880859375,236.77130126953125,0.7758446931838989
game8/Clip7,34,101,player_bottom,591.177978515625,613.3153076171875,561.69140625,492.9587097167969,620.6644897460938,613.3153076171875,0.9010958075523376
game8/Clip7,34,100,player_top,700.2093505859375,237.44447326660156,674.4789428710938,157.40573120117188,725.9398193359375,237.44447326660156,0.7956568598747253
game8/Clip7,35,101,player_bottom,592.1043701171875,617.8720703125,561.0712280273438,497.205810546875,623.1375732421875,617.8720703125,0.8958443999290466
game8/Clip7,35,100,player_top,697.653564453125,238.04702758789062,672.9822998046875,157.4399871826172,722.3247680664062,238.04702758789062,0.8007329106330872
game8/Clip7,36,101,player_bottom,592.2310791015625,623.2590942382812,559.7625732421875,502.0274658203125,624.6996459960938,623.2590942382812,0.9024460911750793
game8/Clip7,36,100,player_top,693.797607421875,238.70407104492188,669.9620971679688,158.15545654296875,717.6331176757812,238.70407104492188,0.7949532866477966
game8/Clip7,37,101,player_bottom,591.97119140625,626.955810546875,558.0147705078125,504.2600402832031,625.9275512695312,626.955810546875,0.8907156586647034
game8/Clip7,37,100,player_top,685.56103515625,238.06463623046875,661.8563232421875,156.9213409423828,709.2656860351562,238.06463623046875,0.805299699306488
game8/Clip7,38,101,player_bottom,592.822021484375,629.0001831054688,557.6357421875,505.8279113769531,628.0082397460938,629.0001831054688,0.8890437483787537
game8/Clip7,38,100,player_top,679.509033203125,237.93638610839844,655.6996459960938,156.5391387939453,703.318359375,237.93638610839844,0.8272396326065063
game8/Clip7,39,101,player_bottom,595.055419921875,629.4299926757812,559.080322265625,505.73443603515625,631.0305786132812,629.4299926757812,0.8632389903068542
game8/Clip7,39,100,player_top,676.8964233398438,237.71238708496094,653.1658325195312,156.9045867919922,700.6270141601562,237.71238708496094,0.8626567721366882
game8/Clip7,40,101,player_bottom,601.3483276367188,629.5553588867188,565.1163940429688,505.4469909667969,637.5802612304688,629.5553588867188,0.8779900074005127
game8/Clip7,40,100,player_top,675.0638427734375,236.7149658203125,651.4137573242188,155.963623046875,698.7139282226562,236.7149658203125,0.8713657855987549
game8/Clip7,41,101,player_bottom,615.9030151367188,629.0929565429688,580.4349365234375,505.2158508300781,651.37109375,629.0929565429688,0.7831189632415771
game8/Clip7,41,100,player_top,672.7904052734375,235.5311279296875,649.52099609375,155.3236083984375,696.059814453125,235.5311279296875,0.8441822528839111
game8/Clip7,42,101,player_bottom,628.8250732421875,628.7415161132812,594.1917724609375,505.1943664550781,663.4583740234375,628.7415161132812,0.874752402305603
game8/Clip7,42,100,player_top,670.22802734375,234.3068389892578,647.5949096679688,154.98069763183594,692.8612060546875,234.3068389892578,0.8471275568008423
game8/Clip7,43,101,player_bottom,638.3916015625,625.8030395507812,604.8806762695312,505.1056823730469,671.9024658203125,625.8030395507812,0.8482190370559692
game8/Clip7,43,100,player_top,667.7164306640625,232.21810913085938,646.093505859375,155.23277282714844,689.3392944335938,232.21810913085938,0.8482749462127686
game8/Clip7,44,101,player_bottom,645.67529296875,620.8597412109375,613.401611328125,504.31329345703125,677.948974609375,620.8597412109375,0.869054913520813
game8/Clip7,44,100,player_top,664.59375,230.641845703125,643.2059326171875,153.74057006835938,685.9815673828125,230.641845703125,0.8410682678222656
game8/Clip7,45,101,player_bottom,651.80322265625,620.3540649414062,620.3082885742188,506.66845703125,683.2981567382812,620.3540649414062,0.8539468050003052
game8/Clip7,45,100,player_top,660.4140625,230.91531372070312,638.9066772460938,154.29684448242188,681.9215087890625,230.91531372070312,0.8564435243606567
game8/Clip7,46,101,player_bottom,657.1033935546875,617.9481811523438,626.6903076171875,508.63250732421875,687.5164184570312,617.9481811523438,0.8557698130607605
game8/Clip7,46,100,player_top,658.252197265625,231.0126190185547,636.4878540039062,154.2110595703125,680.0166015625,231.0126190185547,0.8574852347373962
game8/Clip7,47,101,player_bottom,660.071044921875,616.8663940429688,630.6571044921875,510.9991455078125,689.4850463867188,616.8663940429688,0.7600807547569275
game8/Clip7,47,100,player_top,657.3189697265625,231.3025665283203,635.341064453125,154.58981323242188,679.2969360351562,231.3025665283203,0.8670716881752014
game8/Clip7,48,101,player_bottom,669.981689453125,624.2284545898438,637.9395751953125,510.3005065917969,702.0238647460938,624.2284545898438,0.7949537634849548
game8/Clip7,48,100,player_top,655.6790771484375,231.30618286132812,633.7435302734375,154.91673278808594,677.6146850585938,231.30618286132812,0.872057318687439
game8/Clip7,49,101,player_bottom,674.955078125,627.6878662109375,640.1826171875,503.5400390625,709.7276000976562,627.6878662109375,0.8131581544876099
game8/Clip7,49,100,player_top,654.025634765625,231.32220458984375,632.1676635742188,154.75051879882812,675.8836669921875,231.32220458984375,0.8654455542564392
game8/Clip7,50,101,player_bottom,677.2330322265625,629.1475830078125,642.3465576171875,503.94281005859375,712.1195678710938,629.1475830078125,0.8154552578926086
game8/Clip7,50,100,player_top,652.0620727539062,231.4961395263672,630.4440307617188,154.83436584472656,673.6801147460938,231.4961395263672,0.8527781367301941
game8/Clip7,51,101,player_bottom,677.8541870117188,629.5510864257812,645.07421875,512.1068115234375,710.6341552734375,629.5510864257812,0.870897650718689
game8/Clip7,51,100,player_top,650.2938232421875,231.4296417236328,628.7720336914062,154.54852294921875,671.8156127929688,231.4296417236328,0.8524510860443115
game8/Clip7,52,101,player_bottom,678.3463745117188,629.6165771484375,646.28564453125,514.434814453125,710.4071044921875,629.6165771484375,0.8803578019142151
game8/Clip7,52,100,player_top,648.4189453125,231.06472778320312,627.0496215820312,154.83499145507812,669.788330078125,231.06472778320312,0.8439555168151855
game8/Clip7,53,101,player_bottom,680.6764526367188,629.60546875,648.81640625,513.6622924804688,712.5364990234375,629.60546875,0.8827341198921204
game8/Clip7,53,100,player_top,647.3372802734375,231.12210083007812,625.9374389648438,155.06788635253906,668.7371215820312,231.12210083007812,0.8427509665489197
game8/Clip7,54,101,player_bottom,681.2853393554688,629.66162109375,649.1782836914062,511.11676025390625,713.3923950195312,629.66162109375,0.8420315384864807
game8/Clip7,54,100,player_top,646.952392578125,230.84552001953125,625.2957153320312,154.14979553222656,668.609130859375,230.84552001953125,0.8470321297645569
game8/Clip7,55,101,player_bottom,679.9880981445312,629.7517700195312,647.6360473632812,508.863525390625,712.3401489257812,629.7517700195312,0.8549489974975586
game8/Clip7,55,100,player_top,647.0267333984375,230.73736572265625,625.0765380859375,153.17327880859375,668.9769897460938,230.73736572265625,0.8665065169334412
game8/Clip7,56,101,player_bottom,678.8779296875,629.6740112304688,645.8479614257812,504.7451477050781,711.907958984375,629.6740112304688,0.8522509336471558
game8/Clip7,56,100,player_top,646.885009765625,230.2996063232422,625.0107421875,153.04391479492188,668.7593383789062,230.2996063232422,0.8658028244972229
game8/Clip7,57,101,player_bottom,678.560302734375,629.4691162109375,645.17041015625,501.3996276855469,711.9501342773438,629.4691162109375,0.8615474700927734
game8/Clip7,57,100,player_top,646.4432373046875,229.94906616210938,624.5254516601562,152.45950317382812,668.3609619140625,229.94906616210938,0.8570846319198608
game8/Clip7,58,101,player_bottom,678.864013671875,629.193603515625,644.19482421875,493.5505065917969,713.533203125,629.193603515625,0.8578550219535828
game8/Clip7,58,100,player_top,646.2456665039062,228.83004760742188,624.8775634765625,153.68719482421875,667.61376953125,228.83004760742188,0.8485732078552246
game8/Clip7,59,101,player_bottom,679.4664306640625,628.4957275390625,645.2337646484375,492.4075927734375,713.6990966796875,628.4957275390625,0.855833888053894
game8/Clip7,59,100,player_top,645.3794555664062,228.4185791015625,624.1444702148438,154.50213623046875,666.6144409179688,228.4185791015625,0.8465744256973267
game8/Clip7,60,101,player_bottom,678.6888427734375,627.6000366210938,645.3731689453125,494.2079162597656,712.0044555664062,627.6000366210938,0.8598663210868835
game8/Clip7,60,100,player_top,644.8449096679688,227.82862854003906,623.6651611328125,155.26939392089844,666.024658203125,227.82862854003906,0.8425021171569824
game8/Clip7,61,101,player_bottom,679.1845703125,627.665771484375,646.1028442382812,495.3470458984375,712.266357421875,627.665771484375,0.883457362651825
game8/Clip7,61,100,player_top,644.6689453125,227.57875061035156,623.2791748046875,155.95921325683594,666.0586547851562,227.57875061035156,0.8352869153022766
game8/Clip7,62,101,player_bottom,679.406005859375,627.69287109375,646.4030151367188,497.6178283691406,712.4089965820312,627.69287109375,0.9072080254554749
game8/Clip7,62,100,player_top,643.8336181640625,227.74191284179688,621.7250366210938,155.49786376953125,665.9421997070312,227.74191284179688,0.8544095754623413
game8/Clip7,63,101,player_bottom,679.08642578125,629.345703125,645.9007568359375,500.9306640625,712.2720336914062,629.345703125,0.918981671333313
game8/Clip7,63,100,player_top,643.6142578125,227.80783081054688,621.0037231445312,155.4129638671875,666.2247924804688,227.80783081054688,0.8505517244338989
game8/Clip7,64,101,player_bottom,678.7181396484375,631.4363403320312,645.3607788085938,504.5494689941406,712.075439453125,631.4363403320312,0.9212654232978821
game8/Clip7,64,100,player_top,644.760986328125,228.3038330078125,621.7360229492188,155.21498107910156,667.7859497070312,228.3038330078125,0.851866602897644
game8/Clip7,65,101,player_bottom,678.5076293945312,636.8065185546875,644.1067504882812,507.4910888671875,712.9085083007812,636.8065185546875,0.905427873134613
game8/Clip7,65,100,player_top,644.454833984375,227.6295623779297,621.17626953125,154.4607391357422,667.7333374023438,227.6295623779297,0.8398809432983398
game8/Clip7,66,101,player_bottom,678.8301391601562,640.9352416992188,643.6515502929688,509.65771484375,714.0087280273438,640.9352416992188,0.899300754070282
game8/Clip7,66,100,player_top,642.095458984375,226.66632080078125,618.6890258789062,154.009033203125,665.5018310546875,226.66632080078125,0.7575628161430359
game8/Clip7,67,101,player_bottom,679.157958984375,643.5307006835938,643.5266723632812,511.0588684082031,714.789306640625,643.5307006835938,0.8943220973014832
game8/Clip7,67,100,player_top,631.1222534179688,224.76748657226562,609.155029296875,154.94285583496094,653.0894775390625,224.76748657226562,0.7437765598297119
game8/Clip7,68,101,player_bottom,678.491455078125,644.8839111328125,642.4700317382812,511.43829345703125,714.512939453125,644.8839111328125,0.8766503930091858
game8/Clip7,68,100,player_top,626.38525390625,223.78184509277344,605.0995483398438,156.1548614501953,647.6708984375,223.78184509277344,0.7365731000900269
game8/Clip7,69,101,player_bottom,676.408935546875,645.5534057617188,639.8375854492188,510.69305419921875,712.9803466796875,645.5534057617188,0.858059287071228
game8/Clip7,69,100,player_top,621.9293212890625,223.53841400146484,600.4335632324219,155.55682373046875,643.425048828125,223.53841400146484,0.7564361989498138
game8/Clip7,70,101,player_bottom,674.9699096679688,645.7223510742188,638.4404907226562,509.37091064453125,711.4993286132812,645.7223510742188,0.8500061631202698
game8/Clip7,70,100,player_top,617.473388671875,223.29498291015625,595.767578125,154.9587860107422,639.17919921875,223.29498291015625,0.7762992978096008
game8/Clip7,71,101,player_bottom,672.840576171875,645.3988647460938,636.4758911132812,506.9332275390625,709.2052001953125,645.3988647460938,0.8432441353797913
game8/Clip7,71,100,player_top,614.687744140625,223.9617919921875,591.6762084960938,152.30572509765625,637.69921875,223.9617919921875,0.7711426019668579
game8/Clip7,72,101,player_bottom,668.7149658203125,645.1353759765625,632.8817138671875,504.6717224121094,704.5482177734375,645.1353759765625,0.8461573123931885
game8/Clip7,72,100,player_top,612.3125,224.32186889648438,588.8045654296875,151.67579650878906,635.8203735351562,224.32186889648438,0.7451162338256836
game8/Clip7,73,101,player_bottom,664.751953125,644.5968627929688,629.778076171875,503.03179931640625,699.725830078125,644.5968627929688,0.839400589466095
game8/Clip7,73,100,player_top,605.6397705078125,224.5047607421875,581.6466674804688,151.35853576660156,629.6329345703125,224.5047607421875,0.76500004529953
game8/Clip7,74,101,player_bottom,660.687255859375,644.5606689453125,626.6477661132812,502.40753173828125,694.7266845703125,644.5606689453125,0.8615356683731079
game8/Clip7,74,100,player_top,598.635009765625,226.48507690429688,573.4840698242188,150.99685668945312,623.7859497070312,226.48507690429688,0.8152164816856384
game8/Clip7,75,101,player_bottom,655.8672485351562,643.8348999023438,622.95263671875,503.5475769042969,688.7818603515625,643.8348999023438,0.8609098792076111
game8/Clip7,75,100,player_top,590.6421508789062,227.76223754882812,565.1414184570312,152.15699768066406,616.1428833007812,227.76223754882812,0.7969667315483093
game8/Clip7,76,101,player_bottom,650.62060546875,644.1222534179688,618.35888671875,506.1810302734375,682.88232421875,644.1222534179688,0.8809208869934082
game8/Clip7,76,100,player_top,582.1568603515625,228.38648986816406,556.7258911132812,153.29824829101562,607.5878295898438,228.38648986816406,0.8003531098365784
game8/Clip7,77,101,player_bottom,647.0716552734375,645.1724853515625,615.1439208984375,509.2334289550781,678.9993286132812,645.1724853515625,0.87546706199646
game8/Clip7,77,100,player_top,576.37158203125,228.2748260498047,551.0265502929688,152.97752380371094,601.7166748046875,228.2748260498047,0.8215411305427551
game8/Clip7,78,101,player_bottom,644.98291015625,646.4857177734375,613.1932373046875,512.3333740234375,676.7725219726562,646.4857177734375,0.8649170994758606
game8/Clip7,78,100,player_top,572.560791015625,227.8812713623047,547.7935791015625,153.7052459716797,597.3279418945312,227.8812713623047,0.7334914803504944
game8/Clip7,79,101,player_bottom,643.9473876953125,647.3311157226562,612.2925415039062,514.96044921875,675.6022338867188,647.3311157226562,0.8725782632827759
game8/Clip7,79,100,player_top,569.777099609375,227.8780975341797,545.0518798828125,152.85983276367188,594.5023193359375,227.8780975341797,0.8095415234565735
game8/Clip7,80,101,player_bottom,644.2013549804688,647.3219604492188,612.40478515625,515.5634765625,675.9979248046875,647.3219604492188,0.8708378672599792
game8/Clip7,80,100,player_top,567.9564208984375,229.43653869628906,543.8342895507812,154.70068359375,592.0784912109375,229.43653869628906,0.7398803234100342
game8/Clip7,81,101,player_bottom,644.566162109375,647.1239013671875,612.3289794921875,514.5303344726562,676.8034057617188,647.1239013671875,0.863288402557373
game8/Clip7,81,100,player_top,564.15673828125,229.9986572265625,541.466552734375,159.3540802001953,586.8469848632812,229.9986572265625,0.7537244558334351
game8/Clip7,82,101,player_bottom,645.99609375,646.1536254882812,613.2982788085938,513.5352172851562,678.69384765625,646.1536254882812,0.8692328333854675
game8/Clip7,82,100,player_top,559.896484375,230.1609649658203,537.9661865234375,161.5220184326172,581.8267211914062,230.1609649658203,0.7843213081359863
game8/Clip7,83,101,player_bottom,650.4617919921875,647.077392578125,617.245361328125,513.2389526367188,683.67822265625,647.077392578125,0.8510349988937378
game8/Clip7,83,100,player_top,555.6348876953125,232.26461791992188,534.0201110839844,163.72954940795898,577.2496185302734,232.26461791992188,0.7928262203931808
game8/Clip7,84,101,player_bottom,657.1966552734375,648.9846801757812,623.7565307617188,513.8350219726562,690.63671875,648.9846801757812,0.8755893111228943
game8/Clip7,84,100,player_top,551.373291015625,234.36827087402344,530.0740356445312,165.93708038330078,572.6725158691406,234.36827087402344,0.8013311326503754
game8/Clip7,85,101,player_bottom,661.669677734375,651.8504638671875,627.8660888671875,515.0421752929688,695.4732666015625,651.8504638671875,0.8898670673370361
game8/Clip7,85,100,player_top,547.1116943359375,236.471923828125,526.1279602050781,168.14461135864258,568.0954132080078,236.471923828125,0.8098360449075699
game8/Clip7,86,101,player_bottom,662.9925537109375,653.2672729492188,629.0717163085938,516.6878662109375,696.913330078125,653.2672729492188,0.8713029623031616
game8/Clip7,86,100,player_top,542.85009765625,238.57557678222656,522.181884765625,170.35214233398438,563.518310546875,238.57557678222656,0.8183409571647644
game8/Clip7,87,101,player_bottom,662.2393798828125,653.6102905273438,628.0362548828125,517.3019409179688,696.4425659179688,653.6102905273438,0.8808431029319763
game8/Clip7,87,100,player_top,541.662691004136,238.9520461138557,520.9141432818244,170.8450101964614,562.411236931296,238.9520461138557,0.8187379276051241
game8/Clip7,88,101,player_bottom,663.2972412109375,652.5460205078125,628.927001953125,515.8908081054688,697.6674194335938,652.5460205078125,0.872725784778595
game8/Clip7,88,100,player_top,540.4752843520221,239.32851544548484,519.6464017980239,171.33787805893843,561.3041633157169,239.32851544548484,0.8191348980454838
game8/Clip7,89,101,player_bottom,664.8765869140625,650.8673095703125,630.34130859375,513.1931762695312,699.4119262695312,650.8673095703125,0.873548150062561
game8/Clip7,89,100,player_top,539.2878776999081,239.70498477711396,518.3786603142233,171.83074592141543,560.1970897001379,239.70498477711396,0.8195318684858435
game8/Clip7,90,101,player_bottom,666.8250732421875,648.6070556640625,632.25048828125,510.206787109375,701.3995971679688,648.6070556640625,0.866557240486145
game8/Clip7,90,100,player_top,538.1004710477941,240.08145410874312,517.1109188304227,172.32361378389245,559.0900160845588,240.08145410874312,0.8199288389262032
game8/Clip7,91,101,player_bottom,670.00048828125,644.4948120117188,636.0852661132812,507.7139587402344,703.9157104492188,644.4948120117188,0.8666393756866455
game8/Clip7,91,100,player_top,536.9130643956802,240.45792344037224,515.8431773466223,172.81648164636948,557.9829424689798,240.45792344037224,0.8203258093665627
game8/Clip7,92,101,player_bottom,672.8225708007812,642.2576293945312,639.2218627929688,506.4478759765625,706.4232788085938,642.2576293945312,0.8701967597007751
game8/Clip7,92,100,player_top,535.7256577435662,240.83439277200137,514.5754358628217,173.3093495088465,556.8758688534008,240.83439277200137,0.8207227798069224
game8/Clip7,93,101,player_bottom,675.6475219726562,641.315673828125,642.0879516601562,506.5403747558594,709.2070922851562,641.315673828125,0.8764512538909912
game8/Clip7,93,100,player_top,534.5382510914523,241.21086210363052,513.3076943790211,173.80221737132354,555.7687952378217,241.21086210363052,0.8211197502472821
game8/Clip7,94,101,player_bottom,680.10693359375,641.3739013671875,646.3372802734375,508.1308898925781,713.8766479492188,641.3739013671875,0.8930193781852722
game8/Clip7,94,100,player_top,533.3508444393383,241.58733143525964,512.0399528952206,174.29508523380056,554.6617216222427,241.58733143525964,0.8215167206876418
game8/Clip7,95,101,player_bottom,684.0982666015625,642.7498168945312,649.9025268554688,511.0506286621094,718.2940063476562,642.7498168945312,0.9045345187187195
game8/Clip7,95,100,player_top,532.1634377872242,241.9638007668888,510.77221141142,174.78795309627756,553.5546480066636,241.9638007668888,0.8219136911280015
game8/Clip7,96,101,player_bottom,687.423583984375,643.7754516601562,652.9343872070312,515.2614135742188,721.912841796875,643.7754516601562,0.9125849008560181
game8/Clip7,96,100,player_top,530.9760311351102,242.34027009851792,509.5044699276195,175.2808209587546,552.4475743910846,242.34027009851792,0.8223106615683612
game8/Clip7,97,101,player_bottom,689.9232177734375,645.244873046875,655.1041870117188,520.4108276367188,724.7421875,645.244873046875,0.9150065183639526
game8/Clip7,97,100,player_top,529.7886244829963,242.71673943014707,508.23672844381895,175.77368882123162,551.3405007755055,242.71673943014707,0.8227076320087209
game8/Clip7,98,101,player_bottom,692.2257080078125,646.2669067382812,656.8623657226562,524.6901245117188,727.5890502929688,646.2669067382812,0.9092308282852173
game8/Clip7,98,100,player_top,528.6012178308823,243.0932087617762,506.96898696001836,176.26655668370864,550.2334271599265,243.0932087617762,0.8231046024490806
game8/Clip7,99,101,player_bottom,693.8758544921875,646.4616088867188,657.5849609375,526.9712524414062,730.166748046875,646.4616088867188,0.9088687896728516
game8/Clip7,99,100,player_top,527.4138111787684,243.46967809340532,505.7012454762178,176.75942454618567,549.1263535443475,243.46967809340532,0.8235015728894401
game8/Clip7,100,101,player_bottom,693.5035400390625,645.8240966796875,656.244873046875,527.8328247070312,730.76220703125,645.8240966796875,0.8980242609977722
game8/Clip7,100,100,player_top,526.2264045266544,243.84614742503447,504.4335039924173,177.2522924086627,548.0192799287684,243.84614742503447,0.8238985433297998
game8/Clip7,101,101,player_bottom,694.008544921875,645.54248046875,655.7573852539062,527.7474975585938,732.259765625,645.54248046875,0.9002633690834045
game8/Clip7,101,100,player_top,525.0389978745404,244.2226167566636,503.16576250861675,177.7451602711397,546.9122063131894,244.2226167566636,0.8242955137701595
game8/Clip7,102,101,player_bottom,699.4342041015625,645.2681274414062,660.2982788085938,527.814208984375,738.5701293945312,645.2681274414062,0.8664618730545044
game8/Clip7,102,100,player_top,523.8515912224265,244.59908608829275,501.89802102481616,178.23802813361672,545.8051326976102,244.59908608829275,0.8246924842105192
game8/Clip7,103,101,player_bottom,713.6887817382812,644.9407348632812,674.1007690429688,528.6793823242188,753.2767944335938,644.9407348632812,0.8756699562072754
game8/Clip7,103,100,player_top,522.6641845703125,244.97555541992188,500.6302795410156,178.73089599609375,544.6980590820312,244.97555541992188,0.8250894546508789
game8/Clip7,104,101,player_bottom,725.167236328125,644.7496337890625,685.7849731445312,529.2194213867188,764.5494995117188,644.7496337890625,0.8642670512199402
game8/Clip7,104,100,player_top,525.58203125,244.50364685058594,503.751220703125,176.7808380126953,547.4127807617188,244.50364685058594,0.8329057097434998
game8/Clip7,105,101,player_bottom,744.796142578125,644.5057983398438,705.8368530273438,529.1944580078125,783.7554931640625,644.5057983398438,0.8103891611099243
game8/Clip7,105,100,player_top,528.2693481445312,242.66270446777344,507.2395324707031,175.22067260742188,549.2991333007812,242.66270446777344,0.8117349147796631
game8/Clip7,106,101,player_bottom,755.0926513671875,644.551513671875,716.121337890625,528.7412719726562,794.06396484375,644.551513671875,0.8617941737174988
game8/Clip7,106,100,player_top,529.7838134765625,243.03945922851562,508.8287353515625,173.91592407226562,550.7388916015625,243.03945922851562,0.8087059259414673
game8/Clip7,107,101,player_bottom,759.68359375,644.3555297851562,720.4267578125,527.3187866210938,798.9403686523438,644.3555297851562,0.8618680238723755
game8/Clip7,107,100,player_top,531.3505859375,244.82052612304688,510.2165222167969,173.08282470703125,552.484619140625,244.82052612304688,0.8067492842674255
game8/Clip7,108,101,player_bottom,768.4216918945312,643.8345947265625,726.88671875,521.8485107421875,809.9566650390625,643.8345947265625,0.8672070503234863
game8/Clip7,108,100,player_top,533.2396850585938,245.24105834960938,512.3673706054688,172.36370849609375,554.1119995117188,245.24105834960938,0.815970778465271
game8/Clip7,109,101,player_bottom,776.6949462890625,643.7946166992188,733.0491943359375,518.2769165039062,820.3406982421875,643.7946166992188,0.879025399684906
game8/Clip7,109,100,player_top,535.793701171875,245.22752380371094,515.4271240234375,171.7977752685547,556.1602172851562,245.22752380371094,0.8281459212303162
game8/Clip7,110,101,player_bottom,786.2383422851562,641.2313842773438,740.336181640625,511.1566162109375,832.1405029296875,641.2313842773438,0.8540003299713135
game8/Clip7,110,100,player_top,539.5059814453125,245.84182739257812,519.7323608398438,171.87364196777344,559.279541015625,245.84182739257812,0.8240247964859009
game8/Clip7,111,101,player_bottom,795.7163696289062,639.3796997070312,750.8543090820312,514.7151489257812,840.5784301757812,639.3796997070312,0.8638158440589905
game8/Clip7,111,100,player_top,542.2655029296875,246.6208038330078,522.8593139648438,171.49574279785156,561.6716918945312,246.6208038330078,0.8020588159561157
game8/Clip7,112,101,player_bottom,811.642822265625,637.6918334960938,767.9710083007812,516.9834594726562,855.3145751953125,637.6918334960938,0.8192275762557983
game8/Clip7,112,100,player_top,543.9627685546875,246.90953063964844,525.1099853515625,171.70423889160156,562.8156127929688,246.90953063964844,0.8079475164413452
game8/Clip7,113,101,player_bottom,827.0993041992188,637.1328125,784.4066772460938,517.6837768554688,869.7919311523438,637.1328125,0.8342784643173218
game8/Clip7,113,100,player_top,546.0924072265625,247.3146209716797,527.4370727539062,171.8464813232422,564.7476806640625,247.3146209716797,0.8132915496826172
game8/Clip7,114,101,player_bottom,840.3324584960938,636.9464721679688,798.710205078125,518.3807983398438,881.9547119140625,636.9464721679688,0.843314528465271
game8/Clip7,114,100,player_top,550.5150146484375,246.734130859375,531.6506958007812,171.20687866210938,569.3793334960938,246.734130859375,0.8446337580680847
game8/Clip7,115,101,player_bottom,854.811767578125,637.5892333984375,813.9591064453125,518.5554809570312,895.6644897460938,637.5892333984375,0.8755502104759216
game8/Clip7,115,100,player_top,554.699462890625,246.52276611328125,535.07373046875,170.11862182617188,574.3251342773438,246.52276611328125,0.8517124652862549
game8/Clip7,116,101,player_bottom,865.7002563476562,636.9121704101562,825.2593994140625,518.1476440429688,906.14111328125,636.9121704101562,0.877997636795044
game8/Clip7,116,100,player_top,557.1134033203125,246.30758666992188,536.7659912109375,169.2301025390625,577.4608154296875,246.30758666992188,0.8598284125328064
game8/Clip7,117,101,player_bottom,875.2152099609375,635.8946533203125,834.6329345703125,517.5330810546875,915.7974853515625,635.8946533203125,0.8650692701339722
game8/Clip7,117,100,player_top,558.647216796875,245.8936767578125,537.8027954101562,168.52947998046875,579.4915771484375,245.8936767578125,0.8512938022613525
game8/Clip7,118,101,player_bottom,883.4002685546875,634.3851318359375,842.5751342773438,517.1281127929688,924.2254028320312,634.3851318359375,0.8888418674468994
game8/Clip7,118,100,player_top,560.2572021484375,245.3391571044922,539.1793823242188,167.93536376953125,581.3349609375,245.3391571044922,0.8258508443832397
game8/Clip7,119,101,player_bottom,892.8050537109375,632.352783203125,851.5542602539062,516.6026611328125,934.0557861328125,632.352783203125,0.9003575444221497
game8/Clip7,119,100,player_top,562.702392578125,244.3469696044922,541.646240234375,166.48330688476562,583.7584838867188,244.3469696044922,0.8399041295051575
game8/Clip7,120,101,player_bottom,902.54736328125,630.9802856445312,859.2086791992188,512.2310791015625,945.8860473632812,630.9802856445312,0.8823499083518982
game8/Clip7,120,100,player_top,565.3228759765625,242.9693145751953,544.56396484375,165.16725158691406,586.0818481445312,242.9693145751953,0.8249940276145935
game8/Clip7,121,101,player_bottom,909.1340942382812,631.7490234375,864.6494750976562,514.7451171875,953.6187133789062,631.7490234375,0.8935196995735168
game8/Clip7,121,100,player_top,567.3471069335938,241.3660430908203,547.0750732421875,164.17649841308594,587.619140625,241.3660430908203,0.8380796313285828
game8/Clip7,122,101,player_bottom,916.579345703125,631.2152099609375,870.2216186523438,513.687255859375,962.9370727539062,631.2152099609375,0.8497018218040466
game8/Clip7,122,100,player_top,568.576171875,239.74053955078125,548.8427734375,163.72393798828125,588.3095092773438,239.74053955078125,0.8159639835357666
game8/Clip7,123,101,player_bottom,922.290283203125,630.860107421875,875.67724609375,516.2903442382812,968.9033813476562,630.860107421875,0.88486248254776
game8/Clip7,123,100,player_top,570.34912109375,239.23394775390625,550.6675415039062,162.97674560546875,590.0306396484375,239.23394775390625,0.8300954103469849
game8/Clip7,124,101,player_bottom,926.9411010742188,630.3567504882812,879.5714111328125,515.8773803710938,974.310791015625,630.3567504882812,0.9000107049942017
game8/Clip7,124,100,player_top,571.5318603515625,238.66957092285156,551.8809814453125,162.09776306152344,591.1827392578125,238.66957092285156,0.8489049673080444
game8/Clip7,125,101,player_bottom,931.5491943359375,629.7854614257812,883.0135498046875,514.0411987304688,980.0848388671875,629.7854614257812,0.8980998992919922
game8/Clip7,125,100,player_top,572.402099609375,238.47755432128906,552.8922119140625,161.97930908203125,591.9119873046875,238.47755432128906,0.8619210720062256
game8/Clip7,126,101,player_bottom,934.456298828125,629.1236572265625,884.701904296875,510.5986328125,984.210693359375,629.1236572265625,0.880686342716217
game8/Clip7,126,100,player_top,572.6397705078125,238.4325408935547,553.1279907226562,161.26976013183594,592.1514892578125,238.4325408935547,0.8525489568710327
game8/Clip7,127,101,player_bottom,938.961669921875,628.2708740234375,888.4878540039062,506.8515930175781,989.4354858398438,628.2708740234375,0.8708844184875488
game8/Clip7,127,100,player_top,572.9505004882812,238.16021728515625,553.612548828125,160.8284912109375,592.2884521484375,238.16021728515625,0.8528794050216675
game8/Clip7,128,101,player_bottom,941.783935546875,627.7652587890625,891.1484375,503.3631896972656,992.41943359375,627.7652587890625,0.8871471285820007
game8/Clip7,128,100,player_top,572.8911743164062,237.10684204101562,553.8638916015625,160.2481689453125,591.91845703125,237.10684204101562,0.8564349412918091
game8/Clip7,129,101,player_bottom,945.7310791015625,627.2635498046875,894.8909301757812,499.317138671875,996.5711669921875,627.2635498046875,0.8669813275337219
game8/Clip7,129,100,player_top,572.7250366210938,235.97781372070312,553.9805908203125,160.0459442138672,591.469482421875,235.97781372070312,0.8424204587936401
game8/Clip7,130,101,player_bottom,951.6121215820312,625.8589477539062,898.0504760742188,487.736572265625,1005.1737670898438,625.8589477539062,0.8742365837097168
game8/Clip7,130,100,player_top,572.4298248291016,235.32564163208008,553.4184036254883,160.45983123779297,591.4412460327148,235.32564163208008,0.8437888771295547
game8/Clip7,131,101,player_bottom,959.04443359375,622.9407958984375,909.4076538085938,494.1546936035156,1008.6812744140625,622.9407958984375,0.8526796102523804
game8/Clip7,131,100,player_top,572.1346130371094,234.67346954345703,552.8562164306641,160.87371826171875,591.4130096435547,234.67346954345703,0.8451572954654694
game8/Clip7,132,101,player_bottom,969.0169067382812,622.7664794921875,920.890625,497.24139404296875,1017.1431884765625,622.7664794921875,0.8745937347412109
game8/Clip7,132,100,player_top,571.8394012451172,234.02129745483398,552.2940292358398,161.28760528564453,591.3847732543945,234.02129745483398,0.846525713801384
game8/Clip7,133,101,player_bottom,979.3600463867188,625.4979248046875,931.5169677734375,499.7972106933594,1027.203125,625.4979248046875,0.8999713659286499
game8/Clip7,133,100,player_top,571.544189453125,233.36912536621094,551.7318420410156,161.7014923095703,591.3565368652344,233.36912536621094,0.8478941321372986
game8/Clip7,134,101,player_bottom,988.073974609375,630.5645141601562,940.0331420898438,503.0988464355469,1036.11474609375,630.5645141601562,0.8923916220664978
game8/Clip7,134,100,player_top,571.2489776611328,232.7169532775879,551.1696548461914,162.1153793334961,591.3283004760742,232.7169532775879,0.8492625504732132
game8/Clip7,135,101,player_bottom,997.2467651367188,634.8651123046875,950.0657958984375,507.4554748535156,1044.427734375,634.8651123046875,0.8794237971305847
game8/Clip7,135,100,player_top,570.9537658691406,232.06478118896484,550.6074676513672,162.52926635742188,591.3000640869141,232.06478118896484,0.8506309688091278
game8/Clip7,136,101,player_bottom,1003.2138671875,636.3834228515625,957.5885620117188,511.2596130371094,1048.839111328125,636.3834228515625,0.8907007575035095
game8/Clip7,136,100,player_top,570.6585540771484,231.4126091003418,550.045280456543,162.94315338134766,591.2718276977539,231.4126091003418,0.8519993871450424
game8/Clip7,137,101,player_bottom,1005.5025634765625,637.3821411132812,961.1844482421875,514.2534790039062,1049.8206787109375,637.3821411132812,0.8921647071838379
game8/Clip7,137,100,player_top,570.3633422851562,230.76043701171875,549.4830932617188,163.35704040527344,591.2435913085938,230.76043701171875,0.853367805480957
game8/Clip7,138,101,player_bottom,1005.6956787109375,637.8616333007812,961.9805297851562,515.1279296875,1049.4107666015625,637.8616333007812,0.8747252225875854
game8/Clip7,138,100,player_top,569.9887084960938,230.86497497558594,548.3472290039062,162.38546752929688,591.6301879882812,230.86497497558594,0.7948076128959656
game8/Clip7,139,101,player_bottom,1006.5208740234375,637.8218994140625,962.7675170898438,513.71875,1050.274169921875,637.8218994140625,0.8727283477783203
game8/Clip7,139,100,player_top,568.631591796875,230.60400390625,546.3555908203125,160.69894409179688,590.9076538085938,230.60400390625,0.7837403416633606
game8/Clip7,140,101,player_bottom,1005.60498046875,635.7389526367188,962.5421142578125,512.3418579101562,1048.6678466796875,635.7389526367188,0.8600215315818787
game8/Clip7,140,100,player_top,565.583984375,230.7704315185547,543.0282592773438,159.71176147460938,588.1396484375,230.7704315185547,0.8607736825942993
game8/Clip7,141,101,player_bottom,1002.5353393554688,634.2733154296875,960.322509765625,511.57049560546875,1044.7481689453125,634.2733154296875,0.8650214672088623
game8/Clip7,141,100,player_top,560.3932495117188,229.83367919921875,538.1748657226562,159.0642547607422,582.6116333007812,229.83367919921875,0.8509018421173096
game8/Clip7,142,101,player_bottom,992.490478515625,635.3452758789062,951.3632202148438,511.8790283203125,1033.6177978515625,635.3452758789062,0.6358142495155334
game8/Clip7,142,100,player_top,555.3153076171875,228.5653839111328,533.5001220703125,158.439208984375,577.1305541992188,228.5653839111328,0.8524364233016968
game8/Clip7,143,101,player_bottom,990.2898559570312,638.3259887695312,949.6580810546875,513.6370239257812,1030.921630859375,638.3259887695312,0.8632175326347351
game8/Clip7,143,100,player_top,552.3306274414062,228.8775177001953,530.7119750976562,159.005859375,573.9492797851562,228.8775177001953,0.8632305860519409
game8/Clip7,144,101,player_bottom,987.681640625,639.009521484375,948.3601684570312,516.837158203125,1027.0030517578125,639.009521484375,0.8892984986305237
game8/Clip7,144,100,player_top,550.20556640625,228.8063201904297,528.6841430664062,159.12496948242188,571.7269287109375,228.8063201904297,0.8342552185058594
game8/Clip7,145,101,player_bottom,984.7337646484375,639.5535278320312,946.0800170898438,519.072021484375,1023.3875732421875,639.5535278320312,0.8999816179275513
game8/Clip7,145,100,player_top,548.0897216796875,229.1223907470703,526.4361572265625,158.7899169921875,569.7432250976562,229.1223907470703,0.814815878868103
game8/Clip7,146,101,player_bottom,980.6361694335938,639.85791015625,941.6399536132812,518.8731689453125,1019.6323852539062,639.85791015625,0.8782549500465393
game8/Clip7,146,100,player_top,545.677978515625,229.01593017578125,523.8040161132812,158.29405212402344,567.5519409179688,229.01593017578125,0.8482999801635742
game8/Clip7,147,101,player_bottom,976.2803344726562,638.7230834960938,936.8786010742188,517.593017578125,1015.6820678710938,638.7230834960938,0.8753122091293335
game8/Clip7,147,100,player_top,543.540283203125,229.49029541015625,521.3543090820312,158.58351135253906,565.7261962890625,229.49029541015625,0.8408992290496826
game8/Clip7,148,101,player_bottom,966.1196899414062,636.0913696289062,926.3563842773438,516.6522216796875,1005.8829956054688,636.0913696289062,0.7622564435005188
game8/Clip7,148,100,player_top,543.2349853515625,229.405029296875,520.794921875,158.1502685546875,565.6749877929688,229.405029296875,0.8492610454559326
game8/Clip7,149,101,player_bottom,960.017333984375,637.6766967773438,919.6268310546875,516.5146484375,1000.4078979492188,637.6766967773438,0.8337451219558716
game8/Clip7,149,100,player_top,543.2266235351562,229.15684509277344,520.8351440429688,158.29978942871094,565.6181030273438,229.15684509277344,0.8328919410705566
game8/Clip7,150,101,player_bottom,943.9193725585938,638.5834350585938,905.0117797851562,517.5369262695312,982.8269653320312,638.5834350585938,0.7652663588523865
game8/Clip7,150,100,player_top,543.03466796875,229.054443359375,520.4707641601562,157.8015899658203,565.5985717773438,229.054443359375,0.8213860392570496
game8/Clip7,151,101,player_bottom,929.4085693359375,639.874755859375,891.8391723632812,519.7229614257812,966.9779663085938,639.874755859375,0.7003290057182312
game8/Clip7,151,100,player_top,541.5548095703125,228.80340576171875,518.3468017578125,155.86758422851562,564.7628173828125,228.80340576171875,0.7979573607444763
game8/Clip7,152,101,player_bottom,922.9169311523438,639.5479125976562,887.0035400390625,521.1974487304688,958.830322265625,639.5479125976562,0.8464370965957642
game8/Clip7,152,103,player_top,465.45347086588544,174.7294179280599,443.37396443684895,110.50919087727864,487.53297729492186,174.7294179280599,0.7332239508628845
game8/Clip7,153,101,player_bottom,916.6129150390625,642.6981201171875,880.5386352539062,521.8049926757812,952.687255859375,642.6981201171875,0.8169361352920532
game8/Clip7,153,103,player_top,465.4683888753255,174.74258829752605,443.3671457926432,110.52370325724284,487.5696319580078,174.74258829752605,0.7338192582130432
game8/Clip7,154,101,player_bottom,907.0076904296875,645.7390747070312,869.2960205078125,520.6815795898438,944.7192993164062,645.7390747070312,0.8653462529182434
game8/Clip7,154,100,player_top,538.2404174804688,229.29490661621094,513.9052734375,152.4965362548828,562.5755615234375,229.29490661621094,0.7805337309837341
game8/Clip7,155,101,player_bottom,900.3621826171875,649.4246215820312,860.6010131835938,518.8892822265625,940.1233520507812,649.4246215820312,0.8783557415008545
game8/Clip7,155,100,player_top,537.44921875,229.6348419189453,513.245849609375,152.95431518554688,561.652587890625,229.6348419189453,0.8269667625427246
game8/Clip7,156,101,player_bottom,891.109375,651.3880615234375,850.079833984375,517.0635986328125,932.1389770507812,651.3880615234375,0.8770369291305542
game8/Clip7,156,100,player_top,535.7880249023438,229.57931518554688,511.1493225097656,150.95477294921875,560.4266967773438,229.57931518554688,0.8336657285690308
game8/Clip7,157,101,player_bottom,880.461181640625,651.1292114257812,839.0850219726562,514.97509765625,921.8373413085938,651.1292114257812,0.8647183775901794
game8/Clip7,157,100,player_top,534.0302734375,229.28421020507812,509.44073486328125,149.63900756835938,558.619873046875,229.28421020507812,0.8380289077758789
game8/Clip7,158,101,player_bottom,871.364013671875,651.2880249023438,830.24462890625,512.3463134765625,912.4834594726562,651.2880249023438,0.8132086396217346
game8/Clip7,158,100,player_top,532.0308227539062,228.3550567626953,507.3541259765625,146.9731903076172,556.70751953125,228.3550567626953,0.823176920413971
game8/Clip7,159,101,player_bottom,862.0951538085938,652.20166015625,821.1876831054688,510.24786376953125,903.0026245117188,652.20166015625,0.8712664842605591
game8/Clip7,159,100,player_top,528.4702758789062,227.56822204589844,503.94256591796875,145.67771911621094,552.9979858398438,227.56822204589844,0.7769312858581543
game8/Clip7,160,101,player_bottom,853.4947509765625,653.75146484375,813.027099609375,509.97540283203125,893.9623413085938,653.75146484375,0.8696320056915283
game8/Clip7,160,100,player_top,524.4286499023438,227.0807342529297,499.27825927734375,143.45687866210938,549.5790405273438,227.0807342529297,0.7931112051010132
game8/Clip7,161,101,player_bottom,845.4664916992188,653.4813232421875,806.0819091796875,510.58154296875,884.85107421875,653.4813232421875,0.8565433025360107
game8/Clip7,161,100,player_top,527.2368774414062,226.80364990234375,502.0699768066406,141.64163208007812,552.4037475585938,226.80364990234375,0.8255926966667175
game8/Clip7,162,101,player_bottom,837.6240234375,654.1611328125,799.240234375,512.7943725585938,876.0077514648438,654.1611328125,0.8728271126747131
game8/Clip7,162,100,player_top,528.2513427734375,226.3197784423828,503.3415832519531,141.2313690185547,553.1611328125,226.3197784423828,0.8096740245819092
game8/Clip7,163,101,player_bottom,829.4937744140625,656.466552734375,791.9536743164062,515.9918212890625,867.0338134765625,656.466552734375,0.8808035850524902
game8/Clip7,163,100,player_top,526.613525390625,224.8109130859375,501.9965515136719,141.59722900390625,551.23046875,224.8109130859375,0.7994855642318726
game8/Clip7,164,101,player_bottom,817.441650390625,658.8870239257812,780.3158569335938,520.5648803710938,854.5675048828125,658.8870239257812,0.8756036758422852
game8/Clip7,164,100,player_top,523.9971923828125,224.9652557373047,498.99371337890625,142.4132080078125,549.0006103515625,224.9652557373047,0.8043502569198608
game8/Clip7,165,101,player_bottom,804.602294921875,661.433349609375,767.6621704101562,525.888427734375,841.5423583984375,661.433349609375,0.91156405210495
game8/Clip7,165,103,player_top,465.64740498860675,174.9006327311198,443.2853220621745,110.69785181681316,488.0094879150391,174.9006327311198,0.7409629464149475
game8/Clip7,166,101,player_bottom,795.0101318359375,662.3734130859375,757.9309692382812,529.724853515625,832.08935546875,662.3734130859375,0.8947009444236755
game8/Clip7,166,100,player_top,520.6907958984375,225.59234619140625,494.89874267578125,144.28463745117188,546.48291015625,225.59234619140625,0.7912315130233765
game8/Clip7,167,101,player_bottom,790.0084838867188,663.8875732421875,751.914306640625,531.3300170898438,828.1026611328125,663.8875732421875,0.8985086679458618
game8/Clip7,167,100,player_top,519.222900390625,225.61302185058594,493.55035400390625,145.91558837890625,544.8953857421875,225.61302185058594,0.8101616501808167
game8/Clip7,168,101,player_bottom,788.239990234375,665.8206787109375,749.0977783203125,532.2694702148438,827.3822021484375,665.8206787109375,0.8611152172088623
game8/Clip7,168,100,player_top,518.4378051757812,225.5425262451172,492.8297424316406,147.0296630859375,544.0458374023438,225.5425262451172,0.8386285901069641
game8/Clip7,169,101,player_bottom,783.3572998046875,667.2752075195312,743.808837890625,533.2501220703125,822.9057006835938,667.2752075195312,0.7358930110931396
game8/Clip7,169,100,player_top,518.2711181640625,225.591552734375,492.72039794921875,148.23268127441406,543.8218383789062,225.591552734375,0.8496127128601074
game8/Clip7,170,101,player_bottom,773.1502685546875,669.2423706054688,733.4219360351562,534.7240600585938,812.8785400390625,669.2423706054688,0.707879364490509
game8/Clip7,170,100,player_top,517.4308471679688,225.17086791992188,492.05596923828125,149.0666046142578,542.8057250976562,225.17086791992188,0.8447167873382568
game8/Clip7,171,101,player_bottom,750.2081298828125,670.2849731445312,711.0413208007812,535.6845092773438,789.3748779296875,670.2849731445312,0.8337258696556091
game8/Clip7,171,100,player_top,517.5853271484375,224.90731811523438,492.0697326660156,149.2637481689453,543.1008911132812,224.90731811523438,0.8620520830154419
game8/Clip7,172,101,player_bottom,737.241455078125,669.951416015625,698.6455078125,536.1228637695312,775.8373413085938,669.951416015625,0.855120837688446
game8/Clip7,172,100,player_top,518.9457397460938,224.71743774414062,493.3425598144531,149.66378784179688,544.5489501953125,224.71743774414062,0.8154708743095398
game8/Clip7,173,101,player_bottom,728.1900634765625,669.632568359375,689.3582763671875,535.3347778320312,767.0217895507812,669.632568359375,0.8737393617630005
game8/Clip7,173,103,player_top,465.7667490641276,175.00599568684896,443.23077290852865,110.81395085652669,488.30272521972654,175.00599568684896,0.745725405216217
game8/Clip7,174,101,player_bottom,721.1343994140625,663.7860717773438,683.405029296875,534.4439086914062,758.8638305664062,663.7860717773438,0.8153290748596191
game8/Clip7,174,103,player_top,465.7816670735677,175.0191660563151,443.2239542643229,110.82846323649089,488.3393798828125,175.0191660563151,0.7463207125663758
game8/Clip7,175,101,player_bottom,708.532958984375,663.2130737304688,670.4286499023438,533.0656127929688,746.63720703125,663.2130737304688,0.789110541343689
game8/Clip7,175,100,player_top,531.9639892578125,224.19764709472656,507.75732421875,149.5468292236328,556.1705932617188,224.19764709472656,0.8157697319984436
game8/Clip7,176,101,player_bottom,695.7242431640625,666.54638671875,657.1983642578125,533.975830078125,734.2500610351562,666.54638671875,0.778575599193573
game8/Clip7,176,100,player_top,538.314208984375,224.6541748046875,514.5286865234375,149.69493103027344,562.0997924804688,224.6541748046875,0.8338165283203125
game8/Clip7,177,101,player_bottom,679.8240966796875,667.8628540039062,641.9069213867188,535.06591796875,717.7413330078125,667.8628540039062,0.8179118037223816
game8/Clip7,177,100,player_top,543.6367797851562,225.46566772460938,519.9766845703125,148.84861755371094,567.296875,225.46566772460938,0.7954912781715393
game8/Clip7,178,101,player_bottom,666.2252197265625,669.2340698242188,628.9412841796875,536.08251953125,703.5092163085938,669.2340698242188,0.8416694402694702
game8/Clip7,178,103,player_top,465.8413391113281,175.07184753417968,443.1966796875,110.88651275634766,488.4859985351562,175.07184753417968,0.7487019419670105
game8/Clip7,179,101,player_bottom,655.76025390625,668.656982421875,618.4150390625,535.6298828125,693.10546875,668.656982421875,0.866065502166748
game8/Clip7,179,100,player_top,551.891845703125,226.42530822753906,528.7245483398438,147.32345581054688,575.0591430664062,226.42530822753906,0.7774902582168579
game8/Clip7,180,101,player_bottom,644.7803955078125,665.659423828125,607.7227783203125,535.6854248046875,681.8380126953125,665.659423828125,0.8289369940757751
game8/Clip7,180,100,player_top,557.2085571289062,226.85243225097656,534.7886962890625,147.4712371826172,579.62841796875,226.85243225097656,0.7916714549064636
game8/Clip7,181,101,player_bottom,630.06005859375,668.6106567382812,591.885986328125,536.8309936523438,668.2341918945312,668.6106567382812,0.8745415806770325
game8/Clip7,181,100,player_top,561.688720703125,227.7865447998047,539.8965454101562,147.2341766357422,583.4808349609375,227.7865447998047,0.7971242666244507
game8/Clip7,182,101,player_bottom,616.70751953125,670.8860473632812,578.2135009765625,536.984130859375,655.2014770507812,670.8860473632812,0.7753235697746277
game8/Clip7,182,100,player_top,565.6357421875,228.19200134277344,544.9426879882812,148.48863220214844,586.3287353515625,228.19200134277344,0.7979835867881775
game8/Clip7,183,101,player_bottom,600.8850708007812,670.99755859375,563.6708374023438,538.3555908203125,638.0993041992188,670.99755859375,0.8400189280509949
game8/Clip7,183,100,player_top,570.217529296875,228.1990203857422,550.340576171875,149.4756622314453,590.0944213867188,228.1990203857422,0.8161042928695679
game8/Clip7,184,101,player_bottom,585.8480224609375,670.8502807617188,550.1233520507812,539.2763671875,621.5726318359375,670.8502807617188,0.8122076988220215
game8/Clip7,184,100,player_top,576.336181640625,228.84674072265625,555.9076538085938,147.9959259033203,596.7647094726562,228.84674072265625,0.8276437520980835
game8/Clip7,185,101,player_bottom,574.4609375,670.5245361328125,539.48095703125,539.7088012695312,609.4408569335938,670.5245361328125,0.8433230519294739
game8/Clip7,185,100,player_top,579.9390869140625,229.12147521972656,559.3864135742188,148.67620849609375,600.4917602539062,229.12147521972656,0.8344253301620483
game8/Clip7,186,101,player_bottom,560.4044189453125,670.4393310546875,524.0833740234375,537.1534423828125,596.7255249023438,670.4393310546875,0.8596458435058594
game8/Clip7,186,100,player_top,583.0339965820312,229.07713317871094,562.406982421875,149.1868133544922,603.6610107421875,229.07713317871094,0.8579279780387878
game8/Clip7,187,101,player_bottom,546.8584594726562,670.0689697265625,509.1880798339844,535.8800048828125,584.5288696289062,670.0689697265625,0.8900745511054993
game8/Clip7,187,100,player_top,588.1640625,228.84774780273438,568.2437744140625,149.83456420898438,608.0843505859375,228.84774780273438,0.8186046481132507
game8/Clip7,188,101,player_bottom,535.9713745117188,669.4701538085938,497.2056884765625,535.4780883789062,574.737060546875,669.4701538085938,0.9044432640075684
game8/Clip7,188,100,player_top,592.2481689453125,228.85574340820312,573.0116577148438,150.0012969970703,611.484619140625,228.85574340820312,0.8094161748886108
game8/Clip7,189,101,player_bottom,526.1785888671875,667.2962036132812,487.28289794921875,536.9083862304688,565.0743408203125,667.2962036132812,0.8887075185775757
game8/Clip7,189,100,player_top,595.818603515625,229.82041931152344,577.045166015625,150.59561157226562,614.5919799804688,229.82041931152344,0.8135939836502075
game8/Clip7,190,101,player_bottom,517.8422241210938,666.321533203125,479.0024719238281,539.3033447265625,556.6819458007812,666.321533203125,0.8872588276863098
game8/Clip7,190,100,player_top,600.427001953125,230.6190185546875,581.829345703125,150.53311157226562,619.0245971679688,230.6190185546875,0.8551700711250305
game8/Clip7,191,101,player_bottom,511.037109375,665.2384643554688,472.1184387207031,539.3037719726562,549.9557495117188,665.2384643554688,0.8898506760597229
game8/Clip7,191,100,player_top,606.4506225585938,231.12890625,587.8171997070312,150.48318481445312,625.0840454101562,231.12890625,0.8465949296951294
game8/Clip7,192,101,player_bottom,502.8555908203125,664.5276489257812,463.3499450683594,538.0576782226562,542.3612670898438,664.5276489257812,0.8688536882400513
game8/Clip7,192,100,player_top,611.919921875,231.18820190429688,593.0980224609375,150.56478881835938,630.7417602539062,231.18820190429688,0.8141447305679321
game8/Clip7,193,101,player_bottom,500.53790283203125,663.668701171875,461.1581726074219,535.9523315429688,539.9176635742188,663.668701171875,0.8639355897903442
game8/Clip7,193,100,player_top,614.9739379882812,231.25904846191406,595.707763671875,149.80589294433594,634.2401123046875,231.25904846191406,0.8311526775360107
game8/Clip7,194,101,player_bottom,495.1318054199219,662.3556518554688,456.14886474609375,533.1642456054688,534.11474609375,662.3556518554688,0.8631082773208618
game8/Clip7,194,100,player_top,616.4468994140625,230.73318481445312,597.2557373046875,150.96160888671875,635.6381225585938,230.73318481445312,0.8773528933525085
game8/Clip7,195,101,player_bottom,488.10882568359375,661.9072265625,449.55810546875,531.219482421875,526.6595458984375,661.9072265625,0.8730480670928955
game8/Clip7,195,100,player_top,618.9589233398438,230.73480224609375,599.7569580078125,151.38087463378906,638.160888671875,230.73480224609375,0.8512953519821167
game8/Clip7,196,101,player_bottom,480.4877014160156,662.1073608398438,442.31640625,529.6495361328125,518.6589965820312,662.1073608398438,0.8683503270149231
game8/Clip7,196,100,player_top,620.4655064174107,230.7632337297712,601.1485464913504,151.98261914934432,639.782466343471,230.7632337297712,0.8506207551274981
game8/Clip7,197,101,player_bottom,471.8975830078125,660.8517456054688,434.58441162109375,527.467529296875,509.2107849121094,660.8517456054688,0.8198606371879578
game8/Clip7,197,100,player_top,621.9720894949777,230.79166521344865,602.5401349748884,152.58436366489954,641.4040440150669,230.79166521344865,0.8499461582728794
game8/Clip7,198,101,player_bottom,466.53912353515625,661.9112548828125,428.95843505859375,524.1712646484375,504.1198425292969,661.9112548828125,0.8554062247276306
game8/Clip7,198,100,player_top,623.4786725725446,230.8200966971261,603.9317234584263,153.1861081804548,643.0256216866629,230.8200966971261,0.8492715614182609
game8/Clip7,199,101,player_bottom,462.025634765625,663.3860473632812,424.2667236328125,521.8704833984375,499.7845764160156,663.3860473632812,0.8416156768798828
game8/Clip7,199,100,player_top,624.9852556501116,230.84852818080358,605.3233119419643,153.78785269601005,644.647199358259,230.84852818080358,0.8485969645636422
game8/Clip7,200,101,player_bottom,457.4320068359375,662.8408813476562,419.5129089355469,517.83349609375,495.3511047363281,662.8408813476562,0.8396167755126953
game8/Clip7,200,100,player_top,626.4918387276786,230.87695966448103,606.7149004255023,154.3895972115653,646.268777029855,230.87695966448103,0.8479223677090236
game8/Clip7,201,101,player_bottom,450.0826416015625,662.1987915039062,411.57965087890625,514.5128784179688,488.5856018066406,662.1987915039062,0.8708584904670715
game8/Clip7,201,100,player_top,627.9984218052456,230.9053911481585,608.1064889090402,154.99134172712053,647.8903547014509,230.9053911481585,0.847247770854405
game8/Clip7,202,101,player_bottom,441.4298400878906,661.9935913085938,403.95294189453125,521.0840454101562,478.90673828125,661.9935913085938,0.8838231563568115
game8/Clip7,202,100,player_top,629.5050048828125,230.93382263183594,609.4980773925781,155.59308624267578,649.5119323730469,230.93382263183594,0.8465731739997864
game8/Clip7,203,101,player_bottom,434.7633056640625,661.5809326171875,397.8060302734375,526.4957885742188,471.7205505371094,661.5809326171875,0.8937844038009644
game8/Clip7,203,100,player_top,631.0115879603794,230.9622541155134,610.889665876116,156.19483075823103,651.1335100446429,230.9622541155134,0.8458985771451678
game8/Clip7,204,101,player_bottom,432.117431640625,664.1134033203125,394.8238220214844,531.79443359375,469.41107177734375,664.1134033203125,0.8915862441062927
game8/Clip7,204,100,player_top,632.5181710379464,230.99068559919084,612.281254359654,156.79657527378626,652.7550877162388,230.99068559919084,0.8452239802905491
game8/Clip7,205,101,player_bottom,429.4389343261719,665.5059204101562,392.0130615234375,535.168212890625,466.86480712890625,665.5059204101562,0.9013879895210266
game8/Clip7,205,100,player_top,634.0247541155134,231.0191170828683,613.6728428431919,157.3983197893415,654.3766653878348,231.0191170828683,0.8445493834359306
game8/Clip7,206,101,player_bottom,427.7016296386719,665.9554443359375,390.21795654296875,537.3690185546875,465.185302734375,665.9554443359375,0.9005187749862671
game8/Clip7,206,100,player_top,635.5313371930804,231.04754856654577,615.06443132673,158.00006430489677,655.9982430594308,231.04754856654577,0.8438747865813119
game8/Clip7,207,101,player_bottom,425.443359375,666.1534423828125,387.62408447265625,537.6387939453125,463.26263427734375,666.1534423828125,0.8755648136138916
game8/Clip7,207,100,player_top,637.0379202706473,231.07598005022322,616.4560198102679,158.60180882045202,657.6198207310268,231.07598005022322,0.8432001897266933
game8/Clip7,208,101,player_bottom,424.1304931640625,666.234619140625,385.8018493652344,536.4094848632812,462.4591369628906,666.234619140625,0.8862704038619995
game8/Clip7,208,100,player_top,638.5445033482143,231.10441153390067,617.8476082938058,159.20355333600725,659.2413984026227,231.10441153390067,0.8425255928720746
game8/Clip7,209,101,player_bottom,423.802001953125,665.76416015625,385.0227966308594,534.21240234375,462.5811767578125,665.76416015625,0.8877521753311157
game8/Clip7,209,100,player_top,640.0510864257812,231.13284301757812,619.2391967773438,159.8052978515625,660.8629760742188,231.13284301757812,0.841850996017456
game8/Clip7,210,101,player_bottom,420.4106750488281,665.1550903320312,381.4016418457031,530.8482666015625,459.4197082519531,665.1550903320312,0.877566933631897
game8/Clip7,210,100,player_top,638.634521484375,230.47491455078125,617.718505859375,160.91226196289062,659.5505981445312,230.47491455078125,0.7829914093017578
game8/Clip7,211,101,player_bottom,418.35455322265625,663.9143676757812,379.4779968261719,528.2918090820312,457.2310791015625,663.9143676757812,0.8665541410446167
game8/Clip7,211,103,player_top,466.1349764372173,175.25927152131734,443.421344355533,111.99112114153411,488.84860912122224,175.25927152131734,0.7550943901664332
game8/Clip7,212,101,player_bottom,417.51708984375,662.7476196289062,378.799072265625,526.7559814453125,456.2351379394531,662.7476196289062,0.8578994870185852
game8/Clip7,212,103,player_top,466.1360232704564,175.2597985518606,443.42281542326276,111.9909513373124,488.8492319207442,175.2597985518606,0.7552107321588617
game8/Clip7,213,101,player_bottom,417.8049011230469,661.2666015625,379.1477355957031,526.2522583007812,456.4620666503906,661.2666015625,0.8693990707397461
game8/Clip7,213,103,player_top,466.1370701036955,175.26032558240388,443.4242864909925,111.9907815330907,488.84985472026625,175.26032558240388,0.7553270741512901
game8/Clip7,214,101,player_bottom,416.1502990722656,660.5160522460938,377.6108093261719,527.1629028320312,454.6897888183594,660.5160522460938,0.8887124061584473
game8/Clip7,214,103,player_top,466.13811693693464,175.26085261294716,443.42575755872224,111.99061172886898,488.8504775197882,175.26085261294716,0.7554434161437186
game8/Clip7,215,101,player_bottom,416.3966064453125,660.3970947265625,377.775390625,529.4581298828125,455.0177917480469,660.3970947265625,0.8773406744003296
game8/Clip7,215,103,player_top,466.13916377017375,175.26137964349044,443.427228626452,111.99044192464729,488.85110031931026,175.26137964349044,0.755559758136147
game8/Clip7,216,101,player_bottom,417.91522216796875,661.642578125,378.8665771484375,532.2880249023438,456.9638671875,661.642578125,0.8754137754440308
game8/Clip7,216,100,player_top,607.2676391601562,230.45777893066406,583.4468383789062,159.0396270751953,631.0884399414062,230.45777893066406,0.8192088603973389
game8/Clip7,217,101,player_bottom,417.1103210449219,661.9314575195312,377.9832763671875,534.4248657226562,456.23736572265625,661.9314575195312,0.8897901773452759
game8/Clip7,217,100,player_top,601.968994140625,230.43653869628906,578.1419067382812,160.21585083007812,625.7960205078125,230.43653869628906,0.8184003233909607
game8/Clip7,218,101,player_bottom,418.960693359375,661.8255615234375,379.1004333496094,534.5714111328125,458.8209533691406,661.8255615234375,0.8922544717788696
game8/Clip7,218,100,player_top,597.7635498046875,229.99349975585938,572.8135986328125,158.04037475585938,622.7135620117188,229.99349975585938,0.8454287648200989
game8/Clip7,219,101,player_bottom,420.2156982421875,660.2501220703125,379.58154296875,532.9285278320312,460.8498229980469,660.2501220703125,0.9079344272613525
game8/Clip7,219,100,player_top,593.749755859375,229.44708251953125,568.01953125,157.21473693847656,619.47998046875,229.44708251953125,0.8338050246238708
game8/Clip7,220,101,player_bottom,421.9914855957031,658.9359741210938,380.36505126953125,530.6441040039062,463.617919921875,658.9359741210938,0.9026521444320679
game8/Clip7,220,100,player_top,588.7115478515625,228.93971252441406,562.2437133789062,156.70921325683594,615.1793823242188,228.93971252441406,0.8413882255554199
game8/Clip7,221,101,player_bottom,424.71343994140625,658.2835083007812,382.1007995605469,528.7598266601562,467.3260803222656,658.2835083007812,0.8893580436706543
game8/Clip7,221,100,player_top,581.81640625,230.5941162109375,553.8766479492188,155.05035400390625,609.7562255859375,230.5941162109375,0.8007776737213135
game8/Clip7,222,101,player_bottom,432.15924072265625,658.2344970703125,389.182373046875,527.6773071289062,475.1360778808594,658.2344970703125,0.9100978970527649
game8/Clip7,222,103,player_top,466.14649160284745,175.2650688572934,443.43752610056026,111.98925329509534,488.8554599159642,175.2650688572934,0.756374152083146
game8/Clip7,223,101,player_bottom,441.656005859375,658.373291015625,398.44122314453125,526.0549926757812,484.8707580566406,658.373291015625,0.9025686979293823
game8/Clip7,223,100,player_top,559.832763671875,231.5250244140625,533.3258666992188,155.64373779296875,586.3397216796875,231.5250244140625,0.8068636655807495
game8/Clip7,224,101,player_bottom,453.6219787597656,658.3031005859375,410.86065673828125,524.6256713867188,496.38330078125,658.3031005859375,0.8727574944496155
game8/Clip7,224,100,player_top,553.5741577148438,231.37783813476562,527.7706298828125,155.79086303710938,579.377685546875,231.37783813476562,0.7594495415687561
game8/Clip7,225,101,player_bottom,463.57916259765625,657.9738159179688,421.5165710449219,522.623779296875,505.6417236328125,657.9738159179688,0.8857066035270691
game8/Clip7,225,100,player_top,550.1287841796875,230.5374755859375,525.1828002929688,155.9025421142578,575.07470703125,230.5374755859375,0.813275158405304
game8/Clip7,226,101,player_bottom,469.27398681640625,657.533935546875,427.686767578125,520.5609130859375,510.8611755371094,657.533935546875,0.8685126900672913
game8/Clip7,226,100,player_top,546.6588134765625,230.5559844970703,521.8693237304688,155.651611328125,571.4483032226562,230.5559844970703,0.8245007395744324
game8/Clip7,227,101,player_bottom,476.2953186035156,653.538330078125,436.47418212890625,519.1889038085938,516.116455078125,653.538330078125,0.8778987526893616
game8/Clip7,227,100,player_top,539.1060791015625,229.83787536621094,513.7840576171875,153.70838928222656,564.4281005859375,229.83787536621094,0.8038869500160217
game8/Clip7,228,101,player_bottom,484.39056396484375,649.017822265625,446.7102966308594,518.726806640625,522.07080078125,649.017822265625,0.8744013905525208
game8/Clip7,228,100,player_top,532.9157104492188,227.93746948242188,507.9246826171875,152.96282958984375,557.90673828125,227.93746948242188,0.821723997592926
game8/Clip7,229,101,player_bottom,494.0202941894531,646.8270874023438,458.3975830078125,519.5757446289062,529.6430053710938,646.8270874023438,0.8339024186134338
game8/Clip7,229,100,player_top,526.052001953125,226.92462158203125,501.19659423828125,152.66094970703125,550.907470703125,226.92462158203125,0.7858301997184753
game8/Clip7,230,101,player_bottom,502.45849609375,646.753662109375,468.3150939941406,521.2029418945312,536.6018676757812,646.753662109375,0.8207186460494995
game8/Clip7,230,103,player_top,466.15486626876026,175.2692851016396,443.44929464239823,111.9878948613217,488.8604423121402,175.2692851016396,0.7573048880225733
game8/Clip7,231,101,player_bottom,508.6878662109375,646.2286376953125,475.7839660644531,522.5621948242188,541.5917358398438,646.2286376953125,0.79422926902771
game8/Clip7,231,103,player_top,466.1559131019994,175.26981213218286,443.450765710128,111.9877250571,488.8610651116622,175.26981213218286,0.7574212300150018
game8/Clip7,232,101,player_bottom,516.69677734375,645.5852661132812,483.63323974609375,523.156982421875,549.76025390625,645.5852661132812,0.8681175112724304
game8/Clip7,232,103,player_top,466.1569599352385,175.27033916272615,443.4522367778577,111.9875552528783,488.8616879111842,175.27033916272615,0.7575375720074302
game8/Clip7,233,101,player_bottom,529.9320678710938,644.9996337890625,496.2107849121094,522.9389038085938,563.6533203125,644.9996337890625,0.887904942035675
game8/Clip7,233,100,player_top,496.4344482421875,227.37852478027344,470.9330139160156,145.59327697753906,521.9358520507812,227.37852478027344,0.8176361918449402
game8/Clip7,234,101,player_bottom,539.236572265625,644.6094360351562,504.09552001953125,521.7042236328125,574.377685546875,644.6094360351562,0.9079098105430603
game8/Clip7,234,100,player_top,492.83502197265625,227.77635192871094,468.0739440917969,145.5270538330078,517.5960693359375,227.77635192871094,0.8030552268028259
game8/Clip7,235,101,player_bottom,544.4036865234375,643.8157348632812,507.65643310546875,519.0873413085938,581.1509399414062,643.8157348632812,0.8812693357467651
game8/Clip7,235,100,player_top,484.5901184082031,228.31602478027344,460.26361083984375,146.03515625,508.9166259765625,228.31602478027344,0.8131389617919922
game8/Clip7,236,101,player_bottom,550.5345458984375,643.1768798828125,512.8756103515625,516.7542724609375,588.1935424804688,643.1768798828125,0.8615021109580994
game8/Clip7,236,103,player_top,466.1611472681949,175.27244728489927,443.4581210487767,111.98687603599147,488.8641791092722,175.27244728489927,0.758002939977144
game8/Clip7,237,101,player_bottom,556.7179565429688,643.1966552734375,518.5245971679688,514.1216430664062,594.9113159179688,643.1966552734375,0.8364236354827881
game8/Clip7,237,103,player_top,466.162194101434,175.27297431544253,443.4595921165065,111.98670623176976,488.8648019087942,175.27297431544253,0.7581192819695723
game8/Clip7,238,101,player_bottom,564.68701171875,642.8212280273438,526.1979370117188,510.6727600097656,603.1761474609375,642.8212280273438,0.8553462028503418
game8/Clip7,238,103,player_top,466.1632409346731,175.2735013459858,443.46106318423625,111.98653642754806,488.8654247083162,175.2735013459858,0.7582356239620008
game8/Clip7,239,101,player_bottom,575.876220703125,642.316650390625,537.3247680664062,506.64532470703125,614.427734375,642.316650390625,0.8763554692268372
game8/Clip7,239,103,player_top,466.1642877679122,175.2740283765291,443.46253425196596,111.98636662332635,488.8660475078382,175.2740283765291,0.7583519659544292
game8/Clip7,240,101,player_bottom,585.8096923828125,640.9406127929688,547.9732666015625,503.7007141113281,623.6461791992188,640.9406127929688,0.8663842082023621
game8/Clip7,240,103,player_top,466.1653346011513,175.27455540707237,443.46400531969573,111.98619681910465,488.8666703073602,175.27455540707237,0.7584683079468576
game8/Clip7,241,101,player_bottom,593.6098022460938,641.6820068359375,556.167724609375,502.004150390625,631.0518798828125,641.6820068359375,0.8652236461639404
game8/Clip7,241,103,player_top,466.1663814343904,175.27508243761565,443.4654763874255,111.98602701488294,488.8672931068822,175.27508243761565,0.7585846499392861
game8/Clip7,242,101,player_bottom,600.1264038085938,642.7149658203125,563.04638671875,501.3050537109375,637.2064208984375,642.7149658203125,0.8875364065170288
game8/Clip7,242,100,player_top,464.7349853515625,220.52964782714844,442.76605224609375,138.59542846679688,486.7038879394531,220.52964782714844,0.7819210290908813
game8/Clip7,243,101,player_bottom,607.8076171875,640.8201904296875,572.1658935546875,502.3288269042969,643.4493408203125,640.8201904296875,0.8642949461936951
game8/Clip7,243,100,player_top,464.0835266113281,218.7688751220703,442.08837890625,137.05404663085938,486.07867431640625,218.7688751220703,0.7875156998634338
game8/Clip7,244,101,player_bottom,615.7935791015625,642.5887451171875,580.673583984375,504.43231201171875,650.9136352539062,642.5887451171875,0.8395328521728516
game8/Clip7,244,103,player_top,466.1695219341077,175.27666352924547,443.46988959061474,111.98551760221783,488.8691615054482,175.27666352924547,0.7589336759165713
game8/Clip7,245,101,player_bottom,628.505859375,644.24658203125,593.62939453125,507.910888671875,663.38232421875,644.24658203125,0.8688485026359558
game8/Clip7,245,103,player_top,466.1705687673468,175.27719055978875,443.47136065834445,111.98534779799611,488.8697843049702,175.27719055978875,0.7590500179089998
game8/Clip7,246,101,player_bottom,642.5994873046875,647.0260009765625,607.7183837890625,512.6238403320312,677.4805297851562,647.0260009765625,0.8713192939758301
game8/Clip7,246,103,player_top,466.17161560058594,175.27771759033203,443.4728317260742,111.98517799377441,488.8704071044922,175.27771759033203,0.7591663599014282
game8/Clip7,247,101,player_bottom,651.7511596679688,649.2109985351562,616.50048828125,517.3419189453125,687.0018310546875,649.2109985351562,0.821487545967102
game8/Clip7,247,103,player_top,466.17266243382505,175.2782446208753,443.474302793804,111.98500818955272,488.87102990401416,175.2782446208753,0.7592827018938566
game8/Clip7,248,101,player_bottom,658.925537109375,649.4607543945312,622.771484375,520.1142578125,695.07958984375,649.4607543945312,0.9006289839744568
game8/Clip7,248,103,player_top,466.17370926706417,175.2787716514186,443.4757738615337,111.984838385331,488.8716527035362,175.2787716514186,0.7593990438862851
game8/Clip7,249,101,player_bottom,662.559814453125,647.8753662109375,625.4738159179688,521.1347045898438,699.645751953125,647.8753662109375,0.8921696543693542
game8/Clip7,249,100,player_top,447.8924560546875,217.7985076904297,425.2968444824219,141.2705841064453,470.488037109375,217.7985076904297,0.7964449524879456
game8/Clip7,250,101,player_bottom,668.3114013671875,645.8258666992188,630.4303588867188,521.8724365234375,706.1925048828125,645.8258666992188,0.8989800214767456
game8/Clip7,250,100,player_top,446.19244384765625,218.1013946533203,424.0021667480469,143.14370727539062,468.3826904296875,218.1013946533203,0.8155546188354492
game8/Clip7,251,101,player_bottom,674.1410522460938,645.2789306640625,635.5758666992188,522.622314453125,712.7062377929688,645.2789306640625,0.8945943117141724
game8/Clip7,251,100,player_top,445.322021484375,218.0690155029297,423.3260498046875,143.8289337158203,467.3179931640625,218.0690155029297,0.8131476640701294
game8/Clip7,252,101,player_bottom,686.3458251953125,645.0325927734375,647.7838134765625,523.0294189453125,724.9077758789062,645.0325927734375,0.8769368529319763
game8/Clip7,252,100,player_top,444.95819091796875,217.4926300048828,423.3069152832031,144.32684326171875,466.60943603515625,217.4926300048828,0.8190710544586182
game8/Clip7,253,101,player_bottom,700.37548828125,644.8824462890625,661.9700927734375,522.6596069335938,738.7809448242188,644.8824462890625,0.8437893986701965
game8/Clip7,253,100,player_top,444.9400634765625,217.20899963378906,423.345703125,144.09320068359375,466.534423828125,217.20899963378906,0.7838866710662842
game8/Clip7,254,101,player_bottom,718.1641845703125,644.9161987304688,680.2437133789062,521.291015625,756.084716796875,644.9161987304688,0.852012038230896
game8/Clip7,254,103,player_top,466.17999026649875,175.28193383467826,443.4846002679122,111.98381956000077,488.8753895006682,175.28193383467826,0.7600970958408556
game8/Clip7,255,101,player_bottom,726.337158203125,644.6171264648438,688.9426879882812,519.1653442382812,763.731689453125,644.6171264648438,0.8529998064041138
game8/Clip7,255,103,player_top,466.18103709973786,175.28246086522154,443.48607133564195,111.98364975577907,488.87601230019015,175.28246086522154,0.7602134378332841
game8/Clip7,256,101,player_bottom,734.9617919921875,643.9345092773438,697.1649780273438,516.1067504882812,772.7586059570312,643.9345092773438,0.844916582107544
game8/Clip7,256,103,player_top,466.182083932977,175.2829878957648,443.4875424033717,111.98347995155736,488.8766350997122,175.2829878957648,0.7603297798257125
game8/Clip7,257,101,player_bottom,745.2294921875,643.3057250976562,706.54541015625,513.0455932617188,783.9135131835938,643.3057250976562,0.8699861168861389
game8/Clip7,257,100,player_top,455.78912353515625,217.5760498046875,430.186767578125,137.86141967773438,481.3914489746094,217.5760498046875,0.8039734363555908
game8/Clip7,258,101,player_bottom,755.9571533203125,636.9150390625,717.7744140625,509.37164306640625,794.1399536132812,636.9150390625,0.8290282487869263
game8/Clip7,258,103,player_top,466.18417759945515,175.28404195685135,443.4904845388312,111.98314034311394,488.87788069875614,175.28404195685135,0.7605624638105694
game8/Clip7,259,101,player_bottom,766.0211181640625,629.8235473632812,729.8837280273438,509.10040283203125,802.1585083007812,629.8235473632812,0.832532525062561
game8/Clip7,259,103,player_top,466.18522443269427,175.28456898739464,443.49195560656096,111.98297053889225,488.8785034982782,175.28456898739464,0.7606788058029977
game8/Clip7,260,101,player_bottom,777.001953125,626.1287841796875,742.4083251953125,509.1424560546875,811.5956420898438,626.1287841796875,0.8278324007987976
game8/Clip7,260,100,player_top,466.6947937011719,217.02574157714844,443.08929443359375,144.78311157226562,490.30029296875,217.02574157714844,0.77142333984375
game8/Clip7,261,101,player_bottom,789.5725708007812,626.0824584960938,752.8921508789062,497.6772155761719,826.2529907226562,626.0824584960938,0.8533360958099365
game8/Clip7,261,100,player_top,471.87164306640625,217.41197204589844,448.7092590332031,145.34434509277344,495.0340576171875,217.41197204589844,0.7684165239334106
game8/Clip7,262,101,player_bottom,801.154541015625,626.0877685546875,766.9473876953125,503.4358825683594,835.3616333007812,626.0877685546875,0.850460946559906
game8/Clip7,262,100,player_top,477.52191162109375,217.48770141601562,454.6891174316406,144.78414916992188,500.354736328125,217.48770141601562,0.803860068321228
game8/Clip7,263,101,player_bottom,811.526611328125,623.8811645507812,778.8472290039062,506.0928955078125,844.2059936523438,623.8811645507812,0.8024491667747498
game8/Clip7,263,100,player_top,481.34844970703125,219.2102508544922,458.3631286621094,144.1363067626953,504.3337707519531,219.2102508544922,0.7977957725524902
game8/Clip7,264,101,player_bottom,820.799560546875,622.6658935546875,788.4134521484375,507.9368591308594,853.1856079101562,622.6658935546875,0.872435986995697
game8/Clip7,264,100,player_top,484.76580810546875,220.56741333007812,461.9525451660156,144.33920288085938,507.5790710449219,220.56741333007812,0.8167806267738342
game8/Clip7,265,101,player_bottom,828.7366943359375,622.1783447265625,795.0161743164062,505.45538330078125,862.4572143554688,622.1783447265625,0.8821374773979187
game8/Clip7,265,100,player_top,491.1470031738281,222.43934631347656,468.48541259765625,144.03640747070312,513.80859375,222.43934631347656,0.8376146554946899
game8/Clip7,266,101,player_bottom,835.9119873046875,621.1989135742188,798.9090576171875,495.1028747558594,872.9148559570312,621.1989135742188,0.8602596521377563
game8/Clip7,266,100,player_top,496.90948486328125,224.41273498535156,474.7265930175781,144.45729064941406,519.0923461914062,224.41273498535156,0.8002336621284485
game8/Clip7,267,101,player_bottom,842.4959716796875,620.9049682617188,803.811767578125,492.0353698730469,881.1802368164062,620.9049682617188,0.8687845468521118
game8/Clip7,267,100,player_top,501.0009765625,225.35617065429688,479.8739013671875,145.86624145507812,522.1280517578125,225.35617065429688,0.7902912497520447
game8/Clip7,268,101,player_bottom,847.15478515625,619.7003784179688,808.9471435546875,496.0783996582031,885.3624877929688,619.7003784179688,0.8755855560302734
game8/Clip7,268,100,player_top,505.648681640625,225.7947540283203,485.7015075683594,147.94485473632812,525.5958251953125,225.7947540283203,0.7919930815696716
game8/Clip7,269,101,player_bottom,850.2401123046875,618.2144165039062,812.735595703125,500.0418701171875,887.7445678710938,618.2144165039062,0.894405722618103
game8/Clip7,269,100,player_top,512.7646484375,225.73214721679688,493.216796875,148.85601806640625,532.3124389648438,225.73214721679688,0.8308473825454712
game8/Clip7,270,101,player_bottom,851.8792724609375,618.0748291015625,813.9093627929688,500.3996887207031,889.8491821289062,618.0748291015625,0.8848599791526794
game8/Clip7,270,100,player_top,518.0286865234375,225.43443298339844,498.5871887207031,149.60719299316406,537.4701538085938,225.43443298339844,0.857640266418457
game8/Clip7,271,101,player_bottom,858.028076171875,617.44482421875,818.8639526367188,497.91644287109375,897.192138671875,617.44482421875,0.8839302659034729
game8/Clip7,271,100,player_top,522.3956298828125,225.33285522460938,502.4104919433594,149.03797912597656,542.3807983398438,225.33285522460938,0.8311917185783386
game8/Clip7,272,101,player_bottom,868.509521484375,617.2115478515625,827.3673706054688,493.58209228515625,909.6517333984375,617.2115478515625,0.8589076995849609
game8/Clip7,272,100,player_top,524.9065551757812,225.27120971679688,504.386962890625,148.3934783935547,545.4261474609375,225.27120971679688,0.8755826354026794
game8/Clip7,273,101,player_bottom,871.570068359375,617.0199584960938,829.5707397460938,489.3866271972656,913.5693359375,617.0199584960938,0.8823918104171753
game8/Clip7,273,100,player_top,527.3317260742188,224.82252502441406,506.5585632324219,147.79798889160156,548.1048583984375,224.82252502441406,0.8741384148597717
game8/Clip7,274,101,player_bottom,876.0404052734375,616.7040405273438,833.5200805664062,485.22271728515625,918.560791015625,616.7040405273438,0.8788871765136719
game8/Clip7,274,100,player_top,530.489990234375,224.085693359375,509.7704772949219,146.76718139648438,551.2095336914062,224.085693359375,0.8590399026870728
game8/Clip7,275,101,player_bottom,878.0955810546875,616.1220703125,835.279052734375,480.3316955566406,920.9121704101562,616.1220703125,0.8935367465019226
game8/Clip7,275,100,player_top,533.7003173828125,223.71937561035156,513.7410888671875,148.07699584960938,553.6594848632812,223.71937561035156,0.8295659422874451
game8/Clip7,276,101,player_bottom,880.987060546875,616.1431274414062,837.4043579101562,474.3829040527344,924.5697021484375,616.1431274414062,0.8470968008041382
game8/Clip7,276,100,player_top,536.9779663085938,222.4805908203125,517.6507568359375,148.2439727783203,556.30517578125,222.4805908203125,0.842015266418457
game8/Clip7,277,101,player_bottom,883.6651000976562,610.695068359375,840.4714965820312,467.21612548828125,926.8587036132812,610.695068359375,0.8375597596168518
game8/Clip7,277,100,player_top,541.3327026367188,222.66299438476562,522.0149536132812,148.39022827148438,560.6504516601562,222.66299438476562,0.8324921727180481
game8/Clip7,278,101,player_bottom,888.379638671875,607.4236450195312,847.2617797851562,470.3174743652344,929.49755859375,607.4236450195312,0.8641456365585327
game8/Clip7,278,100,player_top,543.917724609375,223.1634521484375,524.4641723632812,148.3714599609375,563.3712768554688,223.1634521484375,0.8230528235435486
game8/Clip7,279,101,player_bottom,894.6866455078125,600.9639892578125,855.605712890625,472.4810485839844,933.7676391601562,600.9639892578125,0.8198146820068359
game8/Clip7,279,100,player_top,548.3120727539062,223.11387634277344,528.4581909179688,148.96127319335938,568.1659545898438,223.11387634277344,0.8608777523040771
game8/Clip7,280,101,player_bottom,901.9832763671875,597.5787353515625,863.5596313476562,474.6328125,940.406982421875,597.5787353515625,0.796444833278656
game8/Clip7,280,100,player_top,551.787841796875,222.72613525390625,531.5888671875,150.3653106689453,571.9867553710938,222.72613525390625,0.862168550491333
game8/Clip7,281,101,player_bottom,909.6531982421875,599.6549072265625,870.1409912109375,477.3123474121094,949.1654052734375,599.6549072265625,0.8515031337738037
game8/Clip7,281,100,player_top,553.6442260742188,222.473876953125,532.7467651367188,150.40786743164062,574.5416870117188,222.473876953125,0.859287679195404
game8/Clip7,282,101,player_bottom,917.20751953125,602.6240234375,877.0390014648438,481.1598815917969,957.3760986328125,602.6240234375,0.8592893481254578
game8/Clip7,282,100,player_top,554.2799072265625,222.5128936767578,532.8949584960938,151.09217834472656,575.664794921875,222.5128936767578,0.8471477031707764
game8/Clip7,283,101,player_bottom,923.7784423828125,606.644287109375,882.9224853515625,485.2804870605469,964.6343383789062,606.644287109375,0.8949735164642334
game8/Clip7,283,100,player_top,555.498046875,221.98306274414062,533.0338134765625,148.80010986328125,577.9622802734375,221.98306274414062,0.8016045689582825
game8/Clip7,284,101,player_bottom,930.2584228515625,609.6395874023438,889.417724609375,488.72711181640625,971.09912109375,609.6395874023438,0.8992286920547485
game8/Clip7,284,100,player_top,558.492431640625,222.50390625,534.8596801757812,146.921630859375,582.125244140625,222.50390625,0.8248507380485535
game8/Clip7,285,101,player_bottom,933.2325439453125,610.2666015625,893.0585327148438,491.6321105957031,973.406494140625,610.2666015625,0.8789198398590088
game8/Clip7,285,100,player_top,564.2861938476562,222.07955932617188,540.5131225585938,147.37977600097656,588.0592651367188,222.07955932617188,0.8405323028564453
game8/Clip7,286,101,player_bottom,934.87158203125,610.7940673828125,894.5127563476562,491.3223876953125,975.2304077148438,610.7940673828125,0.8231831192970276
game8/Clip7,286,100,player_top,572.28125,221.9600372314453,548.574462890625,148.3498992919922,595.9879760742188,221.9600372314453,0.7776851058006287
game8/Clip7,287,101,player_bottom,937.498046875,610.8229370117188,897.1703491210938,490.06591796875,977.8257446289062,610.8229370117188,0.8505035042762756
game8/Clip7,287,100,player_top,580.74609375,221.74575805664062,557.2393188476562,148.57943725585938,604.2528686523438,221.74575805664062,0.8113222718238831
game8/Clip7,288,101,player_bottom,936.5350341796875,610.4661254882812,896.1019287109375,488.8095397949219,976.9682006835938,610.4661254882812,0.8708154559135437
game8/Clip7,288,100,player_top,586.2734375,221.71728515625,562.561767578125,148.13348388671875,609.985107421875,221.71728515625,0.8222329616546631
game8/Clip7,289,101,player_bottom,935.0856323242188,609.445556640625,894.6878051757812,486.73876953125,975.4834594726562,609.445556640625,0.7489609718322754
game8/Clip7,289,100,player_top,590.32666015625,221.0536651611328,566.3778686523438,147.76502990722656,614.2754516601562,221.0536651611328,0.8199911713600159
game8/Clip7,290,101,player_bottom,924.8284912109375,608.9898071289062,885.969482421875,485.4151611328125,963.6875,608.9898071289062,0.7710676789283752
game8/Clip7,290,100,player_top,595.0491943359375,219.7733917236328,571.0733032226562,148.05149841308594,619.0250854492188,219.7733917236328,0.7950799465179443
game8/Clip7,291,101,player_bottom,917.7317504882812,609.8530883789062,880.2305908203125,485.4234924316406,955.23291015625,609.8530883789062,0.7952890396118164
game8/Clip7,291,100,player_top,601.2197265625,220.65467834472656,577.2664794921875,150.64857482910156,625.1729736328125,220.65467834472656,0.8218206763267517
game8/Clip7,292,101,player_bottom,910.3163452148438,611.4989624023438,873.2173461914062,486.3186950683594,947.4153442382812,611.4989624023438,0.8352435827255249
game8/Clip7,292,100,player_top,608.1114501953125,223.57302856445312,583.068603515625,151.3045196533203,633.1542358398438,223.57302856445312,0.8081552386283875
game8/Clip7,293,101,player_bottom,905.043212890625,611.9672241210938,868.0172729492188,486.9295959472656,942.0692138671875,611.9672241210938,0.8652389049530029
game8/Clip7,293,103,player_top,466.2208167628238,175.30248802586607,443.5419719093724,111.97719719535426,488.8996786820261,175.30248802586607,0.7646344335455644
game8/Clip7,294,101,player_bottom,902.0872192382812,612.3974609375,864.9812622070312,487.78802490234375,939.1931762695312,612.3974609375,0.8904232382774353
game8/Clip7,294,100,player_top,632.54833984375,224.62399291992188,608.0704345703125,152.00865173339844,657.0261840820312,224.62399291992188,0.803267776966095
game8/Clip7,295,101,player_bottom,898.821533203125,612.4327392578125,861.1504516601562,486.99786376953125,936.49267578125,612.4327392578125,0.8870274424552917
game8/Clip7,295,100,player_top,639.0433349609375,224.72239685058594,614.7360229492188,151.72076416015625,663.3506469726562,224.72239685058594,0.8035599589347839
game8/Clip7,296,101,player_bottom,893.3714599609375,608.064208984375,856.2838745117188,485.64569091796875,930.4591064453125,608.064208984375,0.8504996299743652
game8/Clip7,296,100,player_top,644.479248046875,224.5774688720703,620.1773071289062,152.55970764160156,668.7811889648438,224.5774688720703,0.7918139696121216
game8/Clip7,297,101,player_bottom,887.134033203125,605.4901733398438,850.5597534179688,485.1536865234375,923.708251953125,605.4901733398438,0.796507716178894
game8/Clip7,297,100,player_top,651.951171875,224.50271606445312,626.904296875,152.80319213867188,676.9979858398438,224.50271606445312,0.8503540754318237
game8/Clip7,298,101,player_bottom,876.6502075195312,604.7589111328125,840.57958984375,485.3533630371094,912.7208251953125,604.7589111328125,0.8572726845741272
game8/Clip7,298,100,player_top,658.9307861328125,223.7770538330078,632.88427734375,152.0687255859375,684.977294921875,223.7770538330078,0.8637815713882446
game8/Clip7,299,101,player_bottom,862.6204833984375,606.18701171875,827.0043334960938,485.8664855957031,898.2366333007812,606.18701171875,0.8586031198501587
game8/Clip7,299,100,player_top,665.8670654296875,223.03309631347656,639.3132934570312,153.31544494628906,692.4208374023438,223.03309631347656,0.8624134659767151
game8/Clip7,300,101,player_bottom,850.8355712890625,606.0706176757812,815.80126953125,486.5062561035156,885.869873046875,606.0706176757812,0.8193108439445496
game8/Clip7,300,100,player_top,673.35546875,221.6361846923828,646.5593872070312,154.9937744140625,700.151611328125,221.6361846923828,0.8641039729118347
game8/Clip7,301,101,player_bottom,844.5653076171875,605.5074462890625,809.5111694335938,485.5111083984375,879.6195068359375,605.5074462890625,0.8338583707809448
game8/Clip7,301,100,player_top,681.4118041992188,221.09669494628906,653.5904541015625,154.9188232421875,709.233154296875,221.09669494628906,0.8540162444114685
game8/Clip7,302,101,player_bottom,838.0799560546875,604.9898681640625,802.146728515625,483.48095703125,874.0132446289062,604.9898681640625,0.8666849136352539
game8/Clip7,302,100,player_top,690.2119140625,220.56484985351562,661.85302734375,155.09072875976562,718.57080078125,220.56484985351562,0.8438104391098022
game8/Clip7,303,101,player_bottom,832.5643310546875,604.120361328125,795.5574340820312,481.17041015625,869.5712280273438,604.120361328125,0.874430239200592
game8/Clip7,303,100,player_top,703.319091796875,219.72726440429688,674.7820434570312,156.17893981933594,731.8561401367188,219.72726440429688,0.8000475168228149
game8/Clip7,304,101,player_bottom,823.60400390625,604.2705688476562,785.4002685546875,479.003662109375,861.8077392578125,604.2705688476562,0.8733145594596863
game8/Clip7,304,103,player_top,466.23233192845396,175.3082853618421,443.5581536543997,111.97532934891551,488.90652947676807,175.3082853618421,0.765914195462277
game8/Clip7,305,101,player_bottom,814.723876953125,603.8436889648438,775.9456787109375,475.39105224609375,853.5020751953125,603.8436889648438,0.8493143916130066
game8/Clip7,305,103,player_top,466.2333787616931,175.3088123923854,443.5596247221294,111.9751595446938,488.9071522762901,175.3088123923854,0.7660305374547055
game8/Clip7,306,101,player_bottom,802.9268798828125,602.8937377929688,764.3291625976562,471.6816101074219,841.5245971679688,602.8937377929688,0.8280259370803833
game8/Clip7,306,103,player_top,466.23442559493213,175.30933942292867,443.56109578985917,111.9749897404721,488.9077750758121,175.30933942292867,0.7661468794471339
game8/Clip7,307,101,player_bottom,791.28369140625,601.8735961914062,753.2156372070312,469.1605224609375,829.3516845703125,601.8735961914062,0.872002363204956
game8/Clip7,307,100,player_top,739.02197265625,216.32911682128906,709.287353515625,152.1036834716797,768.7566528320312,216.32911682128906,0.774394690990448
game8/Clip7,308,101,player_bottom,782.0701904296875,596.3773803710938,745.8104858398438,467.0655517578125,818.3299560546875,596.3773803710938,0.8648126125335693
game8/Clip7,308,100,player_top,742.853271484375,216.06698608398438,712.9020385742188,152.0989990234375,772.804443359375,216.06698608398438,0.8507182002067566
game8/Clip7,309,101,player_bottom,772.76123046875,594.0281372070312,737.6735229492188,466.3289794921875,807.8489379882812,594.0281372070312,0.863167405128479
game8/Clip7,309,100,player_top,745.7625732421875,214.8960418701172,717.0059204101562,154.3438262939453,774.519287109375,214.8960418701172,0.8500232100486755
game8/Clip7,310,101,player_bottom,763.68603515625,598.1909790039062,728.3475341796875,466.287353515625,799.0245971679688,598.1909790039062,0.872940182685852
game8/Clip7,310,103,player_top,466.2386129278886,175.31144754510177,443.5669800607782,111.97431052358527,488.9102662739001,175.31144754510177,0.7666122474168476
game8/Clip7,311,101,player_bottom,750.9454345703125,599.9994506835938,715.7753295898438,467.6641540527344,786.1156005859375,599.9994506835938,0.8684959411621094
game8/Clip7,311,100,player_top,757.0599365234375,216.77818298339844,726.9420776367188,154.77980041503906,787.1778564453125,216.77818298339844,0.7938093543052673
game8/Clip7,312,101,player_bottom,737.7506103515625,601.1796264648438,702.6771240234375,469.47412109375,772.8241577148438,601.1796264648438,0.8593371510505676
game8/Clip7,312,100,player_top,763.982421875,216.785888671875,733.7990112304688,154.31471252441406,794.1658325195312,216.785888671875,0.7993788123130798
game8/Clip7,313,101,player_bottom,727.0611572265625,601.34130859375,691.9364013671875,470.2175598144531,762.1859741210938,601.34130859375,0.8378990888595581
game8/Clip7,313,103,player_top,466.2417534276059,175.3130286367316,443.5713932639674,111.97380111092015,488.9121346724661,175.3130286367316,0.7669612733941329
game8/Clip7,314,101,player_bottom,720.1641845703125,600.6416625976562,684.5640869140625,469.582275390625,755.7643432617188,600.6416625976562,0.9084532260894775
game8/Clip7,314,103,player_top,466.242800260845,175.31355566727487,443.5728643316972,111.97363130669845,488.9127574719881,175.31355566727487,0.7670776153865614
game8/Clip7,315,101,player_bottom,715.20361328125,596.48681640625,680.1461791992188,468.79876708984375,750.2610473632812,596.48681640625,0.8748471736907959
game8/Clip7,315,103,player_top,466.24384709408406,175.31408269781815,443.5743353994269,111.97346150247674,488.91338027151005,175.31408269781815,0.7671939573789898
game8/Clip7,316,101,player_bottom,709.541259765625,593.7142944335938,675.1860961914062,467.6932678222656,743.8963623046875,593.7142944335938,0.8849300146102905
game8/Clip7,316,103,player_top,466.2448939273232,175.31460972836143,443.57580646715667,111.97329169825504,488.9140030710321,175.31460972836143,0.7673102993714181
game8/Clip7,317,101,player_bottom,702.6226806640625,591.2689819335938,669.2562866210938,466.8011169433594,735.9890747070312,591.2689819335938,0.8500851392745972
game8/Clip7,317,103,player_top,466.2459407605623,175.3151367589047,443.57727753488643,111.97312189403333,488.91462587055406,175.3151367589047,0.7674266413638466
game8/Clip7,318,101,player_bottom,693.82177734375,589.654541015625,661.62255859375,466.82757568359375,726.0210571289062,589.654541015625,0.8660488724708557
game8/Clip7,318,103,player_top,466.2469875938014,175.315663789448,443.57874860261614,111.97295208981163,488.9152486700761,175.315663789448,0.767542983356275
game8/Clip7,319,101,player_bottom,683.9459228515625,581.7865600585938,654.1720581054688,467.6333923339844,713.7197265625,581.7865600585938,0.8677808046340942
game8/Clip7,319,103,player_top,466.2480344270405,175.31619081999125,443.5802196703459,111.97278228558991,488.9158714695981,175.31619081999125,0.7676593253487035
game8/Clip7,320,101,player_bottom,671.897216796875,576.473388671875,643.3128051757812,468.02960205078125,700.4816284179688,576.473388671875,0.87510085105896
game8/Clip7,320,103,player_top,466.2490812602796,175.31671785053453,443.5816907380757,111.97261248136822,488.91649426912005,175.31671785053453,0.7677756673411319
game8/Clip7,321,101,player_bottom,658.2485961914062,574.4801025390625,629.6388549804688,468.6992492675781,686.8583374023438,574.4801025390625,0.8612087965011597
game8/Clip7,321,103,player_top,466.2501280935187,175.3172448810778,443.5831618058054,111.9724426771465,488.9171170686421,175.3172448810778,0.7678920093335604
game8/Clip7,322,101,player_bottom,648.74951171875,574.0980834960938,619.352783203125,468.83984375,678.1461791992188,574.0980834960938,0.8616495132446289
game8/Clip7,322,103,player_top,466.2511749267578,175.3177719116211,443.58463287353516,111.9722728729248,488.91773986816406,175.3177719116211,0.7680083513259888
game8/Clip7,323,101,player_bottom,642.961181640625,571.6580810546875,612.737060546875,467.7551574707031,673.1852416992188,571.6580810546875,0.8510905504226685
game8/Clip7,323,103,player_top,466.2522217599969,175.31829894216438,443.5861039412649,111.9721030687031,488.91836266768604,175.31829894216438,0.7681246933184172
game8/Clip7,324,101,player_bottom,639.5611572265625,569.5704956054688,607.9696044921875,464.7717590332031,671.1527709960938,569.5704956054688,0.8504940867424011
game8/Clip7,324,103,player_top,466.25326859323604,175.31882597270766,443.58757500899463,111.9719332644814,488.9189854672081,175.31882597270766,0.7682410353108456
game8/Clip7,325,101,player_bottom,635.7486572265625,568.8492431640625,603.1635131835938,463.17657470703125,668.333740234375,568.8492431640625,0.8171160221099854
game8/Clip7,325,103,player_top,466.2543154264751,175.31935300325094,443.5890460767244,111.9717634602597,488.91960826673005,175.31935300325094,0.768357377303274
game8/Clip7,326,101,player_bottom,624.3692626953125,569.40234375,590.7881469726562,462.0661926269531,657.950439453125,569.40234375,0.8439963459968567
game8/Clip7,326,100,player_top,829.79541015625,213.77963256835938,802.700927734375,146.89059448242188,856.8898315429688,213.77963256835938,0.8288688063621521
game8/Clip7,327,101,player_bottom,613.396240234375,569.7796630859375,579.4882202148438,460.2908630371094,647.3043212890625,569.7796630859375,0.79231858253479
game8/Clip7,327,100,player_top,831.06640625,213.0576629638672,804.11865234375,146.2550506591797,858.01416015625,213.0576629638672,0.8250886797904968
game8/Clip7,328,101,player_bottom,597.2903442382812,569.7865600585938,563.3936767578125,458.1268005371094,631.18701171875,569.7865600585938,0.8377507925033569
game8/Clip7,328,100,player_top,832.165283203125,212.627685546875,805.4456176757812,145.9454803466797,858.8848876953125,212.627685546875,0.8301839828491211
game8/Clip7,329,101,player_bottom,582.789794921875,567.0704956054688,550.3643798828125,456.7817077636719,615.2151489257812,567.0704956054688,0.8149741291999817
game8/Clip7,329,100,player_top,832.6361083984375,212.64453125,806.0228881835938,145.8220672607422,859.249267578125,212.64453125,0.8266497254371643
game8/Clip7,330,101,player_bottom,571.58447265625,567.0892333984375,540.1027221679688,456.06341552734375,603.066162109375,567.0892333984375,0.8066044449806213
game8/Clip7,330,100,player_top,833.2240600585938,212.34747314453125,806.769775390625,145.2213592529297,859.6783447265625,212.34747314453125,0.8248503804206848
game8/Clip7,331,101,player_bottom,560.4896240234375,567.9337768554688,529.92529296875,456.3228454589844,591.0540161132812,567.9337768554688,0.8585196733474731
game8/Clip7,331,100,player_top,833.9385375976562,212.23995971679688,807.4095458984375,143.89791870117188,860.467529296875,212.23995971679688,0.81819748878479
game8/Clip7,332,101,player_bottom,550.363525390625,569.9520874023438,520.5286865234375,457.73406982421875,580.1983642578125,569.9520874023438,0.8389196991920471
game8/Clip7,332,100,player_top,833.994140625,211.69375610351562,807.560302734375,142.5801544189453,860.4280395507812,211.69375610351562,0.8202564716339111
game8/Clip7,333,101,player_bottom,536.6310424804688,571.7161865234375,506.8999938964844,459.6209411621094,566.3621215820312,571.7161865234375,0.8096038103103638
game8/Clip7,333,100,player_top,833.5704956054688,211.308837890625,806.9227905273438,140.6246337890625,860.2182006835938,211.308837890625,0.8189525604248047
game8/Clip7,334,101,player_bottom,527.4034423828125,572.2734375,497.1788635253906,460.68548583984375,557.6280517578125,572.2734375,0.9061099290847778
game8/Clip7,334,100,player_top,832.5909423828125,211.21229553222656,805.499267578125,138.3157196044922,859.6826171875,211.21229553222656,0.7780042886734009
game8/Clip7,335,101,player_bottom,521.5111083984375,571.5614624023438,490.533935546875,460.8710632324219,552.4882202148438,571.5614624023438,0.8846245408058167
game8/Clip7,335,100,player_top,830.19677734375,211.3009796142578,802.8549194335938,136.72549438476562,857.5386352539062,211.3009796142578,0.7717125415802002
game8/Clip7,336,101,player_bottom,516.2515869140625,573.1801147460938,484.0735168457031,461.69281005859375,548.4296875,573.1801147460938,0.8599135279655457
game8/Clip7,336,103,player_top,466.26583059210526,175.32515033922698,443.60522782175167,111.96989561382092,488.92645906147203,175.32515033922698,0.7696371392199868
game8/Clip7,337,101,player_bottom,507.88360595703125,574.52490234375,475.4693298339844,463.05633544921875,540.2979125976562,574.52490234375,0.8855987787246704
game8/Clip7,337,100,player_top,823.2315673828125,211.34237670898438,797.0095825195312,137.31658935546875,849.4534912109375,211.34237670898438,0.7820389270782471
game8/Clip7,338,101,player_bottom,496.1195983886719,576.2486572265625,464.1070556640625,463.39410400390625,528.1321411132812,576.2486572265625,0.8176019787788391
game8/Clip7,338,100,player_top,819.5450439453125,211.4385223388672,793.7440795898438,136.90235900878906,845.3460693359375,211.4385223388672,0.8153318762779236
game8/Clip7,339,101,player_bottom,482.8560791015625,577.6012573242188,451.3991394042969,462.9024658203125,514.31298828125,577.6012573242188,0.8488419651985168
game8/Clip7,339,100,player_top,816.3546142578125,212.36732482910156,790.5216674804688,134.9729766845703,842.1875,212.36732482910156,0.8037812113761902
game8/Clip7,340,101,player_bottom,472.06298828125,576.505126953125,441.6015319824219,461.84832763671875,502.5244445800781,576.505126953125,0.8466563820838928
game8/Clip7,340,100,player_top,813.1726684570312,214.07177734375,787.49609375,133.75254821777344,838.8492431640625,214.07177734375,0.7721346020698547
game8/Clip7,341,101,player_bottom,462.5198059082031,575.9642944335938,432.8989562988281,461.973388671875,492.1406555175781,575.9642944335938,0.8298219442367554
game8/Clip7,341,103,player_top,466.2710647583008,175.32778549194336,443.6125831604004,111.9690465927124,488.92957305908203,175.32778549194336,0.7702188491821289
game8/Clip7,342,101,player_bottom,451.35321044921875,576.8761596679688,422.6353759765625,463.3891296386719,480.0710754394531,576.8761596679688,0.8274275660514832
game8/Clip7,342,103,player_top,466.2721115915399,175.32831252248664,443.61405422813016,111.9688767884907,488.930195858604,175.32831252248664,0.7703351911745573
game8/Clip7,343,101,player_bottom,441.0880126953125,583.4818115234375,412.01324462890625,465.0126953125,470.1627502441406,583.4818115234375,0.8468723893165588
game8/Clip7,343,100,player_top,803.813232421875,216.06243896484375,780.1336669921875,132.98443603515625,827.4927368164062,216.06243896484375,0.7796403169631958
game8/Clip7,344,101,player_bottom,430.74176025390625,586.2388305664062,401.99530029296875,467.5476379394531,459.4881896972656,586.2388305664062,0.8497024774551392
game8/Clip7,344,103,player_top,466.27420525801807,175.3293665835732,443.61699636358964,111.96853718004729,488.931441457648,175.3293665835732,0.7705678751594142
game8/Clip7,345,101,player_bottom,420.040283203125,587.661376953125,390.9458923339844,469.006591796875,449.1346740722656,587.661376953125,0.8653123378753662
game8/Clip7,345,100,player_top,798.5416259765625,217.62942504882812,776.633056640625,133.92181396484375,820.4501342773438,217.62942504882812,0.7717531323432922
game8/Clip7,346,101,player_bottom,408.9447326660156,587.922119140625,379.2952880859375,469.2276916503906,438.59417724609375,587.922119140625,0.8454918265342712
game8/Clip7,346,100,player_top,796.268310546875,217.64169311523438,775.2964477539062,134.5203399658203,817.2401733398438,217.64169311523438,0.7948309183120728
game8/Clip7,347,101,player_bottom,400.75067138671875,588.2702026367188,370.4768981933594,470.9974060058594,431.0244445800781,588.2702026367188,0.8656813502311707
game8/Clip7,347,100,player_top,792.944580078125,217.81735229492188,772.50830078125,134.8909912109375,813.3809204101562,217.81735229492188,0.8014245629310608
game8/Clip7,348,101,player_bottom,391.2049560546875,590.240966796875,360.3592224121094,473.30731201171875,422.0506591796875,590.240966796875,0.8685067296028137
game8/Clip7,348,100,player_top,789.7849731445312,218.06045532226562,769.4278564453125,134.67788696289062,810.14208984375,218.06045532226562,0.8069618940353394
game8/Clip7,349,101,player_bottom,381.0972595214844,593.4737548828125,350.28375244140625,477.4786071777344,411.9107666015625,593.4737548828125,0.8499292731285095
game8/Clip7,349,100,player_top,786.974853515625,217.9470977783203,766.3814697265625,133.87440490722656,807.5682373046875,217.9470977783203,0.8551169037818909
game8/Clip7,350,101,player_bottom,372.5639343261719,596.2392578125,342.203369140625,480.2953186035156,402.92449951171875,596.2392578125,0.8737368583679199
game8/Clip7,350,100,player_top,785.0289306640625,217.72109985351562,764.3321533203125,133.86911010742188,805.7257690429688,217.72109985351562,0.8628638386726379
game8/Clip7,351,101,player_bottom,362.79693603515625,595.9944458007812,333.4558410644531,481.4254150390625,392.1380310058594,595.9944458007812,0.8433233499526978
game8/Clip7,351,100,player_top,782.84375,217.292724609375,762.294189453125,134.5110626220703,803.393310546875,217.292724609375,0.8480103015899658
game8/Clip7,352,101,player_bottom,349.77801513671875,596.8485107421875,321.2063903808594,482.0736389160156,378.3496398925781,596.8485107421875,0.8261500000953674
game8/Clip7,352,100,player_top,779.8191528320312,218.119873046875,759.5889892578125,136.6148681640625,800.04931640625,218.119873046875,0.8341345191001892
game8/Clip7,353,101,player_bottom,339.0343933105469,599.3327026367188,309.7579345703125,481.77862548828125,368.31085205078125,599.3327026367188,0.8460108041763306
game8/Clip7,353,100,player_top,776.624755859375,218.4607696533203,756.6885375976562,138.0017852783203,796.56103515625,218.4607696533203,0.8491286039352417
game8/Clip7,354,101,player_bottom,329.310546875,608.5843505859375,298.46417236328125,484.2811584472656,360.15692138671875,608.5843505859375,0.8530681133270264
game8/Clip7,354,100,player_top,772.6300048828125,218.57107543945312,753.081787109375,138.60594177246094,792.1782836914062,218.57107543945312,0.8251867294311523
game8/Clip7,355,101,player_bottom,319.221923828125,614.0071411132812,288.519287109375,487.246337890625,349.9245910644531,614.0071411132812,0.8301738500595093
game8/Clip7,355,100,player_top,768.6356811523438,218.83409118652344,749.4513549804688,138.56689453125,787.8200073242188,218.83409118652344,0.8063288331031799
game8/Clip7,356,101,player_bottom,312.85137939453125,616.4799194335938,282.85455322265625,488.3927307128906,342.8481750488281,616.4799194335938,0.8522276282310486
game8/Clip7,356,100,player_top,764.751953125,219.82662963867188,745.9440307617188,138.84793090820312,783.5598754882812,219.82662963867188,0.8046818375587463
game8/Clip7,357,101,player_bottom,305.6693420410156,617.1417846679688,276.2008361816406,488.46148681640625,335.1378479003906,617.1417846679688,0.8257740139961243
game8/Clip7,357,100,player_top,762.1131591796875,220.22193908691406,743.6942749023438,138.80133056640625,780.531982421875,220.22193908691406,0.8058506846427917
game8/Clip7,358,101,player_bottom,294.84051513671875,618.1548461914062,265.245361328125,489.13922119140625,324.4356689453125,618.1548461914062,0.8026390671730042
game8/Clip7,358,100,player_top,759.773681640625,221.0158233642578,741.479736328125,138.36087036132812,778.0676879882812,221.0158233642578,0.8109461069107056
game8/Clip7,359,101,player_bottom,286.68475341796875,619.49755859375,256.2434387207031,489.9981689453125,317.12603759765625,619.49755859375,0.7815214991569519
game8/Clip7,359,100,player_top,757.1857299804688,219.79248046875,739.345458984375,137.4449462890625,775.0260009765625,219.79248046875,0.8117062449455261
game8/Clip7,360,101,player_bottom,278.76385498046875,622.9698486328125,247.1191864013672,492.2933654785156,310.40850830078125,622.9698486328125,0.7060198783874512
game8/Clip7,360,100,player_top,754.2440719604492,220.3018856048584,736.42724609375,137.1904640197754,772.060905456543,220.3018856048584,0.8161773160099983
game8/Clip7,361,101,player_bottom,264.6228942871094,627.6351318359375,232.69363403320312,496.2908630371094,296.5521545410156,627.6351318359375,0.8436481952667236
game8/Clip7,361,100,player_top,751.3024139404297,220.8112907409668,733.509033203125,136.93598175048828,769.0958099365234,220.8112907409668,0.8206483870744705
game8/Clip7,362,101,player_bottom,253.07423400878906,631.5833129882812,220.9561767578125,499.8197326660156,285.1922912597656,631.5833129882812,0.85931795835495
game8/Clip7,362,100,player_top,748.3607559204102,221.3206958770752,730.5908203125,136.68149948120117,766.1307144165039,221.3206958770752,0.8251194581389427
game8/Clip7,363,101,player_bottom,244.5048828125,636.2622680664062,212.4398956298828,504.31170654296875,276.5698547363281,636.2622680664062,0.8684632182121277
game8/Clip7,363,100,player_top,745.4190979003906,221.8301010131836,727.672607421875,136.42701721191406,763.1656188964844,221.8301010131836,0.8295905292034149
game8/Clip7,364,101,player_bottom,234.55572509765625,634.8547973632812,203.4832000732422,509.6008605957031,265.6282653808594,634.8547973632812,0.7988609671592712
game8/Clip7,364,100,player_top,742.4774398803711,222.339506149292,724.75439453125,136.17253494262695,760.2005233764648,222.339506149292,0.8340616002678871
game8/Clip7,365,101,player_bottom,223.53787231445312,635.1941528320312,192.51565551757812,513.662353515625,254.56008911132812,635.1941528320312,0.8107081651687622
game8/Clip7,365,100,player_top,739.5357818603516,222.8489112854004,721.836181640625,135.91805267333984,757.2354278564453,222.8489112854004,0.8385326713323593
game8/Clip7,366,101,player_bottom,214.0198974609375,644.4718627929688,180.36074829101562,516.256103515625,247.67906188964844,644.4718627929688,0.8159300684928894
game8/Clip7,366,100,player_top,736.594123840332,223.3583164215088,718.91796875,135.66357040405273,754.2703323364258,223.3583164215088,0.8430037423968315
game8/Clip7,367,101,player_bottom,209.14239501953125,650.785888671875,173.4998321533203,519.9031372070312,244.78497314453125,650.785888671875,0.888209342956543
game8/Clip7,367,100,player_top,733.6524658203125,223.8677215576172,715.999755859375,135.40908813476562,751.3052368164062,223.8677215576172,0.8474748134613037
game8/Clip7,368,101,player_bottom,200.19113159179688,653.4806518554688,164.44808959960938,523.3633422851562,235.93417358398438,653.4806518554688,0.8547242283821106
game8/Clip7,368,100,player_top,730.4420166015625,224.1732177734375,712.4810791015625,134.547607421875,748.4029541015625,224.1732177734375,0.8449011445045471
game8/Clip7,369,101,player_bottom,195.27532958984375,654.5696411132812,159.3497314453125,523.8560791015625,231.20094299316406,654.5696411132812,0.8808853626251221
game8/Clip7,369,100,player_top,727.5020751953125,224.38980102539062,709.7837524414062,136.8524932861328,745.2203979492188,224.38980102539062,0.8272318840026855
game8/Clip7,370,101,player_bottom,192.3536376953125,655.1276245117188,156.0266876220703,521.9957275390625,228.6805877685547,655.1276245117188,0.8707356452941895
game8/Clip7,370,100,player_top,725.5563354492188,224.39813232421875,707.58447265625,136.66844177246094,743.5281982421875,224.39813232421875,0.8208785653114319
game8/Clip7,371,101,player_bottom,192.45685804212417,654.9601258973818,156.18623888170396,521.7416761243666,228.72747761494404,654.9601258973818,0.8689535485731589
game8/Clip7,371,100,player_top,724.461181640625,224.36988830566406,706.442626953125,137.61593627929688,742.479736328125,224.36988830566406,0.8269447088241577
game8/Clip7,372,101,player_bottom,192.5600783889358,654.7926272830448,156.34579014133763,521.4876247096706,228.7743674613334,654.7926272830448,0.8671714518521283
game8/Clip7,372,100,player_top,723.6016845703125,224.47393798828125,705.6761474609375,139.29872131347656,741.5271606445312,224.47393798828125,0.8444346785545349
game8/Clip7,373,101,player_bottom,192.66329873574747,654.6251286687078,156.50534140097128,521.2335732949747,228.82125730772276,654.6251286687078,0.8653893551310977
game8/Clip7,373,100,player_top,723.8662109375,225.22195434570312,705.5536499023438,138.69778442382812,742.1787719726562,225.22195434570312,0.8497409820556641
game8/Clip7,374,101,player_bottom,192.7665190825591,654.4576300543707,156.66489266060495,520.9795218802788,228.8681471541121,654.4576300543707,0.8636072584100671
game8/Clip7,374,100,player_top,723.546142578125,225.62164306640625,705.0354614257812,138.57032775878906,742.0567626953125,225.62164306640625,0.8657759428024292
game8/Clip7,375,101,player_bottom,192.86973942937078,654.2901314400337,156.8244439202386,520.7254704655828,228.91503700050148,654.2901314400337,0.8618251616890366
game8/Clip7,375,100,player_top,722.6126708984375,225.6049346923828,704.173583984375,139.20265197753906,741.0518188476562,225.6049346923828,0.864508867263794
game8/Clip7,376,101,player_bottom,192.97295977618242,654.1226328256968,156.98399517987227,520.4714190508869,228.96192684689083,654.1226328256968,0.860043064968006
game8/Clip7,376,100,player_top,721.50732421875,225.00209045410156,703.5234985351562,140.74412536621094,739.4911499023438,225.00209045410156,0.8484453558921814
game8/Clip7,377,101,player_bottom,193.0761801229941,653.9551342113598,157.1435464395059,520.2173676361908,229.00881669328018,653.9551342113598,0.8582609682469755
game8/Clip7,377,100,player_top,719.2506103515625,224.9454345703125,701.3701782226562,139.80262756347656,737.1310424804688,224.9454345703125,0.8297833204269409
game8/Clip7,378,101,player_bottom,193.17940046980576,653.7876355970228,157.30309769913956,519.9633162214949,229.05570653966956,653.7876355970228,0.8564788715259449
game8/Clip7,378,100,player_top,717.9913330078125,225.26145935058594,700.3739624023438,139.6259002685547,735.6087646484375,225.26145935058594,0.8184998631477356
game8/Clip7,379,101,player_bottom,193.2826208166174,653.6201369826858,157.46264895877323,519.709264806799,229.1025963860589,653.6201369826858,0.8546967748049143
game8/Clip7,379,100,player_top,716.9730224609375,225.70065307617188,699.679443359375,139.67820739746094,734.2666625976562,225.70065307617188,0.8263038992881775
game8/Clip7,380,101,player_bottom,193.38584116342906,653.4526383683489,157.62220021840687,519.455213392103,229.14948623244828,653.4526383683489,0.8529146780838838
game8/Clip7,380,100,player_top,716.440185546875,225.92543029785156,699.5185546875,139.9001922607422,733.36181640625,225.92543029785156,0.8141660690307617
game8/Clip7,381,101,player_bottom,193.4890615102407,653.2851397540119,157.78175147804055,519.2011619774071,229.19637607883763,653.2851397540119,0.8511325813628532
game8/Clip7,381,100,player_top,716.440185546875,225.92543029785156,699.5185546875,139.9001922607422,733.36181640625,225.92543029785156,0.8141660690307617
game8/Clip7,382,101,player_bottom,193.59228185705237,653.1176411396748,157.9413027376742,518.9471105627111,229.24326592522698,653.1176411396748,0.8493504846418226
game8/Clip7,382,100,player_top,716.440185546875,225.92543029785156,699.5185546875,139.9001922607422,733.36181640625,225.92543029785156,0.8141660690307617
game8/Clip7,383,101,player_bottom,193.695502203864,652.9501425253378,158.10085399730787,518.6930591480152,229.29015577161636,652.9501425253378,0.847568387920792
game8/Clip7,383,100,player_top,716.440185546875,225.92543029785156,699.5185546875,139.9001922607422,733.36181640625,225.92543029785156,0.8141660690307617
game8/Clip7,384,101,player_bottom,193.79872255067568,652.7826439110008,158.2604052569415,518.4390077333193,229.3370456180057,652.7826439110008,0.8457862911997615
game8/Clip7,384,100,player_top,716.440185546875,225.92543029785156,699.5185546875,139.9001922607422,733.36181640625,225.92543029785156,0.8141660690307617
game8/Clip7,385,101,player_bottom,193.90194289748734,652.6151452966639,158.41995651657516,518.1849563186233,229.38393546439505,652.6151452966639,0.8440041944787309
game8/Clip7,385,100,player_top,716.440185546875,225.92543029785156,699.5185546875,139.9001922607422,733.36181640625,225.92543029785156,0.8141660690307617
game8/Clip7,386,101,player_bottom,194.00516324429898,652.4476466823269,158.57950777620883,517.9309049039274,229.43082531078443,652.4476466823269,0.8422220977577003
game8/Clip7,386,100,player_top,716.440185546875,225.92543029785156,699.5185546875,139.9001922607422,733.36181640625,225.92543029785156,0.8141660690307617
game8/Clip7,387,101,player_bottom,194.10838359111065,652.2801480679899,158.73905903584247,517.6768534892315,229.47771515717378,652.2801480679899,0.8404400010366697
game8/Clip7,387,100,player_top,716.440185546875,225.92543029785156,699.5185546875,139.9001922607422,733.36181640625,225.92543029785156,0.8141660690307617
game8/Clip7,388,101,player_bottom,194.2116039379223,652.1126494536529,158.89861029547615,517.4228020745355,229.52460500356312,652.1126494536529,0.8386579043156392
game8/Clip7,388,100,player_top,716.440185546875,225.92543029785156,699.5185546875,139.9001922607422,733.36181640625,225.92543029785156,0.8141660690307617
game8/Clip7,389,101,player_bottom,194.31482428473396,651.9451508393158,159.0581615551098,517.1687506598395,229.5714948499525,651.9451508393158,0.8368758075946087
game8/Clip7,389,100,player_top,716.440185546875,225.92543029785156,699.5185546875,139.9001922607422,733.36181640625,225.92543029785156,0.8141660690307617
game8/Clip7,390,101,player_bottom,194.4180446315456,651.7776522249789,159.21771281474346,516.9146992451435,229.61838469634185,651.7776522249789,0.8350937108735781
game8/Clip7,390,100,player_top,716.440185546875,225.92543029785156,699.5185546875,139.9001922607422,733.36181640625,225.92543029785156,0.8141660690307617
game8/Clip7,391,101,player_bottom,194.52126497835727,651.6101536106419,159.3772640743771,516.6606478304476,229.6652745427312,651.6101536106419,0.8333116141525475
game8/Clip7,391,100,player_top,716.440185546875,225.92543029785156,699.5185546875,139.9001922607422,733.36181640625,225.92543029785156,0.8141660690307617
game8/Clip7,392,101,player_bottom,194.6244853251689,651.4426549963049,159.53681533401078,516.4065964157517,229.71216438912057,651.4426549963049,0.8315295174315169
game8/Clip7,392,100,player_top,716.440185546875,225.92543029785156,699.5185546875,139.9001922607422,733.36181640625,225.92543029785156,0.8141660690307617
game8/Clip7,393,101,player_bottom,194.72770567198057,651.2751563819679,159.69636659364443,516.1525450010557,229.75905423550992,651.2751563819679,0.8297474207104863
game8/Clip7,393,100,player_top,716.440185546875,225.92543029785156,699.5185546875,139.9001922607422,733.36181640625,225.92543029785156,0.8141660690307617
game8/Clip7,394,101,player_bottom,194.83092601879224,651.1076577676309,159.85591785327807,515.8984935863598,229.80594408189927,651.1076577676309,0.8279653239894558
game8/Clip7,394,103,player_top,466.16485595703125,175.4584503173828,443.03045654296875,108.03377532958984,489.29925537109375,175.4584503173828,0.8163747191429138
game8/Clip7,395,101,player_bottom,194.93414636560388,650.940159153294,160.01546911291175,515.6444421716639,229.85283392828865,650.940159153294,0.8261832272684252
game8/Clip7,395,100,player_top,716.440185546875,225.92543029785156,699.5185546875,139.9001922607422,733.36181640625,225.92543029785156,0.8141660690307617
game8/Clip7,396,101,player_bottom,195.03736671241555,650.7726605389569,160.1750203725454,515.3903907569679,229.899723774678,650.7726605389569,0.8244011305473946
game8/Clip7,396,100,player_top,716.440185546875,225.92543029785156,699.5185546875,139.9001922607422,733.36181640625,225.92543029785156,0.8141660690307617
game8/Clip7,397,101,player_bottom,195.1405870592272,650.6051619246199,160.33457163217906,515.136339342272,229.94661362106734,650.6051619246199,0.822619033826364
game8/Clip7,397,100,player_top,716.440185546875,225.92543029785156,699.5185546875,139.9001922607422,733.36181640625,225.92543029785156,0.8141660690307617
game8/Clip7,398,101,player_bottom,195.24380740603885,650.4376633102829,160.4941228918127,514.882287927576,229.99350346745672,650.4376633102829,0.8208369371053335
game8/Clip7,398,100,player_top,716.440185546875,225.92543029785156,699.5185546875,139.9001922607422,733.36181640625,225.92543029785156,0.8141660690307617
game8/Clip7,399,101,player_bottom,195.3470277528505,650.2701646959459,160.65367415144638,514.6282365128801,230.04039331384607,650.2701646959459,0.8190548403843029
game8/Clip7,399,100,player_top,716.440185546875,225.92543029785156,699.5185546875,139.9001922607422,733.36181640625,225.92543029785156,0.8141660690307617
game8/Clip7,400,101,player_bottom,195.45024809966216,650.102666081609,160.81322541108003,514.3741850981842,230.08728316023544,650.102666081609,0.8172727436632723
game8/Clip7,400,103,player_top,466.00189208984375,175.33543395996094,441.0010986328125,99.23417663574219,491.0027160644531,175.33543395996094,0.8157065510749817
game8/Clip7,401,101,player_bottom,195.55346844647383,649.935167467272,160.97277667071367,514.1201336834881,230.1341730066248,649.935167467272,0.8154906469422418
game8/Clip7,401,103,player_top,466.0963439941406,175.3531494140625,440.9874267578125,98.11932373046875,491.20526123046875,175.3531494140625,0.8178244829177856
game8/Clip7,402,101,player_bottom,195.65668879328547,649.767668852935,161.13232793034734,513.8660822687922,230.18106285301414,649.767668852935,0.8137085502212112
game8/Clip7,402,103,player_top,466.19921875,175.401123046875,441.2174987792969,97.87068939208984,491.180908203125,175.401123046875,0.8194037079811096
game8/Clip7,403,101,player_bottom,195.75990914009714,649.600170238598,161.291879189981,513.6120308540962,230.22795269940352,649.600170238598,0.8119264535001807
game8/Clip7,403,103,player_top,466.1342468261719,175.44728088378906,441.319091796875,97.70895385742188,490.94940185546875,175.44728088378906,0.8254928588867188
game8/Clip7,404,101,player_bottom,195.86312948690878,649.4326716242609,161.45143044961466,513.3579794394003,230.27484254579286,649.4326716242609,0.8101443567791501
game8/Clip7,404,103,player_top,466.004150390625,175.4477996826172,441.4927978515625,98.01822662353516,490.5154724121094,175.4477996826172,0.8244749307632446
game8/Clip7,405,101,player_bottom,195.96634983372044,649.265173009924,161.6109817092483,513.1039280247044,230.3217323921822,649.265173009924,0.8083622600581195
game8/Clip7,405,103,player_top,465.95465087890625,175.42010498046875,441.5456848144531,97.64116668701172,490.36358642578125,175.42010498046875,0.8248777389526367
game8/Clip7,406,101,player_bottom,196.06957018053208,649.097674395587,161.77053296888198,512.8498766100084,230.3686222385716,649.097674395587,0.8065801633370889
game8/Clip7,406,103,player_top,465.9371643066406,175.41038513183594,441.7645263671875,97.81712341308594,490.10980224609375,175.41038513183594,0.8271275162696838
game8/Clip7,407,101,player_bottom,196.17279052734375,648.93017578125,161.93008422851562,512.5958251953125,230.41551208496094,648.93017578125,0.8047980666160583
game8/Clip7,407,103,player_top,465.96112060546875,175.46514892578125,441.8339538574219,97.42974853515625,490.08831787109375,175.46514892578125,0.8319888114929199
game8/Clip7,408,101,player_bottom,200.28164672851562,649.0620727539062,167.1101531982422,511.98187255859375,233.45314025878906,649.0620727539062,0.8319739699363708
game8/Clip7,408,103,player_top,465.96875,175.49002075195312,441.92535400390625,97.16095733642578,490.01214599609375,175.49002075195312,0.8342398405075073
game8/Clip7,409,101,player_bottom,204.1019287109375,649.4130249023438,172.087158203125,511.5218200683594,236.11668395996094,649.4130249023438,0.8238784074783325
game8/Clip7,409,103,player_top,465.9624938964844,175.49562072753906,442.0108947753906,96.90852355957031,489.9140930175781,175.49562072753906,0.8381248712539673
game8/Clip7,410,101,player_bottom,208.96981811523438,648.8111572265625,177.9954376220703,511.3081970214844,239.9442138671875,648.8111572265625,0.8664733171463013
game8/Clip7,410,103,player_top,465.9525146484375,175.4891357421875,442.06353759765625,96.5567855834961,489.8414611816406,175.4891357421875,0.8389822840690613
game8/Clip7,411,101,player_bottom,214.30831909179688,648.2930297851562,183.80824279785156,510.65283203125,244.80841064453125,648.2930297851562,0.8619524836540222
game8/Clip7,411,103,player_top,465.72467041015625,175.5145263671875,441.72393798828125,95.58699035644531,489.72540283203125,175.5145263671875,0.8288269639015198
game8/Clip7,412,101,player_bottom,219.69183349609375,648.104248046875,189.31072998046875,511.3374328613281,250.07293701171875,648.104248046875,0.8874735832214355
game8/Clip7,412,103,player_top,465.62890625,175.51522827148438,441.54998779296875,94.66539764404297,489.70782470703125,175.51522827148438,0.8332059979438782
game8/Clip7,413,101,player_bottom,223.84390258789062,647.6489868164062,193.151123046875,511.4822998046875,254.5366973876953,647.6489868164062,0.8604077100753784
game8/Clip7,413,103,player_top,465.601318359375,175.5616912841797,441.4527282714844,93.79446411132812,489.74993896484375,175.5616912841797,0.8330689072608948
game8/Clip7,414,101,player_bottom,226.13882446289062,647.5760498046875,195.05641174316406,512.0863647460938,257.2212219238281,647.5760498046875,0.8542773723602295
game8/Clip7,414,103,player_top,465.5574951171875,175.58782958984375,441.56280517578125,93.74345397949219,489.55218505859375,175.58782958984375,0.8387118577957153
game8/Clip7,415,101,player_bottom,227.7758331298828,647.4261474609375,196.21627807617188,512.5572509765625,259.33538818359375,647.4261474609375,0.8754958510398865
game8/Clip7,415,103,player_top,465.53302001953125,175.572265625,441.6448974609375,93.53970336914062,489.4211120605469,175.572265625,0.8333823680877686
game8/Clip7,416,101,player_bottom,229.9104461669922,647.0587768554688,197.55032348632812,512.21484375,262.27056884765625,647.0587768554688,0.8909416198730469
game8/Clip7,416,103,player_top,465.53155517578125,175.59121704101562,441.8061828613281,93.60153198242188,489.25689697265625,175.59121704101562,0.8318626880645752
game8/Clip7,417,101,player_bottom,230.7071533203125,646.7940063476562,197.60865783691406,511.8529968261719,263.8056640625,646.7940063476562,0.8859463930130005
game8/Clip7,417,103,player_top,465.5333251953125,175.57095336914062,441.9579162597656,93.62835693359375,489.1087341308594,175.57095336914062,0.8333622217178345
game8/Clip7,418,101,player_bottom,231.93463134765625,645.7537841796875,198.44541931152344,511.7059326171875,265.423828125,645.7537841796875,0.8804864287376404
game8/Clip7,418,103,player_top,465.5040283203125,175.50440979003906,442.1911926269531,94.08698272705078,488.8168640136719,175.50440979003906,0.8247884511947632
game8/Clip7,419,101,player_bottom,234.2934112548828,644.699951171875,200.4124755859375,510.33349609375,268.1743469238281,644.699951171875,0.8835625052452087
game8/Clip7,419,103,player_top,465.5779113769531,175.50723266601562,442.38775634765625,94.12847900390625,488.76806640625,175.50723266601562,0.8251695036888123
game8/Clip7,420,101,player_bottom,237.03842163085938,644.3953857421875,203.1201934814453,510.0201416015625,270.9566345214844,644.3953857421875,0.8845157623291016
game8/Clip7,420,103,player_top,465.5850524902344,175.53753662109375,442.6164245605469,94.6227798461914,488.5536804199219,175.53753662109375,0.8215624690055847
game8/Clip7,421,101,player_bottom,240.14578247070312,643.6380615234375,206.51255798339844,509.5710754394531,273.7790222167969,643.6380615234375,0.8629785180091858
game8/Clip7,421,103,player_top,465.6983337402344,175.5513153076172,443.0962219238281,95.78461456298828,488.3004455566406,175.5513153076172,0.8302503824234009
game8/Clip8,0,125,player_bottom,543.621826171875,617.5957641601562,510.97967529296875,492.0376281738281,576.2640380859375,617.5957641601562,0.8504175543785095
game8/Clip8,0,126,player_top,801.0357055664062,231.99708557128906,775.7924194335938,165.884765625,826.2789916992188,231.99708557128906,0.8358049392700195
game8/Clip8,1,125,player_bottom,543.621826171875,617.5957641601562,510.97967529296875,492.0376281738281,576.2640380859375,617.5957641601562,0.8504175543785095
game8/Clip8,1,126,player_top,801.0357055664062,231.99708557128906,775.7924194335938,165.884765625,826.2789916992188,231.99708557128906,0.8358049392700195
game8/Clip8,2,125,player_bottom,545.0999145507812,616.3937377929688,512.907470703125,492.6570129394531,577.2923583984375,616.3937377929688,0.8771986961364746
game8/Clip8,2,126,player_top,801.0087280273438,232.11410522460938,775.7276611328125,165.92063903808594,826.289794921875,232.11410522460938,0.824495792388916
game8/Clip8,3,125,player_bottom,546.485595703125,614.9771118164062,514.4198608398438,491.99114990234375,578.5513305664062,614.9771118164062,0.8723058700561523
game8/Clip8,3,126,player_top,800.668212890625,232.10049438476562,775.234619140625,165.51193237304688,826.1018676757812,232.10049438476562,0.8291403651237488
game8/Clip8,4,125,player_bottom,547.9482421875,614.2769165039062,516.0889892578125,492.49786376953125,579.8075561523438,614.2769165039062,0.8058182001113892
game8/Clip8,4,126,player_top,800.6405029296875,232.11512756347656,775.1901245117188,165.48822021484375,826.0909423828125,232.11512756347656,0.8353418111801147
game8/Clip8,5,125,player_bottom,548.5516357421875,613.2560424804688,516.4459228515625,491.1618347167969,580.6573486328125,613.2560424804688,0.8389441967010498
game8/Clip8,5,126,player_top,800.7401123046875,232.01637268066406,775.0381469726562,164.71429443359375,826.4420166015625,232.01637268066406,0.8371444940567017
game8/Clip8,6,125,player_bottom,549.66357421875,612.6259765625,518.089599609375,493.4875793457031,581.237548828125,612.6259765625,0.8024197220802307
game8/Clip8,6,126,player_top,800.5618896484375,232.01034545898438,774.66162109375,164.1230010986328,826.4622192382812,232.01034545898438,0.8284843564033508
game8/Clip8,7,125,player_bottom,550.3590087890625,611.9487915039062,515.2335815429688,479.3768615722656,585.4844970703125,611.9487915039062,0.7873636484146118
game8/Clip8,7,126,player_top,800.465087890625,232.0155487060547,774.515869140625,163.9171600341797,826.4142456054688,232.0155487060547,0.8329771757125854
game8/Clip8,8,125,player_bottom,551.7060546875,611.5614624023438,518.8145751953125,488.54168701171875,584.5975952148438,611.5614624023438,0.7851614952087402
game8/Clip8,8,126,player_top,800.6766357421875,231.9241485595703,774.7900390625,163.90696716308594,826.5631713867188,231.9241485595703,0.8347594738006592
game8/Clip8,9,125,player_bottom,552.9577026367188,611.947509765625,518.9387817382812,484.923095703125,586.9766235351562,611.947509765625,0.8523775339126587
game8/Clip8,9,126,player_top,801.0509643554688,231.97422790527344,775.2689208984375,164.23788452148438,826.8330078125,231.97422790527344,0.8415376543998718
game8/Clip8,10,125,player_bottom,553.880126953125,612.1232299804688,521.366943359375,491.4592590332031,586.3932495117188,612.1232299804688,0.8762258887290955
game8/Clip8,10,126,player_top,801.0621948242188,232.03952026367188,775.2930908203125,164.34226989746094,826.831298828125,232.03952026367188,0.8468766808509827
game8/Clip8,11,125,player_bottom,555.2518310546875,612.2222290039062,523.2529296875,493.3905334472656,587.250732421875,612.2222290039062,0.8644707202911377
game8/Clip8,11,126,player_top,801.0294189453125,232.15504455566406,775.3931274414062,164.81497192382812,826.6656494140625,232.15504455566406,0.8472055792808533
game8/Clip8,12,125,player_bottom,555.7608642578125,612.4331665039062,523.6078491210938,491.8606262207031,587.913818359375,612.4331665039062,0.8701469302177429
game8/Clip8,12,126,player_top,801.00830078125,232.1925506591797,775.4727172851562,165.1010284423828,826.5438842773438,232.1925506591797,0.8432910442352295
game8/Clip8,13,125,player_bottom,555.1361083984375,611.8519287109375,522.6421508789062,488.5184020996094,587.6300048828125,611.8519287109375,0.8717884421348572
game8/Clip8,13,126,player_top,800.9309692382812,232.20138549804688,775.4069213867188,165.13270568847656,826.4550170898438,232.20138549804688,0.8458256721496582
game8/Clip8,14,125,player_bottom,555.985107421875,608.0718383789062,523.5618286132812,482.76690673828125,588.4083251953125,608.0718383789062,0.8663798570632935
game8/Clip8,14,126,player_top,800.7595825195312,232.3360595703125,775.116943359375,164.89212036132812,826.4022216796875,232.3360595703125,0.8464311957359314
game8/Clip8,15,125,player_bottom,560.1464233398438,605.7785034179688,526.5432739257812,472.2491455078125,593.7495727539062,605.7785034179688,0.8362447023391724
game8/Clip8,15,126,player_top,800.57080078125,232.34410095214844,774.7344360351562,164.29037475585938,826.4071655273438,232.34410095214844,0.8456367254257202
game8/Clip8,16,125,player_bottom,563.3124389648438,602.7205200195312,528.826171875,462.4580993652344,597.7987060546875,602.7205200195312,0.8478630781173706
game8/Clip8,16,126,player_top,800.5114135742188,232.3161163330078,774.3467407226562,163.22866821289062,826.6760864257812,232.3161163330078,0.8303244709968567
game8/Clip8,17,125,player_bottom,566.9569091796875,601.1517333984375,532.5564575195312,458.71917724609375,601.3573608398438,601.1517333984375,0.8667839765548706
game8/Clip8,17,126,player_top,800.524169921875,232.31063842773438,774.03271484375,162.10806274414062,827.0155639648438,232.31063842773438,0.8303816318511963
game8/Clip8,18,125,player_bottom,570.791015625,599.96484375,537.5635375976562,460.3006896972656,604.0184936523438,599.96484375,0.7888466119766235
game8/Clip8,18,126,player_top,800.22021484375,232.324462890625,773.6885986328125,161.71707153320312,826.7518310546875,232.324462890625,0.8401013612747192
game8/Clip8,19,125,player_bottom,571.8488159179688,598.7034301757812,541.5546875,470.8569030761719,602.1429443359375,598.7034301757812,0.8792465925216675
game8/Clip8,19,126,player_top,799.41796875,232.30111694335938,772.7192993164062,161.14064025878906,826.11669921875,232.30111694335938,0.8292343616485596
game8/Clip8,20,125,player_bottom,570.7591552734375,596.9320068359375,542.5432739257812,477.54705810546875,598.9750366210938,596.9320068359375,0.8883318901062012
game8/Clip8,20,126,player_top,797.6096801757812,232.35733032226562,770.7824096679688,160.95066833496094,824.4369506835938,232.35733032226562,0.846653401851654
game8/Clip8,21,125,player_bottom,568.7659912109375,595.1043090820312,542.3756713867188,482.8035583496094,595.1563720703125,595.1043090820312,0.8960656523704529
game8/Clip8,21,126,player_top,795.7220458984375,232.78952026367188,768.8034057617188,161.58009338378906,822.6407470703125,232.78952026367188,0.8529328107833862
game8/Clip8,22,125,player_bottom,565.5753173828125,594.7294921875,540.4248657226562,487.15838623046875,590.7257080078125,594.7294921875,0.9014950394630432
game8/Clip8,22,126,player_top,794.7218017578125,233.5968780517578,767.9036254882812,163.10562133789062,821.5399169921875,233.5968780517578,0.8475633859634399
game8/Clip8,23,125,player_bottom,563.0946655273438,594.8187255859375,538.7186279296875,490.06036376953125,587.470703125,594.8187255859375,0.8858324289321899
game8/Clip8,23,126,player_top,794.3045043945312,234.11813354492188,767.6932983398438,164.72198486328125,820.9157104492188,234.11813354492188,0.8530038595199585
game8/Clip8,24,125,player_bottom,562.095703125,594.9359130859375,538.1598510742188,491.642333984375,586.031494140625,594.9359130859375,0.8679460883140564
game8/Clip8,24,126,player_top,794.2825927734375,234.20249938964844,767.741943359375,165.57095336914062,820.8231811523438,234.20249938964844,0.8498241305351257
game8/Clip8,25,125,player_bottom,560.385009765625,595.0927734375,536.4534912109375,492.1867370605469,584.3165283203125,595.0927734375,0.8527227640151978
game8/Clip8,25,126,player_top,794.3870239257812,234.2578582763672,767.6726684570312,165.79542541503906,821.1013793945312,234.2578582763672,0.8487793207168579
game8/Clip8,26,125,player_bottom,557.6611938476562,595.2365112304688,533.1402587890625,491.0290832519531,582.18212890625,595.2365112304688,0.8503627777099609
game8/Clip8,26,126,player_top,795.1383056640625,234.5985870361328,768.0247802734375,165.8567352294922,822.2518920898438,234.5985870361328,0.8436329960823059
game8/Clip8,27,125,player_bottom,556.1890258789062,595.3589477539062,531.0194702148438,489.28106689453125,581.3585815429688,595.3589477539062,0.8468361496925354
game8/Clip8,27,126,player_top,796.1124267578125,234.3627471923828,768.3719482421875,164.9984588623047,823.8528442382812,234.3627471923828,0.8095937967300415
game8/Clip8,28,125,player_bottom,555.4600219726562,595.5139770507812,529.8804321289062,487.9600524902344,581.0396118164062,595.5139770507812,0.8426039814949036
game8/Clip8,28,126,player_top,797.022216796875,233.791259765625,768.95458984375,164.78573608398438,825.0897827148438,233.791259765625,0.8594262599945068
game8/Clip8,29,125,player_bottom,555.594482421875,595.4349365234375,529.6640014648438,486.0641174316406,581.5249633789062,595.4349365234375,0.8436789512634277
game8/Clip8,29,126,player_top,798.1669311523438,234.06427001953125,769.4373779296875,164.50357055664062,826.896484375,234.06427001953125,0.8070821762084961
game8/Clip8,30,125,player_bottom,557.8890991210938,597.0693969726562,531.674560546875,485.34210205078125,584.1036376953125,597.0693969726562,0.8626037240028381
game8/Clip8,30,126,player_top,799.5655517578125,234.62303161621094,770.2451171875,164.61447143554688,828.8859252929688,234.62303161621094,0.7741896510124207
game8/Clip8,31,125,player_bottom,560.3948974609375,597.2963256835938,534.3745727539062,485.09710693359375,586.415283203125,597.2963256835938,0.8737991452217102
game8/Clip8,31,126,player_top,802.8234252929688,235.18603515625,772.61181640625,163.65650939941406,833.0350341796875,235.18603515625,0.768417239189148
game8/Clip8,32,125,player_bottom,560.759765625,598.76123046875,534.2020263671875,485.5932922363281,587.3175659179688,598.76123046875,0.8655220866203308
game8/Clip8,32,126,player_top,805.960693359375,235.43057250976562,775.60888671875,163.74435424804688,836.3125610351562,235.43057250976562,0.7346711754798889
game8/Clip8,33,125,player_bottom,560.8470458984375,600.6015014648438,533.7373657226562,487.0449523925781,587.956787109375,600.6015014648438,0.885197639465332
game8/Clip8,33,74,player_top,205.99578857421875,392.8958740234375,184.15599060058594,324.8123474121094,227.83558654785156,392.8958740234375,0.7258964776992798
game8/Clip8,34,125,player_bottom,560.01513671875,602.1544189453125,532.2891845703125,488.2658996582031,587.7410278320312,602.1544189453125,0.8865151405334473
game8/Clip8,34,126,player_top,809.9291381835938,235.93148803710938,779.2781982421875,163.31735229492188,840.580078125,235.93148803710938,0.7928745746612549
game8/Clip8,35,125,player_bottom,559.5464477539062,605.810546875,530.5435180664062,488.27960205078125,588.5493774414062,605.810546875,0.8898981213569641
game8/Clip8,35,126,player_top,812.6483154296875,236.43492126464844,781.8158569335938,162.32127380371094,843.4808349609375,236.43492126464844,0.8152556419372559
game8/Clip8,36,125,player_bottom,558.79150390625,607.0166015625,529.068603515625,487.61224365234375,588.5144653320312,607.0166015625,0.8826488256454468
game8/Clip8,36,126,player_top,816.5614013671875,236.8750457763672,785.7117919921875,161.7400665283203,847.4110717773438,236.8750457763672,0.8015825748443604
game8/Clip8,37,125,player_bottom,556.4264526367188,607.2225952148438,526.3622436523438,485.9749755859375,586.4906616210938,607.2225952148438,0.8818421363830566
game8/Clip8,37,126,player_top,823.39501953125,237.17628479003906,792.6773071289062,160.58717346191406,854.1127319335938,237.17628479003906,0.8018156290054321
game8/Clip8,38,125,player_bottom,554.1314697265625,607.008056640625,524.2857055664062,485.5867614746094,583.977294921875,607.008056640625,0.8694602251052856
game8/Clip8,38,126,player_top,829.6817626953125,237.52525329589844,799.49267578125,160.0962677001953,859.870849609375,237.52525329589844,0.8195624947547913
game8/Clip8,39,125,player_bottom,551.5791015625,607.4296264648438,521.8968505859375,485.3447570800781,581.2612915039062,607.4296264648438,0.8606611490249634
game8/Clip8,39,126,player_top,834.2865600585938,238.7891845703125,804.3495483398438,158.53184509277344,864.2235717773438,238.7891845703125,0.8031219244003296
game8/Clip8,40,125,player_bottom,548.50927734375,608.8406982421875,518.779052734375,485.459716796875,578.239501953125,608.8406982421875,0.8568956255912781
game8/Clip8,40,126,player_top,837.877685546875,240.84112548828125,809.1112060546875,159.10267639160156,866.6441040039062,240.84112548828125,0.7585130333900452
game8/Clip8,41,125,player_bottom,543.408935546875,612.3555908203125,513.3162841796875,487.1947326660156,573.5015258789062,612.3555908203125,0.8536033034324646
game8/Clip8,41,74,player_top,205.99578857421875,392.8958740234375,184.15599060058594,324.8123474121094,227.83558654785156,392.8958740234375,0.7258964776992798
game8/Clip8,42,125,player_bottom,538.6200561523438,617.9021606445312,507.63970947265625,489.6391906738281,569.6004028320312,617.9021606445312,0.8914194107055664
game8/Clip8,42,126,player_top,844.840576171875,242.55018615722656,819.05908203125,160.89305114746094,870.6220703125,242.55018615722656,0.755551815032959
game8/Clip8,43,125,player_bottom,532.3140869140625,622.131591796875,500.89971923828125,493.54681396484375,563.728515625,622.131591796875,0.8896564245223999
game8/Clip8,43,74,player_top,205.99578857421875,392.8958740234375,184.15599060058594,324.8123474121094,227.83558654785156,392.8958740234375,0.7258964776992798
game8/Clip8,44,125,player_bottom,527.4517211914062,625.2267456054688,495.85894775390625,498.5465087890625,559.0444946289062,625.2267456054688,0.8834152221679688
game8/Clip8,44,126,player_top,851.70263671875,244.12355041503906,827.5485229492188,161.68568420410156,875.856689453125,244.12355041503906,0.7669251561164856
game8/Clip8,45,125,player_bottom,523.0075073242188,627.2197875976562,491.07293701171875,503.0987243652344,554.9420776367188,627.2197875976562,0.8941292762756348
game8/Clip8,45,126,player_top,856.1088256835938,244.6836700439453,832.7780151367188,163.98867797851562,879.4396362304688,244.6836700439453,0.7990472316741943
game8/Clip8,46,125,player_bottom,521.1935424804688,627.998291015625,488.823974609375,506.0033874511719,553.5631103515625,627.998291015625,0.9074745178222656
game8/Clip8,46,126,player_top,859.7646484375,245.062255859375,837.0009155273438,166.18746948242188,882.5283203125,245.062255859375,0.7998950481414795
game8/Clip8,47,125,player_bottom,520.8313598632812,628.0601196289062,487.6689147949219,506.4315490722656,553.9937744140625,628.0601196289062,0.8968106508255005
game8/Clip8,47,126,player_top,862.3846435546875,244.9385528564453,840.2439575195312,168.12750244140625,884.5252685546875,244.9385528564453,0.7515855431556702
game8/Clip8,48,125,player_bottom,521.0399780273438,627.7684936523438,486.6788024902344,504.7373046875,555.401123046875,627.7684936523438,0.8863420486450195
game8/Clip8,48,126,player_top,864.138671875,245.30946350097656,842.3651123046875,169.47996520996094,885.9122314453125,245.30946350097656,0.7468177080154419
game8/Clip8,49,125,player_bottom,518.42138671875,627.2584838867188,483.4259948730469,503.6660461425781,553.4168090820312,627.2584838867188,0.8718041777610779
game8/Clip8,49,126,player_top,866.0642700195312,245.76942443847656,844.46435546875,169.80609130859375,887.6641845703125,245.76942443847656,0.7833603620529175
game8/Clip8,50,125,player_bottom,508.9014587402344,626.5926513671875,473.82147216796875,502.00250244140625,543.9814453125,626.5926513671875,0.8709775805473328
game8/Clip8,50,126,player_top,866.8692626953125,246.01907348632812,845.548828125,170.39385986328125,888.189697265625,246.01907348632812,0.775022029876709
game8/Clip8,51,125,player_bottom,496.8919372558594,625.4823608398438,462.6173095703125,501.1565246582031,531.1665649414062,625.4823608398438,0.8429408669471741
game8/Clip8,51,126,player_top,866.8304443359375,246.39288330078125,845.5758666992188,170.476806640625,888.0850830078125,246.39288330078125,0.7677299380302429
game8/Clip8,52,125,player_bottom,487.2669982910156,625.29345703125,453.7672119140625,500.75103759765625,520.7667846679688,625.29345703125,0.8725646734237671
game8/Clip8,52,126,player_top,866.683349609375,246.4744873046875,845.7202758789062,171.4152374267578,887.6464233398438,246.4744873046875,0.7665175199508667
game8/Clip8,53,125,player_bottom,478.9747314453125,626.8836059570312,445.817138671875,501.18157958984375,512.13232421875,626.8836059570312,0.8618646860122681
game8/Clip8,53,126,player_top,865.449462890625,246.47271728515625,844.4857177734375,171.63739013671875,886.4131469726562,246.47271728515625,0.7498937249183655
game8/Clip8,54,125,player_bottom,471.202392578125,628.7742309570312,439.1725158691406,503.55548095703125,503.2322998046875,628.7742309570312,0.8633230328559875
game8/Clip8,54,126,player_top,863.388916015625,246.66763305664062,841.687744140625,169.75193786621094,885.090087890625,246.66763305664062,0.7608100175857544
game8/Clip8,55,125,player_bottom,461.03680419921875,629.5231323242188,429.94525146484375,504.3012390136719,492.1283874511719,629.5231323242188,0.8622498512268066
game8/Clip8,55,74,player_top,205.99578857421875,392.8958740234375,184.15599060058594,324.8123474121094,227.83558654785156,392.8958740234375,0.7258964776992798
game8/Clip8,56,125,player_bottom,452.5604553222656,629.4962768554688,422.22418212890625,504.8317565917969,482.896728515625,629.4962768554688,0.849673330783844
game8/Clip8,56,74,player_top,205.99578857421875,392.8958740234375,184.15599060058594,324.8123474121094,227.83558654785156,392.8958740234375,0.7258964776992798
game8/Clip8,57,125,player_bottom,445.966796875,629.3577270507812,416.0572509765625,504.4781799316406,475.8763122558594,629.3577270507812,0.8537686467170715
game8/Clip8,57,74,player_top,205.99578857421875,392.8958740234375,184.15599060058594,324.8123474121094,227.83558654785156,392.8958740234375,0.7258964776992798
game8/Clip8,58,125,player_bottom,441.4483947753906,629.1661376953125,411.9962158203125,505.53973388671875,470.90057373046875,629.1661376953125,0.8328831791877747
game8/Clip8,58,126,player_top,846.3653564453125,246.7302703857422,825.1069946289062,166.73130798339844,867.623779296875,246.7302703857422,0.761902391910553
game8/Clip8,59,125,player_bottom,435.7986145019531,629.2918701171875,405.5848693847656,504.5440673828125,466.0123596191406,629.2918701171875,0.8416823744773865
game8/Clip8,59,126,player_top,841.394775390625,246.36312866210938,820.7804565429688,166.40951538085938,862.009033203125,246.36312866210938,0.7626609802246094
game8/Clip8,60,125,player_bottom,430.7337646484375,628.9908447265625,399.58709716796875,504.24114990234375,461.8804016113281,628.9908447265625,0.8477041125297546
game8/Clip8,60,126,player_top,837.162109375,245.780517578125,817.411376953125,167.03573608398438,856.912841796875,245.780517578125,0.7842453122138977
game8/Clip8,61,125,player_bottom,426.91436767578125,628.311279296875,395.474365234375,504.8091735839844,458.3543701171875,628.311279296875,0.8692534565925598
game8/Clip8,61,126,player_top,832.1371459960938,247.02305603027344,812.8658447265625,167.5681610107422,851.408447265625,247.02305603027344,0.754547655582428
game8/Clip8,62,125,player_bottom,422.0050048828125,626.7987060546875,390.2335510253906,504.8634338378906,453.7764892578125,626.7987060546875,0.8550931811332703
game8/Clip8,62,126,player_top,828.956787109375,247.0556182861328,810.3499755859375,168.76548767089844,847.5636596679688,247.0556182861328,0.7645899653434753
game8/Clip8,63,125,player_bottom,414.8133850097656,625.1369018554688,382.50701904296875,504.254150390625,447.1197509765625,625.1369018554688,0.8369463682174683
game8/Clip8,63,126,player_top,824.3956298828125,245.897216796875,806.1336669921875,169.5507354736328,842.6575317382812,245.897216796875,0.7504075765609741
game8/Clip8,64,125,player_bottom,413.0513916015625,624.7512817382812,380.32958984375,502.7882385253906,445.773193359375,624.7512817382812,0.8390138149261475
game8/Clip8,64,126,player_top,817.9276733398438,246.05702209472656,798.6869506835938,168.00567626953125,837.1683959960938,246.05702209472656,0.7906937003135681
game8/Clip8,65,125,player_bottom,408.38836669921875,622.6400146484375,375.3364562988281,500.7183532714844,441.4402770996094,622.6400146484375,0.8237822651863098
game8/Clip8,65,126,player_top,814.8056640625,246.9054412841797,794.3878173828125,166.49563598632812,835.2234497070312,246.9054412841797,0.8073604702949524
game8/Clip8,66,125,player_bottom,406.8505859375,619.8930053710938,374.1576232910156,498.3266906738281,439.5435485839844,619.8930053710938,0.8311770558357239
game8/Clip8,66,74,player_top,205.99578857421875,392.8958740234375,184.15599060058594,324.8123474121094,227.83558654785156,392.8958740234375,0.7258964776992798
game8/Clip8,67,125,player_bottom,403.746826171875,617.0657958984375,371.6982421875,496.381103515625,435.7954406738281,617.0657958984375,0.8315649628639221
game8/Clip8,67,126,player_top,803.602783203125,245.68637084960938,784.0555419921875,165.79478454589844,823.1500854492188,245.68637084960938,0.7632185220718384
game8/Clip8,68,125,player_bottom,401.26092529296875,616.1840209960938,369.2620849609375,493.79351806640625,433.259765625,616.1840209960938,0.8330777287483215
game8/Clip8,68,126,player_top,798.5294799804688,245.9814453125,779.520263671875,166.3525390625,817.5386962890625,245.9814453125,0.7605594992637634
game8/Clip8,69,125,player_bottom,396.632080078125,615.4495239257812,364.97222900390625,491.99310302734375,428.2919616699219,615.4495239257812,0.8416442275047302
game8/Clip8,69,126,player_top,793.53857421875,245.91537475585938,775.1966552734375,167.10682678222656,811.8804321289062,245.91537475585938,0.7885592579841614
game8/Clip8,70,125,player_bottom,391.9977722167969,615.2973022460938,360.7658386230469,490.4827880859375,423.2297058105469,615.2973022460938,0.7659662961959839
game8/Clip8,70,126,player_top,787.7996215820312,247.27215576171875,770.1399536132812,169.857177734375,805.4592895507812,247.27215576171875,0.7897645235061646
game8/Clip8,71,125,player_bottom,386.17559814453125,614.7249145507812,355.7358093261719,488.74273681640625,416.6153869628906,614.7249145507812,0.7359553575515747
game8/Clip8,71,126,player_top,782.11279296875,248.04998779296875,764.6135864257812,171.5030059814453,799.6119384765625,248.04998779296875,0.7955621480941772
game8/Clip8,72,125,player_bottom,384.1750183105469,614.81787109375,354.2371520996094,487.8699951171875,414.1128845214844,614.81787109375,0.7186177968978882
game8/Clip8,72,126,player_top,775.9564208984375,248.48379516601562,758.1149291992188,172.6100311279297,793.7979736328125,248.48379516601562,0.8292325735092163
game8/Clip8,73,125,player_bottom,381.0309753417969,615.5403442382812,351.4924011230469,487.5950012207031,410.5695495605469,615.5403442382812,0.8028724193572998
game8/Clip8,73,126,player_top,771.339111328125,248.42007446289062,752.7024536132812,172.46798706054688,789.9757080078125,248.42007446289062,0.8604252338409424
game8/Clip8,74,125,player_bottom,376.79913330078125,615.613525390625,347.1548767089844,488.1781311035156,406.4433898925781,615.613525390625,0.8241687417030334
game8/Clip8,74,126,player_top,768.9423828125,248.4185333251953,749.23046875,171.24758911132812,788.654296875,248.4185333251953,0.855324923992157
game8/Clip8,75,125,player_bottom,372.01983642578125,615.8013916015625,341.9037780761719,490.4220886230469,402.1358947753906,615.8013916015625,0.817103385925293
game8/Clip8,75,126,player_top,766.93701171875,247.35411071777344,746.276611328125,169.4361572265625,787.597412109375,247.35411071777344,0.826654314994812
game8/Clip8,76,125,player_bottom,367.8546142578125,616.9109497070312,336.9811706542969,493.12939453125,398.72808837890625,616.9109497070312,0.833000898361206
game8/Clip8,76,126,player_top,762.6327514648438,245.54354858398438,741.6519165039062,169.02279663085938,783.6135864257812,245.54354858398438,0.7931632995605469
game8/Clip8,77,125,player_bottom,364.4427490234375,619.2378540039062,332.9648742675781,498.05401611328125,395.9206237792969,619.2378540039062,0.846180260181427
game8/Clip8,77,126,player_top,754.702880859375,244.1070556640625,733.74658203125,168.64590454101562,775.6591796875,244.1070556640625,0.774760365486145
game8/Clip8,78,125,player_bottom,362.22344970703125,621.0850830078125,330.5132751464844,504.0694580078125,393.9336242675781,621.0850830078125,0.8281481266021729
game8/Clip8,78,126,player_top,745.7203369140625,243.03237915039062,725.1898803710938,169.4896240234375,766.2507934570312,243.03237915039062,0.8182790875434875
game8/Clip8,79,125,player_bottom,362.5302734375,622.3792724609375,330.1793518066406,507.9872741699219,394.8812255859375,622.3792724609375,0.8560705780982971
game8/Clip8,79,126,player_top,737.446533203125,242.8607177734375,717.0232543945312,169.6708984375,757.8697509765625,242.8607177734375,0.8060977458953857
game8/Clip8,80,125,player_bottom,363.4279479980469,622.526123046875,330.1343078613281,509.56976318359375,396.7215881347656,622.526123046875,0.8549718856811523
game8/Clip8,80,126,player_top,732.0760498046875,242.4600830078125,711.5195922851562,169.99314880371094,752.6324462890625,242.4600830078125,0.7989316582679749
game8/Clip8,81,125,player_bottom,364.30670166015625,622.145751953125,329.5215759277344,508.1827697753906,399.091796875,622.145751953125,0.8784914612770081
game8/Clip8,81,126,player_top,727.33056640625,240.75804138183594,706.5245971679688,169.3076171875,748.136474609375,240.75804138183594,0.7987149953842163
game8/Clip8,82,125,player_bottom,365.8188781738281,620.9906005859375,329.3692321777344,505.4444885253906,402.2685241699219,620.9906005859375,0.8736130595207214
game8/Clip8,82,126,player_top,721.5538330078125,242.83389282226562,699.7180786132812,169.44607543945312,743.3895874023438,242.83389282226562,0.8016074299812317
game8/Clip8,83,125,player_bottom,365.0760192871094,618.1216430664062,327.8710021972656,502.4667663574219,402.2810363769531,618.1216430664062,0.7575471997261047
game8/Clip8,83,126,player_top,714.5955200195312,243.74005126953125,691.9007568359375,169.89109802246094,737.290283203125,243.74005126953125,0.7773454189300537
game8/Clip8,84,125,player_bottom,373.0099792480469,615.057373046875,334.82916259765625,499.1451721191406,411.1907958984375,615.057373046875,0.8751224875450134
game8/Clip8,84,126,player_top,706.8228759765625,244.6984100341797,683.6357421875,170.9114990234375,730.0099487304688,244.6984100341797,0.8223857879638672
game8/Clip8,85,125,player_bottom,380.2495422363281,614.0239868164062,341.4792785644531,498.2603759765625,419.0198059082031,614.0239868164062,0.882615864276886
game8/Clip8,85,74,player_top,205.99578857421875,392.8958740234375,184.15599060058594,324.8123474121094,227.83558654785156,392.8958740234375,0.7258964776992798
game8/Clip8,86,125,player_bottom,389.05438232421875,614.3060302734375,350.05096435546875,497.791748046875,428.05780029296875,614.3060302734375,0.8720131516456604
game8/Clip8,86,126,player_top,687.9404296875,246.5685577392578,665.3527221679688,174.16891479492188,710.5281982421875,246.5685577392578,0.7918165922164917
game8/Clip8,87,125,player_bottom,399.65509033203125,614.5796508789062,360.7968444824219,496.63525390625,438.51336669921875,614.5796508789062,0.8665971159934998
game8/Clip8,87,126,player_top,680.586181640625,246.6510467529297,658.999267578125,175.8507080078125,702.173095703125,246.6510467529297,0.7764163017272949
game8/Clip8,88,125,player_bottom,406.6933288574219,613.1742553710938,368.03240966796875,494.1830749511719,445.354248046875,613.1742553710938,0.882402777671814
game8/Clip8,88,126,player_top,671.3092041015625,247.19215393066406,649.6235961914062,175.89193725585938,692.994873046875,247.19215393066406,0.800868809223175
game8/Clip8,89,125,player_bottom,414.20550537109375,611.8287353515625,375.6807556152344,492.4732666015625,452.730224609375,611.8287353515625,0.8713875412940979
game8/Clip8,89,126,player_top,665.08642578125,246.1328125,644.0144653320312,177.91384887695312,686.1583862304688,246.1328125,0.788995623588562
game8/Clip8,90,125,player_bottom,421.93621826171875,608.4194946289062,384.1856689453125,491.22149658203125,459.686767578125,608.4194946289062,0.8810746669769287
game8/Clip8,90,126,player_top,658.3154296875,245.370361328125,636.8452758789062,176.6682891845703,679.78564453125,245.370361328125,0.7937576174736023
game8/Clip8,91,125,player_bottom,431.7319641113281,607.1785888671875,394.7448425292969,491.0749206542969,468.7190856933594,607.1785888671875,0.8835811614990234
game8/Clip8,91,126,player_top,652.36572265625,245.44952392578125,630.0941162109375,174.64620971679688,674.6373291015625,245.44952392578125,0.8358973860740662
game8/Clip8,92,125,player_bottom,442.42681884765625,608.288330078125,406.12567138671875,491.83233642578125,478.7279968261719,608.288330078125,0.8511995077133179
game8/Clip8,92,126,player_top,641.8410034179688,246.29917907714844,618.4302368164062,172.93788146972656,665.2517700195312,246.29917907714844,0.7992865443229675
game8/Clip8,93,125,player_bottom,453.6673889160156,608.0628662109375,419.29437255859375,494.3952331542969,488.0404052734375,608.0628662109375,0.8513918519020081
game8/Clip8,93,126,player_top,634.2353515625,246.74691772460938,610.5623779296875,173.42715454101562,657.9083251953125,246.74691772460938,0.7848824262619019
game8/Clip8,94,125,player_bottom,461.1190185546875,608.3546142578125,427.59539794921875,495.2962951660156,494.64263916015625,608.3546142578125,0.8625243902206421
game8/Clip8,94,74,player_top,205.99578857421875,392.8958740234375,184.15599060058594,324.8123474121094,227.83558654785156,392.8958740234375,0.7258964776992798
game8/Clip8,95,125,player_bottom,470.00531005859375,609.1768798828125,436.4544677734375,495.4752502441406,503.55615234375,609.1768798828125,0.8768437504768372
game8/Clip8,95,126,player_top,627.519775390625,249.27809143066406,606.0286865234375,182.09854125976562,649.0109252929688,249.27809143066406,0.7779966592788696
game8/Clip8,96,125,player_bottom,480.13336181640625,609.6860961914062,445.35540771484375,494.190185546875,514.9113159179688,609.6860961914062,0.8817509412765503
game8/Clip8,96,126,player_top,624.0938720703125,248.51010131835938,603.853759765625,185.0385284423828,644.333984375,248.51010131835938,0.7714970111846924
game8/Clip8,97,125,player_bottom,488.29833984375,610.1201782226562,452.0804138183594,492.56536865234375,524.5162963867188,610.1201782226562,0.8704968094825745
game8/Clip8,97,126,player_top,619.5091552734375,249.70448303222656,599.6433715820312,187.23524475097656,639.3748779296875,249.70448303222656,0.7856618762016296
game8/Clip8,98,125,player_bottom,494.74652099609375,611.2803344726562,457.41448974609375,491.06378173828125,532.0785522460938,611.2803344726562,0.8698121309280396
game8/Clip8,98,126,player_top,613.8055419921875,252.945556640625,592.7454833984375,187.73956298828125,634.8656005859375,252.945556640625,0.8486130833625793
game8/Clip8,99,125,player_bottom,501.3663024902344,611.5914306640625,463.9971923828125,490.2994689941406,538.7354125976562,611.5914306640625,0.8669368028640747
game8/Clip8,99,126,player_top,609.9326171875,254.33682250976562,587.9987182617188,187.5047607421875,631.866455078125,254.33682250976562,0.839611828327179
game8/Clip8,100,125,player_bottom,511.169189453125,611.5693359375,473.8886413574219,488.8116455078125,548.4497680664062,611.5693359375,0.8809118270874023
game8/Clip8,100,126,player_top,606.8951416015625,255.06260681152344,584.1945190429688,187.12835693359375,629.5957641601562,255.06260681152344,0.8399369120597839
game8/Clip8,101,125,player_bottom,522.312744140625,610.8397216796875,485.441162109375,486.1801452636719,559.1843872070312,610.8397216796875,0.8880427479743958
game8/Clip8,101,126,player_top,603.810546875,256.495361328125,580.0396728515625,186.38473510742188,627.5813598632812,256.495361328125,0.8538658618927002
game8/Clip8,102,125,player_bottom,534.6427001953125,611.0189819335938,498.4373779296875,484.1163024902344,570.8479614257812,611.0189819335938,0.8688430190086365
game8/Clip8,102,126,player_top,601.2363891601562,257.5933532714844,576.674560546875,186.08901977539062,625.7982177734375,257.5933532714844,0.8557804226875305
game8/Clip8,103,125,player_bottom,543.8052978515625,611.4197998046875,508.53955078125,483.3828125,579.0711059570312,611.4197998046875,0.868216335773468
game8/Clip8,103,126,player_top,598.8717041015625,258.674072265625,573.8192749023438,185.92970275878906,623.9241333007812,258.674072265625,0.8553524017333984
game8/Clip8,104,125,player_bottom,552.6775512695312,612.685302734375,518.190185546875,483.35943603515625,587.1649169921875,612.685302734375,0.8578184247016907
game8/Clip8,104,126,player_top,595.674072265625,259.1824951171875,570.4805297851562,186.47206115722656,620.86767578125,259.1824951171875,0.821483850479126
game8/Clip8,105,125,player_bottom,560.9705810546875,612.6599731445312,527.853271484375,484.7827453613281,594.087890625,612.6599731445312,0.847643256187439
game8/Clip8,105,126,player_top,589.1424560546875,259.1337585449219,564.1596069335938,187.92201232910156,614.1253662109375,259.1337585449219,0.8071836829185486
game8/Clip8,106,125,player_bottom,570.665283203125,614.4832153320312,538.1896362304688,486.5460205078125,603.1409301757812,614.4832153320312,0.8499929904937744
game8/Clip8,106,126,player_top,583.229248046875,259.2389221191406,558.6590576171875,188.52589416503906,607.7994995117188,259.2389221191406,0.7569543719291687
game8/Clip8,107,125,player_bottom,577.3262939453125,616.8682250976562,546.0794677734375,490.804931640625,608.5730590820312,616.8682250976562,0.8632697463035583
game8/Clip8,107,126,player_top,577.8592529296875,259.43511962890625,553.402587890625,188.4261932373047,602.3158569335938,259.43511962890625,0.8045917749404907
game8/Clip8,108,125,player_bottom,587.394775390625,620.4743041992188,556.3987426757812,496.0911865234375,618.390869140625,620.4743041992188,0.8387019634246826
game8/Clip8,108,126,player_top,573.4254150390625,259.49267578125,548.177734375,185.3116455078125,598.673095703125,259.49267578125,0.7720523476600647
game8/Clip8,109,125,player_bottom,597.0420532226562,621.81787109375,565.7852783203125,500.7269287109375,628.298828125,621.81787109375,0.8733540177345276
game8/Clip8,109,126,player_top,569.8914794921875,259.3528747558594,544.3455810546875,183.38426208496094,595.4373168945312,259.3528747558594,0.7814550995826721
game8/Clip8,110,125,player_bottom,605.9319458007812,623.1674194335938,573.3822631835938,503.8987121582031,638.4816284179688,623.1674194335938,0.8912872076034546
game8/Clip8,110,126,player_top,567.4131469726562,259.1655578613281,541.975830078125,183.04953002929688,592.8504638671875,259.1655578613281,0.8565728664398193
game8/Clip8,111,125,player_bottom,611.4703369140625,625.0970458984375,577.08642578125,506.0375671386719,645.8543090820312,625.0970458984375,0.8979474306106567
game8/Clip8,111,126,player_top,564.1574096679688,258.92169189453125,538.2527465820312,181.21188354492188,590.0620727539062,258.92169189453125,0.8782716393470764
game8/Clip8,112,125,player_bottom,614.0086669921875,625.9658813476562,578.3488159179688,507.975341796875,649.6685180664062,625.9658813476562,0.8907893896102905
game8/Clip8,112,126,player_top,560.8656005859375,258.7195129394531,533.2720336914062,175.87240600585938,588.4591064453125,258.7195129394531,0.8704995512962341
game8/Clip8,113,125,player_bottom,619.7243041992188,626.6270751953125,583.7316284179688,509.6952209472656,655.7169799804688,626.6270751953125,0.8794859051704407
game8/Clip8,113,126,player_top,558.1572265625,258.6813659667969,530.7007446289062,176.67010498046875,585.6136474609375,258.6813659667969,0.8707613348960876
game8/Clip8,114,125,player_bottom,630.9173583984375,626.7069091796875,595.1842041015625,511.2671203613281,666.6505737304688,626.7069091796875,0.8106347918510437
game8/Clip8,114,126,player_top,556.3009033203125,257.76470947265625,529.0350952148438,176.65383911132812,583.5667114257812,257.76470947265625,0.8694195747375488
game8/Clip8,115,125,player_bottom,646.0709228515625,626.4443969726562,610.8390502929688,511.6870422363281,681.3027954101562,626.4443969726562,0.7848969101905823
game8/Clip8,115,126,player_top,554.7070922851562,256.2331237792969,527.5703735351562,175.92222595214844,581.8438110351562,256.2331237792969,0.8774251341819763
game8/Clip8,116,125,player_bottom,661.4322509765625,626.5971069335938,626.9014892578125,511.48614501953125,695.9630737304688,626.5971069335938,0.8246512413024902
game8/Clip8,116,126,player_top,553.33447265625,254.39805603027344,526.2337646484375,173.79649353027344,580.4351196289062,254.39805603027344,0.8549207448959351
game8/Clip8,117,125,player_bottom,671.13671875,626.7017211914062,636.2156372070312,509.7288818359375,706.0577392578125,626.7017211914062,0.8750860095024109
game8/Clip8,117,126,player_top,551.9024658203125,253.25942993164062,525.0675659179688,172.32437133789062,578.7374267578125,253.25942993164062,0.8395750522613525
game8/Clip8,118,125,player_bottom,677.7142944335938,626.1666259765625,641.9703979492188,506.370361328125,713.4581909179688,626.1666259765625,0.818822979927063
game8/Clip8,118,126,player_top,549.6614379882812,252.6016082763672,523.27734375,171.2965850830078,576.0455322265625,252.6016082763672,0.8376262784004211
game8/Clip8,119,125,player_bottom,689.7689208984375,621.80859375,654.1420288085938,503.0562744140625,725.395751953125,621.80859375,0.8240708708763123
game8/Clip8,119,126,player_top,547.8590087890625,251.76800537109375,522.03466796875,170.28271484375,573.683349609375,251.76800537109375,0.8469438552856445
game8/Clip8,120,125,player_bottom,696.4202880859375,619.9573364257812,660.89306640625,499.96942138671875,731.9474487304688,619.9573364257812,0.8455164432525635
game8/Clip8,120,126,player_top,546.582275390625,250.4510040283203,521.584716796875,169.8664093017578,571.5798950195312,250.4510040283203,0.8550001382827759
game8/Clip8,121,125,player_bottom,708.356689453125,619.3179321289062,672.9479370117188,497.551025390625,743.7654418945312,619.3179321289062,0.7896590232849121
game8/Clip8,121,126,player_top,545.2227783203125,250.1692657470703,520.67724609375,169.94064331054688,569.768310546875,250.1692657470703,0.8710394501686096
game8/Clip8,122,125,player_bottom,723.898193359375,619.4419555664062,689.20703125,496.71337890625,758.58935546875,619.4419555664062,0.8257078528404236
game8/Clip8,122,126,player_top,544.9833984375,249.9240264892578,521.0855102539062,171.02101135253906,568.88134765625,249.9240264892578,0.8646491169929504
game8/Clip8,123,125,player_bottom,736.9903564453125,621.36328125,702.5371704101562,496.36968994140625,771.4435424804688,621.36328125,0.8518797159194946
game8/Clip8,123,126,player_top,544.8564453125,250.17100524902344,521.2316284179688,171.6157684326172,568.481201171875,250.17100524902344,0.8581380248069763
game8/Clip8,124,125,player_bottom,748.0435180664062,622.5692749023438,714.1895751953125,496.95458984375,781.8974609375,622.5692749023438,0.864447295665741
game8/Clip8,124,126,player_top,545.0076904296875,250.16397094726562,521.5525512695312,171.7174072265625,568.462890625,250.16397094726562,0.8576299548149109
game8/Clip8,125,125,player_bottom,757.134033203125,622.7494506835938,723.622802734375,496.2274475097656,790.645263671875,622.7494506835938,0.8714892864227295
game8/Clip8,125,126,player_top,545.4075317382812,250.17648315429688,521.9618530273438,171.49349975585938,568.8532104492188,250.17648315429688,0.8670582175254822
game8/Clip8,126,125,player_bottom,764.3970947265625,622.85009765625,730.7246704101562,495.30621337890625,798.069580078125,622.85009765625,0.8517224192619324
game8/Clip8,126,126,player_top,545.8384399414062,250.2797393798828,522.325439453125,171.07936096191406,569.3514404296875,250.2797393798828,0.8664221167564392
game8/Clip8,127,125,player_bottom,771.9312744140625,622.3838500976562,737.59716796875,493.9649353027344,806.2653198242188,622.3838500976562,0.8691069483757019
game8/Clip8,127,126,player_top,546.096435546875,249.60498046875,522.615234375,170.0397491455078,569.57763671875,249.60498046875,0.8450610041618347
game8/Clip8,128,125,player_bottom,779.8220825195312,619.5335083007812,741.392578125,474.0428466796875,818.2515869140625,619.5335083007812,0.7845442891120911
game8/Clip8,128,126,player_top,547.3055419921875,248.6700439453125,524.1122436523438,169.23117065429688,570.498779296875,248.6700439453125,0.8473260402679443
game8/Clip8,129,125,player_bottom,789.76318359375,611.0527954101562,753.214111328125,473.12030029296875,826.3121948242188,611.0527954101562,0.7908522486686707
game8/Clip8,129,126,player_top,549.9058837890625,247.75375366210938,527.1397705078125,168.74334716796875,572.6719970703125,247.75375366210938,0.8419269919395447
game8/Clip8,130,125,player_bottom,803.2837524414062,606.0737915039062,770.3558959960938,483.90399169921875,836.2116088867188,606.0737915039062,0.8310672044754028
game8/Clip8,130,126,player_top,554.1544189453125,246.00439453125,532.0571899414062,167.46701049804688,576.2516479492188,246.00439453125,0.8147843480110168
game8/Clip8,131,125,player_bottom,814.1201171875,602.7947387695312,783.1012573242188,488.1140441894531,845.1390380859375,602.7947387695312,0.8468515872955322
game8/Clip8,131,126,player_top,558.6207275390625,244.1956024169922,537.5553588867188,166.79620361328125,579.6861572265625,244.1956024169922,0.8220445513725281
game8/Clip8,132,125,player_bottom,816.00439453125,601.2697143554688,784.9352416992188,482.3173828125,847.073486328125,601.2697143554688,0.6989172697067261
game8/Clip8,132,126,player_top,561.7769775390625,242.82530212402344,541.6250610351562,166.11444091796875,581.9288940429688,242.82530212402344,0.8068942427635193
game8/Clip8,133,125,player_bottom,823.7425537109375,599.6851806640625,794.3099365234375,484.9967956542969,853.1752319335938,599.6851806640625,0.8518423438072205
game8/Clip8,133,126,player_top,564.977783203125,242.67947387695312,545.5261840820312,166.5395050048828,584.4293212890625,242.67947387695312,0.8080450892448425
game8/Clip8,134,125,player_bottom,833.135009765625,599.37451171875,803.9207153320312,487.51861572265625,862.349365234375,599.37451171875,0.8557512760162354
game8/Clip8,134,126,player_top,567.7073974609375,243.21011352539062,548.81494140625,167.7982177734375,586.5997924804688,243.21011352539062,0.8152563571929932
game8/Clip8,135,125,player_bottom,841.9578857421875,598.7952880859375,811.980224609375,487.3166809082031,871.9356079101562,598.7952880859375,0.8625248670578003
game8/Clip8,135,126,player_top,571.41552734375,244.7449493408203,552.3948974609375,169.0797882080078,590.4360961914062,244.7449493408203,0.8363409042358398
game8/Clip8,136,125,player_bottom,849.347900390625,598.2076416015625,817.8974609375,485.1509094238281,880.7984008789062,598.2076416015625,0.8450148701667786
game8/Clip8,136,126,player_top,573.1173095703125,245.0073699951172,554.5042114257812,171.53057861328125,591.7303466796875,245.0073699951172,0.833830714225769
game8/Clip8,137,125,player_bottom,856.2080078125,595.4539794921875,823.942626953125,483.4552917480469,888.473388671875,595.4539794921875,0.8523008823394775
game8/Clip8,137,126,player_top,573.7838134765625,245.14646911621094,555.3138427734375,172.8328094482422,592.2537231445312,245.14646911621094,0.8220565915107727
game8/Clip8,138,125,player_bottom,863.4844970703125,587.3972778320312,832.2362060546875,482.5556335449219,894.7328491210938,587.3972778320312,0.8824700117111206
game8/Clip8,138,126,player_top,573.9532470703125,245.12567138671875,555.4743041992188,173.44790649414062,592.43212890625,245.12567138671875,0.816340446472168
game8/Clip8,139,125,player_bottom,868.8050537109375,584.2021484375,837.9710693359375,482.261474609375,899.6390380859375,584.2021484375,0.8571724891662598
game8/Clip8,139,126,player_top,573.707763671875,245.1035919189453,555.1105346679688,173.65354919433594,592.3049926757812,245.1035919189453,0.8315394520759583
game8/Clip8,140,125,player_bottom,875.047607421875,582.8067626953125,844.508544921875,481.0926818847656,905.586669921875,582.8067626953125,0.8499780297279358
game8/Clip8,140,126,player_top,573.6531982421875,245.15321350097656,554.9586791992188,173.8146514892578,592.3477783203125,245.15321350097656,0.8352559804916382
game8/Clip8,141,125,player_bottom,878.67431640625,580.7033081054688,848.4613037109375,478.33233642578125,908.8873901367188,580.7033081054688,0.8408104777336121
game8/Clip8,141,126,player_top,573.7415771484375,245.24180603027344,554.8650512695312,173.77474975585938,592.6181030273438,245.24180603027344,0.8398640751838684
game8/Clip8,142,125,player_bottom,882.5316162109375,579.1875,852.4469604492188,475.0867004394531,912.6162719726562,579.1875,0.8468033075332642
game8/Clip8,142,126,player_top,573.822509765625,244.7607421875,554.9334106445312,173.85025024414062,592.7115478515625,244.7607421875,0.8496309518814087
game8/Clip8,143,125,player_bottom,889.0013427734375,578.016357421875,858.1372680664062,469.5694885253906,919.8654174804688,578.016357421875,0.8747214078903198
game8/Clip8,143,126,player_top,573.6847534179688,243.81919860839844,554.6577758789062,173.22622680664062,592.7117309570312,243.81919860839844,0.851767361164093
game8/Clip8,144,125,player_bottom,896.6259765625,575.8341064453125,866.2400512695312,468.6875,927.011962890625,575.8341064453125,0.8677260279655457
game8/Clip8,144,126,player_top,573.0970458984375,242.7268829345703,553.9558715820312,173.5439910888672,592.2382202148438,242.7268829345703,0.8391581177711487
game8/Clip8,145,125,player_bottom,903.1824340820312,574.8033447265625,872.5809936523438,467.2856140136719,933.7838745117188,574.8033447265625,0.853973925113678
game8/Clip8,145,126,player_top,572.8829345703125,241.5201416015625,553.4600830078125,174.0115509033203,592.3057861328125,241.5201416015625,0.8318131566047668
game8/Clip8,146,125,player_bottom,907.0590209960938,574.572265625,876.2438354492188,466.3804016113281,937.8742065429688,574.572265625,0.8482967615127563
game8/Clip8,146,126,player_top,573.7611083984375,241.18106079101562,553.7921142578125,174.5845947265625,593.7301025390625,241.18106079101562,0.8540812134742737
game8/Clip8,147,125,player_bottom,910.22802734375,574.734375,879.2684326171875,465.0214538574219,941.1876831054688,574.734375,0.8639690279960632
game8/Clip8,147,126,player_top,574.50830078125,241.1387176513672,553.8015747070312,174.55616760253906,595.215087890625,241.1387176513672,0.8655650615692139
game8/Clip8,148,125,player_bottom,911.2454833984375,574.3423461914062,880.3137817382812,463.35406494140625,942.17724609375,574.3423461914062,0.8816702961921692
game8/Clip8,148,126,player_top,574.5559692382812,241.14639282226562,552.9907836914062,173.69512939453125,596.1211547851562,241.14639282226562,0.8573291301727295
game8/Clip8,149,125,player_bottom,912.35009765625,572.7778930664062,881.8960571289062,462.4259338378906,942.8040771484375,572.7778930664062,0.8786941170692444
game8/Clip8,149,126,player_top,572.6119384765625,240.5142059326172,550.619873046875,172.77662658691406,594.6040649414062,240.5142059326172,0.8284448385238647
game8/Clip8,150,125,player_bottom,913.582275390625,570.031005859375,883.84423828125,461.6908264160156,943.3203735351562,570.031005859375,0.865592360496521
game8/Clip8,150,126,player_top,572.7819213867188,240.36126708984375,549.8525390625,170.76034545898438,595.7113037109375,240.36126708984375,0.8428382277488708
game8/Clip8,151,125,player_bottom,913.3677978515625,568.4353637695312,884.0069580078125,462.06866455078125,942.7286376953125,568.4353637695312,0.8383983969688416
game8/Clip8,151,126,player_top,574.0631713867188,240.13796997070312,550.32666015625,169.1302947998047,597.7996826171875,240.13796997070312,0.8143771290779114
game8/Clip8,152,125,player_bottom,913.587646484375,567.8506469726562,884.5996704101562,464.16546630859375,942.5756225585938,567.8506469726562,0.8119305372238159
game8/Clip8,152,126,player_top,577.5499267578125,239.87196350097656,553.1776123046875,167.9503173828125,601.9222412109375,239.87196350097656,0.8147881031036377
game8/Clip8,153,125,player_bottom,913.8460693359375,567.9678344726562,885.2335815429688,467.2206726074219,942.4585571289062,567.9678344726562,0.8376113176345825
game8/Clip8,153,126,player_top,583.3426513671875,238.28921508789062,558.8803100585938,166.8844451904297,607.8050537109375,238.28921508789062,0.7978943586349487
game8/Clip8,154,125,player_bottom,913.50537109375,568.1173095703125,885.1979370117188,470.181884765625,941.8128662109375,568.1173095703125,0.8245510458946228
game8/Clip8,154,126,player_top,591.0785522460938,237.4365692138672,566.53662109375,165.55410766601562,615.6204833984375,237.4365692138672,0.8159146904945374
game8/Clip8,155,125,player_bottom,913.1290283203125,567.8735961914062,884.8174438476562,471.5747375488281,941.4406127929688,567.8735961914062,0.8087618350982666
game8/Clip8,155,126,player_top,597.20166015625,237.45321655273438,572.4769287109375,164.50531005859375,621.9263916015625,237.45321655273438,0.8311928510665894
game8/Clip8,156,125,player_bottom,913.3742065429688,567.649658203125,884.9605712890625,471.9944152832031,941.787841796875,567.649658203125,0.8305351734161377
game8/Clip8,156,126,player_top,601.4498291015625,237.14744567871094,576.5083618164062,163.7486114501953,626.3912353515625,237.14744567871094,0.8418170809745789
game8/Clip8,157,125,player_bottom,912.0203247070312,567.3563842773438,883.17333984375,471.5033874511719,940.8673095703125,567.3563842773438,0.8108454346656799
game8/Clip8,157,126,player_top,605.67236328125,236.49732971191406,580.5740966796875,163.60887145996094,630.7706298828125,236.49732971191406,0.800559401512146
game8/Clip8,158,125,player_bottom,906.5556640625,568.11181640625,876.0311889648438,469.6973571777344,937.0802001953125,568.11181640625,0.8049399852752686
game8/Clip8,158,126,player_top,612.2561645507812,236.59483337402344,586.8228759765625,163.46214294433594,637.689453125,236.59483337402344,0.8118158578872681
game8/Clip8,159,125,player_bottom,907.0625,568.514404296875,875.3269653320312,466.88409423828125,938.7980346679688,568.514404296875,0.7854809165000916
game8/Clip8,159,126,player_top,619.39599609375,237.7689971923828,593.2747802734375,163.27542114257812,645.5172729492188,237.7689971923828,0.78836590051651
game8/Clip8,160,125,player_bottom,894.7250366210938,568.852294921875,861.0514526367188,464.18377685546875,928.3986206054688,568.852294921875,0.7918608784675598
game8/Clip8,160,74,player_top,205.99578857421875,392.8958740234375,184.15599060058594,324.8123474121094,227.83558654785156,392.8958740234375,0.7258964776992798
game8/Clip8,161,125,player_bottom,884.6725463867188,568.8685302734375,850.0940551757812,462.0677185058594,919.2510375976562,568.8685302734375,0.7800371646881104
game8/Clip8,161,126,player_top,638.075439453125,238.39999389648438,613.254150390625,163.0538330078125,662.8966674804688,238.39999389648438,0.7761117219924927
game8/Clip8,162,125,player_bottom,877.0758666992188,568.9244384765625,841.932373046875,459.7399597167969,912.2193603515625,568.9244384765625,0.872113823890686
game8/Clip8,162,126,player_top,643.0885009765625,238.30189514160156,618.6765747070312,162.48646545410156,667.50048828125,238.30189514160156,0.8152686953544617
game8/Clip8,163,125,player_bottom,871.2010498046875,567.8096313476562,836.2598266601562,458.0224609375,906.1422119140625,567.8096313476562,0.855783224105835
game8/Clip8,163,126,player_top,646.0523681640625,238.50827026367188,621.4903564453125,160.9974365234375,670.6143188476562,238.50827026367188,0.8276581168174744
game8/Clip8,164,125,player_bottom,865.0167236328125,564.1433715820312,831.3689575195312,457.2654724121094,898.6644897460938,564.1433715820312,0.8455748558044434
game8/Clip8,164,126,player_top,652.592041015625,238.36099243164062,627.8843383789062,161.33108520507812,677.2996826171875,238.36099243164062,0.8467556834220886
game8/Clip8,165,125,player_bottom,857.58056640625,563.9779663085938,824.9888916015625,457.74945068359375,890.1723022460938,563.9779663085938,0.8377115726470947
game8/Clip8,165,126,player_top,658.1847534179688,237.67982482910156,633.4674072265625,162.10955810546875,682.902099609375,237.67982482910156,0.8512879610061646
game8/Clip8,166,125,player_bottom,850.8600463867188,567.1469116210938,818.5098266601562,458.066650390625,883.2102661132812,567.1469116210938,0.8391876816749573
game8/Clip8,166,126,player_top,662.231201171875,236.85386657714844,637.4458618164062,161.26300048828125,687.0165405273438,236.85386657714844,0.8500396609306335
game8/Clip8,167,125,player_bottom,837.3819580078125,568.4448852539062,804.9705810546875,459.0485534667969,869.7933349609375,568.4448852539062,0.7855641841888428
game8/Clip8,167,126,player_top,669.2080688476562,234.25814819335938,645.5661010742188,161.12327575683594,692.8500366210938,234.25814819335938,0.7981772422790527
game8/Clip8,168,125,player_bottom,832.4066162109375,571.6727294921875,799.2757568359375,459.05029296875,865.5374145507812,571.6727294921875,0.7901504039764404
game8/Clip8,168,126,player_top,675.5919189453125,235.48291015625,651.8430786132812,160.67315673828125,699.3406982421875,235.48291015625,0.8016946315765381
game8/Clip8,169,125,player_bottom,829.4697265625,572.9330444335938,795.9763793945312,458.0866394042969,862.9630126953125,572.9330444335938,0.858680009841919
game8/Clip8,169,126,player_top,684.1912841796875,234.39883422851562,660.8228149414062,158.0214080810547,707.559814453125,234.39883422851562,0.8309126496315002
game8/Clip8,170,125,player_bottom,824.2352294921875,573.872802734375,790.3317260742188,456.3671875,858.138671875,573.872802734375,0.833071231842041
game8/Clip8,170,126,player_top,690.0240478515625,233.56536865234375,667.50927734375,157.42518615722656,712.5388793945312,233.56536865234375,0.807553231716156
game8/Clip8,171,125,player_bottom,815.773193359375,574.11767578125,781.7863159179688,454.92242431640625,849.760009765625,574.11767578125,0.8286084532737732
game8/Clip8,171,126,player_top,695.48583984375,227.647705078125,674.7385864257812,155.7308807373047,716.2330932617188,227.647705078125,0.7697190642356873
game8/Clip8,172,125,player_bottom,802.1110229492188,574.8233642578125,768.087646484375,454.27508544921875,836.1343994140625,574.8233642578125,0.7802030444145203
game8/Clip8,172,126,player_top,701.6405029296875,230.35707092285156,680.6513671875,155.45416259765625,722.6296997070312,230.35707092285156,0.7826817631721497
game8/Clip8,173,125,player_bottom,792.8798828125,573.9716186523438,759.8299560546875,454.1786804199219,825.9297485351562,573.9716186523438,0.7879779934883118
game8/Clip8,173,126,player_top,706.7326049804688,232.206787109375,685.8216552734375,155.6523895263672,727.6435546875,232.206787109375,0.8255345225334167
game8/Clip8,174,125,player_bottom,784.9647216796875,571.310546875,753.628173828125,454.9132385253906,816.30126953125,571.310546875,0.8324987888336182
game8/Clip8,174,126,player_top,708.9686279296875,232.98992919921875,687.6675415039062,154.75115966796875,730.2696533203125,232.98992919921875,0.8141305446624756
game8/Clip8,175,125,player_bottom,776.5914306640625,570.1058349609375,746.797119140625,456.78466796875,806.3857421875,570.1058349609375,0.8540801405906677
game8/Clip8,175,126,player_top,718.1256103515625,232.94764709472656,696.7818603515625,154.12754821777344,739.4694213867188,232.94764709472656,0.7416623830795288
game8/Clip8,176,125,player_bottom,767.5608520507812,575.6951904296875,737.6939697265625,458.8711242675781,797.427734375,575.6951904296875,0.8325436115264893
game8/Clip8,176,126,player_top,724.6043701171875,233.20799255371094,703.1326904296875,154.98440551757812,746.0760498046875,233.20799255371094,0.8146218061447144
game8/Clip8,177,125,player_bottom,757.74951171875,578.6298828125,727.8956909179688,461.4150695800781,787.603271484375,578.6298828125,0.8254711031913757
game8/Clip8,177,126,player_top,729.3406372070312,233.22589111328125,707.9308471679688,155.89707946777344,750.7504272460938,233.22589111328125,0.8170142769813538
game8/Clip8,178,125,player_bottom,751.4080200195312,577.8801879882812,721.8701171875,463.3428955078125,780.9459228515625,577.8801879882812,0.8592905402183533
game8/Clip8,178,126,player_top,733.25146484375,233.27096557617188,711.6740112304688,155.60122680664062,754.828857421875,233.27096557617188,0.8560063242912292
game8/Clip8,179,125,player_bottom,742.0596923828125,578.649658203125,711.4470825195312,464.10980224609375,772.6722412109375,578.649658203125,0.8294756412506104
game8/Clip8,179,126,player_top,734.9307250976562,232.83067321777344,713.60791015625,156.38294982910156,756.2535400390625,232.83067321777344,0.8617839813232422
game8/Clip8,180,125,player_bottom,733.3099365234375,582.5894165039062,700.7898559570312,464.827880859375,765.8300170898438,582.5894165039062,0.8612210154533386
game8/Clip8,180,126,player_top,735.75048828125,232.43701171875,714.180908203125,155.1203155517578,757.3201293945312,232.43701171875,0.8525557518005371
game8/Clip8,181,125,player_bottom,725.9530029296875,584.2882080078125,693.0414428710938,466.0571594238281,758.8646240234375,584.2882080078125,0.8407312035560608
game8/Clip8,181,126,player_top,736.4373779296875,232.1162109375,714.9053344726562,154.59327697753906,757.969482421875,232.1162109375,0.8429079651832581
game8/Clip8,182,125,player_bottom,709.0447998046875,585.6116333007812,675.7400512695312,467.0846252441406,742.3495483398438,585.6116333007812,0.819667398929596
game8/Clip8,182,126,player_top,737.5751342773438,231.49490356445312,716.3374633789062,154.48373413085938,758.8128051757812,231.49490356445312,0.817633867263794
game8/Clip8,183,125,player_bottom,693.2060546875,585.8714599609375,660.39453125,467.7938537597656,726.0176391601562,585.8714599609375,0.8046051859855652
game8/Clip8,183,126,player_top,738.8386840820312,231.17990112304688,717.75390625,153.83709716796875,759.9234619140625,231.17990112304688,0.8112329840660095
game8/Clip8,184,125,player_bottom,682.371826171875,585.9766845703125,649.9065551757812,468.09912109375,714.837158203125,585.9766845703125,0.8058010935783386
game8/Clip8,184,126,player_top,740.2454833984375,230.30783081054688,719.56103515625,154.08641052246094,760.9298706054688,230.30783081054688,0.8084911108016968
game8/Clip8,185,125,player_bottom,675.38330078125,585.6370849609375,643.2389526367188,468.0047607421875,707.5276489257812,585.6370849609375,0.785038411617279
game8/Clip8,185,126,player_top,741.0823974609375,229.89202880859375,720.48974609375,153.75863647460938,761.6751098632812,229.89202880859375,0.8204041719436646
game8/Clip8,186,125,player_bottom,664.748779296875,586.2582397460938,632.3633422851562,468.4230651855469,697.1341552734375,586.2582397460938,0.8389713764190674
game8/Clip8,186,126,player_top,741.76708984375,229.8102569580078,721.3564453125,154.40591430664062,762.1777954101562,229.8102569580078,0.8417877554893494
game8/Clip8,187,125,player_bottom,652.4481201171875,588.779052734375,619.7288208007812,468.75244140625,685.1673583984375,588.779052734375,0.820828378200531
game8/Clip8,187,126,player_top,742.04150390625,229.4967803955078,721.5828247070312,153.57994079589844,762.5001831054688,229.4967803955078,0.8514811396598816
game8/Clip8,188,125,player_bottom,639.43701171875,590.1178588867188,607.7081909179688,470.1415100097656,671.1658325195312,590.1178588867188,0.8044338226318359
game8/Clip8,188,126,player_top,742.00830078125,229.2156219482422,721.7989501953125,154.0012969970703,762.2176513671875,229.2156219482422,0.859326183795929
game8/Clip8,189,125,player_bottom,629.3509521484375,591.666748046875,598.6163940429688,471.17041015625,660.0855712890625,591.666748046875,0.8458753228187561
game8/Clip8,189,126,player_top,741.9163818359375,229.4690704345703,722.200927734375,156.05479431152344,761.6318969726562,229.4690704345703,0.8438556790351868
game8/Clip8,190,125,player_bottom,617.8485107421875,594.9638061523438,587.6178588867188,473.3293151855469,648.0791015625,594.9638061523438,0.8433175086975098
game8/Clip8,190,126,player_top,741.7257690429688,230.49618530273438,722.2021484375,157.79461669921875,761.2493896484375,230.49618530273438,0.8447046279907227
game8/Clip8,191,125,player_bottom,607.3324584960938,597.280517578125,577.5557250976562,474.6937255859375,637.1091918945312,597.280517578125,0.8791346549987793
game8/Clip8,191,126,player_top,741.473876953125,231.9670867919922,721.545654296875,157.6004180908203,761.402099609375,231.9670867919922,0.851413905620575
game8/Clip8,192,125,player_bottom,600.29052734375,599.4274291992188,571.092041015625,476.91998291015625,629.4889526367188,599.4274291992188,0.8681966662406921
game8/Clip8,192,126,player_top,740.52294921875,232.392578125,720.4295654296875,157.3981170654297,760.6163330078125,232.392578125,0.8171525597572327
game8/Clip8,193,125,player_bottom,594.5027465820312,598.0629272460938,565.9683227539062,478.2214660644531,623.0371704101562,598.0629272460938,0.8398340940475464
game8/Clip8,193,126,player_top,737.974853515625,232.74520874023438,717.5311889648438,155.50656127929688,758.4185180664062,232.74520874023438,0.8371987342834473
game8/Clip8,194,125,player_bottom,587.3602905273438,597.1233520507812,558.5086059570312,478.08294677734375,616.2119750976562,597.1233520507812,0.7475141286849976
game8/Clip8,194,126,player_top,734.642333984375,233.2383270263672,714.5248413085938,155.618408203125,754.759765625,233.2383270263672,0.8415875434875488
game8/Clip8,195,125,player_bottom,573.6922607421875,596.438720703125,544.8075561523438,478.8006286621094,602.576904296875,596.438720703125,0.7865829467773438
game8/Clip8,195,126,player_top,731.7885131835938,232.99769592285156,712.1442260742188,155.0994110107422,751.4328002929688,232.99769592285156,0.8345288634300232
game8/Clip8,196,125,player_bottom,561.4852905273438,596.8375244140625,530.9166259765625,477.59466552734375,592.053955078125,596.8375244140625,0.8423892259597778
game8/Clip8,196,126,player_top,728.9869995117188,232.9574432373047,710.1705932617188,155.91830444335938,747.8034057617188,232.9574432373047,0.8291764259338379
game8/Clip8,197,125,player_bottom,552.8411254882812,597.6533813476562,520.63623046875,477.5240478515625,585.0460205078125,597.6533813476562,0.8821946382522583
game8/Clip8,197,126,player_top,725.9181518554688,233.7811279296875,707.9367065429688,157.48297119140625,743.8995971679688,233.7811279296875,0.8019141554832458
game8/Clip8,198,125,player_bottom,546.9893798828125,597.8646850585938,513.1609497070312,476.4272155761719,580.8177490234375,597.8646850585938,0.8739811182022095
game8/Clip8,198,126,player_top,724.0616455078125,234.6672821044922,706.6737060546875,158.5616912841797,741.4495849609375,234.6672821044922,0.8058523535728455
game8/Clip8,199,125,player_bottom,541.3428955078125,597.298583984375,506.533447265625,477.11798095703125,576.15234375,597.298583984375,0.8959563374519348
game8/Clip8,199,126,player_top,721.318603515625,235.7359619140625,704.0740356445312,159.55331420898438,738.5631713867188,235.7359619140625,0.8373748064041138
game8/Clip8,200,125,player_bottom,535.8616333007812,595.9259033203125,501.0409240722656,478.7667236328125,570.6823120117188,595.9259033203125,0.8532696962356567
game8/Clip8,200,126,player_top,719.1173095703125,236.79551696777344,701.7661743164062,160.2210693359375,736.4684448242188,236.79551696777344,0.8338496685028076
game8/Clip8,201,125,player_bottom,531.140380859375,595.2935791015625,496.09979248046875,478.5303649902344,566.1810302734375,595.2935791015625,0.8735297322273254
game8/Clip8,201,126,player_top,716.8558349609375,237.708740234375,699.141357421875,160.37937927246094,734.5703125,237.708740234375,0.8517767190933228
game8/Clip8,202,125,player_bottom,526.2132568359375,594.7342529296875,490.94256591796875,476.3128662109375,561.48388671875,594.7342529296875,0.8971220850944519
game8/Clip8,202,126,player_top,715.1197509765625,238.39236450195312,697.0594482421875,160.35299682617188,733.1801147460938,238.39236450195312,0.8455421924591064
game8/Clip8,203,125,player_bottom,522.1707153320312,593.8568725585938,487.2530212402344,474.32586669921875,557.0884399414062,593.8568725585938,0.8852750658988953
game8/Clip8,203,126,player_top,713.38623046875,238.5328369140625,695.265625,160.6011199951172,731.5068969726562,238.5328369140625,0.8371068239212036
game8/Clip8,204,125,player_bottom,518.387939453125,593.3629150390625,483.8999328613281,471.7906188964844,552.8759155273438,593.3629150390625,0.8436615467071533
game8/Clip8,204,126,player_top,712.3017578125,238.2402801513672,694.2579345703125,161.10519409179688,730.3456420898438,238.2402801513672,0.8612997531890869
game8/Clip8,205,125,player_bottom,514.6276245117188,592.6516723632812,481.1843566894531,470.1143493652344,548.0708618164062,592.6516723632812,0.8220051527023315
game8/Clip8,205,126,player_top,709.6992797851562,238.58200073242188,691.6041870117188,162.4422607421875,727.7943725585938,238.58200073242188,0.8555871844291687
game8/Clip8,206,125,player_bottom,514.2727661132812,592.5364379882812,481.3445739746094,468.5480651855469,547.2009887695312,592.5364379882812,0.7450225353240967
game8/Clip8,206,126,player_top,705.358154296875,240.64088439941406,686.5935668945312,164.39605712890625,724.1226806640625,240.64088439941406,0.8687530159950256
game8/Clip8,207,125,player_bottom,506.26751708984375,592.273681640625,474.7664489746094,467.8337707519531,537.7686157226562,592.273681640625,0.7514819502830505
game8/Clip8,207,126,player_top,702.576416015625,242.2767333984375,683.2144165039062,166.24461364746094,721.9384155273438,242.2767333984375,0.8555838465690613
game8/Clip8,208,125,player_bottom,502.14349365234375,592.5950317382812,471.4609375,467.2619934082031,532.8260498046875,592.5950317382812,0.7648152112960815
game8/Clip8,208,126,player_top,701.3142700195312,243.62884521484375,681.4393310546875,168.1250457763672,721.189208984375,243.62884521484375,0.8688292503356934
game8/Clip8,209,125,player_bottom,503.8424072265625,593.0711059570312,473.2001037597656,467.2296447753906,534.4846801757812,593.0711059570312,0.7837958335876465
game8/Clip8,209,126,player_top,699.9425659179688,244.13990783691406,679.9229125976562,170.1321258544922,719.9622192382812,244.13990783691406,0.8651555776596069
game8/Clip8,210,125,player_bottom,502.57452392578125,594.1989135742188,471.3806457519531,466.85784912109375,533.7684326171875,594.1989135742188,0.8181756734848022
game8/Clip8,210,126,player_top,698.93994140625,244.33457946777344,678.7610473632812,171.47280883789062,719.1188354492188,244.33457946777344,0.8580188751220703
game8/Clip8,211,125,player_bottom,494.98297119140625,595.4326782226562,463.0460510253906,467.3705749511719,526.919921875,595.4326782226562,0.7960583567619324
game8/Clip8,211,126,player_top,698.6923828125,244.6368865966797,678.19677734375,172.06504821777344,719.1880493164062,244.6368865966797,0.8634050488471985
game8/Clip8,212,125,player_bottom,484.55047607421875,595.6922607421875,452.872802734375,469.7434997558594,516.2281494140625,595.6922607421875,0.8653814792633057
game8/Clip8,212,126,player_top,698.6431884765625,244.90731811523438,677.8713989257812,172.62994384765625,719.4150390625,244.90731811523438,0.8634945750236511
game8/Clip8,213,125,player_bottom,477.76141357421875,596.1354370117188,445.9549255371094,472.88348388671875,509.56787109375,596.1354370117188,0.8592975735664368
game8/Clip8,213,126,player_top,698.8692626953125,244.96551513671875,677.3413696289062,171.19174194335938,720.397216796875,244.96551513671875,0.8628381490707397
game8/Clip8,214,125,player_bottom,473.02447509765625,597.20703125,441.25390625,477.549072265625,504.7950134277344,597.20703125,0.8596380949020386
game8/Clip8,214,126,player_top,700.331298828125,244.6787109375,678.03369140625,169.49298095703125,722.6289672851562,244.6787109375,0.8502721190452576
game8/Clip8,215,125,player_bottom,471.9042053222656,599.2816772460938,439.75396728515625,481.98016357421875,504.054443359375,599.2816772460938,0.8625304698944092
game8/Clip8,215,126,player_top,702.5318603515625,244.32913208007812,679.64404296875,168.63282775878906,725.419677734375,244.32913208007812,0.8354088068008423
game8/Clip8,216,125,player_bottom,471.3731689453125,600.66357421875,439.2241516113281,487.0809326171875,503.522216796875,600.66357421875,0.8415080308914185
game8/Clip8,216,126,player_top,706.8148193359375,243.83155822753906,683.6723022460938,167.93954467773438,729.9573974609375,243.83155822753906,0.8614643216133118
game8/Clip8,217,125,player_bottom,468.4302978515625,601.2061157226562,436.60357666015625,490.6985778808594,500.25701904296875,601.2061157226562,0.8903337717056274
game8/Clip8,217,126,player_top,712.502685546875,243.85537719726562,689.5380859375,168.341796875,735.46728515625,243.85537719726562,0.824425458908081
game8/Clip8,218,125,player_bottom,467.67230224609375,601.66455078125,435.55914306640625,491.7730712890625,499.7854919433594,601.66455078125,0.8809356093406677
game8/Clip8,218,126,player_top,719.993896484375,242.6522674560547,697.96142578125,169.05494689941406,742.0263671875,242.6522674560547,0.8279556035995483
game8/Clip8,219,125,player_bottom,470.37738037109375,601.6062622070312,437.23602294921875,490.658447265625,503.5187683105469,601.6062622070312,0.8176252841949463
game8/Clip8,219,126,player_top,723.69287109375,243.60452270507812,701.6344604492188,169.30056762695312,745.7513427734375,243.60452270507812,0.8382112979888916
game8/Clip8,220,125,player_bottom,476.3769836425781,601.8003540039062,441.3277587890625,488.4400939941406,511.42620849609375,601.8003540039062,0.8582313656806946
game8/Clip8,220,126,player_top,726.668701171875,245.17868041992188,704.2567749023438,169.32431030273438,749.08056640625,245.17868041992188,0.8270352482795715
game8/Clip8,221,125,player_bottom,481.6585693359375,602.0809936523438,445.03277587890625,486.0657653808594,518.2843627929688,602.0809936523438,0.8777033686637878
game8/Clip8,221,126,player_top,729.46533203125,246.22372436523438,706.9158325195312,170.15655517578125,752.0148315429688,246.22372436523438,0.8462398648262024
game8/Clip8,222,125,player_bottom,488.0894775390625,602.475341796875,450.6156921386719,483.8508605957031,525.5632934570312,602.475341796875,0.8592653274536133
game8/Clip8,222,126,player_top,734.0943603515625,247.4043426513672,711.0796508789062,169.74642944335938,757.109130859375,247.4043426513672,0.8633100986480713
game8/Clip8,223,125,player_bottom,493.80340576171875,602.6723022460938,456.0885925292969,481.4212951660156,531.5182495117188,602.6723022460938,0.8424460887908936
game8/Clip8,223,126,player_top,739.979248046875,248.30337524414062,717.211181640625,170.39126586914062,762.7473754882812,248.30337524414062,0.7670906186103821
game8/Clip8,224,125,player_bottom,499.2894287109375,602.9039306640625,462.4631042480469,480.83642578125,536.1157836914062,602.9039306640625,0.8160607814788818
game8/Clip8,224,126,player_top,749.2291870117188,248.22259521484375,727.5615844726562,171.6938934326172,770.8967895507812,248.22259521484375,0.7528920769691467
game8/Clip8,225,125,player_bottom,502.7489318847656,604.7656860351562,466.569580078125,480.741455078125,538.9282836914062,604.7656860351562,0.8759360909461975
game8/Clip8,225,126,player_top,756.120849609375,248.2137451171875,735.2643432617188,172.68218994140625,776.9773559570312,248.2137451171875,0.7987291216850281
game8/Clip8,226,125,player_bottom,503.88836669921875,607.214111328125,468.9200439453125,482.82501220703125,538.856689453125,607.214111328125,0.8641353845596313
game8/Clip8,226,126,player_top,763.4732666015625,249.1041259765625,743.1829223632812,174.9586639404297,783.763671875,249.1041259765625,0.7879774570465088
game8/Clip8,227,125,player_bottom,507.73223876953125,609.263671875,474.1103210449219,486.1185302734375,541.3541870117188,609.263671875,0.8478043675422668
game8/Clip8,227,126,player_top,769.7593994140625,249.23699951171875,749.6134643554688,175.8402099609375,789.9052734375,249.23699951171875,0.82343989610672
game8/Clip8,228,125,player_bottom,513.1967163085938,610.7526245117188,480.3033142089844,488.430908203125,546.090087890625,610.7526245117188,0.8712806105613708
game8/Clip8,228,126,player_top,773.2947387695312,249.01031494140625,753.2249755859375,176.8682098388672,793.364501953125,249.01031494140625,0.8263262510299683
game8/Clip8,229,125,player_bottom,517.9459228515625,613.8267211914062,485.1048889160156,490.62603759765625,550.7869262695312,613.8267211914062,0.8710910677909851
game8/Clip8,229,126,player_top,776.7508544921875,249.01983642578125,756.5186157226562,178.04434204101562,796.9830322265625,249.01983642578125,0.8198583722114563
game8/Clip8,230,125,player_bottom,522.01318359375,618.6918334960938,488.84893798828125,493.9171447753906,555.177490234375,618.6918334960938,0.8760570287704468
game8/Clip8,230,126,player_top,779.6492919921875,249.4949493408203,758.5203247070312,177.34291076660156,800.7783203125,249.4949493408203,0.7832342386245728
game8/Clip8,231,125,player_bottom,524.4810791015625,621.8651123046875,491.11566162109375,495.77886962890625,557.8464965820312,621.8651123046875,0.8719621300697327
game8/Clip8,231,126,player_top,783.2462158203125,249.44821166992188,761.9103393554688,179.95556640625,804.5820922851562,249.44821166992188,0.8054232001304626
game8/Clip8,232,125,player_bottom,526.3677978515625,623.861083984375,493.20489501953125,498.06988525390625,559.5307006835938,623.861083984375,0.8824618458747864
game8/Clip8,232,126,player_top,786.3927001953125,249.71337890625,764.6849365234375,183.04295349121094,808.1004028320312,249.71337890625,0.8201672434806824
game8/Clip8,233,125,player_bottom,526.62109375,624.7492065429688,493.65240478515625,499.3593444824219,559.58984375,624.7492065429688,0.8682389855384827
game8/Clip8,233,126,player_top,789.2877197265625,249.88230895996094,767.03564453125,185.97512817382812,811.5397338867188,249.88230895996094,0.7738608717918396
game8/Clip8,234,125,player_bottom,525.9152221679688,624.9961547851562,492.7032775878906,498.7600402832031,559.127197265625,624.9961547851562,0.8763033747673035
game8/Clip8,234,126,player_top,790.390869140625,248.98300170898438,767.8570556640625,188.0186309814453,812.9247436523438,248.98300170898438,0.7721163630485535
game8/Clip8,235,125,player_bottom,524.827880859375,624.8435668945312,491.12921142578125,496.9808349609375,558.5265502929688,624.8435668945312,0.8729042410850525
game8/Clip8,235,126,player_top,790.4805908203125,248.62693786621094,767.7884521484375,190.10122680664062,813.1727294921875,248.62693786621094,0.7973930239677429
game8/Clip8,236,125,player_bottom,524.6505126953125,623.9241333007812,490.6342468261719,494.879150390625,558.666748046875,623.9241333007812,0.8807610869407654
game8/Clip8,236,126,player_top,792.3935546875,249.20046997070312,768.859619140625,191.3042755126953,815.9275512695312,249.20046997070312,0.7961097359657288
game8/Clip8,237,125,player_bottom,523.7247924804688,623.4107055664062,489.2131652832031,493.4255065917969,558.2364501953125,623.4107055664062,0.8822339177131653
game8/Clip8,237,126,player_top,793.397705078125,248.88800048828125,769.3030395507812,192.2745361328125,817.4923706054688,248.88800048828125,0.7719487547874451
game8/Clip8,238,125,player_bottom,521.29833984375,623.0782470703125,486.30706787109375,493.1828918457031,556.2896728515625,623.0782470703125,0.8882544040679932
game8/Clip8,238,126,player_top,794.702880859375,248.8199005126953,769.712890625,192.51531982421875,819.6929321289062,248.8199005126953,0.762575089931488
game8/Clip8,239,125,player_bottom,519.0946655273438,623.54736328125,483.63189697265625,494.33837890625,554.5574340820312,623.54736328125,0.8937975168228149
game8/Clip8,239,74,player_top,205.99578857421875,392.8958740234375,184.15599060058594,324.8123474121094,227.83558654785156,392.8958740234375,0.7258964776992798
game8/Clip8,240,125,player_bottom,516.932861328125,624.9208984375,480.9255065917969,496.1620788574219,552.940185546875,624.9208984375,0.9008799195289612
game8/Clip8,240,74,player_top,205.99578857421875,392.8958740234375,184.15599060058594,324.8123474121094,227.83558654785156,392.8958740234375,0.7258964776992798
game8/Clip8,241,125,player_bottom,514.3839111328125,627.065673828125,478.0616455078125,499.434814453125,550.7061157226562,627.065673828125,0.9055609107017517
game8/Clip8,241,74,player_top,205.99578857421875,392.8958740234375,184.15599060058594,324.8123474121094,227.83558654785156,392.8958740234375,0.7258964776992798
game8/Clip8,242,125,player_bottom,513.2886962890625,629.2837524414062,476.88067626953125,503.7318420410156,549.69677734375,629.2837524414062,0.9040405750274658
game8/Clip8,242,126,player_top,799.2457275390625,249.95567321777344,768.1357421875,184.57713317871094,830.3557739257812,249.95567321777344,0.7788724899291992
game8/Clip8,243,125,player_bottom,512.4950561523438,631.2178955078125,476.0217590332031,507.8706359863281,548.9683837890625,631.2178955078125,0.8958625793457031
game8/Clip8,243,126,player_top,800.8624267578125,249.36767578125,768.703369140625,181.73202514648438,833.021484375,249.36767578125,0.7576535940170288
game8/Clip8,244,125,player_bottom,512.4022216796875,631.4170532226562,475.8172607421875,509.9798583984375,548.9871215820312,631.4170532226562,0.8992228507995605
game8/Clip8,244,126,player_top,802.357177734375,249.36354064941406,769.2265625,179.12794494628906,835.48779296875,249.36354064941406,0.7482430338859558
game8/Clip8,245,125,player_bottom,512.370849609375,630.48046875,475.23504638671875,509.1515197753906,549.5066528320312,630.48046875,0.8968974947929382
game8/Clip8,245,74,player_top,205.99578857421875,392.8958740234375,184.15599060058594,324.8123474121094,227.83558654785156,392.8958740234375,0.7258964776992798
game8/Clip8,246,125,player_bottom,510.7659912109375,629.785888671875,472.8030700683594,506.7901306152344,548.7289428710938,629.785888671875,0.8883928656578064
game8/Clip8,246,74,player_top,205.99578857421875,392.8958740234375,184.15599060058594,324.8123474121094,227.83558654785156,392.8958740234375,0.7258964776992798
game8/Clip8,247,125,player_bottom,504.519287109375,628.357177734375,466.7687072753906,504.6123352050781,542.2698364257812,628.357177734375,0.844102680683136
game8/Clip8,247,74,player_top,205.99578857421875,392.8958740234375,184.15599060058594,324.8123474121094,227.83558654785156,392.8958740234375,0.7258964776992798
game8/Clip8,248,125,player_bottom,497.9561462402344,628.1822509765625,460.43536376953125,502.9787902832031,535.4769287109375,628.1822509765625,0.8711510300636292
game8/Clip8,248,74,player_top,205.99578857421875,392.8958740234375,184.15599060058594,324.8123474121094,227.83558654785156,392.8958740234375,0.7258964776992798
game8/Clip8,249,125,player_bottom,493.48968505859375,627.9100341796875,456.3102111816406,502.32891845703125,530.669189453125,627.9100341796875,0.8813087940216064
game8/Clip8,249,126,player_top,796.7418212890625,247.78329467773438,764.3699951171875,170.20606994628906,829.1135864257812,247.78329467773438,0.7792330980300903
game8/Clip8,250,125,player_bottom,489.5848388671875,626.3259887695312,453.45159912109375,503.0679931640625,525.7180786132812,626.3259887695312,0.8752159476280212
game8/Clip8,250,126,player_top,795.079833984375,247.96884155273438,762.8264770507812,168.3574676513672,827.3331298828125,247.96884155273438,0.8086979985237122
game8/Clip8,251,125,player_bottom,485.5793762207031,624.7125244140625,450.55731201171875,504.3909912109375,520.6014404296875,624.7125244140625,0.858597993850708
game8/Clip8,251,126,player_top,793.4669189453125,248.37271118164062,762.11767578125,168.88589477539062,824.8162231445312,248.37271118164062,0.8279687762260437
game8/Clip8,252,125,player_bottom,481.5623779296875,628.0230712890625,446.5506896972656,507.1199645996094,516.5740966796875,628.0230712890625,0.8768936991691589
game8/Clip8,252,126,player_top,791.979248046875,248.70521545410156,761.6997680664062,170.2510528564453,822.2587890625,248.70521545410156,0.799209713935852
game8/Clip8,253,125,player_bottom,479.62799072265625,629.8117065429688,445.0050964355469,509.9969177246094,514.2508544921875,629.8117065429688,0.8775818347930908
game8/Clip8,253,126,player_top,790.1182861328125,248.9633331298828,760.2828369140625,170.5229949951172,819.9536743164062,248.9633331298828,0.798985481262207
game8/Clip8,254,125,player_bottom,478.58673095703125,630.4046630859375,444.0876770019531,510.66583251953125,513.0858154296875,630.4046630859375,0.873185396194458
game8/Clip8,254,126,player_top,788.3095703125,249.17066955566406,758.7568359375,170.84751892089844,817.8623657226562,249.17066955566406,0.8091738224029541
game8/Clip8,255,125,player_bottom,478.6199951171875,630.4208984375,443.7030029296875,508.38427734375,513.5369873046875,630.4208984375,0.8613171577453613
game8/Clip8,255,126,player_top,786.8246459960938,249.1727752685547,757.371337890625,170.78683471679688,816.2779541015625,249.1727752685547,0.7945238947868347
game8/Clip8,256,125,player_bottom,480.7427673339844,630.1624755859375,445.15277099609375,504.46044921875,516.332763671875,630.1624755859375,0.8572463989257812
game8/Clip8,256,74,player_top,205.99578857421875,392.8958740234375,184.15599060058594,324.8123474121094,227.83558654785156,392.8958740234375,0.7258964776992798
game8/Clip8,257,125,player_bottom,485.49920654296875,627.0468139648438,450.1858825683594,501.396484375,520.8125610351562,627.0468139648438,0.7952577471733093
game8/Clip8,257,126,player_top,781.4571533203125,248.8949432373047,752.108642578125,169.9899139404297,810.8056640625,248.8949432373047,0.7761901021003723
game8/Clip8,258,125,player_bottom,488.33203125,614.4165649414062,455.5457458496094,497.9505615234375,521.1182861328125,614.4165649414062,0.854065477848053
game8/Clip8,258,126,player_top,775.37451171875,248.7799835205078,745.8733520507812,168.1988983154297,804.8756103515625,248.7799835205078,0.8423560857772827
game8/Clip8,259,125,player_bottom,494.1744384765625,609.9315795898438,461.3584899902344,495.2178649902344,526.9904174804688,609.9315795898438,0.8762717247009277
game8/Clip8,259,126,player_top,769.1793212890625,248.30905151367188,740.2927856445312,167.039306640625,798.06591796875,248.30905151367188,0.8063627481460571
game8/Clip8,260,125,player_bottom,499.0603332519531,601.7705078125,467.18060302734375,493.47784423828125,530.9400634765625,601.7705078125,0.8692853450775146
game8/Clip8,260,126,player_top,765.2083740234375,248.2334747314453,736.9767456054688,166.31617736816406,793.4400634765625,248.2334747314453,0.8098084330558777
game8/Clip8,261,125,player_bottom,502.34967041015625,601.06982421875,469.6079406738281,492.1635437011719,535.0913696289062,601.06982421875,0.8695884943008423
game8/Clip8,261,126,player_top,760.196044921875,241.7709503173828,734.843505859375,165.81092834472656,785.5485229492188,241.7709503173828,0.7767088413238525
game8/Clip8,262,125,player_bottom,509.8074951171875,600.9673461914062,475.8346252441406,491.2235412597656,543.7803344726562,600.9673461914062,0.8771942853927612
game8/Clip8,262,126,player_top,756.432373046875,245.21766662597656,730.9614868164062,165.95187377929688,781.9031982421875,245.21766662597656,0.7957954406738281
game8/Clip8,263,125,player_bottom,517.49072265625,600.89990234375,482.30462646484375,489.3867492675781,552.6768798828125,600.89990234375,0.8850592374801636
game8/Clip8,263,126,player_top,752.732421875,247.3414764404297,727.8984985351562,167.01951599121094,777.5662841796875,247.3414764404297,0.8184036016464233
game8/Clip8,264,125,player_bottom,521.6116943359375,600.73828125,486.3185119628906,489.13482666015625,556.9048461914062,600.73828125,0.5916882157325745
game8/Clip8,264,126,player_top,749.1810302734375,247.91880798339844,725.4107055664062,168.14341735839844,772.9512939453125,247.91880798339844,0.8151679635047913
game8/Clip8,265,125,player_bottom,523.0352783203125,600.478515625,488.4041748046875,490.6036376953125,557.6663208007812,600.478515625,0.6411176323890686
game8/Clip8,265,126,player_top,742.7711181640625,248.3347625732422,719.6386108398438,168.81678771972656,765.9036865234375,248.3347625732422,0.818392813205719
game8/Clip8,266,125,player_bottom,524.911865234375,600.5093383789062,490.7239074707031,491.17681884765625,559.099853515625,600.5093383789062,0.8758261799812317
game8/Clip8,266,126,player_top,734.7579345703125,248.6406707763672,711.631103515625,169.23497009277344,757.8848266601562,248.6406707763672,0.8376003503799438
game8/Clip8,267,125,player_bottom,522.6365356445312,600.164306640625,489.19390869140625,490.2984924316406,556.0791625976562,600.164306640625,0.8665306568145752
game8/Clip8,267,126,player_top,730.0382080078125,248.70083618164062,706.564208984375,168.95205688476562,753.5121459960938,248.70083618164062,0.852051854133606
game8/Clip8,268,125,player_bottom,522.7960815429688,600.010986328125,489.8253479003906,488.7014465332031,555.7667846679688,600.010986328125,0.8815177083015442
game8/Clip8,268,126,player_top,728.5216064453125,248.78677368164062,704.7213745117188,168.75,752.32177734375,248.78677368164062,0.8508485555648804
game8/Clip8,269,125,player_bottom,523.8804321289062,598.883544921875,490.98187255859375,485.2414855957031,556.7789916992188,598.883544921875,0.884748101234436
game8/Clip8,269,126,player_top,726.27978515625,248.5077362060547,702.2865600585938,167.97828674316406,750.2730102539062,248.5077362060547,0.8576679229736328
game8/Clip8,270,125,player_bottom,524.8499755859375,598.3179931640625,491.5981750488281,481.3680114746094,558.101806640625,598.3179931640625,0.8586522340774536
game8/Clip8,270,126,player_top,723.1588745117188,248.16522216796875,699.099853515625,166.5166473388672,747.2178955078125,248.16522216796875,0.8560552000999451
game8/Clip8,271,125,player_bottom,526.3045654296875,596.2538452148438,493.0123291015625,477.5750427246094,559.5967407226562,596.2538452148438,0.852695882320404
game8/Clip8,271,126,player_top,719.70751953125,247.39736938476562,696.3055419921875,165.55699157714844,743.1094970703125,247.39736938476562,0.8230024576187134
game8/Clip8,272,125,player_bottom,528.647216796875,589.6653442382812,496.2768859863281,472.4244079589844,561.0175170898438,589.6653442382812,0.8160718083381653
game8/Clip8,272,126,player_top,717.098388671875,245.6355438232422,694.6084594726562,164.41688537597656,739.5882568359375,245.6355438232422,0.8327255249023438
game8/Clip8,273,125,player_bottom,532.1360473632812,583.25244140625,500.4332275390625,466.2596435546875,563.8388671875,583.25244140625,0.785396933555603
game8/Clip8,273,126,player_top,714.4483642578125,242.5584716796875,693.1356201171875,163.58251953125,735.7610473632812,242.5584716796875,0.8145710825920105
game8/Clip8,274,125,player_bottom,535.0860595703125,580.2305297851562,503.4026184082031,460.401611328125,566.7694702148438,580.2305297851562,0.8363921046257019
game8/Clip8,274,126,player_top,711.416015625,240.2940673828125,691.0224609375,163.66180419921875,731.8096313476562,240.2940673828125,0.8469036817550659
game8/Clip8,275,125,player_bottom,538.31640625,577.6835327148438,505.6700744628906,449.6964416503906,570.9627075195312,577.6835327148438,0.8362372517585754
game8/Clip8,275,126,player_top,708.2431640625,239.5754852294922,688.007568359375,163.3653106689453,728.478759765625,239.5754852294922,0.8436576724052429
game8/Clip8,276,125,player_bottom,540.5728149414062,576.0388793945312,509.8913879394531,451.54150390625,571.2542724609375,576.0388793945312,0.8448781967163086
game8/Clip8,276,126,player_top,706.11181640625,239.51171875,686.132080078125,164.7262420654297,726.091552734375,239.51171875,0.8593790531158447
game8/Clip8,277,125,player_bottom,543.226806640625,576.6555786132812,513.7415161132812,452.411376953125,572.7120971679688,576.6555786132812,0.808976948261261
game8/Clip8,277,126,player_top,703.115234375,239.38229370117188,682.9241333007812,165.46315002441406,723.3063354492188,239.38229370117188,0.8623597621917725
game8/Clip8,278,125,player_bottom,546.6685180664062,576.0502319335938,518.47314453125,452.7107238769531,574.8638916015625,576.0502319335938,0.8323370218276978
game8/Clip8,278,126,player_top,700.7061767578125,239.6039276123047,680.0659790039062,166.18896484375,721.346435546875,239.6039276123047,0.8706491589546204
game8/Clip8,279,125,player_bottom,552.011962890625,575.871337890625,524.7745971679688,453.7088928222656,579.2493286132812,575.871337890625,0.824795663356781
game8/Clip8,279,126,player_top,699.28662109375,239.74578857421875,677.8347778320312,165.60418701171875,720.7384033203125,239.74578857421875,0.871692419052124
game8/Clip8,280,125,player_bottom,557.648681640625,575.92138671875,530.6973266601562,454.665283203125,584.5999755859375,575.92138671875,0.7999374270439148
game8/Clip8,280,126,player_top,699.1434936523438,239.49359130859375,677.030029296875,164.68075561523438,721.2569580078125,239.49359130859375,0.8229942917823792
game8/Clip8,281,125,player_bottom,563.914794921875,576.0059204101562,536.4967041015625,453.9902648925781,591.3328857421875,576.0059204101562,0.8334604501724243
game8/Clip8,281,74,player_top,205.99578857421875,392.8958740234375,184.15599060058594,324.8123474121094,227.83558654785156,392.8958740234375,0.7258964776992798
game8/Clip8,282,125,player_bottom,568.3850708007812,575.9694213867188,540.2220458984375,452.8555908203125,596.548095703125,575.9694213867188,0.8060956001281738
game8/Clip8,282,126,player_top,693.40576171875,237.687255859375,670.0384521484375,161.57992553710938,716.7730712890625,237.687255859375,0.7925759553909302
game8/Clip8,283,125,player_bottom,572.122802734375,575.19677734375,543.3624877929688,450.6014099121094,600.8831787109375,575.19677734375,0.8664283156394958
game8/Clip8,283,126,player_top,686.3928833007812,236.83860778808594,662.8005981445312,161.6411590576172,709.9851684570312,236.83860778808594,0.8432332277297974
game8/Clip8,284,125,player_bottom,574.1456298828125,573.6484375,544.8128662109375,447.9068603515625,603.4783935546875,573.6484375,0.8724669814109802
game8/Clip8,284,126,player_top,677.063232421875,236.06942749023438,653.6102294921875,162.5641632080078,700.5162353515625,236.06942749023438,0.7788960933685303
game8/Clip8,285,125,player_bottom,577.8102416992188,569.3543090820312,549.2049560546875,446.3351745605469,606.41552734375,569.3543090820312,0.8706498146057129
game8/Clip8,285,126,player_top,667.9848022460938,235.801025390625,643.998046875,161.5010528564453,691.9715576171875,235.801025390625,0.8118016719818115
game8/Clip8,286,125,player_bottom,580.82763671875,564.8464965820312,553.0748291015625,444.07086181640625,608.5805053710938,564.8464965820312,0.8610237240791321
game8/Clip8,286,126,player_top,662.0527954101562,235.44589233398438,638.0413208007812,163.43692016601562,686.0642700195312,235.44589233398438,0.836529552936554
game8/Clip8,287,125,player_bottom,583.1016845703125,560.897216796875,555.9417114257812,440.7905578613281,610.26171875,560.897216796875,0.8382866382598877
game8/Clip8,287,126,player_top,656.666015625,234.28001403808594,632.3348999023438,164.3029022216797,680.9971313476562,234.28001403808594,0.8263629078865051
game8/Clip8,288,125,player_bottom,583.4171142578125,558.093994140625,556.38525390625,437.42071533203125,610.4490356445312,558.093994140625,0.8503453731536865
game8/Clip8,288,74,player_top,205.99578857421875,392.8958740234375,184.15599060058594,324.8123474121094,227.83558654785156,392.8958740234375,0.7258964776992798
game8/Clip8,289,125,player_bottom,585.3636474609375,556.2167358398438,558.2855224609375,433.0798645019531,612.4417724609375,556.2167358398438,0.8641631603240967
game8/Clip8,289,126,player_top,646.3128051757812,232.48995971679688,619.8209228515625,163.19732666015625,672.8046875,232.48995971679688,0.827629029750824
game8/Clip8,290,125,player_bottom,587.5625,554.1249389648438,560.5675048828125,428.2722473144531,614.5575561523438,554.1249389648438,0.8689101338386536
game8/Clip8,290,126,player_top,641.6468505859375,231.8677520751953,614.808837890625,165.19049072265625,668.4848022460938,231.8677520751953,0.8293317556381226
game8/Clip8,291,125,player_bottom,587.877685546875,552.5570068359375,560.98974609375,425.0089111328125,614.7656860351562,552.5570068359375,0.8507788777351379
game8/Clip8,291,126,player_top,635.5823974609375,233.467041015625,607.0515747070312,165.25836181640625,664.11328125,233.467041015625,0.7267292737960815
game8/Clip8,292,125,player_bottom,586.6864013671875,549.9404907226562,559.9619750976562,422.82366943359375,613.410888671875,549.9404907226562,0.8476220965385437
game8/Clip8,292,126,player_top,629.8685913085938,234.21473693847656,600.5238647460938,165.77801513671875,659.2133178710938,234.21473693847656,0.791866660118103
game8/Clip8,293,125,player_bottom,586.5056762695312,546.3021240234375,560.2076416015625,421.60443115234375,612.8037109375,546.3021240234375,0.8643745183944702
game8/Clip8,293,126,player_top,621.000244140625,234.39883422851562,590.6635131835938,164.75326538085938,651.3369750976562,234.39883422851562,0.7834005951881409
game8/Clip8,294,125,player_bottom,590.241455078125,543.7299194335938,564.693603515625,421.5301513671875,615.7893676757812,543.7299194335938,0.8160284757614136
game8/Clip8,294,126,player_top,613.2232055664062,234.36167907714844,582.8692016601562,164.2803955078125,643.5772094726562,234.36167907714844,0.7790059447288513
game8/Clip8,295,125,player_bottom,594.391357421875,541.24609375,569.8196411132812,422.26361083984375,618.9630126953125,541.24609375,0.8500965237617493
game8/Clip8,295,126,player_top,605.48388671875,234.5349884033203,575.22021484375,162.68093872070312,635.74755859375,234.5349884033203,0.8193585276603699
game8/Clip8,296,125,player_bottom,596.58935546875,538.9025268554688,572.6722412109375,422.33087158203125,620.5064086914062,538.9025268554688,0.8366600275039673
game8/Clip8,296,126,player_top,598.16943359375,234.73562622070312,568.02294921875,160.70684814453125,628.31591796875,234.73562622070312,0.8329382538795471
game8/Clip8,297,125,player_bottom,597.4325561523438,537.3170776367188,573.796142578125,421.5543518066406,621.0689697265625,537.3170776367188,0.8276318311691284
game8/Clip8,297,126,player_top,593.5579833984375,234.784423828125,563.4804077148438,158.19345092773438,623.6356201171875,234.784423828125,0.8350256085395813
game8/Clip8,298,125,player_bottom,597.4849853515625,536.5660400390625,573.6508178710938,419.088134765625,621.3191528320312,536.5660400390625,0.8113590478897095
game8/Clip8,298,126,player_top,589.83544921875,234.7544708251953,560.1183471679688,156.35499572753906,619.552490234375,234.7544708251953,0.8305490016937256
game8/Clip8,299,125,player_bottom,597.5420532226562,535.2749633789062,573.643798828125,416.0184631347656,621.4403076171875,535.2749633789062,0.8140189051628113
game8/Clip8,299,126,player_top,585.5689697265625,234.6433563232422,556.0272827148438,154.06480407714844,615.1107177734375,234.6433563232422,0.8164851069450378
game8/Clip8,300,125,player_bottom,597.025634765625,534.5399780273438,573.0996704101562,413.0482482910156,620.95166015625,534.5399780273438,0.7664484977722168
game8/Clip8,300,126,player_top,581.8175048828125,234.26402282714844,552.362060546875,151.68798828125,611.27294921875,234.26402282714844,0.8377270102500916
game8/Clip8,301,125,player_bottom,595.721435546875,533.1244506835938,571.895263671875,409.75439453125,619.547607421875,533.1244506835938,0.7877634763717651
game8/Clip8,301,126,player_top,577.6651000976562,232.34754943847656,549.6300659179688,152.15480041503906,605.7001342773438,232.34754943847656,0.831060528755188
game8/Clip8,302,125,player_bottom,595.9185180664062,531.7479248046875,572.4859008789062,407.91357421875,619.3511352539062,531.7479248046875,0.7148760557174683
game8/Clip8,302,126,player_top,573.6925048828125,231.99710083007812,546.2395629882812,152.06959533691406,601.1453857421875,231.99710083007812,0.8482903242111206
game8/Clip8,303,125,player_bottom,596.6790161132812,530.6607055664062,573.7908935546875,406.8952331542969,619.567138671875,530.6607055664062,0.7883137464523315
game8/Clip8,303,126,player_top,570.3359985351562,231.22190856933594,543.9129638671875,152.4089813232422,596.759033203125,231.22190856933594,0.8041680455207825
game8/Clip8,304,125,player_bottom,597.5089111328125,528.4436645507812,575.4177856445312,406.68212890625,619.60009765625,528.4436645507812,0.8183098435401917
game8/Clip8,304,126,player_top,566.2448120117188,231.16343688964844,540.3547973632812,151.1033935546875,592.1348266601562,231.16343688964844,0.8115861415863037
game8/Clip8,305,125,player_bottom,597.8563842773438,526.65869140625,576.4334716796875,406.8254089355469,619.279296875,526.65869140625,0.8353343605995178
game8/Clip8,305,126,player_top,562.5011596679688,230.9918975830078,537.4773559570312,150.03628540039062,587.5249633789062,230.9918975830078,0.7951056361198425
game8/Clip8,306,125,player_bottom,598.3004150390625,524.5380249023438,577.3593139648438,406.3703918457031,619.2415161132812,524.5380249023438,0.8283866047859192
game8/Clip8,306,126,player_top,559.1373291015625,230.95692443847656,534.9030151367188,148.35406494140625,583.3717041015625,230.95692443847656,0.798919677734375
game8/Clip8,307,125,player_bottom,598.1343383789062,522.2213745117188,577.4805297851562,405.3385925292969,618.7881469726562,522.2213745117188,0.8222509026527405
game8/Clip8,307,126,player_top,555.8228759765625,231.86981201171875,532.184814453125,146.93360900878906,579.4609375,231.86981201171875,0.791644811630249
game8/Clip8,308,125,player_bottom,597.542236328125,520.2802124023438,576.8969116210938,403.41705322265625,618.1875,520.2802124023438,0.8086307644844055
game8/Clip8,308,126,player_top,551.983642578125,231.04051208496094,529.2424926757812,145.42955017089844,574.724853515625,231.04051208496094,0.7759185433387756
game8/Clip8,309,125,player_bottom,598.5050048828125,518.4422607421875,577.8214111328125,400.6219482421875,619.1886596679688,518.4422607421875,0.8044772744178772
game8/Clip8,309,126,player_top,548.28955078125,230.84564208984375,526.3070068359375,144.72695922851562,570.2720947265625,230.84564208984375,0.8085021376609802
game8/Clip8,310,125,player_bottom,599.1688232421875,517.3126220703125,578.486572265625,398.597900390625,619.8511352539062,517.3126220703125,0.8104622960090637
game8/Clip8,310,126,player_top,544.3564453125,230.59927368164062,522.9481201171875,144.72337341308594,565.7647705078125,230.59927368164062,0.8149199485778809
game8/Clip8,311,125,player_bottom,599.208251953125,516.502197265625,578.4922485351562,397.07818603515625,619.9241943359375,516.502197265625,0.8157713413238525
game8/Clip8,311,126,player_top,541.7108154296875,230.46759033203125,520.7218627929688,144.55052185058594,562.6997680664062,230.46759033203125,0.8362717032432556
game8/Clip8,312,125,player_bottom,600.12646484375,516.2423706054688,579.4633178710938,396.1094970703125,620.7896118164062,516.2423706054688,0.8054774403572083
game8/Clip8,312,126,player_top,540.5519409179688,230.365966796875,520.0029296875,144.68484497070312,561.1009521484375,230.365966796875,0.8467661142349243
game8/Clip8,313,125,player_bottom,600.64501953125,516.0390014648438,580.1766357421875,395.85028076171875,621.1134033203125,516.0390014648438,0.8010169863700867
game8/Clip8,313,126,player_top,539.1141967773438,230.4333953857422,519.0054321289062,144.7521209716797,559.2229614257812,230.4333953857422,0.8341863751411438
game8/Clip8,314,125,player_bottom,601.27734375,515.8989868164062,581.0921630859375,396.012939453125,621.4625854492188,515.8989868164062,0.8027567863464355
game8/Clip8,314,126,player_top,538.128662109375,230.66552734375,518.3623046875,144.19602966308594,557.8949584960938,230.66552734375,0.8304694294929504
game8/Clip8,315,125,player_bottom,601.2382202148438,515.5404052734375,581.21484375,395.8185119628906,621.2615966796875,515.5404052734375,0.796323835849762
game8/Clip8,315,126,player_top,536.5511474609375,230.3977508544922,517.3744506835938,143.73297119140625,555.7278442382812,230.3977508544922,0.8217484354972839
game8/Clip8,316,125,player_bottom,600.5906982421875,514.203125,580.625732421875,395.2137451171875,620.5556030273438,514.203125,0.7910194396972656
game8/Clip8,316,126,player_top,534.3426513671875,229.29647827148438,515.9871826171875,143.36219787597656,552.6980590820312,229.29647827148438,0.8198332786560059
game8/Clip8,317,125,player_bottom,600.86572265625,511.54205322265625,581.1170654296875,394.4967956542969,620.6143798828125,511.54205322265625,0.8493675589561462
game8/Clip8,317,126,player_top,531.9150390625,229.55120849609375,514.0348510742188,142.3323974609375,549.7952880859375,229.55120849609375,0.7719811201095581
game8/Clip8,318,125,player_bottom,601.55712890625,508.90966796875,582.022705078125,393.7828369140625,621.0914916992188,508.90966796875,0.8644492030143738
game8/Clip8,318,126,player_top,529.972900390625,229.0173797607422,512.6019287109375,140.80703735351562,547.3438110351562,229.0173797607422,0.7403196096420288
game8/Clip9,0,144,player_bottom,553.156494140625,610.4010009765625,525.127685546875,482.9423828125,581.1853637695312,610.4010009765625,0.8451045751571655
game8/Clip9,0,143,player_top,802.4527587890625,232.0596466064453,777.4278564453125,163.6654510498047,827.4776611328125,232.0596466064453,0.861511766910553
game8/Clip9,1,144,player_bottom,553.156494140625,610.4010009765625,525.127685546875,482.9423828125,581.1853637695312,610.4010009765625,0.8451045751571655
game8/Clip9,1,143,player_top,802.4527587890625,232.0596466064453,777.4278564453125,163.6654510498047,827.4776611328125,232.0596466064453,0.861511766910553
game8/Clip9,2,144,player_bottom,554.4967041015625,604.6220703125,526.5516357421875,477.3971252441406,582.4417114257812,604.6220703125,0.8537415862083435
game8/Clip9,2,143,player_top,802.5152587890625,232.11769104003906,777.5629272460938,163.9368438720703,827.4676513671875,232.11769104003906,0.8600254058837891
game8/Clip9,3,144,player_bottom,557.3631591796875,600.880126953125,528.726806640625,469.8456726074219,585.9995727539062,600.880126953125,0.8429761528968811
game8/Clip9,3,143,player_top,802.572265625,232.08729553222656,777.63671875,163.97088623046875,827.5078735351562,232.08729553222656,0.8609749674797058
game8/Clip9,4,144,player_bottom,561.3331298828125,596.4727783203125,530.3184814453125,452.7289733886719,592.3477783203125,596.4727783203125,0.8363524079322815
game8/Clip9,4,143,player_top,802.558349609375,232.02383422851562,777.40576171875,163.30995178222656,827.7108764648438,232.02383422851562,0.859197199344635
game8/Clip9,5,144,player_bottom,565.023193359375,594.0831909179688,534.238525390625,449.5476379394531,595.8079223632812,594.0831909179688,0.8655057549476624
game8/Clip9,5,143,player_top,802.52734375,231.88140869140625,777.1934814453125,162.647705078125,827.8612060546875,231.88140869140625,0.8589801788330078
game8/Clip9,6,144,player_bottom,569.8634033203125,595.6295776367188,538.7359008789062,447.443359375,600.9908447265625,595.6295776367188,0.8374508619308472
game8/Clip9,6,143,player_top,802.4608764648438,231.7703399658203,776.8456420898438,161.69781494140625,828.0761108398438,231.7703399658203,0.8523775339126587
game8/Clip9,7,144,player_bottom,572.4364013671875,594.3910522460938,544.5973510742188,460.57861328125,600.2755126953125,594.3910522460938,0.8430202603340149
game8/Clip9,7,143,player_top,802.0516967773438,231.72181701660156,776.2576904296875,161.05557250976562,827.845703125,231.72181701660156,0.8485842347145081
game8/Clip9,8,144,player_bottom,573.6368408203125,592.325927734375,548.0230712890625,468.20208740234375,599.2506713867188,592.325927734375,0.8611146807670593
game8/Clip9,8,143,player_top,800.1492919921875,231.54248046875,774.3182373046875,160.80886840820312,825.9804077148438,231.54248046875,0.8447978496551514
game8/Clip9,9,144,player_bottom,574.0222778320312,590.056884765625,550.1347045898438,473.50909423828125,597.9098510742188,590.056884765625,0.8440802693367004
game8/Clip9,9,143,player_top,797.764892578125,231.69021606445312,771.8534545898438,160.9279327392578,823.67626953125,231.69021606445312,0.8496319055557251
game8/Clip9,10,144,player_bottom,574.4674072265625,589.3273315429688,551.5980834960938,477.9190368652344,597.3367919921875,589.3273315429688,0.8587223887443542
game8/Clip9,10,143,player_top,795.2933349609375,232.113525390625,769.3899536132812,161.8629150390625,821.19677734375,232.113525390625,0.8455291390419006
game8/Clip9,11,144,player_bottom,572.5806274414062,589.2817993164062,550.4552612304688,481.9729919433594,594.7059936523438,589.2817993164062,0.8730867505073547
game8/Clip9,11,143,player_top,793.7410888671875,233.0084991455078,767.9391479492188,163.4905242919922,819.5430908203125,233.0084991455078,0.8582444190979004
game8/Clip9,12,144,player_bottom,570.7894287109375,589.202880859375,549.39990234375,486.0641174316406,592.1790161132812,589.202880859375,0.876959502696991
game8/Clip9,12,143,player_top,793.2522583007812,233.40972900390625,767.5940551757812,164.7796630859375,818.9104614257812,233.40972900390625,0.8544982671737671
game8/Clip9,13,144,player_bottom,569.6714477539062,589.4136352539062,548.5293579101562,487.72418212890625,590.8135375976562,589.4136352539062,0.8676163554191589
game8/Clip9,13,143,player_top,793.1912841796875,233.42776489257812,767.5592651367188,165.47032165527344,818.8233032226562,233.42776489257812,0.8454230427742004
game8/Clip9,14,144,player_bottom,567.7877197265625,589.5988159179688,546.5324096679688,488.2006530761719,589.0430908203125,589.5988159179688,0.8723509907722473
game8/Clip9,14,143,player_top,793.5991821289062,233.45111083984375,767.7105102539062,165.4060516357422,819.4878540039062,233.45111083984375,0.8467144966125488
game8/Clip9,15,144,player_bottom,565.3030395507812,589.485107421875,543.6025390625,487.4544982910156,587.0035400390625,589.485107421875,0.8824931979179382
game8/Clip9,15,143,player_top,794.35009765625,233.23654174804688,767.9331665039062,164.4748992919922,820.7669677734375,233.23654174804688,0.8314571976661682
game8/Clip9,16,144,player_bottom,564.3685302734375,589.4345092773438,542.0873413085938,485.3690490722656,586.649658203125,589.4345092773438,0.8772941827774048
game8/Clip9,16,143,player_top,795.840087890625,232.70423889160156,768.7994995117188,163.40219116210938,822.8806762695312,232.70423889160156,0.8533737659454346
game8/Clip9,17,144,player_bottom,564.0947875976562,589.08984375,541.3697509765625,483.308349609375,586.81982421875,589.08984375,0.8682413101196289
game8/Clip9,17,143,player_top,796.89892578125,234.00686645507812,768.7756958007812,163.02212524414062,825.0220947265625,234.00686645507812,0.8646263480186462
game8/Clip9,18,144,player_bottom,564.6878662109375,589.505859375,541.7166748046875,482.2244873046875,587.6589965820312,589.505859375,0.8776543736457825
game8/Clip9,18,143,player_top,798.1182861328125,234.88308715820312,769.3314208984375,163.60601806640625,826.9051513671875,234.88308715820312,0.8400849103927612
game8/Clip9,19,144,player_bottom,564.79833984375,591.4188232421875,541.39453125,481.74810791015625,588.2022094726562,591.4188232421875,0.8598657846450806
game8/Clip9,19,143,player_top,799.4664306640625,234.9121551513672,770.4139404296875,163.81509399414062,828.5189208984375,234.9121551513672,0.8601035475730896
game8/Clip9,20,144,player_bottom,565.91259765625,593.2000732421875,542.2340087890625,481.39764404296875,589.5912475585938,593.2000732421875,0.8695554733276367
game8/Clip9,20,143,player_top,801.9649658203125,235.10867309570312,773.417724609375,165.7582244873047,830.5121459960938,235.10867309570312,0.8305442929267883
game8/Clip9,21,144,player_bottom,565.5137939453125,594.0979614257812,541.5849609375,482.833984375,589.442626953125,594.0979614257812,0.8745535016059875
game8/Clip9,21,143,player_top,804.5914306640625,235.55372619628906,775.274658203125,164.06736755371094,833.9081420898438,235.55372619628906,0.8405811190605164
game8/Clip9,22,144,player_bottom,564.90185546875,596.520751953125,540.4595336914062,484.80316162109375,589.3441162109375,596.520751953125,0.8789181113243103
game8/Clip9,22,143,player_top,807.058349609375,235.86224365234375,777.421630859375,163.0920867919922,836.695068359375,235.86224365234375,0.8299292922019958
game8/Clip9,23,144,player_bottom,562.0781860351562,598.8726196289062,536.7384033203125,486.2767333984375,587.41796875,598.8726196289062,0.8875651359558105
game8/Clip9,23,143,player_top,809.36279296875,236.42713928222656,779.7036743164062,162.8575439453125,839.0218505859375,236.42713928222656,0.8364988565444946
game8/Clip9,24,144,player_bottom,560.7224731445312,600.9766235351562,534.3718872070312,486.69091796875,587.0730590820312,600.9766235351562,0.8922874927520752
game8/Clip9,24,143,player_top,811.3502197265625,237.11463928222656,781.1367797851562,161.2321319580078,841.563720703125,237.11463928222656,0.8373674154281616
game8/Clip9,25,144,player_bottom,560.130615234375,602.4105224609375,532.8243408203125,485.56707763671875,587.4368286132812,602.4105224609375,0.890446662902832
game8/Clip9,25,143,player_top,813.4578857421875,237.39427185058594,783.11279296875,159.9453887939453,843.802978515625,237.39427185058594,0.8355598449707031
game8/Clip9,26,144,player_bottom,557.564697265625,603.5178833007812,529.5181884765625,483.34539794921875,585.6111450195312,603.5178833007812,0.8721110820770264
game8/Clip9,26,143,player_top,817.4210205078125,237.9412078857422,786.5459594726562,158.29598999023438,848.2960205078125,237.9412078857422,0.8470842242240906
game8/Clip9,27,144,player_bottom,554.3909912109375,603.73828125,526.09423828125,481.9027404785156,582.6878051757812,603.73828125,0.8691436052322388
game8/Clip9,27,143,player_top,821.1903076171875,238.00477600097656,790.166748046875,156.74705505371094,852.2139282226562,238.00477600097656,0.8405258059501648
game8/Clip9,28,144,player_bottom,550.1787719726562,603.706787109375,521.927978515625,481.2118835449219,578.4295654296875,603.706787109375,0.8704036474227905
game8/Clip9,28,143,player_top,823.91357421875,237.5375213623047,793.130126953125,154.63990783691406,854.6970825195312,237.5375213623047,0.8350536823272705
game8/Clip9,29,144,player_bottom,545.6320190429688,604.0874633789062,517.4697265625,480.7095642089844,573.7943115234375,604.0874633789062,0.895119309425354
game8/Clip9,29,143,player_top,826.6351318359375,236.87071228027344,796.7070922851562,153.47984313964844,856.5631103515625,236.87071228027344,0.8357841968536377
game8/Clip9,30,144,player_bottom,540.7630615234375,605.5985107421875,512.6448974609375,481.34814453125,568.8812866210938,605.5985107421875,0.8703051209449768
game8/Clip9,30,143,player_top,829.1827392578125,238.4364013671875,799.8858642578125,153.81228637695312,858.4796752929688,238.4364013671875,0.8038961887359619
game8/Clip9,31,144,player_bottom,534.6265869140625,608.88134765625,506.238037109375,483.9056701660156,563.0150756835938,608.88134765625,0.8803707361221313
game8/Clip9,31,143,player_top,831.4400634765625,239.7166748046875,802.7578735351562,153.7688751220703,860.1221923828125,239.7166748046875,0.8186013698577881
game8/Clip9,32,144,player_bottom,528.0496215820312,614.66455078125,498.8214416503906,486.9957580566406,557.27783203125,614.66455078125,0.8890104293823242
game8/Clip9,32,143,player_top,835.917236328125,238.87826538085938,808.3609008789062,153.8435821533203,863.4735717773438,238.87826538085938,0.817017138004303
game8/Clip9,33,144,player_bottom,521.013916015625,619.7142333984375,491.06195068359375,491.04412841796875,550.9658203125,619.7142333984375,0.8774672746658325
game8/Clip9,33,143,player_top,840.2781982421875,241.09527587890625,813.3009643554688,156.08917236328125,867.25537109375,241.09527587890625,0.826964259147644
game8/Clip9,34,144,player_bottom,515.4134521484375,623.0485229492188,484.76593017578125,495.2755432128906,546.0609741210938,623.0485229492188,0.8803998231887817
game8/Clip9,34,143,player_top,841.7760009765625,243.0594024658203,815.1240234375,157.24893188476562,868.4279174804688,243.0594024658203,0.780643880367279
game8/Clip9,35,144,player_bottom,512.0394287109375,624.1531982421875,480.8647155761719,499.30950927734375,543.214111328125,624.1531982421875,0.9051321148872375
game8/Clip9,35,143,player_top,843.038330078125,244.431396484375,817.2092895507812,160.0745086669922,868.8673706054688,244.431396484375,0.7823267579078674
game8/Clip9,36,144,player_bottom,510.7691955566406,624.0046997070312,478.899169921875,500.91302490234375,542.6392211914062,624.0046997070312,0.9025744199752808
game8/Clip9,36,143,player_top,845.28759765625,245.2425537109375,819.9224243164062,162.2045135498047,870.6527099609375,245.2425537109375,0.8009015321731567
game8/Clip9,37,144,player_bottom,510.39208984375,623.0001831054688,477.80169677734375,501.2143859863281,542.9824829101562,623.0001831054688,0.895597517490387
game8/Clip9,37,143,player_top,846.2811889648438,245.64129638671875,821.4937133789062,164.42431640625,871.0686645507812,245.64129638671875,0.7915942072868347
game8/Clip9,38,144,player_bottom,506.359375,622.0784301757812,473.4486999511719,500.784423828125,539.27001953125,622.0784301757812,0.870053231716156
game8/Clip9,38,143,player_top,847.363037109375,245.14479064941406,823.0909423828125,165.53945922851562,871.6351928710938,245.14479064941406,0.7947722673416138
game8/Clip9,39,144,player_bottom,497.360595703125,621.2330932617188,464.80987548828125,500.4579162597656,529.9113159179688,621.2330932617188,0.8684754371643066
game8/Clip9,39,143,player_top,847.4569702148438,245.01470947265625,823.3758544921875,166.1193389892578,871.5380859375,245.01470947265625,0.7762642502784729
game8/Clip9,40,144,player_bottom,485.9290771484375,621.1026000976562,454.12274169921875,501.0068054199219,517.7354125976562,621.1026000976562,0.8588413000106812
game8/Clip9,40,143,player_top,846.5706787109375,244.9230499267578,821.9140014648438,164.2436065673828,871.2274169921875,244.9230499267578,0.7561998963356018
game8/Clip9,41,144,player_bottom,474.45587158203125,622.9116821289062,443.0498046875,503.03240966796875,505.8619384765625,622.9116821289062,0.8613771200180054
game8/Clip9,41,74,player_top,205.46394087310532,393.6728280874399,187.29476576585037,325.2689459385016,223.63311598036023,393.6728280874399,0.7117875926514976
game8/Clip9,42,144,player_bottom,469.08636474609375,624.8800659179688,437.9432067871094,504.85400390625,500.22955322265625,624.8800659179688,0.853100597858429
game8/Clip9,42,74,player_top,205.4609132424379,393.6513930100661,187.28470083383414,325.23615206204926,223.63712565104166,393.6513930100661,0.7117341726254194
game8/Clip9,43,144,player_bottom,459.8896484375,625.3561401367188,428.33245849609375,507.6118469238281,491.4468688964844,625.3561401367188,0.8727762699127197
game8/Clip9,43,143,player_top,840.9378051757812,243.70921325683594,816.29541015625,163.2816619873047,865.5802001953125,243.70921325683594,0.7133340835571289
game8/Clip9,44,144,player_bottom,453.4792785644531,625.8482666015625,421.3361511230469,510.7376708984375,485.6224060058594,625.8482666015625,0.8755865097045898
game8/Clip9,44,74,player_top,205.4548579811031,393.6085228553185,187.2645709698017,325.17056430914465,223.6451449924045,393.6085228553185,0.711627332573263
game8/Clip9,45,144,player_bottom,445.8861083984375,627.4332275390625,412.8670654296875,514.4384765625,478.9051818847656,627.4332275390625,0.9072549343109131
game8/Clip9,45,143,player_top,829.74853515625,243.93885803222656,806.3497314453125,162.70001220703125,853.1472778320312,243.93885803222656,0.7978162169456482
game8/Clip9,46,144,player_bottom,441.2708740234375,628.0462646484375,407.7886047363281,518.1094970703125,474.753173828125,628.0462646484375,0.8938326835632324
game8/Clip9,46,143,player_top,825.8585205078125,242.41314697265625,803.7920532226562,162.84280395507812,847.9249267578125,242.41314697265625,0.7555122375488281
game8/Clip9,47,144,player_bottom,437.507568359375,628.2770385742188,403.8858947753906,521.3856811523438,471.1292724609375,628.2770385742188,0.8810004591941833
game8/Clip9,47,143,player_top,822.201171875,242.4099578857422,801.2515869140625,164.16934204101562,843.1507568359375,242.4099578857422,0.7468586564064026
game8/Clip9,48,144,player_bottom,434.33929443359375,628.2394409179688,400.3101501464844,522.1771850585938,468.368408203125,628.2394409179688,0.867595374584198
game8/Clip9,48,143,player_top,818.623291015625,244.07728576660156,798.111572265625,165.68907165527344,839.1350708007812,244.07728576660156,0.7350137233734131
game8/Clip9,49,144,player_bottom,427.4340515136719,628.2005004882812,393.15289306640625,524.643310546875,461.7152099609375,628.2005004882812,0.8861878514289856
game8/Clip9,49,143,player_top,813.9212646484375,244.28021240234375,793.6373291015625,166.9244842529297,834.2051391601562,244.28021240234375,0.7528939247131348
game8/Clip9,50,144,player_bottom,425.28900146484375,628.1516723632812,390.75592041015625,525.3153076171875,459.8220520019531,628.1516723632812,0.8680686950683594
game8/Clip9,50,143,player_top,807.8978271484375,244.7554931640625,787.8616333007812,170.4274444580078,827.9340209960938,244.7554931640625,0.7154607176780701
game8/Clip9,51,144,player_bottom,424.3657531738281,628.3951416015625,389.6278991699219,525.1082763671875,459.1036071777344,628.3951416015625,0.8413508534431458
game8/Clip9,51,143,player_top,802.0789794921875,245.45704650878906,780.50341796875,167.37030029296875,823.6546020507812,245.45704650878906,0.7897964119911194
game8/Clip9,52,144,player_bottom,424.87261962890625,628.128662109375,390.1303405761719,523.8082885742188,459.6148986816406,628.128662109375,0.8925285339355469
game8/Clip9,52,143,player_top,798.9283447265625,245.41407775878906,776.9672241210938,167.75071716308594,820.889404296875,245.41407775878906,0.7776556015014648
game8/Clip9,53,144,player_bottom,423.76226806640625,627.9899291992188,388.9284973144531,522.1239013671875,458.59600830078125,627.9899291992188,0.8854644894599915
game8/Clip9,53,143,player_top,796.3663330078125,245.7363739013672,773.9569091796875,167.1924285888672,818.7758178710938,245.7363739013672,0.7642523646354675
game8/Clip9,54,144,player_bottom,423.419189453125,627.8214721679688,388.4300231933594,519.6220703125,458.4083557128906,627.8214721679688,0.8932531476020813
game8/Clip9,54,143,player_top,794.2304077148438,245.46876525878906,771.7318115234375,166.60455322265625,816.72900390625,245.46876525878906,0.8288729786872864
game8/Clip9,55,144,player_bottom,422.7366638183594,627.7682495117188,387.7847900390625,517.3760986328125,457.68853759765625,627.7682495117188,0.8852372169494629
game8/Clip9,55,143,player_top,788.5036010742188,244.60667419433594,766.9663696289062,167.54949951171875,810.0408325195312,244.60667419433594,0.8230572938919067
game8/Clip9,56,144,player_bottom,424.0441589355469,627.893310546875,388.617431640625,514.1251831054688,459.47088623046875,627.893310546875,0.8239803910255432
game8/Clip9,56,143,player_top,782.033935546875,243.91641235351562,761.62060546875,169.0477294921875,802.4473266601562,243.91641235351562,0.7956474423408508
game8/Clip9,57,144,player_bottom,425.67974853515625,627.847412109375,389.7491455078125,510.81036376953125,461.6103210449219,627.847412109375,0.8058043718338013
game8/Clip9,57,143,player_top,776.501953125,246.012451171875,756.628173828125,171.41249084472656,796.3757934570312,246.012451171875,0.8145180344581604
game8/Clip9,58,144,player_bottom,431.269775390625,627.7999267578125,394.2750244140625,507.677978515625,468.2645263671875,627.7999267578125,0.7922016382217407
game8/Clip9,58,143,player_top,769.8507080078125,246.98463439941406,750.2576904296875,172.99842834472656,789.4437866210938,246.98463439941406,0.832876980304718
game8/Clip9,59,144,player_bottom,435.32965087890625,627.4337158203125,397.2671813964844,504.919189453125,473.3921203613281,627.4337158203125,0.7862265706062317
game8/Clip9,59,143,player_top,762.9762573242188,247.75299072265625,743.0277709960938,174.19129943847656,782.9247436523438,247.75299072265625,0.8542352318763733
game8/Clip9,60,144,player_bottom,440.15032958984375,626.9603271484375,401.08203125,502.3935852050781,479.2186279296875,626.9603271484375,0.7337773442268372
game8/Clip9,60,143,player_top,760.8118896484375,247.8335723876953,740.6008911132812,175.0994415283203,781.0228881835938,247.8335723876953,0.8489340543746948
game8/Clip9,61,144,player_bottom,437.3229064941406,626.7150268554688,399.2372741699219,501.3279113769531,475.4085388183594,626.7150268554688,0.607322633266449
game8/Clip9,61,143,player_top,759.8084716796875,247.63352966308594,739.3030395507812,175.23834228515625,780.3139038085938,247.63352966308594,0.8428735733032227
game8/Clip9,62,144,player_bottom,436.9749755859375,627.7135620117188,400.2179870605469,502.1307678222656,473.73193359375,627.7135620117188,0.6952596306800842
game8/Clip9,62,143,player_top,758.9407958984375,247.29685974121094,738.2352294921875,175.0449981689453,779.6463012695312,247.29685974121094,0.8299826383590698
game8/Clip9,63,144,player_bottom,438.21038818359375,628.3966674804688,402.45269775390625,503.0652160644531,473.9681091308594,628.3966674804688,0.8585238456726074
game8/Clip9,63,143,player_top,756.2841796875,246.88970947265625,735.4813232421875,174.21624755859375,777.0870361328125,246.88970947265625,0.8462219834327698
game8/Clip9,64,144,player_bottom,441.7054748535156,629.314453125,406.3906555175781,504.6468505859375,477.0202941894531,629.314453125,0.734131395816803
game8/Clip9,64,143,player_top,752.9627075195312,245.65109252929688,732.48388671875,173.3290557861328,773.4415283203125,245.65109252929688,0.8489612936973572
game8/Clip9,65,144,player_bottom,457.72113037109375,629.8070068359375,420.9656066894531,506.6528625488281,494.4766845703125,629.8070068359375,0.8758037686347961
game8/Clip9,65,143,player_top,748.5007934570312,244.83795166015625,727.9312133789062,172.5037078857422,769.0703735351562,244.83795166015625,0.8387938737869263
game8/Clip9,66,144,player_bottom,462.9307556152344,629.7905883789062,425.1290588378906,508.0118103027344,500.7324523925781,629.7905883789062,0.8506761789321899
game8/Clip9,66,143,player_top,742.6598510742188,246.25387573242188,721.6632690429688,172.28619384765625,763.6564331054688,246.25387573242188,0.8462936282157898
game8/Clip9,67,144,player_bottom,467.9609375,629.4447021484375,428.43170166015625,507.7113037109375,507.4901428222656,629.4447021484375,0.8577138781547546
game8/Clip9,67,143,player_top,739.6328735351562,246.75094604492188,718.2484130859375,172.1974639892578,761.017333984375,246.75094604492188,0.8695341348648071
game8/Clip9,68,144,player_bottom,470.6073913574219,628.9817504882812,429.4969177246094,507.0636291503906,511.7178649902344,628.9817504882812,0.8494402170181274
game8/Clip9,68,143,player_top,736.976806640625,247.35595703125,715.4519653320312,172.66561889648438,758.501708984375,247.35595703125,0.854106605052948
game8/Clip9,69,144,player_bottom,474.4051513671875,629.4205322265625,431.8941650390625,506.7630310058594,516.9161376953125,629.4205322265625,0.8543164134025574
game8/Clip9,69,143,player_top,733.4957275390625,247.4862823486328,712.2352905273438,172.79530334472656,754.7561645507812,247.4862823486328,0.8374900817871094
game8/Clip9,70,144,player_bottom,485.30145263671875,629.1263427734375,442.34320068359375,505.6391296386719,528.2597045898438,629.1263427734375,0.8285128474235535
game8/Clip9,70,143,player_top,731.1380615234375,248.0840606689453,710.1786499023438,172.958251953125,752.0975341796875,248.0840606689453,0.8393181562423706
game8/Clip9,71,144,player_bottom,494.5277099609375,629.5518188476562,451.6690368652344,504.3572998046875,537.3864135742188,629.5518188476562,0.8340945243835449
game8/Clip9,71,143,player_top,730.5603637695312,247.89028930664062,709.8587646484375,172.47132873535156,751.261962890625,247.89028930664062,0.837584376335144
game8/Clip9,72,144,player_bottom,499.689697265625,631.5404663085938,456.5596923828125,503.0255432128906,542.8197021484375,631.5404663085938,0.8836483359336853
game8/Clip9,72,143,player_top,730.6672973632812,248.15185546875,709.7911376953125,170.89614868164062,751.54345703125,248.15185546875,0.8065614104270935
game8/Clip9,73,144,player_bottom,504.0335998535156,629.5814819335938,462.08740234375,501.7847595214844,545.9797973632812,629.5814819335938,0.8454924821853638
game8/Clip9,73,143,player_top,731.5885620117188,248.37020874023438,710.224365234375,168.97268676757812,752.9527587890625,248.37020874023438,0.8150010108947754
game8/Clip9,74,144,player_bottom,508.0657958984375,630.2072143554688,466.8815612792969,501.8890380859375,549.2500610351562,630.2072143554688,0.8562211990356445
game8/Clip9,74,143,player_top,730.8496704101562,247.70669555664062,709.1995849609375,167.60462951660156,752.499755859375,247.70669555664062,0.8215440511703491
game8/Clip9,75,144,player_bottom,510.29632568359375,635.2296752929688,469.1875305175781,502.74725341796875,551.4051513671875,635.2296752929688,0.75906902551651
game8/Clip9,75,143,player_top,730.3936767578125,246.5480499267578,708.5015258789062,166.63059997558594,752.2858276367188,246.5480499267578,0.8391490578651428
game8/Clip9,76,144,player_bottom,515.2320556640625,638.6704711914062,474.9185485839844,504.9830627441406,555.5455322265625,638.6704711914062,0.7859408855438232
game8/Clip9,76,143,player_top,729.5064697265625,244.1847381591797,707.6791381835938,165.6750030517578,751.3338012695312,244.1847381591797,0.7967495322227478
game8/Clip9,77,144,player_bottom,520.3486328125,640.577392578125,481.27294921875,507.50341796875,559.4243774414062,640.577392578125,0.8797206282615662
game8/Clip9,77,143,player_top,729.2898559570312,241.3639373779297,707.7908935546875,165.09707641601562,750.788818359375,241.3639373779297,0.7874627709388733
game8/Clip9,78,144,player_bottom,527.826904296875,641.750244140625,489.8273010253906,510.2268371582031,565.8264770507812,641.750244140625,0.8896872997283936
game8/Clip9,78,143,player_top,730.2001953125,239.5155487060547,708.527587890625,163.85223388671875,751.8728637695312,239.5155487060547,0.825896680355072
game8/Clip9,79,144,player_bottom,537.2991943359375,641.9176025390625,499.9444885253906,511.7452392578125,574.6538696289062,641.9176025390625,0.8948487043380737
game8/Clip9,79,143,player_top,732.3700561523438,236.90841674804688,711.1090087890625,163.25961303710938,753.631103515625,236.90841674804688,0.7606949210166931
game8/Clip9,80,144,player_bottom,544.6273193359375,642.5206909179688,507.0669860839844,512.5350952148438,582.1876220703125,642.5206909179688,0.8969163298606873
game8/Clip9,80,143,player_top,732.632568359375,236.3242950439453,711.4263305664062,163.68020629882812,753.8388671875,236.3242950439453,0.7911121249198914
game8/Clip9,81,144,player_bottom,550.2310180664062,642.6143798828125,512.3064575195312,513.6494750976562,588.1555786132812,642.6143798828125,0.8951432704925537
game8/Clip9,81,143,player_top,733.8856201171875,236.4160919189453,712.3601684570312,163.09396362304688,755.4110717773438,236.4160919189453,0.8078466653823853
game8/Clip9,82,144,player_bottom,553.7138061523438,643.0198974609375,515.0531616210938,514.2696533203125,592.3744506835938,643.0198974609375,0.8927907943725586
game8/Clip9,82,143,player_top,734.6749267578125,236.46299743652344,712.840576171875,162.53111267089844,756.5092163085938,236.46299743652344,0.8289430737495422
game8/Clip9,83,144,player_bottom,555.7904052734375,643.6449584960938,516.5784912109375,515.0281372070312,595.0023193359375,643.6449584960938,0.9126026630401611
game8/Clip9,83,143,player_top,736.0787353515625,236.6573486328125,714.3477172851562,162.59324645996094,757.809814453125,236.6573486328125,0.8086144924163818
game8/Clip9,84,144,player_bottom,558.9911499023438,644.4375610351562,519.495361328125,515.261962890625,598.4869384765625,644.4375610351562,0.8991764783859253
game8/Clip9,84,143,player_top,737.9388427734375,236.32090759277344,716.3944091796875,162.40296936035156,759.4833374023438,236.32090759277344,0.8063074946403503
game8/Clip9,85,144,player_bottom,564.1018676757812,644.6522827148438,524.5767211914062,513.5827026367188,603.6270141601562,644.6522827148438,0.8847110271453857
game8/Clip9,85,143,player_top,738.065673828125,236.47410583496094,716.6032104492188,162.1165313720703,759.5281372070312,236.47410583496094,0.797060489654541
game8/Clip9,86,144,player_bottom,569.3291015625,644.5764770507812,530.244873046875,511.6471252441406,608.4133911132812,644.5764770507812,0.8814137578010559
game8/Clip9,86,143,player_top,738.07666015625,234.5204315185547,717.1589965820312,161.75955200195312,758.9943237304688,234.5204315185547,0.7959778904914856
game8/Clip9,87,144,player_bottom,572.0521240234375,644.0167236328125,533.573486328125,509.8664855957031,610.53076171875,644.0167236328125,0.8607529401779175
game8/Clip9,87,143,player_top,738.5863037109375,232.54319763183594,718.03271484375,161.13226318359375,759.1399536132812,232.54319763183594,0.8206189870834351
game8/Clip9,88,144,player_bottom,574.5157470703125,643.921630859375,536.7056884765625,509.1541748046875,612.3258666992188,643.921630859375,0.8570352792739868
game8/Clip9,88,143,player_top,738.6961669921875,231.2587432861328,718.2948608398438,160.4762420654297,759.0975341796875,231.2587432861328,0.8145107626914978
game8/Clip9,89,144,player_bottom,578.2852783203125,644.9503173828125,540.6565551757812,509.29913330078125,615.9140625,644.9503173828125,0.8737888336181641
game8/Clip9,89,143,player_top,738.4300537109375,229.30938720703125,718.3530883789062,159.9437713623047,758.5069580078125,229.30938720703125,0.791703462600708
game8/Clip9,90,144,player_bottom,581.967041015625,646.0626831054688,544.5787353515625,510.98089599609375,619.3554077148438,646.0626831054688,0.8889152407646179
game8/Clip9,90,143,player_top,738.3775634765625,228.49002075195312,718.0298461914062,158.6771697998047,758.7252807617188,228.49002075195312,0.8122206330299377
game8/Clip9,91,144,player_bottom,586.8795166015625,648.4935302734375,549.2970581054688,513.3856201171875,624.4619750976562,648.4935302734375,0.8831683993339539
game8/Clip9,91,143,player_top,737.27294921875,228.1967010498047,716.6886596679688,158.16343688964844,757.8572387695312,228.1967010498047,0.7993987798690796
game8/Clip9,92,144,player_bottom,591.247314453125,649.0164184570312,553.7260131835938,515.56494140625,628.7686157226562,649.0164184570312,0.8823176622390747
game8/Clip9,92,143,player_top,736.505126953125,228.59886169433594,715.2139892578125,156.49615478515625,757.7962036132812,228.59886169433594,0.8536141514778137
game8/Clip9,93,144,player_bottom,594.8594970703125,648.8529663085938,557.4150390625,516.8547973632812,632.3038940429688,648.8529663085938,0.8842308521270752
game8/Clip9,93,143,player_top,736.0718994140625,229.0962371826172,714.197509765625,154.99905395507812,757.9462890625,229.0962371826172,0.8566983938217163
game8/Clip9,94,144,player_bottom,596.966064453125,649.0966796875,559.2779541015625,517.1970825195312,634.6541137695312,649.0966796875,0.8884338736534119
game8/Clip9,94,143,player_top,735.396728515625,230.5518341064453,712.930419921875,154.17523193359375,757.8630981445312,230.5518341064453,0.8449423313140869
game8/Clip9,95,144,player_bottom,598.5731811523438,650.4906005859375,560.564453125,517.5029296875,636.5819091796875,650.4906005859375,0.8762316703796387
game8/Clip9,95,143,player_top,733.9419555664062,229.7452850341797,711.7093505859375,154.07073974609375,756.174560546875,229.7452850341797,0.8554600477218628
game8/Clip9,96,144,player_bottom,600.349609375,652.734130859375,562.0330200195312,518.1666259765625,638.666259765625,652.734130859375,0.8767017126083374
game8/Clip9,96,143,player_top,732.6297607421875,229.21981811523438,710.443359375,153.6425323486328,754.816162109375,229.21981811523438,0.8255449533462524
game8/Clip9,97,144,player_bottom,602.490234375,656.13671875,564.02392578125,520.3285522460938,640.9566040039062,656.13671875,0.8800431489944458
game8/Clip9,97,143,player_top,729.667236328125,227.40794372558594,708.0881958007812,153.55770874023438,751.2462768554688,227.40794372558594,0.7776439785957336
game8/Clip9,98,144,player_bottom,603.4241943359375,659.9806518554688,564.9488525390625,523.6087646484375,641.8995971679688,659.9806518554688,0.8930540084838867
game8/Clip9,98,143,player_top,727.10302734375,227.89776611328125,705.3646240234375,152.3821563720703,748.8413696289062,227.89776611328125,0.7693992853164673
game8/Clip9,99,144,player_bottom,602.6419677734375,662.5347290039062,564.5411987304688,527.656982421875,640.7427368164062,662.5347290039062,0.895753026008606
game8/Clip9,99,143,player_top,724.8759765625,229.3442840576172,703.7474365234375,154.54481506347656,746.0045166015625,229.3442840576172,0.8012282848358154
game8/Clip9,100,144,player_bottom,601.9110107421875,664.348876953125,564.0905151367188,530.9644775390625,639.7315673828125,664.348876953125,0.8881024122238159
game8/Clip9,100,143,player_top,722.917236328125,229.17266845703125,702.112548828125,153.74447631835938,743.721923828125,229.17266845703125,0.779585063457489
game8/Clip9,101,144,player_bottom,601.7413330078125,665.0645141601562,564.01416015625,532.6312255859375,639.468505859375,665.0645141601562,0.8810836672782898
game8/Clip9,101,143,player_top,720.7315673828125,230.2054901123047,700.06591796875,153.5244598388672,741.3971557617188,230.2054901123047,0.7657986879348755
game8/Clip9,102,144,player_bottom,601.3153076171875,665.316162109375,563.2496948242188,532.0781860351562,639.3809814453125,665.316162109375,0.8798202276229858
game8/Clip9,102,143,player_top,718.982666015625,231.6103973388672,698.7386474609375,154.8130645751953,739.2267456054688,231.6103973388672,0.7876200675964355
game8/Clip9,103,144,player_bottom,601.357177734375,664.3034057617188,562.88427734375,529.8115844726562,639.830078125,664.3034057617188,0.8921297788619995
game8/Clip9,103,143,player_top,716.7041015625,233.4526824951172,696.377197265625,155.16294860839844,737.0310668945312,233.4526824951172,0.8107502460479736
game8/Clip9,104,144,player_bottom,600.801513671875,663.4845581054688,561.836669921875,526.8668823242188,639.7664184570312,663.4845581054688,0.9005898237228394
game8/Clip9,104,143,player_top,715.2421264648438,233.9508056640625,695.0426635742188,155.1242218017578,735.4415893554688,233.9508056640625,0.8282504081726074
game8/Clip9,105,144,player_bottom,599.015625,661.9884643554688,559.8239135742188,523.5164184570312,638.2073974609375,661.9884643554688,0.8960830569267273
game8/Clip9,105,143,player_top,714.0853271484375,234.3629150390625,694.1766357421875,155.23020935058594,733.9939575195312,234.3629150390625,0.8133863806724548
game8/Clip9,106,144,player_bottom,595.5840454101562,662.041015625,556.4580688476562,521.5408325195312,634.7100219726562,662.041015625,0.894493579864502
game8/Clip9,106,143,player_top,713.4716186523438,234.73133850097656,693.7631225585938,154.8905487060547,733.1801147460938,234.73133850097656,0.7948266863822937
game8/Clip9,107,144,player_bottom,591.7093505859375,662.029296875,552.8308715820312,520.7802734375,630.5877685546875,662.029296875,0.882860004901886
game8/Clip9,107,143,player_top,713.7003173828125,234.7297821044922,693.9986572265625,153.8821563720703,733.4020385742188,234.7297821044922,0.8092236518859863
game8/Clip9,108,144,player_bottom,587.669677734375,662.5838623046875,549.054931640625,521.4573364257812,626.284423828125,662.5838623046875,0.8715817928314209
game8/Clip9,108,143,player_top,712.4444580078125,234.92892456054688,692.88232421875,153.39744567871094,732.006591796875,234.92892456054688,0.8103349208831787
game8/Clip9,109,144,player_bottom,583.2974853515625,663.51513671875,544.99853515625,523.4653930664062,621.596435546875,663.51513671875,0.8710561394691467
game8/Clip9,109,143,player_top,709.170654296875,234.97607421875,690.02880859375,152.68222045898438,728.3125610351562,234.97607421875,0.7799350023269653
game8/Clip9,110,144,player_bottom,578.3728637695312,665.3101196289062,540.201416015625,526.65478515625,616.5443115234375,665.3101196289062,0.8882082104682922
game8/Clip9,110,143,player_top,707.519287109375,234.82550048828125,688.949462890625,152.41375732421875,726.0891723632812,234.82550048828125,0.7644290924072266
game8/Clip9,111,144,player_bottom,574.1912231445312,666.85888671875,536.4591674804688,531.9150390625,611.9232788085938,666.85888671875,0.8960610628128052
game8/Clip9,111,143,player_top,706.67431640625,234.74862670898438,688.5730590820312,151.97142028808594,724.7755126953125,234.74862670898438,0.7712459564208984
game8/Clip9,112,144,player_bottom,571.494140625,668.5946655273438,534.4141235351562,538.4287719726562,608.57421875,668.5946655273438,0.8999727368354797
game8/Clip9,112,143,player_top,704.8712158203125,234.79571533203125,687.001708984375,151.58380126953125,722.7406616210938,234.79571533203125,0.7873417735099792
game8/Clip9,113,144,player_bottom,569.3056640625,669.1900024414062,533.189208984375,544.990478515625,605.422119140625,669.1900024414062,0.8967638611793518
game8/Clip9,113,143,player_top,704.2644653320312,233.75845336914062,686.7955932617188,150.3053741455078,721.7333374023438,233.75845336914062,0.7182087302207947
game8/Clip9,114,144,player_bottom,568.1808471679688,669.2568359375,532.6292114257812,549.4210815429688,603.7324829101562,669.2568359375,0.8984023928642273
game8/Clip9,114,143,player_top,703.197998046875,233.5430450439453,686.27587890625,151.6077880859375,720.1200561523438,233.5430450439453,0.7535220384597778
game8/Clip9,115,144,player_bottom,567.9312744140625,669.0399780273438,532.0735473632812,550.3999633789062,603.7890014648438,669.0399780273438,0.8998957872390747
game8/Clip9,115,143,player_top,701.5283203125,233.39942932128906,684.876708984375,152.20419311523438,718.1798706054688,233.39942932128906,0.7160352468490601
game8/Clip9,116,144,player_bottom,570.108154296875,668.3885498046875,533.2100830078125,548.6116943359375,607.0062866210938,668.3885498046875,0.9044622778892517
game8/Clip9,116,143,player_top,700.506591796875,233.38414001464844,684.0595703125,152.9114532470703,716.9536743164062,233.38414001464844,0.7922210693359375
game8/Clip9,117,144,player_bottom,573.3062744140625,667.8047485351562,535.385498046875,546.9255981445312,611.22705078125,667.8047485351562,0.8854819536209106
game8/Clip9,117,143,player_top,699.3935546875,233.1122055053711,682.906005859375,152.9955825805664,715.881103515625,233.1122055053711,0.8063172996044159
game8/Clip9,118,144,player_bottom,580.4744262695312,668.3241577148438,541.5726318359375,545.9197387695312,619.376220703125,668.3241577148438,0.8443686366081238
game8/Clip9,118,143,player_top,698.280517578125,232.84027099609375,681.75244140625,153.0797119140625,714.8085327148438,232.84027099609375,0.8204135298728943
game8/Clip9,119,144,player_bottom,592.6217651367188,668.977294921875,553.1485595703125,546.1514892578125,632.094970703125,668.977294921875,0.8533028364181519
game8/Clip9,119,143,player_top,697.2125244140625,233.99057006835938,680.3577270507812,153.5021209716797,714.0673828125,233.99057006835938,0.8238353729248047
game8/Clip9,120,144,player_bottom,607.532958984375,669.2803955078125,567.9998168945312,546.8653564453125,647.0661010742188,669.2803955078125,0.8536131381988525
game8/Clip9,120,143,player_top,696.6427612304688,235.23187255859375,679.3828125,153.6746063232422,713.9027099609375,235.23187255859375,0.8207576870918274
game8/Clip9,121,144,player_bottom,620.528564453125,669.2398681640625,580.5996704101562,547.1301879882812,660.45751953125,669.2398681640625,0.8613249063491821
game8/Clip9,121,143,player_top,695.534912109375,235.7899627685547,678.1046752929688,153.89724731445312,712.965087890625,235.7899627685547,0.8013677597045898
game8/Clip9,122,144,player_bottom,629.4530029296875,669.5416259765625,588.4633178710938,547.1013793945312,670.4426879882812,669.5416259765625,0.8718870282173157
game8/Clip9,122,143,player_top,693.9203491210938,235.96502685546875,676.3158569335938,153.17100524902344,711.5248413085938,235.96502685546875,0.8292037844657898
game8/Clip9,123,144,player_bottom,635.0064697265625,668.8346557617188,592.8778076171875,545.9562377929688,677.1351928710938,668.8346557617188,0.878174364566803
game8/Clip9,123,143,player_top,692.1629638671875,236.3648681640625,674.5250854492188,153.0207977294922,709.8008422851562,236.3648681640625,0.8213139772415161
game8/Clip9,124,144,player_bottom,642.8011474609375,667.5078735351562,599.4692993164062,544.7224731445312,686.133056640625,667.5078735351562,0.904466450214386
game8/Clip9,124,143,player_top,689.3950805664062,236.38491821289062,671.931884765625,152.6589813232422,706.8582763671875,236.38491821289062,0.8508799076080322
game8/Clip9,125,144,player_bottom,652.9371337890625,666.37646484375,606.9883422851562,538.4890747070312,698.8858642578125,666.37646484375,0.8782379031181335
game8/Clip9,125,143,player_top,686.8326416015625,235.97813415527344,669.8104858398438,152.87081909179688,703.8548583984375,235.97813415527344,0.8647010326385498
game8/Clip9,126,144,player_bottom,667.0067138671875,665.6373291015625,622.0404663085938,541.9689331054688,711.9730224609375,665.6373291015625,0.7439641952514648
game8/Clip9,126,143,player_top,684.2835083007812,237.1979522705078,667.3525390625,152.9996795654297,701.2144775390625,237.1979522705078,0.8383039236068726
game8/Clip9,127,144,player_bottom,691.463134765625,666.0928344726562,646.87548828125,542.8150024414062,736.0507202148438,666.0928344726562,0.5393170714378357
game8/Clip9,127,143,player_top,681.332275390625,238.189208984375,664.7352294921875,154.7439727783203,697.9292602539062,238.189208984375,0.8317080140113831
game8/Clip9,128,144,player_bottom,699.6560668945312,664.1934204101562,657.2136840820312,542.390625,742.0984497070312,664.1934204101562,0.5719560980796814
game8/Clip9,128,143,player_top,677.9064331054688,238.3105010986328,661.4754028320312,156.54544067382812,694.3374633789062,238.3105010986328,0.8467743396759033
game8/Clip9,129,144,player_bottom,704.234130859375,663.9910278320312,659.8980712890625,531.9088745117188,748.5701293945312,663.9910278320312,0.8294734954833984
game8/Clip9,129,143,player_top,674.68212890625,238.190185546875,658.1923217773438,158.6436004638672,691.171875,238.190185546875,0.8593097925186157
game8/Clip9,130,144,player_bottom,715.5162353515625,663.6790771484375,674.4140014648438,542.035888671875,756.6185302734375,663.6790771484375,0.8698713779449463
game8/Clip9,130,143,player_top,671.7930908203125,238.1259765625,654.7986450195312,159.8599395751953,688.7875366210938,238.1259765625,0.8593226671218872
game8/Clip9,131,144,player_bottom,729.2789916992188,663.09814453125,688.2899169921875,546.4609375,770.26806640625,663.09814453125,0.8695085644721985
game8/Clip9,131,143,player_top,668.7460327148438,238.40150451660156,650.81201171875,159.6248779296875,686.6800537109375,238.40150451660156,0.864461362361908
game8/Clip9,132,144,player_bottom,740.60107421875,661.0660400390625,697.6708374023438,544.1405029296875,783.5313720703125,661.0660400390625,0.8445928692817688
game8/Clip9,132,143,player_top,667.4002685546875,238.84176635742188,648.7130737304688,159.95458984375,686.0874633789062,238.84176635742188,0.8853341937065125
game8/Clip9,133,144,player_bottom,751.2669677734375,665.1353759765625,706.5432739257812,548.210693359375,795.9906616210938,665.1353759765625,0.8769358396530151
game8/Clip9,133,143,player_top,666.640380859375,238.89479064941406,647.337158203125,160.0811767578125,685.9435424804688,238.89479064941406,0.8639917373657227
game8/Clip9,134,144,player_bottom,761.9599609375,668.8521118164062,715.1516723632812,549.1179809570312,808.768310546875,668.8521118164062,0.8985872864723206
game8/Clip9,134,143,player_top,664.7701416015625,238.50401306152344,645.0394897460938,159.81796264648438,684.500732421875,238.50401306152344,0.8770882487297058
game8/Clip9,135,144,player_bottom,774.4150390625,670.2197875976562,727.1940307617188,549.4513549804688,821.6361083984375,670.2197875976562,0.8791007399559021
game8/Clip9,135,143,player_top,663.378662109375,238.15379333496094,643.2567749023438,159.1654815673828,683.50048828125,238.15379333496094,0.8677811026573181
game8/Clip9,136,144,player_bottom,784.1411743164062,670.71826171875,737.9779052734375,549.9595947265625,830.304443359375,670.71826171875,0.8707267642021179
game8/Clip9,136,143,player_top,660.4095458984375,237.75494384765625,640.216064453125,158.19705200195312,680.6029663085938,237.75494384765625,0.8489643335342407
game8/Clip9,137,144,player_bottom,791.3431396484375,670.9959716796875,745.988525390625,548.850341796875,836.6978149414062,670.9959716796875,0.8743430376052856
game8/Clip9,137,143,player_top,657.3143310546875,237.26588439941406,637.164306640625,156.46096801757812,677.4642944335938,237.26588439941406,0.8583410978317261
game8/Clip9,138,144,player_bottom,799.6983642578125,670.4320678710938,755.7233276367188,548.083251953125,843.6734619140625,670.4320678710938,0.7906623482704163
game8/Clip9,138,143,player_top,654.980712890625,236.68197631835938,635.2019653320312,155.41836547851562,674.7593994140625,236.68197631835938,0.849453330039978
game8/Clip9,139,144,player_bottom,812.77197265625,672.1455078125,759.6808471679688,518.7957763671875,865.8630981445312,672.1455078125,0.7706276774406433
game8/Clip9,139,143,player_top,652.3016967773438,235.39471435546875,633.1793823242188,155.09788513183594,671.4240112304688,235.39471435546875,0.8441327214241028
game8/Clip9,140,144,player_bottom,823.0712890625,673.5192260742188,774.6868286132812,531.5438842773438,871.4557495117188,673.5192260742188,0.8581679463386536
game8/Clip9,140,143,player_top,648.5706787109375,233.8111572265625,629.9515380859375,155.0054473876953,667.1898193359375,233.8111572265625,0.8428941965103149
game8/Clip9,141,144,player_bottom,833.9908447265625,674.731201171875,786.572998046875,533.9347534179688,881.40869140625,674.731201171875,0.8701953887939453
game8/Clip9,141,143,player_top,645.541748046875,232.2385711669922,627.6419677734375,157.41087341308594,663.4415893554688,232.2385711669922,0.8232380747795105
game8/Clip9,142,144,player_bottom,842.4833984375,676.0689697265625,796.914306640625,540.4038696289062,888.0524291992188,676.0689697265625,0.8776741027832031
game8/Clip9,142,143,player_top,643.9364711216518,231.85130310058594,625.8241664341518,158.18093872070312,662.0488368443081,231.85130310058594,0.8279729740960258
game8/Clip9,143,144,player_bottom,846.6544189453125,677.1721801757812,802.127197265625,545.517822265625,891.181640625,677.1721801757812,0.8369340896606445
game8/Clip9,143,143,player_top,642.3311941964286,231.4640350341797,624.006365094866,158.9510040283203,660.6560843331473,231.4640350341797,0.8327078734125409
game8/Clip9,144,144,player_bottom,851.6588134765625,677.3551025390625,808.1307983398438,548.94384765625,895.1868896484375,677.3551025390625,0.8149214386940002
game8/Clip9,144,143,player_top,640.7259172712054,231.07676696777344,622.1885637555804,159.7210693359375,659.2633318219866,231.07676696777344,0.8374427727290562
game8/Clip9,145,144,player_bottom,854.085693359375,676.7405395507812,811.2257690429688,551.1651611328125,896.9456176757812,676.7405395507812,0.8517554998397827
game8/Clip9,145,143,player_top,639.1206403459821,230.6894989013672,620.3707624162946,160.4911346435547,657.8705793108259,230.6894989013672,0.8421776720455715
game8/Clip9,146,144,player_bottom,857.811767578125,677.1756591796875,815.3734130859375,552.4965209960938,900.2501220703125,677.1756591796875,0.8606863617897034
game8/Clip9,146,143,player_top,637.515363420759,230.30223083496094,618.552961077009,161.26119995117188,656.4778267996652,230.30223083496094,0.8469125713620868
game8/Clip9,147,144,player_bottom,859.982177734375,678.003662109375,817.7658081054688,553.18798828125,902.1986083984375,678.003662109375,0.8624459505081177
game8/Clip9,147,143,player_top,635.9100864955357,229.9149627685547,616.7351597377232,162.03126525878906,655.0850742885044,229.9149627685547,0.8516474706786019
game8/Clip9,148,144,player_bottom,860.83349609375,677.2979125976562,819.2815551757812,553.9244995117188,902.385498046875,677.2979125976562,0.8883508443832397
game8/Clip9,148,143,player_top,634.3048095703125,229.52769470214844,614.9173583984375,162.80133056640625,653.6923217773438,229.52769470214844,0.8563823699951172
game8/Clip9,149,144,player_bottom,860.3435668945312,677.5521240234375,818.9387817382812,554.298095703125,901.7483520507812,677.5521240234375,0.8952826857566833
game8/Clip9,149,143,player_top,632.6693115234375,229.63763427734375,613.0401000976562,161.5435028076172,652.298583984375,229.63763427734375,0.8258254528045654
game8/Clip9,150,144,player_bottom,859.5140380859375,677.652099609375,818.2521362304688,554.7632446289062,900.7759399414062,677.652099609375,0.8998626470565796
game8/Clip9,150,143,player_top,632.2179565429688,230.17747497558594,612.2645263671875,160.4401397705078,652.17138671875,230.17747497558594,0.8169943690299988
game8/Clip9,151,144,player_bottom,858.5712890625,677.6904907226562,817.2285766601562,554.637451171875,899.9140014648438,677.6904907226562,0.9002043008804321
game8/Clip9,151,143,player_top,632.5643310546875,230.66085815429688,612.5235595703125,159.84732055664062,652.6051635742188,230.66085815429688,0.7994274497032166
game8/Clip9,152,144,player_bottom,855.6296997070312,677.547119140625,813.870361328125,554.2655639648438,897.3890380859375,677.547119140625,0.8826045989990234
game8/Clip9,152,143,player_top,633.6964111328125,230.51211547851562,614.016357421875,160.2345428466797,653.37646484375,230.51211547851562,0.7778445482254028
game8/Clip9,153,144,player_bottom,853.7529296875,677.2872314453125,811.3680419921875,553.2564086914062,896.1378784179688,677.2872314453125,0.8877067565917969
game8/Clip9,153,143,player_top,634.5966796875,230.82891845703125,615.1563720703125,160.57363891601562,654.0369262695312,230.82891845703125,0.7979455590248108
game8/Clip9,154,144,player_bottom,852.287109375,676.41064453125,809.1567993164062,551.041015625,895.4173583984375,676.41064453125,0.8557644486427307
game8/Clip9,154,143,player_top,636.1134033203125,232.05455017089844,616.6726684570312,161.00173950195312,655.5541381835938,232.05455017089844,0.7989752888679504
game8/Clip9,155,144,player_bottom,851.624267578125,676.5811767578125,807.6244506835938,548.83544921875,895.6240234375,676.5811767578125,0.8454398512840271
game8/Clip9,155,143,player_top,639.3157958984375,233.4190216064453,619.604736328125,160.52700805664062,659.0267944335938,233.4190216064453,0.7785032987594604
game8/Clip9,156,144,player_bottom,848.299072265625,676.338623046875,803.7514038085938,546.32080078125,892.8467407226562,676.338623046875,0.863078773021698
game8/Clip9,156,143,player_top,640.8489990234375,234.90103149414062,620.75830078125,160.0828094482422,660.939697265625,234.90103149414062,0.7854887247085571
game8/Clip9,157,144,player_bottom,841.936767578125,675.9213256835938,797.2019653320312,543.55810546875,886.6715087890625,675.9213256835938,0.8711307048797607
game8/Clip9,157,143,player_top,641.5072021484375,235.77621459960938,621.33154296875,159.89918518066406,661.682861328125,235.77621459960938,0.7426396012306213
game8/Clip9,158,144,player_bottom,833.88427734375,675.7891845703125,789.0831909179688,540.27294921875,878.6854248046875,675.7891845703125,0.8633391261100769
game8/Clip9,158,143,player_top,644.8594970703125,236.0961151123047,624.5046997070312,160.0911865234375,665.2142944335938,236.0961151123047,0.7320569157600403
game8/Clip9,159,144,player_bottom,825.3760986328125,675.4540405273438,781.1689453125,537.52734375,869.5831909179688,675.4540405273438,0.8666967749595642
game8/Clip9,159,74,player_top,205.20950317382812,392.0381774902344,186.58641052246094,323.3835754394531,223.83258056640625,392.0381774902344,0.7217671275138855
game8/Clip9,160,144,player_bottom,817.1928100585938,674.7373657226562,774.0938720703125,535.5700073242188,860.291748046875,674.7373657226562,0.8655459880828857
game8/Clip9,160,143,player_top,645.8676147460938,236.16651916503906,625.8539428710938,161.6383514404297,665.8812866210938,236.16651916503906,0.7924944758415222
game8/Clip9,161,144,player_bottom,812.9270629882812,674.3407592773438,771.1572265625,534.529052734375,854.6968994140625,674.3407592773438,0.8496390581130981
game8/Clip9,161,143,player_top,646.920166015625,236.74276733398438,626.7254638671875,162.3461151123047,667.1149291992188,236.74276733398438,0.7658203840255737
game8/Clip9,162,144,player_bottom,808.70654296875,672.5477294921875,768.8290405273438,534.596923828125,848.583984375,672.5477294921875,0.8478683829307556
game8/Clip9,162,143,player_top,648.6673583984375,236.74281311035156,627.84130859375,161.21139526367188,669.4934692382812,236.74281311035156,0.8214409351348877
game8/Clip9,163,144,player_bottom,804.502685546875,672.0392456054688,766.2048950195312,536.0206298828125,842.8004150390625,672.0392456054688,0.8556131720542908
game8/Clip9,163,143,player_top,649.3455200195312,237.61341857910156,628.1401977539062,161.77069091796875,670.5508422851562,237.61341857910156,0.8428665399551392
game8/Clip9,164,144,player_bottom,798.8350830078125,671.3052978515625,761.655517578125,538.5695190429688,836.0147094726562,671.3052978515625,0.8603205680847168
game8/Clip9,164,143,player_top,649.728515625,238.7211456298828,627.8936157226562,161.40481567382812,671.5634765625,238.7211456298828,0.8356799483299255
game8/Clip9,165,144,player_bottom,793.0478515625,671.4942016601562,756.1793212890625,541.4066772460938,829.9164428710938,671.4942016601562,0.8864122033119202
game8/Clip9,165,143,player_top,649.9386596679688,239.94900512695312,627.0153198242188,158.9688262939453,672.8619995117188,239.94900512695312,0.8073558211326599
game8/Clip9,166,144,player_bottom,787.157470703125,671.4468383789062,749.7909545898438,542.9208984375,824.5240478515625,671.4468383789062,0.9006878137588501
game8/Clip9,166,143,player_top,650.5516967773438,242.0010986328125,626.32958984375,155.7672119140625,674.7738037109375,242.0010986328125,0.8321389555931091
game8/Clip9,167,144,player_bottom,783.699951171875,670.624267578125,745.5040283203125,543.1049194335938,821.8958129882812,670.624267578125,0.8918718099594116
game8/Clip9,167,143,player_top,651.5308227539062,244.56906127929688,626.69970703125,155.01809692382812,676.3619384765625,244.56906127929688,0.85172039270401
game8/Clip9,168,144,player_bottom,781.513916015625,669.3234252929688,742.2650756835938,542.1121826171875,820.7627563476562,669.3234252929688,0.8811900615692139
game8/Clip9,168,143,player_top,652.3115234375,247.16416931152344,628.4774169921875,160.7495880126953,676.1455688476562,247.16416931152344,0.7976805567741394
game8/Clip9,169,144,player_bottom,779.264404296875,667.68701171875,739.0662841796875,540.0221557617188,819.4625854492188,667.68701171875,0.8827688097953796
game8/Clip9,169,143,player_top,652.847412109375,248.6170654296875,630.7717895507812,168.4424591064453,674.9229736328125,248.6170654296875,0.8048227429389954
game8/Clip9,170,144,player_bottom,773.958740234375,666.6892700195312,732.9356689453125,537.3165893554688,814.9818725585938,666.6892700195312,0.8756088018417358
game8/Clip9,170,143,player_top,650.882080078125,250.14910888671875,629.8265380859375,172.39224243164062,671.9375610351562,250.14910888671875,0.8192498683929443
game8/Clip9,171,144,player_bottom,764.677490234375,665.778076171875,722.8905029296875,534.0328979492188,806.4645385742188,665.778076171875,0.8466435670852661
game8/Clip9,171,143,player_top,649.7186279296875,250.7581329345703,629.5738525390625,175.3741912841797,669.8633422851562,250.7581329345703,0.8248519897460938
game8/Clip9,172,144,player_bottom,754.1671752929688,665.036865234375,712.047607421875,530.34326171875,796.2867431640625,665.036865234375,0.8591439127922058
game8/Clip9,172,143,player_top,649.6596069335938,250.40042114257812,630.03515625,176.57595825195312,669.2840576171875,250.40042114257812,0.8204628229141235
game8/Clip9,173,144,player_bottom,741.7379150390625,663.94677734375,700.0936889648438,527.1573486328125,783.3821411132812,663.94677734375,0.8516326546669006
game8/Clip9,173,143,player_top,649.2093505859375,250.00985717773438,629.9189453125,177.18948364257812,668.4996948242188,250.00985717773438,0.8249539136886597
game8/Clip9,174,144,player_bottom,729.898681640625,663.9047241210938,688.8538818359375,524.734619140625,770.9434204101562,663.9047241210938,0.8529383540153503
game8/Clip9,174,143,player_top,648.7777099609375,250.06529235839844,629.47265625,176.80426025390625,668.0828247070312,250.06529235839844,0.8326053619384766
game8/Clip9,175,144,player_bottom,722.134765625,663.1499633789062,682.4339599609375,523.6317749023438,761.8355712890625,663.1499633789062,0.84906005859375
game8/Clip9,175,143,player_top,649.0261840820312,250.076171875,629.7676391601562,176.512451171875,668.2847290039062,250.076171875,0.8352327346801758
game8/Clip9,176,144,player_bottom,714.0135498046875,664.956298828125,675.308837890625,524.4022827148438,752.7182006835938,664.956298828125,0.8716257214546204
game8/Clip9,176,143,player_top,648.3634643554688,250.2965087890625,629.0264892578125,176.29176330566406,667.700439453125,250.2965087890625,0.826211154460907
game8/Clip9,177,144,player_bottom,703.912109375,667.7095947265625,666.244140625,526.617919921875,741.580078125,667.7095947265625,0.8058345317840576
game8/Clip9,177,143,player_top,645.2589111328125,250.2777099609375,625.60595703125,176.50015258789062,664.9119262695312,250.2777099609375,0.762721836566925
game8/Clip9,178,144,player_bottom,692.7538452148438,672.989501953125,655.5569458007812,530.42724609375,729.9507446289062,672.989501953125,0.8551334738731384
game8/Clip9,178,74,player_top,205.20950317382812,392.0381774902344,186.58641052246094,323.3835754394531,223.83258056640625,392.0381774902344,0.7217671275138855
game8/Clip9,179,144,player_bottom,680.1998291015625,675.5081787109375,643.6826782226562,534.4241943359375,716.717041015625,675.5081787109375,0.8195244669914246
game8/Clip9,179,74,player_top,205.20950317382812,392.0381774902344,186.58641052246094,323.3835754394531,223.83258056640625,392.0381774902344,0.7217671275138855
game8/Clip9,180,144,player_bottom,670.2598876953125,675.955078125,634.1666870117188,536.8856811523438,706.3530883789062,675.955078125,0.8819448947906494
game8/Clip9,180,74,player_top,205.20950317382812,392.0381774902344,186.58641052246094,323.3835754394531,223.83258056640625,392.0381774902344,0.7217671275138855
game8/Clip9,181,144,player_bottom,664.8997802734375,675.55029296875,628.5864868164062,537.4747924804688,701.213134765625,675.55029296875,0.8722105622291565
game8/Clip9,181,74,player_top,205.20950317382812,392.0381774902344,186.58641052246094,323.3835754394531,223.83258056640625,392.0381774902344,0.7217671275138855
game8/Clip9,182,144,player_bottom,662.8094482421875,672.1674194335938,626.632080078125,537.4739990234375,698.98681640625,672.1674194335938,0.8693453669548035
game8/Clip9,182,74,player_top,205.20950317382812,392.0381774902344,186.58641052246094,323.3835754394531,223.83258056640625,392.0381774902344,0.7217671275138855
game8/Clip9,183,144,player_bottom,658.738037109375,667.5514526367188,623.6847534179688,537.3302001953125,693.791259765625,667.5514526367188,0.8872148990631104
game8/Clip9,183,74,player_top,205.20950317382812,392.0381774902344,186.58641052246094,323.3835754394531,223.83258056640625,392.0381774902344,0.7217671275138855
game8/Clip9,184,144,player_bottom,654.013427734375,665.0254516601562,619.439697265625,534.9678955078125,688.5870971679688,665.0254516601562,0.870893657207489
game8/Clip9,184,74,player_top,205.20950317382812,392.0381774902344,186.58641052246094,323.3835754394531,223.83258056640625,392.0381774902344,0.7217671275138855
game8/Clip9,185,144,player_bottom,650.1441650390625,663.5106201171875,615.84521484375,532.049560546875,684.4431762695312,663.5106201171875,0.8594500422477722
game8/Clip9,185,74,player_top,205.20950317382812,392.0381774902344,186.58641052246094,323.3835754394531,223.83258056640625,392.0381774902344,0.7217671275138855
game8/Clip9,186,144,player_bottom,649.063232421875,661.2640991210938,615.0250244140625,527.4339599609375,683.1013793945312,661.2640991210938,0.8776847720146179
game8/Clip9,186,74,player_top,205.20950317382812,392.0381774902344,186.58641052246094,323.3835754394531,223.83258056640625,392.0381774902344,0.7217671275138855
game8/Clip9,187,144,player_bottom,647.2020263671875,659.0139770507812,613.7006225585938,523.4525146484375,680.7034301757812,659.0139770507812,0.875066876411438
game8/Clip9,187,74,player_top,205.20950317382812,392.0381774902344,186.58641052246094,323.3835754394531,223.83258056640625,392.0381774902344,0.7217671275138855
game8/Clip9,188,144,player_bottom,645.6841430664062,658.018310546875,612.4968872070312,519.2866821289062,678.8713989257812,658.018310546875,0.8724455833435059
game8/Clip9,188,143,player_top,646.2310791015625,249.4257049560547,626.5321044921875,161.83477783203125,665.9301147460938,249.4257049560547,0.7290841341018677
game8/Clip9,189,144,player_bottom,643.8048095703125,655.0401611328125,611.7261352539062,516.5440673828125,675.8834838867188,655.0401611328125,0.8470857739448547
game8/Clip9,189,143,player_top,645.342041015625,249.62059020996094,625.666259765625,160.72454833984375,665.017822265625,249.62059020996094,0.7715945839881897
game8/Clip9,190,144,player_bottom,641.9645385742188,651.601318359375,611.01025390625,514.4401245117188,672.9188232421875,651.601318359375,0.7934419512748718
game8/Clip9,190,143,player_top,644.9441528320312,249.65318298339844,625.4120483398438,160.1397247314453,664.4762573242188,249.65318298339844,0.8024193048477173
game8/Clip9,191,144,player_bottom,640.2883911132812,646.235595703125,610.6851196289062,512.649658203125,669.8916625976562,646.235595703125,0.7721178531646729
game8/Clip9,191,143,player_top,645.2228393554688,249.5906982421875,626.0047607421875,160.03240966796875,664.44091796875,249.5906982421875,0.8156839609146118
game8/Clip9,192,144,player_bottom,638.4415283203125,641.2020874023438,609.8448486328125,510.2880554199219,667.0381469726562,641.2020874023438,0.8088536858558655
game8/Clip9,192,143,player_top,645.4930419921875,249.44146728515625,626.6163330078125,159.9374237060547,664.3698120117188,249.44146728515625,0.808524489402771
game8/Clip9,193,144,player_bottom,636.1328125,637.1478271484375,608.1725463867188,507.6720275878906,664.093017578125,637.1478271484375,0.8095260262489319
game8/Clip9,193,143,player_top,645.5957641601562,249.4121856689453,627.1055297851562,160.2645263671875,664.0859985351562,249.4121856689453,0.8129525780677795
game8/Clip9,194,144,player_bottom,633.713623046875,633.208251953125,606.1412353515625,504.33966064453125,661.2860717773438,633.208251953125,0.8485515713691711
game8/Clip9,194,143,player_top,643.9547119140625,249.0881805419922,625.871826171875,160.9804229736328,662.03759765625,249.0881805419922,0.8143512010574341
game8/Clip9,195,144,player_bottom,631.144775390625,629.004150390625,604.0078125,500.86334228515625,658.2817993164062,629.004150390625,0.8745390176773071
game8/Clip9,195,143,player_top,642.751953125,248.2553253173828,625.0350952148438,161.8603515625,660.46875,248.2553253173828,0.8106568455696106
game8/Clip9,196,144,player_bottom,627.91943359375,625.719482421875,600.7635498046875,497.1465148925781,655.0753784179688,625.719482421875,0.8558785915374756
game8/Clip9,196,143,player_top,641.5391845703125,247.802001953125,623.799560546875,161.42449951171875,659.2788696289062,247.802001953125,0.8291550278663635
game8/Clip9,197,144,player_bottom,624.9661865234375,623.85986328125,597.55712890625,493.9306945800781,652.375244140625,623.85986328125,0.8442690372467041
game8/Clip9,197,143,player_top,641.123046875,247.41180419921875,623.389404296875,161.15191650390625,658.856689453125,247.41180419921875,0.8191578984260559
game8/Clip9,198,144,player_bottom,621.7494506835938,622.8490600585938,594.0875244140625,491.2474365234375,649.411376953125,622.8490600585938,0.8460431098937988
game8/Clip9,198,143,player_top,640.45703125,247.35069274902344,622.668212890625,160.87991333007812,658.2457885742188,247.35069274902344,0.8294066190719604
game8/Clip9,199,144,player_bottom,619.2340698242188,622.6375732421875,591.29541015625,489.47296142578125,647.1727294921875,622.6375732421875,0.8582874536514282
game8/Clip9,199,143,player_top,639.766357421875,247.18824768066406,622.0438232421875,161.0526885986328,657.4888916015625,247.18824768066406,0.8265476226806641
game8/Clip9,200,144,player_bottom,616.6517333984375,622.5501708984375,588.4757690429688,488.44305419921875,644.8277587890625,622.5501708984375,0.8740074634552002
game8/Clip9,200,143,player_top,638.750732421875,246.92752075195312,621.0953369140625,161.46334838867188,656.4061889648438,246.92752075195312,0.8289325833320618
game8/Clip9,201,144,player_bottom,614.672607421875,622.7997436523438,586.3425903320312,487.88482666015625,643.0025634765625,622.7997436523438,0.8730589747428894
game8/Clip9,201,143,player_top,637.3203125,246.9080810546875,619.786865234375,162.5238037109375,654.853759765625,246.9080810546875,0.8319322466850281
game8/Clip9,202,144,player_bottom,612.6907958984375,622.4494018554688,584.3984985351562,487.82647705078125,640.9830322265625,622.4494018554688,0.865786075592041
game8/Clip9,202,143,player_top,636.0745849609375,247.31175231933594,618.6068725585938,164.05502319335938,653.5423583984375,247.31175231933594,0.8327755331993103
game8/Clip9,203,144,player_bottom,610.553955078125,621.9861450195312,582.3397216796875,487.6431579589844,638.7681274414062,621.9861450195312,0.8569320440292358
game8/Clip9,203,143,player_top,634.7138061523438,247.74642944335938,617.1748046875,165.24398803710938,652.2528076171875,247.74642944335938,0.8382615447044373
game8/Clip9,204,144,player_bottom,609.3453369140625,620.9403076171875,581.1818237304688,486.7583923339844,637.5087890625,620.9403076171875,0.8399587869644165
game8/Clip9,204,143,player_top,634.0660400390625,248.2069549560547,616.3373413085938,165.62623596191406,651.7947387695312,248.2069549560547,0.8319700956344604
game8/Clip9,205,144,player_bottom,608.1939697265625,619.623291015625,579.9490966796875,484.55450439453125,636.4388427734375,619.623291015625,0.8340886235237122
game8/Clip9,205,143,player_top,634.1026611328125,248.55221557617188,616.1218872070312,164.994384765625,652.0833740234375,248.55221557617188,0.8271461129188538
game8/Clip9,206,144,player_bottom,608.1680908203125,617.850341796875,580.0601196289062,481.98211669921875,636.2760620117188,617.850341796875,0.857835590839386
game8/Clip9,206,143,player_top,634.0885009765625,248.86769104003906,615.8531494140625,164.04261779785156,652.3237915039062,248.86769104003906,0.8253639340400696
game8/Clip9,207,144,player_bottom,608.2100830078125,615.5584716796875,580.3870239257812,479.6937255859375,636.0330810546875,615.5584716796875,0.8608629703521729
game8/Clip9,207,143,player_top,633.7281494140625,249.3222198486328,615.4006958007812,164.0567169189453,652.0556640625,249.3222198486328,0.8201464414596558
game8/Clip9,208,144,player_bottom,608.15380859375,613.56103515625,580.7153930664062,478.1778564453125,635.5922241210938,613.56103515625,0.8601000905036926
game8/Clip9,208,143,player_top,632.8036499023438,249.45387268066406,614.30322265625,163.07986450195312,651.3040771484375,249.45387268066406,0.8089708089828491
game8/Clip9,209,144,player_bottom,607.7642822265625,611.4364624023438,580.8179931640625,477.3873596191406,634.7105102539062,611.4364624023438,0.8597695231437683
game8/Clip9,209,143,player_top,632.2886962890625,250.18609619140625,613.4651489257812,162.587158203125,651.1122436523438,250.18609619140625,0.7880455851554871
game8/Clip9,210,144,player_bottom,607.1636962890625,609.798828125,580.6500244140625,477.18194580078125,633.6774291992188,609.798828125,0.8780787587165833
game8/Clip9,210,143,player_top,630.70703125,250.0756378173828,611.7640380859375,162.0623016357422,649.6499633789062,250.0756378173828,0.8246766924858093
game8/Clip9,211,144,player_bottom,606.792236328125,608.9796752929688,580.6454467773438,477.7037353515625,632.9390869140625,608.9796752929688,0.8807458877563477
game8/Clip9,211,143,player_top,628.6160888671875,250.97242736816406,609.6958618164062,163.093994140625,647.5362548828125,250.97242736816406,0.8346579074859619
game8/Clip9,212,144,player_bottom,606.9007568359375,608.6834106445312,580.99365234375,478.2254333496094,632.8079223632812,608.6834106445312,0.884401261806488
game8/Clip9,212,143,player_top,625.666259765625,251.08377075195312,606.8321533203125,162.23147583007812,644.5003662109375,251.08377075195312,0.8108558058738708
game8/Clip9,213,144,player_bottom,606.8460693359375,608.2352294921875,581.2236938476562,478.4705505371094,632.4683837890625,608.2352294921875,0.8865988254547119
game8/Clip9,213,143,player_top,623.03369140625,251.02980041503906,604.4491577148438,161.0480499267578,641.6182861328125,251.02980041503906,0.8172765374183655
game8/Clip9,214,144,player_bottom,607.03564453125,608.240234375,581.6546630859375,478.2243347167969,632.4166259765625,608.240234375,0.8900550007820129
game8/Clip9,214,143,player_top,621.1583251953125,251.21633911132812,602.7784423828125,159.7198486328125,639.5382690429688,251.21633911132812,0.8268104791641235
game8/Clip9,215,144,player_bottom,607.73388671875,607.802490234375,582.7277221679688,477.36419677734375,632.739990234375,607.802490234375,0.8837710618972778
game8/Clip9,215,143,player_top,619.0584716796875,250.89825439453125,600.9413452148438,158.20050048828125,637.1755981445312,250.89825439453125,0.8343155384063721
game8/Clip9,216,144,player_bottom,608.263916015625,606.8312377929688,583.8018188476562,476.40960693359375,632.7260131835938,606.8312377929688,0.8770405054092407
game8/Clip9,216,143,player_top,617.4627685546875,251.2545623779297,599.581298828125,157.39878845214844,635.3441772460938,251.2545623779297,0.8098216652870178
game8/Clip9,217,144,player_bottom,608.394775390625,606.5076293945312,584.4478149414062,475.7157287597656,632.3416748046875,606.5076293945312,0.8791657090187073
game8/Clip9,217,143,player_top,615.9923706054688,251.5330810546875,598.560546875,158.1886444091797,633.4241943359375,251.5330810546875,0.8143805265426636
game8/Clip9,218,144,player_bottom,608.784912109375,606.4331665039062,585.2913208007812,475.42071533203125,632.2785034179688,606.4331665039062,0.870894193649292
game8/Clip9,218,143,player_top,613.8074951171875,252.06402587890625,596.6101684570312,159.27432250976562,631.0047607421875,252.06402587890625,0.80702143907547
game8/Clip9,219,144,player_bottom,610.43798828125,606.319091796875,587.2246704101562,475.4103698730469,633.6513061523438,606.319091796875,0.8664029836654663
game8/Clip9,219,143,player_top,611.946044921875,252.14096069335938,595.02197265625,160.33697509765625,628.8701782226562,252.14096069335938,0.812067449092865
game8/Clip9,220,144,player_bottom,612.0584716796875,606.2163696289062,588.992919921875,475.4890441894531,635.1240234375,606.2163696289062,0.8634531497955322
game8/Clip9,220,143,player_top,609.7222900390625,252.25973510742188,593.0471801757812,162.3743896484375,626.3973388671875,252.25973510742188,0.8242714405059814
game8/Clip9,221,144,player_bottom,614.1958618164062,606.1749877929688,591.0947265625,475.8402404785156,637.2969970703125,606.1749877929688,0.8383390307426453
game8/Clip9,221,143,player_top,607.60595703125,252.33016967773438,590.8070068359375,162.87725830078125,624.4048461914062,252.33016967773438,0.8442694544792175
game8/Clip9,222,144,player_bottom,616.36572265625,606.0557250976562,593.0391235351562,476.0374450683594,639.6922607421875,606.0557250976562,0.8517706394195557
game8/Clip9,222,143,player_top,606.133056640625,252.1602020263672,589.2017211914062,163.14674377441406,623.064453125,252.1602020263672,0.8491512537002563
game8/Clip9,223,144,player_bottom,617.7916259765625,605.870361328125,594.1896362304688,476.2047424316406,641.3935546875,605.870361328125,0.8239253163337708
game8/Clip9,223,143,player_top,605.044921875,252.06781005859375,587.8501586914062,162.86898803710938,622.2396240234375,252.06781005859375,0.850976824760437
game8/Clip9,224,144,player_bottom,618.320068359375,605.6649780273438,594.47216796875,476.40155029296875,642.1680297851562,605.6649780273438,0.8621729016304016
game8/Clip9,224,143,player_top,604.6575317382812,252.43638610839844,587.1936645507812,162.85916137695312,622.1213989257812,252.43638610839844,0.851216733455658
game8/Clip9,225,144,player_bottom,617.8017578125,605.4524536132812,593.78466796875,476.45343017578125,641.81884765625,605.4524536132812,0.8622933030128479
game8/Clip9,225,143,player_top,603.823486328125,252.5745849609375,586.0580444335938,162.685302734375,621.5889282226562,252.5745849609375,0.8428722620010376
game8/Clip9,226,144,player_bottom,616.385009765625,605.38671875,592.3592529296875,476.4521484375,640.4107055664062,605.38671875,0.8565717339515686
game8/Clip9,226,143,player_top,603.3434448242188,252.56625366210938,585.3074340820312,162.67672729492188,621.3794555664062,252.56625366210938,0.8306769728660583
game8/Clip9,227,144,player_bottom,616.5391845703125,605.4602661132812,592.3624877929688,476.4205627441406,640.7158813476562,605.4602661132812,0.8393412232398987
game8/Clip9,227,143,player_top,602.639404296875,252.47012329101562,584.455078125,162.716796875,620.8237915039062,252.47012329101562,0.8429522514343262
game8/Clip9,228,144,player_bottom,618.1256103515625,605.1990966796875,593.6561889648438,476.0030517578125,642.5950927734375,605.1990966796875,0.852443277835846
game8/Clip9,228,143,player_top,601.2051391601562,252.01412963867188,583.1253051757812,162.970947265625,619.2849731445312,252.01412963867188,0.8359552025794983
game8/Clip9,229,144,player_bottom,618.9910888671875,604.9921264648438,594.3380737304688,476.0552978515625,643.6441040039062,604.9921264648438,0.8395164608955383
game8/Clip9,229,143,player_top,599.0597534179688,251.6015167236328,581.157470703125,163.03427124023438,616.9620361328125,251.6015167236328,0.7825686931610107
game8/Clip9,230,144,player_bottom,619.755126953125,604.4512939453125,595.0209350585938,475.97113037109375,644.4893188476562,604.4512939453125,0.7440300583839417
game8/Clip9,230,143,player_top,594.9578857421875,251.391357421875,577.445068359375,162.7604217529297,612.4707641601562,251.391357421875,0.7340133190155029
game8/Clip9,231,144,player_bottom,621.04052734375,603.954345703125,596.2911376953125,475.83416748046875,645.7899169921875,603.954345703125,0.6790549159049988
game8/Clip9,231,74,player_top,205.20950317382812,392.0381774902344,186.58641052246094,323.3835754394531,223.83258056640625,392.0381774902344,0.7217671275138855
game8/Clip9,232,144,player_bottom,629.41357421875,603.6959838867188,605.5419921875,475.3491516113281,653.2852172851562,603.6959838867188,0.6671701073646545
game8/Clip9,232,143,player_top,586.7738037109375,251.38479614257812,569.8203125,161.72344970703125,603.7273559570312,251.38479614257812,0.7490981817245483
game8/Clip9,233,144,player_bottom,627.1783447265625,603.9876708984375,603.3397216796875,475.1915588378906,651.0170288085938,603.9876708984375,0.717173159122467
game8/Clip9,233,143,player_top,584.5731201171875,251.5242156982422,567.775634765625,161.06912231445312,601.3706665039062,251.5242156982422,0.7864480018615723
game8/Clip9,234,144,player_bottom,628.8282470703125,604.1065063476562,605.47119140625,476.028564453125,652.1853637695312,604.1065063476562,0.7231077551841736
game8/Clip9,234,143,player_top,582.931640625,251.69851684570312,566.1438598632812,160.38641357421875,599.7194213867188,251.69851684570312,0.8178786039352417
game8/Clip9,235,144,player_bottom,631.785888671875,603.892822265625,609.1563720703125,476.80853271484375,654.4153442382812,603.892822265625,0.8042400479316711
game8/Clip9,235,143,player_top,580.48486328125,251.6083984375,563.6650390625,160.72439575195312,597.3047485351562,251.6083984375,0.7969417572021484
game8/Clip9,236,144,player_bottom,635.1168212890625,603.78662109375,613.204833984375,476.9319152832031,657.0288696289062,603.78662109375,0.7916990518569946
game8/Clip9,236,143,player_top,578.8680419921875,251.58218383789062,561.7584838867188,159.97344970703125,595.9776611328125,251.58218383789062,0.8190281987190247
game8/Clip9,237,144,player_bottom,639.2357177734375,603.7656860351562,617.9484252929688,476.81195068359375,660.5230102539062,603.7656860351562,0.7832719683647156
game8/Clip9,237,143,player_top,577.1227416992188,251.51278686523438,559.7582397460938,159.84854125976562,594.4872436523438,251.51278686523438,0.8330675363540649
