clip,frame,ball_real_x,ball_real_y,is_bounce
game8/Clip1,0,,,0
game8/Clip1,1,,,0
game8/Clip1,2,3.1626342825193183,41.89170946751237,0
game8/Clip1,3,3.1711745917296317,41.110902900019646,0
game8/Clip1,4,3.240708989466803,39.969744249892344,1
game8/Clip1,5,3.108727029309808,41.498404690963966,0
game8/Clip1,6,4.348484261679156,33.159572023545394,0
game8/Clip1,7,4.734534983660204,30.478840407569333,0
game8/Clip1,8,5.134999966598063,27.734995793844043,0
game8/Clip1,9,5.543403914882796,24.968162898850007,0
game8/Clip1,10,5.990302928442981,21.99423033092133,0
game8/Clip1,11,6.353856125057566,19.298412977404833,0
game8/Clip1,12,6.636076665088105,16.664148453753842,0
game8/Clip1,13,7.023698143315467,13.946339717372057,0
game8/Clip1,14,7.301642594952955,11.497660089623981,0
game8/Clip1,15,7.553403764317874,9.279654143292083,0
game8/Clip1,16,7.825873236537155,7.0213434552942635,0
game8/Clip1,17,8.067057591651846,5.860642973457554,2
game8/Clip1,18,8.39369658955387,5.968384596689217,0
game8/Clip1,19,8.677774833905692,5.963931172434455,0
game8/Clip1,20,8.97990117590059,5.846241796549929,0
game8/Clip1,21,9.28054128901104,5.729131361742428,0
game8/Clip1,22,9.549440182111223,5.391323869939985,0
game8/Clip1,23,9.845097859904449,5.058282215115224,0
game8/Clip1,24,10.136189945768447,4.730383441418105,1
game8/Clip1,25,9.865780709591295,6.9912408316590255,0
game8/Clip1,26,-11.26353388935464,60.641194523953956,0
game8/Clip1,27,9.385089786007539,10.33881123801034,0
game8/Clip1,28,9.101278667565248,11.918883877832755,0
game8/Clip1,29,8.813031073058625,13.7702696273421,0
game8/Clip1,30,8.423421798794072,15.771681647134656,0
game8/Clip1,31,8.120028161676833,17.38183785115096,0
game8/Clip1,32,7.852324364342533,18.705393304644847,0
game8/Clip1,33,7.600015900463849,19.893367216886297,0
game8/Clip1,34,7.250399291598738,21.134334534531003,0
game8/Clip1,35,6.917775509320103,22.21128347909388,2
game8/Clip1,36,6.617091007683447,23.32942284718451,0
game8/Clip1,37,6.331692839505937,24.02110328844086,0
game8/Clip1,38,6.039625937117578,24.728945827201315,0
game8/Clip1,39,5.740653800748779,25.453523635557463,0
game8/Clip1,40,5.475283647547473,25.946048989784547,0
game8/Clip1,41,5.200791974473863,26.194936763353176,0
game8/Clip1,42,4.924186615707353,26.445741063278472,0
game8/Clip1,43,4.642819555600489,26.445076030737606,0
game8/Clip1,44,4.455319204197412,26.444632859333467,0
game8/Clip1,45,4.221031110409334,26.444079101525972,0
game8/Clip1,46,4.033670474142853,26.44363626034923,0
game8/Clip1,47,9.460582682056351,4.74169397966242,0
game8/Clip1,48,-6.4213957597236995,32.160556845807506,0
game8/Clip1,49,3.3909677908393427,25.20698746908998,0
game8/Clip1,50,3.21398187701286,24.726554663816977,0
game8/Clip1,51,3.0436411948715447,24.020374877852642,2
game8/Clip1,52,2.9327484832508315,25.20640504350375,0
game8/Clip1,53,2.7655360035478065,26.69361990822942,0
game8/Clip1,54,2.6437436917974053,27.989935103446907,0
game8/Clip1,55,2.523103992245757,29.06654059282123,0
game8/Clip1,56,2.398298401757117,30.18032307341459,0
game8/Clip1,57,2.276737895370247,31.04106941452549,1
game8/Clip1,58,2.2027943957811833,31.925028065308663,0
game8/Clip1,59,2.1783857704679606,32.8332598907146,0
game8/Clip1,60,2.101070014655931,33.765965820104405,0
game8/Clip1,61,2.0834830819246655,34.40240950185873,0
game8/Clip1,62,2.0123639956601473,35.05018783432862,0
game8/Clip1,63,2.0123639956601473,35.05018783432862,0
game8/Clip1,64,7.200981830035152,5.6505918965558335,0
game8/Clip1,65,6.595674408171378,4.0576985564568115,0
game8/Clip1,66,,,0
game8/Clip1,67,,,0
game8/Clip1,68,,,0
game8/Clip1,69,1.7892707625874327,35.376681010187355,0
game8/Clip1,70,1.7568946300409352,34.721978633176754,0
game8/Clip1,71,1.7775591941155198,34.079850340390415,0
game8/Clip1,72,1.7561226717033875,33.138059671309485,0
game8/Clip1,73,1.7352632512953796,32.221623361118525,0
game8/Clip1,74,1.7653126852076417,31.3298683498463,0
game8/Clip1,75,1.7546793724232932,30.176670453516902,0
game8/Clip1,76,1.7444095133823017,29.062889632632874,0
game8/Clip1,77,1.7533562647178138,27.46189261982926,0
game8/Clip1,78,1.7991905752154012,26.187652203920166,0
game8/Clip1,79,1.8064376475316661,24.725363548392753,0
game8/Clip1,80,1.8302284525731884,22.880926877973902,0
game8/Clip1,81,1.8793488129412996,21.570523170463964,0
game8/Clip1,82,1.899787782791351,19.912840863056804,0
game8/Clip1,83,1.9190643617663028,18.349433110682668,0
game8/Clip1,84,1.9372749681764776,16.872480002244846,0
game8/Clip1,85,2.0062746948128702,15.136941490403208,0
game8/Clip1,86,2.033961565353634,13.513815504781013,0
game8/Clip1,87,2.1015728068085955,11.844986633320504,0
game8/Clip1,88,2.0958732979880503,10.287660332398003,0
game8/Clip1,89,2.157153535505778,8.829595244636417,0
game8/Clip1,90,2.19259722364093,7.223153467272257,0
game8/Clip1,91,2.1553067149979825,7.3430466438092985,2
game8/Clip1,92,2.1342103059575823,7.827548136347907,0
game8/Clip1,93,2.085243859700883,8.19869137641135,0
game8/Clip1,94,2.0685369966734846,8.575826265048367,0
game8/Clip1,95,2.0239349045954302,8.831357690504111,0
game8/Clip1,96,2.0123067669554535,9.089437820504907,0
game8/Clip1,97,1.9728481282985728,9.22005011901769,0
game8/Clip1,98,1.9392568920823896,9.220482978390448,0
game8/Clip1,99,1.9392568920823896,9.220482978390448,0
game8/Clip1,100,1.9056676544776852,9.220915812008935,0
game8/Clip1,101,1.911828230524053,9.090744172316905,0
game8/Clip1,102,1.8907477002666737,8.833119720606769,0
game8/Clip1,103,1.9030120992532993,8.578053484203096,0
game8/Clip1,104,1.8883300358553243,8.201406673976836,0
game8/Clip1,105,1.9123975834787295,7.708620767930737,0
game8/Clip1,106,1.903848072380268,7.227384153154008,0
game8/Clip1,107,1.8954891130822908,6.756873356771871,0
game8/Clip1,108,1.9300895141575662,6.0697129634161415,0
game8/Clip1,109,1.9690491629887046,5.29597835965933,0
game8/Clip1,110,1.9711685669262482,4.656044978622347,0
game8/Clip1,111,2.0080693483469707,3.9340450643368263,0
game8/Clip1,112,2.019653845126787,3.1408574744254945,0
game8/Clip1,113,2.0591808318521463,2.3787512297105757,0
game8/Clip1,114,2.0787144038754373,1.468299389611524,0
game8/Clip1,115,13.551309573110537,44.522597997602894,0
game8/Clip1,116,13.133961707411919,44.09363879634581,0
game8/Clip1,117,12.782022105834754,43.67053652385684,2
game8/Clip2,0,,,0
game8/Clip2,1,,,0
game8/Clip2,2,2.632466893041078,22.436521308084412,0
game8/Clip2,3,2.239961480322202,19.711214759657864,0
game8/Clip2,4,1.9554474277599778,17.416525978519047,0
game8/Clip2,5,1.5279003881643902,14.807543582865952,0
game8/Clip2,6,1.22195163743026,12.297422171694281,0
game8/Clip2,7,0.988696519889344,9.894330758855778,0
game8/Clip2,8,0.7457328595308224,7.725217076271802,0
game8/Clip2,9,0.5467999731444085,5.8677799343992785,2
game8/Clip2,10,0.26829883067979693,5.872201153724369,0
game8/Clip2,11,-0.04098559163894603,5.87711105913015,0
game8/Clip2,12,-0.2766734682420389,5.770035398734947,0
game8/Clip2,13,-0.5601206732357451,5.5547800706481745,0
game8/Clip2,14,-0.827451830001882,5.233922358259326,0
game8/Clip2,15,-1.060270376881394,4.917826649154587,0
game8/Clip2,16,-1.0819961330816261,2.625219781667209,0
game8/Clip2,17,-1.5314660498154642,3.7955391646975585,1
game8/Clip2,18,-1.5146645147315825,4.300899694056272,0
game8/Clip2,19,-1.133077964851335,6.23029587717027,0
game8/Clip2,20,-0.7666878030515991,5.232922353321271,0
game8/Clip2,21,-0.5744022932906779,9.252874192911388,0
game8/Clip2,22,-0.32079678104221404,10.453512276531868,0
game8/Clip2,23,-0.06548307170470923,11.86787099591369,0
game8/Clip2,24,0.13667936740628048,-0.42411219138286194,0
game8/Clip2,25,0.4398884594490332,13.685623608684493,0
game8/Clip2,26,0.7078100415268942,14.649301073317067,0
game8/Clip2,27,0.9867221621657304,15.652510009260185,0
game8/Clip2,28,1.218050563692869,16.34423948207233,0
game8/Clip2,29,1.4954022538161988,17.055232782601127,0
game8/Clip2,30,1.7166236676767812,17.417869841040417,0
game8/Clip2,31,1.9740055375652814,17.97211752739212,0
game8/Clip2,32,2.2027598015908487,18.34807111066017,0
game8/Clip2,33,2.440483474445451,18.537553118885253,0
game8/Clip2,34,2.6391498273597955,18.728655558949843,0
game8/Clip2,35,2.839315194828694,18.92119994091786,0
game8/Clip2,36,3.0444599163138135,18.92031966088681,0
game8/Clip2,37,3.249679137705277,18.919439061175197,0
game8/Clip2,38,3.4160251433434343,18.72518898190826,2
game8/Clip2,39,3.4867252468647525,19.90741942061062,0
game8/Clip2,40,3.6033768621252977,21.14280803672257,0
game8/Clip2,41,3.6828892855213677,22.215729666738422,0
game8/Clip2,42,3.8099510486854657,23.330513692482416,0
game8/Clip2,43,3.9423311176306073,24.254245673903885,0
game8/Clip2,44,4.078698979558395,24.96661353293765,0
game8/Clip2,45,4.172133991336655,25.69637306512331,0
game8/Clip2,46,4.266809368168506,26.192936631354605,0
game8/Clip2,47,4.3630583195134145,26.697753449889554,0
game8/Clip2,48,4.459037912645831,26.953454329885496,1
game8/Clip2,49,4.318585957543926,27.21059819308369,0
game8/Clip2,50,4.128351750383948,26.952524039145153,0
game8/Clip2,51,3.9867644507105497,26.696779800653104,0
game8/Clip2,52,3.7537753739271063,26.1918379645258,0
game8/Clip2,53,3.572624133059119,25.45030184838169,0
game8/Clip2,54,3.3934217512125473,24.96588864620277,0
game8/Clip2,55,3.178390690818853,24.020404729257123,0
game8/Clip2,56,3.0181320930506703,22.879991400993454,0
game8/Clip2,57,2.816291285998998,21.99920440325036,0
game8/Clip2,58,2.668256766416607,20.935349538046324,0
game8/Clip2,59,2.5310673322020207,19.710168586296845,0
game8/Clip2,60,2.3590894963828197,18.537930149519994,0
game8/Clip2,61,2.2403603312380325,17.23222776940895,0
game8/Clip2,62,2.09504701345016,15.816255092383527,0
game8/Clip2,63,1.9641572423876954,14.31251859298656,0
game8/Clip2,64,1.8703881229828208,13.048769706934264,0
game8/Clip2,65,1.759745430608813,11.557611635653359,0
game8/Clip2,66,1.697000781402459,10.020406112093085,0
game8/Clip2,67,1.6051895384780943,8.582060833685901,0
game8/Clip2,68,1.526043648095595,7.114309142008995,0
game8/Clip2,69,1.4520670583330688,5.742421552600496,0
game8/Clip2,70,1.403254191853205,4.147978660776177,0
game8/Clip2,71,1.341883521884039,3.7445505948966935,2
game8/Clip2,72,1.2171333966003632,3.8470914303131996,0
game8/Clip2,73,1.1212983493250692,3.9496230172001257,0
game8/Clip2,74,1.0031674413002296,3.9516982290856513,0
game8/Clip2,75,0.9225669070994228,3.8522924223279134,0
game8/Clip2,76,0.8423941541391832,3.753414204372858,0
game8/Clip2,77,0.7417405743213504,3.55617679307159,0
game8/Clip2,78,0.679669179818771,3.262576297948746,0
game8/Clip2,79,0.5983799775894754,2.8780747056465033,0
game8/Clip2,80,0.5187272249150815,2.501313593535062,0
game8/Clip2,81,0.4774771014759076,2.0398147188159315,0
game8/Clip2,82,0.4182514539346912,1.501092740061891,0
game8/Clip2,83,0.369422621071773,0.8918232361957968,0
game8/Clip2,84,0.3489254891574213,0.302109660637554,0
game8/Clip2,85,0.31132617744704894,-0.3481652931055782,0
game8/Clip2,86,0.30919176561544126,-1.0523983050765588,0
game8/Clip2,87,0.29017137956091016,-1.801617299630571,0
game8/Clip2,88,0.28000827737990014,-2.588594251846012,0
game8/Clip2,89,0.270316878990629,-3.339044953930304,0
game8/Clip2,90,0.26874092064889354,-4.119184920683885,0
game8/Clip2,91,0.23708528036918033,-4.617456346181436,2
game8/Clip2,92,0.14515270257696528,-4.615141493310478,0
game8/Clip2,93,0.061188297541534646,-4.674265715845306,0
game8/Clip2,94,,,0
game8/Clip2,95,,,0
game8/Clip2,96,3.2833424888301685,41.50114358348905,0
game8/Clip3,0,,,0
game8/Clip3,1,,,0
game8/Clip3,2,2.3088359509808014,56.40467471325046,0
game8/Clip3,3,2.3088359509808014,56.40467471325046,0
game8/Clip3,4,2.3088359509808014,56.40467471325046,0
game8/Clip3,5,2.3088359509808014,56.40467471325046,0
game8/Clip3,6,2.3881171725392933,55.85321376583982,0
game8/Clip3,7,2.3881171725392933,55.85321376583982,0
game8/Clip3,8,2.397834755802735,55.3063981317386,0
game8/Clip3,9,2.416923709499496,54.23224851685541,0
game8/Clip3,10,2.435564590444101,53.183312288824624,0
game8/Clip3,11,2.462719689151036,51.655274697999474,0
game8/Clip3,12,2.5454111630086693,50.66717059533288,0
game8/Clip3,13,2.5779598586290984,48.75391399874736,0
game8/Clip3,14,2.601434531091941,47.374040824535506,0
game8/Clip3,15,2.63155867720528,45.60330254549764,0
game8/Clip3,16,2.727118006970701,43.495001301886155,0
game8/Clip3,17,2.7532831486131646,41.885146547805554,1
game8/Clip3,18,3.051142082765404,23.558870017655092,0
game8/Clip3,19,8.194442057058643,2.7373548790573436,0
game8/Clip3,20,4.478592875620103,29.62911044952362,0
game8/Clip3,21,4.92796878720701,26.699215138987174,0
game8/Clip3,22,5.367754755880016,23.329908335117313,0
game8/Clip3,23,5.910525716271256,19.69802352183582,0
game8/Clip3,24,4.164404342795822,22.87908870883356,0
game8/Clip3,25,4.164404342795822,22.87908870883356,0
game8/Clip3,26,4.1202739544221645,22.879123461620786,0
game8/Clip3,27,7.410930223541784,8.760089223216323,0
game8/Clip3,28,7.697713503824318,6.669441892797889,0
game8/Clip3,29,8.052316082211286,5.087786359598897,2
game8/Clip3,30,8.422772446164991,5.081689690041573,0
game8/Clip3,31,8.749802260282232,4.968161271059327,0
game8/Clip3,32,9.10944972624051,4.64110807337518,0
game8/Clip3,33,9.6536128760796,1.408307134656776,0
game8/Clip3,34,8.736936888200342,3.1160701274263958,0
game8/Clip3,35,8.845319159739567,3.5109146286620647,0
game8/Clip3,36,9.019840597606255,3.709323492370466,1
game8/Clip3,37,9.109467400977115,3.707741003169385,0
game8/Clip3,38,9.525920491314851,6.877473762989126,0
game8/Clip3,39,9.098202450324472,8.481238648359234,0
game8/Clip3,40,8.63726541054068,10.209560972711017,0
game8/Clip3,41,8.19826328688163,11.928302352045007,0
game8/Clip3,42,7.675882968415443,13.620909846778066,0
game8/Clip3,43,7.34122210015294,14.761381867514453,0
game8/Clip3,44,6.912699588185658,15.955947396340974,0
game8/Clip3,45,6.494937455653232,17.025488491104767,0
game8/Clip3,46,6.133527338586598,17.95075897917646,0
game8/Clip3,47,5.670909478626709,18.715127225398167,0
game8/Clip3,48,5.320175503124567,19.50059539215063,0
game8/Clip3,49,4.913731266632527,20.10495946009941,0
game8/Clip3,50,4.5814285964649235,20.515240587347222,0
game8/Clip3,51,4.244368797098713,20.93139515620501,0
game8/Clip3,52,3.8600443432279503,21.14221169477357,0
game8/Clip3,53,3.558940574593548,21.354284092604427,0
game8/Clip3,54,3.2585418342437213,21.354925883785565,0
game8/Clip3,55,3.001184211889972,21.355475719155162,0
game8/Clip3,56,2.7059573450651975,21.144893103757834,0
game8/Clip3,57,2.4981292644583672,20.935776378963304,0
game8/Clip3,58,2.249570543193093,20.728403542563264,0
game8/Clip3,59,2.045135213042626,20.52253475241272,2
game8/Clip3,60,1.8445235819335257,21.35794688328525,0
game8/Clip3,61,1.6634717423098508,22.658509493126285,0
game8/Clip3,62,1.4291496274548696,24.02001721535844,0
game8/Clip3,63,1.2405618970284908,25.20425416782444,0
game8/Clip3,64,1.0563628607105067,26.18606143181031,1
game8/Clip3,65,0.9853996539407845,26.689013858167847,0
game8/Clip3,66,1.0909047022010325,26.436680808642365,0
game8/Clip3,67,1.149162861680574,26.186260163831815,0
game8/Clip3,68,1.206953653995132,25.937848480304364,0
game8/Clip3,69,1.2753004687583491,25.446887924656142,0
game8/Clip3,70,1.3425625732290287,24.96371924591963,0
game8/Clip3,71,1.4291496274548696,24.02001721535844,0
game8/Clip3,72,6.822828186722713,2.2885106504332904,0
game8/Clip3,73,1.6378650087418603,22.218540449264662,0
game8/Clip3,74,1.7247023102741275,21.14717295447128,0
game8/Clip3,75,1.8502126185055379,20.11487757215363,0
game8/Clip3,76,1.9375624518440555,18.925069379657728,0
game8/Clip3,77,2.0281813120064776,17.600058436260007,0
game8/Clip3,78,2.114471522176875,16.338340151799834,0
game8/Clip3,79,2.2348359735653496,15.135194003877782,0
game8/Clip3,80,2.3288848352534606,13.51113676389267,0
game8/Clip3,81,2.412070166274244,12.136520930958758,0
game8/Clip3,82,2.534526043348403,10.557949329587325,0
game8/Clip3,83,2.611461589967497,9.211820894565447,0
game8/Clip3,84,2.691515844457553,7.697537474994956,0
game8/Clip3,85,2.797707321297988,6.282644256964434,0
game8/Clip3,86,2.869729495194334,4.852033375102104,0
game8/Clip3,87,2.911683184826665,4.43113874222157,2
game8/Clip3,88,2.963512296253996,4.744574862168065,0
game8/Clip3,89,3.0214312196067863,4.8494936922895375,0
game8/Clip3,90,3.079664886113423,4.9549826725722825,0
game8/Clip3,91,3.1405250323743013,4.953969527944612,0
game8/Clip3,92,3.170957563453137,4.953462914713079,0
game8/Clip3,93,3.2359257204582677,4.739988785178578,0
game8/Clip3,94,3.300215861543025,4.528742498714965,0
game8/Clip3,95,3.363838545401588,4.319689361278995,0
game8/Clip3,96,3.4283089437129344,4.010667355234355,0
game8/Clip3,97,3.4931095082596233,3.6063648499491987,0
game8/Clip3,98,3.556595398416367,3.210264837238112,0
game8/Clip3,99,3.5910090815338043,2.727102170274257,0
game8/Clip3,100,3.6538561698465193,2.162655386376185,0
game8/Clip3,101,3.6869361154910334,1.615249577674726,1
game8/Clip3,102,3.8492036361146837,2.9138904206075926,0
game8/Clip3,103,3.9933819605130503,4.51694418722194,0
game8/Clip3,104,5.140946065675831,2.508368129267364,0
game8/Clip3,105,5.346841437407971,3.4736451051742527,0
game8/Clip3,106,4.424239216843745,8.544129129515486,0
game8/Clip3,107,4.573775008780492,9.850235626656724,0
game8/Clip3,108,5.1712604468517265,5.572263713726284,0
game8/Clip3,109,4.862359940771385,12.561494894879596,0
game8/Clip3,110,4.959272253207362,13.80419379212064,0
game8/Clip3,111,5.137975063060615,15.112997783817962,0
game8/Clip3,112,5.239352484678288,16.142028909685163,0
game8/Clip3,113,5.3403307615244895,17.032357721280643,0
game8/Clip3,114,5.450002606274581,18.14270488534776,0
game8/Clip3,115,5.553236475275882,18.909554451374074,0
game8/Clip3,116,5.701331747720484,19.69877532107232,0
game8/Clip3,117,5.768935405589348,20.51182541829038,0
game8/Clip3,118,5.874644763294555,21.13753096647955,0
game8/Clip3,119,5.982775439575567,21.77756857097578,0
game8/Clip3,120,6.041658271480997,22.21248765796404,0
game8/Clip3,121,6.1455675289447464,22.654096173211244,0
game8/Clip3,122,6.198130804182726,22.877487144342695,0
game8/Clip3,123,6.295574585520393,23.10260344900235,0
game8/Clip3,124,6.358312934255159,23.55825221145042,0
game8/Clip3,125,6.4031369802063445,23.558243837956887,0
game8/Clip3,126,6.457558245073533,23.788775394676872,0
game8/Clip3,127,6.492795708235882,23.558227088982935,0
game8/Clip3,128,6.537630391155532,23.558218713502335,0
game8/Clip3,129,6.5724243939706986,23.32944020448278,0
game8/Clip3,130,6.60695096755228,23.102420103705384,0
game8/Clip3,131,3.4228183736863267,2.4465401673383504,0
game8/Clip3,132,3.4228183736863267,2.4465401673383504,0
game8/Clip3,133,6.664966918251766,22.431761753622247,2
game8/Clip3,134,6.719373624655844,22.653531171928332,0
game8/Clip3,135,6.772686478295256,23.78878061387267,0
game8/Clip3,136,6.81686879990397,24.72960355854847,0
game8/Clip3,137,6.862484738784426,25.700954098289994,0
game8/Clip3,138,6.89767999624292,26.450405565643223,0
game8/Clip3,139,6.933753122756255,27.218550467817046,0
game8/Clip3,140,6.958305934434128,27.741380589498377,0
game8/Clip3,141,7.031742398819218,28.27324407193216,0
game8/Clip3,142,6.947246310003912,28.542068069844802,1
game8/Clip3,143,6.740993696244983,28.272089659230755,0
game8/Clip3,144,6.595675238166412,28.271512674803063,0
game8/Clip3,145,6.440105520548235,28.00411505283542,0
game8/Clip3,146,6.153878623610251,26.70238714436682,0
game8/Clip3,147,5.9258320873948565,26.957580734901768,0
game8/Clip3,148,,,0
game8/Clip3,149,,,0
game8/Clip3,150,5.333528685503904,23.78875677834952,0
game8/Clip3,151,5.055850789277701,23.330029539966496,0
game8/Clip3,152,4.817365863603312,22.214170386010903,0
game8/Clip3,153,4.6284125350569445,20.930431610750063,0
game8/Clip3,154,4.406051300997377,19.70343028726297,0
game8/Clip3,155,4.19262675036704,18.33851791223486,0
game8/Clip3,156,4.029325550352656,17.040157430569618,0
game8/Clip3,157,3.8738135328920675,15.803726480416914,0
game8/Clip3,158,3.6545466662832156,13.975521703216792,0
game8/Clip3,159,3.48494305618436,12.424297803506187,0
game8/Clip3,160,3.3278607674574254,10.82776160622524,0
game8/Clip3,161,3.1810370167009525,9.335490042046855,0
game8/Clip3,162,3.0136447741678074,7.815132874674896,0
game8/Clip3,163,2.8919697021796216,6.2811854267855365,0
game8/Clip3,164,2.7787280072487968,4.853556857552609,0
game8/Clip3,165,2.6764824974110213,3.4225867167211406,0
game8/Clip3,166,2.5562738255572217,2.7463584409634536,2
game8/Clip3,167,2.4584640173661247,3.0359432947859153,0
game8/Clip3,168,2.3342906454724335,3.2324901368119066,0
game8/Clip3,169,2.242596771905005,3.332028226518341,0
game8/Clip3,170,2.1260463223595067,3.3341373759215913,0
game8/Clip3,171,2.009519925781952,3.3362460900515054,0
game8/Clip3,172,1.8983934246032688,3.2404161031422127,0
game8/Clip3,173,1.7878539083038623,3.1450923029003706,0
game8/Clip3,174,1.7125918678430592,2.953290504726828,0
game8/Clip3,175,1.586837160177786,2.669514860200833,0
game8/Clip3,176,1.497603188187073,2.296392606906371,1
game8/Clip3,177,1.6370165499484084,3.245168747134536,0
game8/Clip3,178,1.8135663589745854,4.243334212111616,0
game8/Clip3,179,2.112133945089808,6.179745902407748,0
game8/Clip3,180,2.3342865411311404,7.7026192157425495,0
game8/Clip3,181,2.5484944752400724,9.082466682098964,0
game8/Clip3,182,3.122004739905145,3.120718267217323,0
game8/Clip3,183,2.966197490255317,11.400264578230653,0
game8/Clip3,184,3.1908091050720255,12.729801784142346,0
game8/Clip3,185,3.393340328279589,13.977784148141021,0
game8/Clip3,186,3.608149135398166,15.124694210305584,0
game8/Clip3,187,3.7949348149800377,16.151758769917762,0
game8/Clip3,188,3.9895912874439188,17.222101874455102,0
game8/Clip3,189,4.2325007815266416,18.14875402082702,0
game8/Clip3,190,4.441421842885542,18.91432526980916,0
game8/Clip3,191,4.614767121660921,19.702680206389672,0
game8/Clip3,192,4.793300768585613,20.51463126091585,0
game8/Clip3,193,4.973617885638794,21.139624414866592,0
game8/Clip3,194,5.158089866442008,21.77901864976742,0
game8/Clip3,195,5.29802225163414,22.213509748094797,0
game8/Clip3,196,5.434640297439626,22.433213906510378,0
game8/Clip3,197,2.8918449539010913,2.0850244386309513,0
game8/Clip3,198,5.829811132101177,22.43274748689533,0
game8/Clip3,199,,,0
game8/Clip3,200,6.044643843873336,23.558310807367878,0
game8/Clip3,201,6.179052194395531,23.5582856988033,0
game8/Clip3,202,6.277563597328931,23.788772413581533,0
game8/Clip3,203,6.3675537757203795,23.78877390401086,0
game8/Clip3,204,6.50825209696352,22.877242923077052,0
game8/Clip3,205,6.60695096755228,23.102420103705384,0
game8/Clip3,206,6.695947073596977,23.102367700830808,0
game8/Clip3,207,6.4672275723986665,24.02113331380091,0
game8/Clip3,208,6.851872942378659,22.653400705756827,2
game8/Clip3,209,6.941302180334992,23.558143304354395,0
game8/Clip3,210,7.0335832792728965,24.491737765880394,0
game8/Clip3,211,7.128854866556947,25.455586563227623,0
game8/Clip3,212,7.214085472601638,26.199248249157012,0
game8/Clip3,213,7.301441014663892,26.961450616358626,0
game8/Clip3,214,7.328970444189725,27.480126768028924,1
game8/Clip3,215,7.158981769923068,26.961049848103457,0
game8/Clip3,216,6.991827510961538,26.450628090486415,0
game8/Clip3,217,,,0
game8/Clip3,218,4.147038985036272,-1.8890955230375386,0
game8/Clip3,219,6.295550907223105,24.25525313966531,0
game8/Clip3,220,6.081323825102996,23.329631044538555,0
game8/Clip3,221,5.866597240397698,22.21272827050481,0
game8/Clip3,222,5.653804965923192,20.927858955297978,0
game8/Clip3,223,5.366782022168712,19.69997762260128,0
game8/Clip3,224,5.169816025426678,18.333826501560658,0
game8/Clip3,225,4.9858886234171225,17.216334538740476,0
game8/Clip3,226,4.762731787161054,15.62533975725443,0
game8/Clip3,227,4.592249210509599,14.290505617661013,0
game8/Clip3,228,4.392654902616608,12.870950889733281,0
game8/Clip3,229,4.239782469822367,11.530782907096723,0
game8/Clip3,230,4.060391643092427,9.991619478670357,0
game8/Clip3,231,3.892845719167696,8.424712354837062,0
game8/Clip3,232,3.704604508348433,6.96398641940781,0
game8/Clip3,233,3.5608092715353523,5.488150910213315,0
game8/Clip3,234,3.473957661996081,5.055489132505255,2
game8/Clip3,235,3.3500968310993318,5.165171659865183,0
game8/Clip3,236,3.2297620353408156,5.059531154868307,0
game8/Clip3,237,3.112471806729653,4.847969555268306,0
game8/Clip3,238,3.02662954067153,4.638177933935265,0
game8/Clip3,239,2.9145492773567576,4.327419321105128,0
game8/Clip3,240,2.804241189751988,4.021574319726681,0
game8/Clip3,241,2.699033307846879,3.6205262438376633,0
game8/Clip3,242,2.603131992527525,3.0332878988892804,0
game8/Clip3,243,2.5101220272172267,2.4637543329455465,0
game8/Clip3,244,2.419874595839897,1.911136758709104,0
game8/Clip3,245,2.3128085572785837,1.1991664323760935,0
game8/Clip3,246,0.7249314966948758,3.7554986193591455,1
game8/Clip3,247,2.2559910854933256,3.039659706741465,0
game8/Clip3,248,2.2283104900560757,4.969155249958327,0
game8/Clip3,249,2.2127518035085614,6.752092648612333,0
game8/Clip3,250,2.1957427997033765,8.70122819456583,0
game8/Clip3,251,2.1757304390355423,10.01457507695359,0
game8/Clip3,252,2.1429744914107745,11.698554512338799,0
game8/Clip3,253,2.1258830816500396,13.0463435118558,0
game8/Clip3,254,2.1140050749593975,14.31126346315055,0
game8/Clip3,255,2.1014856592489464,15.644488735971558,0
game8/Clip3,256,2.114471522176875,16.338340151799834,0
game8/Clip3,257,2.121291575320934,17.232917031001545,0
game8/Clip3,258,2.094724898395844,17.971497650778357,0
game8/Clip3,259,2.1216894151759185,18.348460323360207,0
game8/Clip3,260,2.1082184369140773,18.731024683738482,0
game8/Clip3,261,2.13567012455783,19.118931323279185,0
game8/Clip3,262,2.128911883719805,19.315080084758346,0
game8/Clip3,263,2.1701800236837894,19.314917284853834,0
game8/Clip3,264,2.1701800236837894,19.314917284853834,2
game8/Clip3,265,2.1701800236837894,19.314917284853834,0
game8/Clip3,266,2.163522222472271,19.51249596842436,0
game8/Clip3,267,2.115529651403436,20.936736301185146,0
game8/Clip3,268,2.0649688835874596,22.43719112523662,0
game8/Clip3,269,2.0194270779493517,23.788701889757036,0
game8/Clip3,270,1.9798098493561143,24.964393326537202,0
game8/Clip3,271,1.8921128233747042,26.18785119773511,0
game8/Clip3,272,1.8571323015298449,27.20311333476318,0
game8/Clip3,273,1.8301273239716662,27.986896131020707,0
game8/Clip3,274,1.802434706373628,28.79063674550262,0
game8/Clip3,275,1.7740278454933314,29.615107301187795,0
game8/Clip3,276,1.7643953745372647,29.89467668814801,1
game8/Clip3,277,1.9702874988456374,29.616123454620098,0
game8/Clip3,278,2.2309677048091157,29.065170892657743,0
game8/Clip3,279,,,0
game8/Clip3,280,,,0
game8/Clip3,281,3.197922680621408,25.94167362044167,0
game8/Clip3,282,3.4847440740284203,24.96598524702018,0
game8/Clip3,283,3.7636269444868633,23.78873077742767,0
game8/Clip3,284,4.0756037908080724,22.434817975507023,0
game8/Clip3,285,4.37235441384761,20.931074047052256,0
game8/Clip3,286,4.6125507704067585,19.50326313591473,0
game8/Clip3,287,4.881509162985205,18.145529434590834,0
game8/Clip3,288,5.129779361114043,16.495432960842265,0
game8/Clip3,289,5.32949440979139,15.11153350483073,0
game8/Clip3,290,5.609931444005138,13.16828154828494,0
game8/Clip3,291,5.80424784336898,11.513858717586858,0
game8/Clip3,292,5.979856250911264,9.832941350270174,0
game8/Clip3,293,6.2096557000739665,8.267185814385941,0
game8/Clip3,294,6.378798626470481,6.572830427269402,0
game8/Clip3,295,6.511346077307088,5.1131463907166825,0
game8/Clip3,296,6.666861430520623,3.350722594055196,0
game8/Clip3,297,6.794943178922073,1.918072494793377,0
game8/Clip3,298,6.935494579807971,1.194890225134737,2
game8/Clip3,299,7.102431582764502,1.1915671725221046,0
game8/Clip3,300,7.261513794483975,1.1002729245250877,0
game8/Clip3,301,7.4198739721003015,1.0093930381324325,0
game8/Clip3,302,7.587895116242299,0.7453550787374057,0
game8/Clip3,303,7.7535713571271145,0.48500203337011105,0
game8/Clip3,304,7.880640045844893,0.1453435085236598,0
game8/Clip3,305,7.8263456279052,1.7152804216300113,1
game8/Clip3,306,7.76654834233656,3.7314521568455157,0
game8/Clip3,307,7.680905764680118,5.421535225421784,0
game8/Clip3,308,7.623522431647669,6.553946255431443,0
game8/Clip3,309,7.550319800434346,7.99853761377625,0
game8/Clip3,310,7.427468741371894,9.413543293413396,0
game8/Clip3,311,7.346340033947515,10.641288047545123,0
game8/Clip3,312,7.260648612919582,11.938081697797742,0
game8/Clip3,313,7.1496662263515285,12.998637373133777,0
game8/Clip3,314,7.023698143315467,13.946339717372057,0
game8/Clip3,315,6.931013413200571,14.93140664419906,0
game8/Clip3,316,6.8154104142560925,15.610569721919823,0
game8/Clip3,317,6.726653998825712,16.13201017607371,0
game8/Clip3,318,6.636076665088105,16.664148453753842,0
game8/Clip3,319,6.5347934723747025,17.025251371266343,0
game8/Clip3,320,6.463633773019452,17.20778021256626,0
game8/Clip3,321,6.3117397384736575,17.39201309937136,0
game8/Clip3,322,6.191391976054208,17.392690296846983,0
game8/Clip3,323,6.111174331436802,17.393141681944165,0
game8/Clip3,324,6.030968041602436,17.39359300314792,2
game8/Clip3,325,5.930901201555542,17.951799435345354,0
game8/Clip3,326,5.93824867022264,19.30005251953154,0
game8/Clip3,327,5.889330701864236,20.305884687191625,0
game8/Clip3,328,5.8455044657696025,21.56279663988276,0
game8/Clip3,329,5.829811132101177,22.43274748689533,0
game8/Clip3,330,5.775922762061515,23.558361006634602,0
game8/Clip3,331,5.751631519117314,24.255020275670656,0
game8/Clip3,332,5.680914490413023,24.96830835763367,0
game8/Clip3,333,5.6482278687386085,25.45338628656871,0
game8/Clip3,334,5.568432094109367,25.94622795081151,0
game8/Clip3,335,5.534295430881566,26.4471831020708,0
game8/Clip3,336,5.493443603002862,26.700678288318795,0
game8/Clip3,337,5.446299126088886,26.700556303381607,0
game8/Clip3,338,5.404921682176376,26.956115302773576,1
game8/Clip3,339,5.594288221794178,26.956648031258897,0
game8/Clip3,340,5.783718097371393,26.957180937921784,0
game8/Clip3,341,5.965104325780879,26.701898696464312,0
game8/Clip3,342,6.136317858639421,26.196940200294907,0
game8/Clip3,343,6.304811141769204,25.700004511606352,0
game8/Clip3,344,6.470648493433093,25.21090193713812,0
game8/Clip3,345,6.623443985003426,24.49147677357745,0
game8/Clip3,346,6.761857011634644,23.558176826160068,0
game8/Clip3,347,6.928956182111155,22.43145016744223,0
game8/Clip3,348,7.101488311268553,21.56034983788071,0
game8/Clip3,349,7.202395133320076,20.301870164002043,0
game8/Clip3,350,7.340446691200506,19.097494936143125,0
game8/Clip3,351,7.432052680462839,17.944091237678656,0
game8/Clip3,352,7.547373393190699,16.658437017013583,0
game8/Clip3,353,7.618557516566776,15.433392058483937,0
game8/Clip3,354,7.713229990014101,13.620575840683857,0
game8/Clip3,355,7.789115009752937,12.230651292942834,0
game8/Clip3,356,7.83724459253046,10.635607154382466,0
game8/Clip3,357,7.870819792903764,9.013269522489374,0
game8/Clip3,358,7.934802520590014,7.50093650424634,0
game8/Clip3,359,7.962955240503381,6.088608905185113,0
game8/Clip3,360,7.989313070181282,4.766324933334195,0
game8/Clip3,361,8.002373345513117,3.129426775801439,0
game8/Clip3,362,8.034221623628486,1.8024906297292436,0
game8/Clip3,363,8.139719469133922,1.9843200527158358,2
game8/Clip3,364,8.207154494406486,2.07565107880166,0
game8/Clip3,365,,,0
game8/Clip3,366,8.457957174621566,2.2575354383596697,0
game8/Clip3,367,8.572880155220162,2.2553583846088525,0
game8/Clip3,368,8.676135040167516,2.1598139588346434,0
game8/Clip3,369,8.738506231162239,1.9728296001546834,0
game8/Clip3,370,8.82866195440149,1.7871170045833864,0
game8/Clip3,371,8.89389029713555,1.4232514077616285,0
game8/Clip3,372,8.930016036534614,1.066930053680176,0
game8/Clip3,373,8.993038164382904,0.7168436847597575,0
game8/Clip3,374,9.030957626916871,0.20515233447517095,0
game8/Clip3,375,9.067821723653985,-0.292297739336882,0
game8/Clip3,376,9.065568114513196,-0.8544839991838311,0
game8/Clip3,377,9.092327228861011,-1.5520300292344558,0
game8/Clip3,378,9.103932874343542,-2.1486309250713624,0
game8/Clip3,379,9.093020615038554,-2.8648962626192334,0
game8/Clip3,380,9.071835679570498,-3.6177187571811507,0
game8/Clip3,381,9.051610128964137,-4.336448794585499,0
game8/Clip3,382,9.029376858803223,-4.9005710019709365,0
game8/Clip3,383,,,0
game8/Clip3,384,3.9869892896387387,25.943189611055683,0
game8/Clip3,385,3.9408047417512027,25.695979165939054,0
game8/Clip3,386,,,0
game8/Clip3,387,,,0
game8/Clip3,388,,,0
game8/Clip3,389,,,0
game8/Clip3,390,3.8020525959137554,25.69574290374067,0
game8/Clip3,391,3.802871079832094,25.45064400544321,0
game8/Clip3,392,3.8020525959137554,25.69574290374067,0
game8/Clip3,393,3.8020525959137554,25.69574290374067,0
game8/Clip3,394,3.894550243740936,25.69590040543182,0
game8/Clip3,395,3.8941007492291844,25.943011149372225,0
game8/Clip3,396,,,0
game8/Clip3,397,,,0
game8/Clip3,398,,,0
game8/Clip3,399,,,0
game8/Clip3,400,,,0
game8/Clip3,401,,,0
game8/Clip3,402,,,0
game8/Clip3,403,-10.502435639943148,27.680237112269573,0
game8/Clip3,404,0.9595634030880819,41.46469445587245,0
game8/Clip3,405,,,0
game8/Clip3,406,2.8117437280598843,41.88608381671028,0
game8/Clip3,407,15.692458300730245,36.88251886058549,0
game8/Clip3,408,15.525524575728753,35.853762156021176,0
game8/Clip3,409,15.525524575728753,35.853762156021176,0
game8/Clip3,410,11.253058765612572,-4.8327401537483645,0
game8/Clip3,411,11.314945971475936,-4.771942088774684,0
game8/Clip3,412,4.021990360446565,1.1650106328349086,0
game8/Clip4,0,,,0
game8/Clip4,1,,,0
game8/Clip4,2,5.4192444535406326,6.4716456049723625,0
game8/Clip4,3,5.4148605862417885,7.295632888556338,0
game8/Clip4,4,5.4062593774852,8.028338442470144,0
game8/Clip4,5,5.359893849863385,8.659009122738064,0
game8/Clip4,6,5.346053389660329,9.307842399024029,0
game8/Clip4,7,5.3278234768110595,9.840961110914511,0
game8/Clip4,8,5.2706045879692045,10.249756400534634,0
game8/Clip4,9,5.247264294325053,10.665579174625991,0
game8/Clip4,10,5.22349432103221,11.089056975951094,0
game8/Clip4,11,5.195583977202717,11.375862702313233,0
game8/Clip4,12,5.128152794458434,11.521172628733709,0
game8/Clip4,13,5.092591196331807,11.521557329626514,0
game8/Clip4,14,5.060309811715673,11.667369958059549,0
game8/Clip4,15,4.985919803354759,11.522711287330246,0
game8/Clip4,16,4.944531133570874,11.234954004191234,0
game8/Clip4,17,4.906418158761275,11.092607774115603,0
game8/Clip4,18,4.863276018945105,10.670022800846212,0
game8/Clip4,19,4.786342273287224,10.255538132625674,0
game8/Clip4,20,4.745061472781122,9.848128866847304,0
game8/Clip4,21,4.702449033595209,9.316061340786627,0
game8/Clip4,22,4.627380516818134,8.796914820691757,1
game8/Clip4,23,4.506776506690528,9.986182410412987,0
game8/Clip4,24,4.311752520494921,11.675371583829728,0
game8/Clip4,25,4.136532885773211,12.720564754995818,0
game8/Clip4,26,3.915873733140472,13.973258212596717,0
game8/Clip4,27,3.762567447199291,14.789798811495086,0
game8/Clip4,28,3.567028260600167,15.463156765221536,0
game8/Clip4,29,3.407222620261107,15.980101277702133,0
game8/Clip4,30,3.2076908742963575,16.331145694823565,0
game8/Clip4,31,3.0448184905027054,16.68665620918579,0
game8/Clip4,32,4.1921846456922465,2.0600714962991984,0
game8/Clip4,33,2.6908750191927626,16.688874505031347,0
game8/Clip4,34,2.533637959393903,16.689859968374474,0
game8/Clip4,35,2.3875780680472567,16.336542842512916,0
game8/Clip4,36,2.2375416156268133,16.162249653873833,2
game8/Clip4,37,2.0948892976551505,16.871517145434723,0
game8/Clip4,38,1.9449553103479496,18.73175319730385,0
game8/Clip4,39,1.8002762208454917,20.318386437786852,0
game8/Clip4,40,1.6645922930971409,21.570941541038227,0
game8/Clip4,41,1.5130662873646057,23.10541949560949,0
game8/Clip4,42,1.363630922556266,24.488129689444317,0
game8/Clip4,43,1.218246825372719,25.6913432915554,0
game8/Clip4,44,1.1257327778348543,26.68937696596804,0
game8/Clip4,45,0.9951360527603923,27.45941298274036,0
game8/Clip4,46,0.8479919777290228,28.516403525577246,1
game8/Clip4,47,0.8266882507657969,27.98314814389136,0
game8/Clip4,48,0.8918636302141546,26.688771836477798,0
game8/Clip4,49,0.9085946978977022,25.446342983796963,0
game8/Clip4,50,0.9367523941077764,24.019908133325323,0
game8/Clip4,51,1.0073284443001556,22.659155568181813,0
game8/Clip4,52,1.0430947461153246,21.148756603406923,0
game8/Clip4,53,1.077036822537865,19.715394066909784,0
game8/Clip4,54,1.119527524460198,18.164220771342336,0
game8/Clip4,55,1.1791080220806989,16.344495762241205,0
game8/Clip4,56,1.24507145100173,15.142761340637401,0
game8/Clip4,57,1.3232880359342896,13.053965001375886,0
game8/Clip4,58,1.3356875145898706,11.562199040817585,0
game8/Clip4,59,1.4050327761491157,9.75526168391064,0
game8/Clip4,60,1.436513466418336,8.083514927511201,0
game8/Clip4,61,1.5041575646316008,6.41673742856053,0
game8/Clip4,62,1.5365083353037323,4.874353219377041,0
game8/Clip4,63,1.5833323105599946,3.6404234291154984,0
game8/Clip4,64,1.5895421720091956,3.5409826640091637,2
game8/Clip4,65,1.5665391757816798,3.4425760722071517,0
game8/Clip4,66,1.5499178160204106,3.2467524728374655,0
game8/Clip4,67,1.5334656090872953,3.0529217378379987,0
game8/Clip4,68,1.5296498908139398,2.6705839141810346,0
game8/Clip4,69,1.5259100996135557,2.295854039999735,0
game8/Clip4,70,1.5343836832321518,1.747262591602471,0
game8/Clip4,71,1.5701008162499968,1.2140084911162667,0
game8/Clip4,72,1.5564206120565673,0.6121501206630252,0
game8/Clip4,73,1.5697781605056882,0.02942535978487204,0
game8/Clip4,74,1.5827062827590266,-0.5345656283351452,1
game8/Clip4,75,1.7459504225504108,1.0363605834692164,0
game8/Clip4,76,1.878192340383287,2.5696346736119864,0
game8/Clip4,77,1.946011127333756,3.435742029793698,0
game8/Clip4,78,2.1170723592705287,5.402231630630105,0
game8/Clip4,79,2.2714058925937235,6.867920489320318,0
game8/Clip4,80,2.408994952781776,8.31917373325824,0
game8/Clip4,81,2.5061659872201543,9.344108264773748,0
game8/Clip4,82,2.691847238396224,11.117407791571624,0
game8/Clip4,83,2.838618174375484,12.280984900501238,0
game8/Clip4,84,2.9594877869262275,13.348744881589452,0
game8/Clip4,85,3.1177733381591897,14.794918913838716,0
game8/Clip4,86,3.2519265661671537,15.981171318241767,0
game8/Clip4,87,3.4344169754337828,17.04369678640005,0
game8/Clip4,88,3.545373248570036,17.964048779438496,0
game8/Clip4,89,3.7425094716162124,18.91732431652812,0
game8/Clip4,90,3.86323247601781,19.906133161813635,0
game8/Clip4,91,4.031027505881883,20.723605877793116,0
game8/Clip4,92,4.160217284678974,21.352999486385677,0
game8/Clip4,93,4.292382951397044,21.996891183409016,0
game8/Clip4,94,4.471613181993244,22.65574444143396,0
game8/Clip4,95,4.6082255766028615,23.103596997399006,0
game8/Clip4,96,4.747004863998448,23.55855321680156,0
game8/Clip4,97,4.888003011944915,24.020783464098002,0
game8/Clip4,98,5.027217202215156,24.254710137780187,0
game8/Clip4,99,5.117718323666049,24.25474888332433,0
game8/Clip4,100,5.258452727268469,24.490608160847984,0
game8/Clip4,101,5.349349882433159,24.490666003288815,0
game8/Clip4,102,5.485722979305044,24.490752784363213,0
game8/Clip4,103,5.570441045455919,24.2549427039966,0
game8/Clip4,104,5.699625699045223,24.02096326497184,0
game8/Clip4,105,5.782872915080403,23.788764220448527,0
game8/Clip4,106,5.8654822941059646,23.558344276191253,0
game8/Clip4,107,5.939925226600713,23.10281286320679,0
game8/Clip4,108,6.01323320300002,22.654226476922712,0
game8/Clip4,109,6.085431982235133,22.21242749321064,0
game8/Clip4,110,6.156546549591557,21.777263022037562,0
game8/Clip4,111,6.2266011455372485,21.34858473106012,0
game8/Clip4,112,6.261238332520996,21.136632753891217,2
game8/Clip4,113,6.348145281997962,22.212066407055932,0
game8/Clip4,114,6.4734830004825525,23.102498692594807,0
game8/Clip4,115,6.512413019838837,24.021143323849998,0
game8/Clip4,116,6.588157301333437,24.729410014510602,0
game8/Clip4,117,6.665743321010347,25.45489835915891,0
game8/Clip4,118,6.7340817407885565,25.948467449864445,0
game8/Clip4,119,6.803548111014735,26.450183077741528,0
game8/Clip4,120,6.874170589917739,26.960248613477567,0
game8/Clip4,121,6.933753122756255,27.218550467817046,1
game8/Clip4,122,6.8981224418628075,27.478717749027062,0
game8/Clip4,123,6.389934965728673,26.702997933158013,0
game8/Clip4,124,5.933333363457354,25.699371972512793,0
game8/Clip4,125,5.45174874299665,24.968065945944627,0
game8/Clip4,126,4.974309856199874,23.78875082891939,0
game8/Clip4,127,4.5595927478837215,22.655657811877443,0
game8/Clip4,128,4.160801899764484,21.566078635607553,0
game8/Clip4,129,3.6947286968027644,20.108905969153415,0
game8/Clip4,130,3.293289597806952,18.72573665309254,0
game8/Clip4,131,2.9516350953528763,17.410920425410485,0
game8/Clip4,132,2.519895040216433,15.813262706359865,0
game8/Clip5,0,,,0
game8/Clip5,1,,,0
game8/Clip5,2,3.2062912547441558,6.276320901165993,0
game8/Clip5,3,3.1585440065144734,7.090218567057429,0
game8/Clip5,4,3.0788425597334386,7.814212456386146,0
game8/Clip5,5,3.029539299548575,8.562895504962977,0
game8/Clip5,6,2.981515454680261,9.207052350688869,0
game8/Clip5,7,2.901207471889694,9.736681710231187,0
game8/Clip5,8,2.8499428220817493,10.416041498066939,0
game8/Clip5,9,2.800806449202102,10.974558704214466,0
game8/Clip5,10,2.7543327195055722,11.402583556064856,0
game8/Clip5,11,2.7110295132208253,11.692482346915122,0
game8/Clip5,12,2.671361145349086,11.838969602070955,0
game8/Clip5,13,2.6271346041556343,12.134305956841537,0
game8/Clip5,14,2.5912848441999783,12.13467517776524,0
game8/Clip5,15,2.5195921493087803,12.135413549320955,0
game8/Clip5,16,2.4885097215690832,11.987855232165948,0
game8/Clip5,17,2.4576231484734903,11.841226700223771,0
game8/Clip5,18,2.4318226422290805,11.550341188964634,0
game8/Clip5,19,2.40634164765289,11.263057983570466,0
game8/Clip5,20,2.391057608111221,10.698632045598874,0
game8/Clip5,21,2.3761420657207695,10.147814378506709,0
game8/Clip5,22,2.3615818525586096,9.610118702653919,0
game8/Clip5,23,2.3473644207089395,9.085081634709901,1
game8/Clip5,24,2.891246517970212,10.141602165357178,0
game8/Clip5,25,3.4608577383194348,11.39485024650073,0
game8/Clip5,26,3.7755294617455433,12.122478502191354,0
game8/Clip5,27,4.284840095873706,13.180683348956808,0
game8/Clip5,28,4.815418070281551,14.126522082382149,0
game8/Clip5,29,4.201982640596807,-1.1381029804503728,0
game8/Clip5,30,5.564622723224347,15.278540551845408,0
game8/Clip5,31,5.878638040161309,15.446174440071326,0
game8/Clip5,32,6.156193518094116,15.615313112687845,0
game8/Clip5,33,6.396862959071347,15.785955566197604,0
game8/Clip5,34,6.621443496260477,15.611965409581163,0
game8/Clip5,35,6.8154104142560925,15.610569721919823,0
game8/Clip5,36,6.989239635411506,15.267860816913398,2
game8/Clip5,37,7.147171141648703,15.954331810748277,0
game8/Clip5,38,7.472679547807996,17.943882624538357,0
game8/Clip5,39,7.712788220462008,19.69154656848961,0
game8/Clip5,40,7.93953018200259,21.13273340587796,0
game8/Clip5,41,,,0
game8/Clip5,42,2.367532284864955,3.1345019700082264,0
game8/Clip5,43,2.3385342280638737,3.135031744944062,0
game8/Clip5,44,8.918483541698293,26.965999702051725,0
game8/Clip5,45,9.190426519141395,28.551506961001202,0
game8/Clip5,46,9.429329001053357,29.65474336704039,0
game8/Clip5,47,9.476687750004809,30.220493833753665,1
game8/Clip5,48,,,0
game8/Clip5,49,7.839986173394692,27.221306167065265,0
game8/Clip5,50,7.234572106320119,25.701587675370302,0
game8/Clip5,51,6.512413019838837,24.021143323849998,0
game8/Clip5,52,6.01323320300002,22.654226476922712,0
game8/Clip5,53,5.221790970156835,20.72039901731779,0
game8/Clip5,54,4.693252924730437,19.304963940028347,0
game8/Clip5,55,4.029579202411194,17.589122585716826,0
game8/Clip5,56,3.488398719925548,15.634509212318013,0
game8/Clip5,57,2.9797707419431867,14.142160410474126,0
game8/Clip5,58,3.4897635520467762,-1.8741877551158865,0
game8/Clip5,59,2.0150572591897684,10.564024703946313,0
game8/Clip5,60,1.565033105721992,8.709643715016828,0
game8/Clip5,61,1.1745537708590086,7.1194960279956465,0
game8/Clip5,62,0.8204197021406174,5.532458835540922,0
game8/Clip5,63,0.481005428620147,3.860088820782695,2
game8/Clip5,64,0.17717141208249815,3.6655006173545406,0
game8/Clip5,65,-0.16312287376433512,3.572393573096049,0
game8/Clip5,66,-0.47239476929930796,3.4792959430748738,0
game8/Clip5,67,-0.8133527150914786,3.19261459315112,0
game8/Clip5,68,-1.1074974517623157,2.8145406847324552,0
game8/Clip5,69,-1.3673952945165488,2.443662880709478,0
game8/Clip5,70,-1.7057528205736732,1.9005072023533458,0
game8/Clip5,71,-1.9793251539453884,1.3723488741026317,0
game8/Clip5,72,-2.2301452063651483,0.7743458245319683,0
game8/Clip5,73,-2.4575959975045683,0.11413397902661025,0
game8/Clip5,74,-2.687270073552241,-0.59977183361837,0
game8/Clip5,75,-2.8669649510351087,-1.3604197583208144,0
game8/Clip5,76,-3.072759991885061,-2.1581230098195325,0
game8/Clip5,77,-3.2141972180183203,-3.0546269615940576,0
game8/Clip5,78,-3.3480065173480087,-3.9027810785322754,0
game8/Clip5,79,-3.4477811522689157,-3.5783781371124572,0
game8/Clip5,80,6.203009786619004,25.45421071683136,0
game8/Clip5,81,5.963878572528335,25.210257800665964,0
game8/Clip5,82,9.507789461053568,35.79012469978451,0
game8/Clip5,83,6.047772641554385,24.968696420444367,0
game8/Clip5,84,10.948970831474492,40.84301980239459,0
game8/Clip5,85,10.948970831474492,40.84301980239459,0
game8/Clip5,86,,,0
game8/Clip6,0,,,0
game8/Clip6,1,,,0
game8/Clip6,2,2.644223833205394,11.548043459613133,0
game8/Clip6,3,2.6216852880637616,11.118193504766442,0
game8/Clip6,4,2.5995596908355534,10.696219197652285,0
game8/Clip6,5,2.6122774312526453,10.281494850883712,0
game8/Clip6,6,2.5948490900295065,9.740486166146425,1
game8/Clip6,7,3.118451810253553,10.830159020715419,0
game8/Clip6,8,3.372227347317953,5.711750084003319,0
game8/Clip6,9,4.322626661726273,13.336174740501983,0
game8/Clip6,10,4.855731442199599,14.288298682768604,0
game8/Clip6,11,5.406120290532948,15.110947654529117,0
game8/Clip6,12,5.807506537740226,15.617822087523246,0
game8/Clip6,13,6.22498721292943,16.311288921660093,0
game8/Clip6,14,6.508673146335594,16.486573959604232,0
game8/Clip6,15,6.834060111207503,16.66290761759888,0
game8/Clip6,16,7.11135312681041,16.661169718769347,0
game8/Clip6,17,7.3491408140017365,16.659679414578488,0
game8/Clip6,18,7.547373393190699,16.658437017013583,0
game8/Clip6,19,7.6805941232068715,16.301709598654107,2
game8/Clip6,20,2.6832508334426985,3.2261449559572273,0
game8/Clip6,21,8.243271789142955,19.489575325258755,0
game8/Clip6,22,-1.445935508223301,50.08721673797701,0
game8/Clip6,23,-1.5732339218423066,51.05954444185248,0
game8/Clip6,24,-1.6052873090322337,51.55485299998399,0
game8/Clip6,25,9.353862842976955,25.953500692326237,0
game8/Clip6,26,9.608918680092735,27.2266851873685,0
game8/Clip6,27,9.874895936107379,28.554387082847988,0
game8/Clip6,28,10.152511436256287,29.940184617889503,0
game8/Clip6,29,10.335124264719473,30.801219042845684,0
game8/Clip6,30,10.49368253118675,31.388318617769407,1
game8/Clip6,31,2.6764824974110213,3.4225867167211406,0
game8/Clip6,32,,,0
game8/Clip6,33,8.584923827134956,28.279410951964913,0
game8/Clip6,34,7.855681999420853,26.706790510179598,0
game8/Clip6,35,7.2215225777699175,25.455724271510885,0
game8/Clip6,36,6.647990977617237,24.02117335878577,0
game8/Clip6,37,5.961596030549825,22.432591941353476,0
game8/Clip6,38,5.397282708700954,20.92850255609291,0
game8/Clip6,39,4.817629369599441,19.304473283716582,0
game8/Clip6,40,4.3933072553686925,17.95969475985782,0
game8/Clip6,41,3.8327483081817055,16.5037660172581,0
game8/Clip6,42,3.347446501805411,14.627954978559194,0
game8/Clip6,43,2.893062245550363,13.03905833362189,0
game8/Clip6,44,2.376187069519314,11.120942732641396,0
game8/Clip6,45,1.9608145817405553,9.482716075853377,0
game8/Clip6,46,1.5672999087395703,8.08169709424429,0
game8/Clip6,47,1.1663211001219485,6.307892032700896,0
game8/Clip6,48,0.8408485369269872,4.885999462952546,0
game8/Clip6,49,0.6281541740719448,3.857490699552523,0
game8/Clip6,50,0.20643161673869298,2.7900886583195943,2
game8/Clip6,51,-0.04073234894184886,2.699940507047224,0
game8/Clip6,52,-0.411275305875697,2.706867405767011,0
game8/Clip6,53,-0.7294170351520047,2.5248545686661523,0
game8/Clip6,54,-1.0160380448403787,2.3442171103596126,0
game8/Clip6,55,-1.3015686017719146,1.983152328042053,0
game8/Clip6,56,-1.4699263750629006,1.8058823560022925,0
game8/Clip6,57,-1.8688841272169538,1.1957350475070128,0
game8/Clip6,58,-2.0811473503618965,0.6867827749013281,0
game8/Clip6,59,-2.340310849366116,0.1934214269040713,0
game8/Clip6,60,-2.5620356393937804,-0.4453183912831723,0
game8/Clip6,61,-2.7604977041243988,-1.1370301491343315,0
game8/Clip6,62,-2.9510109504108377,-1.8010374124951924,0
game8/Clip6,63,-3.103475671548357,-2.5789954455329545,0
game8/Clip6,64,-3.257413063578307,-3.3865650246364285,0
game8/Clip6,65,-3.3562118371203855,-3.9661771395052514,0
game8/Clip6,66,6.50825209696352,22.877242923077052,0
game8/Clip6,67,6.445069730473533,22.432021297983,0
game8/Clip6,68,,,0
game8/Clip6,69,,,0
game8/Clip6,70,,,0
game8/Clip6,71,,,0
game8/Clip6,72,,,0
game8/Clip6,73,1.0438063122144365,34.0731493867991,0
game8/Clip6,74,-1.458927955771473,3.6946784816159357,0
game8/Clip6,75,,,0
game8/Clip6,76,,,0
game8/Clip6,77,9.254495575672108,33.20028387634712,0
game8/Clip6,78,9.178475785512283,32.88943815481216,0
game8/Clip6,79,-0.5344534960504309,40.291301731200534,0
game8/Clip6,80,8.917666037960354,32.887345061888254,0
game8/Clip6,81,-2.071924560425495,-0.1370235934240259,0
game8/Clip6,82,-0.8260578927262813,42.22286318472967,0
game8/Clip6,83,,,0
game8/Clip6,84,-0.9351076232177139,43.023539532456425,0
game8/Clip6,85,,,0
game8/Clip6,86,,,0
game8/Clip6,87,,,0
game8/Clip6,88,,,0
game8/Clip6,89,,,0
game8/Clip6,90,5.051777518321317,23.10333582421065,0
game8/Clip6,91,,,0
game8/Clip6,92,8.532952009019782,44.431299707502916,0
game8/Clip6,93,5.755394600844291,22.877835800170093,0
game8/Clip6,94,-1.3910026839153025,39.53172432249938,0
game8/Clip6,95,5.584498987246683,23.103022146033503,0
game8/Clip6,96,8.0720012699722,34.458795052435875,0
game8/Clip6,97,7.929028067967075,33.817554114845215,0
game8/Clip6,98,-1.7015564330278812,43.82922039250777,0
game8/Clip6,99,7.713162316083602,36.790967492971404,0
game8/Clip6,100,23.079336654451623,43.850303668050444,0
game8/Clip6,101,7.89791385992501,38.19946917629945,0
game8/Clip6,102,23.119155710335566,44.27160825014392,0
game8/Clip6,103,-0.7864097221010826,34.056435050119084,0
game8/Clip6,104,7.893262541224962,33.188987873264296,0
game8/Clip6,105,7.858533221170814,33.501381706163144,0
game8/Clip6,106,7.77072486144195,33.81615283631817,0
game8/Clip6,107,7.68413146674669,33.18725242811843,0
game8/Clip6,108,,,0
game8/Clip6,109,5.346861989187073,22.433317511131857,0
game8/Clip6,110,,,0
game8/Clip6,111,-1.539593513997439,35.6732987948207,0
game8/Clip6,112,-1.592956892929318,35.67273447790966,0
game8/Clip6,113,,,0
game8/Clip6,114,,,0
game8/Clip6,115,-0.8539029634514967,32.808924672603396,0
game8/Clip6,116,-3.119938158666555,-0.7460537052322337,0
game8/Clip6,117,-3.241386785805282,-0.8976356456306263,0
game8/Clip6,118,-1.7278100312118805,38.07710055502305,0
game8/Clip6,119,-3.147582981364381,-1.5768308849432484,0
game8/Clip6,120,-3.247895247980739,-1.5745687891120206,0
game8/Clip6,121,8.282105076545847,43.18111530286014,0
game8/Clip6,122,-3.4070414185234204,-1.644532759739522,0
game8/Clip6,123,-3.5070851672444356,-1.6422701709200533,0
game8/Clip6,124,-3.598847224253841,-1.5666546323566506,0
game8/Clip6,125,-3.665233285470695,-1.711904141610477,0
game8/Clip6,126,,,0
game8/Clip6,127,,,0
game8/Clip6,128,,,0
game8/Clip6,129,,,0
game8/Clip6,130,6.081323825102996,23.329631044538555,0
game8/Clip7,0,,,0
game8/Clip7,1,,,0
game8/Clip7,2,2.9629754330153926,11.544595244923967,0
game8/Clip7,3,2.969399687066954,11.25682355087078,0
game8/Clip7,4,2.9407531400600897,10.972973960986886,0
game8/Clip7,5,2.9472342700801324,10.692195804295007,0
game8/Clip7,6,2.9256035197496133,10.141187816350293,0
game8/Clip7,7,2.938437304661868,9.602887068234462,0
game8/Clip7,8,3.0630524207693997,10.139530168340118,1
game8/Clip7,9,3.352805060994072,11.540378117071837,0
game8/Clip7,10,3.5557917609705174,12.574431762739465,0
game8/Clip7,11,3.7688447455145906,13.49805783834535,0
game8/Clip7,12,3.915581001786684,14.134188014224941,0
game8/Clip7,13,4.02828478612468,14.787688835689316,0
game8/Clip7,14,4.143580309762043,15.289193490311243,0
game8/Clip7,15,4.299005715637739,15.628676495101049,0
game8/Clip7,16,4.377524488043342,15.800178629121394,0
game8/Clip7,17,4.456588097788298,15.972870806790297,0
game8/Clip7,18,4.53439637214234,15.972334682364187,2
game8/Clip7,19,4.624860532217954,17.03661434798659,0
game8/Clip7,20,4.690769076883158,19.10840789549863,0
game8/Clip7,21,4.759298859791029,21.14012236429529,0
game8/Clip7,22,4.829958097365523,23.1034664363892,0
game8/Clip7,23,4.902129055744382,24.96748455785228,0
game8/Clip7,24,4.97907837566905,26.954917314680653,0
game8/Clip7,25,5.052345284470688,28.53409467365519,0
game8/Clip7,26,5.124574222685924,29.912906619853203,0
game8/Clip7,27,5.14430345475939,31.059530365858354,0
game8/Clip7,28,5.216084696686038,32.24768325105665,0
game8/Clip7,29,5.284651420670657,33.16734067655806,0
game8/Clip7,30,5.312920371258465,31.947486232393622,1
game8/Clip7,31,5.390433979243906,30.77065403668918,0
game8/Clip7,32,5.40985369242347,29.355816073174122,0
game8/Clip7,33,5.42845866839084,28.000336408488618,0
game8/Clip7,34,4.75415573216681,32.24422492428997,0
game8/Clip7,35,,,0
game8/Clip7,36,2.401721098047028,-0.7100624664952716,0
game8/Clip7,37,5.591985213064679,21.778255713612808,0
game8/Clip7,38,5.587410054147698,20.102778431527177,0
game8/Clip7,39,5.583096205356499,18.522996006665284,0
game8/Clip7,40,5.568159537860845,16.67084148899462,0
game8/Clip7,41,5.59773036592602,15.109482681867458,0
game8/Clip7,42,5.578143285870043,13.32459703452139,0
game8/Clip7,43,5.559898509022043,11.662029656332827,0
game8/Clip7,44,5.533647481077164,9.838429552203598,0
game8/Clip7,45,5.542388517196492,8.151019880887544,0
game8/Clip7,46,5.514469196094344,6.47019118320104,0
game8/Clip7,47,5.492604526955869,5.0220756931123045,0
game8/Clip7,48,5.457188670967046,3.273855524379159,0
game8/Clip7,49,5.442351433778624,2.1284808647553604,2
game8/Clip7,50,5.470785861539165,2.1279375404391754,0
game8/Clip7,51,5.4955203916635735,2.035061061015679,0
game8/Clip7,52,5.520133900456661,1.9426390084655354,0
game8/Clip7,53,5.540841406879291,1.7596921103550434,0
game8/Clip7,54,5.58550301521809,1.4883296935041963,0
game8/Clip7,55,5.597905257881814,1.1335180009621662,0
game8/Clip7,56,4.344626427072353,3.2939889515940637,1
game8/Clip7,57,5.297917578138642,3.7750393582057944,0
game8/Clip7,58,5.100281289632087,5.244746807714878,0
game8/Clip7,59,4.916700865752902,6.711347891239571,0
game8/Clip7,60,4.655134495727557,8.414370080879758,0
game8/Clip7,61,4.435495068616269,9.717628438414035,0
game8/Clip7,62,4.236196967544622,10.817362536399783,0
game8/Clip7,63,4.098060776915441,11.677655819628852,0
game8/Clip7,64,3.918148502971014,12.722697748741197,0
game8/Clip7,65,3.69491133812157,13.498729363659256,0
game8/Clip7,66,3.5395456908878513,14.299323093184565,0
game8/Clip7,67,3.3430664737402216,14.959369764381941,0
game8/Clip7,68,3.1826766837188316,15.465980418031931,0
game8/Clip7,69,3.022400489883503,15.809723345954113,0
game8/Clip7,70,2.8638730206702525,15.98384513392662,0
game8/Clip7,71,2.6998616331838683,16.334487709963888,0
game8/Clip7,72,2.582735063067713,16.33525851782403,0
game8/Clip7,73,2.4656327744572866,16.336029165888025,0
game8/Clip7,74,2.3541973053960232,16.16146383992223,0
game8/Clip7,75,2.2375416156268133,16.162249653873833,2
game8/Clip7,76,2.0748972061391404,17.41585383400422,0
game8/Clip7,77,1.9522954910937451,18.539814487964613,0
game8/Clip7,78,1.8243561370471828,19.71270835807239,0
game8/Clip7,79,1.6993038165474315,20.729885472996564,0
game8/Clip7,80,1.5695470594452454,21.785328533178554,0
game8/Clip7,81,1.4544544234129597,22.43791171464889,0
game8/Clip7,82,1.3263595761709894,23.33147880790924,0
game8/Clip7,83,1.2052794263045716,24.019967620813542,0
game8/Clip7,84,1.0928987326774533,24.487957408907672,0
game8/Clip7,85,0.9787441139581038,24.96333439849713,0
game8/Clip7,86,0.9209884050576875,25.203847969798037,0
game8/Clip7,87,0.816955492461445,25.4462068039184,0
game8/Clip7,88,0.7253311746772935,25.446070646163538,0
game8/Clip7,89,0.6795245975210663,25.44600257558081,0
game8/Clip7,90,0.6015958760049942,25.20344200178689,0
game8/Clip7,91,0.5697286486693869,24.962901741649823,1
game8/Clip7,92,0.8297149378763632,25.203731955475313,0
game8/Clip7,93,1.0460814283382036,25.44654729510855,0
game8/Clip7,94,,,0
game8/Clip7,95,,,0
game8/Clip7,96,,,0
game8/Clip7,97,2.3188947887881937,24.2535506446829,0
game8/Clip7,98,2.6502344077163893,23.558944910444207,0
game8/Clip7,99,2.9740910854687703,22.88002608339309,0
game8/Clip7,100,3.3368248269490706,21.998388662234245,0
game8/Clip7,101,3.6474852032395146,20.9328927056171,0
game8/Clip7,102,3.988790615828169,19.905704218491014,0
game8/Clip7,103,4.276894164947634,18.91503126130821,0
game8/Clip7,104,4.631382774863828,17.585834267108993,0
game8/Clip7,105,4.89373430439879,16.496949483341737,0
game8/Clip7,106,5.248717842480178,14.9445178284002,0
game8/Clip7,107,5.509067099460559,13.482251677048184,0
game8/Clip7,108,5.7547973864872315,12.102093787416877,0
game8/Clip7,109,6.0221798581832955,10.796915745018966,0
game8/Clip7,110,6.289090961769033,9.164430666564883,0
game8/Clip7,111,6.512322627530676,7.765740904460822,0
game8/Clip7,112,6.71451731954837,6.336627102723937,0
game8/Clip7,113,6.8730925590881125,4.999225310514423,0
game8/Clip7,114,7.055441108955182,4.569977443233159,2
game8/Clip7,115,7.2856787015282025,4.778104681516497,0
game8/Clip7,116,7.487723548878878,4.989051695860521,0
game8/Clip7,117,7.712943351541516,5.093371479998985,0
game8/Clip7,118,7.928884334440483,5.089817698920513,0
game8/Clip7,119,8.164587615991474,4.977847974755899,0
game8/Clip7,120,8.295513383196274,4.76119874458994,0
game8/Clip7,121,8.528519849309935,4.650888021440806,0
game8/Clip7,122,8.735268478685443,4.331479008614955,0
game8/Clip7,123,8.925955119063731,3.914583827051173,0
game8/Clip7,124,9.083050483674263,3.5066749764522194,0
game8/Clip7,125,9.252968113960156,3.0087097022851657,0
game8/Clip7,126,9.405040828350788,2.428298846427552,0
game8/Clip7,127,9.524150145170461,1.8654786665375942,0
game8/Clip7,128,9.295841309354614,3.1059075078641634,1
game8/Clip7,129,8.978910563096335,5.072537221202934,0
game8/Clip7,130,8.615112640736909,7.12905225456981,0
game8/Clip7,131,8.218365856995085,8.749407071734334,0
game8/Clip7,132,7.998910427475027,10.08000320855638,0
game8/Clip7,133,7.512930955021868,11.935450386322739,0
game8/Clip7,134,7.233708604434908,13.15308428606782,0
game8/Clip7,135,6.835531592581854,14.599747687141736,0
game8/Clip7,136,6.413213306841685,16.13412156960495,0
game8/Clip7,137,6.0239013286846665,17.210325722364914,0
game8/Clip7,138,5.618258826216007,18.331673562108612,0
game8/Clip7,139,5.269327908555058,19.10602504372048,0
game8/Clip7,140,4.910402811851441,19.902555721721885,0
game8/Clip7,141,4.5814285964649235,20.515240587347222,0
game8/Clip7,142,4.244368797098713,20.93139515620501,0
game8/Clip7,143,3.902448979970301,21.353550199163454,0
game8/Clip7,144,3.600347187935793,21.567170466299384,0
game8/Clip7,145,3.296121419381391,21.782292625987868,0
game8/Clip7,146,2.993589699445218,21.7828245800382,0
game8/Clip7,147,2.734405648712444,21.78328031408684,0
game8/Clip7,148,2.5241089411496245,21.569267103056575,0
game8/Clip7,149,2.2726402471065663,21.357032227318697,0
game8/Clip7,150,2.0305427077699463,20.93694952893807,2
game8/Clip7,151,1.8793488129412996,21.570523170463964,0
game8/Clip7,152,1.6453687039980596,23.10534159302192,0
game8/Clip7,153,1.4539038613768172,24.48818713466482,0
game8/Clip7,154,1.1955685873181912,26.18635954210304,0
game8/Clip7,155,0.9951360527603923,27.45941298274036,0
game8/Clip7,156,0.7998475876321777,28.51620094280834,0
game8/Clip7,157,0.5979011868108656,29.609017791089208,0
game8/Clip7,158,0.4046798653428871,30.45317671218309,0
game8/Clip7,159,0.2064015534213633,31.319428969420276,0
game8/Clip7,160,0.1219638495430201,31.91000242311558,1
game8/Clip7,161,0.123079756364722,31.027204490683857,0
game8/Clip7,162,0.1568440133524188,30.451707752220806,0
game8/Clip7,163,0.2064033579346239,29.60699077302536,0
game8/Clip7,164,0.27053041163539554,28.51397367315293,0
game8/Clip7,165,0.3325283714670818,27.457246031034238,0
game8/Clip7,166,0.40719003329898784,26.18467122246814,0
game8/Clip7,167,0.44763165141022426,24.724213677044755,0
game8/Clip7,168,0.5437953864598205,23.10599022374245,0
game8/Clip7,169,0.5791529011200619,21.787069984237164,0
game8/Clip7,170,0.637795170648614,20.11880276193882,0
game8/Clip7,171,0.733669667837355,18.545459368318088,0
game8/Clip7,172,0.7847804583654178,17.05946056397964,0
game8/Clip7,173,0.8543518937945329,15.313851408740296,0
game8/Clip7,174,0.9093976965048668,13.83984433960334,0
game8/Clip7,175,0.9992417550621524,11.856627377676023,0
game8/Clip7,176,1.082087284008692,10.027895897097796,0
game8/Clip7,177,1.1091676058958972,8.58873505349591,0
game8/Clip7,178,1.1903205485284656,6.884099227264427,0
game8/Clip7,179,1.234803949627484,5.307991688683455,0
game8/Clip7,180,1.3194099991769956,3.645130166082939,0
game8/Clip7,181,1.2970528584269192,3.5462245984335254,2
game8/Clip7,182,1.290092916335238,3.645653000991687,0
game8/Clip7,183,1.2678122640383713,3.5467486424624757,0
game8/Clip7,184,1.2456466939289628,3.4483551365679563,0
game8/Clip7,185,1.2596857542270432,3.2520297938196028,0
game8/Clip7,186,1.2447142002913743,3.058221800310074,0
game8/Clip7,187,1.272378872665397,2.6753933168505593,0
game8/Clip7,188,1.271199001565311,2.300700169840434,0
game8/Clip7,189,1.2767436385864568,1.8425516303840743,0
game8/Clip7,190,1.288728586049958,1.307294905679889,0
game8/Clip7,191,1.3338778391039188,0.7014898411897877,0
game8/Clip7,192,1.330512042237067,0.03445789505839534,0
game8/Clip7,193,1.3552098985163388,-0.2903574720979216,1
game8/Clip7,194,1.2344274520192275,1.663297870156265,0
game8/Clip7,195,1.1508945230869598,3.1567291211792328,0
game8/Clip7,196,1.0689525169369478,4.256213142782621,0
game8/Clip7,197,0.9720588213752995,5.972574890615322,0
game8/Clip7,198,0.8607212734193258,7.481762867240391,0
game8/Clip7,199,0.7931509367318185,8.847640624079997,0
game8/Clip7,200,0.6967352366921689,10.168068199146667,0
game8/Clip7,201,0.5943522466265431,11.570218712443117,0
game8/Clip7,202,0.5329217412683277,12.908127989026768,0
game8/Clip7,203,0.44218354380622893,14.163778735821184,0
game8/Clip7,204,0.40893239021556427,15.149154119633408,0
game8/Clip7,205,0.28417086296451094,16.35038532765664,0
game8/Clip7,206,0.20641619349023432,17.426367786233772,0
game8/Clip7,207,0.13909437881304873,18.357978609892402,0
game8/Clip7,208,0.06934337733036929,19.323204937404228,0
game8/Clip7,209,0.011703913662696281,20.120829726340276,0
game8/Clip7,210,-0.005313254749154484,20.942057384022597,0
game8/Clip7,211,-0.05052316191823397,21.57428278459331,0
game8/Clip7,212,2.061634375287573,0.266461100173784,0
game8/Clip7,213,2.01736772311952,0.10208217321319382,0
game8/Clip7,214,1.9953907638332895,0.020473359164800815,0
game8/Clip7,215,-0.16439198630508428,23.788665721054663,0
game8/Clip7,216,-0.22538936548021557,24.019650681054436,0
game8/Clip7,217,-0.24203695328401834,24.252454252812118,0
game8/Clip7,218,-0.21381110059098746,24.487125883585833,0
game8/Clip7,219,-0.21381110059098746,24.487125883585833,0
game8/Clip7,220,-0.2588160764722976,24.48709724465154,0
game8/Clip7,221,-0.21381110059098746,24.487125883585833,0
game8/Clip7,222,-0.21381110059098746,24.487125883585833,0
game8/Clip7,223,-0.19720841327024666,24.25247344490773,0
game8/Clip7,224,-0.18073588337004642,24.019660573255866,0
game8/Clip7,225,-0.1481752212082053,23.559467675946696,0
game8/Clip7,226,,,0
game8/Clip7,227,-0.10027305525266461,22.882447152564993,0
game8/Clip7,228,-0.06894744815871641,22.439709783869027,2
game8/Clip7,229,,,0
game8/Clip7,230,-0.16439198630508428,23.788665721054663,0
game8/Clip7,231,-0.2927752143628375,24.96198938445594,0
game8/Clip7,232,-0.34474038502988363,25.688681892755728,0
game8/Clip7,233,-0.3979775120568829,26.433161721789716,0
game8/Clip7,234,-0.43419882427962464,26.939688610765113,0
game8/Clip7,235,-0.5182529459215754,27.454463687757347,0
game8/Clip7,236,-0.5560845048320326,27.977983291705332,0
game8/Clip7,237,-0.5945542015161009,28.51033355566645,0
game8/Clip7,238,-0.5945542015161009,28.51033355566645,0
game8/Clip7,239,-0.6140334185270013,28.77989030321949,0
game8/Clip7,240,-0.6821064053948251,29.051512753437834,1
game8/Clip7,241,-0.4883690742186125,29.052421103634632,0
game8/Clip7,242,,,0
game8/Clip7,243,,,0
game8/Clip7,244,,,0
game8/Clip7,245,0.8133243441092137,28.248553950457808,0
game8/Clip7,246,1.1372247510625488,27.45987766094422,0
game8/Clip7,247,1.4898039716629667,26.94510124119763,0
game8/Clip7,248,1.9006806626227994,25.93918130014714,0
game8/Clip7,249,2.246115552414113,25.20553228982306,0
game8/Clip7,250,2.594708149892741,24.02027542455363,0
game8/Clip7,251,2.9740910854687703,22.88002608339309,0
game8/Clip7,252,3.296121419381391,21.782292625987868,0
game8/Clip7,253,3.6501325223812557,20.51791891601914,0
game8/Clip7,254,3.9890276324794,19.1112980870523,0
game8/Clip7,255,4.3114152323995985,17.773193465486507,0
game8/Clip7,256,4.6533332961257114,16.145976441564518,0
game8/Clip7,257,6.1071509384468206,2.302068146328522,0
game8/Clip7,258,5.310997355923837,13.016097480321923,0
game8/Clip7,259,5.5241989812351555,11.662411262744083,0
game8/Clip7,260,5.842523805203991,9.83463048828136,0
game8/Clip7,261,6.08304279662397,8.394997083023972,0
game8/Clip7,262,6.302335753009583,6.925380607372345,0
game8/Clip7,263,6.507449222810955,5.550789560005955,0
game8/Clip7,264,6.6695745822083,4.262814629168175,0
game8/Clip7,265,6.758823598285292,4.680680838292298,2
game8/Clip7,266,1.0579263053542487,25.204022026489966,0
game8/Clip7,267,7.315014035114425,3.339049788273189,0
game8/Clip7,268,7.539573039745609,3.5342010401096755,0
game8/Clip7,269,7.737457848579792,3.4308009605192233,0
game8/Clip7,270,7.944528213843046,3.4270898872405295,0
game8/Clip7,271,8.141008065494825,3.3241741743739532,0
game8/Clip7,272,8.266706747696723,3.1246203729491704,0
game8/Clip7,273,8.496667604268758,2.828189090115286,0
game8/Clip7,274,8.665341624794024,2.5371898959924026,1
game8/Clip7,275,8.668922511249757,4.542664122292192,0
game8/Clip7,276,8.652972303142496,6.306822968717886,0
game8/Clip7,277,8.595604155340308,7.8598150806618925,0
game8/Clip7,278,8.554506454127598,9.399282223985994,0
game8/Clip7,279,8.51795793414244,10.768342876869198,0
game8/Clip7,280,8.529768114701787,12.373673900275469,0
game8/Clip7,281,8.48349624011132,13.45523541291532,0
game8/Clip7,282,6.2753019278400295,-1.1837497059401687,0
game8/Clip7,283,8.345343247123933,15.772231587706449,0
game8/Clip7,284,8.28647918305392,16.475152060362202,0
game8/Clip7,285,8.24078589268491,17.38115834677999,0
game8/Clip7,286,8.21939827027445,18.128945193800124,0
game8/Clip7,287,8.141064001804502,18.704104889145434,0
game8/Clip7,288,8.087905250999006,19.09441645412745,0
game8/Clip7,289,8.019339255739231,19.29184276379989,0
game8/Clip7,290,7.922725795190131,19.69079209688852,0
game8/Clip7,291,7.880732066671129,19.690943013539012,0
game8/Clip7,292,7.79675393068278,19.691244813342113,0
game8/Clip7,293,7.712788220462008,19.69154656848961,2
game8/Clip7,294,7.7114955656965645,20.300313655850083,0
game8/Clip7,295,7.751342622929482,22.210137783219274,0
game8/Clip7,296,7.824421392815003,23.32895368259249,0
game8/Clip7,297,7.809100995691992,24.49223126688751,0
game8/Clip7,298,7.83973513748293,25.702618125366328,0
game8/Clip7,299,7.871636006506349,26.963054696545942,0
game8/Clip7,300,7.87216273241133,27.744580704572506,0
game8/Clip7,301,7.87270284035437,28.54596222129299,0
game8/Clip7,302,7.856682717579318,29.09154742684437,0
game8/Clip7,303,7.8403870555125525,29.64651646566713,0
game8/Clip7,304,7.807234818629686,29.92746082118068,0
game8/Clip7,305,7.773796479995059,30.210829709088358,1
game8/Clip7,306,7.806637692408028,31.666587377362927,0
game8/Clip7,307,7.77072486144195,33.81615283631817,0
game8/Clip7,308,,,0
game8/Clip7,309,7.785693132990824,38.19804255158126,0
game8/Clip7,310,7.7079256983541455,40.03376446227747,0
game8/Clip7,311,7.685151136851406,41.96421669304379,0
game8/Clip7,312,7.619733280265574,44.414685644563455,0
game8/Clip7,313,7.593208264714059,46.57910102957481,0
game8/Clip7,314,7.500986522945985,48.86278677614817,0
game8/Clip7,315,7.469536162712577,51.27878614774527,0
game8/Clip7,316,7.348409938286848,53.31123816784377,0
game8/Clip7,317,7.221480136830284,55.44107200526577,0
game8/Clip7,318,7.088319416405158,57.675458295344235,0
game8/Clip7,319,6.948457423368571,60.022289393481095,0
game8/Clip7,320,6.801375241317567,62.4902725197393,0
game8/Clip7,321,6.687198777855521,63.771334298210576,0
game8/Clip7,322,6.5102390534185615,65.75682528673079,0
game8/Clip7,323,6.3102725463026985,67.12211071883267,0
game8/Clip7,324,6.104869766708508,68.52451268473138,0
game8/Clip7,325,5.89380597469268,69.96556561224199,0
game8/Clip7,326,5.584410818930026,70.69273506860583,0
game8/Clip7,327,5.351989475137596,71.43321764003909,0
game8/Clip7,328,5.108470921496505,71.42296874708804,0
game8/Clip7,329,4.783942377487438,71.40931041076264,0
game8/Clip7,330,4.5406680276100095,71.39907179554278,0
game8/Clip7,331,4.214978699387342,70.636007227997,0
game8/Clip7,332,3.973878259185982,69.88728774520125,0
game8/Clip7,333,3.7362230297539787,69.14926710817784,0
game8/Clip7,334,3.427228976407199,67.71049160815006,0
game8/Clip7,335,3.126738401568286,66.31131103368678,0
game8/Clip7,336,2.8421419189566737,64.28869016810869,0
game8/Clip7,337,2.642740348643752,62.34827025120677,0
game8/Clip7,338,2.388739662173755,59.876534496269244,0
game8/Clip7,339,2.1587418418457274,56.96076305425545,0
game8/Clip7,340,1.9301896121667952,54.75301906182703,0
game8/Clip7,341,1.738832129623753,51.63740500949293,0
game8/Clip7,342,1.5466571402303124,49.201128243289126,0
game8/Clip7,343,1.332020845952837,46.01335490607234,0
game8/Clip7,344,1.1922970419205798,43.05990925072041,0
game8/Clip7,345,1.0624255517727916,40.31471925974002,0
game8/Clip7,346,0.9413997929128655,37.7565080503745,0
game8/Clip7,347,0.8577921382804127,34.713256069089425,0
game8/Clip7,348,0.7301932967690655,31.914394437670456,0
game8/Clip7,349,0.6612178150083878,29.33239564535267,0
game8/Clip7,350,0.5504458266939709,26.942458626283965,0
game8/Clip7,351,0.5067577131350705,24.487584417836885,0
game8/Clip7,352,0.4664053775777049,22.220150561329767,0
game8/Clip7,353,0.41358308144175177,19.717778380470357,0
game8/Clip7,354,0.3524720564878557,17.609214689526798,0
game8/Clip7,355,0.34657573958452476,15.486815936560172,0
game8/Clip7,356,0.3162855913248472,13.373119085227573,0
game8/Clip7,357,0.2884337908553493,11.429574192293305,0
game8/Clip7,358,0.27380026349144365,9.504062857815759,0
game8/Clip7,359,0.2603338437921884,7.732122086398779,0
game8/Clip7,360,0.2581273072609527,5.983837996597657,0
game8/Clip7,361,0.26587202197683424,4.270103319722557,0
game8/Clip7,362,0.2729944104457971,2.6940757255224357,0
game8/Clip7,363,0.2795665858438354,1.2397981574894323,0
game8/Clip7,364,0.2942482514342682,-0.18730296512124406,0
game8/Clip7,365,0.29245338397169424,-0.898014599772389,2
game8/Clip7,366,0.12723053096851356,-0.10295778630973593,0
game8/Clip7,367,-0.07282378902685285,0.73024572438106,0
game8/Clip7,368,-0.21696533933745107,1.5136379684359849,0
game8/Clip7,369,-0.3740376327178076,2.147695277920584,0
game8/Clip7,370,-0.508040420857122,2.803384877691978,0
game8/Clip7,371,-0.6639656612712368,3.384626688775221,0
game8/Clip7,372,-0.8122496652285499,3.8829230862400106,0
game8/Clip7,373,-0.9514367387795136,4.291158038625022,0
game8/Clip7,374,-1.0635673922440085,4.707417567798788,0
game8/Clip7,375,-1.2083519117780916,5.132992568038275,0
game8/Clip7,376,-1.3418506929296452,5.458491816664512,0
game8/Clip7,377,-1.4320373459372069,5.678386616728273,0
game8/Clip7,378,-1.5848658088559044,5.901620233460905,0
game8/Clip7,379,-1.661890360278532,6.014128524540357,0
game8/Clip7,380,-1.754628579591953,6.015591578589783,0
game8/Clip7,381,-1.8473515172172852,6.0170543915526835,0
game8/Clip7,382,-1.9239520251159055,5.907003243810278,0
game8/Clip7,383,-1.953297846802001,5.686763897188416,0
game8/Clip7,384,-2.0128065563077326,5.469405069467438,0
game8/Clip7,385,-2.041357097692561,5.25389982392362,0
game8/Clip7,386,-2.0675543627941524,4.829272813838525,0
game8/Clip7,387,-2.06352389496343,4.413066382743257,0
game8/Clip7,388,-2.073249753248136,3.905187843509085,0
game8/Clip7,389,-2.0538082307400947,3.4097779055868043,0
game8/Clip7,390,-2.033091736090044,2.7371855050425724,0
game8/Clip7,391,-1.9999101978743952,2.1788950518052435,0
game8/Clip7,392,-1.9663181347269738,1.4599247833015343,0
game8/Clip7,393,-1.9340033497333915,0.7682920740655896,0
game8/Clip7,394,-1.8500370865162787,0.10135506292926179,0
game8/Clip7,395,-10.424647222513011,26.161474747338552,0
game8/Clip7,396,,,0
game8/Clip7,397,,,0
game8/Clip7,398,-1.5462400827650766,-3.0268892209044393,0
game8/Clip7,399,-1.5019332856759682,-3.690773768568,2
game8/Clip7,400,-1.619028445664189,-3.293615215562824,0
game8/Clip7,401,-1.7390996330053492,-2.8863626952466555,0
game8/Clip7,402,-0.8152329527897778,-0.32406639765387063,0
game8/Clip7,403,-0.8223517542440065,-0.08284794553940483,0
game8/Clip7,404,-0.8183269401161416,0.0796548834747607,0
game8/Clip7,405,-2.246466683477573,-1.4489082925840058,0
game8/Clip7,406,-2.3645592689537254,-1.2214220206559874,0
game8/Clip7,407,-2.4586641965762337,-0.991460483256817,0
game8/Clip7,408,-2.564900673813176,-0.8354966967202162,0
game8/Clip7,409,-2.631240376331333,-0.7567126335052785,0
game8/Clip7,410,-2.7084314333598813,-0.7550290286887044,0
game8/Clip7,411,-2.7856118937532726,-0.7533456549940637,0
game8/Clip7,412,-2.821608950243688,-0.8298800098084713,0
game8/Clip7,413,-2.842014182653678,-0.9830205523264218,0
game8/Clip7,414,-2.8876663536452063,-1.1342131562036826,0
game8/Clip7,415,-2.8922255562036883,-1.3598551225739661,0
game8/Clip7,416,-2.9065553331864393,-1.6558517500358665,0
game8/Clip7,417,-2.895817530561529,-1.9472063207385373,0
game8/Clip7,418,-2.870383947626574,-2.304568934629161,0
game8/Clip7,419,-2.8551218030394834,-2.7229630715988358,0
game8/Clip7,420,-2.801991991572139,-3.198551487675293,0
game8/Clip7,421,-2.750406437309233,-3.6603165752363624,0
game8/Clip8,0,,,0
game8/Clip8,1,,,0
game8/Clip8,2,2.991274071639976,10.276969912701063,0
game8/Clip8,3,2.9440036005241192,10.832156187748648,0
game8/Clip8,4,2.9341921144960987,11.25721338500216,0
game8/Clip8,5,2.892126201638936,11.545361682992024,0
game8/Clip8,6,2.885180042231232,11.836711649604645,0
game8/Clip8,7,2.8459208028176315,11.98412742517183,0
game8/Clip8,8,2.806417537698937,12.132459500675335,0
game8/Clip8,9,2.774420494443637,11.984873175271986,0
game8/Clip8,10,2.778260478418919,11.837840732657297,0
game8/Clip8,11,2.7465519277624684,11.692102633737587,0
game8/Clip8,12,2.7543327195055722,11.402583556064856,0
game8/Clip8,13,2.7269314816064303,11.11701489837681,0
game8/Clip8,14,2.7077885344674253,10.555922962406045,0
game8/Clip8,15,2.719492840399544,10.143673532532564,0
game8/Clip8,16,2.700837245868494,9.60586569443444,0
game8/Clip8,17,3.1906010251914445,7.08974550620499,1
game8/Clip8,18,3.5709424725006778,10.96583775597513,0
game8/Clip8,19,3.3249568943766326,4.844412280444211,0
game8/Clip8,20,4.617791877897664,13.333452883998602,0
game8/Clip8,21,5.19860214579274,14.448665744573077,0
game8/Clip8,22,5.641537535781133,15.277963954864548,0
game8/Clip8,23,6.007969077001479,15.788694711831047,0
game8/Clip8,24,6.3821700741028184,16.310254504065924,0
game8/Clip8,25,6.675667823530787,16.663900321186322,0
game8/Clip8,26,7.013284358092502,17.022404632157894,0
game8/Clip8,27,7.264022279504067,17.20314694792492,0
game8/Clip8,28,7.504359273151234,17.2017556924463,0
game8/Clip8,29,7.704717906109338,17.200595862486033,2
game8/Clip8,30,7.8785897445653825,17.383196426360822,0
game8/Clip8,31,8.14444781257506,19.291349219358,0
game8/Clip8,32,2.359432877111763,2.65507202116585,0
game8/Clip8,33,2.412710353390566,2.7490301360324616,0
game8/Clip8,34,8.951496767218712,24.49295823089084,0
game8/Clip8,35,9.23455090936706,26.203575093730766,0
game8/Clip8,36,9.440059826655068,27.487030745855137,0
game8/Clip8,37,9.654386526756488,28.825555702710542,0
game8/Clip8,38,9.827259874241678,29.65680369281647,0
game8/Clip8,39,9.678003147764345,29.656030901606908,1
game8/Clip8,40,8.451457424214892,23.32871001846585,0
game8/Clip8,41,8.683862397097107,22.87552962472115,0
game8/Clip8,42,8.028482833547516,26.453078304533914,0
game8/Clip8,43,7.471595082588826,24.97020254082547,0
game8/Clip8,44,6.941302180334992,23.558143304354395,0
game8/Clip8,45,6.426488201644386,21.99354677416661,0
game8/Clip8,46,5.931640168738069,20.305755331516583,0
game8/Clip8,47,5.470804917780749,18.90990816680709,0
game8/Clip8,48,5.069377359844418,17.399003878839967,0
game8/Clip8,49,4.648939345774515,15.798266938409144,0
game8/Clip8,50,4.216058720192247,14.29365660022993,0
game8/Clip8,51,3.8096104183886914,12.571918600026526,0
game8/Clip8,52,3.430839666497066,10.967424267036007,0
game8/Clip8,53,3.0824813131211335,9.205751296512918,0
game8/Clip8,54,2.7564909056927225,7.696613176755192,0
game8/Clip8,55,2.4564717156939713,6.174382226291406,0
game8/Clip8,56,2.1772772114611363,4.757811121141823,0
game8/Clip8,57,1.9247210190303181,3.834597960400168,2
game8/Clip8,58,1.6887598940318542,3.8387641910158052,0
game8/Clip8,59,1.43007462784428,3.7429856135918236,0
game8/Clip8,60,2.2378993220761534,32.5281928858361,0
game8/Clip8,61,2.032710409961975,32.52660168219135,0
game8/Clip8,62,2.769128549709386,-1.4864001076381563,0
game8/Clip8,63,0.4140906457459411,2.409915142632424,0
game8/Clip8,64,0.26236197506924824,1.952887899725453,0
game8/Clip8,65,0.06866845614327494,1.4195751404129715,1
game8/Clip8,66,0.04838493150033226,1.8664209735425443,0
game8/Clip8,67,0.20643100683130394,3.3688755988371057,0
game8/Clip8,68,0.32721611234648823,4.894598333174599,0
game8/Clip8,69,0.44428317973355297,5.980901169633948,0
game8/Clip8,70,0.5360418206496099,7.128918457776238,0
game8/Clip8,71,0.6524308580937934,8.094413086556736,0
game8/Clip8,72,0.7743199916973044,9.105533260631008,0
game8/Clip8,73,0.852571170086459,9.896005050036235,0
game8/Clip8,74,0.9590934095874253,10.854880394568582,0
game8/Clip8,75,1.0794094313214968,11.709923381085233,0
game8/Clip8,76,1.1412001230998552,12.447816838173567,0
game8/Clip8,77,1.2415499856431127,13.20916612290819,0
game8/Clip8,78,1.3538355177024133,13.835932008140754,0
game8/Clip8,79,1.4315608933490807,14.47967553654397,0
game8/Clip8,80,1.5196655668080248,14.973580670942837,0
game8/Clip8,81,1.6095632734728758,15.477537352799711,0
game8/Clip8,82,1.701309311520892,15.991855577630146,0
game8/Clip8,83,1.7635285318387848,16.34064970133371,0
game8/Clip8,84,1.8658684155713527,16.69404512935333,0
game8/Clip8,85,1.9301120962267002,17.052646514928835,0
game8/Clip8,86,2.0091862293248566,17.052176070383545,0
game8/Clip8,87,2.0748972061391404,17.41585383400422,0
game8/Clip8,88,2.1545444335917185,17.41540565864735,0
game8/Clip8,89,2.23420289731082,17.414957420063946,0
game8/Clip8,90,2.313872599674354,17.414509118240634,0
game8/Clip8,91,2.3537116660910637,17.41428494360983,2
game8/Clip8,92,2.3649354997234777,18.34729251758641,0
game8/Clip8,93,2.3412987602247863,19.11808442140281,0
game8/Clip8,94,2.358706103463466,19.91127306387167,0
game8/Clip8,95,2.340450184032283,20.52168545155549,0
game8/Clip8,96,2.321784894925775,21.145785691111254,0
game8/Clip8,97,2.309107090284475,21.56968595156408,0
game8/Clip8,98,2.3395564675464624,21.999951506202674,0
game8/Clip8,99,2.326820182366018,22.43688206249397,0
game8/Clip8,100,2.364199703589927,22.657819517540368,0
game8/Clip8,101,2.357877188176427,22.880511353322657,0
game8/Clip8,102,2.4018701800701874,22.88047670873549,0
game8/Clip8,103,2.4840048314130385,23.104847785531376,1
game8/Clip8,104,2.611141853691594,23.330979545768155,0
game8/Clip8,105,,,0
game8/Clip8,106,,,0
game8/Clip8,107,,,0
game8/Clip8,108,,,0
game8/Clip8,109,3.553855372684629,21.99804854828581,0
game8/Clip8,110,3.729633597825441,21.566918601398662,0
game8/Clip8,111,3.945848255642513,20.93214412847691,0
game8/Clip8,112,4.1567998203422345,20.10741001835087,0
game8/Clip8,113,4.3617159894734865,19.30627182987871,0
game8/Clip8,114,4.599583902666695,18.336564142195662,0
game8/Clip8,115,4.78648877605964,17.21748881851182,0
game8/Clip8,116,4.969091897491245,16.319553946237363,0
game8/Clip8,117,5.180205279401088,15.281422362645314,0
game8/Clip8,118,5.369591147903895,13.800581805370525,0
game8/Clip8,119,5.589536742244519,12.554294818881376,0
game8/Clip8,120,5.722365830245094,11.226341467421593,0
game8/Clip8,121,5.882480739640493,9.969426022760839,0
game8/Clip8,122,6.061732113545069,8.649644538179324,0
game8/Clip8,123,6.1921767794006195,7.284325979331201,0
game8/Clip8,124,6.327535112861333,6.228015684457866,2
game8/Clip8,125,6.499396652092614,6.455147824754919,0
game8/Clip8,126,6.665800154049582,6.568476219418616,0
game8/Clip8,127,6.833179516063463,6.682469219408319,0
game8/Clip8,128,6.984861241337557,6.563635623959537,0
game8/Clip8,129,7.144459133503987,6.561214304460293,0
game8/Clip8,130,7.2949415694977775,6.44299701376916,0
game8/Clip8,131,7.435133425161443,6.210874192497197,0
game8/Clip8,132,7.564047390151723,5.868578548646051,0
game8/Clip8,133,7.722071434220095,5.531269126554323,0
game8/Clip8,134,7.846657002488464,5.199812071386975,0
game8/Clip8,135,7.948183687965005,4.6606579743111,0
game8/Clip8,136,8.087927663448125,4.238412060228644,0
game8/Clip8,137,8.184005094438014,3.7240813617566157,0
game8/Clip8,138,8.237330290507808,3.125154528248711,0
game8/Clip8,139,7.077695058400355,4.464446399570525,0
game8/Clip8,140,7.276956038240094,4.671958084384981,1
game8/Clip8,141,7.407987227448795,4.776057078812482,0
game8/Clip8,142,7.581961078153695,4.666823327904783,0
game8/Clip8,143,7.733762535377924,4.984979161478013,0
game8/Clip8,144,7.714789837031785,4.453602472465548,0
game8/Clip8,145,7.5373143377496,3.836912526275073,0
game8/Clip8,146,8.215126681451741,12.528297775158098,0
game8/Clip8,147,8.188836962432198,13.93624783971134,0
game8/Clip8,148,8.122196227636515,15.429692058412448,0
game8/Clip8,149,8.049116280927748,16.47667704964443,0
game8/Clip8,150,7.932593627157705,17.567796100552865,0
game8/Clip8,151,7.8385466342060015,18.51254837986215,0
game8/Clip8,152,7.6858512029687995,19.293158350671373,0
game8/Clip8,153,7.600015900463849,19.893367216886297,0
game8/Clip8,154,7.456888240841269,20.30109208452836,0
game8/Clip8,155,7.311670566232714,20.71477073556754,0
game8/Clip8,156,7.195382132145,20.9239912196076,0
game8/Clip8,157,7.035217458123299,21.134834488609375,0
game8/Clip8,158,6.906147538284638,21.135134370024907,0
game8/Clip8,159,6.777106991370887,21.135434183195297,0
game8/Clip8,160,6.638217729652008,20.92538911566636,0
game8/Clip8,161,6.491138292881452,20.509748423923273,2
game8/Clip8,162,6.424069440822384,20.92592640241261,0
game8/Clip8,163,6.401100528017706,22.43207319477468,0
game8/Clip8,164,6.3675537757203795,23.78877390401086,0
game8/Clip8,165,6.378474794577861,25.210784778564268,0
game8/Clip8,166,6.333122991067136,26.44907119203364,0
game8/Clip8,167,6.276363862831095,27.476684387730963,0
game8/Clip8,168,6.266296093262849,28.53920275614751,0
game8/Clip8,169,6.196978502460818,29.35969819854145,1
game8/Clip8,170,6.058129440728671,29.63728865362547,0
game8/Clip8,171,5.950884494695759,29.358484454827487,0
game8/Clip8,172,6.089001427926713,4.69195728713656,0
game8/Clip8,173,5.992445316675301,4.58797203876562,0
game8/Clip8,174,5.321142362140964,27.47356048965509,0
game8/Clip8,175,5.163514661300039,26.699824606957485,0
game8/Clip8,176,4.959361708285617,25.69771352836384,0
game8/Clip8,177,4.764807472337863,24.96733929898462,0
game8/Clip8,178,4.568253368835734,23.558586609023422,0
game8/Clip8,179,4.42601055401487,22.434404390866483,0
game8/Clip8,180,4.202448961176908,21.141416150919184,0
game8/Clip8,181,4.030649524309758,19.905561216218814,0
game8/Clip8,182,3.8667794014657195,18.530946275584355,0
game8/Clip8,183,3.710942186149357,17.22371490989715,0
game8/Clip8,184,3.5640604049364852,15.805908203933283,0
game8/Clip8,185,3.424965516739995,14.463266089834283,0
game8/Clip8,186,3.2611341220414527,12.881849741714385,0
game8/Clip8,187,3.107484816426598,11.398718109808904,0
game8/Clip8,188,2.966212618765278,9.87000804623571,0
game8/Clip8,189,2.8703208167016574,8.312863416925941,0
game8/Clip8,190,2.749014169630242,6.860772950787372,0
game8/Clip8,191,2.6392814677741696,5.393737778309628,0
game8/Clip8,192,2.5477373777706362,4.541550360433154,2
game8/Clip8,193,2.4493116781163518,4.753231423898492,0
game8/Clip8,194,2.3498540128571666,4.967131903405294,0
game8/Clip8,195,2.254033461854844,5.075681799203413,0
game8/Clip8,196,2.1321858169362673,5.077698669498725,0
game8/Clip8,197,2.0460442445778906,4.972189453435593,0
game8/Clip8,198,1.9300870428242145,4.86776420344625,0
game8/Clip8,199,1.8449685238483755,4.763405534229647,0
game8/Clip8,200,1.7480667482248915,4.347488491969844,0
game8/Clip8,201,1.6767252819983454,4.041280154377401,0
game8/Clip8,202,1.6064981988378684,3.739854917051199,1
game8/Clip8,203,1.5602864177259823,3.5415069797306824,0
game8/Clip8,204,1.9190156903229725,5.081227145543553,0
game8/Clip8,205,2.2324631126134875,6.29139212968271,0
game8/Clip8,206,2.505167164983241,7.458017385752798,0
game8/Clip8,207,2.764271879694076,8.566464808963962,0
game8/Clip8,208,3.043155850889483,9.469020576750925,0
game8/Clip8,209,3.2670677446785565,10.273677141239052,0
game8/Clip8,210,3.534470881362571,11.107971615533073,0
game8/Clip8,211,3.776248941738661,11.974424078171552,0
game8/Clip8,212,4.063915574898101,12.874117319669594,0
game8/Clip8,213,4.325727541265738,13.809770808277378,0
game8/Clip8,214,4.554618904000784,14.290820810210864,0
game8/Clip8,215,4.790775822792375,14.948086857694499,0
game8/Clip8,216,5.029951173151533,15.452409348944663,0
game8/Clip8,217,5.235152642632056,15.967506242760859,0
game8/Clip8,218,5.478963534102726,16.316198490128844,0
game8/Clip8,219,5.686717640252073,16.670098441114632,0
game8/Clip8,220,5.897433312378414,17.029043289039045,0
game8/Clip8,221,6.103827305786342,17.209863049299734,0
game8/Clip8,222,6.271620977866061,17.392238847842812,0
game8/Clip8,223,6.480913111329547,17.57572823700292,0
game8/Clip8,224,6.651328162531299,17.760791784873945,0
game8/Clip8,225,6.813058262275324,17.759934605524816,0
game8/Clip8,226,6.97483450835476,17.759077181597313,2
game8/Clip8,227,7.118165706307309,18.134416647590342,0
game8/Clip8,228,7.287075117366834,18.9021145156904,0
game8/Clip8,229,7.419006047802714,19.692602359986044,0
game8/Clip8,230,7.597466623993171,20.50656671729718,0
game8/Clip8,231,7.710173992606742,20.922699634018866,0
game8/Clip8,232,7.824598006241245,21.34517066783371,0
game8/Clip8,233,,,0
game8/Clip8,234,,,0
game8/Clip8,235,,,0
game8/Clip8,236,,,0
game8/Clip8,237,,,0
game8/Clip8,238,,,1
game8/Clip8,239,,,0
game8/Clip8,240,,,0
game8/Clip8,241,7.4747042139150555,21.991904088868367,0
game8/Clip8,242,7.231576626409123,21.56009641077568,0
game8/Clip8,243,6.992190887233036,21.13493445666545,0
game8/Clip8,244,6.7462533163395175,20.5090147347121,0
game8/Clip8,245,6.515028646154679,20.09977527528893,0
game8/Clip8,246,6.27071024522676,19.29874098204252,0
game8/Clip8,247,6.081855164055678,18.713293501441264,0
game8/Clip8,248,5.890384668728915,17.952007481933716,0
game8/Clip8,249,5.704310128793266,17.21217576218201,0
game8/Clip8,250,5.518203452554492,16.31594025292832,0
game8/Clip8,251,5.342924191649277,15.62116498668779,0
game8/Clip8,252,5.164635452193744,14.613259815754898,0
game8/Clip8,253,4.996561684447221,13.803865537845006,0
game8/Clip8,254,4.828640119018105,12.713804837547972,0
game8/Clip8,255,4.666026187822385,11.526171856201767,0
game8/Clip8,256,4.547643766467414,10.534405193405076,0
game8/Clip8,257,4.399003935492589,9.451864235442471,0
game8/Clip8,258,4.258023034523264,8.546365650249582,0
game8/Clip8,259,4.187316728656196,7.554648930816808,0
game8/Clip8,260,4.05597328734983,6.377502750220136,0
game8/Clip8,261,3.962321685523914,5.3722182221766115,0
game8/Clip8,262,3.8744938362498145,4.002869287237692,0
game8/Clip8,263,3.788054467930291,3.5015813705217917,2
game8/Clip8,264,3.758684637701138,3.5021077306893846,0
game8/Clip8,265,3.730023278473578,3.4036131342135616,0
game8/Clip8,266,3.7015099014573343,3.305627077757544,0
game8/Clip8,267,3.673143363527232,3.208145632978235,0
game8/Clip8,268,3.6467454201931626,2.9176238413704976,0
game8/Clip8,269,3.649445425366171,2.630956635616615,0
game8/Clip8,270,3.6245690883876334,2.255924983005824,0
game8/Clip8,271,3.599184489024888,1.979657118371565,1
game8/Clip8,272,2.1882582055214113,5.184292255077764,0
game8/Clip8,273,3.292704077179818,4.951436188950854,0
game8/Clip8,274,3.0275916803135092,7.210919321323218,0
game8/Clip8,275,2.820259064691196,8.949499694851056,0
game8/Clip8,276,2.6891058647030137,10.008322048550003,0
game8/Clip8,277,2.4672172945167885,11.549958294070901,0
game8/Clip8,278,2.277458257478446,12.891324545738579,0
game8/Clip8,279,2.045507727362719,14.150119625362874,0
game8/Clip8,280,1.8849549134579973,15.30612542502076,0
game8/Clip8,281,1.6934668529008883,16.165914640469097,0
game8/Clip8,282,1.4954022538161988,17.055232782601127,0
game8/Clip8,283,1.3493183757711085,17.60376781541223,0
game8/Clip8,284,1.2001672608293823,18.163820114291646,0
game8/Clip8,285,1.01778035056086,18.54414331971604,0
game8/Clip8,286,0.873708456483605,18.929634398056873,0
game8/Clip8,287,0.7393785312991803,19.12468208832446,0
game8/Clip8,288,0.6163420869251449,19.125188826091144,0
game8/Clip8,289,0.4933324826544726,19.1256954533142,0
game8/Clip8,290,0.38337479500770183,18.931738429433473,0
game8/Clip8,291,0.27422605847826426,18.739208333988046,0
game8/Clip8,292,0.1791948919667722,18.932614569409623,2
game8/Clip8,293,,,0
game8/Clip8,294,-0.1789467409664067,21.57453296859962,0
game8/Clip8,295,-0.36301185097319283,22.882654059999986,0
game8/Clip8,296,-0.53786468746354,24.019581457587876,0
game8/Clip8,297,-0.7196772843025705,25.201762580422024,0
game8/Clip8,298,-0.8426787554590709,26.18199461742054,0
game8/Clip8,299,-0.9960812864429862,26.938107915497618,0
game8/Clip8,300,-1.1319080330046547,27.452456827626577,0
game8/Clip8,301,-1.292120156096574,28.24019431943746,0
game8/Clip8,302,-1.385119917744987,28.77646115119643,0
game8/Clip8,303,-1.5047472753624203,29.047655747709534,0
game8/Clip8,304,-1.5768205995292754,29.321357566522785,0
game8/Clip8,305,-1.6982626245318444,29.59712917976154,0
game8/Clip8,306,-1.7470155907313258,29.596876756540095,0
game8/Clip8,307,-1.7710129359470157,29.320399803553386,0
game8/Clip8,308,-1.8431326244741362,29.04606920578396,0
game8/Clip8,309,-1.8665131716332328,28.774320314011327,0
game8/Clip8,310,-1.8896947644235165,28.504883841570482,0
game8/Clip8,311,-1.887962334296748,27.9730085392804,0
game8/Clip8,312,-1.9333721142222424,27.449835768427857,2
game8/Clip8,313,-2.055788896855938,28.23716218589327,0
game8/Clip8,314,-2.207700793167736,29.318246044725687,0
game8/Clip8,315,-2.364872460625798,30.436761163554394,0
game8/Clip8,316,-2.498863888271862,31.30131293026746,0
game8/Clip8,317,-2.6364244539783863,32.188893816604235,0
game8/Clip8,318,-2.77769868973064,33.100436385083135,0
game8/Clip9,0,,,0
game8/Clip9,1,,,0
game8/Clip9,2,2.808138762699482,10.693805458764537,0
game8/Clip9,3,2.815382339660989,10.416449922706775,0
game8/Clip9,4,2.826084816137653,10.006653614045371,0
game8/Clip9,5,2.8400588331263656,9.471590482476383,1
game8/Clip9,6,3.4675098531494677,10.826162836306093,0
game8/Clip9,7,3.9911576377556734,11.972182574809898,0
game8/Clip9,8,3.9052923126002415,3.599014065423374,0
game8/Clip9,9,3.7382324713062594,2.253762425049074,0
game8/Clip9,10,5.444437119537912,15.110654699647394,0
game8/Clip9,11,5.807506537740226,15.617822087523246,0
game8/Clip9,12,6.139094819573805,16.13596808161061,0
game8/Clip9,13,6.429788749618939,16.48708076946564,0
game8/Clip9,14,6.764390278741254,16.84299143438791,0
game8/Clip9,15,7.013284358092502,17.022404632157894,0
game8/Clip9,16,7.25268129949692,17.0209803612765,0
game8/Clip9,17,7.412335414438704,17.020030513272292,0
game8/Clip9,18,7.611966264718947,17.018842827224955,2
game8/Clip9,19,7.838452324501981,17.94200443376049,0
game8/Clip9,20,8.090731787479573,19.690188318597944,0
game8/Clip9,21,8.268392711858885,20.92129909273505,0
game8/Clip9,22,8.621494168826107,22.651658238622577,0
game8/Clip9,23,8.840762658138075,24.256342801458043,0
game8/Clip9,24,9.052000298241252,25.70468232718593,0
game8/Clip9,25,9.251976474358589,26.96693788883614,0
game8/Clip9,26,9.437444683726332,28.015310539343634,0
game8/Clip9,27,9.629312691382053,29.09985851885634,1
game8/Clip9,28,9.678003147764345,29.656030901606908,0
game8/Clip9,29,,,0
game8/Clip9,30,3.9684607305066883,-0.4263972304105166,0
game8/Clip9,31,8.061828398573924,26.963589748330435,0
game8/Clip9,32,7.621581232429869,25.95017255420405,0
game8/Clip9,33,7.0335832792728965,24.491737765880394,0
game8/Clip9,34,6.5724243939706986,23.32944020448278,0
game8/Clip9,35,6.077513126850329,21.994093661657452,0
game8/Clip9,36,5.556697879864538,20.51243579544778,0
game8/Clip9,37,5.103965038907267,19.106706107056493,0
game8/Clip9,38,4.754449372053774,17.770845357644674,0
game8/Clip9,39,4.223971233897212,16.148868702537435,0
game8/Clip9,40,3.876857162126576,14.623673763971086,0
game8/Clip9,41,3.4416858613449275,13.033848571662146,0
game8/Clip9,42,3.0721596730270986,11.399104763164456,0
game8/Clip9,43,2.734773994256687,9.605440253092357,0
game8/Clip9,44,2.385402437586654,8.070326083868252,0
game8/Clip9,45,2.064883973083702,6.52287866458271,0
game8/Clip9,46,1.7727551571134206,4.976738922797339,0
game8/Clip9,47,1.5081815137019678,3.4436270556492,0
game8/Clip9,48,2.170101986971805,33.1414950211013,0
game8/Clip9,49,2.0057588518641984,33.45120089661996,0
game8/Clip9,50,1.9017935328569326,33.45030951356929,2
game8/Clip9,51,0.37684896591337363,0.5520510009196158,1
game8/Clip9,52,0.5052827994416222,0.8890665324733531,0
game8/Clip9,53,0.6607368429978098,2.498635181275665,0
game8/Clip9,54,0.8260174535381098,3.9548102322546033,0
game8/Clip9,55,1.02745145136181,5.638859686509363,0
game8/Clip9,56,1.1427348530893522,6.652268715217105,0
game8/Clip9,57,1.3915753872812893,8.839723633094653,0
game8/Clip9,58,1.5335266254842235,9.887629551167668,0
game8/Clip9,59,1.7243950986752152,11.557994051095076,0
game8/Clip9,60,1.9001495682744813,13.20300215484826,0
game8/Clip9,61,2.1015087439506948,14.63803057261989,0
game8/Clip9,62,2.2881201318092605,15.814895195986406,0
game8/Clip9,63,2.47857318569085,17.23084881008269,0
game8/Clip9,64,2.6800113830990533,18.728473226305088,0
game8/Clip9,65,2.8974942724928923,20.11148700790721,0
game8/Clip9,66,3.093799794824399,20.934281873063455,0
game8/Clip9,67,3.2907154826035985,22.21626868981263,0
game8/Clip9,68,3.4566153261131354,23.104275090971758,0
game8/Clip9,69,3.627787830918109,24.020504285368325,0
game8/Clip9,70,3.850180948693975,24.96637180640362,0
game8/Clip9,71,4.079590937738457,25.69621548611682,0
game8/Clip9,72,4.26788096769761,26.444189834742645,0
game8/Clip9,73,4.459037912645831,26.953454329885496,0
game8/Clip9,74,4.605782179146222,27.471221019388143,0
game8/Clip9,75,4.751892869080549,27.73365424142524,0
game8/Clip9,76,4.947356439628337,27.998539423490268,0
game8/Clip9,77,5.096229353119518,28.265559150816685,0
game8/Clip9,78,5.241163655797744,28.26613460996199,0
game8/Clip9,79,5.386135068189446,28.26671021645078,0
game8/Clip9,80,5.524728186807756,28.000695988781633,0
game8/Clip9,81,5.614248683531851,27.73667401197046,0
game8/Clip9,82,5.750792715408631,27.474965591938595,0
game8/Clip9,83,5.838668532704046,27.215220503433816,0
game8/Clip9,84,5.9258320873948565,26.957580734901768,0
game8/Clip9,85,6.004057577652088,26.44829342079094,0
game8/Clip9,86,6.081022542296918,25.947212762865917,0
game8/Clip9,87,6.148106111612629,25.210491965465817,0
game8/Clip9,88,6.213601209988577,24.49121596996465,0
game8/Clip9,89,6.286521796915666,24.021093281582914,0
game8/Clip9,90,6.349144106508075,23.32952697046355,0
game8/Clip9,91,6.41032892909291,22.653835474463243,0
game8/Clip9,92,6.470125199021497,21.99347838954625,2
game8/Clip9,93,6.517968831120996,23.10247249835433,0
game8/Clip9,94,6.582468620572749,23.55821033735922,0
game8/Clip9,95,6.823668789167094,17.20569605281578,0
game8/Clip9,96,6.687409694492792,25.94837778140894,0
game8/Clip9,97,6.684375915178727,26.959714680556786,0
game8/Clip9,98,6.7545791545362475,27.47824831382406,0
game8/Clip9,99,6.777722870373926,28.005376101478607,0
game8/Clip9,100,6.813178362394953,28.812920369664734,0
game8/Clip9,101,6.825199239409786,29.086711248836224,0
game8/Clip9,102,6.849552427765538,29.641386323069682,0
game8/Clip9,103,6.849552427765538,29.641386323069682,0
game8/Clip9,104,6.861887440294875,29.922332041159283,0
game8/Clip9,105,6.861887440294875,29.922332041159283,0
game8/Clip9,106,6.861887440294875,29.922332041159283,0
game8/Clip9,107,6.849552427765538,29.641386323069682,1
game8/Clip9,108,6.83732348153974,29.362856400970635,0
game8/Clip9,109,6.886349411685872,28.27266679158815,0
game8/Clip9,110,6.886096732416666,27.218405552909193,0
game8/Clip9,111,6.920808355489254,25.948826197519,0
game8/Clip9,112,6.90837923899425,24.72968099803008,0
game8/Clip9,113,6.929855878870808,23.329301307790665,0
game8/Clip9,114,6.895668752480384,21.77596339286281,0
game8/Clip9,115,6.905630763389464,20.30277748234559,0
game8/Clip9,116,6.904641641128466,18.709622059379882,0
game8/Clip9,117,6.893623774014645,17.023116542195474,0
game8/Clip9,118,6.8832734628440315,15.438793849473267,0
game8/Clip9,119,6.854869941746224,13.628252423042339,0
game8/Clip9,120,6.828425501820478,11.942589796234278,0
game8/Clip9,121,6.8214472355272635,10.094203536843514,0
game8/Clip9,122,6.8231788798533035,8.511850212858468,0
game8/Clip9,123,6.776928147639411,6.8004941161242645,0
game8/Clip9,124,6.7576200820349746,5.10909341343385,0
game8/Clip9,125,6.7755757200237,4.05457062987834,2
game8/Clip9,126,6.828169764060696,3.95124726661253,0
game8/Clip9,127,6.880495556116745,3.8484508964194415,0
game8/Clip9,128,6.924974818233938,3.645476732435834,0
game8/Clip9,129,6.990845129180505,3.344887858895313,0
game8/Clip9,130,7.018793195728035,2.952237973176083,0
game8/Clip9,131,7.075054170831265,2.5669185952506504,0
game8/Clip9,132,7.114695301268618,2.003989812172433,0
game8/Clip9,133,7.125147072611587,1.4580438208506088,0
game8/Clip9,134,7.155335881330608,0.8405715959185898,0
game8/Clip9,135,7.177031157559614,0.15998852157871188,0
game8/Clip9,136,7.190551610206757,-0.5755043694291738,0
game8/Clip9,137,7.217037344746063,-0.5760728136681728,1
game8/Clip9,138,7.176438184291683,1.7279093578710019,0
game8/Clip9,139,7.167641562697047,3.341703870407472,0
game8/Clip9,140,7.118865030939434,4.9951571875875205,0
game8/Clip9,141,7.07207646571988,6.446400959532723,0
game8/Clip9,142,6.278831078847991,2.2988159082499924,0
game8/Clip9,143,6.966486554659909,9.15570169244916,0
game8/Clip9,144,6.8993771979175404,10.230310066218648,0
game8/Clip9,145,6.8645142340445675,11.35759533176949,0
game8/Clip9,146,6.773811098469344,12.240974278760715,0
game8/Clip9,147,6.67962546704057,13.158270063361819,0
game8/Clip9,148,6.610836421508043,13.949915729018828,0
game8/Clip9,149,6.523014677827059,14.437763353452356,0
game8/Clip9,150,6.441585507625899,15.103030908856805,0
game8/Clip9,151,6.350001263956089,15.613918570348524,0
game8/Clip9,152,6.248889626902593,15.960521263805491,0
game8/Clip9,153,6.185698308653919,16.31154748123545,0
game8/Clip9,154,6.082090620355116,16.667620491073745,0
game8/Clip9,155,6.00991478872751,16.84760048145894,0
game8/Clip9,156,5.897433312378414,17.029043289039045,0
game8/Clip9,157,5.817813678397479,17.029516978993477,0
game8/Clip9,158,5.732203162325731,16.849297005700215,0
game8/Clip9,159,5.647195515301341,16.670346141023494,2
game8/Clip9,160,5.635812962550548,17.580345953932362,0
game8/Clip9,161,5.588756104244466,18.71549381060903,0
game8/Clip9,162,5.587410054147698,20.102778431527177,0
game8/Clip9,163,5.531227367238561,21.13832886342545,0
game8/Clip9,164,5.510886670911395,21.994981636023297,0
game8/Clip9,165,5.445685015915652,22.878079697214808,0
game8/Clip9,166,5.423369014072531,23.78875826629701,0
game8/Clip9,167,5.394803932401158,24.49069492799158,0
game8/Clip9,168,5.314293793865724,24.967920546002606,0
game8/Clip9,169,5.2786749015201675,25.452837114650855,0
game8/Clip9,170,5.237468424113303,25.698187078546948,0
game8/Clip9,171,5.1493846951493,25.94542285791265,0
game8/Clip9,172,5.107324329396162,26.194736601565914,0
game8/Clip9,173,5.111842389519433,26.44618460203535,1
game8/Clip9,174,5.215618446758689,26.95558275237647,0
game8/Clip9,175,5.326650782665128,27.735666910661052,0
game8/Clip9,176,5.482803299997008,28.267094035995402,0
game8/Clip9,177,5.599684552687475,29.080965342767893,0
game8/Clip9,178,5.704897337148521,29.357271238102282,0
game8/Clip9,179,5.860446269498247,29.63626512979098,0
game8/Clip9,180,5.976287919890612,30.20062861926087,0
game8/Clip9,181,6.125862797891617,30.201477475728257,0
game8/Clip9,182,6.285403468141017,30.488032635780726,0
game8/Clip9,183,6.375242032532478,30.20289273462056,0
game8/Clip9,184,6.524922261598675,30.203742188968647,0
game8/Clip9,185,6.6746420260115435,30.20459186768485,0
game8/Clip9,186,6.812175937325587,29.922062342031627,0
game8/Clip9,187,6.899053070371976,29.641642617458402,0
game8/Clip9,188,7.070620456378311,29.087861922324798,0
game8/Clip9,189,7.155328982133941,28.814441971315212,0
game8/Clip9,190,7.308670925579344,28.007359267702054,0
game8/Clip9,191,7.424758906966836,27.480440028769337,0
game8/Clip9,192,7.509918393087257,26.451852637864512,0
game8/Clip9,193,7.606903729751411,25.70222166836083,0
game8/Clip9,194,7.701579016789785,24.970445817993077,0
game8/Clip9,195,7.80934251841319,23.788797783108155,0
game8/Clip9,196,7.883688959898644,22.87615976323185,0
game8/Clip9,197,7.984366216485582,21.774049091031312,0
game8/Clip9,198,8.066178919668623,20.505218740412786,0
game8/Clip9,199,8.102741896319957,19.29151374625913,0
game8/Clip9,200,8.13775216241385,18.129350850989102,0
game8/Clip9,201,8.171306569311211,17.01551508166586,0
game8/Clip9,202,8.228245549224868,15.773056356782732,0
game8/Clip9,203,8.26839005980382,14.423395651088837,0
game8/Clip9,204,8.283247292595693,13.29965200533219,0
game8/Clip9,205,8.3426492825339,11.926796402306222,0
game8/Clip9,206,,,0
game8/Clip9,207,,,0
game8/Clip9,208,,,0
game8/Clip9,209,,,2
game8/Clip9,210,8.530540544829165,7.250311935800725,0
game8/Clip9,211,8.694655048684814,7.8584275164421085,0
game8/Clip9,212,8.849451989376503,8.357464113066607,0
game8/Clip9,213,8.99323750449572,8.73915573283528,0
game8/Clip9,214,9.090524100791663,8.997411778245644,0
game8/Clip9,215,9.223102999766885,9.258331787953919,0
game8/Clip9,216,9.357290904310958,9.522418378105169,0
game8/Clip9,217,9.493117284097,9.789729546068914,0
game8/Clip9,218,9.596778321971232,9.788454553852391,0
game8/Clip9,219,9.682971687009072,9.923135186360609,0
game8/Clip9,220,9.735022454609727,9.786754202430988,0
game8/Clip9,221,9.83820907847274,9.516389442418538,0
game8/Clip9,222,9.959119713448576,9.649034309126638,0
game8/Clip9,223,10.026434777081615,9.380657051315875,0
game8/Clip9,224,10.092963797603797,9.115413655128776,0
game8/Clip9,225,10.140639305807387,8.723975922402715,0
game8/Clip9,226,10.16953373865633,8.213020017462163,0
game8/Clip9,227,10.1647576804176,7.7141782939828,0
game8/Clip9,228,10.192728222073976,7.226133608696316,0
game8/Clip9,229,10.202677298523401,6.631695567074633,0
game8/Clip9,230,10.21235334545793,6.053570509976469,0
game8/Clip9,231,10.204881761726933,5.380726377929885,0
game8/Clip9,232,10.150493150405278,4.623582118820756,0
game8/Clip9,233,10.176631425703627,4.202476200373391,2
game8/Clip9,234,10.303748686409309,4.621002063563813,0
game8/Clip9,235,10.464612145955678,5.048086752827074,0
game8/Clip9,236,10.561943733059271,5.264873838231746,0
game8/Clip9,237,10.678529583811976,5.595043671057674,0
