clip,frame,player_id,real_x,real_y
game8/Clip1,0,player_bottom,5.0706625032629,7.9585364727789125
game8/Clip1,0,player_top,1.696342200555414,20.66548990011365
game8/Clip1,1,player_bottom,5.070943699903569,7.958735999412798
game8/Clip1,1,player_top,1.5789046555997877,21.010692931523028
game8/Clip1,2,player_bottom,5.071318894316026,7.959444216336996
game8/Clip1,2,player_top,1.574629599494923,20.972664631933498
game8/Clip1,3,player_bottom,5.072087156502423,7.961014014923905
game8/Clip1,3,player_top,1.5622686922371818,20.78110753082578
game8/Clip1,4,player_bottom,5.0742394209936785,7.964752583132032
game8/Clip1,4,player_top,1.534257909981414,20.58621832980075
game8/Clip1,5,player_bottom,5.07458873326571,7.968457506226624
game8/Clip1,5,player_top,1.4915025117696492,20.38783017411015
game8/Clip1,6,player_bottom,5.071713206093513,7.974019699533879
game8/Clip1,6,player_top,1.5177829650105212,20.0616124523768
game8/Clip1,7,player_bottom,5.062570552538328,7.980014259835761
game8/Clip1,7,player_top,1.5786517366554043,19.577273200074032
game8/Clip1,8,player_bottom,5.052153012671861,7.98428939394986
game8/Clip1,8,player_top,1.629084941995555,19.215453740675784
game8/Clip1,9,player_bottom,5.043168910544782,7.983919704663655
game8/Clip1,9,player_top,1.7098685271009504,18.776621291313166
game8/Clip1,10,player_bottom,5.037808315663484,7.981941329196423
game8/Clip1,10,player_top,1.7495000305363992,18.61370301145912
game8/Clip1,11,player_bottom,5.036757552303518,7.981579885121024
game8/Clip1,11,player_top,1.7990086799580376,18.60413429635612
game8/Clip1,12,player_bottom,5.038260023291776,7.981604038939678
game8/Clip1,12,player_top,1.9036661677324018,18.618693201840323
game8/Clip1,13,player_bottom,5.0436107817939035,7.981929703721312
game8/Clip1,13,player_top,1.9353219692696655,18.679584141492253
game8/Clip1,14,player_bottom,5.048998350988131,7.982292021328604
game8/Clip1,14,player_top,2.0155321887707207,18.646847856964975
game8/Clip1,15,player_bottom,5.054680198033212,7.982491847722696
game8/Clip1,15,player_top,2.0990982879393596,18.589403273653705
game8/Clip1,16,player_bottom,5.069391882067419,7.9814277044615
game8/Clip1,16,player_top,2.089729210437526,18.80526922628706
game8/Clip1,17,player_bottom,5.077741908358635,7.980519180050991
game8/Clip1,17,player_top,2.0868446431931753,19.0424231094344
game8/Clip1,18,player_bottom,5.087676544427789,7.979466863138225
game8/Clip1,18,player_top,2.0898833775944525,19.34505019782166
game8/Clip1,19,player_bottom,5.0968832462500675,7.979045752001331
game8/Clip1,19,player_top,2.165519100395995,18.939927168079674
game8/Clip1,20,player_bottom,5.122838320022833,7.975716337677205
game8/Clip1,20,player_top,2.1808178471598416,18.79381431725383
game8/Clip1,21,player_bottom,5.147501948097049,7.973441681678787
game8/Clip1,21,player_top,2.175241869588225,18.744093488885454
game8/Clip1,22,player_bottom,5.169022330584299,7.970498273911378
game8/Clip1,22,player_top,2.1829366863925395,18.699910768882937
game8/Clip1,23,player_bottom,5.204217673320074,7.964597127881697
game8/Clip1,23,player_top,2.15785043674564,18.763114169708896
game8/Clip1,24,player_bottom,5.221257059245984,7.963546933239657
game8/Clip1,24,player_top,2.1014465577360077,18.998397167577664
game8/Clip1,25,player_bottom,5.261181328139713,7.9865167363263385
game8/Clip1,25,player_top,1.990090528760445,19.556580227418756
game8/Clip1,26,player_bottom,5.302941393963424,8.009765453200092
game8/Clip1,26,player_top,1.9287079912457576,19.851662067793125
game8/Clip1,27,player_bottom,5.334789024338406,8.022161786207063
game8/Clip1,27,player_top,1.8005823460426957,20.509050502681536
game8/Clip1,28,player_bottom,5.358597020906686,8.025013011723512
game8/Clip1,28,player_top,1.6942884369632134,21.1497937729739
game8/Clip1,29,player_bottom,5.384510051398451,8.02259761649169
game8/Clip1,29,player_top,1.5487468363668244,21.93457287046827
game8/Clip1,30,player_bottom,5.4070469941912815,8.00604735560101
game8/Clip1,30,player_top,1.4612942172180088,22.374526185107424
game8/Clip1,31,player_bottom,5.432509995856943,7.997765698188267
game8/Clip1,31,player_top,1.4130652932931398,22.56434542817771
game8/Clip1,32,player_bottom,5.45154873775342,7.992345477528446
game8/Clip1,32,player_top,1.348832915582583,22.857728806604413
game8/Clip1,33,player_bottom,5.4652771025915685,7.9902217742676624
game8/Clip1,33,player_top,1.3079266204035631,23.029219611680652
game8/Clip1,34,player_bottom,5.475043794900766,7.990582513210237
game8/Clip1,34,player_top,1.3364966062545864,22.84367300526801
game8/Clip1,35,player_bottom,5.474988919950859,7.987190725462228
game8/Clip1,35,player_top,1.478274995932537,22.47339618960197
game8/Clip1,36,player_bottom,5.475593486128084,7.986509955584887
game8/Clip1,36,player_top,1.5591878777226935,22.481655051962804
game8/Clip1,37,player_bottom,5.4774195169301825,7.984417150302438
game8/Clip1,37,player_top,1.672486315620496,22.378915878240754
game8/Clip1,38,player_bottom,5.478928303221275,7.984169940449797
game8/Clip1,38,player_top,1.7283449430126614,22.438526863410406
game8/Clip1,39,player_bottom,5.483752319749899,7.985794133447366
game8/Clip1,39,player_top,1.795826571915687,22.20164060597095
game8/Clip1,40,player_bottom,5.478854499717162,7.9869712589878805
game8/Clip1,40,player_top,1.647477644008944,22.905159335428863
game8/Clip1,41,player_bottom,5.479384245173619,7.989928208715096
game8/Clip1,41,player_top,1.4923992140866476,23.579007777976848
game8/Clip1,42,player_bottom,5.468999262427474,7.991192736855951
game8/Clip1,42,player_top,1.07768313432967,25.57746763777099
game8/Clip1,43,player_bottom,5.459011076144156,7.9945938719811345
game8/Clip1,43,player_top,0.6129809357041852,27.59853715887893
game8/Clip1,44,player_bottom,5.436294287089925,7.999675332686478
game8/Clip1,44,player_top,0.33467614787707795,29.117967371720983
game8/Clip1,45,player_bottom,5.411891981038878,7.998362510616457
game8/Clip1,45,player_top,0.15112587046490253,30.30078508414381
game8/Clip1,46,player_bottom,5.377785421800354,8.00713681201029
game8/Clip1,46,player_top,0.08902368466330161,30.789007093189888
game8/Clip1,47,player_bottom,5.352987528071427,8.012390278240117
game8/Clip1,47,player_top,0.09709492946333452,30.774688124621346
game8/Clip1,48,player_bottom,5.3355229200119565,8.015899383113423
game8/Clip1,48,player_top,0.08423359342618464,30.703363958698365
game8/Clip1,49,player_bottom,5.320119260783755,8.019506242869705
game8/Clip1,49,player_top,0.12278475679358,30.523645042311184
game8/Clip1,50,player_bottom,5.293213648754914,8.026401567878962
game8/Clip1,50,player_top,0.18631300140819296,30.28323635849224
game8/Clip1,51,player_bottom,5.2600213853818785,8.031725398240237
game8/Clip1,51,player_top,0.11862955893913352,30.75472380451872
game8/Clip1,52,player_bottom,5.240810634818147,8.033580735882563
game8/Clip1,52,player_top,0.06583372932250955,31.144448714914503
game8/Clip1,53,player_bottom,5.214311833485616,8.034983527781945
game8/Clip1,53,player_top,-0.0025834503118519767,32.20003453725192
game8/Clip1,54,player_bottom,5.19432213709739,8.028645300245035
game8/Clip1,54,player_top,-0.5262498614461472,35.03985314127208
game8/Clip1,55,player_bottom,5.159816231804667,8.024283811802636
game8/Clip1,55,player_top,-1.3316853709098777,38.94178637735747
game8/Clip1,56,player_bottom,5.139230807739213,8.022893812986402
game8/Clip1,56,player_top,-3.6849978645739467,49.93948668217494
game8/Clip1,57,player_bottom,5.109860353071335,8.02317213711041
game8/Clip1,57,player_top,-5.4645588659366515,59.00474667372518
game8/Clip1,58,player_bottom,5.073443365749406,8.029313919576275
game8/Clip1,58,player_top,-7.080207921367961,67.611119723575
game8/Clip1,59,player_bottom,5.038545640171083,8.033924396546432
game8/Clip1,59,player_top,-10.322153901421736,82.11344748465825
game8/Clip1,60,player_bottom,5.011606729668166,8.041391436313866
game8/Clip1,60,player_top,-10.394743914155505,82.97174489326673
game8/Clip1,61,player_bottom,4.982623957103205,8.059419968712662
game8/Clip1,61,player_top,-8.993048159552286,75.39335497425603
game8/Clip1,62,player_bottom,4.9625290935463315,8.065926182539053
game8/Clip1,62,player_top,-9.102638861790318,76.06086236149764
game8/Clip1,63,player_bottom,4.916984347642368,8.058227612730807
game8/Clip1,63,player_top,-9.044091808058809,75.13891070801996
game8/Clip1,64,player_bottom,4.88482135254115,8.051356213380123
game8/Clip1,64,player_top,-8.567251310256578,72.6282586580479
game8/Clip1,65,player_bottom,4.849681248322368,8.048771734248165
game8/Clip1,65,player_top,-8.540842814299364,72.40215771868581
game8/Clip1,66,player_bottom,4.819119250042695,8.042708072450004
game8/Clip1,66,player_top,-9.13339961797293,74.95386599117535
game8/Clip1,67,player_bottom,4.793237231556971,8.041347699425168
game8/Clip1,67,player_top,-10.448329342324634,81.9410466776111
game8/Clip1,68,player_bottom,4.77495437992693,8.040867420577001
game8/Clip1,68,player_top,-11.573493416725393,87.89315362632478
game8/Clip1,69,player_bottom,4.756161788595762,8.043141183040126
game8/Clip1,69,player_top,-12.266162828040141,92.74028650324178
game8/Clip1,70,player_bottom,4.729613162975807,8.047827090766422
game8/Clip1,70,player_top,-13.617964497971709,100.26072795284138
game8/Clip1,71,player_bottom,4.697258649234458,8.05366571896652
game8/Clip1,71,player_top,-20.35395863510599,136.0842954798823
game8/Clip1,72,player_bottom,4.667047920742009,8.059605656590666
game8/Clip1,72,player_top,-33.474143917159296,204.6069033335491
game8/Clip1,73,player_bottom,4.644001104680806,8.064256220953379
game8/Clip1,73,player_top,-63.50681271685845,359.0397130444601
game8/Clip1,74,player_bottom,4.617833560474082,8.069256967257413
game8/Clip1,74,player_top,-145.2424386221809,788.509532583058
game8/Clip1,75,player_bottom,4.599554313799826,8.074453078205572
game8/Clip1,75,player_top,-393.246158173853,2088.4763542379783
game8/Clip1,76,player_bottom,4.567097186328991,8.078719229434716
game8/Clip1,76,player_top,-172.23498136296112,909.2496611954014
game8/Clip1,77,player_bottom,4.5429545580128545,8.080313598958329
game8/Clip1,77,player_top,-163.36162841786032,859.4356682552689
game8/Clip1,78,player_bottom,4.512154192973277,8.082313323286193
game8/Clip1,78,player_top,-129.96597325369416,693.5154124003759
game8/Clip1,79,player_bottom,4.491456923060587,8.085542168757126
game8/Clip1,79,player_top,-112.18535390220904,604.4929120014435
game8/Clip1,80,player_bottom,4.475932646897812,8.08643650965858
game8/Clip1,80,player_top,-97.48069604932888,536.4941503091541
game8/Clip1,81,player_bottom,4.459366360197942,8.085743922472165
game8/Clip1,81,player_top,-81.99006633443454,464.0294960635665
game8/Clip1,82,player_bottom,4.4422546692430895,8.085522870658775
game8/Clip1,82,player_top,-75.60717916492739,438.30111955177057
game8/Clip1,83,player_bottom,4.418403123817684,8.0904703582893
game8/Clip1,83,player_top,-106.01274167449104,610.1951096825455
game8/Clip1,84,player_bottom,4.396342280119695,8.091673234109068
game8/Clip1,84,player_top,-229.41408795856842,1316.3298455438899
game8/Clip1,85,player_bottom,4.37949254794551,8.092429290158204
game8/Clip1,85,player_top,223.75063892667328,-1267.6849422168739
game8/Clip1,86,player_bottom,4.36662898611587,8.090475096101938
game8/Clip1,86,player_top,98.19109304464794,-554.897031882362
game8/Clip1,87,player_bottom,4.3581546059779335,8.089517978442615
game8/Clip1,87,player_top,68.53526250976749,-387.7031747773347
game8/Clip1,88,player_bottom,4.351423342001997,8.089403880218718
game8/Clip1,88,player_top,82.08824907092168,-480.1541641782915
game8/Clip1,89,player_bottom,4.343871133705502,8.089999252707036
game8/Clip1,89,player_top,44.57670214436908,-252.69560573986251
game8/Clip1,90,player_bottom,4.334423758622623,8.0918743689972
game8/Clip1,90,player_top,30.39768016532812,-164.07618096932376
game8/Clip1,91,player_bottom,4.319967226154358,8.09516687324932
game8/Clip1,91,player_top,31.54838985045262,-176.0085841592609
game8/Clip1,92,player_bottom,4.308013374341164,8.09766866579683
game8/Clip1,92,player_top,34.88495172461234,-205.07862629898443
game8/Clip1,93,player_bottom,4.297745723073141,8.099304932231684
game8/Clip1,93,player_top,34.45719883404125,-207.6661949196689
game8/Clip1,94,player_bottom,4.286018737401923,8.101213938966591
game8/Clip1,94,player_top,32.90454119464503,-201.2522767799555
game8/Clip1,95,player_bottom,4.277128345451396,8.103246730877048
game8/Clip1,95,player_top,33.95744063308865,-212.1641559462692
game8/Clip1,96,player_bottom,4.270797525817606,8.104407164070375
game8/Clip1,96,player_top,30.847622421438242,-193.42260808297738
game8/Clip1,97,player_bottom,4.2657934380138895,8.105593398770274
game8/Clip1,97,player_top,29.272816639525512,-184.6405483595688
game8/Clip1,98,player_bottom,4.2606336974272505,8.106939667657707
game8/Clip1,98,player_top,29.406775899518347,-192.06453269789196
game8/Clip1,99,player_bottom,4.252785554932612,8.108654027504121
game8/Clip1,99,player_top,28.639969827929363,-196.48291299288493
game8/Clip1,100,player_bottom,4.243331946297469,8.10949516044198
game8/Clip1,100,player_top,25.843576174826637,-181.93457811783722
game8/Clip1,101,player_bottom,4.2297753486821,8.11188196524996
game8/Clip1,101,player_top,24.475751753516874,-182.38431487164792
game8/Clip1,102,player_bottom,4.220720081516523,8.11219533131559
game8/Clip1,102,player_top,26.827508397858722,-217.38007453705364
game8/Clip1,103,player_bottom,4.212086390558185,8.111188812721172
game8/Clip1,103,player_top,26.880560689593793,-234.40771858411972
game8/Clip1,104,player_bottom,4.201713552172846,8.111948107320998
game8/Clip1,104,player_top,22.808394149402915,-200.79301209643984
game8/Clip1,105,player_bottom,4.189455253269485,8.113712802789541
game8/Clip1,105,player_top,19.04780219970749,-169.58864876076947
game8/Clip1,106,player_bottom,4.179169524860849,8.115325881773067
game8/Clip1,106,player_top,16.747477548768067,-152.11332512401924
game8/Clip1,107,player_bottom,4.172319355324481,8.116153554396083
game8/Clip1,107,player_top,14.648642882258613,-134.5152485648766
game8/Clip1,108,player_bottom,4.1689045088390655,8.116138405555045
game8/Clip1,108,player_top,13.30355335724344,-123.2745557058214
game8/Clip1,109,player_bottom,4.166941671159667,8.115472714219992
game8/Clip1,109,player_top,12.681852983675675,-120.1923095289447
game8/Clip1,110,player_bottom,4.162641749430355,8.116186393823666
game8/Clip1,110,player_top,12.570325784233182,-123.38432784240682
game8/Clip1,111,player_bottom,4.155847068037159,8.117442636401439
game8/Clip1,111,player_top,12.3267165445916,-128.19750290323998
game8/Clip1,112,player_bottom,4.146391975410375,8.119231349254608
game8/Clip1,112,player_top,11.037731063614723,-112.46435580136261
game8/Clip1,113,player_bottom,4.134674952482965,8.120809634043445
game8/Clip1,113,player_top,10.15473301845381,-102.23301234996296
game8/Clip1,114,player_bottom,4.119876814676927,8.123416638813781
game8/Clip1,114,player_top,9.291981931649193,-93.65070642639391
game8/Clip1,115,player_bottom,4.106998891184806,8.1250318252685
game8/Clip1,115,player_top,8.750704017098471,-91.37230215712488
game8/Clip1,116,player_bottom,4.097329921746155,8.125330860124697
game8/Clip1,116,player_top,8.182759401054447,-92.4254469187661
game8/Clip1,117,player_bottom,4.087616009798754,8.126123974095112
game8/Clip1,117,player_top,7.68112017246187,-91.55029081691424
game8/Clip2,0,player_bottom,3.5946313757109687,8.18048120606859
game8/Clip2,0,player_top,4.605864409616016,16.335587419659596
game8/Clip2,1,player_bottom,3.5946313757109687,8.18048120606859
game8/Clip2,1,player_top,4.605864409616016,16.335587419659596
game8/Clip2,2,player_bottom,3.597913996302927,8.176933976992322
game8/Clip2,2,player_top,4.619125611810015,16.342839271275025
game8/Clip2,3,player_bottom,3.5996440244737777,8.176725795769023
game8/Clip2,3,player_top,4.6220454181474375,16.36812476977073
game8/Clip2,4,player_bottom,3.6004392467373476,8.17690648001086
game8/Clip2,4,player_top,4.635926515623087,16.258804032669122
game8/Clip2,5,player_bottom,3.60146234607623,8.176271372703496
game8/Clip2,5,player_top,4.666866592716895,16.278365409533034
game8/Clip2,6,player_bottom,3.5985955720358795,8.17789580922123
game8/Clip2,6,player_top,4.6924096947831515,16.29641378713494
game8/Clip2,7,player_bottom,3.5926697400771332,8.180221826075709
game8/Clip2,7,player_top,4.735093778590685,16.262482085368042
game8/Clip2,8,player_bottom,3.587249733195868,8.183400557330923
game8/Clip2,8,player_top,4.744809051529306,16.327483243780552
game8/Clip2,9,player_bottom,3.579532050420898,8.187779671592686
game8/Clip2,9,player_top,4.752448946585053,16.392113981408308
game8/Clip2,10,player_bottom,3.572041702404215,8.193626877491461
game8/Clip2,10,player_top,4.741701130572859,16.58560865286869
game8/Clip2,11,player_bottom,3.5513572686737005,8.20052794681384
game8/Clip2,11,player_top,4.70481508206101,16.545993918722623
game8/Clip2,12,player_bottom,3.533510831251328,8.207907189673477
game8/Clip2,12,player_top,4.708439377230295,16.46890074839077
game8/Clip2,13,player_bottom,3.5163055373340812,8.213080681217813
game8/Clip2,13,player_top,4.711870478001243,16.471004653099865
game8/Clip2,14,player_bottom,3.4968111144143954,8.218276305137481
game8/Clip2,14,player_top,4.713754982007891,16.483740876136892
game8/Clip2,15,player_bottom,3.472320637251888,8.223369509218799
game8/Clip2,15,player_top,4.713028874674892,16.466500033975027
game8/Clip2,16,player_bottom,3.4434957951593033,8.22798537954285
game8/Clip2,16,player_top,4.736244529708552,16.57760451266293
game8/Clip2,17,player_bottom,3.413521686405627,8.232742333744035
game8/Clip2,17,player_top,4.763158232019116,16.66127563261055
game8/Clip2,18,player_bottom,3.4011048343718526,8.235012040130353
game8/Clip2,18,player_top,4.814062009542982,17.021740286505466
game8/Clip2,19,player_bottom,3.395572677844068,8.235426408146825
game8/Clip2,19,player_top,4.8721570701340555,17.356651433344286
game8/Clip2,20,player_bottom,3.342229898735845,8.27537903398423
game8/Clip2,20,player_top,4.9666286958811074,17.698300542773815
game8/Clip2,21,player_bottom,3.291260127286584,8.310228663608989
game8/Clip2,21,player_top,5.053853978033274,18.039690964816433
game8/Clip2,22,player_bottom,3.2605808025472056,8.322402474576524
game8/Clip2,22,player_top,5.126247046035753,18.11623256838478
game8/Clip2,23,player_bottom,3.2407823073640385,8.328841864685144
game8/Clip2,23,player_top,5.163713679986772,17.92205707545374
game8/Clip2,24,player_bottom,3.2289080433918533,8.331772171257795
game8/Clip2,24,player_top,5.179464158377816,17.81894684846241
game8/Clip2,25,player_bottom,3.2224393701247336,8.328645429297056
game8/Clip2,25,player_top,5.208391186494838,18.07164825906061
game8/Clip2,26,player_bottom,3.2047973251699893,8.334434374142013
game8/Clip2,26,player_top,5.2372493030780936,17.952911631281474
game8/Clip2,27,player_bottom,3.1946295579916675,8.324222729852213
game8/Clip2,27,player_top,5.287112919441167,17.907160189411186
game8/Clip2,28,player_bottom,3.1787518393948595,8.328725299216213
game8/Clip2,28,player_top,5.383799105953974,17.922503751140756
game8/Clip2,29,player_bottom,3.175667182281902,8.326059289189077
game8/Clip2,29,player_top,5.4130963768597065,17.88268948035409
game8/Clip2,30,player_bottom,3.173037231467356,8.32584453966115
game8/Clip2,30,player_top,5.416901988870924,17.821258856013625
game8/Clip2,31,player_bottom,3.1742941117476935,8.323584203231508
game8/Clip2,31,player_top,5.390769207534,17.870370322482167
game8/Clip2,32,player_bottom,3.1723309937415562,8.32521831263293
game8/Clip2,32,player_top,5.3238444347990415,18.073539355040456
game8/Clip2,33,player_bottom,3.1712438868459687,8.327250317590723
game8/Clip2,33,player_top,5.329939196788871,18.588148179944483
game8/Clip2,34,player_bottom,3.170330898033817,8.328275998645893
game8/Clip2,34,player_top,5.365578582278075,19.06416270354156
game8/Clip2,35,player_bottom,3.1719596399758623,8.328752023140197
game8/Clip2,35,player_top,5.318810888440477,19.25370099916973
game8/Clip2,36,player_bottom,3.1805762836102764,8.329143196447019
game8/Clip2,36,player_top,5.2964255467383365,19.368431645014827
game8/Clip2,37,player_bottom,3.188343540690257,8.330600057824068
game8/Clip2,37,player_top,5.2711820722172735,19.42541420988806
game8/Clip2,38,player_bottom,3.19513881082016,8.333902536301046
game8/Clip2,38,player_top,5.252697765982244,19.432935010267926
game8/Clip2,39,player_bottom,3.210623776119283,8.333040407167312
game8/Clip2,39,player_top,5.220774795043459,19.426441495760823
game8/Clip2,40,player_bottom,3.2300600831891955,8.329884738530838
game8/Clip2,40,player_top,5.079309349357571,19.220844679342488
game8/Clip2,41,player_bottom,3.2643533912985463,8.32585275553867
game8/Clip2,41,player_top,5.054890772404231,19.140395999930515
game8/Clip2,42,player_bottom,3.2973527537936076,8.320622695312915
game8/Clip2,42,player_top,5.080490214530174,19.437170150220293
game8/Clip2,43,player_bottom,3.318225455605926,8.31739631915061
game8/Clip2,43,player_top,5.080048871515759,19.23907659713775
game8/Clip2,44,player_bottom,3.332182217920202,8.316042669332218
game8/Clip2,44,player_top,5.184124287628076,19.132938940364774
game8/Clip2,45,player_bottom,3.339451496040782,8.32446858772734
game8/Clip2,45,player_top,5.209028064216232,19.05676074763636
game8/Clip2,46,player_bottom,3.356184938043777,8.324543411714297
game8/Clip2,46,player_top,5.1603452401003755,18.999259604071643
game8/Clip2,47,player_bottom,3.388105920069634,8.317420776492327
game8/Clip2,47,player_top,5.089828368528939,18.94711205740244
game8/Clip2,48,player_bottom,3.4287044655464225,8.310236178863413
game8/Clip2,48,player_top,5.116619983158058,18.966300300632916
game8/Clip2,49,player_bottom,3.471721232406814,8.30599493530787
game8/Clip2,49,player_top,5.101872059286983,18.96228697912818
game8/Clip2,50,player_bottom,3.5006856056778837,8.301816086868625
game8/Clip2,50,player_top,5.074448484385705,18.95757694290347
game8/Clip2,51,player_bottom,3.5292962116046933,8.290526711167807
game8/Clip2,51,player_top,5.078783086405914,19.070339362344196
game8/Clip2,52,player_bottom,3.5576057867565596,8.279276947028011
game8/Clip2,52,player_top,5.071331228210855,19.15304729233057
game8/Clip2,53,player_bottom,3.5925937447997884,8.264763600162283
game8/Clip2,53,player_top,5.12467677378239,19.19061609202361
game8/Clip2,54,player_bottom,3.6337701944958845,8.254737044699734
game8/Clip2,54,player_top,5.093519908874744,19.328082066960313
game8/Clip2,55,player_bottom,3.6814188673359136,8.246239969849533
game8/Clip2,55,player_top,5.093546210736339,19.457187778765395
game8/Clip2,56,player_bottom,3.7264476094005863,8.23877514234543
game8/Clip2,56,player_top,5.030518363765701,19.387106616647667
game8/Clip2,57,player_bottom,3.75810455096905,8.233085810035929
game8/Clip2,57,player_top,4.954753839646483,19.32224089835821
game8/Clip2,58,player_bottom,3.7802571756937766,8.229635362888489
game8/Clip2,58,player_top,4.891570091932823,19.29898209067695
game8/Clip2,59,player_bottom,3.8121203902066085,8.22646167714587
game8/Clip2,59,player_top,4.880799162814996,19.3422066325302
game8/Clip2,60,player_bottom,3.846705449729922,8.214549596194422
game8/Clip2,60,player_top,4.74222151614882,19.274429894222187
game8/Clip2,61,player_bottom,3.883264444117071,8.19917734201693
game8/Clip2,61,player_top,4.651759334301321,19.218369329353898
game8/Clip2,62,player_bottom,3.9170856307983035,8.188387460881422
game8/Clip2,62,player_top,4.592451825819941,19.194757780312194
game8/Clip2,63,player_bottom,3.9495172350672307,8.18185090513985
game8/Clip2,63,player_top,4.513882987965204,19.166727585982116
game8/Clip2,64,player_bottom,3.99520089572872,8.173465392782616
game8/Clip2,64,player_top,4.425768304832226,19.06545721413497
game8/Clip2,65,player_bottom,4.024406793438318,8.167830240305845
game8/Clip2,65,player_top,4.334492241204576,19.111352648141168
game8/Clip2,66,player_bottom,4.056455418267105,8.146273781530574
game8/Clip2,66,player_top,4.248315444871769,19.13120243155313
game8/Clip2,67,player_bottom,4.076981021744632,8.153408142769486
game8/Clip2,67,player_top,4.19601356813123,18.79793249291105
game8/Clip2,68,player_bottom,4.102594467971014,8.137883192740416
game8/Clip2,68,player_top,4.1378140017216705,18.32418919685855
game8/Clip2,69,player_bottom,4.135368155711193,8.12037859651508
game8/Clip2,69,player_top,4.065764596385021,17.923082153077708
game8/Clip2,70,player_bottom,4.159351572939137,8.107881162857316
game8/Clip2,70,player_top,4.015352388815546,17.357677292194445
game8/Clip2,71,player_bottom,4.180856709884712,8.093023761579474
game8/Clip2,71,player_top,3.975895190410759,17.061778951861065
game8/Clip2,72,player_bottom,4.1954602786920185,8.085668543800862
game8/Clip2,72,player_top,3.9369338465599,16.868346324130954
game8/Clip2,73,player_bottom,4.208668730209851,8.081746102216337
game8/Clip2,73,player_top,3.880321793017882,16.74687579721419
game8/Clip2,74,player_bottom,4.220922253457144,8.078711197975055
game8/Clip2,74,player_top,3.8287819747139133,16.713650248126303
game8/Clip2,75,player_bottom,4.237610497475021,8.075552402630764
game8/Clip2,75,player_top,3.796883487428231,16.715073866883113
game8/Clip2,76,player_bottom,4.256906523244092,8.072975577944272
game8/Clip2,76,player_top,3.771007618647179,16.771357026279517
game8/Clip2,77,player_bottom,4.273459570856674,8.071272922689754
game8/Clip2,77,player_top,3.7554547039251402,16.69082772414774
game8/Clip2,78,player_bottom,4.292531675975694,8.06925624857682
game8/Clip2,78,player_top,3.745194737890289,16.727215008879973
game8/Clip2,79,player_bottom,4.309605186352345,8.066695109752276
game8/Clip2,79,player_top,3.734332513305962,16.754656472155883
game8/Clip2,80,player_bottom,4.323121051490233,8.063009930321106
game8/Clip2,80,player_top,3.7050738039323625,16.59950587315872
game8/Clip2,81,player_bottom,4.332867283423649,8.057572144419401
game8/Clip2,81,player_top,3.6736675812677726,16.469300481135537
game8/Clip2,82,player_bottom,4.34129689840904,8.054165055913622
game8/Clip2,82,player_top,3.6224554413271344,16.382853591701338
game8/Clip2,83,player_bottom,4.35035809724913,8.052127555140446
game8/Clip2,83,player_top,3.577912964423066,16.341000648001952
game8/Clip2,84,player_bottom,4.362974245171459,8.049018849405783
game8/Clip2,84,player_top,3.5324533835254894,16.340034503345642
game8/Clip2,85,player_bottom,4.377559899635246,8.04329632771414
game8/Clip2,85,player_top,3.5071666892779,16.30166853918433
game8/Clip2,86,player_bottom,4.3862416417994305,8.036495744161224
game8/Clip2,86,player_top,3.493062722925872,16.28915841313469
game8/Clip2,87,player_bottom,4.396579521618859,8.03006759378878
game8/Clip2,87,player_top,3.4953574614655687,16.232289981217747
game8/Clip2,88,player_bottom,4.412308230495977,8.025781120371361
game8/Clip2,88,player_top,3.4941375045092027,16.21691112848546
game8/Clip2,89,player_bottom,4.42301867361601,8.021329651150598
game8/Clip2,89,player_top,3.4780553288680056,16.26167342457674
game8/Clip2,90,player_bottom,4.430041341578918,8.017978981624728
game8/Clip2,90,player_top,3.4483051793837265,16.341047089902833
game8/Clip2,91,player_bottom,4.439694891792207,8.016167807831517
game8/Clip2,91,player_top,3.4242572183894064,16.23515289944533
game8/Clip2,92,player_bottom,4.450835065663647,8.013652301994897
game8/Clip2,92,player_top,3.374216896285342,16.216164011784347
game8/Clip2,93,player_bottom,4.459987735297359,8.011675030498491
game8/Clip2,93,player_top,3.3191597418066334,16.229657531065982
game8/Clip2,94,player_bottom,4.469784663721848,8.010240753613356
game8/Clip2,94,player_top,3.242558000450674,16.255983411042145
game8/Clip2,95,player_bottom,4.478178170953545,8.008531626202142
game8/Clip2,95,player_top,3.219955159661877,16.214018708074143
game8/Clip2,96,player_bottom,4.488430327418035,8.007519788534626
game8/Clip2,96,player_top,3.1968015156154337,16.10527788326865
game8/Clip3,0,player_bottom,5.079744790222156,7.883551636495137
game8/Clip3,0,player_top,1.9303181417768898,18.12770497735351
game8/Clip3,1,player_bottom,5.079744790222156,7.883551636495137
game8/Clip3,1,player_top,1.9303181417768898,18.12770497735351
game8/Clip3,2,player_bottom,5.080243591903991,7.8837147417125975
game8/Clip3,2,player_top,1.929469206117631,18.125610169032115
game8/Clip3,3,player_bottom,5.081081614116378,7.883675345412591
game8/Clip3,3,player_top,1.9188663254715292,18.165506962756865
game8/Clip3,4,player_bottom,5.0816725950066735,7.883491205895456
game8/Clip3,4,player_top,1.9044159791576858,18.189184114102385
game8/Clip3,5,player_bottom,5.0813627939559245,7.883890762881158
game8/Clip3,5,player_top,1.9079154532935838,18.14581050421696
game8/Clip3,6,player_bottom,5.07951272890378,7.884735888479747
game8/Clip3,6,player_top,1.9019348323507501,18.18549114663544
game8/Clip3,7,player_bottom,5.076275929633468,7.885685231114825
game8/Clip3,7,player_top,1.9204726612103593,18.129927853579222
game8/Clip3,8,player_bottom,5.0725700631307795,7.8863196853707604
game8/Clip3,8,player_top,1.9223087635176896,18.0990718054692
game8/Clip3,9,player_bottom,5.070991530628592,7.88661615462963
game8/Clip3,9,player_top,1.9171436339638348,18.088749336941834
game8/Clip3,10,player_bottom,5.071043592264945,7.887105214638382
game8/Clip3,10,player_top,1.9195300673279125,18.09196644427621
game8/Clip3,11,player_bottom,5.071714012296487,7.888540786826721
game8/Clip3,11,player_top,1.924836742962402,18.105031466160337
game8/Clip3,12,player_bottom,5.073804424085499,7.890761635334756
game8/Clip3,12,player_top,1.9394194819879458,18.11346726650878
game8/Clip3,13,player_bottom,5.076888633677187,7.895185894446904
game8/Clip3,13,player_top,1.9674195434188129,18.19032333748864
game8/Clip3,14,player_bottom,5.07661300050258,7.90042711043767
game8/Clip3,14,player_top,1.9867774993447067,18.115992225004025
game8/Clip3,15,player_bottom,5.074571193401235,7.906959936053088
game8/Clip3,15,player_top,1.925673121239164,18.28864225780896
game8/Clip3,16,player_bottom,5.074635615624299,7.914548076212684
game8/Clip3,16,player_top,1.873429074359978,18.555898922449014
game8/Clip3,17,player_bottom,5.0755863358118605,7.920020656891392
game8/Clip3,17,player_top,1.8242363634940044,18.78336699324562
game8/Clip3,18,player_bottom,5.076418835495911,7.925851636007746
game8/Clip3,18,player_top,1.7682188856258882,19.009415439507492
game8/Clip3,19,player_bottom,5.077932625381436,7.93147660580704
game8/Clip3,19,player_top,1.7802536385205647,19.04984806969053
game8/Clip3,20,player_bottom,5.0762517857909355,7.935588821757984
game8/Clip3,20,player_top,1.8870239575405618,18.681743509242775
game8/Clip3,21,player_bottom,5.072767750981259,7.939539827402771
game8/Clip3,21,player_top,1.9739259761665024,18.321546382136912
game8/Clip3,22,player_bottom,5.06947456666095,7.940577722080895
game8/Clip3,22,player_top,2.143735126720525,17.52011245796531
game8/Clip3,23,player_bottom,5.065516123512884,7.938772820735953
game8/Clip3,23,player_top,2.255215880450047,16.850256414167625
game8/Clip3,24,player_bottom,5.0713651601563505,7.937728073125886
game8/Clip3,24,player_top,2.355384295337107,16.438238080742742
game8/Clip3,25,player_bottom,5.081143063039321,7.937172829458177
game8/Clip3,25,player_top,2.367532587492916,16.303244484760377
game8/Clip3,26,player_bottom,5.089722426348339,7.9372552038157
game8/Clip3,26,player_top,2.3780032982164165,16.240988150843823
game8/Clip3,27,player_bottom,5.0969683505614745,7.938464044798034
game8/Clip3,27,player_top,2.3708668282595484,16.234944356925055
game8/Clip3,28,player_bottom,5.110350830234581,7.939283551868551
game8/Clip3,28,player_top,2.353362215831602,16.25496273752999
game8/Clip3,29,player_bottom,5.119932301681824,7.9389766281412815
game8/Clip3,29,player_top,2.329264468120394,16.288571867952196
game8/Clip3,30,player_bottom,5.134368820622435,7.937523490591804
game8/Clip3,30,player_top,2.33017554075653,16.297435923944057
game8/Clip3,31,player_bottom,5.159823994307434,7.934571413504065
game8/Clip3,31,player_top,2.3122896002968347,16.35646795278396
game8/Clip3,32,player_bottom,5.191731755650613,7.929543874643422
game8/Clip3,32,player_top,2.3335740270349423,16.132782254191376
game8/Clip3,33,player_bottom,5.224785247015855,7.923982927107955
game8/Clip3,33,player_top,2.3677063138867562,15.814096427001108
game8/Clip3,34,player_bottom,5.249392841123207,7.9210958149752075
game8/Clip3,34,player_top,2.372313242784237,15.733844689610587
game8/Clip3,35,player_bottom,5.256523080652186,7.91967593293255
game8/Clip3,35,player_top,2.3895270702882594,15.622842732954124
game8/Clip3,36,player_bottom,5.249284210160889,7.923527830342436
game8/Clip3,36,player_top,2.3950015757185636,15.553150918994568
game8/Clip3,37,player_bottom,5.263170318949976,7.926999174872027
game8/Clip3,37,player_top,2.3790510043352775,15.563411687171518
game8/Clip3,38,player_bottom,5.281466678214367,7.9336611104394805
game8/Clip3,38,player_top,2.3623785690718537,15.63212070588134
game8/Clip3,39,player_bottom,5.31006112691707,7.942294861902773
game8/Clip3,39,player_top,2.333126345956739,15.728239310326218
game8/Clip3,40,player_bottom,5.334230831082426,7.946168670295913
game8/Clip3,40,player_top,2.2772878013894196,15.886395648538471
game8/Clip3,41,player_bottom,5.355649796355093,7.948960580192291
game8/Clip3,41,player_top,2.2019361532891324,16.108294056353998
game8/Clip3,42,player_bottom,5.3748652604499245,7.944774486646102
game8/Clip3,42,player_top,2.126607400907278,16.373855433863856
game8/Clip3,43,player_bottom,5.38785187212606,7.9418022526521534
game8/Clip3,43,player_top,2.0725147076613966,16.492896797680253
game8/Clip3,44,player_bottom,5.393427521974772,7.944753637421058
game8/Clip3,44,player_top,2.0516097452358038,16.5366434370631
game8/Clip3,45,player_bottom,5.3939930667400535,7.947167065140311
game8/Clip3,45,player_top,2.0363196026171018,16.56650033555555
game8/Clip3,46,player_bottom,5.385134698219968,7.948821926625897
game8/Clip3,46,player_top,2.020554677450922,16.578305685805564
game8/Clip3,47,player_bottom,5.389620969326922,7.945665692595844
game8/Clip3,47,player_top,1.9614417293004012,16.736085995408807
game8/Clip3,48,player_bottom,5.389510903415899,7.9429667824097585
game8/Clip3,48,player_top,1.8230451259001856,16.98910795009024
game8/Clip3,49,player_bottom,5.386178476610629,7.937611258760325
game8/Clip3,49,player_top,1.6370537060041743,17.1078269328047
game8/Clip3,50,player_bottom,5.382556541543809,7.9323310776108436
game8/Clip3,50,player_top,1.4377259315700133,17.16894168521564
game8/Clip3,51,player_bottom,5.38141427212793,7.9303713300133465
game8/Clip3,51,player_top,1.243639161240785,17.33665225524056
game8/Clip3,52,player_bottom,5.369509748138418,7.929656022863194
game8/Clip3,52,player_top,1.2247560872129792,17.102144756114605
game8/Clip3,53,player_bottom,5.371500881598564,7.927736692938565
game8/Clip3,53,player_top,1.183073775113846,16.92249563685433
game8/Clip3,54,player_bottom,5.34869709785998,7.930419837589474
game8/Clip3,54,player_top,1.115981670941589,16.86061013340253
game8/Clip3,55,player_bottom,5.329797107501797,7.933147147237422
game8/Clip3,55,player_top,1.0567228343923134,16.796554994872807
game8/Clip3,56,player_bottom,5.312892103608666,7.937261230013872
game8/Clip3,56,player_top,1.019984094537603,16.788921462372894
game8/Clip3,57,player_bottom,5.298617829631405,7.940159456008531
game8/Clip3,57,player_top,0.9261665118579226,16.92633864379446
game8/Clip3,58,player_bottom,5.292118988596603,7.946938092781217
game8/Clip3,58,player_top,0.8850565952502822,17.040817327089226
game8/Clip3,59,player_bottom,5.2735066071522505,7.94754668320687
game8/Clip3,59,player_top,0.9192808333131858,16.916456890746698
game8/Clip3,60,player_bottom,5.21729381514963,7.950951066314857
game8/Clip3,60,player_top,0.9010876594078708,16.954773747608336
game8/Clip3,61,player_bottom,5.189636208212006,7.952100895463901
game8/Clip3,61,player_top,0.9056063672252184,16.89705803401153
game8/Clip3,62,player_bottom,5.170346184875094,7.954445917393257
game8/Clip3,62,player_top,0.8774401387981506,16.86124684319832
game8/Clip3,63,player_bottom,5.1392432291248715,7.943773029954649
game8/Clip3,63,player_top,0.9016420651404439,16.870752281823897
game8/Clip3,64,player_bottom,5.112088230706082,7.937729392438116
game8/Clip3,64,player_top,0.8742658209878168,16.938901884934673
game8/Clip3,65,player_bottom,5.078200090597077,7.939361269940394
game8/Clip3,65,player_top,0.9251150797520153,16.87327794177773
game8/Clip3,66,player_bottom,5.049737809266086,7.945026397799139
game8/Clip3,66,player_top,0.9616288794540886,16.84972506774814
game8/Clip3,67,player_bottom,5.018114865979647,7.951534244415377
game8/Clip3,67,player_top,1.03909098371429,16.65187602380008
game8/Clip3,68,player_bottom,4.991127474450307,7.963102838122617
game8/Clip3,68,player_top,1.1500070567152347,16.370804873230995
game8/Clip3,69,player_bottom,4.95390814336206,7.9601754045616415
game8/Clip3,69,player_top,1.2130527169858807,16.23894591077875
game8/Clip3,70,player_bottom,4.927086163246827,7.958945799289808
game8/Clip3,70,player_top,1.2735465326378284,16.13146333465756
game8/Clip3,71,player_bottom,4.8981508725387615,7.956923440804199
game8/Clip3,71,player_top,1.288662663817284,16.061473055218336
game8/Clip3,72,player_bottom,4.868222571215702,7.956355361933216
game8/Clip3,72,player_top,1.317687067432035,15.99382843829874
game8/Clip3,73,player_bottom,4.84219350058553,7.954343292311168
game8/Clip3,73,player_top,1.3536937800299869,15.918571601128694
game8/Clip3,74,player_bottom,4.819969134003234,7.955140671399572
game8/Clip3,74,player_top,1.4088638818714472,15.933744147163102
game8/Clip3,75,player_bottom,4.794647467167891,7.958108659568354
game8/Clip3,75,player_top,1.4547265897673345,15.954807506486363
game8/Clip3,76,player_bottom,4.765461798098644,7.962531185804741
game8/Clip3,76,player_top,1.4488775889335128,16.002232709250418
game8/Clip3,77,player_bottom,4.7344788122173265,7.968001469397025
game8/Clip3,77,player_top,1.4825347239845532,16.061173532493367
game8/Clip3,78,player_bottom,4.709077735241682,7.972528447675504
game8/Clip3,78,player_top,1.5728988570848856,16.0431014217357
game8/Clip3,79,player_bottom,4.6806804718228525,7.978143517435125
game8/Clip3,79,player_top,1.5734530782216691,16.259642251671977
game8/Clip3,80,player_bottom,4.653713164829367,7.986014730400811
game8/Clip3,80,player_top,1.5686695890142812,16.459104785949748
game8/Clip3,81,player_bottom,4.627917982140333,7.990807889698532
game8/Clip3,81,player_top,1.5788144665219026,16.625082951887304
game8/Clip3,82,player_bottom,4.6043163518343775,7.994125204075572
game8/Clip3,82,player_top,1.6004247742567086,16.68132807863526
game8/Clip3,83,player_bottom,4.579132698910195,7.997272825850408
game8/Clip3,83,player_top,1.6508755477684778,16.692235796360077
game8/Clip3,84,player_bottom,4.554170719713056,7.999450663387311
game8/Clip3,84,player_top,1.755435115492864,16.679450973212354
game8/Clip3,85,player_bottom,4.527421402338207,8.008291003891532
game8/Clip3,85,player_top,1.8276692859945896,16.712105107301976
game8/Clip3,86,player_bottom,4.492105151727024,8.011555727033356
game8/Clip3,86,player_top,1.8743130006588633,16.75971454960591
game8/Clip3,87,player_bottom,4.468174185739402,8.013584348529044
game8/Clip3,87,player_top,1.906020704212892,16.997673409101427
game8/Clip3,88,player_bottom,4.454843843292531,8.014101749603213
game8/Clip3,88,player_top,2.0175984278495833,17.174004402994992
game8/Clip3,89,player_bottom,4.443492863908182,8.016422855370703
game8/Clip3,89,player_top,2.0859535911777773,17.32198371589122
game8/Clip3,90,player_bottom,4.430023147948297,8.018679861747401
game8/Clip3,90,player_top,2.1298742611761416,17.52123622191946
game8/Clip3,91,player_bottom,4.417133327855405,8.02122297673057
game8/Clip3,91,player_top,2.239424622081713,17.50540267740394
game8/Clip3,92,player_bottom,4.396003060766539,8.024883657053895
game8/Clip3,92,player_top,2.351388723563013,17.616912225211813
game8/Clip3,93,player_bottom,4.37865327312619,8.02758650140067
game8/Clip3,93,player_top,2.5230019093516765,17.658283938855114
game8/Clip3,94,player_bottom,4.3661029694247,8.032122334150769
game8/Clip3,94,player_top,2.644188794873026,17.558805384731063
game8/Clip3,95,player_bottom,4.357688961479507,8.044375225271802
game8/Clip3,95,player_top,2.706592335561354,17.50698916151107
game8/Clip3,96,player_bottom,4.351852563543331,8.058897396502985
game8/Clip3,96,player_top,2.720273057377115,17.51881237130806
game8/Clip3,97,player_bottom,4.34401554702264,8.06725654546043
game8/Clip3,97,player_top,2.7229747293769386,17.625067292400157
game8/Clip3,98,player_bottom,4.3366567872440305,8.072599553802718
game8/Clip3,98,player_top,2.7525726886955346,17.75574299525176
game8/Clip3,99,player_bottom,4.321817847738932,8.077180938717062
game8/Clip3,99,player_top,2.8251453564125284,17.84964535526865
game8/Clip3,100,player_bottom,4.316955341552763,8.0796708196292
game8/Clip3,100,player_top,2.8738986876216766,17.83792812344701
game8/Clip3,101,player_bottom,4.3116813494579445,8.081227300027924
game8/Clip3,101,player_top,2.8890751202409173,17.89829627630993
game8/Clip3,102,player_bottom,4.307570838364132,8.084058478918426
game8/Clip3,102,player_top,2.8952331514532146,18.031677799171508
game8/Clip3,103,player_bottom,4.31381771908722,8.083232914698764
game8/Clip3,103,player_top,2.9431774742336514,18.10167525182282
game8/Clip3,104,player_bottom,4.319622966981668,8.078384294024612
game8/Clip3,104,player_top,2.968899702386845,18.30107930172647
game8/Clip3,105,player_bottom,4.3254693678796805,8.073007268910398
game8/Clip3,105,player_top,3.029973655137242,18.19776837132244
game8/Clip3,106,player_bottom,4.321921170620496,8.071604523908467
game8/Clip3,106,player_top,3.0932707977681653,18.085924692949032
game8/Clip3,107,player_bottom,4.297886102917882,8.074924020423845
game8/Clip3,107,player_top,3.109863876846905,18.06870883202023
game8/Clip3,108,player_bottom,4.286429706650576,8.07761326455791
game8/Clip3,108,player_top,3.109891182388006,18.037178547440575
game8/Clip3,109,player_bottom,4.296754733319122,8.07938026654372
game8/Clip3,109,player_top,3.104162417975248,18.04277453802011
game8/Clip3,110,player_bottom,4.287621595149351,8.087790045401242
game8/Clip3,110,player_top,3.09019902328767,18.143623595839262
game8/Clip3,111,player_bottom,4.278152570918587,8.093641280909676
game8/Clip3,111,player_top,3.1232071222968716,18.301730866627068
game8/Clip3,112,player_bottom,4.2703104193628985,8.098264107842198
game8/Clip3,112,player_top,3.2633593859871666,18.336841102978134
game8/Clip3,113,player_bottom,4.261648570789952,8.09872724403853
game8/Clip3,113,player_top,3.453472552360634,18.312682113009668
game8/Clip3,114,player_bottom,4.2451514458643915,8.099784647131983
game8/Clip3,114,player_top,3.6931502726817134,17.995332527915444
game8/Clip3,115,player_bottom,4.24129536806561,8.098285594003164
game8/Clip3,115,player_top,3.885183231763181,18.07303784014172
game8/Clip3,116,player_bottom,4.237890357234592,8.09785104121458
game8/Clip3,116,player_top,4.047313694915506,17.48906859228431
game8/Clip3,117,player_bottom,4.233721002968178,8.096679257707029
game8/Clip3,117,player_top,4.154595436262252,17.079223392421913
game8/Clip3,118,player_bottom,4.231508227897324,8.095900769605816
game8/Clip3,118,player_top,4.267137238668948,16.97373526228278
game8/Clip3,119,player_bottom,4.227091593067556,8.095449697164096
game8/Clip3,119,player_top,4.389075284777577,16.93362876585416
game8/Clip3,120,player_bottom,4.226432277835776,8.094280244447376
game8/Clip3,120,player_top,4.52730156565272,16.92201295648735
game8/Clip3,121,player_bottom,4.2249728269106726,8.093067068964857
game8/Clip3,121,player_top,4.621291659942221,16.931467067827022
game8/Clip3,122,player_bottom,4.221131245066408,8.090881803725232
game8/Clip3,122,player_top,4.688412324488749,17.017699492257634
game8/Clip3,123,player_bottom,4.219857722803562,8.085278195723085
game8/Clip3,123,player_top,4.817910176561544,17.545949797049715
game8/Clip3,124,player_bottom,4.218486187961186,8.080320362258972
game8/Clip3,124,player_top,4.953203471620254,18.020468419809152
game8/Clip3,125,player_bottom,4.217752152986518,8.073199870238483
game8/Clip3,125,player_top,5.121998575604525,18.631215064744634
game8/Clip3,126,player_bottom,4.214749229954024,8.065460319100714
game8/Clip3,126,player_top,5.265484898116077,19.147352944465183
game8/Clip3,127,player_bottom,4.212477613924487,8.058667662349082
game8/Clip3,127,player_top,5.480904428259242,20.164966030445164
game8/Clip3,128,player_bottom,4.212290418109356,8.053772345859892
game8/Clip3,128,player_top,5.617133620671119,20.715616584317154
game8/Clip3,129,player_bottom,4.213779843631198,8.04767690396726
game8/Clip3,129,player_top,5.7583274910683455,21.261451303363643
game8/Clip3,130,player_bottom,4.215145848993479,8.044068346339696
game8/Clip3,130,player_top,5.895776052927882,21.348341128078868
game8/Clip3,131,player_bottom,4.215575256864479,8.04182007519705
game8/Clip3,131,player_top,5.950518455688728,21.314130434460534
game8/Clip3,132,player_bottom,4.214789109116773,8.040673729227223
game8/Clip3,132,player_top,6.036941417774263,21.33148649719893
game8/Clip3,133,player_bottom,4.213174305854706,8.040611768974426
game8/Clip3,133,player_top,6.150419567524215,21.34392150348735
game8/Clip3,134,player_bottom,4.209062190650707,8.040854993033422
game8/Clip3,134,player_top,6.2437903951604845,21.57104882489314
game8/Clip3,135,player_bottom,4.200540772316276,8.041654777494092
game8/Clip3,135,player_top,6.303797739032734,21.41413346194987
game8/Clip3,136,player_bottom,4.192824925241569,8.040775992510476
game8/Clip3,136,player_top,6.3671211458006125,21.500625367613498
game8/Clip3,137,player_bottom,4.1819863272552436,8.03969461064174
game8/Clip3,137,player_top,6.4089166173314185,21.598741843883708
game8/Clip3,138,player_bottom,4.172794841448145,8.037671560983304
game8/Clip3,138,player_top,6.4457594124038184,21.687495249287895
game8/Clip3,139,player_bottom,4.166191315432971,8.036320472108956
game8/Clip3,139,player_top,6.469922922361339,21.72824220647034
game8/Clip3,140,player_bottom,4.1632812524994876,8.035750782072357
game8/Clip3,140,player_top,6.543684099142959,22.180601848668996
game8/Clip3,141,player_bottom,4.162242521212117,8.036768012239845
game8/Clip3,141,player_top,6.6529269351117355,22.84243650913108
game8/Clip3,142,player_bottom,4.159207608661845,8.0387041228627
game8/Clip3,142,player_top,6.8205978302694925,24.066508109355997
game8/Clip3,143,player_bottom,4.154503005007572,8.0400420386398
game8/Clip3,143,player_top,6.9336592798780226,25.08297715885877
game8/Clip3,144,player_bottom,4.145436246732281,8.039230549050142
game8/Clip3,144,player_top,7.0627141905042,26.274060424620377
game8/Clip3,145,player_bottom,4.133955980506347,8.03930166113269
game8/Clip3,145,player_top,7.192373357615163,27.982089434951273
game8/Clip3,146,player_bottom,4.119728825773966,8.037963946587375
game8/Clip3,146,player_top,7.314427941914223,29.920582663182337
game8/Clip3,147,player_bottom,4.109973832025738,8.034734818699544
game8/Clip3,147,player_top,7.29027760846342,30.998475794285074
game8/Clip3,148,player_bottom,4.104054784230195,8.032576846396289
game8/Clip3,148,player_top,7.166857948089076,30.706731728289665
game8/Clip3,149,player_bottom,4.101750680640138,8.034354040777908
game8/Clip3,149,player_top,7.126949688522458,30.61239617728324
game8/Clip3,150,player_bottom,4.09869099896547,8.038514817405549
game8/Clip3,150,player_top,6.854161509496982,28.879735006039187
game8/Clip3,151,player_bottom,4.094927124603069,8.042932213554746
game8/Clip3,151,player_top,6.906925870631112,29.339751415986235
game8/Clip3,152,player_bottom,4.087876136795426,8.045195552405419
game8/Clip3,152,player_top,6.89813734395553,29.307075536812253
game8/Clip3,153,player_bottom,4.085482578480058,8.043246839249194
game8/Clip3,153,player_top,6.8914891421179485,29.308942846914245
game8/Clip3,154,player_bottom,4.086151139187452,8.038274589125459
game8/Clip3,154,player_top,6.773534819363196,29.314990918379888
game8/Clip3,155,player_bottom,4.090134610353265,8.032000513524464
game8/Clip3,155,player_top,6.5865802272499865,29.35459696972218
game8/Clip3,156,player_bottom,4.093967705007313,8.026378316436471
game8/Clip3,156,player_top,6.470259972836416,29.25932320304112
game8/Clip3,157,player_bottom,4.094911790905515,8.023691985860443
game8/Clip3,157,player_top,6.329702898845279,29.28799147227177
game8/Clip3,158,player_bottom,4.093542125944802,8.022494716607442
game8/Clip3,158,player_top,6.13070111269611,29.54783570434751
game8/Clip3,159,player_bottom,4.092589340205641,8.021749507484795
game8/Clip3,159,player_top,5.843137405287305,28.459703449544477
game8/Clip3,160,player_bottom,4.087804110848306,8.022545854895498
game8/Clip3,160,player_top,5.634302018976127,27.425886491455767
game8/Clip3,161,player_bottom,4.0800720306235485,8.023816416402337
game8/Clip3,161,player_top,5.471956945088601,26.46588960471803
game8/Clip3,162,player_bottom,4.06779495776828,8.025562442633912
game8/Clip3,162,player_top,5.326172061543989,25.415032035831263
game8/Clip3,163,player_bottom,4.054865160662784,8.02809265786104
game8/Clip3,163,player_top,5.12322658291003,24.804351310074164
game8/Clip3,164,player_bottom,4.040782665553822,8.030236476067442
game8/Clip3,164,player_top,4.933871275510385,24.22706019704209
game8/Clip3,165,player_bottom,4.030697296205114,8.032008832456011
game8/Clip3,165,player_top,4.760334540256975,24.074430684095198
game8/Clip3,166,player_bottom,4.02316179957439,8.033804129586402
game8/Clip3,166,player_top,4.638600085676523,24.081891560885364
game8/Clip3,167,player_bottom,4.018104372933197,8.034820344975682
game8/Clip3,167,player_top,4.55566544218776,24.178181480737443
game8/Clip3,168,player_bottom,4.015265353660321,8.03537226334422
game8/Clip3,168,player_top,4.520472576055334,24.13784498795585
game8/Clip3,169,player_bottom,4.014951664094133,8.035469597754824
game8/Clip3,169,player_top,4.481443398100782,24.10467608107812
game8/Clip3,170,player_bottom,4.012491508208399,8.035931759934636
game8/Clip3,170,player_top,4.4632531592735445,23.95581024901029
game8/Clip3,171,player_bottom,4.013247176114088,8.03587567341027
game8/Clip3,171,player_top,4.414831819190139,23.889456811895908
game8/Clip3,172,player_bottom,4.009510645888688,8.03783864057212
game8/Clip3,172,player_top,4.309826360922698,23.72595403485649
game8/Clip3,173,player_bottom,4.000519935412641,8.04108676747509
game8/Clip3,173,player_top,4.240618373181182,23.425746174381516
game8/Clip3,174,player_bottom,3.9833525364976734,8.050681639524482
game8/Clip3,174,player_top,4.211860869117609,23.174855844535784
game8/Clip3,175,player_bottom,3.9699629732473993,8.058283437136804
game8/Clip3,175,player_top,4.205990676432881,23.056351810520926
game8/Clip3,176,player_bottom,3.961399312050301,8.065462277278609
game8/Clip3,176,player_top,4.19984194757003,23.239296190326492
game8/Clip3,177,player_bottom,3.960535173087342,8.073100292349352
game8/Clip3,177,player_top,4.191983879617066,23.148027869240085
game8/Clip3,178,player_bottom,3.9629939982369216,8.079031580254213
game8/Clip3,178,player_top,4.211752837554749,22.971454015700317
game8/Clip3,179,player_bottom,3.97208583169249,8.081262770824619
game8/Clip3,179,player_top,4.242751430565998,22.309353668552873
game8/Clip3,180,player_bottom,3.977031435995133,8.081431953386327
game8/Clip3,180,player_top,4.251839436718074,21.26857320272195
game8/Clip3,181,player_bottom,3.9794893815207506,8.081013277325821
game8/Clip3,181,player_top,4.277490201639933,20.797966508106025
game8/Clip3,182,player_bottom,4.001209278909379,8.078135401121136
game8/Clip3,182,player_top,4.278267257103037,20.49113804658053
game8/Clip3,183,player_bottom,4.002953724518891,8.07796044245832
game8/Clip3,183,player_top,4.283909307768042,20.310589796338807
game8/Clip3,184,player_bottom,3.9988624630015432,8.079532517623614
game8/Clip3,184,player_top,4.257648748636509,20.16916366495364
game8/Clip3,185,player_bottom,3.997241681781405,8.0795443287061
game8/Clip3,185,player_top,4.242248353093855,20.131633393276537
game8/Clip3,186,player_bottom,3.9888877005513113,8.085747187686364
game8/Clip3,186,player_top,4.2515529934982785,20.16160269216393
game8/Clip3,187,player_bottom,3.9737759976940743,8.09571837983733
game8/Clip3,187,player_top,4.356143985330035,20.224073463757634
game8/Clip3,188,player_bottom,3.958546011788811,8.103785362925592
game8/Clip3,188,player_top,4.522123039354172,20.10570045894856
game8/Clip3,189,player_bottom,3.9457164603491823,8.110915371793205
game8/Clip3,189,player_top,4.729563463250588,20.065370810595926
game8/Clip3,190,player_bottom,3.941267674315224,8.11197979088457
game8/Clip3,190,player_top,4.947035504757313,20.193075970469405
game8/Clip3,191,player_bottom,3.939226945145229,8.112444432839768
game8/Clip3,191,player_top,5.141903020579893,19.730035607306224
game8/Clip3,192,player_bottom,3.941257177768574,8.11094063682585
game8/Clip3,192,player_top,5.242422523469062,19.1846919286487
game8/Clip3,193,player_bottom,3.9420378514782275,8.109845293067762
game8/Clip3,193,player_top,5.356561500533865,18.880153009428174
game8/Clip3,194,player_bottom,3.9450898216748738,8.107992289925765
game8/Clip3,194,player_top,5.492940627384325,18.790611642563213
game8/Clip3,195,player_bottom,3.9538868436885815,8.106041796695072
game8/Clip3,195,player_top,5.679207339491923,18.754934943339887
game8/Clip3,196,player_bottom,3.966152289131982,8.10403171913042
game8/Clip3,196,player_top,5.825023734165257,18.844212715488368
game8/Clip3,197,player_bottom,3.98337197358619,8.100356963280108
game8/Clip3,197,player_top,5.927403062757823,18.773674224806346
game8/Clip3,198,player_bottom,3.999329633012824,8.09748195717686
game8/Clip3,198,player_top,6.068840997522705,19.022786334118553
game8/Clip3,199,player_bottom,4.0047356275636945,8.094350793357657
game8/Clip3,199,player_top,6.195357937639283,19.21341332209977
game8/Clip3,200,player_bottom,4.0149435579679595,8.089347150265453
game8/Clip3,200,player_top,6.414519721895957,19.945428376234226
game8/Clip3,201,player_bottom,4.031849739074248,8.082378452423853
game8/Clip3,201,player_top,6.551105068355211,20.23873511786771
game8/Clip3,202,player_bottom,4.048118546832322,8.077136688208334
game8/Clip3,202,player_top,6.720126803868333,20.498655525712703
game8/Clip3,203,player_bottom,4.060824163365795,8.073536323013503
game8/Clip3,203,player_top,6.737387867903441,20.340784005214505
game8/Clip3,204,player_bottom,4.071581896261875,8.071923274462854
game8/Clip3,204,player_top,6.731550696160953,20.19049984806515
game8/Clip3,205,player_bottom,4.081699740101043,8.066822522402733
game8/Clip3,205,player_top,6.868057135307285,20.389256917411785
game8/Clip3,206,player_bottom,4.085601184959445,8.0627567496279
game8/Clip3,206,player_top,7.0269416467159305,20.582456181574166
game8/Clip3,207,player_bottom,4.0891143829411325,8.05677564137857
game8/Clip3,207,player_top,7.1122793663731585,20.633376730942288
game8/Clip3,208,player_bottom,4.090279215705732,8.051873060831408
game8/Clip3,208,player_top,7.155844245274407,20.670179427696848
game8/Clip3,209,player_bottom,4.091788082258686,8.04913853252451
game8/Clip3,209,player_top,7.232801947807647,20.939756233964093
game8/Clip3,210,player_bottom,4.092906740054513,8.04772407272372
game8/Clip3,210,player_top,7.296634237702721,21.098687590847188
game8/Clip3,211,player_bottom,4.092888484845244,8.048461969784023
game8/Clip3,211,player_top,7.383732736005744,21.388489409602368
game8/Clip3,212,player_bottom,4.091631669061402,8.050987017099715
game8/Clip3,212,player_top,7.444494981028752,21.750450413783227
game8/Clip3,213,player_bottom,4.089503837806016,8.052398386303787
game8/Clip3,213,player_top,7.546925589457152,22.353760555454077
game8/Clip3,214,player_bottom,4.084392397917011,8.054607072808789
game8/Clip3,214,player_top,7.601629628552431,22.701805555073577
game8/Clip3,215,player_bottom,4.072969499019432,8.058706470367452
game8/Clip3,215,player_top,7.805848600674955,23.892713527883124
game8/Clip3,216,player_bottom,4.061721005873624,8.061958316203782
game8/Clip3,216,player_top,7.8298159342556914,24.358321259537718
game8/Clip3,217,player_bottom,4.048954932738661,8.063869898622334
game8/Clip3,217,player_top,7.998674758382679,25.906208318291448
game8/Clip3,218,player_bottom,4.0359079169729375,8.063355233430611
game8/Clip3,218,player_top,8.281673718539523,28.198727056402234
game8/Clip3,219,player_bottom,4.025510699346644,8.06057220333002
game8/Clip3,219,player_top,8.298708053397196,29.238180724067718
game8/Clip3,220,player_bottom,4.0191628590373405,8.057586481544412
game8/Clip3,220,player_top,8.226402922647786,29.400301044267845
game8/Clip3,221,player_bottom,4.0144178881474595,8.056982608808102
game8/Clip3,221,player_top,8.111143655475345,29.12323418182934
game8/Clip3,222,player_bottom,4.012328135901862,8.0573879138631
game8/Clip3,222,player_top,8.031137256116835,28.711794773437195
game8/Clip3,223,player_bottom,4.009932123851944,8.0605440354583
game8/Clip3,223,player_top,8.05320833357359,28.909104866171873
game8/Clip3,224,player_bottom,4.000815244932129,8.064874297851027
game8/Clip3,224,player_top,8.061796652534767,28.943038750297333
game8/Clip3,225,player_bottom,3.9788575587364545,8.071311514957575
game8/Clip3,225,player_top,8.078810704845178,28.920104373003035
game8/Clip3,226,player_bottom,3.9545862252004356,8.073349425674376
game8/Clip3,226,player_top,8.056724775704195,28.8037770756419
game8/Clip3,227,player_bottom,3.938983410551043,8.074225676662707
game8/Clip3,227,player_top,8.102461523223607,29.18257080654547
game8/Clip3,228,player_bottom,3.9274600920419234,8.074676490565238
game8/Clip3,228,player_top,7.669402039572377,30.06109407531221
game8/Clip3,229,player_bottom,3.9181997855751196,8.076380271242048
game8/Clip3,229,player_top,7.788561449550067,30.28482885815049
game8/Clip3,230,player_bottom,3.909780930247783,8.080339533329228
game8/Clip3,230,player_top,7.359930210648328,30.42166042349665
game8/Clip3,231,player_bottom,3.901213093627017,8.08566419503487
game8/Clip3,231,player_top,7.188159898332549,29.326393517165116
game8/Clip3,232,player_bottom,3.891892666882776,8.093921259744436
game8/Clip3,232,player_top,6.776314495432527,27.323722704897914
game8/Clip3,233,player_bottom,3.874393167276978,8.110413782523583
game8/Clip3,233,player_top,6.430515624841946,25.88089881102376
game8/Clip3,234,player_bottom,3.8506840708152867,8.119037492563933
game8/Clip3,234,player_top,6.20689024824017,25.055597374169746
game8/Clip3,235,player_bottom,3.82203432248822,8.137005260518947
game8/Clip3,235,player_top,5.9633510678693185,24.410998114197472
game8/Clip3,236,player_bottom,3.800909213235077,8.127963818165485
game8/Clip3,236,player_top,5.77818423931091,24.1787806179585
game8/Clip3,237,player_bottom,3.7950711061458215,8.12348777330089
game8/Clip3,237,player_top,5.6321025942626095,24.066216257599468
game8/Clip3,238,player_bottom,3.800939889984206,8.120096858935744
game8/Clip3,238,player_top,5.50471223832805,23.94580747852394
game8/Clip3,239,player_bottom,3.796102571658459,8.12031064174195
game8/Clip3,239,player_top,5.426227768253749,23.960253518873397
game8/Clip3,240,player_bottom,3.7898244242511123,8.120668725239385
game8/Clip3,240,player_top,5.295028919961763,23.580881269900054
game8/Clip3,241,player_bottom,3.76824292300735,8.125026247495025
game8/Clip3,241,player_top,5.181023878848703,23.199727666715027
game8/Clip3,242,player_bottom,3.7535733722979994,8.13002857380055
game8/Clip3,242,player_top,5.036559552901513,22.54292399335381
game8/Clip3,243,player_bottom,3.7452328908194166,8.13335542437929
game8/Clip3,243,player_top,4.908682240925439,22.459322840988158
game8/Clip3,244,player_bottom,3.7402935645975997,8.135534337624629
game8/Clip3,244,player_top,4.845125939758244,22.485851769102972
game8/Clip3,245,player_bottom,3.7293724451730275,8.141748925947843
game8/Clip3,245,player_top,4.820104914476951,22.447073242227376
game8/Clip3,246,player_bottom,3.706387337653059,8.166610899706342
game8/Clip3,246,player_top,4.808867687543275,22.46729193413715
game8/Clip3,247,player_bottom,3.690889070819362,8.182736055901072
game8/Clip3,247,player_top,4.824468221014496,22.799647312551215
game8/Clip3,248,player_bottom,3.685202685185281,8.189456380751457
game8/Clip3,248,player_top,4.8199461470159,23.132688575965812
game8/Clip3,249,player_bottom,3.6876349724108444,8.190496580338161
game8/Clip3,249,player_top,4.807465856312224,23.188983247087712
game8/Clip3,250,player_bottom,3.691610129847884,8.189545925124047
game8/Clip3,250,player_top,4.790470728603264,23.340626573261755
game8/Clip3,251,player_bottom,3.693831933431532,8.189146000870434
game8/Clip3,251,player_top,4.742841867915413,23.443840103928025
game8/Clip3,252,player_bottom,3.6974262994181077,8.185774351622984
game8/Clip3,252,player_top,4.72621973332522,23.53858777619203
game8/Clip3,253,player_bottom,3.70255082096992,8.18335754206513
game8/Clip3,253,player_top,4.749342692935881,23.517235777248512
game8/Clip3,254,player_bottom,3.708380919360662,8.18161661719574
game8/Clip3,254,player_top,4.759590481403742,23.602117877993884
game8/Clip3,255,player_bottom,3.7195169897892773,8.180846741559877
game8/Clip3,255,player_top,4.717234089956202,23.551650921493447
game8/Clip3,256,player_bottom,3.7297179795467903,8.180256657480593
game8/Clip3,256,player_top,4.6066298669912085,24.111552096281784
game8/Clip3,257,player_bottom,3.7376961621017735,8.179387253174855
game8/Clip3,257,player_top,4.380471508305624,25.293486300060945
game8/Clip3,258,player_bottom,3.743933485546985,8.17945418356508
game8/Clip3,258,player_top,4.056664585298289,26.077160335221212
game8/Clip3,259,player_bottom,3.7473534632051724,8.181811526842527
game8/Clip3,259,player_top,3.577508010733927,26.228944222545532
game8/Clip3,260,player_bottom,3.7651819288046378,8.179479663433801
game8/Clip3,260,player_top,3.2279339397370777,25.861418736004243
game8/Clip3,261,player_bottom,3.7956296190553473,8.174061242724544
game8/Clip3,261,player_top,3.2126703520052127,25.6274060012143
game8/Clip3,262,player_bottom,3.82353392150164,8.170012756165915
game8/Clip3,262,player_top,2.702042446981029,25.908097156850996
game8/Clip3,263,player_bottom,3.856864912573237,8.169165402317642
game8/Clip3,263,player_top,2.3008285469876677,26.03498945590299
game8/Clip3,264,player_bottom,3.8801878831851244,8.165240645503369
game8/Clip3,264,player_top,1.9994460967752308,25.47175563882894
game8/Clip3,265,player_bottom,3.8961136977013195,8.164883943575214
game8/Clip3,265,player_top,1.7379615205447492,25.19730491898063
game8/Clip3,266,player_bottom,3.918164693351327,8.14946527225691
game8/Clip3,266,player_top,1.4820864180195943,24.97827685543453
game8/Clip3,267,player_bottom,3.9375043387847777,8.140795601934428
game8/Clip3,267,player_top,1.3646747791337557,25.057695247595806
game8/Clip3,268,player_bottom,3.9585302981157486,8.13218426864139
game8/Clip3,268,player_top,1.2542148164565596,24.656899964804197
game8/Clip3,269,player_bottom,3.9808976056350804,8.126156624846043
game8/Clip3,269,player_top,1.1185162244435076,24.496195936837356
game8/Clip3,270,player_bottom,4.005755148869282,8.121357858694223
game8/Clip3,270,player_top,1.0545977976741407,24.54109409691885
game8/Clip3,271,player_bottom,4.022915076427639,8.116458837105071
game8/Clip3,271,player_top,0.9234959973398046,24.79401357835418
game8/Clip3,272,player_bottom,4.03377798141023,8.110095049445237
game8/Clip3,272,player_top,0.7478137026098534,25.215176608437655
game8/Clip3,273,player_bottom,4.04357805434118,8.104771628087775
game8/Clip3,273,player_top,0.5419623959349235,25.584578642870934
game8/Clip3,274,player_bottom,4.064235928794548,8.09934798754933
game8/Clip3,274,player_top,0.15011040684116775,25.986416723074747
game8/Clip3,275,player_bottom,4.090616643613093,8.097030772541459
game8/Clip3,275,player_top,0.09110248750480597,25.11979048456624
game8/Clip3,276,player_bottom,4.110852735205861,8.094123137603658
game8/Clip3,276,player_top,-0.052686633948518836,24.65242185595818
game8/Clip3,277,player_bottom,4.132820649774425,8.085266850214614
game8/Clip3,277,player_top,-0.054313491712275896,24.30848422783298
game8/Clip3,278,player_bottom,4.153898233635977,8.08207543054392
game8/Clip3,278,player_top,0.05180124598077334,23.598126532458807
game8/Clip3,279,player_bottom,4.171552275017254,8.075414116928014
game8/Clip3,279,player_top,-0.009838120051531028,23.02306962429958
game8/Clip3,280,player_bottom,4.196057873427391,8.064584037117307
game8/Clip3,280,player_top,-0.2502460734424035,22.920972258008685
game8/Clip3,281,player_bottom,4.223706487291397,8.051485302235218
game8/Clip3,281,player_top,-0.46164995799300196,22.77974964915198
game8/Clip3,282,player_bottom,4.245149721012987,8.040344138497305
game8/Clip3,282,player_top,-0.6016485993670392,22.717532336935232
game8/Clip3,283,player_bottom,4.266302802281893,8.032420766767178
game8/Clip3,283,player_top,-0.7158494162883252,22.72861361546985
game8/Clip3,284,player_bottom,4.279042477176035,8.028385966629912
game8/Clip3,284,player_top,-0.7946472977136444,22.83605781968853
game8/Clip3,285,player_bottom,4.286008141648521,8.023966439874235
game8/Clip3,285,player_top,-0.8094407922707875,22.84080566211669
game8/Clip3,286,player_bottom,4.294161874125812,8.020045013422978
game8/Clip3,286,player_top,-0.8974381578328806,23.05487278523625
game8/Clip3,287,player_bottom,4.312120846013161,8.016320508774275
game8/Clip3,287,player_top,-0.8622545225520586,22.838458933812053
game8/Clip3,288,player_bottom,4.345558998660324,8.010814948318101
game8/Clip3,288,player_top,-1.0437723773692753,23.179868915635385
game8/Clip3,289,player_bottom,4.400959308182318,8.001656824469276
game8/Clip3,289,player_top,-0.9305070236253982,22.86574115918782
game8/Clip3,290,player_bottom,4.435452072314338,7.9956238014867616
game8/Clip3,290,player_top,-0.8147600410622012,22.558817389195045
game8/Clip3,291,player_bottom,4.458768128664401,7.992565993010233
game8/Clip3,291,player_top,-0.7531406019178094,22.431275798036786
game8/Clip3,292,player_bottom,4.480520048465714,7.993384672220251
game8/Clip3,292,player_top,-0.6644067642307809,22.384605249103174
game8/Clip3,293,player_bottom,4.509367620932967,7.991383928283062
game8/Clip3,293,player_top,-0.5967678140406967,22.406385391310888
game8/Clip3,294,player_bottom,4.5388857628241,7.9873173432173585
game8/Clip3,294,player_top,-0.48021423526437274,22.375267046832857
game8/Clip3,295,player_bottom,4.584343500910433,7.980351462242014
game8/Clip3,295,player_top,-0.3749439171206275,22.41139345722746
game8/Clip3,296,player_bottom,4.607674135203601,7.974924490653955
game8/Clip3,296,player_top,-0.2300034768106733,22.467134326212648
game8/Clip3,297,player_bottom,4.639668184521139,7.9676305448963936
game8/Clip3,297,player_top,-0.040702973507255956,22.180214207536395
game8/Clip3,298,player_bottom,4.6733916090348595,7.963271458495304
game8/Clip3,298,player_top,0.28814640614086034,21.208526238406755
game8/Clip3,299,player_bottom,4.69900318121727,7.959326322958708
game8/Clip3,299,player_top,0.4640588169781795,20.745366286597076
game8/Clip3,300,player_bottom,4.713371563412134,7.946313238182291
game8/Clip3,300,player_top,0.671012185826263,20.356727262833015
game8/Clip3,301,player_bottom,4.728420228823615,7.939640558006991
game8/Clip3,301,player_top,0.8135808307466352,20.318490166176232
game8/Clip3,302,player_bottom,4.75126630570647,7.93492753303778
game8/Clip3,302,player_top,0.9036021121602767,20.347390291969912
game8/Clip3,303,player_bottom,4.786066099161339,7.928889432811523
game8/Clip3,303,player_top,0.9546312529586817,20.346386651699316
game8/Clip3,304,player_bottom,4.802626587649013,7.9260736086646
game8/Clip3,304,player_top,0.9730620368693677,20.362366511162055
game8/Clip3,305,player_bottom,4.825241417422986,7.9231694351077335
game8/Clip3,305,player_top,0.8829730885818567,20.804250860978815
game8/Clip3,306,player_bottom,4.85411035040155,7.9176740618938375
game8/Clip3,306,player_top,0.8403331120212795,21.165689011669514
game8/Clip3,307,player_bottom,4.869763266704925,7.911773342292376
game8/Clip3,307,player_top,0.6935654693066909,21.84265164714372
game8/Clip3,308,player_bottom,4.896093883579332,7.906085559315365
game8/Clip3,308,player_top,0.6686467805930744,22.2726895964314
game8/Clip3,309,player_bottom,4.921755078167262,7.901864453183381
game8/Clip3,309,player_top,0.5860334497780932,22.941581983376576
game8/Clip3,310,player_bottom,4.939514391074018,7.895993916972528
game8/Clip3,310,player_top,0.6215767801869069,23.079918819947512
game8/Clip3,311,player_bottom,4.952004570463125,7.891003061836035
game8/Clip3,311,player_top,0.6883474358565919,23.063061412075356
game8/Clip3,312,player_bottom,4.959593599096821,7.8888795488682355
game8/Clip3,312,player_top,0.6736124648362235,23.181827878032642
game8/Clip3,313,player_bottom,4.965948310116708,7.88762942166388
game8/Clip3,313,player_top,0.6820657232589933,23.197265149808263
game8/Clip3,314,player_bottom,4.969654401116895,7.886869096956326
game8/Clip3,314,player_top,0.6853143670473745,23.25143746584767
game8/Clip3,315,player_bottom,4.970560411688981,7.886797508999774
game8/Clip3,315,player_top,0.7493482266812145,23.309407482743328
game8/Clip3,316,player_bottom,4.972646655348389,7.8854297803206554
game8/Clip3,316,player_top,0.7728669382471139,23.920684330789044
game8/Clip3,317,player_bottom,4.971250072381444,7.883037615174509
game8/Clip3,317,player_top,0.9605983481518372,23.94164979531591
game8/Clip3,318,player_bottom,4.969892299214565,7.879375226823848
game8/Clip3,318,player_top,1.3038816457756865,23.573209625322942
game8/Clip3,319,player_bottom,4.966843973145218,7.875294889688823
game8/Clip3,319,player_top,1.5418268364471666,23.47251572955634
game8/Clip3,320,player_bottom,4.964169001766796,7.871576884687987
game8/Clip3,320,player_top,1.9022439224492413,22.592903953682793
game8/Clip3,321,player_bottom,4.957170662233855,7.86994645875027
game8/Clip3,321,player_top,2.083753266845312,22.38241012842395
game8/Clip3,322,player_bottom,4.953579768496413,7.868507629079025
game8/Clip3,322,player_top,2.17429833795828,22.25673997491134
game8/Clip3,323,player_bottom,4.942259516602749,7.869155528502829
game8/Clip3,323,player_top,2.291742948057533,22.146884683968953
game8/Clip3,324,player_bottom,4.920011189129715,7.87240559472735
game8/Clip3,324,player_top,2.437855913057509,22.490963791831806
game8/Clip3,325,player_bottom,4.892377352539185,7.876940185556378
game8/Clip3,325,player_top,2.575909156099598,22.708451963428285
game8/Clip3,326,player_bottom,4.863269018504959,7.881429241484522
game8/Clip3,326,player_top,2.6784353272270596,22.973712196029293
game8/Clip3,327,player_bottom,4.845425634241612,7.884700075302268
game8/Clip3,327,player_top,2.8273820943973624,22.32429814951791
game8/Clip3,328,player_bottom,4.828165288239983,7.888963131984103
game8/Clip3,328,player_top,2.919867510089952,22.114766069966937
game8/Clip3,329,player_bottom,4.809506690447971,7.9018350593169036
game8/Clip3,329,player_top,2.9831133195164963,21.999653416689906
game8/Clip3,330,player_bottom,4.783037735522283,7.905883662861924
game8/Clip3,330,player_top,2.938593040104803,22.909023008569438
game8/Clip3,331,player_bottom,4.758868832951703,7.907720701102519
game8/Clip3,331,player_top,3.129289063800176,21.610904610876148
game8/Clip3,332,player_bottom,4.732876564760169,7.912000021241459
game8/Clip3,332,player_top,3.3759401100994966,20.253792670589014
game8/Clip3,333,player_bottom,4.705870249746344,7.916708257968143
game8/Clip3,333,player_top,3.5203308604332655,19.683911145634458
game8/Clip3,334,player_bottom,4.686525507628443,7.920205860007544
game8/Clip3,334,player_top,3.6104458949521705,19.347748797483494
game8/Clip3,335,player_bottom,4.6762398774398735,7.921233686626188
game8/Clip3,335,player_top,3.6477247983319665,19.30731437774333
game8/Clip3,336,player_bottom,4.657347856487565,7.9241166044882245
game8/Clip3,336,player_top,3.6884755149151545,19.097659169929813
game8/Clip3,337,player_bottom,4.6301365473899345,7.92898935950034
game8/Clip3,337,player_top,3.70662933564965,19.09243762135624
game8/Clip3,338,player_bottom,4.605205142200834,7.933325124126223
game8/Clip3,338,player_top,3.7117817138339517,19.149032346534113
game8/Clip3,339,player_bottom,4.5822878524918185,7.9361659203086266
game8/Clip3,339,player_top,3.7342043684782085,19.13148143930152
game8/Clip3,340,player_bottom,4.559596374450851,7.937189684485307
game8/Clip3,340,player_top,3.7512314498304598,19.14193097306896
game8/Clip3,341,player_bottom,4.529314168686008,7.939464579688211
game8/Clip3,341,player_top,3.771853861673111,19.16940330999409
game8/Clip3,342,player_bottom,4.497753358097531,7.943467623490911
game8/Clip3,342,player_top,3.8298459271593517,19.157635036204823
game8/Clip3,343,player_bottom,4.4642955627850816,7.947216526816851
game8/Clip3,343,player_top,3.889157844715092,19.143175971529175
game8/Clip3,344,player_bottom,4.43497647203693,7.951410019192339
game8/Clip3,344,player_top,3.923835481434607,19.126231229780238
game8/Clip3,345,player_bottom,4.417362170705275,7.949639647699285
game8/Clip3,345,player_top,3.946637157855077,19.207201371610328
game8/Clip3,346,player_bottom,4.402963887700884,7.949894410267548
game8/Clip3,346,player_top,3.8779599500884103,19.131347074992895
game8/Clip3,347,player_bottom,4.392723241462393,7.951337423084187
game8/Clip3,347,player_top,3.847498396815865,19.122193690302115
game8/Clip3,348,player_bottom,4.387074690448657,7.952637845091018
game8/Clip3,348,player_top,3.8379522130666923,19.037920750294997
game8/Clip3,349,player_bottom,4.38570219069356,7.953226438860523
game8/Clip3,349,player_top,3.903742282645731,19.05929266262615
game8/Clip3,350,player_bottom,4.386384438303126,7.954593139057155
game8/Clip3,350,player_top,3.9670770202900343,19.105069716709497
game8/Clip3,351,player_bottom,4.387864119575278,7.955794810838894
game8/Clip3,351,player_top,3.96843635219928,19.610839245740472
game8/Clip3,352,player_bottom,4.389314233755713,7.956370045969586
game8/Clip3,352,player_top,3.965186075086566,19.4787246198048
game8/Clip3,353,player_bottom,4.390546222443465,7.955462768178568
game8/Clip3,353,player_top,3.9394416423136565,19.92358389752666
game8/Clip3,354,player_bottom,4.391427560083767,7.9562311450427785
game8/Clip3,354,player_top,3.9166786459789815,20.292219308847155
game8/Clip3,355,player_bottom,4.391596865404078,7.958100893705048
game8/Clip3,355,player_top,3.9117029752654697,20.172163988547457
game8/Clip3,356,player_bottom,4.391911057704529,7.960392018763443
game8/Clip3,356,player_top,3.9211752050414304,20.018745630545915
game8/Clip3,357,player_bottom,4.391571005049512,7.963062189262793
game8/Clip3,357,player_top,3.873478008716006,20.27710640622524
game8/Clip3,358,player_bottom,4.3904830474121095,7.965730062483772
game8/Clip3,358,player_top,3.815073737437369,20.067735966673293
game8/Clip3,359,player_bottom,4.389978756324838,7.967139933026948
game8/Clip3,359,player_top,3.764054135798556,20.065844576026773
game8/Clip3,360,player_bottom,4.390305154882818,7.9678209891224165
game8/Clip3,360,player_top,3.7591523526544384,19.762931400773002
game8/Clip3,361,player_bottom,4.389965008410502,7.967721072452635
game8/Clip3,361,player_top,3.759089742131915,19.557397275693507
game8/Clip3,362,player_bottom,4.389522475123337,7.967730472897875
game8/Clip3,362,player_top,3.7513624163342825,19.4788660208224
game8/Clip3,363,player_bottom,4.389385460809205,7.9673794049728555
game8/Clip3,363,player_top,3.7236767036563942,19.571526595536415
game8/Clip3,364,player_bottom,4.388155952230002,7.967126114418719
game8/Clip3,364,player_top,3.6759736346549063,19.677872102832534
game8/Clip3,365,player_bottom,4.385838569360757,7.967111652802907
game8/Clip3,365,player_top,3.63159596870249,19.74904465941872
game8/Clip3,366,player_bottom,4.385051386945585,7.9673848148366
game8/Clip3,366,player_top,3.5861263168075275,19.663260228272456
game8/Clip3,367,player_bottom,4.383653385871535,7.967742100351976
game8/Clip3,367,player_top,3.559444041405491,19.575430745005715
game8/Clip3,368,player_bottom,4.3823044557228075,7.968228585511315
game8/Clip3,368,player_top,3.5426154670515033,19.34236073117617
game8/Clip3,369,player_bottom,4.37895401402288,7.968944128820073
game8/Clip3,369,player_top,3.5507071480122194,18.997674479663193
game8/Clip3,370,player_bottom,4.373282646837724,7.970135173499001
game8/Clip3,370,player_top,3.5817975926222796,18.447468115445755
game8/Clip3,371,player_bottom,4.37474625124516,7.969733541622719
game8/Clip3,371,player_top,3.5997192547412427,18.060878391614597
game8/Clip3,372,player_bottom,4.372860452275025,7.970042541853479
game8/Clip3,372,player_top,3.6193887268147815,17.699357957225764
game8/Clip3,373,player_bottom,4.371585523451449,7.969819920426027
game8/Clip3,373,player_top,3.640523289158755,17.379741837546074
game8/Clip3,374,player_bottom,4.372177612784001,7.970031946872798
game8/Clip3,374,player_top,3.6487036138583675,17.247048065245316
game8/Clip3,375,player_bottom,4.372532707949181,7.970616933698131
game8/Clip3,375,player_top,3.6547297671523356,17.17533098406252
game8/Clip3,376,player_bottom,4.373781010010709,7.97255965640697
game8/Clip3,376,player_top,3.652678202689974,17.140137270457522
game8/Clip3,377,player_bottom,4.3747553675890805,7.9742800261813
game8/Clip3,377,player_top,3.64260730231287,17.13812240061939
game8/Clip3,378,player_bottom,4.37495127857028,7.976134461042314
game8/Clip3,378,player_top,3.6345995523597696,17.087446750819126
game8/Clip3,379,player_bottom,4.3750339039269095,7.977112889992947
game8/Clip3,379,player_top,3.6308700750880596,16.933368559873735
game8/Clip3,380,player_bottom,4.373849370147033,7.977792681367943
game8/Clip3,380,player_top,3.625872127321942,16.778114873217397
game8/Clip3,381,player_bottom,4.371887606337878,7.978469514760623
game8/Clip3,381,player_top,3.617317237073607,16.68461917389029
game8/Clip3,382,player_bottom,4.3692173858815115,7.979034584899686
game8/Clip3,382,player_top,3.609348592565472,16.614689643894312
game8/Clip3,383,player_bottom,4.36697543832357,7.979410093496399
game8/Clip3,383,player_top,3.601027124256387,16.651846238861616
game8/Clip3,384,player_bottom,4.36248551030616,7.980119452799167
game8/Clip3,384,player_top,3.5824015967646594,16.70379114900014
game8/Clip3,385,player_bottom,4.35371804794971,7.981782006761344
game8/Clip3,385,player_top,3.5721340019857344,16.74300876100783
game8/Clip3,386,player_bottom,4.341597037968331,7.983980599500963
game8/Clip3,386,player_top,3.5640018691817774,16.706616931397917
game8/Clip3,387,player_bottom,4.329422777253949,7.985288643299609
game8/Clip3,387,player_top,3.5566004477302675,16.658357591765206
game8/Clip3,388,player_bottom,4.320745178817166,7.987085620574937
game8/Clip3,388,player_top,3.556479433490307,16.593036607554435
game8/Clip3,389,player_bottom,4.318355860881776,7.987908151542704
game8/Clip3,389,player_top,3.561517944493304,16.482477713138795
game8/Clip3,390,player_bottom,4.313590343208193,7.988529845683547
game8/Clip3,390,player_top,3.581685998785021,16.372018931752
game8/Clip3,391,player_bottom,4.310589588656262,7.990530561593241
game8/Clip3,391,player_top,3.588276512761265,16.25546455544656
game8/Clip3,392,player_bottom,4.309023408516887,7.992667632031712
game8/Clip3,392,player_top,3.603481540974403,16.160928608419564
game8/Clip3,393,player_bottom,4.307639980100612,7.994995450280934
game8/Clip3,393,player_top,3.6064419143685345,16.126771894932173
game8/Clip3,394,player_bottom,4.307342608001281,7.996891763167519
game8/Clip3,394,player_top,3.6234097009318558,16.068087259549063
game8/Clip3,395,player_bottom,4.303315970919029,8.000434179651851
game8/Clip3,395,player_top,3.626486320303715,16.027581607981244
game8/Clip3,396,player_bottom,4.29636057122339,8.003026967239109
game8/Clip3,396,player_top,3.6419686933495403,15.971271818652964
game8/Clip3,397,player_bottom,4.284941608687833,8.00542717177604
game8/Clip3,397,player_top,3.661243879393228,15.96479296534021
game8/Clip3,398,player_bottom,4.273854297831044,8.00714596244067
game8/Clip3,398,player_top,3.7086132827070437,15.963840446492197
game8/Clip3,399,player_bottom,4.263710461850958,8.008658701176886
game8/Clip3,399,player_top,3.745847756973151,15.975826436807344
game8/Clip3,400,player_bottom,4.255718816597745,8.009907568472519
game8/Clip3,400,player_top,3.77544213217463,15.93935298045955
game8/Clip3,401,player_bottom,4.251097455172489,8.010928344529692
game8/Clip3,401,player_top,3.801714789380913,15.939103715840325
game8/Clip3,402,player_bottom,4.245268429557677,8.012120773257976
game8/Clip3,402,player_top,3.814249969778416,15.9426163019248
game8/Clip3,403,player_bottom,4.240759080412387,8.012943880325649
game8/Clip3,403,player_top,3.8306015300424305,15.918172442438408
game8/Clip3,404,player_bottom,4.235738647521153,8.013217063491371
game8/Clip3,404,player_top,3.841196724044254,15.921764667433813
game8/Clip3,405,player_bottom,4.229878608536944,8.014928160514454
game8/Clip3,405,player_top,3.8565243551632156,15.926269428379635
game8/Clip3,406,player_bottom,4.223065806846101,8.016556991094134
game8/Clip3,406,player_top,3.886055615708913,15.926579158772697
game8/Clip3,407,player_bottom,4.219151539942552,8.017691941844783
game8/Clip3,407,player_top,3.9149479456606384,15.922715680071684
game8/Clip3,408,player_bottom,4.215840302584147,8.018848307482369
game8/Clip3,408,player_top,3.9346724372882154,15.920489519420299
game8/Clip3,409,player_bottom,4.210335621305267,8.019452166642075
game8/Clip3,409,player_top,3.9462939269675315,15.909858731476886
game8/Clip3,410,player_bottom,4.2050837833830395,8.021303540891584
game8/Clip3,410,player_top,3.9523550377580032,15.907442344362899
game8/Clip3,411,player_bottom,4.198947202976523,8.024443023427237
game8/Clip3,411,player_top,3.968296481068091,15.889304598714538
game8/Clip3,412,player_bottom,4.18640916317183,8.026842380754397
game8/Clip3,412,player_top,3.977451363292701,15.892348537000819
game8/Clip4,0,player_bottom,4.4033976771344205,8.036614949595451
game8/Clip4,0,player_top,-0.2041013334455374,16.09672857059144
game8/Clip4,1,player_bottom,4.4033976771344205,8.036614949595451
game8/Clip4,1,player_top,-0.2041013334455374,16.09672857059144
game8/Clip4,2,player_bottom,4.4053299865183275,8.036364982505635
game8/Clip4,2,player_top,-0.2034497604841553,16.09491914286938
game8/Clip4,3,player_bottom,4.40953777935106,8.0356020231325
game8/Clip4,3,player_top,-0.21172214861789138,16.109215456094173
game8/Clip4,4,player_bottom,4.413117881865935,8.035711536488554
game8/Clip4,4,player_top,-0.21130649334395057,16.109211076082346
game8/Clip4,5,player_bottom,4.418881660780257,8.035557318254059
game8/Clip4,5,player_top,-0.21249197257766925,16.113650226483852
game8/Clip4,6,player_bottom,4.425692588616842,8.037487957318593
game8/Clip4,6,player_top,-0.20571802965966643,16.103304299604023
game8/Clip4,7,player_bottom,4.429480467607674,8.039598258856628
game8/Clip4,7,player_top,-0.2183377995588742,16.132005851095457
game8/Clip4,8,player_bottom,4.4314941311182645,8.04294790588296
game8/Clip4,8,player_top,-0.22433489664047745,16.145895443035823
game8/Clip4,9,player_bottom,4.4332461153811025,8.045796397455225
game8/Clip4,9,player_top,-0.21496760617491328,16.127306505989658
game8/Clip4,10,player_bottom,4.434385530878557,8.049561461412944
game8/Clip4,10,player_top,-0.2071075123299102,16.11647797747377
game8/Clip4,11,player_bottom,4.4366475809785,8.05489562844158
game8/Clip4,11,player_top,-0.19262526076979136,16.09282246105312
game8/Clip4,12,player_bottom,4.439038547799293,8.057095273712982
game8/Clip4,12,player_top,-0.18217969032845527,16.100353073375192
game8/Clip4,13,player_bottom,4.441523335065112,8.057611034001374
game8/Clip4,13,player_top,-0.13822288141485978,16.13261655388128
game8/Clip4,14,player_bottom,4.443634260353748,8.057342872962499
game8/Clip4,14,player_top,-0.04573798492033497,16.110346781572744
game8/Clip4,15,player_bottom,4.442499392596608,8.057766572627255
game8/Clip4,15,player_top,-0.019298885482792124,16.272272978950404
game8/Clip4,16,player_bottom,4.434235420640002,8.059216695427772
game8/Clip4,16,player_top,-0.15892065628169663,16.733650618168408
game8/Clip4,17,player_bottom,4.432514106573649,8.059182660008089
game8/Clip4,17,player_top,0.06879408948761309,16.403764576580457
game8/Clip4,18,player_bottom,4.432037321480104,8.059292633604214
game8/Clip4,18,player_top,0.19509778379844794,16.30152462082515
game8/Clip4,19,player_bottom,4.430341927895015,8.06846365017332
game8/Clip4,19,player_top,0.31168102245174495,16.259943742848897
game8/Clip4,20,player_bottom,4.437173640092712,8.074190683898463
game8/Clip4,20,player_top,0.35674973727771503,16.2491182595603
game8/Clip4,21,player_bottom,4.447601768199845,8.087770471968243
game8/Clip4,21,player_top,0.3814259783642181,16.242925249119992
game8/Clip4,22,player_bottom,4.458236413363048,8.096364057194162
game8/Clip4,22,player_top,0.43519840369981677,16.17657674374034
game8/Clip4,23,player_bottom,4.468364685487166,8.102416241368244
game8/Clip4,23,player_top,0.44960051884722274,16.22359719354384
game8/Clip4,24,player_bottom,4.475988741781478,8.108386364072844
game8/Clip4,24,player_top,0.43108417745653344,16.41210462615675
game8/Clip4,25,player_bottom,4.479988898217749,8.10667256896844
game8/Clip4,25,player_top,0.4427178614954976,16.568648873120594
game8/Clip4,26,player_bottom,4.478328000543169,8.101402993398436
game8/Clip4,26,player_top,0.4798123724425687,16.66322861620795
game8/Clip4,27,player_bottom,4.4733145084591515,8.097644527620853
game8/Clip4,27,player_top,0.5960882267782674,16.56799582974347
game8/Clip4,28,player_bottom,4.463317183764424,8.097920835086791
game8/Clip4,28,player_top,0.6658521482274485,16.53224548137132
game8/Clip4,29,player_bottom,4.452354503799238,8.099694451991697
game8/Clip4,29,player_top,0.7134328638503534,16.4995164802402
game8/Clip4,30,player_bottom,4.435579305352289,8.101958440615961
game8/Clip4,30,player_top,0.7380946242282281,16.461024758264763
game8/Clip4,31,player_bottom,4.423497519176526,8.104067840830975
game8/Clip4,31,player_top,0.7574113444229651,16.44965659677319
game8/Clip4,32,player_bottom,4.4119216480158325,8.106163398299298
game8/Clip4,32,player_top,0.7940827931084717,16.471833498829984
game8/Clip4,33,player_bottom,4.406452756728852,8.106906020180203
game8/Clip4,33,player_top,0.8516352616861501,16.48840569093737
game8/Clip4,34,player_bottom,4.400027545689125,8.107564263247964
game8/Clip4,34,player_top,0.9061551328645696,16.48946870573555
game8/Clip4,35,player_bottom,4.398826356984877,8.1075119807857
game8/Clip4,35,player_top,0.9566196564362357,16.43276760190937
game8/Clip4,36,player_bottom,4.400928251802128,8.102381966956706
game8/Clip4,36,player_top,0.9414160494790492,16.468030115686727
game8/Clip4,37,player_bottom,4.406056491331273,8.096299798405083
game8/Clip4,37,player_top,0.9412752984574702,16.53932414381193
game8/Clip4,38,player_bottom,4.4086354203618745,8.087932980423664
game8/Clip4,38,player_top,1.0863240960208422,16.359042574393424
game8/Clip4,39,player_bottom,4.408861826704578,8.080380622584977
game8/Clip4,39,player_top,1.2883047832610917,15.96171943742459
game8/Clip4,40,player_bottom,4.407807921257175,8.073294776788636
game8/Clip4,40,player_top,1.464037717114909,15.77007571101755
game8/Clip4,41,player_bottom,4.405882487998231,8.067242727307733
game8/Clip4,41,player_top,1.6017471020187573,15.612926004121302
game8/Clip4,42,player_bottom,4.405291832473075,8.061704539534823
game8/Clip4,42,player_top,1.6410211367895784,15.590909218398087
game8/Clip4,43,player_bottom,4.402877544726956,8.058608308983162
game8/Clip4,43,player_top,1.6504913424869427,15.576121877236835
game8/Clip4,44,player_bottom,4.4044094240713365,8.054586484398278
game8/Clip4,44,player_top,1.5768320005633372,15.642696109470432
game8/Clip4,45,player_bottom,4.404696682214783,8.053700072610011
game8/Clip4,45,player_top,1.4986137143729148,15.690764242923812
game8/Clip4,46,player_bottom,4.4056214533083375,8.053131871230075
game8/Clip4,46,player_top,1.462591379136605,15.771985853953307
game8/Clip4,47,player_bottom,4.4048973691288085,8.050725461610918
game8/Clip4,47,player_top,1.293235280636781,16.50244138454637
game8/Clip4,48,player_bottom,4.4055740489031265,8.049840543367708
game8/Clip4,48,player_top,1.2683146810171604,16.85341185617495
game8/Clip4,49,player_bottom,4.410827662239334,8.042427265570312
game8/Clip4,49,player_top,1.2849777058306007,16.957173044584657
game8/Clip4,50,player_bottom,4.4163324201070635,8.032428358397668
game8/Clip4,50,player_top,1.36623416641605,16.840060155849635
game8/Clip4,51,player_bottom,4.421163701187869,8.024722326353224
game8/Clip4,51,player_top,1.6348356246057576,16.146483082444963
game8/Clip4,52,player_bottom,4.423180270578041,8.019492419468403
game8/Clip4,52,player_top,1.7251188400582105,15.928803943016614
game8/Clip4,53,player_bottom,4.426015974319763,8.014958446975584
game8/Clip4,53,player_top,1.7518965996217657,15.860969810625464
game8/Clip4,54,player_bottom,4.429453939444692,8.012074628655883
game8/Clip4,54,player_top,1.7533549738573448,15.84130250980584
game8/Clip4,55,player_bottom,4.42846329608561,8.008195319776345
game8/Clip4,55,player_top,1.751266256613295,15.84133600775074
game8/Clip4,56,player_bottom,4.420837041066719,8.003199004806403
game8/Clip4,56,player_top,1.7385142985729138,15.891413537883878
game8/Clip4,57,player_bottom,4.408163690381277,8.00119999951207
game8/Clip4,57,player_top,1.7327154178322128,15.98704126861824
game8/Clip4,58,player_bottom,4.374319732135062,8.004853578068138
game8/Clip4,58,player_top,1.7727964669868737,16.115078003503946
game8/Clip4,59,player_bottom,4.345340324649265,8.00872639625519
game8/Clip4,59,player_top,1.9163708291459052,16.224826197101258
game8/Clip4,60,player_bottom,4.334678006180023,8.009519891743555
game8/Clip4,60,player_top,2.0477437271760115,16.33474042694484
game8/Clip4,61,player_bottom,4.32253249931464,8.014740532714855
game8/Clip4,61,player_top,2.216003467374547,16.23942640509912
game8/Clip4,62,player_bottom,4.306227796893337,8.022842180828146
game8/Clip4,62,player_top,2.3792054396435636,16.05458096270464
game8/Clip4,63,player_bottom,4.275918934173115,8.020429313420541
game8/Clip4,63,player_top,2.5161563528814304,15.919285947984985
game8/Clip4,64,player_bottom,4.230425689067448,8.024209020687916
game8/Clip4,64,player_top,2.6556697919566057,15.844317993476883
game8/Clip4,65,player_bottom,4.200235687980743,8.026887175060459
game8/Clip4,65,player_top,2.8062067589347173,15.762892073225677
game8/Clip4,66,player_bottom,4.183395621333568,8.023168939210123
game8/Clip4,66,player_top,2.9327720741018397,15.737506418464115
game8/Clip4,67,player_bottom,4.159710930296012,8.022439018979112
game8/Clip4,67,player_top,3.0033285103490295,15.754928387831793
game8/Clip4,68,player_bottom,4.12903630089918,8.025320442540508
game8/Clip4,68,player_top,3.073493837596071,15.79504902435667
game8/Clip4,69,player_bottom,4.099693909784607,8.026629079276338
game8/Clip4,69,player_top,3.1623051306235728,15.802994683369612
game8/Clip4,70,player_bottom,4.08108997447739,8.01859280742232
game8/Clip4,70,player_top,3.278994080663064,15.575157304275677
game8/Clip4,71,player_bottom,4.063595699464896,8.015458854239995
game8/Clip4,71,player_top,3.367706917716687,15.444623600159161
game8/Clip4,72,player_bottom,4.044741050580335,8.016438326314585
game8/Clip4,72,player_top,3.499047156121847,15.36102116804347
game8/Clip4,73,player_bottom,4.024497590642058,8.019247682558948
game8/Clip4,73,player_top,3.6240946110864862,15.360483598459574
game8/Clip4,74,player_bottom,4.001587603864036,8.023449667333987
game8/Clip4,74,player_top,3.683045496852929,15.35044217724576
game8/Clip4,75,player_bottom,3.979380780988615,8.027999058622212
game8/Clip4,75,player_top,3.7099430567791982,15.334631500297276
game8/Clip4,76,player_bottom,3.955224849527605,8.032635760590974
game8/Clip4,76,player_top,3.730432968902985,15.39643881069528
game8/Clip4,77,player_bottom,3.9466202705754143,8.031704258136637
game8/Clip4,77,player_top,3.76889172954099,15.553993032696823
game8/Clip4,78,player_bottom,3.931931953204037,8.028335778125085
game8/Clip4,78,player_top,3.832071461869513,15.685297533246464
game8/Clip4,79,player_bottom,3.924703251647509,8.023386474076814
game8/Clip4,79,player_top,3.896887741152171,15.739827590804717
game8/Clip4,80,player_bottom,3.912067471865326,8.017906745118813
game8/Clip4,80,player_top,3.9912230799257875,15.789723740602863
game8/Clip4,81,player_bottom,3.902134027411098,8.014503825740059
game8/Clip4,81,player_top,4.048379045231616,15.790863600678504
game8/Clip4,82,player_bottom,3.900057230098791,8.011189003319346
game8/Clip4,82,player_top,4.073652695867511,15.772271905457385
game8/Clip4,83,player_bottom,3.8964170346214866,8.01074955844755
game8/Clip4,83,player_top,4.085709905507935,15.77412459621167
game8/Clip4,84,player_bottom,3.8944380997001806,8.010620933703084
game8/Clip4,84,player_top,4.123270575588384,15.782003394021192
game8/Clip4,85,player_bottom,3.892822197450393,8.011327952026143
game8/Clip4,85,player_top,4.198200004055711,15.773680532786374
game8/Clip4,86,player_bottom,3.892770898851457,8.012536185124413
game8/Clip4,86,player_top,4.316757042302799,15.759664289174495
game8/Clip4,87,player_bottom,3.889910181191106,8.015221350047803
game8/Clip4,87,player_top,4.486198099665846,15.727700801486758
game8/Clip4,88,player_bottom,3.8865508064575334,8.017790044554152
game8/Clip4,88,player_top,4.625627351494373,15.713283650131931
game8/Clip4,89,player_bottom,3.883318810311286,8.017224645540109
game8/Clip4,89,player_top,4.730916174535958,15.696451332076178
game8/Clip4,90,player_bottom,3.88072093842749,8.016410034810677
game8/Clip4,90,player_top,4.825496809609397,15.725379887369138
game8/Clip4,91,player_bottom,3.881804136521267,8.01375445912177
game8/Clip4,91,player_top,4.91637741450758,15.646092083072949
game8/Clip4,92,player_bottom,3.8810889956124845,8.013010748689464
game8/Clip4,92,player_top,5.019896884822702,15.77523959848801
game8/Clip4,93,player_bottom,3.886836477942503,8.012188870452908
game8/Clip4,93,player_top,5.121931013733045,15.914217233308701
game8/Clip4,94,player_bottom,3.8918495284281653,8.012207874597413
game8/Clip4,94,player_top,5.242188542675358,16.15436933102028
game8/Clip4,95,player_bottom,3.8964543433436876,8.013288689024309
game8/Clip4,95,player_top,5.410959081080674,16.655632006342575
game8/Clip4,96,player_bottom,3.9015249978738855,8.017611569849953
game8/Clip4,96,player_top,5.5705439944860755,16.965712896999182
game8/Clip4,97,player_bottom,3.915885255926238,8.019348440224489
game8/Clip4,97,player_top,5.744628847540783,17.511629909402217
game8/Clip4,98,player_bottom,3.9361036043262825,8.017825172830237
game8/Clip4,98,player_top,5.923320538216958,17.66823942816703
game8/Clip4,99,player_bottom,3.9571552683123032,8.018304914114154
game8/Clip4,99,player_top,6.067082417686492,17.733812919500412
game8/Clip4,100,player_bottom,3.974190788740344,8.016743908991904
game8/Clip4,100,player_top,6.2294672362810815,17.808957170090938
game8/Clip4,101,player_bottom,3.9871384500487475,8.016527210750837
game8/Clip4,101,player_top,6.363610722322002,17.785466929560197
game8/Clip4,102,player_bottom,4.00292711025057,8.01612930071881
game8/Clip4,102,player_top,6.575739286032583,18.033137900350088
game8/Clip4,103,player_bottom,4.027420425473315,8.013040402107809
game8/Clip4,103,player_top,6.983697193801608,19.20705935679943
game8/Clip4,104,player_bottom,4.054206500073132,8.007542173683767
game8/Clip4,104,player_top,7.1594049020895545,19.31061811950408
game8/Clip4,105,player_bottom,4.077312647291972,8.001091544346844
game8/Clip4,105,player_top,7.40561183558322,20.031384276551734
game8/Clip4,106,player_bottom,4.088060240943037,7.997600495697036
game8/Clip4,106,player_top,7.635378158260905,20.452039894910484
game8/Clip4,107,player_bottom,4.094334296031377,7.992906065852296
game8/Clip4,107,player_top,7.506913804077181,19.282042781294713
game8/Clip4,108,player_bottom,4.098845147148698,7.989312674582431
game8/Clip4,108,player_top,7.443730769880318,18.523995985189295
game8/Clip4,109,player_bottom,4.103986524732326,7.987351360060474
game8/Clip4,109,player_top,7.499147052620195,18.35002490881615
game8/Clip4,110,player_bottom,4.111318411239858,7.9866230139097505
game8/Clip4,110,player_top,7.561726917174049,18.33021677990694
game8/Clip4,111,player_bottom,4.1206969672427824,7.985984135888331
game8/Clip4,111,player_top,7.559747019104754,18.392875186614965
game8/Clip4,112,player_bottom,4.131563167386691,7.981711582480655
game8/Clip4,112,player_top,7.746868133211031,18.947035643788848
game8/Clip4,113,player_bottom,4.1426972949914935,7.976701394691505
game8/Clip4,113,player_top,7.814225764664337,19.134675588207944
game8/Clip4,114,player_bottom,4.151809289376129,7.971226873324402
game8/Clip4,114,player_top,8.18698471752071,19.100398442354233
game8/Clip4,115,player_bottom,4.160219877756866,7.966727530764804
game8/Clip4,115,player_top,8.250979778948086,18.66945867677507
game8/Clip4,116,player_bottom,4.164685479113673,7.963670755008711
game8/Clip4,116,player_top,8.072163755328127,17.973058514414948
game8/Clip4,117,player_bottom,4.164897842582437,7.962072247914082
game8/Clip4,117,player_top,8.022594432715936,17.388909524888277
game8/Clip4,118,player_bottom,4.164654455506492,7.961105426225309
game8/Clip4,118,player_top,8.02870526678368,17.1055613230259
game8/Clip4,119,player_bottom,4.16435646366377,7.961524602738544
game8/Clip4,119,player_top,8.062474027272572,16.979152081863646
game8/Clip4,120,player_bottom,4.163829307045149,7.961400628109355
game8/Clip4,120,player_top,8.107643068439195,16.99621012934374
game8/Clip4,121,player_bottom,4.160002384706211,7.961908921241622
game8/Clip4,121,player_top,8.08738961439927,17.045071408061492
game8/Clip4,122,player_bottom,4.153097976556196,7.962317250823832
game8/Clip4,122,player_top,8.324265630293285,17.32742103122611
game8/Clip4,123,player_bottom,4.146029593000346,7.962134436644985
game8/Clip4,123,player_top,8.585311214930407,17.491805448075304
game8/Clip4,124,player_bottom,4.134746066332968,7.96195429944772
game8/Clip4,124,player_top,8.8353652206719,17.71004888152245
game8/Clip4,125,player_bottom,4.126979726550438,7.957827524317636
game8/Clip4,125,player_top,8.916534103763958,17.603896543235127
game8/Clip4,126,player_bottom,4.119777114724825,7.955492526622357
game8/Clip4,126,player_top,9.029678927695887,17.78997016070286
game8/Clip4,127,player_bottom,4.119435244330886,7.9556908649232465
game8/Clip4,127,player_top,9.061852726533447,17.830489209858982
game8/Clip4,128,player_bottom,4.119093252264995,7.955889273812894
game8/Clip4,128,player_top,9.082302392499136,17.871924446377147
game8/Clip4,129,player_bottom,4.118751138462189,7.956087753328999
game8/Clip4,129,player_top,9.084897902458868,17.880656591999063
game8/Clip4,130,player_bottom,4.118408902857452,7.956286303509273
game8/Clip4,130,player_top,9.09274420219462,17.915316913570926
game8/Clip4,131,player_bottom,4.102907639265881,7.958749451289139
game8/Clip4,131,player_top,9.188751318295646,18.134275690896146
game8/Clip4,132,player_bottom,4.080895152517232,7.962264794396826
game8/Clip4,132,player_top,9.418688691125672,18.70167869045715
game8/Clip5,0,player_bottom,4.014555291807628,8.113514933574896
game8/Clip5,0,player_top,5.580948780525151,-6.867124823977621
game8/Clip5,1,player_bottom,4.014555291807628,8.113514933574896
game8/Clip5,1,player_top,5.580948780525151,-6.867124823977621
game8/Clip5,2,player_bottom,4.01672462838281,8.112681980275545
game8/Clip5,2,player_top,5.564835181676116,-6.816666648669404
game8/Clip5,3,player_bottom,4.017459213079166,8.112547574146058
game8/Clip5,3,player_top,5.56673896419539,-6.851714449604868
game8/Clip5,4,player_bottom,4.0190996506839465,8.11196775143134
game8/Clip5,4,player_top,5.5901222338915195,-7.089271074672165
game8/Clip5,5,player_bottom,4.022312708240894,8.113667500500537
game8/Clip5,5,player_top,5.59662977561585,-7.166936311287707
game8/Clip5,6,player_bottom,4.02566697118544,8.114241217330633
game8/Clip5,6,player_top,5.5946427857992305,-7.108590146274039
game8/Clip5,7,player_bottom,4.027318353044296,8.115455832266424
game8/Clip5,7,player_top,5.5996574414484375,-7.107802706804517
game8/Clip5,8,player_bottom,4.029153227802245,8.119137331543884
game8/Clip5,8,player_top,5.596186102556577,-7.061634243241859
game8/Clip5,9,player_bottom,4.030734098008015,8.12113474914859
game8/Clip5,9,player_top,5.598403503240757,-7.051892242631798
game8/Clip5,10,player_bottom,4.0330129720474694,8.121860272883012
game8/Clip5,10,player_top,5.596181412031526,-7.021153565589317
game8/Clip5,11,player_bottom,4.03494751581116,8.122696803271918
game8/Clip5,11,player_top,5.593775749317716,-7.016091825862444
game8/Clip5,12,player_bottom,4.0363986257349085,8.12513671142528
game8/Clip5,12,player_top,5.61080759744962,-7.188618455731328
game8/Clip5,13,player_bottom,4.038615112105057,8.126061501402244
game8/Clip5,13,player_top,5.615378804236084,-7.24593034390264
game8/Clip5,14,player_bottom,4.041074153947297,8.126107980390579
game8/Clip5,14,player_top,5.6233468857832865,-7.282651393492709
game8/Clip5,15,player_bottom,4.043590926459526,8.125549001527208
game8/Clip5,15,player_top,5.626510166600316,-7.277250528366798
game8/Clip5,16,player_bottom,4.047687926183608,8.124582944949857
game8/Clip5,16,player_top,5.62948285614906,-7.289929313422799
game8/Clip5,17,player_bottom,4.051323426611073,8.124134459103185
game8/Clip5,17,player_top,5.629970688974027,-7.261876886633872
game8/Clip5,18,player_bottom,4.047699153899099,8.124339073986713
game8/Clip5,18,player_top,5.627280110339654,-7.2414126444577445
game8/Clip5,19,player_bottom,4.047830028247902,8.12413615727739
game8/Clip5,19,player_top,5.633423009469303,-7.383864731364715
game8/Clip5,20,player_bottom,4.041638956091587,8.13539239978938
game8/Clip5,20,player_top,5.632294455582359,-7.439359870071469
game8/Clip5,21,player_bottom,4.040531810396611,8.145046676107443
game8/Clip5,21,player_top,5.629589516404738,-7.520430849810363
game8/Clip5,22,player_bottom,4.045754680109595,8.157587199998648
game8/Clip5,22,player_top,5.631456204685533,-7.583178877969182
game8/Clip5,23,player_bottom,4.053004425893982,8.16791441479079
game8/Clip5,23,player_top,5.63114310542843,-7.610744791750213
game8/Clip5,24,player_bottom,4.069178204091002,8.17351034618152
game8/Clip5,24,player_top,5.630285850173905,-7.644283497750979
game8/Clip5,25,player_bottom,4.077938128265123,8.180260911435115
game8/Clip5,25,player_top,5.636202026917052,-7.69913219274083
game8/Clip5,26,player_bottom,4.08303322474488,8.182458339329651
game8/Clip5,26,player_top,5.642040534765643,-7.790530837990028
game8/Clip5,27,player_bottom,4.085139824739625,8.175321523554222
game8/Clip5,27,player_top,5.675212897992675,-7.959082175437951
game8/Clip5,28,player_bottom,4.0790060979550065,8.171408459857998
game8/Clip5,28,player_top,5.677073306428291,-7.901336982168333
game8/Clip5,29,player_bottom,4.063386592481797,8.172718204553918
game8/Clip5,29,player_top,5.68522082860531,-7.947347453153812
game8/Clip5,30,player_bottom,4.044580402703491,8.175111474071192
game8/Clip5,30,player_top,5.6955659373765615,-8.04705645721914
game8/Clip5,31,player_bottom,4.033002106816375,8.176652540288789
game8/Clip5,31,player_top,5.699625917397198,-8.083108051537527
game8/Clip5,32,player_bottom,4.028430581385147,8.176639820103418
game8/Clip5,32,player_top,5.697191442437022,-8.054885444085507
game8/Clip5,33,player_bottom,4.022879739210418,8.177587608987286
game8/Clip5,33,player_top,5.706477465483746,-8.154543699515289
game8/Clip5,34,player_bottom,4.01957972248747,8.178535616202792
game8/Clip5,34,player_top,5.6997245618109815,-8.110862186706552
game8/Clip5,35,player_bottom,4.011760121610169,8.179812549482515
game8/Clip5,35,player_top,5.709164261323337,-8.200619647985853
game8/Clip5,36,player_bottom,4.007797443482947,8.1802914327382
game8/Clip5,36,player_top,5.716641782869757,-8.269330275358346
game8/Clip5,37,player_bottom,4.013934327236929,8.159704585133603
game8/Clip5,37,player_top,5.7317321233726055,-8.442678100412031
game8/Clip5,38,player_bottom,4.014746659937793,8.150960069521746
game8/Clip5,38,player_top,5.739185557466858,-8.529231016181473
game8/Clip5,39,player_bottom,4.01199493589177,8.146075796227954
game8/Clip5,39,player_top,5.744724044470876,-8.58746388354515
game8/Clip5,40,player_bottom,4.0122819430932894,8.140286708423199
game8/Clip5,40,player_top,5.749946052371619,-8.677791170136814
game8/Clip5,41,player_bottom,4.0129358816194625,8.13423491217391
game8/Clip5,41,player_top,5.759307255874367,-8.807124568604106
game8/Clip5,42,player_bottom,4.01140059206065,8.130857204723718
game8/Clip5,42,player_top,5.760565183093195,-8.830604576873924
game8/Clip5,43,player_bottom,4.00789294108451,8.129796375557824
game8/Clip5,43,player_top,5.765259332353113,-8.85996635019034
game8/Clip5,44,player_bottom,4.006402163005788,8.127545793958213
game8/Clip5,44,player_top,5.760021475946433,-8.87194260189438
game8/Clip5,45,player_bottom,4.00455651706118,8.126186024537038
game8/Clip5,45,player_top,5.756923939351715,-8.884595225948631
game8/Clip5,46,player_bottom,4.002977911769878,8.12449820526736
game8/Clip5,46,player_top,5.778492229781424,-8.95761972302674
game8/Clip5,47,player_bottom,3.9974886259824998,8.123918094254737
game8/Clip5,47,player_top,5.793424934448134,-8.901341021299498
game8/Clip5,48,player_bottom,3.9902791766645866,8.121864251646155
game8/Clip5,48,player_top,5.811546377913423,-8.85030400021185
game8/Clip5,49,player_bottom,3.984405226796858,8.117699201964811
game8/Clip5,49,player_top,5.854122096326537,-8.892685738201603
game8/Clip5,50,player_bottom,3.9780684849356955,8.109791087108796
game8/Clip5,50,player_top,5.934744784723567,-8.856027010376858
game8/Clip5,51,player_bottom,3.972647901754636,8.099702352990938
game8/Clip5,51,player_top,5.9953796805626745,-8.81739633800828
game8/Clip5,52,player_bottom,3.968054931515801,8.092742191619877
game8/Clip5,52,player_top,6.206162509816646,-7.872976469937811
game8/Clip5,53,player_bottom,3.9646248246363047,8.088699982198083
game8/Clip5,53,player_top,6.34581231902941,-7.62591106224143
game8/Clip5,54,player_bottom,3.9673532026185323,8.086642215298784
game8/Clip5,54,player_top,6.33297922995372,-7.356062523463856
game8/Clip5,55,player_bottom,3.9731560203548324,8.0850008703188
game8/Clip5,55,player_top,6.509335393857447,-7.704283055369528
game8/Clip5,56,player_bottom,3.969784503833033,8.082807832050284
game8/Clip5,56,player_top,6.560523365560294,-7.544105868358224
game8/Clip5,57,player_bottom,3.9571990174196165,8.082468725015922
game8/Clip5,57,player_top,6.660581580521912,-7.919497622950953
game8/Clip5,58,player_bottom,3.92148385985413,8.086667154650275
game8/Clip5,58,player_top,6.804596483037116,-8.41751793927404
game8/Clip5,59,player_bottom,3.897737235294621,8.09078525961301
game8/Clip5,59,player_top,6.958912277661081,-8.573827308612602
game8/Clip5,60,player_bottom,3.878590036003777,8.094810874731278
game8/Clip5,60,player_top,7.0306067388928755,-8.355835584403147
game8/Clip5,61,player_bottom,3.8586570757741603,8.100796659225248
game8/Clip5,61,player_top,7.288733358826572,-8.830268578227841
game8/Clip5,62,player_bottom,3.829717439697248,8.119023660174934
game8/Clip5,62,player_top,7.650221049249382,-9.430902064590937
game8/Clip5,63,player_bottom,3.8035568011187064,8.124270661425632
game8/Clip5,63,player_top,7.997482430078922,-10.016630137757653
game8/Clip5,64,player_bottom,3.7769407811691837,8.123058663267457
game8/Clip5,64,player_top,8.408195068618129,-10.68166539452662
game8/Clip5,65,player_bottom,3.7551007393252487,8.124529007455362
game8/Clip5,65,player_top,8.596323829207703,-10.873493874415793
game8/Clip5,66,player_bottom,3.732616707141023,8.128620168002978
game8/Clip5,66,player_top,8.78222985530183,-11.165605199558275
game8/Clip5,67,player_bottom,3.7102642203110463,8.132459569008441
game8/Clip5,67,player_top,8.973809835230387,-11.466631922486341
game8/Clip5,68,player_bottom,3.6876255613492614,8.132528018273835
game8/Clip5,68,player_top,9.04286149783779,-11.320578574209858
game8/Clip5,69,player_bottom,3.6671311115974468,8.131974747809648
game8/Clip5,69,player_top,9.042554423139757,-10.782501054604488
game8/Clip5,70,player_bottom,3.6492095596772574,8.133996850263664
game8/Clip5,70,player_top,9.045663740605704,-10.41513056138073
game8/Clip5,71,player_bottom,3.638719067227483,8.130526484817615
game8/Clip5,71,player_top,9.260669477380155,-10.466923825250568
game8/Clip5,72,player_bottom,3.6223470858351843,8.13081291806328
game8/Clip5,72,player_top,9.389400258049523,-10.03696498768676
game8/Clip5,73,player_bottom,3.6084707470382704,8.132276456680096
game8/Clip5,73,player_top,9.574492965308794,-10.148554279262658
game8/Clip5,74,player_bottom,3.5968225372949836,8.132815630449768
game8/Clip5,74,player_top,9.761393023185825,-10.261233192239894
game8/Clip5,75,player_bottom,3.589547968794972,8.133148332563641
game8/Clip5,75,player_top,9.950127033559866,-10.375017764445785
game8/Clip5,76,player_bottom,3.5820429734094166,8.134356152547666
game8/Clip5,76,player_top,10.140722122944757,-10.489924350000841
game8/Clip5,77,player_bottom,3.572819846803594,8.136313372018272
game8/Clip5,77,player_top,10.333205955486457,-10.605969627155135
game8/Clip5,78,player_bottom,3.5599684414291697,8.13799555058127
game8/Clip5,78,player_top,10.527606746348768,-10.723170606358126
game8/Clip5,79,player_bottom,3.5509144107712345,8.13947768065315
game8/Clip5,79,player_top,10.884996663509856,-10.935504107349399
game8/Clip5,80,player_bottom,3.5385068803848787,8.141809411766076
game8/Clip5,80,player_top,11.259166529023787,-11.585161761264693
game8/Clip5,81,player_bottom,3.532033960068109,8.143031262380076
game8/Clip5,81,player_top,11.67008601149855,-12.029923779214293
game8/Clip5,82,player_bottom,3.5219995380870053,8.14465069245824
game8/Clip5,82,player_top,12.095113247094998,-12.623388752932645
game8/Clip5,83,player_bottom,3.5160121931801833,8.144622714433153
game8/Clip5,83,player_top,11.986529883762138,-12.074717506040708
game8/Clip5,84,player_bottom,3.5125873043415243,8.143103466062126
game8/Clip5,84,player_top,12.122837174951123,-12.188213398962063
game8/Clip5,85,player_bottom,3.512157803847802,8.141417341301217
game8/Clip5,85,player_top,13.01103459286701,-14.156901962593345
game8/Clip5,86,player_bottom,3.5124670263553956,8.139022602920765
game8/Clip5,86,player_top,13.572401482231438,-15.324652290140998
game8/Clip6,0,player_bottom,4.034470652261291,8.152332474955077
game8/Clip6,0,player_top,9.586195560030852,20.177190014399205
game8/Clip6,1,player_bottom,4.034470652261291,8.152332474955077
game8/Clip6,1,player_top,9.586195560030852,20.177190014399205
game8/Clip6,2,player_bottom,4.036619396433258,8.152791941462304
game8/Clip6,2,player_top,9.5728792897334,20.1574329017713
game8/Clip6,3,player_bottom,4.036002309148813,8.162829757516022
game8/Clip6,3,player_top,9.565455067686115,20.140181608267902
game8/Clip6,4,player_bottom,4.043232629317789,8.169459711802764
game8/Clip6,4,player_top,9.56410906761812,20.12713370369859
game8/Clip6,5,player_bottom,4.056231913644398,8.175378999660369
game8/Clip6,5,player_top,9.576533666402325,20.157634208445167
game8/Clip6,6,player_bottom,4.0672631394434475,8.178493201656924
game8/Clip6,6,player_top,9.536278548650964,20.096789214563003
game8/Clip6,7,player_bottom,4.076723245465159,8.1836182745528
game8/Clip6,7,player_top,9.522945460129916,20.101305418614118
game8/Clip6,8,player_bottom,4.082170741263761,8.186657109013929
game8/Clip6,8,player_top,9.511771148538923,20.107794491578744
game8/Clip6,9,player_bottom,4.083827292098799,8.187220366531895
game8/Clip6,9,player_top,9.480031574272378,20.157137225052512
game8/Clip6,10,player_bottom,4.08054655951609,8.187963767727002
game8/Clip6,10,player_top,9.426047183919083,20.171492646991766
game8/Clip6,11,player_bottom,4.077369202740326,8.187893089606343
game8/Clip6,11,player_top,9.416782396246516,20.232747106291303
game8/Clip6,12,player_bottom,4.073265973794994,8.188192176445053
game8/Clip6,12,player_top,9.42454151571298,20.32744985152768
game8/Clip6,13,player_bottom,4.069950585731842,8.188322653517544
game8/Clip6,13,player_top,9.368587026662015,20.276613217275585
game8/Clip6,14,player_bottom,4.066192712269945,8.189044147844948
game8/Clip6,14,player_top,9.248926179235536,20.186130957079886
game8/Clip6,15,player_bottom,4.066058738806927,8.18941518059092
game8/Clip6,15,player_top,9.218041609043928,20.186144605877395
game8/Clip6,16,player_bottom,4.066380493340834,8.18901457871334
game8/Clip6,16,player_top,9.2689401701563,20.14993249743215
game8/Clip6,17,player_bottom,4.0650980648650386,8.189400389527428
game8/Clip6,17,player_top,9.344257636437517,20.185769467074643
game8/Clip6,18,player_bottom,4.0681561844595135,8.189782489595673
game8/Clip6,18,player_top,9.524123957599864,20.217220879445126
game8/Clip6,19,player_bottom,4.072579314355623,8.18887672061984
game8/Clip6,19,player_top,9.596359796521678,19.887553922410124
game8/Clip6,20,player_bottom,4.077988587411608,8.18189683297705
game8/Clip6,20,player_top,9.52135926622769,19.303416329083248
game8/Clip6,21,player_bottom,4.08322812858688,8.166991350082746
game8/Clip6,21,player_top,9.577461430910317,19.081762882650416
game8/Clip6,22,player_bottom,4.086503249468795,8.156089605855428
game8/Clip6,22,player_top,9.639187948544174,18.97372745885802
game8/Clip6,23,player_bottom,4.087411962289372,8.146845320436665
game8/Clip6,23,player_top,9.766642339611927,18.927664680349245
game8/Clip6,24,player_bottom,4.090132270189533,8.137790263887807
game8/Clip6,24,player_top,9.935664401749998,18.959609053123284
game8/Clip6,25,player_bottom,4.090729175216923,8.132582695347416
game8/Clip6,25,player_top,10.040676445310671,19.047270162749065
game8/Clip6,26,player_bottom,4.091283919213369,8.128552556828621
game8/Clip6,26,player_top,10.135188396166098,19.155270191303646
game8/Clip6,27,player_bottom,4.090002363329083,8.125810188376049
game8/Clip6,27,player_top,10.225277893922097,19.197313843337916
game8/Clip6,28,player_bottom,4.087543115381616,8.123779530790681
game8/Clip6,28,player_top,10.392130858660286,19.21642763986371
game8/Clip6,29,player_bottom,4.085202450456516,8.122820842812644
game8/Clip6,29,player_top,10.486932151730132,19.120581706510052
game8/Clip6,30,player_bottom,4.0840580302803495,8.122970518142662
game8/Clip6,30,player_top,10.560114085425305,18.98387261157037
game8/Clip6,31,player_bottom,4.083358289848499,8.122136620822682
game8/Clip6,31,player_top,10.923097367610199,19.393451398370544
game8/Clip6,32,player_bottom,4.073483640722039,8.121385325323256
game8/Clip6,32,player_top,10.990280615073473,19.32268272728807
game8/Clip6,33,player_bottom,4.062239458111935,8.117600586279895
game8/Clip6,33,player_top,11.301315006551526,19.448509004728262
game8/Clip6,34,player_bottom,4.050304310120514,8.110411620115261
game8/Clip6,34,player_top,11.238095912311753,18.997976380224124
game8/Clip6,35,player_bottom,4.039453056899614,8.103290765465907
game8/Clip6,35,player_top,11.202105418424383,18.71067968822862
game8/Clip6,36,player_bottom,4.032838123727196,8.096979352100677
game8/Clip6,36,player_top,11.178190002764962,18.54336646586459
game8/Clip6,37,player_bottom,4.0315175888883195,8.094209260375397
game8/Clip6,37,player_top,11.227630733912488,18.40214034225353
game8/Clip6,38,player_bottom,4.038643940351616,8.092810782283047
game8/Clip6,38,player_top,11.367003268299063,18.43530309431424
game8/Clip6,39,player_bottom,4.039340515992468,8.091703761966247
game8/Clip6,39,player_top,11.484310990136034,18.475112116143563
game8/Clip6,40,player_bottom,4.029516394784396,8.09116555925686
game8/Clip6,40,player_top,11.563911624693441,18.52649271419373
game8/Clip6,41,player_bottom,4.003608777105797,8.094447776420536
game8/Clip6,41,player_top,11.61978965701159,18.578554702471905
game8/Clip6,42,player_bottom,3.9698593755462386,8.099756366839062
game8/Clip6,42,player_top,11.523089980900373,18.604231578512973
game8/Clip6,43,player_bottom,3.9439190257150987,8.104218752569142
game8/Clip6,43,player_top,11.476896867042242,18.647167724433604
game8/Clip6,44,player_bottom,3.9247947820118005,8.108266741748691
game8/Clip6,44,player_top,11.44425579881135,18.706433665394226
game8/Clip6,45,player_bottom,3.8897512747373333,8.130625951225484
game8/Clip6,45,player_top,11.627459808281348,19.184439013495336
game8/Clip6,46,player_bottom,3.85273693099674,8.13635629685138
game8/Clip6,46,player_top,11.736820483654357,19.707245795989902
game8/Clip6,47,player_bottom,3.8250918167110246,8.138745998987067
game8/Clip6,47,player_top,11.386981443731504,19.51074596650721
game8/Clip6,48,player_bottom,3.793990856786168,8.142595367396028
game8/Clip6,48,player_top,11.158703767363198,19.44745428406406
game8/Clip6,49,player_bottom,3.768449541518233,8.146208788459143
game8/Clip6,49,player_top,12.099790334536891,21.600389432284267
game8/Clip6,50,player_bottom,3.7440185123773566,8.151430750757376
game8/Clip6,50,player_top,11.85595116550405,21.68263144596054
game8/Clip6,51,player_bottom,3.710769197384024,8.16306982074492
game8/Clip6,51,player_top,10.959643281865562,20.4026091977192
game8/Clip6,52,player_bottom,3.6837941503378215,8.165718888012359
game8/Clip6,52,player_top,10.621890787572058,20.041475087011875
game8/Clip6,53,player_bottom,3.6469898147358393,8.160358860788927
game8/Clip6,53,player_top,10.393528507733699,19.88135225183516
game8/Clip6,54,player_bottom,3.623632399483576,8.159590398253075
game8/Clip6,54,player_top,10.039954999605385,19.719594486037984
game8/Clip6,55,player_bottom,3.5956391160179457,8.16298206426826
game8/Clip6,55,player_top,9.701376835981455,19.45386546279243
game8/Clip6,56,player_bottom,3.5470719554234,8.170199659780756
game8/Clip6,56,player_top,9.386634707331574,19.155563215299956
game8/Clip6,57,player_bottom,3.51978264810611,8.174325580213976
game8/Clip6,57,player_top,9.165719772085815,18.985179550269933
game8/Clip6,58,player_bottom,3.492479073978505,8.179655353330496
game8/Clip6,58,player_top,8.986670139369428,18.95949715317985
game8/Clip6,59,player_bottom,3.4726833746843577,8.182456565347277
game8/Clip6,59,player_top,8.80664664515375,18.981874550949485
game8/Clip6,60,player_bottom,3.436189806657534,8.190576345342368
game8/Clip6,60,player_top,8.52195607597425,18.98554146024889
game8/Clip6,61,player_bottom,3.407521420032972,8.196215982638973
game8/Clip6,61,player_top,8.237255474298667,18.77153321103843
game8/Clip6,62,player_bottom,3.3834683677629287,8.2011786905879
game8/Clip6,62,player_top,7.960675272502627,18.425929953384177
game8/Clip6,63,player_bottom,3.367833920588005,8.204333453884061
game8/Clip6,63,player_top,7.816580996312704,18.50288455566087
game8/Clip6,64,player_bottom,3.358100911175293,8.20571270529325
game8/Clip6,64,player_top,7.651454471911863,18.5150331792895
game8/Clip6,65,player_bottom,3.3462658870297544,8.207742665962586
game8/Clip6,65,player_top,7.460866210897236,18.511982293769638
game8/Clip6,66,player_bottom,3.33355840550594,8.210560032481359
game8/Clip6,66,player_top,7.011506688825002,17.533858397536008
game8/Clip6,67,player_bottom,3.319287934647742,8.213269559779764
game8/Clip6,67,player_top,6.777061132005673,17.149447538173828
game8/Clip6,68,player_bottom,3.304565088941331,8.215883088520014
game8/Clip6,68,player_top,6.629776216005376,16.947245182167578
game8/Clip6,69,player_bottom,3.2951916034712303,8.217226446035598
game8/Clip6,69,player_top,6.5044035575430605,16.845723675098277
game8/Clip6,70,player_bottom,3.285385499712432,8.220387737693923
game8/Clip6,70,player_top,6.355148178808925,16.679127580080838
game8/Clip6,71,player_bottom,3.2729677354639706,8.22323559263975
game8/Clip6,71,player_top,6.254872191829891,16.672259247169844
game8/Clip6,72,player_bottom,3.2592211258177226,8.226180821046345
game8/Clip6,72,player_top,6.127327182358275,16.669690946906147
game8/Clip6,73,player_bottom,3.243898684529838,8.22780704040941
game8/Clip6,73,player_top,6.010635163050999,16.690721263357734
game8/Clip6,74,player_bottom,3.228261259776816,8.228393133241124
game8/Clip6,74,player_top,5.902963396414828,16.668566919879122
game8/Clip6,75,player_bottom,3.2124340000417293,8.230450047291255
game8/Clip6,75,player_top,5.854117351800283,16.666130783014534
game8/Clip6,76,player_bottom,3.195768023313728,8.232796518746545
game8/Clip6,76,player_top,5.812996358948458,16.680213040261965
game8/Clip6,77,player_bottom,3.1854115815685664,8.234836357454231
game8/Clip6,77,player_top,5.768812960087873,16.65386937749057
game8/Clip6,78,player_bottom,3.1803208642660046,8.235753428915132
game8/Clip6,78,player_top,5.734892718777565,16.716771228155675
game8/Clip6,79,player_bottom,3.1792720265948198,8.235281186228958
game8/Clip6,79,player_top,5.67430715840802,16.760479915098536
game8/Clip6,80,player_bottom,3.1796191407387697,8.234881184253343
game8/Clip6,80,player_top,5.589374942367809,16.768134032822434
game8/Clip6,81,player_bottom,3.174586967007585,8.235754505685614
game8/Clip6,81,player_top,5.528461491528147,16.896069379566473
game8/Clip6,82,player_bottom,3.171829517726889,8.236130238876063
game8/Clip6,82,player_top,5.452442235788113,16.87360844108587
game8/Clip6,83,player_bottom,3.1642377598702227,8.237462594316375
game8/Clip6,83,player_top,5.3952561654234445,16.90828299558204
game8/Clip6,84,player_bottom,3.155881127731073,8.238424038355777
game8/Clip6,84,player_top,5.29222310745366,16.944974304736082
game8/Clip6,85,player_bottom,3.1465511438782903,8.239368604959159
game8/Clip6,85,player_top,5.209214281464572,16.96248259032443
game8/Clip6,86,player_bottom,3.1465511438782903,8.239368604959159
game8/Clip6,86,player_top,5.148543778480371,17.04361011343516
game8/Clip6,87,player_bottom,3.1465511438782903,8.239368604959159
game8/Clip6,87,player_top,5.1236894653178044,17.031003771999156
game8/Clip6,88,player_bottom,3.1465511438782903,8.239368604959159
game8/Clip6,88,player_top,5.082162192396418,16.987976969578444
game8/Clip6,89,player_bottom,3.1465511438782903,8.239368604959159
game8/Clip6,89,player_top,5.057878408034412,16.92634614597801
game8/Clip6,90,player_bottom,3.1465511438782903,8.239368604959159
game8/Clip6,90,player_top,5.031958697308395,16.956867103331177
game8/Clip6,91,player_bottom,3.1465511438782903,8.239368604959159
game8/Clip6,91,player_top,5.004103983854298,17.071302931356012
game8/Clip6,92,player_bottom,3.1465511438782903,8.239368604959159
game8/Clip6,92,player_top,4.946968628713835,17.04490002421811
game8/Clip6,93,player_bottom,3.1465511438782903,8.239368604959159
game8/Clip6,93,player_top,4.890280732550898,17.06855607787892
game8/Clip6,94,player_bottom,3.1465511438782903,8.239368604959159
game8/Clip6,94,player_top,4.843133235245945,17.111454139227
game8/Clip6,95,player_bottom,3.1465511438782903,8.239368604959159
game8/Clip6,95,player_top,4.792772645800654,17.18247342386344
game8/Clip6,96,player_bottom,3.1465511438782903,8.239368604959159
game8/Clip6,96,player_top,4.757347721885929,17.237146484966132
game8/Clip6,97,player_bottom,3.1465511438782903,8.239368604959159
game8/Clip6,97,player_top,4.71887353849839,17.247491926017396
game8/Clip6,98,player_bottom,3.1465511438782903,8.239368604959159
game8/Clip6,98,player_top,4.690666488179297,17.319347799695624
game8/Clip6,99,player_bottom,3.1465511438782903,8.239368604959159
game8/Clip6,99,player_top,4.630923845362484,17.312882778185656
game8/Clip6,100,player_bottom,3.1465511438782903,8.239368604959159
game8/Clip6,100,player_top,4.593494790793532,17.350375756320908
game8/Clip6,101,player_bottom,3.1465511438782903,8.239368604959159
game8/Clip6,101,player_top,4.543618311679882,17.3406056309398
game8/Clip6,102,player_bottom,3.1465511438782903,8.239368604959159
game8/Clip6,102,player_top,4.51729709555026,17.3017369206893
game8/Clip6,103,player_bottom,3.1465511438782903,8.239368604959159
game8/Clip6,103,player_top,4.495739759196608,17.419821849724674
game8/Clip6,104,player_bottom,3.1465511438782903,8.239368604959159
game8/Clip6,104,player_top,4.4740460895575165,17.53939152373165
game8/Clip6,105,player_bottom,3.1465511438782903,8.239368604959159
game8/Clip6,105,player_top,4.447018876734781,17.850338644731078
game8/Clip6,106,player_bottom,3.1465511438782903,8.239368604959159
game8/Clip6,106,player_top,4.407586612104414,18.18404486622324
game8/Clip6,107,player_bottom,3.1465511438782903,8.239368604959159
game8/Clip6,107,player_top,4.364923361167019,18.859372178870498
game8/Clip6,108,player_bottom,3.1465511438782903,8.239368604959159
game8/Clip6,108,player_top,4.321317148085576,19.134560613013864
game8/Clip6,109,player_bottom,3.1465511438782903,8.239368604959159
game8/Clip6,109,player_top,4.276465017069864,19.160043755986212
game8/Clip6,110,player_bottom,3.1465511438782903,8.239368604959159
game8/Clip6,110,player_top,4.24273433886332,19.19913879995091
game8/Clip6,111,player_bottom,3.1465511438782903,8.239368604959159
game8/Clip6,111,player_top,4.209816366572661,19.25895665009824
game8/Clip6,112,player_bottom,3.1465511438782903,8.239368604959159
game8/Clip6,112,player_top,4.165836424386153,19.429525677438185
game8/Clip6,113,player_bottom,3.1465511438782903,8.239368604959159
game8/Clip6,113,player_top,4.0994947926334575,19.60428187216824
game8/Clip6,114,player_bottom,3.1465511438782903,8.239368604959159
game8/Clip6,114,player_top,4.044206088572582,19.76773610063606
game8/Clip6,115,player_bottom,3.1465511438782903,8.239368604959159
game8/Clip6,115,player_top,4.005943752941242,19.746415941702672
game8/Clip6,116,player_bottom,3.1465511438782903,8.239368604959159
game8/Clip6,116,player_top,3.9791120515212133,19.916500135234386
game8/Clip6,117,player_bottom,3.1465511438782903,8.239368604959159
game8/Clip6,117,player_top,3.9525262221602415,19.838663363313504
game8/Clip6,118,player_bottom,3.1465511438782903,8.239368604959159
game8/Clip6,118,player_top,3.9442984835191246,19.86541861496189
game8/Clip6,119,player_bottom,3.1465511438782903,8.239368604959159
game8/Clip6,119,player_top,3.922279509813977,19.973000868045922
game8/Clip6,120,player_bottom,3.1465511438782903,8.239368604959159
game8/Clip6,120,player_top,3.891708588317199,20.25396016376248
game8/Clip6,121,player_bottom,3.1465511438782903,8.239368604959159
game8/Clip6,121,player_top,3.8427749758332252,20.9261059952544
game8/Clip6,122,player_bottom,3.1465511438782903,8.239368604959159
game8/Clip6,122,player_top,3.793101503183229,21.535368558159426
game8/Clip6,123,player_bottom,3.1465511438782903,8.239368604959159
game8/Clip6,123,player_top,3.7433346617512617,21.983840882110673
game8/Clip6,124,player_bottom,3.1465511438782903,8.239368604959159
game8/Clip6,124,player_top,3.7126773474291626,22.267564267055747
game8/Clip6,125,player_bottom,3.1465511438782903,8.239368604959159
game8/Clip6,125,player_top,3.6850769421153933,22.591118949870886
game8/Clip6,126,player_bottom,3.1465511438782903,8.239368604959159
game8/Clip6,126,player_top,3.6695045670630764,22.591546254687472
game8/Clip6,127,player_bottom,3.1465511438782903,8.239368604959159
game8/Clip6,127,player_top,3.641774256762129,22.8282423367807
game8/Clip6,128,player_bottom,3.1465511438782903,8.239368604959159
game8/Clip6,128,player_top,3.6126754738630953,23.08111617047363
game8/Clip6,129,player_bottom,3.1465511438782903,8.239368604959159
game8/Clip6,129,player_top,3.597800708385372,23.204470970713004
game8/Clip6,130,player_bottom,3.1465511438782903,8.239368604959159
game8/Clip6,130,player_top,3.5823880405150628,23.490935186736568
game8/Clip7,0,player_bottom,4.063601908942587,8.138450657362332
game8/Clip7,0,player_top,11.969555430952939,26.693510622249487
game8/Clip7,1,player_bottom,4.063601908942587,8.138450657362332
game8/Clip7,1,player_top,11.969555430952939,26.693510622249487
game8/Clip7,2,player_bottom,4.059857659776428,8.139226251685344
game8/Clip7,2,player_top,11.981717720736283,26.73160927221504
game8/Clip7,3,player_bottom,4.067495525624077,8.137127665696402
game8/Clip7,3,player_top,11.972380273730451,26.70687978708029
game8/Clip7,4,player_bottom,4.07079484489751,8.136810920595607
game8/Clip7,4,player_top,11.975757011657594,26.71710123959924
game8/Clip7,5,player_bottom,4.070557637195528,8.14859056241332
game8/Clip7,5,player_top,11.959724884585649,26.669182884780643
game8/Clip7,6,player_bottom,4.072330826169435,8.156443566194516
game8/Clip7,6,player_top,11.918003282163495,26.558233090607164
game8/Clip7,7,player_bottom,4.080692836613119,8.163989540364383
game8/Clip7,7,player_top,11.917938865693431,26.574896794501296
game8/Clip7,8,player_bottom,4.09333014970743,8.162659657278963
game8/Clip7,8,player_top,11.87994708633582,26.521157719213754
game8/Clip7,9,player_bottom,4.099091665549073,8.16339763774488
game8/Clip7,9,player_top,11.86075797555884,26.542743833721424
game8/Clip7,10,player_bottom,4.102175781366624,8.163923569454631
game8/Clip7,10,player_top,11.769820799402758,26.694075794339103
game8/Clip7,11,player_bottom,4.097853201679629,8.170379260453238
game8/Clip7,11,player_top,11.67456578357716,26.941128479882288
game8/Clip7,12,player_bottom,4.092759737666151,8.171907541599362
game8/Clip7,12,player_top,11.185530892992807,25.943099582902914
game8/Clip7,13,player_bottom,4.090417385032456,8.172208823151779
game8/Clip7,13,player_top,11.028215651827518,25.690379002501004
game8/Clip7,14,player_bottom,4.0896495677817395,8.172284713996518
game8/Clip7,14,player_top,10.91160434840932,25.401317541039525
game8/Clip7,15,player_bottom,4.083840075809609,8.17342338281942
game8/Clip7,15,player_top,10.891486076544094,25.342955205658154
game8/Clip7,16,player_bottom,4.082042096312883,8.173420409177803
game8/Clip7,16,player_top,10.79160074605808,25.233946867313104
game8/Clip7,17,player_bottom,4.081684147381404,8.172990382547134
game8/Clip7,17,player_top,10.689742274922429,25.13886563765841
game8/Clip7,18,player_bottom,4.0825466130485255,8.172447787113363
game8/Clip7,18,player_top,10.435154638477242,25.14964963250038
game8/Clip7,19,player_bottom,4.084526347999582,8.172024837160349
game8/Clip7,19,player_top,10.34990573325189,25.69177761049756
game8/Clip7,20,player_bottom,4.087257986410452,8.172797843937174
game8/Clip7,20,player_top,10.240612902840077,26.063819064976823
game8/Clip7,21,player_bottom,4.09515362577238,8.170753916039489
game8/Clip7,21,player_top,10.19029994817267,26.63075859492959
game8/Clip7,22,player_bottom,4.108206496314974,8.164901162521218
game8/Clip7,22,player_top,10.03066256679978,26.746360920434007
game8/Clip7,23,player_bottom,4.119001746287777,8.159621461893897
game8/Clip7,23,player_top,10.073354877049974,27.576610233455256
game8/Clip7,24,player_bottom,4.124120581001348,8.154975257182517
game8/Clip7,24,player_top,9.227125748892666,25.973806502164386
game8/Clip7,25,player_bottom,4.129155003659495,8.14772569758657
game8/Clip7,25,player_top,8.612847251113639,24.757327326348715
game8/Clip7,26,player_bottom,4.132364930464763,8.144632081960395
game8/Clip7,26,player_top,8.345347814530015,24.9915216337309
game8/Clip7,27,player_bottom,4.138610254476234,8.14179705670698
game8/Clip7,27,player_top,8.192386523612145,25.961889089587064
game8/Clip7,28,player_bottom,4.141189074850612,8.140762948064383
game8/Clip7,28,player_top,7.999589557374913,26.699345121183782
game8/Clip7,29,player_bottom,4.143768948834718,8.139928257558108
game8/Clip7,29,player_top,8.187499342892869,28.986325196210927
game8/Clip7,30,player_bottom,4.14483351614773,8.138683357232633
game8/Clip7,30,player_top,7.599948908412166,26.63879329147796
game8/Clip7,31,player_bottom,4.1454792036027515,8.134417399836902
game8/Clip7,31,player_top,6.814411055008577,23.450385809119187
game8/Clip7,32,player_bottom,4.146744482233556,8.128629969314948
game8/Clip7,32,player_top,5.937216302397018,21.418172246242886
game8/Clip7,33,player_bottom,4.150788761167075,8.120870244773284
game8/Clip7,33,player_top,5.605449218209909,20.723544973702367
game8/Clip7,34,player_bottom,4.151753183840297,8.111633529483843
game8/Clip7,34,player_top,5.444620224643833,20.595349410029474
game8/Clip7,35,player_bottom,4.154975080583917,8.102891122642921
game8/Clip7,35,player_top,5.3258184772688235,20.481018769276556
game8/Clip7,36,player_bottom,4.15721568613444,8.088649679773308
game8/Clip7,36,player_top,5.116228715911205,19.95983964495271
game8/Clip7,37,player_bottom,4.158156530757054,8.080158024064907
game8/Clip7,37,player_top,4.80498011981511,20.24861089981717
game8/Clip7,38,player_bottom,4.160626362932384,8.0757023971813
game8/Clip7,38,player_top,4.575807873290526,20.432847189208825
game8/Clip7,39,player_bottom,4.166389339057059,8.073347865801601
game8/Clip7,39,player_top,4.472468946796897,20.545634014266533
game8/Clip7,40,player_bottom,4.18568796053954,8.07022857788392
game8/Clip7,40,player_top,4.4223969431273895,20.87937102199527
game8/Clip7,41,player_bottom,4.218824226495931,8.065163310806472
game8/Clip7,41,player_top,4.338271516577886,21.510542366987465
game8/Clip7,42,player_bottom,4.255015424197104,8.060276972618043
game8/Clip7,42,player_top,4.219076939289764,22.582097671729596
game8/Clip7,43,player_bottom,4.280409659854798,8.062626043355614
game8/Clip7,43,player_top,4.080760527001873,23.437338608073507
game8/Clip7,44,player_bottom,4.297549753996248,8.071555334972675
game8/Clip7,44,player_top,3.9452685627431734,24.25319729994656
game8/Clip7,45,player_bottom,4.315650515116374,8.068339358168837
game8/Clip7,45,player_top,3.7103934396798643,24.606658405481518
game8/Clip7,46,player_bottom,4.325455650524994,8.073422548323084
game8/Clip7,46,player_top,3.5960033278406613,24.629118404537923
game8/Clip7,47,player_bottom,4.346324446275778,8.05974547454962
game8/Clip7,47,player_top,3.5536178116120887,24.57266825537248
game8/Clip7,48,player_bottom,4.36329014720578,8.048501741965563
game8/Clip7,48,player_top,3.51221888368733,24.465095216266427
game8/Clip7,49,player_bottom,4.37333344704691,8.042062280476959
game8/Clip7,49,player_top,3.4189967493216127,24.502816825716703
game8/Clip7,50,player_bottom,4.382041911472351,8.038585669765217
game8/Clip7,50,player_top,3.3173770392717694,24.50639507989799
game8/Clip7,51,player_bottom,4.382859139399365,8.037792240464242
game8/Clip7,51,player_top,3.229243432860827,24.619505157987724
game8/Clip7,52,player_bottom,4.383914898506864,8.037634633989564
game8/Clip7,52,player_top,3.143117990771607,24.60728212909515
game8/Clip7,53,player_bottom,4.388501398886061,8.036935336030508
game8/Clip7,53,player_top,3.1014584065528714,24.38241493280302
game8/Clip7,54,player_bottom,4.392872693950605,8.035869040872264
game8/Clip7,54,player_top,3.0900287557479613,24.285863878770062
game8/Clip7,55,player_bottom,4.394363328736564,8.03518528859865
game8/Clip7,55,player_top,3.0885418845861534,24.315800235772596
game8/Clip7,56,player_bottom,4.393196923890504,8.035738640816694
game8/Clip7,56,player_top,3.07386830359011,24.45882982293443
game8/Clip7,57,player_bottom,4.387891005618914,8.03642730706348
game8/Clip7,57,player_top,3.0239779258749575,24.709871538231248
game8/Clip7,58,player_bottom,4.386969134299999,8.036781511992874
game8/Clip7,58,player_top,2.9233311323228683,25.757721445008748
game8/Clip7,59,player_bottom,4.388751455857013,8.0380983424802
game8/Clip7,59,player_top,2.8612808360178965,26.166253859990732
game8/Clip7,60,player_bottom,4.386490864235622,8.038873245242954
game8/Clip7,60,player_top,2.8034391473947284,26.388026762051425
game8/Clip7,61,player_bottom,4.386998229991495,8.041073727637276
game8/Clip7,61,player_top,2.7776293586441287,26.54944252656185
game8/Clip7,62,player_bottom,4.3865226434480356,8.041573584846635
game8/Clip7,62,player_top,2.748092689646097,26.563289657300047
game8/Clip7,63,player_bottom,4.38621952186883,8.037215883348685
game8/Clip7,63,player_top,2.7425592389475235,26.63788439701569
game8/Clip7,64,player_bottom,4.385031231998098,8.033636807017343
game8/Clip7,64,player_top,2.813372633051739,26.61214114931383
game8/Clip7,65,player_bottom,4.384455563390606,8.021634502374695
game8/Clip7,65,player_top,2.806323606738227,26.77535341145588
game8/Clip7,66,player_bottom,4.384547996192035,8.01444561288504
game8/Clip7,66,player_top,2.610434352830371,27.767741455689773
game8/Clip7,67,player_bottom,4.385447670682154,8.009039161347728
game8/Clip7,67,player_top,1.5489566908697359,30.874600779469887
game8/Clip7,68,player_bottom,4.3858458074364695,8.005436043198014
game8/Clip7,68,player_top,1.0013771457671397,32.58804097511441
game8/Clip7,69,player_bottom,4.383620455570201,8.004663920051124
game8/Clip7,69,player_top,0.6854363156329139,33.175627802761184
game8/Clip7,70,player_bottom,4.377777561855974,8.005100362123471
game8/Clip7,70,player_top,0.6302923134637552,32.22421551198653
game8/Clip7,71,player_bottom,4.370636026150667,8.00720029624564
game8/Clip7,71,player_top,0.369982760782378,31.869581902033836
game8/Clip7,72,player_bottom,4.35978157004394,8.009996982440846
game8/Clip7,72,player_top,0.25592940956595717,32.018569460754655
game8/Clip7,73,player_bottom,4.350467969469289,8.01312995119058
game8/Clip7,73,player_top,0.3105755704095445,29.834448636298898
game8/Clip7,74,player_bottom,4.339424376632812,8.015155340790779
game8/Clip7,74,player_top,0.40370061090695974,27.495117274528617
game8/Clip7,75,player_bottom,4.326639072837461,8.018281174700459
game8/Clip7,75,player_top,0.07446803291868441,26.47713960224566
game8/Clip7,76,player_bottom,4.31364945401884,8.019989398493596
game8/Clip7,76,player_top,-0.11075992610153071,25.93359866843406
game8/Clip7,77,player_bottom,4.304983636016822,8.019218729386761
game8/Clip7,77,player_top,-0.5097075449752206,25.994436346910714
game8/Clip7,78,player_bottom,4.301389237948682,8.016474520314347
game8/Clip7,78,player_top,-0.9176558214094463,26.540506056404077
game8/Clip7,79,player_bottom,4.300084898701759,8.01459830980696
game8/Clip7,79,player_top,-1.1198132100205562,26.4523621431632
game8/Clip7,80,player_bottom,4.30092303273384,8.013982021725473
game8/Clip7,80,player_top,-1.1961693801747504,25.682001237067016
game8/Clip7,81,player_bottom,4.301990442084766,8.014441696307847
game8/Clip7,81,player_top,-1.0472547184114926,24.68614027948737
game8/Clip7,82,player_bottom,4.30571966054099,8.014612485082372
game8/Clip7,82,player_top,-0.8232945472762355,23.790234220210714
game8/Clip7,83,player_bottom,4.317936684636591,8.010305189896094
game8/Clip7,83,player_top,-0.44433285739675143,22.27923728073361
game8/Clip7,84,player_bottom,4.333747087130455,8.004767647450835
game8/Clip7,84,player_top,-0.6150150547989617,22.493239011178805
game8/Clip7,85,player_bottom,4.3443182627339665,7.99877243284013
game8/Clip7,85,player_top,-0.14539193968054812,20.488386607849353
game8/Clip7,86,player_bottom,4.349393881743428,7.995350847715219
game8/Clip7,86,player_top,-0.045987122067321674,19.705005171587892
game8/Clip7,87,player_bottom,4.35140592477478,7.994521404220583
game8/Clip7,87,player_top,-0.050907866737261435,19.433130245416226
game8/Clip7,88,player_bottom,4.351462490416326,7.995595889202384
game8/Clip7,88,player_top,-0.034386846754888324,19.102697745134787
game8/Clip7,89,player_bottom,4.352542164313362,7.998607804131022
game8/Clip7,89,player_top,-0.03007076545768498,18.828163028092703
game8/Clip7,90,player_bottom,4.355173114404243,8.001867534577546
game8/Clip7,90,player_top,0.02133146307730894,18.470271339929255
game8/Clip7,91,player_bottom,4.363191485865258,8.00918784689635
game8/Clip7,91,player_top,0.007426578308260157,18.362248380705818
game8/Clip7,92,player_bottom,4.3706119678279265,8.012262994021425
game8/Clip7,92,player_top,-0.06221738107757213,18.305927716315228
game8/Clip7,93,player_bottom,4.377507274842211,8.013764270669823
game8/Clip7,93,player_top,-0.14438263550177857,18.419370060856004
game8/Clip7,94,player_bottom,4.388136300200755,8.011859746298521
game8/Clip7,94,player_top,-0.17965532055849168,18.389842779024846
game8/Clip7,95,player_bottom,4.398321731483548,8.008502526631002
game8/Clip7,95,player_top,-0.1848205915291368,18.29659363276627
game8/Clip7,96,player_bottom,4.407189953777263,8.00517585395869
game8/Clip7,96,player_top,-0.25898916529773935,18.437955222343774
game8/Clip7,97,player_bottom,4.413060342499297,8.000904076836676
game8/Clip7,97,player_top,-0.34559240871143543,18.625311338271022
game8/Clip7,98,player_bottom,4.419231381822001,7.9982239602301775
game8/Clip7,98,player_top,-0.2518426174765099,18.458846037417413
game8/Clip7,99,player_bottom,4.4217202816005505,7.997134612784337
game8/Clip7,99,player_top,-0.18876728058487197,18.349072339918894
game8/Clip7,100,player_bottom,4.421590027721446,7.997801729609961
game8/Clip7,100,player_top,-0.17640799538475616,18.31032372806045
game8/Clip7,101,player_bottom,4.4233672303174565,7.997620821930345
game8/Clip7,101,player_top,-0.01679666732606439,17.97040857212483
game8/Clip7,102,player_bottom,4.435689351546489,7.995891416453732
game8/Clip7,102,player_top,-0.0014288672552327465,17.980213505741258
game8/Clip7,103,player_bottom,4.4623785400276414,7.992611663431758
game8/Clip7,103,player_top,0.195640288787242,17.626215530808008
game8/Clip7,104,player_bottom,4.493933554782741,7.988079909751187
game8/Clip7,104,player_top,0.2057333364414694,17.732776432449665
game8/Clip7,105,player_bottom,4.534228154381309,7.981635960676381
game8/Clip7,105,player_top,0.007225152868141874,18.423300700323843
game8/Clip7,106,player_bottom,4.564191009203137,7.976763659400915
game8/Clip7,106,player_top,0.0892557176494948,18.298340929589045
game8/Clip7,107,player_bottom,4.584679074134866,7.974022355473396
game8/Clip7,107,player_top,0.20991906146992947,18.049595203835846
game8/Clip7,108,player_bottom,4.606008275786461,7.970312493389187
game8/Clip7,108,player_top,0.33685520621997905,17.856865042923886
game8/Clip7,109,player_bottom,4.629712589242404,7.966709085666264
game8/Clip7,109,player_top,0.40393658126066784,17.888571503145617
game8/Clip7,110,player_bottom,4.655027088236797,7.966228617302202
game8/Clip7,110,player_top,0.5109327861575714,17.832113932893176
game8/Clip7,111,player_bottom,4.682162689973674,7.964260012823684
game8/Clip7,111,player_top,0.7068036120883782,17.519007826672077
game8/Clip7,112,player_bottom,4.720432033502012,7.962728379016675
game8/Clip7,112,player_top,0.8147392641002754,17.381226280603478
game8/Clip7,113,player_bottom,4.755707991053698,7.959194937881905
game8/Clip7,113,player_top,0.9076391523930196,17.32668530590727
game8/Clip7,114,player_bottom,4.796136702449644,7.953151880531112
game8/Clip7,114,player_top,1.0160905772252782,17.291329694451765
game8/Clip7,115,player_bottom,4.835665068790984,7.946531994284921
game8/Clip7,115,player_top,1.1331205620640528,17.237257309319112
game8/Clip7,116,player_bottom,4.863034748011149,7.943251232908461
game8/Clip7,116,player_top,1.205564405746436,17.224923061355494
game8/Clip7,117,player_bottom,4.886296363649737,7.941939231376452
game8/Clip7,117,player_top,1.2261327017565697,17.317469271266805
game8/Clip7,118,player_bottom,4.90963903151857,7.940398399557494
game8/Clip7,118,player_top,1.196981035417355,17.54486975684026
game8/Clip7,119,player_bottom,4.938087894092076,7.941149276130565
game8/Clip7,119,player_top,1.153609786318599,17.93857081985024
game8/Clip7,120,player_bottom,4.961133954016797,7.9403413567790455
game8/Clip7,120,player_top,1.0705503785092596,18.471768135942096
game8/Clip7,121,player_bottom,4.981235150019009,7.934359003862998
game8/Clip7,121,player_top,0.9545830680150059,19.067147166207494
game8/Clip7,122,player_bottom,5.002759703568597,7.932301635809788
game8/Clip7,122,player_top,0.9184838777784488,19.381927083648588
game8/Clip7,123,player_bottom,5.017887258678227,7.9309485233672845
game8/Clip7,123,player_top,0.8920713267156849,19.62619678378873
game8/Clip7,124,player_bottom,5.031683205138622,7.930785985407112
game8/Clip7,124,player_top,0.9042337433435795,19.654626996295026
game8/Clip7,125,player_bottom,5.039964462765929,7.931093312992212
game8/Clip7,125,player_top,0.9156238569573505,19.652925299357975
game8/Clip7,126,player_bottom,5.053879282580786,7.92905453198216
game8/Clip7,126,player_top,0.9416336891053426,19.636270491235628
game8/Clip7,127,player_bottom,5.0732806158940615,7.927899194689678
game8/Clip7,127,player_top,0.9018381191200863,19.835932078690565
game8/Clip7,128,player_bottom,5.077120777885701,7.929546838822358
game8/Clip7,128,player_top,0.7533922262506146,20.38900320595642
game8/Clip7,129,player_bottom,5.086151553752881,7.928275749309685
game8/Clip7,129,player_top,0.5719085981893745,20.917359230594045
game8/Clip7,130,player_bottom,5.104100059847317,7.927436181831388
game8/Clip7,130,player_top,0.32239468292156614,21.895898390871583
game8/Clip7,131,player_bottom,5.131977766728481,7.928693955616902
game8/Clip7,131,player_top,0.0669076147237636,22.722894601437954
game8/Clip7,132,player_bottom,5.158544433285687,7.92427142566704
game8/Clip7,132,player_top,-0.09558554620199058,23.24604047964518
game8/Clip7,133,player_bottom,5.1806974333081435,7.916104734817639
game8/Clip7,133,player_top,-0.2501803604687455,23.767089775174266
game8/Clip7,134,player_bottom,5.193251162148921,7.901623212065471
game8/Clip7,134,player_top,-0.32766645833003527,24.01513647100914
game8/Clip7,135,player_bottom,5.210718532973029,7.891309835695758
game8/Clip7,135,player_top,-0.3391737229497931,24.031909904915572
game8/Clip7,136,player_bottom,5.2247676251782575,7.886611322598922
game8/Clip7,136,player_top,-0.3589122369626312,24.07521079180651
game8/Clip7,137,player_bottom,5.228805935077646,7.884054914101858
game8/Clip7,137,player_top,-0.38697917346324207,24.15721864281358
game8/Clip7,138,player_bottom,5.227777068909857,7.88301334269427
game8/Clip7,138,player_top,-0.38903916462212074,24.104372608099652
game8/Clip7,139,player_bottom,5.228152674501653,7.882381665475694
game8/Clip7,139,player_top,-0.4935385036728003,24.25972096835249
game8/Clip7,140,player_bottom,5.224992787453527,7.883503829661324
game8/Clip7,140,player_top,-0.6460674328817189,24.336650713411075
game8/Clip7,141,player_bottom,5.2190093998081455,7.885094052502399
game8/Clip7,141,player_top,-0.9102534365876049,24.53769284911892
game8/Clip7,142,player_bottom,5.192472786490439,7.888372033428156
game8/Clip7,142,player_top,-1.2241691574684885,25.060348227459034
game8/Clip7,143,player_bottom,5.179950266797997,7.887220429849217
game8/Clip7,143,player_top,-1.3597017269309002,24.994584871736635
game8/Clip7,144,player_bottom,5.173265607480608,7.887247013440038
game8/Clip7,144,player_top,-1.3983800896652847,24.846209865286887
game8/Clip7,145,player_bottom,5.16627369908448,7.887653993922171
game8/Clip7,145,player_top,-1.5163971260238993,24.788175527556835
game8/Clip7,146,player_bottom,5.157353715438595,7.888846254685572
game8/Clip7,146,player_top,-1.6118895598076801,24.6599419733422
game8/Clip7,147,player_bottom,5.1451117684034875,7.891320101178484
game8/Clip7,147,player_top,-1.692404089356645,24.5552897434341
game8/Clip7,148,player_bottom,5.131574494031468,7.897632605642693
game8/Clip7,148,player_top,-1.7178507526496287,24.4435556484528
game8/Clip7,149,player_bottom,5.109853671442555,7.899322166133741
game8/Clip7,149,player_top,-1.6839133777675588,24.399434377961413
game8/Clip7,150,player_bottom,5.0603186546039725,7.906534339746494
game8/Clip7,150,player_top,-1.7258731919367307,24.437119361600754
game8/Clip7,151,player_bottom,5.029018179194116,7.9107987187070155
game8/Clip7,151,player_top,-1.8442303155944877,24.449427614914825
game8/Clip7,152,player_bottom,5.009379924263886,7.913954242605444
game8/Clip7,152,player_top,-1.9746022855249188,24.553253151443794
game8/Clip7,153,player_bottom,4.983533641375205,7.906887641965555
game8/Clip7,153,player_top,-1.9898404227762578,24.540303169649746
game8/Clip7,154,player_bottom,4.957939934426628,7.905899385108388
game8/Clip7,154,player_top,-1.9737985533708855,24.593150713491305
game8/Clip7,155,player_bottom,4.941145102428983,7.9044311307848965
game8/Clip7,155,player_top,-2.112014689818328,24.90550106430217
game8/Clip7,156,player_bottom,4.924647929612954,7.904298260200123
game8/Clip7,156,player_top,-2.195193948412564,24.99011245207091
game8/Clip7,157,player_bottom,4.897112685347089,7.908797785010379
game8/Clip7,157,player_top,-2.179120623565183,24.75721742082988
game8/Clip7,158,player_bottom,4.872684795639584,7.91384983200738
game8/Clip7,158,player_top,-2.7655443365666925,26.031248778018174
game8/Clip7,159,player_bottom,4.850913202293071,7.916606219804907
game8/Clip7,159,player_top,-3.3217692402072276,26.495726728626934
game8/Clip7,160,player_bottom,4.8213566015197395,7.918334102183688
game8/Clip7,160,player_top,-3.9434206708810398,27.779609002590963
game8/Clip7,161,player_bottom,4.806469259802975,7.921663813379635
game8/Clip7,161,player_top,-3.649278319723613,27.527909531620594
game8/Clip7,162,player_bottom,4.7880917728862675,7.9239973312548475
game8/Clip7,162,player_top,-3.986652701289697,28.65674993186384
game8/Clip7,163,player_bottom,4.757828769233627,7.921787860323983
game8/Clip7,163,player_top,-4.407480871981152,29.410476647716322
game8/Clip7,164,player_bottom,4.723627368763471,7.921948945390136
game8/Clip7,164,player_top,-4.475910712276199,29.240564103650875
game8/Clip7,165,player_bottom,4.690514103489055,7.9225941356132985
game8/Clip7,165,player_top,-4.599748687132569,29.263127676311527
game8/Clip7,166,player_bottom,4.664720552273189,7.925225533507139
game8/Clip7,166,player_top,-4.5490551284331175,28.99692466454996
game8/Clip7,167,player_bottom,4.652714607681363,7.925723735489157
game8/Clip7,167,player_top,-4.57890896348988,28.921467177551918
game8/Clip7,168,player_bottom,4.64567830863963,7.920653671479362
game8/Clip7,168,player_top,-4.775415498029263,29.272560483996532
game8/Clip7,169,player_bottom,4.636700215385148,7.9196630343188055
game8/Clip7,169,player_top,-4.757611384008428,29.15662180720806
game8/Clip7,170,player_bottom,4.614265314920658,7.920697696823266
game8/Clip7,170,player_top,-4.775188983262418,29.139494415165565
game8/Clip7,171,player_bottom,4.580753799560539,7.925058707317022
game8/Clip7,171,player_top,-4.680687385665555,28.956571981391207
game8/Clip7,172,player_bottom,4.536970337171176,7.9323893825859475
game8/Clip7,172,player_top,-4.678743111030679,29.115645772305818
game8/Clip7,173,player_bottom,4.51584518036262,7.9363883926007945
game8/Clip7,173,player_top,-4.976467142323628,30.138729885456666
game8/Clip7,174,player_bottom,4.49495991366645,7.945490111366313
game8/Clip7,174,player_top,-4.741359396666535,30.329557139153042
game8/Clip7,175,player_bottom,4.4645073146711916,7.954097877800459
game8/Clip7,175,player_top,-4.34114761764075,30.140392331040726
game8/Clip7,176,player_bottom,4.436132547336854,7.954999273298555
game8/Clip7,176,player_top,-4.0170434666147905,30.23571174589009
game8/Clip7,177,player_bottom,4.3960008814750084,7.95962907154573
game8/Clip7,177,player_top,-3.371636618219216,29.319919493103093
game8/Clip7,178,player_bottom,4.35979757657084,7.963719065713075
game8/Clip7,178,player_top,-2.9205854169298497,28.590952898649785
game8/Clip7,179,player_bottom,4.3304316214089384,7.967149475223303
game8/Clip7,179,player_top,-2.484585762022629,27.915428914132335
game8/Clip7,180,player_bottom,4.29673406339728,7.975023075855552
game8/Clip7,180,player_top,-1.840887687501028,26.826093805912596
game8/Clip7,181,player_bottom,4.267019596359899,7.977137704764177
game8/Clip7,181,player_top,-1.4035129140470954,26.26052192716195
game8/Clip7,182,player_bottom,4.220964351384907,7.982464717500947
game8/Clip7,182,player_top,-1.1257579579448043,25.974546089352575
game8/Clip7,183,player_bottom,4.192682390497087,7.986772488642153
game8/Clip7,183,player_top,-0.8814971687104155,25.97775383117676
game8/Clip7,184,player_bottom,4.1606715818636255,7.99303006278617
game8/Clip7,184,player_top,-0.5230301147172445,25.718550517896723
game8/Clip7,185,player_bottom,4.136257200868397,7.996452351048509
game8/Clip7,185,player_top,-0.27529268899410836,25.46140203647796
game8/Clip7,186,player_bottom,4.106866915802278,8.000827727647717
game8/Clip7,186,player_top,-0.15042713314677134,25.453412800033686
game8/Clip7,187,player_bottom,4.075520841810844,8.006924808300873
game8/Clip7,187,player_top,0.07619362968554812,25.656314321530846
game8/Clip7,188,player_bottom,4.049090658296032,8.012960302792075
game8/Clip7,188,player_top,0.2547851923506818,25.56953129738988
game8/Clip7,189,player_bottom,4.025253911007865,8.020819749463298
game8/Clip7,189,player_top,0.5653155647438939,24.898530159717403
game8/Clip7,190,player_bottom,4.004670232427643,8.027206592741537
game8/Clip7,190,player_top,0.9192086625842459,24.269799520969368
game8/Clip7,191,player_bottom,3.9862896668309133,8.032700026025871
game8/Clip7,191,player_top,1.2340017200990823,24.114611772525144
game8/Clip7,192,player_bottom,3.9714454277541993,8.036303580381235
game8/Clip7,192,player_top,1.4730637053900688,24.111473356737424
game8/Clip7,193,player_bottom,3.9622988616075525,8.039657797220915
game8/Clip7,193,player_top,1.6300985338169383,24.083634714050653
game8/Clip7,194,player_bottom,3.9479205333823115,8.043069446032092
game8/Clip7,194,player_top,1.6776323557863444,24.215288039258404
game8/Clip7,195,player_bottom,3.92962155552528,8.046458401186378
game8/Clip7,195,player_top,1.7577343059111157,24.32940790786153
game8/Clip7,196,player_bottom,3.9109689491423514,8.049078159294279
game8/Clip7,196,player_top,1.9157554324465143,24.296192285758206
game8/Clip7,197,player_bottom,3.8916238623652446,8.053966780366618
game8/Clip7,197,player_top,2.107274961471911,24.581211878259367
game8/Clip7,198,player_bottom,3.888305386302665,8.053858776652453
game8/Clip7,198,player_top,2.4017776245710287,24.36922793541209
game8/Clip7,199,player_bottom,3.877204938223492,8.053263183042153
game8/Clip7,199,player_top,2.693618329168525,23.741705412941894
game8/Clip7,200,player_bottom,3.8620841243401416,8.056047651642817
game8/Clip7,200,player_top,2.8849260532325616,23.341694553990507
game8/Clip7,201,player_bottom,3.844920980908104,8.058762919202314
game8/Clip7,201,player_top,2.9818923981798258,23.22526980447238
game8/Clip7,202,player_bottom,3.8205883789453208,8.0637907439299
game8/Clip7,202,player_top,3.0843870870813115,23.208357330187145
game8/Clip7,203,player_bottom,3.8023554811432074,8.06753754981073
game8/Clip7,203,player_top,3.1571451100917836,23.18699522179381
game8/Clip7,204,player_bottom,3.8016929515909488,8.064010225580164
game8/Clip7,204,player_top,3.1828744153321953,23.17823734849391
game8/Clip7,205,player_bottom,3.79979814593034,8.062292658294014
game8/Clip7,205,player_top,3.1807044584961237,23.131873156746572
game8/Clip7,206,player_bottom,3.7925537285156232,8.062993836718023
game8/Clip7,206,player_top,3.135662983410904,23.099662228568032
game8/Clip7,207,player_bottom,3.7888167562387136,8.063412203780263
game8/Clip7,207,player_top,3.0692108396243456,23.06603548786296
game8/Clip7,208,player_bottom,3.7843183769753055,8.064563801503446
game8/Clip7,208,player_top,2.995364865148262,22.99299816137527
game8/Clip7,209,player_bottom,3.781823229212383,8.06523461830305
game8/Clip7,209,player_top,2.921075781641883,23.017757902006586
game8/Clip7,210,player_bottom,3.7815488898400367,8.06754609846322
game8/Clip7,210,player_top,2.855701844603208,23.003219915750673
game8/Clip7,211,player_bottom,3.778544865442525,8.069749045165125
game8/Clip7,211,player_top,2.7592545274132303,23.11940412756766
game8/Clip7,212,player_bottom,3.7714155825763704,8.073505690984826
game8/Clip7,212,player_top,2.544126937659845,23.54538353862167
game8/Clip7,213,player_bottom,3.7653945947315695,8.077962230420718
game8/Clip7,213,player_top,2.282791049175264,23.868459160078718
game8/Clip7,214,player_bottom,3.7607698784911237,8.07874470761056
game8/Clip7,214,player_top,1.9355067557778431,24.28253167894142
game8/Clip7,215,player_bottom,3.7592795990107164,8.079146084699289
game8/Clip7,215,player_top,1.5903486148611465,24.345330311040772
game8/Clip7,216,player_bottom,3.764767145604212,8.076111558470966
game8/Clip7,216,player_top,1.2080774973407096,24.380689068041917
game8/Clip7,217,player_bottom,3.7598584880718158,8.07602113856019
game8/Clip7,217,player_top,0.986195685407826,24.381703463992263
game8/Clip7,218,player_bottom,3.7608201013519995,8.07600360039166
game8/Clip7,218,player_top,0.7968600567511643,24.369892454265273
game8/Clip7,219,player_bottom,3.7624520041054943,8.078671216785853
game8/Clip7,219,player_top,0.6172101064087959,24.350701976074546
game8/Clip7,220,player_bottom,3.7670298110199383,8.079723342742096
game8/Clip7,220,player_top,0.45351349716025546,24.182595790275215
game8/Clip7,221,player_bottom,3.772605504240888,8.08019632402822
game8/Clip7,221,player_top,0.18899951046689586,24.058371622670204
game8/Clip7,222,player_bottom,3.7898827812385973,8.077852459804921
game8/Clip7,222,player_top,-0.077889847613308,23.937735730643293
game8/Clip7,223,player_bottom,3.814223231218356,8.073609138366155
game8/Clip7,223,player_top,-0.4932292343257465,23.375155770856917
game8/Clip7,224,player_bottom,3.8428544523249903,8.068985149531107
game8/Clip7,224,player_top,-0.7410363223605919,23.35570053881439
game8/Clip7,225,player_bottom,3.867924107866808,8.06501201680486
game8/Clip7,225,player_top,-1.0625948767194004,23.509241103321788
game8/Clip7,226,player_bottom,3.883291897404186,8.063644286073437
game8/Clip7,226,player_top,-1.2561557014837819,23.616354990573683
game8/Clip7,227,player_bottom,3.894074085630376,8.069024911760408
game8/Clip7,227,player_top,-1.7251468318319496,24.06142403414859
game8/Clip7,228,player_bottom,3.910171014953759,8.070895250887139
game8/Clip7,228,player_top,-2.746427019384201,26.048225794934684
game8/Clip7,229,player_bottom,3.9300266409819233,8.075690066527905
game8/Clip7,229,player_top,-3.789886674951049,27.3628859942988
game8/Clip7,230,player_bottom,3.9480410136378556,8.074795429140229
game8/Clip7,230,player_top,-4.612433782516719,28.46885161672367
game8/Clip7,231,player_bottom,3.9656578342704174,8.072873550791142
game8/Clip7,231,player_top,-5.272545261394555,28.99132160291306
game8/Clip7,232,player_bottom,3.9930437574621447,8.069949009300656
game8/Clip7,232,player_top,-4.958378828275751,27.567477196854522
game8/Clip7,233,player_bottom,4.020675135886612,8.064810188213173
game8/Clip7,233,player_top,-4.778470565095921,26.6070149090403
game8/Clip7,234,player_bottom,4.039110471043699,8.06348587741758
game8/Clip7,234,player_top,-4.5598537630966005,25.9221598816548
game8/Clip7,235,player_bottom,4.049636150917765,8.063355175294303
game8/Clip7,235,player_top,-4.808227609348653,25.750938322148524
game8/Clip7,236,player_bottom,4.061887060602037,8.06264101074306
game8/Clip7,236,player_top,-5.3075607283567585,26.262370379615895
game8/Clip7,237,player_bottom,4.076796324740455,8.060376659766074
game8/Clip7,237,player_top,-5.990924484471045,27.32437449504875
game8/Clip7,238,player_bottom,4.100645278028451,8.0576674129842
game8/Clip7,238,player_top,-7.159592434055418,29.443932743531498
game8/Clip7,239,player_bottom,4.127345811738865,8.053638180797279
game8/Clip7,239,player_top,-8.215291005381449,31.135832226222504
game8/Clip7,240,player_bottom,4.153465937197937,8.049531697984179
game8/Clip7,240,player_top,-9.078440819464255,32.231115774443985
game8/Clip7,241,player_bottom,4.173939335668796,8.044901719956357
game8/Clip7,241,player_top,-10.083625431185162,33.89351621600264
game8/Clip7,242,player_bottom,4.194037019932986,8.040125948836456
game8/Clip7,242,player_top,-11.149189703386801,35.8394213168985
game8/Clip7,243,player_bottom,4.21380449857806,8.038243754815811
game8/Clip7,243,player_top,-13.870777300646008,40.79250270959143
game8/Clip7,244,player_bottom,4.233960824560781,8.035424717867643
game8/Clip7,244,player_top,-17.673441794037792,47.46207652555854
game8/Clip7,245,player_bottom,4.262528697013599,8.027092378898892
game8/Clip7,245,player_top,-17.534505036891616,46.665193369127714
game8/Clip7,246,player_bottom,4.295509004050471,8.015724577606148
game8/Clip7,246,player_top,-18.015240702523826,47.1568397260995
game8/Clip7,247,player_bottom,4.3209178744075345,8.00839572678016
game8/Clip7,247,player_top,-17.434054005263228,45.88110246547626
game8/Clip7,248,player_bottom,4.3364261383242315,8.005043950423696
game8/Clip7,248,player_top,-17.407710705503746,45.42936439322433
game8/Clip7,249,player_bottom,4.347474710552892,8.00464869134532
game8/Clip7,249,player_top,-17.482633201982708,45.10227603559364
game8/Clip7,250,player_bottom,4.356686456282714,8.007100072750768
game8/Clip7,250,player_top,-17.956744443174,45.56028310539595
game8/Clip7,251,player_bottom,4.370676496297322,8.006319672661709
game8/Clip7,251,player_top,-18.108707320541043,45.750066394227765
game8/Clip7,252,player_bottom,4.395421801587866,8.003132134479328
game8/Clip7,252,player_top,-18.965664778104458,47.04100928579046
game8/Clip7,253,player_bottom,4.4234222641798215,7.999374007073731
game8/Clip7,253,player_top,-19.24853320515096,47.48043244080967
game8/Clip7,254,player_bottom,4.4674354271445,7.991609273859642
game8/Clip7,254,player_top,-18.687302970802314,46.697464894663085
game8/Clip7,255,player_bottom,4.495975377706816,7.987471481421261
game8/Clip7,255,player_top,-18.24451151928156,46.19786514685266
game8/Clip7,256,player_bottom,4.51599506025598,7.98505588826989
game8/Clip7,256,player_top,-17.845388084664755,46.0126148603968
game8/Clip7,257,player_bottom,4.547151659654104,7.979800082361605
game8/Clip7,257,player_top,-16.931075158170838,44.9205381942115
game8/Clip7,258,player_bottom,4.57745764609212,7.98243173649843
game8/Clip7,258,player_top,-16.324226310967614,43.99733146629922
game8/Clip7,259,player_bottom,4.608396555481158,7.994563415893358
game8/Clip7,259,player_top,-16.19190721635657,44.55128855738871
game8/Clip7,260,player_bottom,4.642950989521314,8.000150225422528
game8/Clip7,260,player_top,-15.780393414732787,44.69302058098292
game8/Clip7,261,player_bottom,4.676819410907097,7.994477487313472
game8/Clip7,261,player_top,-15.461716267144606,44.92208057434303
game8/Clip7,262,player_bottom,4.7079306056309065,7.990167673665761
game8/Clip7,262,player_top,-12.89724845885371,40.97380734376126
game8/Clip7,263,player_bottom,4.732957858879743,7.990901417134593
game8/Clip7,263,player_top,-11.06030419219473,37.923934144075474
game8/Clip7,264,player_bottom,4.761023258403129,7.9902557744856635
game8/Clip7,264,player_top,-9.231512442442712,34.71263111582386
game8/Clip7,265,player_bottom,4.782033899485251,7.988651465466367
game8/Clip7,265,player_top,-7.888582528876726,32.74348324808199
game8/Clip7,266,player_bottom,4.803812043830116,7.9869139868836205
game8/Clip7,266,player_top,-6.603379217256808,30.683128876837486
game8/Clip7,267,player_bottom,4.817240954349367,7.985715093142249
game8/Clip7,267,player_top,-5.950535818692746,29.81128025977364
game8/Clip7,268,player_bottom,4.834021684227743,7.9853307509472655
game8/Clip7,268,player_top,-5.415205620698361,29.22752892146801
game8/Clip7,269,player_bottom,4.843655683381192,7.987794428114012
game8/Clip7,269,player_top,-4.891520542589232,28.979050712492928
game8/Clip7,270,player_bottom,4.849484311422862,7.987563938743573
game8/Clip7,270,player_top,-4.589886853746146,28.93116504708881
game8/Clip7,271,player_bottom,4.864846443897078,7.986431814266914
game8/Clip7,271,player_top,-4.449539541985078,29.10690967038386
game8/Clip7,272,player_bottom,4.883236166037678,7.984275815406751
game8/Clip7,272,player_top,-4.34553024319062,29.2446450391365
game8/Clip7,273,player_bottom,4.903024434878821,7.982302948803415
game8/Clip7,273,player_top,-4.486503463105164,29.926984027465053
game8/Clip7,274,player_bottom,4.9134291861039046,7.981596902590621
game8/Clip7,274,player_top,-4.698540207011124,30.87936888538675
game8/Clip7,275,player_bottom,4.922438221134678,7.981628232006018
game8/Clip7,275,player_top,-5.020874590815583,32.28479740725786
game8/Clip7,276,player_bottom,4.928844114709777,7.97848463087144
game8/Clip7,276,player_top,-5.302710156742303,33.62436830609971
game8/Clip7,277,player_bottom,4.943126476532636,7.985959906154744
game8/Clip7,277,player_top,-5.3293178164806525,34.551750191197065
game8/Clip7,278,player_bottom,4.960445510670486,7.989288583651357
game8/Clip7,278,player_top,-4.574730283890085,32.91632992636236
game8/Clip7,279,player_bottom,4.9846608507090755,7.991676318761997
game8/Clip7,279,player_top,-3.9680164993159073,32.07627997799608
game8/Clip7,280,player_bottom,5.007816468046488,7.992731962938919
game8/Clip7,280,player_top,-3.6193602490605143,31.602377722084817
game8/Clip7,281,player_bottom,5.032451023301591,8.00403888425663
game8/Clip7,281,player_top,-3.431344928524143,31.359463917492498
game8/Clip7,282,player_bottom,5.051193777759859,7.9920532649631895
game8/Clip7,282,player_top,-3.4105196268210727,31.354492510760647
game8/Clip7,283,player_bottom,5.0639510967104515,7.978792541394041
game8/Clip7,283,player_top,-3.6063292808770586,32.19721699337308
game8/Clip7,284,player_bottom,5.076147538013673,7.969583333831453
game8/Clip7,284,player_top,-3.579436608153713,32.608245381314475
game8/Clip7,285,player_bottom,5.089307927639496,7.966391548785133
game8/Clip7,285,player_top,-3.5774296103874823,33.76441598540483
game8/Clip7,286,player_bottom,5.096255350825528,7.9647120247835215
game8/Clip7,286,player_top,-3.1801497649638586,34.023859375646104
game8/Clip7,287,player_bottom,5.0942141687418045,7.963710386571869
game8/Clip7,287,player_top,-2.2732736746260094,33.2303163948744
game8/Clip7,288,player_bottom,5.091903187759691,7.964901326633563
game8/Clip7,288,player_top,-1.9248696951073656,33.434549796394535
game8/Clip7,289,player_bottom,5.086420608004355,7.9677926808955615
game8/Clip7,289,player_top,-1.759790736311955,33.81860591462296
game8/Clip7,290,player_bottom,5.087043563766373,7.968379303466383
game8/Clip7,290,player_top,-1.5182506995074427,34.45548376794983
game8/Clip7,291,player_bottom,5.0726355362149125,7.9698269694793025
game8/Clip7,291,player_top,-1.2179466544841246,35.11591665322618
game8/Clip7,292,player_bottom,5.040185007044372,7.970837293687883
game8/Clip7,292,player_top,-0.2303546096850496,32.427125515990355
game8/Clip7,293,player_bottom,5.0134515411273455,7.974216303814441
game8/Clip7,293,player_top,0.9439750386151917,32.167060116973104
game8/Clip7,294,player_bottom,4.997407233342403,7.976490591628372
game8/Clip7,294,player_top,1.3927129871454547,32.33347575905467
game8/Clip7,295,player_bottom,4.986141487086233,7.977318959110353
game8/Clip7,295,player_top,1.8284268244017474,32.77117017778875
game8/Clip7,296,player_bottom,4.973975594253675,7.985276192114906
game8/Clip7,296,player_top,2.302905001870994,32.44365092890006
game8/Clip7,297,player_bottom,4.9636799982096385,7.994079965080556
game8/Clip7,297,player_top,2.753994797188913,32.78557758659763
game8/Clip7,298,player_bottom,4.931712359041452,8.00468495382825
game8/Clip7,298,player_top,3.272158189758494,32.68886881242109
game8/Clip7,299,player_bottom,4.900341210803755,8.009054928411343
game8/Clip7,299,player_top,3.776645314533141,33.689002866611276
game8/Clip7,300,player_bottom,4.876334584924472,8.011733505700848
game8/Clip7,300,player_top,4.362468265120611,37.49414719199411
game8/Clip7,301,player_bottom,4.8481818529587235,8.015921125019927
game8/Clip7,301,player_top,5.080941393237108,39.13872210049465
game8/Clip7,302,player_bottom,4.829263505002518,8.020449902705899
game8/Clip7,302,player_top,6.238023694757687,40.47129043331271
game8/Clip7,303,player_bottom,4.8129587608665485,8.026845191069638
game8/Clip7,303,player_top,7.4808289258137854,42.23273206911128
game8/Clip7,304,player_bottom,4.792284030448239,8.029570614677018
game8/Clip7,304,player_top,8.688054623386307,47.603497962111916
game8/Clip7,305,player_bottom,4.769911712550058,8.03390851245708
game8/Clip7,305,player_top,10.111156882833415,49.68453035542567
game8/Clip7,306,player_bottom,4.735043788103752,8.040788651542842
game8/Clip7,306,player_top,11.971378690105208,55.08154049327987
game8/Clip7,307,player_bottom,4.702706260629892,8.048103209583914
game8/Clip7,307,player_top,13.132196030804451,57.75059447983448
game8/Clip7,308,player_bottom,4.682807162693243,8.062988619412252
game8/Clip7,308,player_top,14.516429721826581,59.83595771395042
game8/Clip7,309,player_bottom,4.657722031746901,8.071109935196706
game8/Clip7,309,player_top,17.563582449081665,70.33391803124526
game8/Clip7,310,player_bottom,4.625199298415017,8.07128426010341
game8/Clip7,310,player_top,19.15337459192015,72.00934413141024
game8/Clip7,311,player_bottom,4.590415777813915,8.073393036185971
game8/Clip7,311,player_top,18.438263971956452,64.68571711815416
game8/Clip7,312,player_bottom,4.551836841304299,8.076387444673664
game8/Clip7,312,player_top,20.61757077118701,67.73095922320427
game8/Clip7,313,player_bottom,4.519700354164079,8.081632588589175
game8/Clip7,313,player_top,23.610593709012647,71.71124852298436
game8/Clip7,314,player_bottom,4.500719706650693,8.087146444926928
game8/Clip7,314,player_top,26.921275133928923,76.83935835356138
game8/Clip7,315,player_bottom,4.489816231345515,8.096619412285618
game8/Clip7,315,player_top,28.2497121851834,74.42047327625298
game8/Clip7,316,player_bottom,4.474183985608204,8.106783200078521
game8/Clip7,316,player_top,31.657856941377272,80.43026317201672
game8/Clip7,317,player_bottom,4.454526449590188,8.115349927893933
game8/Clip7,317,player_top,38.769871108807514,96.12977285004915
game8/Clip7,318,player_bottom,4.429430043444691,8.128496215755234
game8/Clip7,318,player_top,43.41960394920967,104.54010547388818
game8/Clip7,319,player_bottom,4.3979453441181615,8.152389786107062
game8/Clip7,319,player_top,47.05945229049747,109.9545275232332
game8/Clip7,320,player_bottom,4.366838321133603,8.17076005541958
game8/Clip7,320,player_top,43.7414224310567,99.2386221544818
game8/Clip7,321,player_bottom,4.328930797295009,8.183951382069242
game8/Clip7,321,player_top,48.90048973534789,107.32134896409126
game8/Clip7,322,player_bottom,4.296827113634509,8.190876589774371
game8/Clip7,322,player_top,46.238414713262586,100.55250488966159
game8/Clip7,323,player_bottom,4.2787705326749625,8.198780820889269
game8/Clip7,323,player_top,45.382040383083016,97.73146639878891
game8/Clip7,324,player_bottom,4.26899366221675,8.206473744897297
game8/Clip7,324,player_top,53.08421008802677,113.74771652115982
game8/Clip7,325,player_bottom,4.2550497117456745,8.212006418510782
game8/Clip7,325,player_top,55.79371985439002,118.63255210374128
game8/Clip7,326,player_bottom,4.2268724967155835,8.212228826736215
game8/Clip7,326,player_top,57.381464485860725,118.5046239589183
game8/Clip7,327,player_bottom,4.183378159591542,8.21736848284918
game8/Clip7,327,player_top,73.76860834425098,150.2353214282374
game8/Clip7,328,player_bottom,4.141441029456155,8.224546733320821
game8/Clip7,328,player_top,100.93179107024847,203.88924856675473
game8/Clip7,329,player_bottom,4.098204560108653,8.23779554275169
game8/Clip7,329,player_top,161.6423448595401,325.4676025674397
game8/Clip7,330,player_bottom,4.0672848396655,8.240686901548708
game8/Clip7,330,player_top,285.16083208443365,572.4527821033282
game8/Clip7,331,player_bottom,4.0360531475221615,8.243146406221557
game8/Clip7,331,player_top,591.84225478401,1184.7790143952936
game8/Clip7,332,player_bottom,4.004019498237944,8.243940233686931
game8/Clip7,332,player_top,-1120.9357718774686,-2257.953758129038
game8/Clip7,333,player_bottom,3.963660869415371,8.24770021934772
game8/Clip7,333,player_top,-527.9041156580475,-1071.900129255165
game8/Clip7,334,player_bottom,3.9385651689328123,8.251345263405808
game8/Clip7,334,player_top,-777.5647801014898,-1588.4547191224003
game8/Clip7,335,player_bottom,3.9194891164919,8.256393791399379
game8/Clip7,335,player_top,-2210.8412912025083,-4561.635386885191
game8/Clip7,336,player_bottom,3.907543468163977,8.254564003242011
game8/Clip7,336,player_top,-3492.483922676559,-7341.887095145749
game8/Clip7,337,player_bottom,3.8836246471547646,8.25273625830354
game8/Clip7,337,player_top,528.0530836161205,1132.0033885715006
game8/Clip7,338,player_bottom,3.8503184193742,8.252653208322336
game8/Clip7,338,player_top,328.6693985506581,725.1088975919804
game8/Clip7,339,player_bottom,3.8155416728764906,8.257640363224988
game8/Clip7,339,player_top,154.68398096249646,348.97378504028956
game8/Clip7,340,player_bottom,3.7805529491401813,8.264933966099253
game8/Clip7,340,player_top,69.95470733269605,160.69082267863593
game8/Clip7,341,player_bottom,3.751477957708493,8.27185736983936
game8/Clip7,341,player_top,45.99326837314348,106.8000824493475
game8/Clip7,342,player_bottom,3.720845056484318,8.273818110377562
game8/Clip7,342,player_top,38.0051467820256,89.4763918845631
game8/Clip7,343,player_bottom,3.7050775801418845,8.257329900994979
game8/Clip7,343,player_top,30.672351853537325,73.26667777474493
game8/Clip7,344,player_bottom,3.674617451965707,8.254687402501098
game8/Clip7,344,player_top,26.70167253347008,64.82488302171586
game8/Clip7,345,player_bottom,3.641617283876529,8.257517066730129
game8/Clip7,345,player_top,25.520059182858887,62.98971201892586
game8/Clip7,346,player_bottom,3.617215564286231,8.260950318617446
game8/Clip7,346,player_top,25.45243909871943,64.05520640415101
game8/Clip7,347,player_bottom,3.597976236230388,8.261177129208434
game8/Clip7,347,player_top,25.185640222031708,64.55533730504216
game8/Clip7,348,player_bottom,3.575584701327521,8.259912220927207
game8/Clip7,348,player_top,24.161852762061972,62.94861447671394
game8/Clip7,349,player_bottom,3.545979681350735,8.25625711081237
game8/Clip7,349,player_top,23.230612797372057,62.08994903596259
game8/Clip7,350,player_bottom,3.527354127312889,8.253214842818148
game8/Clip7,350,player_top,22.31439988153839,60.39013020775864
game8/Clip7,351,player_bottom,3.507639807495852,8.25183459618878
game8/Clip7,351,player_top,21.08683628953525,57.535359071188054
game8/Clip7,352,player_bottom,3.477640992392378,8.25964149681677
game8/Clip7,352,player_top,18.41774593079611,50.52857675810126
game8/Clip7,353,player_bottom,3.4492990762161355,8.260559044851176
game8/Clip7,353,player_top,17.12435244836651,47.80510931196188
game8/Clip7,354,player_bottom,3.4472286199149327,8.23629350611242
game8/Clip7,354,player_top,16.07347434517459,46.002709177927834
game8/Clip7,355,player_bottom,3.430427253108201,8.227438185840724
game8/Clip7,355,player_top,15.278833299261416,45.170047325054455
game8/Clip7,356,player_bottom,3.420217776160575,8.22419206138078
game8/Clip7,356,player_top,14.67906732432566,44.52468257840047
game8/Clip7,357,player_bottom,3.4003817933719813,8.226222298365297
game8/Clip7,357,player_top,13.490641949266905,41.2697065667019
game8/Clip7,358,player_bottom,3.3753791877140595,8.227347997613858
game8/Clip7,358,player_top,13.094158600818988,40.71133006024348
game8/Clip7,359,player_bottom,3.3489798674307045,8.227219137798041
game8/Clip7,359,player_top,13.38963382558714,42.85454728459419
game8/Clip7,360,player_bottom,3.3307765357105583,8.221879289632529
game8/Clip7,360,player_top,13.396369559174788,44.026774659229
game8/Clip7,361,player_bottom,3.315146072020088,8.214844786076428
game8/Clip7,361,player_top,11.68257274626711,38.163124101989
game8/Clip7,362,player_bottom,3.3051879057805484,8.20526254296814
game8/Clip7,362,player_top,10.59950339870198,34.413379082257784
game8/Clip7,363,player_bottom,3.2977869697736795,8.196455740907773
game8/Clip7,363,player_top,10.113738667842338,33.14120500899838
game8/Clip7,364,player_bottom,3.2836710583813233,8.190515503152294
game8/Clip7,364,player_top,9.81777606507877,32.890450959565705
game8/Clip7,365,player_bottom,3.271010879830149,8.181923191991041
game8/Clip7,365,player_top,9.44489313273979,32.22843913805216
game8/Clip7,366,player_bottom,3.253418398148824,8.177445069451196
game8/Clip7,366,player_top,9.0868468219966,32.0241371028666
game8/Clip7,367,player_bottom,3.239536256895745,8.175446085948105
game8/Clip7,367,player_top,8.859911796192455,32.44699574995595
game8/Clip7,368,player_bottom,3.2297404796526132,8.17500523550084
game8/Clip7,368,player_top,8.62761987057191,32.58991581659346
game8/Clip7,369,player_bottom,3.2226233003078866,8.175246192337983
game8/Clip7,369,player_top,8.425819552200783,32.547245097460305
game8/Clip7,370,player_bottom,3.215875283420729,8.1762057884368
game8/Clip7,370,player_top,8.279102188550912,32.733383290206966
game8/Clip7,371,player_bottom,3.215478527101144,8.176565124716296
game8/Clip7,371,player_top,8.161272539150383,32.34730657596659
game8/Clip7,372,player_bottom,3.215081497024554,8.17692470893343
game8/Clip7,372,player_top,8.108405288265457,32.26077358438446
game8/Clip7,373,player_bottom,3.2146841929075274,8.177284541344902
game8/Clip7,373,player_top,8.125418534482241,32.39727222049911
game8/Clip7,374,player_bottom,3.2142866144662396,8.17764462220776
game8/Clip7,374,player_top,8.146460420120912,32.74512554795759
game8/Clip7,375,player_bottom,3.213888761416477,8.178004951779414
game8/Clip7,375,player_top,8.089666582299834,32.6634750989397
game8/Clip7,376,player_bottom,3.213490633473633,8.178365530317635
game8/Clip7,376,player_top,7.983437714410564,32.437936185126205
game8/Clip7,377,player_bottom,3.2130922303527054,8.178726358080539
game8/Clip7,377,player_top,7.826601551874528,32.16681066017354
game8/Clip7,378,player_bottom,3.2126935517682997,8.179087435326608
game8/Clip7,378,player_top,7.662232930660231,31.94928329158173
game8/Clip7,379,player_bottom,3.2122945974346258,8.179448762314674
game8/Clip7,379,player_top,7.521155487054442,31.562253108637428
game8/Clip7,380,player_bottom,3.211895367065498,8.179810339303929
game8/Clip7,380,player_top,7.413076167129535,31.045385668944917
game8/Clip7,381,player_bottom,3.211495860374337,8.180172166553929
game8/Clip7,381,player_top,7.340651882029149,30.675467701587216
game8/Clip7,382,player_bottom,3.211096077074163,8.180534244324587
game8/Clip7,382,player_top,7.257131194485647,30.186566410117255
game8/Clip7,383,player_bottom,3.2106960168776006,8.180896572876174
game8/Clip7,383,player_top,7.198764720777207,29.914432548036125
game8/Clip7,384,player_bottom,3.210295679496874,8.181259152469321
game8/Clip7,384,player_top,7.167521806997563,29.838526623958643
game8/Clip7,385,player_bottom,3.209895064643813,8.181621983365023
game8/Clip7,385,player_top,7.169804127034399,29.931379967967462
game8/Clip7,386,player_bottom,3.2094941720298427,8.181985065824634
game8/Clip7,386,player_top,7.149806714105403,29.977577859708603
game8/Clip7,387,player_bottom,3.2090930013659924,8.182348400109877
game8/Clip7,387,player_top,7.1263800173919,29.97140644227121
game8/Clip7,388,player_bottom,3.208691552362886,8.182711986482827
game8/Clip7,388,player_top,7.104705702970226,29.910538317219835
game8/Clip7,389,player_bottom,3.2082898247307496,8.183075825205938
game8/Clip7,389,player_top,7.090422391004125,29.860449733855795
game8/Clip7,390,player_bottom,3.2078878181794046,8.183439916542014
game8/Clip7,390,player_top,7.083488618598021,29.863116559951898
game8/Clip7,391,player_bottom,3.2074855324182696,8.183804260754226
game8/Clip7,391,player_top,7.091987025381943,29.905790228128
game8/Clip7,392,player_bottom,3.207082967156361,8.184168858106124
game8/Clip7,392,player_top,7.093427702659134,29.965460802469483
game8/Clip7,393,player_bottom,3.206680122102289,8.18453370886161
game8/Clip7,393,player_top,7.110353094481714,29.944192269787763
game8/Clip7,394,player_bottom,3.2062769969642586,8.184898813284954
game8/Clip7,394,player_top,7.108487390188495,29.96641913969731
game8/Clip7,395,player_bottom,3.2058735914500707,8.185264171640805
game8/Clip7,395,player_top,7.1069818917733825,29.987073931318708
game8/Clip7,396,player_bottom,3.205469905267118,8.185629784194168
game8/Clip7,396,player_top,7.110474167851159,30.03358006397339
game8/Clip7,397,player_bottom,3.205065938122385,8.185995651210426
game8/Clip7,397,player_top,7.113813165359663,30.007349218101865
game8/Clip7,398,player_bottom,3.204661689722452,8.186361772955323
game8/Clip7,398,player_top,7.108171730127301,30.009875305939403
game8/Clip7,399,player_bottom,3.2042571597734852,8.186728149694975
game8/Clip7,399,player_top,7.096104242534616,29.951441993120905
game8/Clip7,400,player_bottom,3.203852347981246,8.187094781695876
game8/Clip7,400,player_top,7.076251323541084,29.9577364660194
game8/Clip7,401,player_bottom,3.2034472540510825,8.187461669224888
game8/Clip7,401,player_top,7.061986308721138,30.016899318234007
game8/Clip7,402,player_bottom,3.2030418776879355,8.187828812549238
game8/Clip7,402,player_top,7.037372942830787,30.005458710226588
game8/Clip7,403,player_bottom,3.2026362185963295,8.188196211936537
game8/Clip7,403,player_top,7.018570108169987,30.103102878778888
game8/Clip7,404,player_bottom,3.2022302764803814,8.18856386765476
game8/Clip7,404,player_top,6.964883858107622,30.011592828693583
game8/Clip7,405,player_bottom,3.2018240510437908,8.188931779972258
game8/Clip7,405,player_top,6.927357350532181,30.106718190337407
game8/Clip7,406,player_bottom,3.2014175419898465,8.189299949157762
game8/Clip7,406,player_top,6.8660045537925045,30.11838316874271
game8/Clip7,407,player_bottom,3.209548646184777,8.187683091790333
game8/Clip7,407,player_top,6.7567850815107375,30.206806442231592
game8/Clip7,408,player_bottom,3.2218989916774596,8.185593010979298
game8/Clip7,408,player_top,6.5898667018159065,29.79428951695284
game8/Clip7,409,player_bottom,3.2304038552713026,8.18429279640167
game8/Clip7,409,player_top,6.488013152750617,29.56843093986802
game8/Clip7,410,player_bottom,3.23848498093977,8.18432978857746
game8/Clip7,410,player_top,6.443286511597601,29.358372550565043
game8/Clip7,411,player_bottom,3.247250304470272,8.183353624457588
game8/Clip7,411,player_top,6.397672686477025,29.09047037582999
game8/Clip7,412,player_bottom,3.2632352351045073,8.180720400852831
game8/Clip7,412,player_top,6.336072832931895,28.862757625394725
game8/Clip7,413,player_bottom,3.2736404594191817,8.179874015190116
game8/Clip7,413,player_top,6.292809890301201,28.79239709703127
game8/Clip7,414,player_bottom,3.281958349477948,8.17893238456335
game8/Clip7,414,player_top,6.274349747285478,28.59784275867851
game8/Clip7,415,player_bottom,3.2862514133955307,8.178641972581865
game8/Clip7,415,player_top,6.266854929086827,28.850979195584998
game8/Clip7,416,player_bottom,3.288804731797528,8.179222888993914
game8/Clip7,416,player_top,6.231889478219242,28.765851460841798
game8/Clip7,417,player_bottom,3.2895365502228295,8.180074135900952
game8/Clip7,417,player_top,6.199699196114182,28.85889792256494
game8/Clip7,418,player_bottom,3.291888975480317,8.180221783641455
game8/Clip7,418,player_top,6.171858109390168,29.01721476046402
game8/Clip7,419,player_bottom,3.291451667332109,8.18365084217305
game8/Clip7,419,player_top,6.044242450609635,29.114073748986012
game8/Clip7,420,player_bottom,3.2955475094413282,8.184732400542577
game8/Clip7,420,player_top,5.925124688911958,29.151498273678236
game8/Clip7,421,player_bottom,3.298726400547831,8.187283895981102
game8/Clip7,421,player_top,5.722687397676101,28.496852806832035
game8/Clip8,0,player_bottom,4.028505628237558,8.121556292698479
game8/Clip8,0,player_top,10.752543405966284,23.51487634429073
game8/Clip8,1,player_bottom,4.028505628237558,8.121556292698479
game8/Clip8,1,player_top,10.752543405966284,23.51487634429073
game8/Clip8,2,player_bottom,4.030220124080127,8.123894097323346
game8/Clip8,2,player_top,10.756844872394781,23.54405110240679
game8/Clip8,3,player_bottom,4.03221960286849,8.126634685468222
game8/Clip8,3,player_top,10.760124859741468,23.570760595262282
game8/Clip8,4,player_bottom,4.0337934261681445,8.12946549651818
game8/Clip8,4,player_top,10.742474755791699,23.524355486394203
game8/Clip8,5,player_bottom,4.036093557414423,8.130950241430291
game8/Clip8,5,player_top,10.680375409317978,23.357684722179552
game8/Clip8,6,player_bottom,4.037926768497912,8.132463929398725
game8/Clip8,6,player_top,10.672953673608449,23.364731351733422
game8/Clip8,7,player_bottom,4.039041343386376,8.133416533761611
game8/Clip8,7,player_top,10.68280770115816,23.400503495563754
game8/Clip8,8,player_bottom,4.042554804102632,8.133271858687108
game8/Clip8,8,player_top,10.713882782204209,23.478708180678794
game8/Clip8,9,player_bottom,4.047131813073299,8.132118791726802
game8/Clip8,9,player_top,10.73334694413379,23.490945076087442
game8/Clip8,10,player_bottom,4.049955601940272,8.131328006839793
game8/Clip8,10,player_top,10.7373240821753,23.501883675535563
game8/Clip8,11,player_bottom,4.051451429808254,8.13097268380962
game8/Clip8,11,player_top,10.709233992588171,23.42933442122596
game8/Clip8,12,player_bottom,4.051965377126144,8.130898388316849
game8/Clip8,12,player_top,10.710033226502928,23.436161848811587
game8/Clip8,13,player_bottom,4.051015642939527,8.132332649685859
game8/Clip8,13,player_top,10.698652183499645,23.407512840714254
game8/Clip8,14,player_bottom,4.051450361814526,8.139729418855234
game8/Clip8,14,player_top,10.702266417092572,23.413675873268268
game8/Clip8,15,player_bottom,4.062077531761871,8.144738129988482
game8/Clip8,15,player_top,10.700505638962415,23.413472168942523
game8/Clip8,16,player_bottom,4.069123068397895,8.150904118628953
game8/Clip8,16,player_top,10.707455527203416,23.438261746720976
game8/Clip8,17,player_bottom,4.078593658749623,8.153730485313336
game8/Clip8,17,player_top,10.720525786175447,23.465424355072454
game8/Clip8,18,player_bottom,4.086887537793547,8.154878487033285
game8/Clip8,18,player_top,10.686794493299768,23.405505633172528
game8/Clip8,19,player_bottom,4.089587666643243,8.157792346300075
game8/Clip8,19,player_top,10.648795819047841,23.416458457365675
game8/Clip8,20,player_bottom,4.085935696639779,8.162182435087445
game8/Clip8,20,player_top,10.46418281998967,23.23125751542156
game8/Clip8,21,player_bottom,4.077805286360074,8.166918862695743
game8/Clip8,21,player_top,10.250134645758315,22.959337644962513
game8/Clip8,22,player_bottom,4.068510489724254,8.169524064195393
game8/Clip8,22,player_top,10.089760846553679,22.665034446439957
game8/Clip8,23,player_bottom,4.06130170276378,8.171186974654312
game8/Clip8,23,player_top,10.016799695139477,22.507166965881712
game8/Clip8,24,player_bottom,4.058819989601332,8.171856131943862
game8/Clip8,24,player_top,9.985888485023125,22.42479200151685
game8/Clip8,25,player_bottom,4.054835763432658,8.172415637387607
game8/Clip8,25,player_top,9.969716026872485,22.36869509419555
game8/Clip8,26,player_bottom,4.046516885054068,8.172550969558532
game8/Clip8,26,player_top,9.976282264259282,22.244164003336717
game8/Clip8,27,player_bottom,4.044232248335629,8.172697284099637
game8/Clip8,27,player_top,9.87801496255966,21.78866695555549
game8/Clip8,28,player_bottom,4.041542940232558,8.173123891783494
game8/Clip8,28,player_top,9.956077656712536,21.92503330297995
game8/Clip8,29,player_bottom,4.041753359440681,8.173330392967424
game8/Clip8,29,player_top,10.02878700607781,22.038651603542686
game8/Clip8,30,player_bottom,4.048231811063031,8.169125334593987
game8/Clip8,30,player_top,10.06549057981005,21.966561442534687
game8/Clip8,31,player_bottom,4.057126789902355,8.165218513988597
game8/Clip8,31,player_top,10.173204593665579,21.856223234522865
game8/Clip8,32,player_bottom,4.061136289107829,8.16284661894904
game8/Clip8,32,player_top,10.234828732245074,21.63076679471737
game8/Clip8,33,player_bottom,4.062702635945692,8.158754205420781
game8/Clip8,33,player_top,10.218158796086174,21.38303486552852
game8/Clip8,34,player_bottom,4.060731911205004,8.154494144279951
game8/Clip8,34,player_top,10.25452907149596,21.191830406692567
game8/Clip8,35,player_bottom,4.060869481743509,8.145354764979686
game8/Clip8,35,player_top,10.36433780697324,21.13525967221489
game8/Clip8,36,player_bottom,4.0600565063929315,8.142377190683058
game8/Clip8,36,player_top,10.457779027932093,20.86971900893942
game8/Clip8,37,player_bottom,4.05331743510818,8.142821603253088
game8/Clip8,37,player_top,10.548075534967664,20.529769304331413
game8/Clip8,38,player_bottom,4.047405319970806,8.14384335088324
game8/Clip8,38,player_top,10.596101941716071,20.05324472394243
game8/Clip8,39,player_bottom,4.040524417275978,8.14297203983713
game8/Clip8,39,player_top,10.517214249263622,19.480529257351495
game8/Clip8,40,player_bottom,4.033647089175257,8.139256681522843
game8/Clip8,40,player_top,10.221048425097937,18.602285995437462
game8/Clip8,41,player_bottom,4.022281596939848,8.133767999306922
game8/Clip8,41,player_top,10.166753517036392,18.217427287987945
game8/Clip8,42,player_bottom,4.011890282227086,8.1256137022676
game8/Clip8,42,player_top,10.093073755962582,17.85434291210344
game8/Clip8,43,player_bottom,4.001285712080136,8.11617338446887
game8/Clip8,43,player_top,10.09654556399933,17.683700568958084
game8/Clip8,44,player_bottom,3.9896095388044976,8.111642351155082
game8/Clip8,44,player_top,10.10319828896626,17.433736490773352
game8/Clip8,45,player_bottom,3.9803739102651035,8.107716744136281
game8/Clip8,45,player_top,10.190386267584051,17.30533941358778
game8/Clip8,46,player_bottom,3.9771816587641213,8.106400655105787
game8/Clip8,46,player_top,10.2923404159819,17.263513530074228
game8/Clip8,47,player_bottom,3.9765031859763202,8.107256715519737
game8/Clip8,47,player_top,10.390303192379793,17.207962633127227
game8/Clip8,48,player_bottom,3.9769204321256377,8.108332092305544
game8/Clip8,48,player_top,10.354632682915675,17.049846051105643
game8/Clip8,49,player_bottom,3.9719736747143415,8.109974801238097
game8/Clip8,49,player_top,10.342227804211255,16.92559526071765
game8/Clip8,50,player_bottom,3.9457223432214183,8.1157341909863
game8/Clip8,50,player_top,10.340084206636776,16.86407103317306
game8/Clip8,51,player_bottom,3.9145234179611217,8.123262551375545
game8/Clip8,51,player_top,10.297593988217557,16.80123515888729
game8/Clip8,52,player_bottom,3.887929844552345,8.125816709583239
game8/Clip8,52,player_top,10.25202440097821,16.763274751583385
game8/Clip8,53,player_bottom,3.867793552167068,8.125275951352505
game8/Clip8,53,player_top,10.180295581325614,16.713729733142895
game8/Clip8,54,player_bottom,3.85099437831431,8.1250856452907
game8/Clip8,54,player_top,10.126182552720156,16.692868961873636
game8/Clip8,55,player_bottom,3.8255781097839163,8.128202475354163
game8/Clip8,55,player_top,10.093828199565957,16.738208969701088
game8/Clip8,56,player_bottom,3.8034526426358273,8.132215614293477
game8/Clip8,56,player_top,10.022143363814811,16.774056093014313
game8/Clip8,57,player_bottom,3.787758997641911,8.134821622791051
game8/Clip8,57,player_top,9.929870777535104,16.87036817974169
game8/Clip8,58,player_bottom,3.7747992995966415,8.137123977421247
game8/Clip8,58,player_top,9.918099777346226,17.199618020245737
game8/Clip8,59,player_bottom,3.759513905016651,8.1403888087938
game8/Clip8,59,player_top,9.756933258781261,17.363831366336616
game8/Clip8,60,player_bottom,3.7437317600658675,8.143821618694133
game8/Clip8,60,player_top,9.66787002560657,17.515641296168834
game8/Clip8,61,player_bottom,3.7376903561569015,8.145926666187687
game8/Clip8,61,player_top,9.282253557894984,17.10018845871844
game8/Clip8,62,player_bottom,3.7214828033832417,8.151976343455944
game8/Clip8,62,player_top,9.011742599702457,16.778429166436553
game8/Clip8,63,player_bottom,3.705888527873514,8.1566889961199
game8/Clip8,63,player_top,8.84717462561232,16.73218989485943
game8/Clip8,64,player_bottom,3.6953596212975683,8.160105752017968
game8/Clip8,64,player_top,8.678678813398964,16.75288982800512
game8/Clip8,65,player_bottom,3.6833435582349896,8.164093060027358
game8/Clip8,65,player_top,8.5145919256414,16.607812154345034
game8/Clip8,66,player_bottom,3.6734083190603037,8.17460832965474
game8/Clip8,66,player_top,8.475239348016796,16.809671286328516
game8/Clip8,67,player_bottom,3.660226241416705,8.182466059791563
game8/Clip8,67,player_top,8.429070087502504,17.13234545463003
game8/Clip8,68,player_bottom,3.649548239363517,8.18695047083373
game8/Clip8,68,player_top,8.307087730302499,17.320927843187974
game8/Clip8,69,player_bottom,3.6396158185615226,8.188769020978857
game8/Clip8,69,player_top,8.111908491270048,17.329087758652154
game8/Clip8,70,player_bottom,3.6349051938816235,8.190788326344258
game8/Clip8,70,player_top,7.765302659639167,16.891198533629446
game8/Clip8,71,player_bottom,3.609704888245033,8.19874986904626
game8/Clip8,71,player_top,7.51206254737918,16.656489596336474
game8/Clip8,72,player_bottom,3.625031742485014,8.189894751768847
game8/Clip8,72,player_top,7.293766974606626,16.551061793956443
game8/Clip8,73,player_bottom,3.6211062797806384,8.193054920807674
game8/Clip8,73,player_top,7.156613450620128,16.526552905702363
game8/Clip8,74,player_bottom,3.6072704606864288,8.195308156724728
game8/Clip8,74,player_top,7.075011327599068,16.457321998783524
game8/Clip8,75,player_bottom,3.5888975471053586,8.195762817721713
game8/Clip8,75,player_top,7.029854209901081,16.567403079664928
game8/Clip8,76,player_bottom,3.5773726329870756,8.194083174151512
game8/Clip8,76,player_top,7.0629590969881635,17.052679969500268
game8/Clip8,77,player_bottom,3.5706168541094736,8.189147161483985
game8/Clip8,77,player_top,6.843206536326111,17.86687352691862
game8/Clip8,78,player_bottom,3.5711935803671975,8.184839559190527
game8/Clip8,78,player_top,6.669327171687523,17.988924961892266
game8/Clip8,79,player_bottom,3.571881993053156,8.182737558404959
game8/Clip8,79,player_top,6.475226034471233,18.22084535308028
game8/Clip8,80,player_bottom,3.57062978394384,8.182778731229604
game8/Clip8,80,player_top,6.359797871476499,18.35855135553211
game8/Clip8,81,player_bottom,3.5732990162477307,8.18292438823575
game8/Clip8,81,player_top,6.194824892498708,18.453912547766343
game8/Clip8,82,player_bottom,3.576700731954635,8.183570750335514
game8/Clip8,82,player_top,5.940826041793686,18.185679724751058
game8/Clip8,83,player_bottom,3.5789572361013806,8.187771047287047
game8/Clip8,83,player_top,5.647471975025345,17.99889269842566
game8/Clip8,84,player_bottom,3.579782578487477,8.197970838046556
game8/Clip8,84,player_top,5.412532538735065,17.657868124117268
game8/Clip8,85,player_bottom,3.5912326824549714,8.200116034860095
game8/Clip8,85,player_top,5.142044471279605,17.42342030976861
game8/Clip8,86,player_bottom,3.612239459498102,8.19768410797737
game8/Clip8,86,player_top,4.855116603228745,17.342618320390706
game8/Clip8,87,player_bottom,3.643434814835215,8.192553097460303
game8/Clip8,87,player_top,4.556964052855338,17.251073346073884
game8/Clip8,88,player_bottom,3.660969721027441,8.19051415185667
game8/Clip8,88,player_top,4.312787689401033,17.145256830390085
game8/Clip8,89,player_bottom,3.6769336339109757,8.192062285241363
game8/Clip8,89,player_top,4.146861111196926,17.57897004851356
game8/Clip8,90,player_bottom,3.6918471894590352,8.195833041706544
game8/Clip8,90,player_top,3.9298001099813233,17.60692522948339
game8/Clip8,91,player_bottom,3.7156027783129777,8.194717290786299
game8/Clip8,91,player_top,3.754228458896044,17.62315884653631
game8/Clip8,92,player_bottom,3.7506991320686227,8.188992176785705
game8/Clip8,92,player_top,3.473127414694791,17.40853895898516
game8/Clip8,93,player_bottom,3.7790434213306896,8.184538793169285
game8/Clip8,93,player_top,3.258679249744775,17.35857911081661
game8/Clip8,94,player_bottom,3.801879305285246,8.179789275627888
game8/Clip8,94,player_top,3.2076524568085683,16.824630825248487
game8/Clip8,95,player_bottom,3.8246652245818855,8.174218934530604
game8/Clip8,95,player_top,3.096581074546125,17.09393771819979
game8/Clip8,96,player_bottom,3.8512330594901956,8.168729130588178
game8/Clip8,96,player_top,3.0118022391033104,17.056592378981822
game8/Clip8,97,player_bottom,3.8718389503913775,8.164486087323827
game8/Clip8,97,player_top,2.9892493601318937,16.190411025799566
game8/Clip8,98,player_bottom,3.8898804573936703,8.15927548837185
game8/Clip8,98,player_top,2.970699156514989,15.660573834037582
game8/Clip8,99,player_bottom,3.909857922125139,8.155217945017132
game8/Clip8,99,player_top,2.9088917048343776,15.43497977732597
game8/Clip8,100,player_bottom,3.934962660908747,8.152164582182749
game8/Clip8,100,player_top,2.8542272532106048,15.3121528822836
game8/Clip8,101,player_bottom,3.963825823500226,8.149477435482963
game8/Clip8,101,player_top,2.8206213481719637,15.129369623119661
game8/Clip8,102,player_bottom,3.9956364971942375,8.142830226261536
game8/Clip8,102,player_top,2.803277295029637,15.011057283452114
game8/Clip8,103,player_bottom,4.023149576217329,8.13707238762353
game8/Clip8,103,player_top,2.7451248010734295,14.919143098170187
game8/Clip8,104,player_bottom,4.0474424340373485,8.129539016596562
game8/Clip8,104,player_top,2.661648204693735,14.924109226162914
game8/Clip8,105,player_bottom,4.0676682104754525,8.130285944631225
game8/Clip8,105,player_top,2.5659875854722776,14.930094050661015
game8/Clip8,106,player_bottom,4.095175962935716,8.11696880701015
game8/Clip8,106,player_top,2.472576286450566,14.983437963545176
game8/Clip8,107,player_bottom,4.115805690807791,8.10843739941179
game8/Clip8,107,player_top,2.3419988649920067,14.97096833914791
game8/Clip8,108,player_bottom,4.148914708999228,8.097036976022025
game8/Clip8,108,player_top,2.2407785917336263,14.99032986906351
game8/Clip8,109,player_bottom,4.1713233262050995,8.090139118799163
game8/Clip8,109,player_top,2.169184783729109,15.006021447836316
game8/Clip8,110,player_bottom,4.195683881879311,8.082340698298013
game8/Clip8,110,player_top,2.0995954213045005,15.035489247748435
game8/Clip8,111,player_bottom,4.208219181071813,8.076168224761082
game8/Clip8,111,player_top,2.031182803606457,15.041994564997655
game8/Clip8,112,player_bottom,4.214286620594695,8.073291637055762
game8/Clip8,112,player_top,1.972958899860828,15.054443119270678
game8/Clip8,113,player_bottom,4.23227188420586,8.068588707825974
game8/Clip8,113,player_top,1.8872059883967625,15.09248634695884
game8/Clip8,114,player_bottom,4.258440576898819,8.063534867891427
game8/Clip8,114,player_top,1.8327688196418863,15.139283400359384
game8/Clip8,115,player_bottom,4.300334144662584,8.057017599553573
game8/Clip8,115,player_top,1.7622184390685154,15.277420774402612
game8/Clip8,116,player_bottom,4.3360033946786,8.05063422727839
game8/Clip8,116,player_top,1.6823903470711667,15.470963119110746
game8/Clip8,117,player_bottom,4.3571172024928595,8.047328748698385
game8/Clip8,117,player_top,1.5319684575691184,15.787758786873543
game8/Clip8,118,player_bottom,4.376055482631854,8.044926656750993
game8/Clip8,118,player_top,1.4226200943587752,15.979108543768987
game8/Clip8,119,player_bottom,4.405830300336111,8.043257842986021
game8/Clip8,119,player_top,1.3293767219492834,16.13448162395432
game8/Clip8,120,player_bottom,4.430845777526186,8.045878375953519
game8/Clip8,120,player_top,1.2134353894280632,16.37505164574985
game8/Clip8,121,player_bottom,4.457341850440181,8.042257927961238
game8/Clip8,121,player_top,1.1361434185426293,16.511941767501074
game8/Clip8,122,player_bottom,4.500614457870677,8.037975138299336
game8/Clip8,122,player_top,1.1222641786226786,16.54336857546796
game8/Clip8,123,player_bottom,4.5358916108306095,8.029834065095976
game8/Clip8,123,player_top,1.1381941483488793,16.562562871795176
game8/Clip8,124,player_bottom,4.567104151097554,8.022439403803709
game8/Clip8,124,player_top,1.1415902606858237,16.58262160798421
game8/Clip8,125,player_bottom,4.591507189347649,8.016691598559266
game8/Clip8,125,player_top,1.1406259721400347,16.57992586216078
game8/Clip8,126,player_bottom,4.613493730276969,8.013659393893352
game8/Clip8,126,player_top,1.1348056708316159,16.573924170387524
game8/Clip8,127,player_bottom,4.634232005470424,8.012285274325274
game8/Clip8,127,player_top,1.113497369438425,16.62349197774233
game8/Clip8,128,player_bottom,4.6576606537183824,8.011531227880802
game8/Clip8,128,player_top,1.1284438333915354,16.69356905264568
game8/Clip8,129,player_bottom,4.68947500886287,8.031126230561846
game8/Clip8,129,player_top,1.0922523791597565,16.993730858383845
game8/Clip8,130,player_bottom,4.726108287592163,8.0332691886609
game8/Clip8,130,player_top,1.02574833899654,17.50808058391446
game8/Clip8,131,player_bottom,4.749827408467643,8.039661850845887
game8/Clip8,131,player_top,0.9878105101441931,18.037532189605503
game8/Clip8,132,player_bottom,4.785807059248728,8.037596400596238
game8/Clip8,132,player_top,1.010992313347948,18.285215703521764
game8/Clip8,133,player_bottom,4.793883879324903,8.04114250901296
game8/Clip8,133,player_top,1.0368317626302184,18.48141531929201
game8/Clip8,134,player_bottom,4.820820773388124,8.037604338434502
game8/Clip8,134,player_top,1.1080741181857512,18.493305668394708
game8/Clip8,135,player_bottom,4.846576490794744,8.035329577151812
game8/Clip8,135,player_top,1.3376865677052223,18.016893510049606
game8/Clip8,136,player_bottom,4.866986128353182,8.03412792449361
game8/Clip8,136,player_top,1.414666284879905,17.905401110131077
game8/Clip8,137,player_bottom,4.887818680250687,8.03381071018873
game8/Clip8,137,player_top,1.4340782580669746,17.876684017618526
game8/Clip8,138,player_bottom,4.910312933527674,8.038076535523208
game8/Clip8,138,player_top,1.4531693414658868,17.831584101966758
game8/Clip8,139,player_bottom,4.934661832230259,8.0455314566347
game8/Clip8,139,player_top,1.4674575464056658,17.77708225058376
game8/Clip8,140,player_bottom,4.957835451523843,8.051900607993128
game8/Clip8,140,player_top,1.4624502719883459,17.787664702560043
game8/Clip8,141,player_bottom,4.977751794693954,8.057974724808897
game8/Clip8,141,player_top,1.4496276562680632,17.830223920086908
game8/Clip8,142,player_bottom,4.99405997086432,8.06194802652644
game8/Clip8,142,player_top,1.3788792711021167,18.10434440586381
game8/Clip8,143,player_bottom,5.0152599325332625,8.062135120080777
game8/Clip8,143,player_top,1.3224315267231108,18.34546962826796
game8/Clip8,144,player_bottom,5.040263417014411,8.062177014170242
game8/Clip8,144,player_top,1.2429146391253179,18.577002319254248
game8/Clip8,145,player_bottom,5.061452467360918,8.062621961175887
game8/Clip8,145,player_top,1.1710673826093012,18.813079554058348
game8/Clip8,146,player_bottom,5.073272668576105,8.060894972193669
game8/Clip8,146,player_top,1.1878195717797486,18.800356403944235
game8/Clip8,147,player_bottom,5.079253332938758,8.059972278269036
game8/Clip8,147,player_top,1.1946648604387258,18.798855243607058
game8/Clip8,148,player_bottom,5.085467556283804,8.061537177568583
game8/Clip8,148,player_top,1.1760807437538296,18.822711807199617
game8/Clip8,149,player_bottom,5.0932057676021465,8.065454849053891
game8/Clip8,149,player_top,1.136247255159377,18.835027452133385
game8/Clip8,150,player_bottom,5.104615338144575,8.070512690467506
game8/Clip8,150,player_top,1.1399978102414234,18.9109855610748
game8/Clip8,151,player_bottom,5.108650248846478,8.074089267453179
game8/Clip8,151,player_top,1.1468209765016082,19.021899238750084
game8/Clip8,152,player_bottom,5.110534505056131,8.07611296290688
game8/Clip8,152,player_top,1.2495030498820354,19.113609892208075
game8/Clip8,153,player_bottom,5.109770475421493,8.075983897139603
game8/Clip8,153,player_top,1.2755161369473493,19.732494020009884
game8/Clip8,154,player_bottom,5.109370190892051,8.075904146902868
game8/Clip8,154,player_top,1.5088348333504076,19.835198170341247
game8/Clip8,155,player_bottom,5.105727363904409,8.076570291511235
game8/Clip8,155,player_top,1.6903811785717755,19.97739644546002
game8/Clip8,156,player_bottom,5.1086073394026235,8.077023912004636
game8/Clip8,156,player_top,1.7861491610832407,20.133092853833613
game8/Clip8,157,player_bottom,5.099023631167228,8.078589796130572
game8/Clip8,157,player_top,1.8609368366087955,20.410150538466954
game8/Clip8,158,player_bottom,5.080595964110744,8.079145330730169
game8/Clip8,158,player_top,2.099699112983298,20.388528715521765
game8/Clip8,159,player_bottom,5.0849506333182015,8.077720442344251
game8/Clip8,159,player_top,2.372347701375691,20.18959713219361
game8/Clip8,160,player_bottom,5.053824655563131,8.081846405445614
game8/Clip8,160,player_top,2.8445497389216974,20.145384852343156
game8/Clip8,161,player_bottom,5.026157273823328,8.085557225565353
game8/Clip8,161,player_top,3.0846216452868407,19.981773869078378
game8/Clip8,162,player_bottom,4.996084140647645,8.089882532256134
game8/Clip8,162,player_top,3.2630945129544253,19.890840248152116
game8/Clip8,163,player_bottom,4.97669318669621,8.094468384865833
game8/Clip8,163,player_top,3.3734789167686245,19.833605244333345
game8/Clip8,164,player_bottom,4.963787836465904,8.109341180484998
game8/Clip8,164,player_top,3.6312290149609754,19.788430043819883
game8/Clip8,165,player_bottom,4.935722698502367,8.105596370652295
game8/Clip8,165,player_top,3.851484430545282,19.825812717990463
game8/Clip8,166,player_bottom,4.9141425123081905,8.108627056716973
game8/Clip8,166,player_top,3.978088270285144,20.45525567220508
game8/Clip8,167,player_bottom,4.87936214095991,8.105221276711864
game8/Clip8,167,player_top,4.180230686748443,20.856021056170924
game8/Clip8,168,player_bottom,4.86064225516335,8.102451487473846
game8/Clip8,168,player_top,4.467812050775672,20.80439711097914
game8/Clip8,169,player_bottom,4.844455665247452,8.10336294141956
game8/Clip8,169,player_top,4.8095459231031645,21.12587883839127
game8/Clip8,170,player_bottom,4.825663239357963,8.104035561652326
game8/Clip8,170,player_top,5.089795316924373,22.154629584844518
game8/Clip8,171,player_bottom,4.799315300524787,8.10698967482998
game8/Clip8,171,player_top,5.424321060043624,23.53245991612205
game8/Clip8,172,player_bottom,4.767220243835055,8.1115780303822
game8/Clip8,172,player_top,5.70768747619913,23.34017186993855
game8/Clip8,173,player_bottom,4.734732094384914,8.11580763685628
game8/Clip8,173,player_top,5.951306466677242,23.418370544224846
game8/Clip8,174,player_bottom,4.710826891300149,8.130502118402307
game8/Clip8,174,player_top,6.0745330784346665,23.214659360503695
game8/Clip8,175,player_bottom,4.6837364352683695,8.139439379806076
game8/Clip8,175,player_top,6.422616745982527,23.35179071747529
game8/Clip8,176,player_bottom,4.6516610353654215,8.129312978819586
game8/Clip8,176,player_top,6.7935971311315475,23.35350098506001
game8/Clip8,177,player_bottom,4.625934083025996,8.12440688061357
game8/Clip8,177,player_top,7.035941746021203,23.400481303632414
game8/Clip8,178,player_bottom,4.596994290162548,8.12636309713901
game8/Clip8,178,player_top,7.208896916968113,23.16847079867009
game8/Clip8,179,player_bottom,4.569403799079765,8.124871179483156
game8/Clip8,179,player_top,7.310305923191485,23.13898721864567
game8/Clip8,180,player_bottom,4.546847448007903,8.122727882762831
game8/Clip8,180,player_top,7.401681593867252,23.403081464929983
game8/Clip8,181,player_bottom,4.514395713807317,8.123662946509247
game8/Clip8,181,player_top,7.4982569922189946,23.626477721903044
game8/Clip8,182,player_bottom,4.477951103177109,8.126934764649398
game8/Clip8,182,player_top,7.641360836088326,24.091542913706906
game8/Clip8,183,player_bottom,4.441874190660485,8.132490046121058
game8/Clip8,183,player_top,7.74601923638849,24.357174117937117
game8/Clip8,184,player_bottom,4.413037234412589,8.136353799464235
game8/Clip8,184,player_top,7.845718450031822,24.674416041610755
game8/Clip8,185,player_bottom,4.383229919325179,8.142249170982401
game8/Clip8,185,player_top,7.9117891254273625,24.785581900737203
game8/Clip8,186,player_bottom,4.351782696692233,8.146154856650755
game8/Clip8,186,player_top,7.976718652171341,24.946401315888647
game8/Clip8,187,player_bottom,4.317421441967023,8.144928626685468
game8/Clip8,187,player_top,8.021679984524981,25.11238765789506
game8/Clip8,188,player_bottom,4.2864773672805425,8.146063188170968
game8/Clip8,188,player_top,8.037509730769562,25.24311022059843
game8/Clip8,189,player_bottom,4.252175330460945,8.146783821185423
game8/Clip8,189,player_top,8.032465173597574,25.177619896863302
game8/Clip8,190,player_bottom,4.217600910827313,8.145140238546132
game8/Clip8,190,player_top,7.933118835841738,24.742333798970556
game8/Clip8,191,player_bottom,4.188821956730802,8.14332419438485
game8/Clip8,191,player_top,7.6624467457609855,23.450358019756735
game8/Clip8,192,player_bottom,4.16799076891595,8.141999898447228
game8/Clip8,192,player_top,7.530262995748569,22.993578064329814
game8/Clip8,193,player_bottom,4.142465874482314,8.146244478167366
game8/Clip8,193,player_top,7.3923561301270775,22.876546299966463
game8/Clip8,194,player_bottom,4.114816517799758,8.151622817879705
game8/Clip8,194,player_top,7.194370228869264,22.732245633070555
game8/Clip8,195,player_bottom,4.087387047215862,8.157618007643787
game8/Clip8,195,player_top,7.0277831395245896,22.635822155191477
game8/Clip8,196,player_bottom,4.055601425953501,8.162925755327949
game8/Clip8,196,player_top,6.913422945411359,22.964743786606586
game8/Clip8,197,player_bottom,4.033804921757667,8.166034261445166
game8/Clip8,197,player_top,6.703498590249038,22.27752508944383
game8/Clip8,198,player_bottom,4.016607572860568,8.169195245578532
game8/Clip8,198,player_top,6.5093429372267275,21.479206520839032
game8/Clip8,199,player_bottom,4.00217843573191,8.174640140681221
game8/Clip8,199,player_top,6.336623424890354,21.16024538663932
game8/Clip8,200,player_bottom,3.9872189646907397,8.1804190220091
game8/Clip8,200,player_top,6.158853558954421,20.74833475592576
game8/Clip8,201,player_bottom,3.974518684249263,8.184259002900564
game8/Clip8,201,player_top,6.048336820363393,20.44480174714459
game8/Clip8,202,player_bottom,3.959515903081842,8.18808020567917
game8/Clip8,202,player_top,5.990773828521345,20.32219217593115
game8/Clip8,203,player_bottom,3.946596014575216,8.193170202532967
game8/Clip8,203,player_top,5.924706127534102,20.12454007717353
game8/Clip8,204,player_bottom,3.9347114666315277,8.196107482387355
game8/Clip8,204,player_top,5.8385827040770035,20.085340159098685
game8/Clip8,205,player_bottom,3.9239695362137597,8.198080012232449
game8/Clip8,205,player_top,5.64045457974271,19.6437153840943
game8/Clip8,206,player_bottom,3.924565044158763,8.198984539889683
game8/Clip8,206,player_top,5.454650909787611,19.022020564730138
game8/Clip8,207,player_bottom,3.900546405542959,8.202320450635419
game8/Clip8,207,player_top,5.310739129554327,18.37590640425781
game8/Clip8,208,player_bottom,3.904740032679015,8.199569884560796
game8/Clip8,208,player_top,5.235703381939833,18.122794260318834
game8/Clip8,209,player_bottom,3.906847727907635,8.198295064177895
game8/Clip8,209,player_top,5.19906692062141,17.9926394606228
game8/Clip8,210,player_bottom,3.9006814239836927,8.197511809556943
game8/Clip8,210,player_top,5.172734077315837,17.933554475958985
game8/Clip8,211,player_bottom,3.888436556096218,8.197026579304302
game8/Clip8,211,player_top,5.147604359217081,17.80981179886206
game8/Clip8,212,player_bottom,3.873103543991485,8.197617166613695
game8/Clip8,212,player_top,5.138672611014349,17.81263708528007
game8/Clip8,213,player_bottom,3.8564609488218364,8.199475234690857
game8/Clip8,213,player_top,5.1436300113894395,17.775185862685483
game8/Clip8,214,player_bottom,3.843629132331849,8.198831519185388
game8/Clip8,214,player_top,5.1937951597322485,17.791862034570926
game8/Clip8,215,player_bottom,3.836516193708538,8.195359145654805
game8/Clip8,215,player_top,5.268340128367918,17.704517521689283
game8/Clip8,216,player_bottom,3.8307280211486803,8.19414260451686
game8/Clip8,216,player_top,5.418076093771282,17.711071358177513
game8/Clip8,217,player_bottom,3.823969179479563,8.194549356798486
game8/Clip8,217,player_top,5.604544773120131,17.79444424833935
game8/Clip8,218,player_bottom,3.8323965424736377,8.192094318032176
game8/Clip8,218,player_top,5.831425621807874,17.872610165947794
game8/Clip8,219,player_bottom,3.8362211134926714,8.19123439435063
game8/Clip8,219,player_top,5.941909412176907,17.843848303943474
game8/Clip8,220,player_bottom,3.8415729205250724,8.189592196569366
game8/Clip8,220,player_top,5.968256070644876,17.467174687858833
game8/Clip8,221,player_bottom,3.852103588628182,8.185706204149428
game8/Clip8,221,player_top,6.061465363539481,17.51228893907459
game8/Clip8,222,player_bottom,3.8563867585299043,8.185004446821123
game8/Clip8,222,player_top,6.126418752325036,17.077476456868993
game8/Clip8,223,player_bottom,3.86280165599601,8.184331643599988
game8/Clip8,223,player_top,6.21674667091377,16.68854827406919
game8/Clip8,224,player_bottom,3.8900435953165338,8.176631959684297
game8/Clip8,224,player_top,6.464119967241556,16.657934759228162
game8/Clip8,225,player_bottom,3.9037818406066473,8.170644647575823
game8/Clip8,225,player_top,6.714108254154096,16.628699206011834
game8/Clip8,226,player_bottom,3.9096499349082268,8.165166617557217
game8/Clip8,226,player_top,6.885884099578183,16.491210487093877
game8/Clip8,227,player_bottom,3.9234162125345278,8.15731375156009
game8/Clip8,227,player_top,7.036180813934671,16.4612862515292
game8/Clip8,228,player_bottom,3.9417060645112816,8.150492755396375
game8/Clip8,228,player_top,7.115082441039287,16.423199356117202
game8/Clip8,229,player_bottom,3.957258262308211,8.139782640186102
game8/Clip8,229,player_top,7.255325556161036,16.41312315788713
game8/Clip8,230,player_bottom,3.970352981342262,8.130076400831179
game8/Clip8,230,player_top,7.281231506055527,15.99609782802544
game8/Clip8,231,player_bottom,3.9799589356352794,8.121177371569976
game8/Clip8,231,player_top,7.362426669994692,15.86385615864741
game8/Clip8,232,player_bottom,3.9879361201386696,8.115596120075555
game8/Clip8,232,player_top,7.427605106716324,15.825332122846035
game8/Clip8,233,player_bottom,3.9887594793631136,8.113774888496295
game8/Clip8,233,player_top,7.3887745848187105,15.523226833046591
game8/Clip8,234,player_bottom,3.9869311074033424,8.113540037034387
game8/Clip8,234,player_top,7.458850860114629,15.624108771200623
game8/Clip8,235,player_bottom,3.983849213881247,8.114058861503771
game8/Clip8,235,player_top,7.5709634603233775,15.866532936349286
game8/Clip8,236,player_bottom,3.982136362378952,8.115544254647947
game8/Clip8,236,player_top,7.645788950974541,15.964165297347739
game8/Clip8,237,player_bottom,3.979284688594833,8.117295660242643
game8/Clip8,237,player_top,7.679924495932039,15.9791231528398
game8/Clip8,238,player_bottom,3.973186125875287,8.118980813966381
game8/Clip8,238,player_top,7.699638194039235,15.997747496173522
game8/Clip8,239,player_bottom,3.967795310225911,8.118513214520798
game8/Clip8,239,player_top,7.736165942595148,16.07729144985252
game8/Clip8,240,player_bottom,3.9641530778354013,8.11544197482678
game8/Clip8,240,player_top,7.750713197655089,16.035520616357484
game8/Clip8,241,player_bottom,3.9598770852365575,8.112649311758444
game8/Clip8,241,player_top,7.758091365109536,16.001658541261467
game8/Clip8,242,player_bottom,3.959140603951779,8.10705095720509
game8/Clip8,242,player_top,7.7744259738549815,15.981350511984397
game8/Clip8,243,player_bottom,3.959005492431045,8.103132983810248
game8/Clip8,243,player_top,7.830843143460862,16.080902511859417
game8/Clip8,244,player_bottom,3.958786293496278,8.10254327597942
game8/Clip8,244,player_top,7.843507325650675,16.03412265338461
game8/Clip8,245,player_bottom,3.95743253965469,8.104190687867193
game8/Clip8,245,player_top,7.840509506325814,15.99915548367637
game8/Clip8,246,player_bottom,3.95410656203261,8.106076661896449
game8/Clip8,246,player_top,7.8324083436503535,15.947458115576922
game8/Clip8,247,player_bottom,3.9388707785056156,8.109208146008326
game8/Clip8,247,player_top,7.822505998560763,15.947251759684153
game8/Clip8,248,player_bottom,3.918445890039591,8.112625719015814
game8/Clip8,248,player_top,7.802244742085056,15.913983393084143
game8/Clip8,249,player_bottom,3.904788462049085,8.115950414363132
game8/Clip8,249,player_top,7.777026700454764,15.89007615625939
game8/Clip8,250,player_bottom,3.8934959903033537,8.120807241096879
game8/Clip8,250,player_top,7.666606192051318,15.880205957044724
game8/Clip8,251,player_bottom,3.884606096346798,8.122846782661394
game8/Clip8,251,player_top,7.591354925758327,15.870031870451367
game8/Clip8,252,player_bottom,3.876703030934426,8.122181601453565
game8/Clip8,252,player_top,7.550809891322546,15.876214453821175
game8/Clip8,253,player_bottom,3.8733852224073075,8.120292988364668
game8/Clip8,253,player_top,7.48492247316611,15.924062748945614
game8/Clip8,254,player_bottom,3.871696674792789,8.120459813571738
game8/Clip8,254,player_top,7.459927429356649,15.993344960164407
game8/Clip8,255,player_bottom,3.8735621473530593,8.119765018489257
game8/Clip8,255,player_top,7.4339322673706905,16.01289027768853
game8/Clip8,256,player_bottom,3.8814336949688424,8.11938552561413
game8/Clip8,256,player_top,7.391615968797632,15.994090267540658
game8/Clip8,257,player_bottom,3.888192462144825,8.125192724292017
game8/Clip8,257,player_top,7.309202971208864,16.23112941868542
game8/Clip8,258,player_bottom,3.883189062344046,8.150507517734345
game8/Clip8,258,player_top,7.208250140683336,16.40491458964613
game8/Clip8,259,player_bottom,3.8876143342744482,8.161719326508189
game8/Clip8,259,player_top,7.111204717870559,16.541040185301917
game8/Clip8,260,player_bottom,3.8954816158726846,8.171228349365586
game8/Clip8,260,player_top,7.010172948137436,16.638922502131855
game8/Clip8,261,player_bottom,3.896546514755289,8.179229236347606
game8/Clip8,261,player_top,6.901321395599334,16.783726588312582
game8/Clip8,262,player_bottom,3.9184243794017077,8.177924005236562
game8/Clip8,262,player_top,6.787551077146305,16.864552091007244
game8/Clip8,263,player_bottom,3.940319969695251,8.175559929997139
game8/Clip8,263,player_top,6.6203544160443855,16.645163169248963
game8/Clip8,264,player_bottom,3.961576146337307,8.172439226237474
game8/Clip8,264,player_top,6.496414885044988,16.56947603825207
game8/Clip8,265,player_bottom,3.9662721209931444,8.171840390753312
game8/Clip8,265,player_top,6.32803230707319,16.564564120264485
game8/Clip8,266,player_bottom,3.9634317743393663,8.17234571054815
game8/Clip8,266,player_top,6.11852361200462,16.512193645723883
game8/Clip8,267,player_bottom,3.9548966598500743,8.17490218465579
game8/Clip8,267,player_top,5.97293059841909,16.554488310396415
game8/Clip8,268,player_bottom,3.954180298144115,8.176460337521283
game8/Clip8,268,player_top,5.914758521470166,16.583865936680134
game8/Clip8,269,player_bottom,3.955583694946029,8.17808937578284
game8/Clip8,269,player_top,5.840467976018161,16.64005614043136
game8/Clip8,270,player_bottom,3.95846500252412,8.179369745590668
game8/Clip8,270,player_top,5.761383810946626,16.778218550369672
game8/Clip8,271,player_bottom,3.9601131181577434,8.184630099733816
game8/Clip8,271,player_top,5.708701275292354,17.162591774707234
game8/Clip8,272,player_bottom,3.964247782176689,8.191141661961124
game8/Clip8,272,player_top,5.700439722888374,17.663970984080454
game8/Clip8,273,player_bottom,3.9637039953201714,8.212848059209376
game8/Clip8,273,player_top,5.693220134894661,18.392413126922204
game8/Clip8,274,player_bottom,3.9678529445561903,8.223552612465062
game8/Clip8,274,player_top,5.664666598836931,19.030009317215523
game8/Clip8,275,player_bottom,3.97399298285282,8.230164420249722
game8/Clip8,275,player_top,5.539665795624682,19.01105438045286
game8/Clip8,276,player_bottom,3.982425552136078,8.229162648978841
game8/Clip8,276,player_top,5.473304534325127,19.09247301976387
game8/Clip8,277,player_bottom,3.9887466644744287,8.232463772853876
game8/Clip8,277,player_top,5.392655151969914,19.23765347449344
game8/Clip8,278,player_bottom,3.9971736289251845,8.23214948537179
game8/Clip8,278,player_top,5.313630950763382,19.200774750133547
game8/Clip8,279,player_bottom,4.014173562187727,8.230429453705385
game8/Clip8,279,player_top,5.272057898883582,19.211562518889387
game8/Clip8,280,player_bottom,4.0356039845414955,8.226163317906657
game8/Clip8,280,player_top,5.271693776456835,19.275265593352454
game8/Clip8,281,player_bottom,4.05532325291439,8.223050085934181
game8/Clip8,281,player_top,5.256806208074189,19.40811573736434
game8/Clip8,282,player_bottom,4.053540939864887,8.223519023130873
game8/Clip8,282,player_top,5.099398411620502,19.967318062153332
game8/Clip8,283,player_bottom,4.067250222374987,8.22314727462477
game8/Clip8,283,player_top,4.8829644339542835,20.87334965650618
game8/Clip8,284,player_bottom,4.075986265073925,8.226660995815312
game8/Clip8,284,player_top,4.636779499280974,21.15044655988189
game8/Clip8,285,player_bottom,4.084401659219103,8.234468030978675
game8/Clip8,285,player_top,4.329298167707299,21.377425799453444
game8/Clip8,286,player_bottom,4.09030243905286,8.246589226276354
game8/Clip8,286,player_top,4.036668791204628,21.621299592255877
game8/Clip8,287,player_bottom,4.093896229238764,8.259735534420313
game8/Clip8,287,player_top,3.764234034775279,21.720646015146876
game8/Clip8,288,player_bottom,4.093449576559511,8.27057143928103
game8/Clip8,288,player_top,3.532303617448718,21.637802870424785
game8/Clip8,289,player_bottom,4.098285467537088,8.275728046665625
game8/Clip8,289,player_top,3.2425327527384167,22.219968736336718
game8/Clip8,290,player_bottom,4.103930655961777,8.28034888546473
game8/Clip8,290,player_top,3.011136441596992,22.67584533554253
game8/Clip8,291,player_bottom,4.106951685639276,8.283863674602784
game8/Clip8,291,player_top,2.8151152700543083,22.088277066029715
game8/Clip8,292,player_bottom,4.1038249147663315,8.294171845417909
game8/Clip8,292,player_top,2.605739636429318,21.944844699119113
game8/Clip8,293,player_bottom,4.1025316263168214,8.306192690755047
game8/Clip8,293,player_top,2.281229861885499,21.838415500509644
game8/Clip8,294,player_bottom,4.110628590034676,8.312852615145573
game8/Clip8,294,player_top,2.0080297266184233,21.73290576217757
game8/Clip8,295,player_bottom,4.116806940069739,8.31741332852364
game8/Clip8,295,player_top,1.7114896584132009,21.730256786451175
game8/Clip8,296,player_bottom,4.120208536269815,8.327692732943579
game8/Clip8,296,player_top,1.382375015542152,21.694060330356223
game8/Clip8,297,player_bottom,4.120525024812406,8.33502060271395
game8/Clip8,297,player_top,1.1941628626629095,21.615580101179464
game8/Clip8,298,player_bottom,4.120492930852906,8.338171160582133
game8/Clip8,298,player_top,0.9969646230398915,21.793131503948747
game8/Clip8,299,player_bottom,4.118787565696577,8.343967320029083
game8/Clip8,299,player_top,0.810273700411735,22.001319246140504
game8/Clip8,300,player_bottom,4.116394398479269,8.345031923964285
game8/Clip8,300,player_top,0.6354917468755743,22.047648590988093
game8/Clip8,301,player_bottom,4.110948763681674,8.351583072205031
game8/Clip8,301,player_top,0.32580549538718906,22.53499599229715
game8/Clip8,302,player_bottom,4.109872088556075,8.355608492047963
game8/Clip8,302,player_top,0.11742285015619654,22.67252522528199
game8/Clip8,303,player_bottom,4.110829990773523,8.362574940834659
game8/Clip8,303,player_top,-0.23581727550196022,23.463633815541044
game8/Clip8,304,player_bottom,4.112012815222859,8.37013894198652
game8/Clip8,304,player_top,-0.5035176487686875,23.828588599673665
game8/Clip8,305,player_bottom,4.112551856574565,8.376802533381644
game8/Clip8,305,player_top,-0.7421673567449942,24.189153570536323
game8/Clip8,306,player_bottom,4.111239733271606,8.384687432772376
game8/Clip8,306,player_top,-0.8932254261143343,24.19214270386017
game8/Clip8,307,player_bottom,4.1087778916761355,8.393546318607722
game8/Clip8,307,player_top,-0.9989756578963735,24.024767057305887
game8/Clip8,308,player_bottom,4.1058884657146315,8.402154067890873
game8/Clip8,308,player_top,-1.1476110533690533,23.996706919366783
game8/Clip8,309,player_bottom,4.103635381101274,8.408379081721586
game8/Clip8,309,player_top,-1.376913821890038,24.10674280613123
game8/Clip8,310,player_bottom,4.108833747429922,8.411017730879891
game8/Clip8,310,player_top,-1.5701885306538834,24.261707495782776
game8/Clip8,311,player_bottom,4.111842034416846,8.413120273505248
game8/Clip8,311,player_top,-1.742420868778798,24.436314172894864
game8/Clip8,312,player_bottom,4.114150176272663,8.414549199501067
game8/Clip8,312,player_top,-1.8303482816608099,24.527994680559843
game8/Clip8,313,player_bottom,4.1162875582871505,8.41545367919983
game8/Clip8,313,player_top,-1.864363739358497,24.538820634967692
game8/Clip8,314,player_bottom,4.117113076362605,8.41875805920531
game8/Clip8,314,player_top,-1.884780239840567,24.455572798564724
game8/Clip8,315,player_bottom,4.1166283664381185,8.420947580061048
game8/Clip8,315,player_top,-2.0428931563589376,24.6768052640613
game8/Clip8,316,player_bottom,4.11765625583529,8.42548091651718
game8/Clip8,316,player_top,-2.1886683051233704,24.819481450052997
game8/Clip8,317,player_bottom,4.112421977703159,8.435415754646883
game8/Clip8,317,player_top,-2.2916810835281676,24.81705303552805
game8/Clip8,318,player_bottom,4.111087223553579,8.446604923213725
game8/Clip8,318,player_top,-2.3457274110708597,24.795092121090573
game8/Clip9,0,player_bottom,4.043920385525812,8.136074373324462
game8/Clip9,0,player_top,10.828605871905763,23.57739622304642
game8/Clip9,1,player_bottom,4.043920385525812,8.136074373324462
game8/Clip9,1,player_top,10.828605871905763,23.57739622304642
game8/Clip9,2,player_bottom,4.047213592184727,8.141860559929345
game8/Clip9,2,player_top,10.83643387964544,23.592612993222424
game8/Clip9,3,player_bottom,4.051015045878513,8.153484258914206
game8/Clip9,3,player_top,10.831697286070458,23.58015277914009
game8/Clip9,4,player_bottom,4.060342154701322,8.162878204881821
game8/Clip9,4,player_top,10.822895228747003,23.559559522750742
game8/Clip9,5,player_bottom,4.071614040102973,8.166631536307323
game8/Clip9,5,player_top,10.832439118239426,23.581048437382695
game8/Clip9,6,player_bottom,4.081892625112958,8.167982338938122
game8/Clip9,6,player_top,10.844574930298604,23.61043967812533
game8/Clip9,7,player_bottom,4.086167916420451,8.169980817765166
game8/Clip9,7,player_top,10.846448696780849,23.654519177594644
game8/Clip9,8,player_bottom,4.087161797130409,8.174477547273465
game8/Clip9,8,player_top,10.783436323688363,23.71171985226911
game8/Clip9,9,player_bottom,4.087692533010842,8.180771508744387
game8/Clip9,9,player_top,10.571388605007883,23.48180424111539
game8/Clip9,10,player_bottom,4.088796776340852,8.180696274143228
game8/Clip9,10,player_top,10.271734693781601,22.997661285800433
game8/Clip9,11,player_bottom,4.084091956534064,8.180514855110436
game8/Clip9,11,player_top,10.067930669988053,22.623975723277297
game8/Clip9,12,player_bottom,4.080482737191471,8.180325788843861
game8/Clip9,12,player_top,10.007074164603601,22.520679705672443
game8/Clip9,13,player_bottom,4.077112399556763,8.180782524319204
game8/Clip9,13,player_top,10.007880439421944,22.522009697212283
game8/Clip9,14,player_bottom,4.07295178402394,8.181368147315242
game8/Clip9,14,player_top,9.956024711302415,22.36291612414115
game8/Clip9,15,player_bottom,4.06721827812055,8.183370641229882
game8/Clip9,15,player_top,9.887482833829013,22.08023352967487
game8/Clip9,16,player_bottom,4.065035355462831,8.182646250265135
game8/Clip9,16,player_top,10.119129752448375,22.518915955867413
game8/Clip9,17,player_bottom,4.058592661058931,8.186164415417744
game8/Clip9,17,player_top,9.968810182697794,21.965739399464866
game8/Clip9,18,player_bottom,4.0601762664176695,8.184185134347949
game8/Clip9,18,player_top,9.96690017453845,21.841043715798975
game8/Clip9,19,player_bottom,4.0633664916053265,8.179504506783571
game8/Clip9,19,player_top,10.02295294783864,21.767705129782247
game8/Clip9,20,player_bottom,4.069412165719616,8.174784315641475
game8/Clip9,20,player_top,10.04812803797706,21.519124951542462
game8/Clip9,21,player_bottom,4.071620094481579,8.171179630969052
game8/Clip9,21,player_top,10.124599890001846,21.400566125240836
game8/Clip9,22,player_bottom,4.069161646059249,8.16703838098479
game8/Clip9,22,player_top,10.15522753385168,21.213674834934096
game8/Clip9,23,player_bottom,4.062683544913071,8.162004046868931
game8/Clip9,23,player_top,10.183807574788318,21.004871146380154
game8/Clip9,24,player_bottom,4.0604428405501904,8.15750955071194
game8/Clip9,24,player_top,10.254479110113415,20.99734491955028
game8/Clip9,25,player_bottom,4.059601641336659,8.15445007826188
game8/Clip9,25,player_top,10.360573039539535,20.948539660414156
game8/Clip9,26,player_bottom,4.055186746365106,8.151647792559464
game8/Clip9,26,player_top,10.429937896893726,20.717904872935122
game8/Clip9,27,player_bottom,4.045624437335613,8.151590633156037
game8/Clip9,27,player_top,10.46881453774239,20.51178855087047
game8/Clip9,28,player_bottom,4.0338748381917195,8.153826373736843
game8/Clip9,28,player_top,10.504789815965081,20.320446614342632
game8/Clip9,29,player_bottom,4.021275438242751,8.155167705281519
game8/Clip9,29,player_top,10.26634262569347,19.61929790650095
game8/Clip9,30,player_bottom,4.011392813205823,8.149008934270421
game8/Clip9,30,player_top,10.166429535952853,19.178611157039413
game8/Clip9,31,player_bottom,3.9970778640668745,8.144761795776787
game8/Clip9,31,player_top,10.234535422950389,19.07447759754877
game8/Clip9,32,player_bottom,3.984099467065679,8.135478002919282
game8/Clip9,32,player_top,10.301412562337118,18.878057634312114
game8/Clip9,33,player_bottom,3.9718288847636214,8.12771421430926
game8/Clip9,33,player_top,10.000876953670554,17.936370295966803
game8/Clip9,34,player_bottom,3.959119572526016,8.122148826877433
game8/Clip9,34,player_top,9.93491168406345,17.594873223671247
game8/Clip9,35,player_bottom,3.9509151805616454,8.120895893592051
game8/Clip9,35,player_top,9.959314882294585,17.501981727950476
game8/Clip9,36,player_bottom,3.946093242498412,8.122339298872216
game8/Clip9,36,player_top,9.938847623486211,17.40145433126121
game8/Clip9,37,player_bottom,3.944032787085122,8.124680375694512
game8/Clip9,37,player_top,9.940403409763515,17.369570343060353
game8/Clip9,38,player_bottom,3.9344985103987424,8.128652521791638
game8/Clip9,38,player_top,9.92364387643898,17.289441582644987
game8/Clip9,39,player_bottom,3.910905449711927,8.134077447002772
game8/Clip9,39,player_top,9.905135356001278,17.2682885056678
game8/Clip9,40,player_bottom,3.8820818445117067,8.138498804065726
game8/Clip9,40,player_top,9.866613669712734,17.249922294720957
game8/Clip9,41,player_bottom,3.8544310058154814,8.139848400508818
game8/Clip9,41,player_top,9.800116559807389,17.237641072481356
game8/Clip9,42,player_bottom,3.827261430562532,8.140261186219817
game8/Clip9,42,player_top,9.77915835430457,17.29979781917468
game8/Clip9,43,player_bottom,3.806932363544181,8.141472526482765
game8/Clip9,43,player_top,9.73183121507514,17.40371176455842
game8/Clip9,44,player_bottom,3.797121179393748,8.140199193823781
game8/Clip9,44,player_top,9.61689854100969,17.47908558251468
game8/Clip9,45,player_bottom,3.7823791461738314,8.137904455711668
game8/Clip9,45,player_top,9.427634937930144,17.538980057736428
game8/Clip9,46,player_bottom,3.7732236084290385,8.137539606540201
game8/Clip9,46,player_top,9.278581029285387,17.56564103052092
game8/Clip9,47,player_bottom,3.765187009242426,8.138465028467726
game8/Clip9,47,player_top,9.226940596320633,17.733045279422306
game8/Clip9,48,player_bottom,3.754247424215653,8.140526631174884
game8/Clip9,48,player_top,9.92037887194263,19.595556627959603
game8/Clip9,49,player_bottom,3.7461444861113344,8.141007961890894
game8/Clip9,49,player_top,9.021437437825663,17.930546405772642
game8/Clip9,50,player_bottom,3.734729771775698,8.143333361125256
game8/Clip9,50,player_top,8.711837520142879,17.712184458968537
game8/Clip9,51,player_bottom,3.7246626079005156,8.14499075233885
game8/Clip9,51,player_top,8.427925331264817,17.512968083321276
game8/Clip9,52,player_bottom,3.730029337765244,8.14445786650119
game8/Clip9,52,player_top,8.27043252752977,17.384384100838226
game8/Clip9,53,player_bottom,3.729679978529734,8.145141282418999
game8/Clip9,53,player_top,8.233331620584698,17.260465376693666
game8/Clip9,54,player_bottom,3.729261054444651,8.144989955798058
game8/Clip9,54,player_top,8.220689961846297,17.428874809529745
game8/Clip9,55,player_bottom,3.7251751721293944,8.145709322976543
game8/Clip9,55,player_top,8.196611292985287,18.044335586319026
game8/Clip9,56,player_bottom,3.724939611994953,8.145732736036186
game8/Clip9,56,player_top,7.873651447991669,17.727642960034864
game8/Clip9,57,player_bottom,3.7412735446735126,8.14372020329809
game8/Clip9,57,player_top,7.552253674509312,17.32611389439541
game8/Clip9,58,player_bottom,3.753965369898202,8.14194900237466
game8/Clip9,58,player_top,7.211050314536861,16.96301072562479
game8/Clip9,59,player_bottom,3.765244995377986,8.140788220933025
game8/Clip9,59,player_top,6.9745749721519195,16.77799294058228
game8/Clip9,60,player_bottom,3.774508446095787,8.140821701485358
game8/Clip9,60,player_top,6.90270473117126,16.798573780216476
game8/Clip9,61,player_bottom,3.7877496377183166,8.138944746151255
game8/Clip9,61,player_top,6.8548668355027065,16.74432399698057
game8/Clip9,62,player_bottom,3.804026915936696,8.13378822066356
game8/Clip9,62,player_top,6.840988309016066,16.796780680278918
game8/Clip9,63,player_bottom,3.8088768312604464,8.13086513506841
game8/Clip9,63,player_top,6.7894927948943415,16.905718098217857
game8/Clip9,64,player_bottom,3.8142812636182737,8.128959066123532
game8/Clip9,64,player_top,6.737346784295569,17.139846914119843
game8/Clip9,65,player_bottom,3.8209748863368667,8.127657242150352
game8/Clip9,65,player_top,6.675729206072645,17.500240840045084
game8/Clip9,66,player_bottom,3.8298573308268327,8.126078573371482
game8/Clip9,66,player_top,6.421285612043496,17.177105274176295
game8/Clip9,67,player_bottom,3.849765092984587,8.12344136149051
game8/Clip9,67,player_top,6.27251730237367,16.947059700834494
game8/Clip9,68,player_bottom,3.854170881073035,8.123343405900547
game8/Clip9,68,player_top,6.185703823356395,17.00273325159974
game8/Clip9,69,player_bottom,3.861273943120337,8.122067767873029
game8/Clip9,69,player_top,6.103415039229246,16.97628529916222
game8/Clip9,70,player_bottom,3.8787291018962278,8.117100651031778
game8/Clip9,70,player_top,6.0390946788281346,16.984292436218805
game8/Clip9,71,player_bottom,3.900263591873831,8.112189983294702
game8/Clip9,71,player_top,6.025900496035854,16.960802501210445
game8/Clip9,72,player_bottom,3.9236477548744007,8.106949026220796
game8/Clip9,72,player_top,5.970158531666271,17.01547848193545
game8/Clip9,73,player_bottom,3.9354683956851177,8.112466066921158
game8/Clip9,73,player_top,5.974855423181889,16.97882859776074
game8/Clip9,74,player_bottom,3.9488479672819428,8.10461182010625
game8/Clip9,74,player_top,5.9120460165978015,16.921494554153934
game8/Clip9,75,player_bottom,3.957603116971169,8.094571720539813
game8/Clip9,75,player_top,5.8945681937797225,17.1817080455897
game8/Clip9,76,player_bottom,3.963242807728134,8.088433564516787
game8/Clip9,76,player_top,5.92516278452085,17.516483206432746
game8/Clip9,77,player_bottom,3.9809054580507226,8.081235506875073
game8/Clip9,77,player_top,6.0608663874882565,18.414760447242646
game8/Clip9,78,player_bottom,4.004259935519759,8.07477519858309
game8/Clip9,78,player_top,6.205931567916615,19.190109679250742
game8/Clip9,79,player_bottom,4.029871621631832,8.070178494596712
game8/Clip9,79,player_top,6.3447480963605365,19.70949489686872
game8/Clip9,80,player_bottom,4.049948978149652,8.066504882911593
game8/Clip9,80,player_top,6.521783705707871,20.502629697198095
game8/Clip9,81,player_bottom,4.064269203297503,8.064161538496322
game8/Clip9,81,player_top,6.674374276481503,21.066209936608733
game8/Clip9,82,player_bottom,4.07382641209397,8.061895866573783
game8/Clip9,82,player_top,6.781907957994196,21.388125840160903
game8/Clip9,83,player_bottom,4.078810096281047,8.059310753819961
game8/Clip9,83,player_top,6.881037343038009,21.521854595228092
game8/Clip9,84,player_bottom,4.087534270589293,8.056161842400225
game8/Clip9,84,player_top,6.921617700630455,21.399575377384007
game8/Clip9,85,player_bottom,4.100215121194453,8.053510219887952
game8/Clip9,85,player_top,6.903480820410534,21.20385370657294
game8/Clip9,86,player_bottom,4.1136931666581935,8.051649742064676
game8/Clip9,86,player_top,7.042276283173074,21.91881635597422
game8/Clip9,87,player_bottom,4.120814895724706,8.051761357102444
game8/Clip9,87,player_top,7.224473437732441,22.845401951850448
game8/Clip9,88,player_bottom,4.12744158512564,8.050523500154656
game8/Clip9,88,player_top,7.4454369204785085,24.013543354052686
game8/Clip9,89,player_bottom,4.13607431660899,8.046947086376573
game8/Clip9,89,player_top,7.571753738746172,24.758980272516936
game8/Clip9,90,player_bottom,4.146359844638019,8.043231164825555
game8/Clip9,90,player_top,7.69075003768682,25.39873425937381
game8/Clip9,91,player_bottom,4.158747943162689,8.037677041731017
game8/Clip9,91,player_top,7.659112193729649,25.372433172032288
game8/Clip9,92,player_bottom,4.171071218657657,8.033042546741594
game8/Clip9,92,player_top,7.719609878299794,25.43010426146603
game8/Clip9,93,player_bottom,4.18161324915537,8.030886269447176
game8/Clip9,93,player_top,7.6466726464498525,25.39051933084282
game8/Clip9,94,player_bottom,4.186364579037822,8.029205750923557
game8/Clip9,94,player_top,7.3559504290558735,24.077189815208346
game8/Clip9,95,player_bottom,4.190672073024314,8.025284071446427
game8/Clip9,95,player_top,7.519918634220489,25.106347814767773
game8/Clip9,96,player_bottom,4.197565962225511,8.019940546641966
game8/Clip9,96,player_top,7.446610059412047,25.127619129037377
game8/Clip9,97,player_bottom,4.20156537297228,8.012588085833643
game8/Clip9,97,player_top,7.825770413768907,28.162705808843402
game8/Clip9,98,player_bottom,4.204061713821977,8.007001172628707
game8/Clip9,98,player_top,7.429697618302809,26.68023119288912
game8/Clip9,99,player_bottom,4.201812289808415,8.003866522849346
game8/Clip9,99,player_top,7.06306435907577,25.134006055367422
game8/Clip9,100,player_bottom,4.200371333044307,8.000936765861123
game8/Clip9,100,player_top,6.8807745688049335,24.55947978853712
game8/Clip9,101,player_bottom,4.199457299547595,7.99941071735325
game8/Clip9,101,player_top,6.67237541211338,23.735527328879247
game8/Clip9,102,player_bottom,4.198775741649894,7.999227635349843
game8/Clip9,102,player_top,6.501283357917088,23.08229681479907
game8/Clip9,103,player_bottom,4.199237541764724,8.000379023397182
game8/Clip9,103,player_top,6.340577126640156,22.463107482056525
game8/Clip9,104,player_bottom,4.19757050617693,8.002341670690631
game8/Clip9,104,player_top,6.238109980827796,22.16484076485637
game8/Clip9,105,player_bottom,4.191844680407822,8.004672224906765
game8/Clip9,105,player_top,6.155890477003856,22.065759111071486
game8/Clip9,106,player_bottom,4.185084032917508,8.005940415572967
game8/Clip9,106,player_top,6.086837800019061,21.875201203846583
game8/Clip9,107,player_bottom,4.175942817644318,8.008104155955492
game8/Clip9,107,player_top,6.104721365272907,21.942860938097233
game8/Clip9,108,player_bottom,4.166352611444209,8.0089452113429
game8/Clip9,108,player_top,6.038894701328706,22.014252344620438
game8/Clip9,109,player_bottom,4.15452845886325,8.010552928584723
game8/Clip9,109,player_top,5.940781676432607,22.109257093164672
game8/Clip9,110,player_bottom,4.144341424350205,8.007715926775045
game8/Clip9,110,player_top,5.793960808743973,22.123083002504483
game8/Clip9,111,player_bottom,4.135379637262748,8.004970968849875
game8/Clip9,111,player_top,5.744853626637754,22.11896343093161
game8/Clip9,112,player_bottom,4.129452621128615,8.003017674991069
game8/Clip9,112,player_top,5.68564487446882,22.051054150572206
game8/Clip9,113,player_bottom,4.124981934430739,8.002085256265799
game8/Clip9,113,player_top,5.627483852658981,21.92906615059228
game8/Clip9,114,player_bottom,4.122550284009587,8.002026985522567
game8/Clip9,114,player_top,5.593596218778889,21.807500419558785
game8/Clip9,115,player_bottom,4.122858472169206,8.00221986358051
game8/Clip9,115,player_top,5.553853740232512,21.934296837473756
game8/Clip9,116,player_bottom,4.127672898411157,8.002014859683454
game8/Clip9,116,player_top,5.551411194040254,22.102082041264474
game8/Clip9,117,player_bottom,4.135749963484232,8.000960445634512
game8/Clip9,117,player_top,5.51592616223873,22.217613105685775
game8/Clip9,118,player_bottom,4.151147888307167,7.997836290798547
game8/Clip9,118,player_top,5.456682235765225,22.27168557801
game8/Clip9,119,player_bottom,4.178820173730282,7.993269354422471
game8/Clip9,119,player_top,5.3944344368262405,21.85842405713426
game8/Clip9,120,player_bottom,4.214770479667593,7.987434494546105
game8/Clip9,120,player_top,5.369611386938166,21.652354510589685
game8/Clip9,121,player_bottom,4.245552652467533,7.982174159932016
game8/Clip9,121,player_top,5.328005477386124,21.591529006199575
game8/Clip9,122,player_bottom,4.268334611692418,7.978087609106337
game8/Clip9,122,player_top,5.2557847330086025,21.58298680095731
game8/Clip9,123,player_bottom,4.282020473524964,7.976233926328924
game8/Clip9,123,player_top,5.137877064490325,21.48109780497077
game8/Clip9,124,player_bottom,4.299873136767148,7.975040357071031
game8/Clip9,124,player_top,5.026413379541182,21.397396011356303
game8/Clip9,125,player_bottom,4.320039827736265,7.975727560376193
game8/Clip9,125,player_top,4.929221519799969,21.507742705459677
game8/Clip9,126,player_bottom,4.333869620701542,7.972885303299964
game8/Clip9,126,player_top,4.80185703579996,21.172740556949602
game8/Clip9,127,player_bottom,4.3476855307946645,7.9700458993894845
game8/Clip9,127,player_top,4.677373095730407,20.49722341569378
game8/Clip9,128,player_bottom,4.361487578909377,7.967209344350739
game8/Clip9,128,player_top,4.518248712917595,20.344425531766248
game8/Clip9,129,player_bottom,4.375275785897521,7.964375633898316
game8/Clip9,129,player_top,4.4127283461161655,20.18788849998951
game8/Clip9,130,player_bottom,4.389050172569133,7.961544763755402
game8/Clip9,130,player_top,4.319338131178828,20.080065335120285
game8/Clip9,131,player_bottom,4.40281075969256,7.958716729653746
game8/Clip9,131,player_top,4.21267571248967,20.08673472947413
game8/Clip9,132,player_bottom,4.416557567994552,7.955891527333654
game8/Clip9,132,player_top,4.157552600296697,20.040256347911598
game8/Clip9,133,player_bottom,4.4302906181603685,7.953069152543953
game8/Clip9,133,player_top,4.134523336383654,20.046434448333265
game8/Clip9,134,player_bottom,4.444009930833891,7.950249601041972
game8/Clip9,134,player_top,4.0942779806198235,19.92204958614698
game8/Clip9,135,player_bottom,4.457715526617721,7.947432868593531
game8/Clip9,135,player_top,4.037888002604263,19.985515681470556
game8/Clip9,136,player_bottom,4.471407426073282,7.9446189509729095
game8/Clip9,136,player_top,3.9142842976637655,20.22325782541011
game8/Clip9,137,player_bottom,4.485085649720915,7.941807843962824
game8/Clip9,137,player_top,3.7772688483394106,20.40825123763985
game8/Clip9,138,player_bottom,4.498750218039997,7.938999543354416
game8/Clip9,138,player_top,3.6843822047770525,20.61305001042432
game8/Clip9,139,player_bottom,4.512401151469038,7.9361940449472295
game8/Clip9,139,player_top,3.5391895784638847,21.28412021631148
game8/Clip9,140,player_bottom,4.526038470405772,7.933391344549181
game8/Clip9,140,player_top,3.364464985985515,21.67102782384045
game8/Clip9,141,player_bottom,4.5396621952072715,7.930591437976547
game8/Clip9,141,player_top,3.150325874605263,22.444662462596863
game8/Clip9,142,player_bottom,4.553272346190041,7.92779432105394
game8/Clip9,142,player_top,2.9603892618502785,23.04823718547504
game8/Clip9,143,player_bottom,4.566868943630124,7.92499998961429
game8/Clip9,143,player_top,2.7991559068811953,23.61809957336599
game8/Clip9,144,player_bottom,4.580452007763201,7.922208439498824
game8/Clip9,144,player_top,2.7427432085194567,23.6600024740368
game8/Clip9,145,player_bottom,4.594021558784686,7.919419666557038
game8/Clip9,145,player_top,2.7293259757413524,23.543721942801753
game8/Clip9,146,player_bottom,4.607577616849833,7.916633666646688
game8/Clip9,146,player_top,2.705197213944162,23.547178085439867
game8/Clip9,147,player_bottom,4.621120202073833,7.91385043563376
game8/Clip9,147,player_top,2.6704305892403326,23.731730980809242
game8/Clip9,148,player_bottom,4.634649334531909,7.911069969392451
game8/Clip9,148,player_top,2.5487280119717286,24.037946791545018
game8/Clip9,149,player_bottom,4.64816503425943,7.908292263805163
game8/Clip9,149,player_top,2.4332023365533697,24.300532964372273
game8/Clip9,150,player_bottom,4.661667321251986,7.905517314762454
game8/Clip9,150,player_top,2.4099698691937887,24.31021708761872
game8/Clip9,151,player_bottom,4.675156215465511,7.902745118163045
game8/Clip9,151,player_top,2.4220952610467346,24.339012814941697
game8/Clip9,152,player_bottom,4.688631736816364,7.8999756699137835
game8/Clip9,152,player_top,2.4555059201932,24.620326491145175
game8/Clip9,153,player_bottom,4.702093905181438,7.897208965929631
game8/Clip9,153,player_top,2.5578443125999373,24.236342636527965
game8/Clip9,154,player_bottom,4.7155427403982495,7.894445002133645
game8/Clip9,154,player_top,2.6868184364329375,23.595333091053227
game8/Clip9,155,player_bottom,4.728978262265042,7.89168377445695
game8/Clip9,155,player_top,2.9112527296088797,22.295007708190358
game8/Clip9,156,player_bottom,4.742400490540882,7.888925278838718
game8/Clip9,156,player_top,3.0126909919797926,21.56425056422318
game8/Clip9,157,player_bottom,4.75580944494575,7.886169511226163
game8/Clip9,157,player_top,3.0322596959816983,21.28988221230941
game8/Clip9,158,player_bottom,4.746613303629575,7.8877346600872285
game8/Clip9,158,player_top,3.075517635800632,21.133196602607295
game8/Clip9,159,player_bottom,4.7335809453468665,7.890447503824567
game8/Clip9,159,player_top,3.1084050354025083,21.04532045317347
game8/Clip9,160,player_bottom,4.717625420428934,7.8943999324790015
game8/Clip9,160,player_top,3.137997911466275,20.90772298922835
game8/Clip9,161,player_bottom,4.707427538502581,7.897647500857064
game8/Clip9,161,player_top,3.2359593914858933,20.63344009870172
game8/Clip9,162,player_bottom,4.69917972994551,7.902138242663641
game8/Clip9,162,player_top,3.328327593901402,20.800898776084125
game8/Clip9,163,player_bottom,4.687676156099513,7.906087478501529
game8/Clip9,163,player_top,3.3452287494196415,20.87617982912165
game8/Clip9,164,player_bottom,4.675562743236156,7.907694664391487
game8/Clip9,164,player_top,3.4122700978501417,20.136034993725605
game8/Clip9,165,player_bottom,4.658574658633821,7.91027435157761
game8/Clip9,165,player_top,3.4789126096676006,19.468305558147367
game8/Clip9,166,player_bottom,4.642513760820746,7.912428792240195
game8/Clip9,166,player_top,3.582614452018562,18.60396801839484
game8/Clip9,167,player_bottom,4.633439912245089,7.915543574614937
game8/Clip9,167,player_top,3.6549943289911244,17.67900105382709
game8/Clip9,168,player_bottom,4.6290735046996625,7.918946963175147
game8/Clip9,168,player_top,3.6837857074726243,17.13697748369141
game8/Clip9,169,player_bottom,4.624529526773863,7.9220506637711665
game8/Clip9,169,player_top,3.71272629928634,16.716579233032697
game8/Clip9,170,player_bottom,4.6136983434707615,7.926083124627064
game8/Clip9,170,player_top,3.718362983970294,16.504592544166925
game8/Clip9,171,player_bottom,4.592654337030197,7.930823101701299
game8/Clip9,171,player_top,3.7101598376178058,16.40133294924895
game8/Clip9,172,player_bottom,4.5662919709234995,7.937586264712568
game8/Clip9,172,player_top,3.740395040419138,16.380646598155497
game8/Clip9,173,player_bottom,4.535513328343816,7.945274804793162
game8/Clip9,173,player_top,3.73360780393103,16.382284168163707
game8/Clip9,174,player_bottom,4.511072089866079,7.949891978147752
game8/Clip9,174,player_top,3.729174901239136,16.3889857282184
game8/Clip9,175,player_bottom,4.49215218761021,7.953754973499182
game8/Clip9,175,player_top,3.7364614578162705,16.374811557725987
game8/Clip9,176,player_bottom,4.468064129725395,7.954604205506282
game8/Clip9,176,player_top,3.718445253768797,16.372459977952435
game8/Clip9,177,player_bottom,4.445709594643765,7.956998359317742
game8/Clip9,177,player_top,3.714326898108903,16.35962753409984
game8/Clip9,178,player_bottom,4.419174083549946,7.949202381218325
game8/Clip9,178,player_top,3.6449691823438033,16.277319268976573
game8/Clip9,179,player_bottom,4.391343668011705,7.949430525753585
game8/Clip9,179,player_top,3.615539265741064,16.281494579153563
game8/Clip9,180,player_bottom,4.367478042793168,7.951926333481256
game8/Clip9,180,player_top,3.6540525003486013,16.308939472061084
game8/Clip9,181,player_bottom,4.351553330756562,7.955152558702677
game8/Clip9,181,player_top,3.6776871045684167,16.368513720318642
game8/Clip9,182,player_bottom,4.347246003090706,7.959689493273452
game8/Clip9,182,player_top,3.6882292363493714,16.41714346080046
game8/Clip9,183,player_bottom,4.336940889978544,7.970505307111306
game8/Clip9,183,player_top,3.6895432560764783,16.456936126575876
game8/Clip9,184,player_bottom,4.326463987099888,7.976557287122557
game8/Clip9,184,player_top,3.6917810965005224,16.508204680344843
game8/Clip9,185,player_bottom,4.318453415198925,7.980841419090627
game8/Clip9,185,player_top,3.688607859497467,16.502977756352948
game8/Clip9,186,player_bottom,4.3127449546155185,7.984437235989526
game8/Clip9,186,player_top,3.6934237356676123,16.521562814561225
game8/Clip9,187,player_bottom,4.309216408351812,7.988783024619955
game8/Clip9,187,player_top,3.6878273453018853,16.525703929044216
game8/Clip9,188,player_bottom,4.307148723196239,7.992343068386796
game8/Clip9,188,player_top,3.694423668333191,16.566242809762493
game8/Clip9,189,player_bottom,4.302341834340079,7.999257206794163
game8/Clip9,189,player_top,3.676138691048386,16.597640911572462
game8/Clip9,190,player_bottom,4.296557939184844,8.00808698429593
game8/Clip9,190,player_top,3.6329534377027506,16.67803172745833
game8/Clip9,191,player_bottom,4.291284953989433,8.019090969629971
game8/Clip9,191,player_top,3.641346996787473,16.667346487513374
game8/Clip9,192,player_bottom,4.285051947404579,8.029376699115396
game8/Clip9,192,player_top,3.636634234188049,16.682138655024705
game8/Clip9,193,player_bottom,4.2775796799540595,8.039941507109514
game8/Clip9,193,player_top,3.6359241016393233,16.625982414496466
game8/Clip9,194,player_bottom,4.270220826172528,8.048313507735957
game8/Clip9,194,player_top,3.5877106309189575,16.665116090784906
game8/Clip9,195,player_bottom,4.2624560682679915,8.057051228151748
game8/Clip9,195,player_top,3.533610395866641,16.88781849932553
game8/Clip9,196,player_bottom,4.252742570496295,8.06619729958419
game8/Clip9,196,player_top,3.497156529979453,16.974784573597514
game8/Clip9,197,player_bottom,4.243771690763076,8.072048938029742
game8/Clip9,197,player_top,3.4676979805027544,17.043791374820497
game8/Clip9,198,player_bottom,4.235886317102819,8.074531675622811
game8/Clip9,198,player_top,3.4501226495634487,17.112496005547083
game8/Clip9,199,player_bottom,4.228303774119133,8.076638560793997
game8/Clip9,199,player_top,3.4283143642515292,17.150121187802853
game8/Clip9,200,player_bottom,4.220237611442218,8.078374730435032
game8/Clip9,200,player_top,3.3961242399834037,17.130705712331615
game8/Clip9,201,player_bottom,4.2146214545795955,8.079574389397665
game8/Clip9,201,player_top,3.3529191387738595,17.19443967547258
game8/Clip9,202,player_bottom,4.210691943271872,8.081274877839007
game8/Clip9,202,player_top,3.305715694205263,17.164403068727108
game8/Clip9,203,player_bottom,4.2059075509369706,8.083224376135142
game8/Clip9,203,player_top,3.2835010024226046,16.960743469392508
game8/Clip9,204,player_bottom,4.202401232982446,8.084583283321665
game8/Clip9,204,player_top,3.2945390721336554,16.711293178220377
game8/Clip9,205,player_bottom,4.198531231797486,8.087309010429136
game8/Clip9,205,player_top,3.3032804590876954,16.57342381358727
game8/Clip9,206,player_bottom,4.197650617089344,8.094049112038263
game8/Clip9,206,player_top,3.305364497506513,16.50305322716119
game8/Clip9,207,player_bottom,4.196439445953336,8.100484720697509
game8/Clip9,207,player_top,3.3139064578449715,16.403090001006923
game8/Clip9,208,player_bottom,4.194485674333253,8.105681421656543
game8/Clip9,208,player_top,3.3206224289576713,16.232896168680394
game8/Clip9,209,player_bottom,4.1924420305444645,8.111112646703482
game8/Clip9,209,player_top,3.354327960797657,16.0564505161547
game8/Clip9,210,player_bottom,4.19161679602289,8.113500959334889
game8/Clip9,210,player_top,3.3291074595130783,15.986184937470554
game8/Clip9,211,player_bottom,4.1904771810433825,8.114841206696084
game8/Clip9,211,player_top,3.26147533945059,16.034696184265737
game8/Clip9,212,player_bottom,4.190281070453559,8.116681519654945
game8/Clip9,212,player_top,3.2061080493069176,15.984100783180399
game8/Clip9,213,player_bottom,4.190529416875731,8.117398110184006
game8/Clip9,213,player_top,3.134470756331502,16.041062899516856
game8/Clip9,214,player_bottom,4.191746227334623,8.117574190399367
game8/Clip9,214,player_top,3.066268713926344,16.089419218101636
game8/Clip9,215,player_bottom,4.193437205463023,8.116464449682852
game8/Clip9,215,player_top,3.0138015790745825,16.15740050170631
game8/Clip9,216,player_bottom,4.194910942838641,8.118920349972605
game8/Clip9,216,player_top,2.9655367258843954,16.226863297853466
game8/Clip9,217,player_bottom,4.1947123021157875,8.119964936424708
game8/Clip9,217,player_top,2.944642995372708,16.134205685679166
game8/Clip9,218,player_bottom,4.195568174021693,8.120446713984919
game8/Clip9,218,player_top,2.9128469875258745,16.043205383668
game8/Clip9,219,player_bottom,4.200710091857244,8.119846553004429
game8/Clip9,219,player_top,2.8482037286284454,16.031603102237742
game8/Clip9,220,player_bottom,4.2059051559734,8.119026501264823
game8/Clip9,220,player_top,2.798968398746864,15.989255883094941
game8/Clip9,221,player_bottom,4.2111534653683504,8.118422604691556
game8/Clip9,221,player_top,2.758648152460501,15.957643517682024
game8/Clip9,222,player_bottom,4.2160225878911195,8.118253409959314
game8/Clip9,222,player_top,2.7261680483866897,15.9462508439292
game8/Clip9,223,player_bottom,4.219049291723458,8.11817241283957
game8/Clip9,223,player_top,2.705953531072686,15.948792055264766
game8/Clip9,224,player_bottom,4.222237977636627,8.117871946011794
game8/Clip9,224,player_top,2.696416999306388,15.941638676311937
game8/Clip9,225,player_bottom,4.223933968577344,8.117719540116166
game8/Clip9,225,player_top,2.6851534663387895,15.93622255650962
game8/Clip9,226,player_bottom,4.223720641009362,8.118299247787274
game8/Clip9,226,player_top,2.671172136657559,15.974167196692932
game8/Clip9,227,player_bottom,4.222391191809035,8.117941035213375
game8/Clip9,227,player_top,2.644921053127788,15.979757361578224
game8/Clip9,228,player_bottom,4.2253139655715515,8.118498393484442
game8/Clip9,228,player_top,2.581723042771377,16.052953009050803
game8/Clip9,229,player_bottom,4.226888933571969,8.118954316523544
game8/Clip9,229,player_top,2.5007700338913192,16.085778132537218
game8/Clip9,230,player_bottom,4.227867936891582,8.119412436968457
game8/Clip9,230,player_top,2.428877089043682,16.058717730434115
game8/Clip9,231,player_bottom,4.2288973068338835,8.120338205432919
game8/Clip9,231,player_top,2.318675603236732,16.11834345581647
game8/Clip9,232,player_bottom,4.2335009697407155,8.120037134205925
game8/Clip9,232,player_top,2.2634246924093637,16.101707637707467
game8/Clip9,233,player_bottom,4.236438769978822,8.120183733807153
game8/Clip9,233,player_top,2.20992715125422,16.114785477603615
game8/Clip9,234,player_bottom,4.24285638079241,8.11955554830135
game8/Clip9,234,player_top,2.1580783720725254,16.131916329329904
game8/Clip9,235,player_bottom,4.2524879480345055,8.118523872750028
game8/Clip9,235,player_top,2.090471254428718,16.16973636805799
game8/Clip9,236,player_bottom,4.262138705833199,8.117131490803217
game8/Clip9,236,player_top,2.0371584864484698,16.14911096171635
game8/Clip9,237,player_bottom,4.275523410243298,8.115174225296041
game8/Clip9,237,player_top,2.011097238633812,16.12963618481504
