clip,frame,player_id,player_label,foot_x,foot_y,bbox_x1,bbox_y1,bbox_x2,bbox_y2,confidence
game8/Clip1,0,1,player_bottom,931.3885498046875,615.4389038085938,887.68701171875,488.11468505859375,975.0900268554688,615.4389038085938,0.9133476614952087
game8/Clip1,0,2,player_top,601.7079467773438,237.36875915527344,583.4579467773438,166.71897888183594,619.9579467773438,237.36875915527344,0.7803241610527039
game8/Clip1,1,1,player_bottom,931.4228515625,615.3336791992188,887.0487060546875,486.0164794921875,975.7969970703125,615.3336791992188,0.9125818014144897
game8/Clip1,1,2,player_top,600.3765869140625,236.64125061035156,581.9557495117188,165.11766052246094,618.7974243164062,236.64125061035156,0.7958998680114746
game8/Clip1,2,1,player_bottom,931.3499145507812,615.0032958984375,886.2403564453125,483.437744140625,976.45947265625,615.0032958984375,0.904019832611084
game8/Clip1,2,2,player_top,600.0531005859375,236.7186279296875,580.2921142578125,159.56883239746094,619.8141479492188,236.7186279296875,0.782086193561554
game8/Clip1,3,1,player_bottom,931.1715087890625,614.2800903320312,885.4136962890625,480.5684814453125,976.9293212890625,614.2800903320312,0.9044797420501709
game8/Clip1,3,2,player_top,598.64599609375,237.12265014648438,577.2361450195312,152.9429931640625,620.0558471679688,237.12265014648438,0.7596747279167175
game8/Clip1,4,1,player_bottom,930.8486328125,612.5462646484375,885.0186157226562,478.250732421875,976.6786499023438,612.5462646484375,0.902752161026001
game8/Clip1,4,2,player_top,596.73583984375,237.5421600341797,574.3251342773438,148.8397979736328,619.1465454101562,237.5421600341797,0.802295446395874
game8/Clip1,5,1,player_bottom,929.9653930664062,610.9617309570312,884.1546630859375,476.1988830566406,975.776123046875,610.9617309570312,0.9085060358047485
game8/Clip1,5,2,player_top,594.3262329101562,237.98252868652344,571.7794799804688,148.49490356445312,616.8729858398438,237.98252868652344,0.8207609057426453
game8/Clip1,6,1,player_bottom,927.5733642578125,608.8372192382812,882.4042358398438,475.4432678222656,972.7424926757812,608.8372192382812,0.9104636907577515
game8/Clip1,6,2,player_top,593.0196533203125,238.73582458496094,572.8958740234375,159.65594482421875,613.1434936523438,238.73582458496094,0.774782657623291
game8/Clip1,7,1,player_bottom,923.113525390625,606.9756469726562,878.7077026367188,475.71484375,967.5193481445312,606.9756469726562,0.9119138717651367
game8/Clip1,7,2,player_top,591.618408203125,239.9298553466797,572.5707397460938,166.3905792236328,610.666015625,239.9298553466797,0.7751185894012451
game8/Clip1,8,1,player_bottom,918.7262573242188,605.9169921875,875.0030517578125,477.2172546386719,962.449462890625,605.9169921875,0.9125487208366394
game8/Clip1,8,2,player_top,590.6492919921875,240.88539123535156,572.1580200195312,171.1482696533203,609.1405029296875,240.88539123535156,0.7554883360862732
game8/Clip1,9,1,player_bottom,915.9720458984375,606.6659545898438,872.3872680664062,479.1991271972656,959.5567626953125,606.6659545898438,0.9116322994232178
game8/Clip1,9,2,player_top,590.033935546875,242.1262664794922,571.4006958007812,173.29580688476562,608.6671142578125,242.1262664794922,0.8232534527778625
game8/Clip1,10,1,player_bottom,914.7625732421875,607.8368530273438,870.9911499023438,480.798583984375,958.5340576171875,607.8368530273438,0.9077443480491638
game8/Clip1,10,2,player_top,590.1119995117188,242.6105499267578,571.6702880859375,175.78773498535156,608.5537109375,242.6105499267578,0.7535139918327332
game8/Clip1,11,1,player_bottom,914.518798828125,608.0577392578125,871.1455078125,483.3733825683594,957.8921508789062,608.0577392578125,0.9057708978652954
game8/Clip1,11,2,player_top,591.677734375,242.63519287109375,573.5281372070312,178.09628295898438,609.8272705078125,242.63519287109375,0.774170994758606
game8/Clip1,12,1,player_bottom,914.9911499023438,607.9472045898438,871.5952758789062,484.56512451171875,958.3870239257812,607.9472045898438,0.9097381234169006
game8/Clip1,12,2,player_top,595.2342529296875,242.5863800048828,577.3469848632812,179.9593505859375,613.12158203125,242.5863800048828,0.7891641855239868
game8/Clip1,13,1,player_bottom,916.6124267578125,607.4544677734375,872.5381469726562,483.7985534667969,960.6867065429688,607.4544677734375,0.898604154586792
game8/Clip1,13,2,player_top,596.6978759765625,242.40054321289062,578.7955322265625,180.10089111328125,614.6001586914062,242.40054321289062,0.7201223969459534
game8/Clip1,14,1,player_bottom,918.2335205078125,606.9458618164062,873.2212524414062,482.8028259277344,963.2457275390625,606.9458618164062,0.8976136445999146
game8/Clip1,14,2,player_top,599.0966186523438,242.4929656982422,580.8768920898438,179.00611877441406,617.3163452148438,242.4929656982422,0.6711905002593994
game8/Clip1,15,1,player_bottom,919.9857177734375,606.4845581054688,873.65771484375,481.3204345703125,966.3136596679688,606.4845581054688,0.8700739145278931
game8/Clip1,15,2,player_top,601.4530639648438,242.6592559814453,582.93408203125,177.95346069335938,619.9720458984375,242.6592559814453,0.7108319997787476
game8/Clip1,16,1,player_bottom,924.9034423828125,605.9410400390625,877.9102783203125,482.4408874511719,971.8965454101562,605.9410400390625,0.8914012312889099
game8/Clip1,16,2,player_top,602.526611328125,242.01780700683594,584.1510620117188,177.06858825683594,620.9022216796875,242.01780700683594,0.566098153591156
game8/Clip1,17,1,player_bottom,927.7614135742188,605.7604370117188,878.826416015625,478.9934997558594,976.6964111328125,605.7604370117188,0.8449887633323669
game8/Clip1,17,2,player_top,603.8973388671875,241.34317016601562,585.4758911132812,175.24484252929688,622.3187255859375,241.34317016601562,0.6936041712760925
game8/Clip1,18,1,player_bottom,931.1613159179688,605.5308837890625,882.5827026367188,480.3660888671875,979.7399291992188,605.5308837890625,0.8416663408279419
game8/Clip1,18,2,player_top,605.7711181640625,240.52273559570312,587.6677856445312,175.0494842529297,623.8743896484375,240.52273559570312,0.755139172077179
game8/Clip1,19,1,player_bottom,934.1634521484375,605.0947265625,883.3425903320312,474.8234558105469,984.9843139648438,605.0947265625,0.8718712329864502
game8/Clip1,19,2,player_top,605.7694091796875,241.63079833984375,587.6472778320312,175.0055389404297,623.8915405273438,241.63079833984375,0.7753002643585205
game8/Clip1,20,1,player_bottom,943.1702880859375,604.7373657226562,891.2598876953125,470.953857421875,995.0807495117188,604.7373657226562,0.8278477191925049
game8/Clip1,20,2,player_top,605.3860473632812,242.04953002929688,587.5070190429688,175.17320251464844,623.2650756835938,242.04953002929688,0.7745495438575745
game8/Clip1,21,1,player_bottom,951.4833984375,604.0338745117188,899.9215698242188,467.61474609375,1003.0452880859375,604.0338745117188,0.5139780640602112
game8/Clip1,21,2,player_top,604.9058837890625,242.19395446777344,587.2789306640625,175.01028442382812,622.5328979492188,242.19395446777344,0.7908034920692444
game8/Clip1,22,1,player_bottom,958.931884765625,603.8111572265625,907.3316650390625,463.23358154296875,1010.5321044921875,603.8111572265625,0.7324478030204773
game8/Clip1,22,2,player_top,604.8836669921875,242.3261260986328,587.5818481445312,175.41378784179688,622.185546875,242.3261260986328,0.7741317749023438
game8/Clip1,23,1,player_bottom,971.43701171875,603.8875732421875,920.6644287109375,459.66937255859375,1022.2096557617188,603.8875732421875,0.7980508208274841
game8/Clip1,23,2,player_top,604.4609375,242.1415557861328,587.3638916015625,174.8802032470703,621.5579223632812,242.1415557861328,0.7724272608757019
game8/Clip1,24,1,player_bottom,976.9296875,603.1947631835938,927.4331665039062,455.76739501953125,1026.42626953125,603.1947631835938,0.8429047465324402
game8/Clip1,24,2,player_top,604.0943603515625,241.4659881591797,587.0155639648438,173.15699768066406,621.1732177734375,241.4659881591797,0.7743765115737915
game8/Clip1,25,1,player_bottom,981.759521484375,591.69775390625,937.472412109375,454.23150634765625,1026.046630859375,591.69775390625,0.8332643508911133
game8/Clip1,25,2,player_top,603.9567260742188,239.97244262695312,586.8536987304688,170.47186279296875,621.0597534179688,239.97244262695312,0.7540764212608337
game8/Clip1,26,1,player_bottom,986.7457275390625,580.6549682617188,947.2794189453125,454.32598876953125,1026.2120361328125,580.6549682617188,0.825360119342804
game8/Clip1,26,2,player_top,603.8142700195312,239.23577880859375,586.885986328125,169.7376251220703,620.7425537109375,239.23577880859375,0.7643217444419861
game8/Clip1,27,1,player_bottom,991.9545288085938,574.4992065429688,954.64794921875,451.64788818359375,1029.2611083984375,574.4992065429688,0.7313094139099121
game8/Clip1,27,2,player_top,603.7628173828125,237.71136474609375,587.3250122070312,169.86419677734375,620.20068359375,237.71136474609375,0.7815605998039246
game8/Clip1,28,1,player_bottom,997.6778564453125,572.2066040039062,962.153076171875,452.3029479980469,1033.20263671875,572.2066040039062,0.6826130151748657
game8/Clip1,28,2,player_top,604.21484375,236.36192321777344,587.9419555664062,169.94772338867188,620.4876708984375,236.36192321777344,0.8060095310211182
game8/Clip1,29,1,player_bottom,1005.532470703125,571.6054077148438,969.7468872070312,448.6058044433594,1041.318115234375,571.6054077148438,0.8207669258117676
game8/Clip1,29,2,player_top,604.3251342773438,234.8697509765625,587.9527587890625,169.64138793945312,620.697509765625,234.8697509765625,0.8122302293777466
game8/Clip1,30,1,player_bottom,1016.9830322265625,576.0458984375,979.2391967773438,444.96966552734375,1054.726806640625,576.0458984375,0.8553906083106995
game8/Clip1,30,2,player_top,604.2374267578125,234.10137939453125,587.574462890625,169.72132873535156,620.900390625,234.10137939453125,0.8277798295021057
game8/Clip1,31,1,player_bottom,1026.716552734375,577.5037841796875,988.8945922851562,446.7169189453125,1064.5384521484375,577.5037841796875,0.8761953115463257
game8/Clip1,31,2,player_top,603.947021484375,233.7802276611328,586.8529052734375,169.45391845703125,621.0410766601562,233.7802276611328,0.8301529884338379
game8/Clip1,32,1,player_bottom,1033.7734375,578.32958984375,995.7683715820312,448.1231689453125,1071.778564453125,578.32958984375,0.8899778127670288
game8/Clip1,32,2,player_top,603.756591796875,233.30316162109375,586.7409057617188,170.87777709960938,620.7723388671875,233.30316162109375,0.825962483882904
game8/Clip1,33,1,player_bottom,1038.2559814453125,578.2986450195312,1000.4089965820312,450.1426086425781,1076.10302734375,578.2986450195312,0.8852491974830627
game8/Clip1,33,2,player_top,603.5699462890625,233.03309631347656,586.432861328125,171.69200134277344,620.70703125,233.03309631347656,0.8342300653457642
game8/Clip1,34,1,player_bottom,1040.789794921875,577.6161499023438,1003.4723510742188,452.6703796386719,1078.1072998046875,577.6161499023438,0.8847144842147827
game8/Clip1,34,2,player_top,603.4005126953125,233.3260955810547,585.7444458007812,171.6128692626953,621.0565185546875,233.3260955810547,0.8409260511398315
game8/Clip1,35,1,player_bottom,1041.9654541015625,578.8075561523438,1004.1258544921875,452.7176208496094,1079.8050537109375,578.8075561523438,0.8912725448608398
game8/Clip1,35,2,player_top,605.11474609375,233.93577575683594,587.0020141601562,171.8418731689453,623.2275390625,233.93577575683594,0.8335291147232056
game8/Clip1,36,1,player_bottom,1042.366943359375,579.0162353515625,1005.1663818359375,456.21319580078125,1079.5673828125,579.0162353515625,0.8587992191314697
game8/Clip1,36,2,player_top,607.124755859375,233.92486572265625,588.9703979492188,172.2391815185547,625.2791748046875,233.92486572265625,0.8175016045570374
game8/Clip1,37,1,player_bottom,1043.6060791015625,579.6538696289062,1005.6281127929688,454.26617431640625,1081.5841064453125,579.6538696289062,0.8486330509185791
game8/Clip1,37,2,player_top,609.4356079101562,234.10366821289062,590.8875732421875,170.3292694091797,627.983642578125,234.10366821289062,0.7737457752227783
game8/Clip1,38,1,player_bottom,1044.1015625,579.652587890625,1005.8970336914062,453.5617980957031,1082.3060302734375,579.652587890625,0.8266549706459045
game8/Clip1,38,2,player_top,611.0509033203125,234.0066680908203,592.6307983398438,169.74745178222656,629.4710083007812,234.0066680908203,0.7387655377388
game8/Clip1,39,1,player_bottom,1044.8408203125,578.8016357421875,1007.3406372070312,455.0619201660156,1082.341064453125,578.8016357421875,0.8473266363143921
game8/Clip1,39,2,player_top,611.7064208984375,234.41015625,593.077392578125,168.2977294921875,630.33544921875,234.41015625,0.7581031918525696
game8/Clip1,40,1,player_bottom,1043.086669921875,578.6688232421875,1001.4529418945312,440.02252197265625,1084.7203369140625,578.6688232421875,0.799901008605957
game8/Clip1,40,2,player_top,611.042724609375,233.24560546875,592.6953735351562,166.99581909179688,629.3900146484375,233.24560546875,0.7895045280456543
game8/Clip1,41,1,player_bottom,1042.1942138671875,577.5989379882812,1003.1799926757812,448.8768310546875,1081.2083740234375,577.5989379882812,0.7768341898918152
game8/Clip1,41,2,player_top,610.1669311523438,232.22244262695312,592.1159057617188,166.06454467773438,628.2179565429688,232.22244262695312,0.7740737795829773
game8/Clip1,42,1,player_bottom,1038.930908203125,577.7447509765625,1000.9689331054688,454.64727783203125,1076.8929443359375,577.7447509765625,0.8334684371948242
game8/Clip1,42,2,player_top,608.8580322265625,229.62344360351562,591.2200927734375,164.68807983398438,626.4959716796875,229.62344360351562,0.8273608684539795
game8/Clip1,43,1,player_bottom,1035.0341796875,577.1171875,997.4005126953125,457.2394104003906,1072.6678466796875,577.1171875,0.8485905528068542
game8/Clip1,43,2,player_top,606.968505859375,227.5045166015625,589.1233520507812,161.98724365234375,624.813720703125,227.5045166015625,0.7264345288276672
game8/Clip1,44,1,player_bottom,1027.10205078125,576.6217041015625,988.576904296875,457.0010986328125,1065.627197265625,576.6217041015625,0.813195526599884
game8/Clip1,44,2,player_top,606.9818725585938,226.1748046875,589.2667846679688,161.02493286132812,624.6969604492188,226.1748046875,0.7825159430503845
game8/Clip1,45,1,player_bottom,1020.8429565429688,578.4625854492188,981.124267578125,456.8278503417969,1060.5616455078125,578.4625854492188,0.856455385684967
game8/Clip1,45,2,player_top,607.523193359375,225.2655487060547,589.9244384765625,160.2803955078125,625.1218872070312,225.2655487060547,0.7796583771705627
game8/Clip1,46,1,player_bottom,1008.554931640625,577.31396484375,968.4943237304688,455.739501953125,1048.6156005859375,577.31396484375,0.866827130317688
game8/Clip1,46,2,player_top,607.9473876953125,224.9159393310547,589.8380737304688,157.62353515625,626.056640625,224.9159393310547,0.7457563877105713
game8/Clip1,47,1,player_bottom,1000.0105590820312,576.87353515625,959.44921875,454.53826904296875,1040.5718994140625,576.87353515625,0.8634743690490723
game8/Clip1,47,2,player_top,608.032470703125,224.92518615722656,590.07958984375,158.48036193847656,625.9854125976562,224.92518615722656,0.7752879858016968
game8/Clip1,48,1,player_bottom,994.0596313476562,576.6331176757812,952.7764892578125,452.72088623046875,1035.3427734375,576.6331176757812,0.856314480304718
game8/Clip1,48,2,player_top,607.6215209960938,224.9737091064453,589.5350952148438,158.26820373535156,625.7079467773438,224.9737091064453,0.7321250438690186
game8/Clip1,49,1,player_bottom,988.658203125,576.2416381835938,946.8442993164062,451.91351318359375,1030.47216796875,576.2416381835938,0.8341063857078552
game8/Clip1,49,2,player_top,607.714111328125,225.10162353515625,589.3892822265625,157.74468994140625,626.0389404296875,225.10162353515625,0.7364016771316528
game8/Clip1,50,1,player_bottom,979.0784912109375,575.3436889648438,936.4463500976562,451.5980529785156,1021.7105712890625,575.3436889648438,0.7720409631729126
game8/Clip1,50,2,player_top,608.0372314453125,225.27696228027344,589.6046142578125,157.6106414794922,626.4699096679688,225.27696228027344,0.7696688175201416
game8/Clip1,51,1,player_bottom,968.230712890625,575.362060546875,926.9906005859375,451.78790283203125,1009.4707641601562,575.362060546875,0.5819353461265564
game8/Clip1,51,2,player_top,608.315185546875,224.9403076171875,589.5709228515625,155.22975158691406,627.0594482421875,224.9403076171875,0.7777565121650696
game8/Clip1,52,1,player_bottom,962.2525634765625,575.7948608398438,922.2942504882812,453.75408935546875,1002.2108154296875,575.7948608398438,0.8508804440498352
game8/Clip1,52,2,player_top,608.5865478515625,224.67237854003906,589.9723510742188,154.2789764404297,627.20068359375,224.67237854003906,0.7556253671646118
game8/Clip1,53,1,player_bottom,954.303466796875,576.7974853515625,915.0972900390625,455.2939147949219,993.5096435546875,576.7974853515625,0.8452023267745972
game8/Clip1,53,2,player_top,610.3839111328125,223.99462890625,592.209716796875,152.86265563964844,628.55810546875,223.99462890625,0.7470047473907471
game8/Clip1,54,1,player_bottom,950.2332153320312,580.177978515625,910.5877075195312,455.67694091796875,989.8787231445312,580.177978515625,0.8648122549057007
game8/Clip1,54,2,player_top,610.0084228515625,222.3941192626953,592.1495361328125,150.27603149414062,627.8673706054688,222.3941192626953,0.7375882863998413
game8/Clip1,55,1,player_bottom,941.298095703125,583.7599487304688,900.0631103515625,455.10101318359375,982.5331420898438,583.7599487304688,0.8769833445549011
game8/Clip1,55,2,player_top,608.5946044921875,220.65216064453125,591.1409301757812,148.1779022216797,626.04833984375,220.65216064453125,0.7209614515304565
game8/Clip1,56,1,player_bottom,935.57275390625,585.4859008789062,893.9993896484375,455.2928771972656,977.1461181640625,585.4859008789062,0.8801708221435547
game8/Clip1,56,2,player_top,605.26708984375,217.43820190429688,588.025390625,145.72994995117188,622.5088500976562,217.43820190429688,0.7208346724510193
game8/Clip1,57,1,player_bottom,926.7412109375,587.1361694335938,884.5460815429688,454.1270446777344,968.936279296875,587.1361694335938,0.7699329257011414
game8/Clip1,57,2,player_top,604.737548828125,215.82249450683594,587.3629760742188,142.53404235839844,622.112060546875,215.82249450683594,0.6674578785896301
game8/Clip1,58,1,player_bottom,914.2960815429688,587.0436401367188,871.4517211914062,451.6756896972656,957.1404418945312,587.0436401367188,0.8117350339889526
game8/Clip1,58,2,player_top,604.8389892578125,214.74147033691406,587.7222900390625,141.0645751953125,621.9557495117188,214.74147033691406,0.7667056918144226
game8/Clip1,59,1,player_bottom,902.64990234375,587.4284057617188,861.4089965820312,453.31195068359375,943.890869140625,587.4284057617188,0.7170037031173706
game8/Clip1,59,2,player_top,602.35986328125,213.44969177246094,585.3032836914062,140.31838989257812,619.4164428710938,213.44969177246094,0.8006302118301392
game8/Clip1,60,1,player_bottom,892.798095703125,586.276611328125,852.5438232421875,451.85723876953125,933.0523681640625,586.276611328125,0.5720008015632629
game8/Clip1,60,2,player_top,602.8330688476562,213.3979949951172,586.0685424804688,140.64622497558594,619.5975952148438,213.3979949951172,0.767228901386261
game8/Clip1,61,1,player_bottom,880.2281494140625,581.4046020507812,841.68505859375,451.4013977050781,918.7711791992188,581.4046020507812,0.8059976100921631
game8/Clip1,61,2,player_top,602.4281005859375,213.97171020507812,585.5732421875,140.50640869140625,619.282958984375,213.97171020507812,0.7397172451019287
game8/Clip1,62,1,player_bottom,872.847900390625,580.2347412109375,836.079345703125,451.9049377441406,909.6163940429688,580.2347412109375,0.791184663772583
game8/Clip1,62,2,player_top,602.5484619140625,213.91549682617188,585.5911254882812,139.3849639892578,619.5057983398438,213.91549682617188,0.6781556606292725
game8/Clip1,63,1,player_bottom,860.2900390625,585.7113647460938,824.8258056640625,459.28448486328125,895.7542724609375,585.7113647460938,0.7812640070915222
game8/Clip1,63,2,player_top,601.8729248046875,213.9843292236328,584.9074096679688,139.3969268798828,618.8385009765625,213.9843292236328,0.7302941679954529
game8/Clip1,64,1,player_bottom,851.4429931640625,590.2142333984375,816.324462890625,461.3654479980469,886.5614624023438,590.2142333984375,0.7512251138687134
game8/Clip1,64,2,player_top,601.765625,214.20767211914062,584.577392578125,138.06101989746094,618.9539184570312,214.20767211914062,0.747096836566925
game8/Clip1,65,1,player_bottom,840.700439453125,593.369873046875,805.166259765625,463.40509033203125,876.2346801757812,593.369873046875,0.7701438665390015
game8/Clip1,65,2,player_top,601.660888671875,214.22581481933594,584.4928588867188,137.51089477539062,618.8289794921875,214.22581481933594,0.7730432748794556
game8/Clip1,66,1,player_bottom,831.8109741210938,597.65087890625,794.4627685546875,462.3983154296875,869.1591796875,597.65087890625,0.90440434217453
game8/Clip1,66,2,player_top,601.176025390625,213.99192810058594,584.4239501953125,138.6112060546875,617.9280395507812,213.99192810058594,0.7591622471809387
game8/Clip1,67,1,player_bottom,823.5411376953125,599.8482055664062,784.9071655273438,463.36248779296875,862.175048828125,599.8482055664062,0.8969230055809021
game8/Clip1,67,2,player_top,601.5569458007812,213.45204162597656,585.5759887695312,140.88182067871094,617.5379028320312,213.45204162597656,0.7059006690979004
game8/Clip1,68,1,player_bottom,817.5673828125,601.2266845703125,778.614013671875,465.63494873046875,856.5208129882812,601.2266845703125,0.8916316628456116
game8/Clip1,68,2,player_top,601.8070068359375,213.06553649902344,586.0928955078125,140.90896606445312,617.5211181640625,213.06553649902344,0.6677708625793457
game8/Clip1,69,1,player_bottom,810.988525390625,601.533203125,772.1323852539062,465.8859558105469,849.8446655273438,601.533203125,0.8813456296920776
game8/Clip1,69,2,player_top,602.9674072265625,212.80303955078125,587.5336303710938,140.59657287597656,618.4011840820312,212.80303955078125,0.6675215363502502
game8/Clip1,70,1,player_bottom,801.4788818359375,601.38037109375,763.6845092773438,467.5628662109375,839.2732543945312,601.38037109375,0.8231033682823181
game8/Clip1,70,2,player_top,603.4102172851562,212.43609619140625,587.8107299804688,137.8972930908203,619.0097045898438,212.43609619140625,0.6630749702453613
game8/Clip1,71,1,player_bottom,789.8797607421875,601.14599609375,752.2454223632812,462.8605651855469,827.5140991210938,601.14599609375,0.7994586825370789
game8/Clip1,71,2,player_top,603.9454345703125,211.26467895507812,588.9158935546875,138.09556579589844,618.9750366210938,211.26467895507812,0.6713024377822876
game8/Clip1,72,1,player_bottom,778.9913330078125,600.7293701171875,742.0526123046875,458.4849548339844,815.9299926757812,600.7293701171875,0.8041253089904785
game8/Clip1,72,2,player_top,603.98095703125,210.20384216308594,589.20703125,137.10385131835938,618.7548828125,210.20384216308594,0.6994920372962952
game8/Clip1,73,1,player_bottom,770.6856689453125,600.365234375,734.5575561523438,455.5572509765625,806.8137817382812,600.365234375,0.8077405691146851
game8/Clip1,73,2,player_top,603.515625,209.31898498535156,589.118408203125,137.4188232421875,617.912841796875,209.31898498535156,0.6803198456764221
game8/Clip1,74,1,player_bottom,761.2909545898438,600.0618896484375,725.8690795898438,454.0415344238281,796.7128295898438,600.0618896484375,0.8533857464790344
game8/Clip1,74,2,player_top,604.0462646484375,208.71231079101562,589.9862670898438,137.55670166015625,618.1062622070312,208.71231079101562,0.7175695896148682
game8/Clip1,75,1,player_bottom,754.596923828125,599.1732788085938,720.3074340820312,453.90557861328125,788.886474609375,599.1732788085938,0.6712299585342407
game8/Clip1,75,2,player_top,604.2117309570312,208.4002227783203,590.4032592773438,138.00704956054688,618.0202026367188,208.4002227783203,0.7191473841667175
game8/Clip1,76,1,player_bottom,743.1190185546875,599.5685424804688,709.128173828125,455.2565612792969,777.1098022460938,599.5685424804688,0.8701916337013245
game8/Clip1,76,2,player_top,602.4378662109375,208.62196350097656,588.44189453125,138.38682556152344,616.4338989257812,208.62196350097656,0.7388591766357422
game8/Clip1,77,1,player_bottom,734.6599731445312,600.4940795898438,702.1883544921875,462.8722839355469,767.131591796875,600.4940795898438,0.8674397468566895
game8/Clip1,77,2,player_top,602.050537109375,208.64022827148438,587.876708984375,138.44088745117188,616.2244262695312,208.64022827148438,0.7287807464599609
game8/Clip1,78,1,player_bottom,723.8043212890625,601.699462890625,691.330810546875,464.7594299316406,756.2777709960938,601.699462890625,0.8948472738265991
game8/Clip1,78,2,player_top,602.4547119140625,208.758056640625,587.9706420898438,137.4199981689453,616.9388427734375,208.758056640625,0.7306070327758789
game8/Clip1,79,1,player_bottom,716.3814086914062,601.75244140625,685.2256469726562,469.437744140625,747.5371704101562,601.75244140625,0.8686406016349792
game8/Clip1,79,2,player_top,602.67822265625,208.8480987548828,587.9299926757812,136.59494018554688,617.4263916015625,208.8480987548828,0.745921790599823
game8/Clip1,80,1,player_bottom,710.8723754882812,602.4067993164062,679.5750732421875,466.10321044921875,742.169677734375,602.4067993164062,0.8565067052841187
game8/Clip1,80,2,player_top,603.6927490234375,208.9473419189453,589.0364379882812,137.4885711669922,618.34912109375,208.9473419189453,0.7401285171508789
game8/Clip1,81,1,player_bottom,705.021728515625,603.7822875976562,674.1427001953125,464.11529541015625,735.9008178710938,603.7822875976562,0.8360249996185303
game8/Clip1,81,2,player_top,604.9637451171875,209.08445739746094,589.981201171875,136.11705017089844,619.9462280273438,209.08445739746094,0.7810854911804199
game8/Clip1,82,1,player_bottom,698.9198608398438,605.0094604492188,668.59326171875,462.49127197265625,729.2464599609375,605.0094604492188,0.8452081680297852
game8/Clip1,82,2,player_top,606.2850341796875,209.15625,591.0496215820312,134.97259521484375,621.5203857421875,209.15625,0.7898087501525879
game8/Clip1,83,1,player_bottom,690.2547607421875,604.5665283203125,660.4995727539062,461.3340759277344,720.0099487304688,604.5665283203125,0.7606200575828552
game8/Clip1,83,2,player_top,607.2027587890625,208.9062957763672,592.0208129882812,135.5439910888672,622.3847045898438,208.9062957763672,0.759042501449585
game8/Clip1,84,1,player_bottom,682.28173828125,605.54150390625,652.464599609375,461.12518310546875,712.0989379882812,605.54150390625,0.8445985913276672
game8/Clip1,84,2,player_top,608.8693237304688,208.5769805908203,593.5276489257812,134.31268310546875,624.2109985351562,208.5769805908203,0.7350393533706665
game8/Clip1,85,1,player_bottom,676.1644897460938,606.358642578125,646.1784057617188,461.6412353515625,706.1505737304688,606.358642578125,0.8775908350944519
game8/Clip1,85,2,player_top,611.284912109375,208.00270080566406,596.0244750976562,133.52064514160156,626.5453491210938,208.00270080566406,0.7867300510406494
game8/Clip1,86,1,player_bottom,671.4703979492188,608.0404663085938,641.3515625,463.1240539550781,701.5892333984375,608.0404663085938,0.8898545503616333
game8/Clip1,86,2,player_top,613.2021484375,207.64210510253906,598.1478881835938,133.30177307128906,628.2564086914062,207.64210510253906,0.7868653535842896
game8/Clip1,87,1,player_bottom,668.3564453125,609.014892578125,638.4225463867188,464.91290283203125,698.2904052734375,609.014892578125,0.873418390750885
game8/Clip1,87,2,player_top,614.8418579101562,207.3714599609375,600.0410766601562,133.53138732910156,629.6426391601562,207.3714599609375,0.7332651615142822
game8/Clip1,88,1,player_bottom,665.8773193359375,609.521240234375,636.314208984375,466.3042907714844,695.4404907226562,609.521240234375,0.8700166940689087
game8/Clip1,88,2,player_top,615.9609375,207.5760955810547,601.3449096679688,133.75082397460938,630.5769653320312,207.5760955810547,0.6738645434379578
game8/Clip1,89,1,player_bottom,663.09423828125,609.7880249023438,634.10888671875,466.8477783203125,692.07958984375,609.7880249023438,0.8660883903503418
game8/Clip1,89,2,player_top,617.7194213867188,206.89996337890625,603.6168823242188,134.76341247558594,631.8219604492188,206.89996337890625,0.6921319365501404
game8/Clip1,90,1,player_bottom,659.624267578125,609.6456909179688,631.5444946289062,467.25347900390625,687.7039794921875,609.6456909179688,0.8448426127433777
game8/Clip1,90,2,player_top,618.7257080078125,206.1331024169922,604.9618530273438,135.4346923828125,632.489501953125,206.1331024169922,0.7515181303024292
game8/Clip1,91,1,player_bottom,654.3264770507812,609.249755859375,627.4271850585938,467.1982421875,681.2257690429688,609.249755859375,0.8208529353141785
game8/Clip1,91,2,player_top,620.061767578125,206.3026123046875,606.1871948242188,135.4318084716797,633.9364013671875,206.3026123046875,0.7403162717819214
game8/Clip1,92,1,player_bottom,649.9459838867188,609.012939453125,623.874755859375,465.9265441894531,676.0172119140625,609.012939453125,0.8240838050842285
game8/Clip1,92,2,player_top,621.760009765625,206.62193298339844,607.6724243164062,135.611328125,635.8475952148438,206.62193298339844,0.7526601552963257
game8/Clip1,93,1,player_bottom,646.1717529296875,609.0269165039062,620.6450805664062,464.7309875488281,671.6983642578125,609.0269165039062,0.8314135074615479
game8/Clip1,93,2,player_top,623.1298828125,206.66522216796875,609.0103149414062,137.4457244873047,637.24951171875,206.66522216796875,0.8002346158027649
game8/Clip1,94,1,player_bottom,641.8621826171875,609.0245971679688,616.6688842773438,464.5689697265625,667.0555419921875,609.0245971679688,0.863684356212616
game8/Clip1,94,2,player_top,624.28515625,206.62696838378906,609.8984985351562,138.0388641357422,638.6717529296875,206.62696838378906,0.8057559132575989
game8/Clip1,95,1,player_bottom,638.615478515625,608.7786865234375,613.583251953125,464.7164306640625,663.6476440429688,608.7786865234375,0.877131462097168
game8/Clip1,95,2,player_top,625.02294921875,206.73045349121094,610.4042358398438,138.5380401611328,639.6416625976562,206.73045349121094,0.8072997331619263
game8/Clip1,96,1,player_bottom,636.2933349609375,608.7236938476562,611.4380493164062,465.7281494140625,661.148681640625,608.7236938476562,0.8760539293289185
game8/Clip1,96,2,player_top,626.0860595703125,206.58145141601562,611.2184448242188,138.8512725830078,640.95361328125,206.58145141601562,0.8112812042236328
game8/Clip1,97,1,player_bottom,634.468505859375,608.5659790039062,609.775390625,466.6845397949219,659.1615600585938,608.5659790039062,0.8869962096214294
game8/Clip1,97,2,player_top,626.8800659179688,206.50582885742188,611.6647338867188,138.70082092285156,642.0953979492188,206.50582885742188,0.8230170607566833
game8/Clip1,98,1,player_bottom,632.5941772460938,608.3544921875,608.3196411132812,468.0168762207031,656.8687133789062,608.3544921875,0.8796665072441101
game8/Clip1,98,2,player_top,628.40673828125,206.60366821289062,612.9244995117188,138.69686889648438,643.888916015625,206.60366821289062,0.7865496873855591
game8/Clip1,99,1,player_bottom,629.7775268554688,608.1053466796875,605.8036499023438,468.2779541015625,653.7514038085938,608.1053466796875,0.8546624183654785
game8/Clip1,99,2,player_top,630.7781982421875,206.6853485107422,615.2515258789062,138.99212646484375,646.304931640625,206.6853485107422,0.7303929924964905
game8/Clip1,100,1,player_bottom,626.2444458007812,608.43896484375,602.58251953125,468.671875,649.9063720703125,608.43896484375,0.8572260737419128
game8/Clip1,100,2,player_top,632.826904296875,206.56948852539062,617.3233642578125,139.0057373046875,648.3305053710938,206.56948852539062,0.7538684010505676
game8/Clip1,101,1,player_bottom,621.2588500976562,608.374267578125,598.112548828125,468.92291259765625,644.4051513671875,608.374267578125,0.8513221144676208
game8/Clip1,101,2,player_top,635.5503540039062,206.6172332763672,620.1196899414062,138.76060485839844,650.9810180664062,206.6172332763672,0.7449599504470825
game8/Clip1,102,1,player_bottom,617.8598022460938,608.8627319335938,595.02392578125,468.83837890625,640.6956787109375,608.8627319335938,0.8502044081687927
game8/Clip1,102,2,player_top,637.749267578125,206.97238159179688,622.4925537109375,138.35675048828125,653.0060424804688,206.97238159179688,0.6768094897270203
game8/Clip1,103,1,player_bottom,614.5289916992188,609.8797607421875,591.73291015625,468.4752502441406,637.3250732421875,609.8797607421875,0.8485825657844543
game8/Clip1,103,2,player_top,640.2225341796875,207.12945556640625,625.3329467773438,137.88706970214844,655.1121215820312,207.12945556640625,0.6025760173797607
game8/Clip1,104,1,player_bottom,610.6390991210938,610.2735595703125,587.5798950195312,468.2723388671875,633.6983032226562,610.2735595703125,0.8894980549812317
game8/Clip1,104,2,player_top,641.85546875,206.89683532714844,627.2601318359375,137.08641052246094,656.4508056640625,206.89683532714844,0.717553973197937
game8/Clip1,105,1,player_bottom,606.0904541015625,610.3695678710938,582.4994506835938,468.9614562988281,629.6814575195312,610.3695678710938,0.87849360704422
game8/Clip1,105,2,player_top,643.8851318359375,206.59779357910156,629.58056640625,136.90640258789062,658.1896362304688,206.59779357910156,0.7159285545349121
game8/Clip1,106,1,player_bottom,602.2796630859375,610.3946533203125,577.8800659179688,469.3558349609375,626.6793212890625,610.3946533203125,0.8836122155189514
game8/Clip1,106,2,player_top,645.8032836914062,206.39093017578125,631.5274047851562,136.3949432373047,660.0791625976562,206.39093017578125,0.7583205103874207
game8/Clip1,107,1,player_bottom,599.7239379882812,610.5148315429688,574.5087280273438,470.6658020019531,624.9391479492188,610.5148315429688,0.8732985258102417
game8/Clip1,107,2,player_top,647.6578369140625,206.1175537109375,633.4454345703125,136.9355010986328,661.8701782226562,206.1175537109375,0.7993686199188232
game8/Clip1,108,1,player_bottom,598.4151000976562,610.7552490234375,572.3649291992188,471.3828125,624.4652709960938,610.7552490234375,0.8914051055908203
game8/Clip1,108,2,player_top,649.114501953125,205.90513610839844,634.6597290039062,136.40135192871094,663.5692749023438,205.90513610839844,0.7902242541313171
game8/Clip1,109,1,player_bottom,597.609375,611.1735229492188,570.85986328125,472.54473876953125,624.3589477539062,611.1735229492188,0.8869253396987915
game8/Clip1,109,2,player_top,650.270263671875,205.85191345214844,635.4462890625,135.8173065185547,665.0941772460938,205.85191345214844,0.811082124710083
game8/Clip1,110,1,player_bottom,596.0157470703125,611.16845703125,568.8345947265625,473.36029052734375,623.1968383789062,611.16845703125,0.8698062300682068
game8/Clip1,110,2,player_top,651.14794921875,205.9400634765625,636.0748291015625,136.0602264404297,666.2211303710938,205.9400634765625,0.7800578474998474
game8/Clip1,111,1,player_bottom,593.509033203125,611.10595703125,566.1856689453125,474.0418395996094,620.8323974609375,611.10595703125,0.8745160698890686
game8/Clip1,111,2,player_top,652.5902709960938,206.06842041015625,636.75,133.8968963623047,668.4305419921875,206.06842041015625,0.7633075714111328
game8/Clip1,112,1,player_bottom,590.0249633789062,610.998779296875,562.8173217773438,474.40924072265625,617.2326049804688,610.998779296875,0.8611368536949158
game8/Clip1,112,2,player_top,653.6768798828125,205.71157836914062,637.4588012695312,132.3963165283203,669.8948974609375,205.71157836914062,0.748543918132782
game8/Clip1,113,1,player_bottom,585.648681640625,611.13623046875,558.7031860351562,474.57391357421875,612.5941162109375,611.13623046875,0.8257798552513123
game8/Clip1,113,2,player_top,654.696533203125,205.4291229248047,638.3407592773438,131.76022338867188,671.0523071289062,205.4291229248047,0.7549949288368225
game8/Clip1,114,1,player_bottom,580.17578125,611.051513671875,553.6181030273438,474.54205322265625,606.7335205078125,611.051513671875,0.8505464792251587
game8/Clip1,114,2,player_top,656.1419067382812,205.1521759033203,640.2771606445312,133.3902587890625,672.0066528320312,205.1521759033203,0.7246643900871277
game8/Clip1,115,1,player_bottom,575.3458251953125,611.2542724609375,549.4276733398438,475.0329284667969,601.2639770507812,611.2542724609375,0.8533822298049927
game8/Clip1,115,2,player_top,657.694580078125,205.09136962890625,642.2210083007812,134.04942321777344,673.1680908203125,205.09136962890625,0.7664515972137451
game8/Clip1,116,1,player_bottom,571.6180419921875,611.7962036132812,546.180419921875,475.1756286621094,597.0556030273438,611.7962036132812,0.8633474707603455
game8/Clip1,116,2,player_top,659.8870849609375,205.16693115234375,644.8641357421875,134.49285888671875,674.9099731445312,205.16693115234375,0.7001956105232239
game8/Clip1,117,1,player_bottom,567.914794921875,612.126953125,542.8906860351562,475.5791931152344,592.9389038085938,612.126953125,0.8699184656143188
game8/Clip1,117,2,player_top,661.5670166015625,205.15927124023438,647.1051635742188,135.32884216308594,676.02880859375,205.15927124023438,0.6593272089958191
game8/Clip2,0,1,player_bottom,372.9766845703125,623.345703125,326.89678955078125,493.4665222167969,419.0566101074219,623.345703125,0.9048240184783936
game8/Clip2,0,3,player_top,681.6629638671875,250.7590789794922,666.3916015625,183.57150268554688,696.9342651367188,250.7590789794922,0.7453540563583374
game8/Clip2,1,1,player_bottom,375.0104064941406,623.5514526367188,329.5843505859375,495.70501708984375,420.43646240234375,623.5514526367188,0.9121123552322388
game8/Clip2,1,3,player_top,682.2809448242188,250.60357666015625,667.2537231445312,184.5205841064453,697.3081665039062,250.60357666015625,0.7735772132873535
game8/Clip2,2,1,player_bottom,375.2796630859375,624.9417114257812,329.64813232421875,496.793212890625,420.9111633300781,624.9417114257812,0.9165571928024292
game8/Clip2,2,3,player_top,682.7723388671875,250.56639099121094,668.431396484375,187.5388641357422,697.1132202148438,250.56639099121094,0.7827118039131165
game8/Clip2,3,1,player_bottom,375.91949462890625,624.8871459960938,330.86529541015625,498.7212829589844,420.97369384765625,624.8871459960938,0.9106733202934265
game8/Clip2,3,3,player_top,682.83251953125,250.45947265625,668.9490356445312,189.4481201171875,696.716064453125,250.45947265625,0.7802562117576599
game8/Clip2,4,1,player_bottom,376.29913330078125,624.7454223632812,331.5501708984375,499.84613037109375,421.048095703125,624.7454223632812,0.9047157168388367
game8/Clip2,4,3,player_top,683.45361328125,250.9405517578125,669.6069946289062,190.02938842773438,697.30029296875,250.9405517578125,0.7281491160392761
game8/Clip2,5,1,player_bottom,376.53021240234375,624.9545288085938,331.51556396484375,499.7212829589844,421.54486083984375,624.9545288085938,0.8990533351898193
game8/Clip2,5,3,player_top,684.5909423828125,250.84857177734375,670.64208984375,189.53038024902344,698.5398559570312,250.84857177734375,0.7875842452049255
game8/Clip2,6,1,player_bottom,375.79248046875,624.4317016601562,330.7706298828125,499.82562255859375,420.8143615722656,624.4317016601562,0.896143913269043
game8/Clip2,6,3,player_top,685.5311279296875,250.7607421875,671.3038940429688,188.1355743408203,699.7584228515625,250.7607421875,0.792378306388855
game8/Clip2,7,1,player_bottom,373.9375305175781,623.8118286132812,328.5121154785156,499.23681640625,419.3629455566406,623.8118286132812,0.9063466191291809
game8/Clip2,7,3,player_top,687.1868896484375,250.9063720703125,672.5887451171875,186.61851501464844,701.7850341796875,250.9063720703125,0.7601286768913269
game8/Clip2,8,1,player_bottom,372.5877990722656,622.7680053710938,326.1044921875,496.49310302734375,419.07110595703125,622.7680053710938,0.9141720533370972
game8/Clip2,8,3,player_top,687.4569091796875,250.61318969726562,672.686279296875,185.46774291992188,702.2276000976562,250.61318969726562,0.7578654289245605
game8/Clip2,9,1,player_bottom,370.632080078125,621.360107421875,323.0888366699219,493.7276306152344,418.1753234863281,621.360107421875,0.9100857377052307
game8/Clip2,9,3,player_top,687.6473999023438,250.32632446289062,672.6047973632812,183.94752502441406,702.6900024414062,250.32632446289062,0.764778733253479
game8/Clip2,10,1,player_bottom,369.2718505859375,619.2885131835938,321.5798034667969,492.0631103515625,416.9638671875,619.2885131835938,0.8973522782325745
game8/Clip2,10,3,player_top,686.9664306640625,249.4942169189453,672.0628662109375,183.7633514404297,701.8700561523438,249.4942169189453,0.759503185749054
game8/Clip2,11,1,player_bottom,362.51617431640625,617.7185668945312,314.7188415527344,491.3379211425781,410.31353759765625,617.7185668945312,0.8739866018295288
game8/Clip2,11,3,player_top,685.6728515625,249.67059326171875,670.6497802734375,183.27247619628906,700.6959838867188,249.67059326171875,0.7401705384254456
game8/Clip2,12,1,player_bottom,357.2098083496094,615.7473754882812,309.275634765625,489.61285400390625,405.14398193359375,615.7473754882812,0.8804295659065247
game8/Clip2,12,3,player_top,685.9076538085938,250.00083923339844,670.6181030273438,183.39369201660156,701.1972045898438,250.00083923339844,0.8100553154945374
game8/Clip2,13,1,player_bottom,351.46771240234375,614.7071533203125,302.4288635253906,486.01373291015625,400.5065612792969,614.7071533203125,0.9001967906951904
game8/Clip2,13,3,player_top,686.0318603515625,249.99078369140625,670.5646362304688,183.55850219726562,701.4991455078125,249.99078369140625,0.8184934258460999
game8/Clip2,14,1,player_bottom,344.7596435546875,613.8240356445312,294.90093994140625,483.30853271484375,394.61834716796875,613.8240356445312,0.8846527338027954
game8/Clip2,14,3,player_top,686.0840454101562,249.93772888183594,670.3908081054688,183.39044189453125,701.7772827148438,249.93772888183594,0.8431984782218933
game8/Clip2,15,1,player_bottom,335.846923828125,613.340087890625,284.0714416503906,477.4156494140625,387.6224060058594,613.340087890625,0.8783215284347534
game8/Clip2,15,3,player_top,686.081787109375,250.01181030273438,670.12060546875,183.06353759765625,702.0430297851562,250.01181030273438,0.8440265655517578
game8/Clip2,16,1,player_bottom,324.867919921875,613.372802734375,272.747802734375,475.6897277832031,376.9880676269531,613.372802734375,0.7810723781585693
game8/Clip2,16,3,player_top,686.7826538085938,249.5281219482422,670.3391723632812,180.75485229492188,703.2261352539062,249.5281219482422,0.8381952047348022
game8/Clip2,17,1,player_bottom,313.423828125,613.421142578125,261.7719421386719,473.4132995605469,365.0757141113281,613.421142578125,0.8447137475013733
game8/Clip2,17,3,player_top,687.6390380859375,249.171630859375,670.9861450195312,179.32179260253906,704.2918701171875,249.171630859375,0.8322847485542297
game8/Clip2,18,1,player_bottom,308.7903137207031,613.3120727539062,258.7041931152344,472.1632995605469,358.8764343261719,613.3120727539062,0.7055503129959106
game8/Clip2,18,3,player_top,688.8973388671875,247.71670532226562,672.3111572265625,177.75741577148438,705.4834594726562,247.71670532226562,0.828866183757782
game8/Clip2,19,1,player_bottom,306.4937438964844,613.5200805664062,257.12139892578125,469.433837890625,355.8660888671875,613.5200805664062,0.7967749834060669
game8/Clip2,19,3,player_top,690.35009765625,246.4588165283203,674.0164794921875,177.32411193847656,706.6837768554688,246.4588165283203,0.8098793625831604
game8/Clip2,20,1,player_bottom,298.7577209472656,600.3735961914062,254.51007080078125,466.4815368652344,343.00537109375,600.3735961914062,0.8564180731773376
game8/Clip2,20,3,player_top,692.8773193359375,245.25460815429688,676.5944213867188,176.7722625732422,709.1602172851562,245.25460815429688,0.8271140456199646
game8/Clip2,21,1,player_bottom,290.52838134765625,589.8429565429688,250.91021728515625,465.6463317871094,330.14654541015625,589.8429565429688,0.865092396736145
game8/Clip2,21,3,player_top,695.0130615234375,244.12771606445312,678.6903686523438,176.74856567382812,711.335693359375,244.12771606445312,0.8280402421951294
game8/Clip2,22,1,player_bottom,282.34619140625,587.0831298828125,245.46185302734375,467.326904296875,319.23052978515625,587.0831298828125,0.8414969444274902
game8/Clip2,22,3,player_top,697.1187744140625,243.8822021484375,680.6101684570312,177.59133911132812,713.6273193359375,243.8822021484375,0.8500258326530457
game8/Clip2,23,1,player_bottom,276.5627746582031,585.857421875,242.0455780029297,469.065673828125,311.0799560546875,585.857421875,0.8456019163131714
game8/Clip2,23,3,player_top,698.726806640625,244.49545288085938,681.8880615234375,178.66978454589844,715.5654907226562,244.49545288085938,0.8619070649147034
game8/Clip2,24,1,player_bottom,272.7349548339844,585.4732055664062,238.5006103515625,464.8691101074219,306.96929931640625,585.4732055664062,0.8469341993331909
game8/Clip2,24,3,player_top,699.47021484375,244.82675170898438,682.451416015625,179.958740234375,716.4889526367188,244.82675170898438,0.8704228401184082
game8/Clip2,25,1,player_bottom,268.7390441894531,587.046875,236.2893524169922,469.05682373046875,301.188720703125,587.046875,0.8285347819328308
game8/Clip2,25,3,player_top,699.775634765625,244.01251220703125,682.7271728515625,180.72532653808594,716.8240966796875,244.01251220703125,0.865202784538269
game8/Clip2,26,1,player_bottom,263.63739013671875,585.9360961914062,232.73187255859375,471.7215881347656,294.5429382324219,585.9360961914062,0.7185029983520508
game8/Clip2,26,3,player_top,700.9703979492188,244.38720703125,683.172607421875,180.85641479492188,718.7681884765625,244.38720703125,0.8738195300102234
game8/Clip2,27,1,player_bottom,255.03900146484375,590.4685668945312,223.07078552246094,473.1045227050781,287.0072326660156,590.4685668945312,0.828101634979248
game8/Clip2,27,3,player_top,702.662353515625,244.52923583984375,684.3282470703125,180.66970825195312,720.9965209960938,244.52923583984375,0.8380100727081299
game8/Clip2,28,1,player_bottom,250.13198852539062,589.7233276367188,217.8206329345703,473.8175048828125,282.4433288574219,589.7233276367188,0.8691892623901367
game8/Clip2,28,3,player_top,705.6588134765625,244.47108459472656,687.1183471679688,180.1577606201172,724.1993408203125,244.47108459472656,0.8434584736824036
game8/Clip2,29,1,player_bottom,247.65066528320312,590.9483642578125,214.42208862304688,474.5023193359375,280.8792419433594,590.9483642578125,0.8986785411834717
game8/Clip2,29,3,player_top,706.6985473632812,244.5967254638672,687.9058837890625,179.48959350585938,725.4912109375,244.5967254638672,0.842681884765625
game8/Clip2,30,1,player_bottom,246.41891479492188,591.196533203125,212.67445373535156,475.370361328125,280.1633605957031,591.196533203125,0.9041934013366699
game8/Clip2,30,3,player_top,707.0074462890625,244.7954559326172,687.87939453125,178.52113342285156,726.1354370117188,244.7954559326172,0.8231626152992249
game8/Clip2,31,1,player_bottom,245.9791717529297,592.0010375976562,211.50677490234375,475.627685546875,280.4515686035156,592.0010375976562,0.9038568735122681
game8/Clip2,31,3,player_top,706.0335693359375,244.6383514404297,686.6988525390625,178.23910522460938,725.3682250976562,244.6383514404297,0.810406506061554
game8/Clip2,32,1,player_bottom,245.8412628173828,591.4837646484375,210.92056274414062,475.3141784667969,280.761962890625,591.4837646484375,0.8877925276756287
game8/Clip2,32,3,player_top,703.3616943359375,243.99595642089844,683.6326293945312,177.49166870117188,723.0907592773438,243.99595642089844,0.7654564380645752
game8/Clip2,33,1,player_bottom,246.25555419921875,590.7639770507812,210.89407348632812,474.7149658203125,281.6170349121094,590.7639770507812,0.8980113863945007
game8/Clip2,33,3,player_top,702.211669921875,242.4556884765625,682.4398803710938,176.2146453857422,721.9833984375,242.4556884765625,0.7003479599952698
game8/Clip2,34,1,player_bottom,246.30462646484375,590.424072265625,210.4411163330078,473.9394226074219,282.1681213378906,590.424072265625,0.9005917906761169
game8/Clip2,34,3,player_top,702.09521484375,241.14564514160156,682.7999267578125,175.80345153808594,721.3905639648438,241.14564514160156,0.6811431646347046
game8/Clip2,35,1,player_bottom,247.21328735351562,590.136962890625,210.61647033691406,472.6183166503906,283.8100891113281,590.136962890625,0.9022650122642517
game8/Clip2,35,3,player_top,700.3408203125,240.65371704101562,680.744140625,173.6919403076172,719.9375,240.65371704101562,0.7357786297798157
game8/Clip2,36,1,player_bottom,251.0896759033203,589.4501342773438,212.9942626953125,469.5023498535156,289.1850891113281,589.4501342773438,0.9008593559265137
game8/Clip2,36,3,player_top,699.4661865234375,240.3649444580078,679.7626953125,172.03436279296875,719.169677734375,240.3649444580078,0.7986556887626648
game8/Clip2,37,1,player_bottom,255.0380859375,588.4075317382812,215.71484375,467.9039306640625,294.361328125,588.4075317382812,0.8641864657402039
game8/Clip2,37,3,player_top,698.6461181640625,240.22317504882812,679.6361083984375,173.22018432617188,717.6561889648438,240.22317504882812,0.7479494214057922
game8/Clip2,38,1,player_bottom,259.32080078125,586.7279663085938,218.59588623046875,465.60992431640625,300.04571533203125,586.7279663085938,0.8463536500930786
game8/Clip2,38,3,player_top,698.1189575195312,240.2042999267578,679.4065551757812,173.40335083007812,716.8313598632812,240.2042999267578,0.7559089660644531
game8/Clip2,39,1,player_bottom,265.52777099609375,586.10595703125,223.81362915039062,464.45672607421875,307.2419128417969,586.10595703125,0.8721246719360352
game8/Clip2,39,3,player_top,697.245361328125,240.22183227539062,678.9263916015625,174.4779815673828,715.5643920898438,240.22183227539062,0.770605206489563
game8/Clip2,40,1,player_bottom,272.4541931152344,586.1102905273438,230.174560546875,464.7642517089844,314.73382568359375,586.1102905273438,0.8288500905036926
game8/Clip2,40,3,player_top,693.6416015625,240.747802734375,674.5242309570312,172.9347381591797,712.759033203125,240.747802734375,0.755966305732727
game8/Clip2,41,1,player_bottom,285.2640075683594,585.5403442382812,243.5542755126953,465.7037048339844,326.9737548828125,585.5403442382812,0.8000396490097046
game8/Clip2,41,3,player_top,693.0791015625,240.95870971679688,674.1654663085938,174.3645477294922,711.99267578125,240.95870971679688,0.7840540409088135
game8/Clip2,42,1,player_bottom,297.0372619628906,585.5008544921875,255.26963806152344,463.8709716796875,338.8049011230469,585.5008544921875,0.8682928085327148
game8/Clip2,42,3,player_top,693.3234252929688,240.19837951660156,673.6409912109375,170.63636779785156,713.005859375,240.19837951660156,0.6688975691795349
game8/Clip2,43,1,player_bottom,304.50836181640625,585.4425659179688,263.77655029296875,467.0814208984375,345.2401428222656,585.4425659179688,0.8398134112358093
game8/Clip2,43,3,player_top,693.63330078125,240.7010498046875,674.9795532226562,175.12496948242188,712.2870483398438,240.7010498046875,0.7947646379470825
game8/Clip2,44,1,player_bottom,309.7904052734375,585.103759765625,268.31951904296875,464.8771667480469,351.2612609863281,585.103759765625,0.8798978328704834
game8/Clip2,44,3,player_top,696.77880859375,240.97314453125,678.7786865234375,176.39187622070312,714.7789916992188,240.97314453125,0.7738964557647705
game8/Clip2,45,1,player_bottom,315.7987365722656,581.5304565429688,275.1429748535156,464.9580383300781,356.4544982910156,581.5304565429688,0.8126664757728577
game8/Clip2,45,3,player_top,697.6402587890625,241.17398071289062,679.8299560546875,175.95457458496094,715.4505615234375,241.17398071289062,0.755699872970581
game8/Clip2,46,1,player_bottom,322.6368408203125,580.5103149414062,281.59271240234375,464.0074768066406,363.6809387207031,580.5103149414062,0.8742458820343018
game8/Clip2,46,3,player_top,696.3587036132812,241.33035278320312,678.5257568359375,175.42405700683594,714.191650390625,241.33035278320312,0.7870941758155823
game8/Clip2,47,1,player_bottom,333.1507263183594,581.2334594726562,292.1626281738281,464.57427978515625,374.1388244628906,581.2334594726562,0.8557788729667664
game8/Clip2,47,3,player_top,694.4141235351562,241.470947265625,676.0823974609375,173.6715087890625,712.745849609375,241.470947265625,0.8043469190597534
game8/Clip2,48,1,player_bottom,347.1690673828125,581.4660034179688,306.8462829589844,465.13409423828125,387.4918212890625,581.4660034179688,0.8170905113220215
game8/Clip2,48,3,player_top,695.15380859375,241.41859436035156,676.7588500976562,171.95806884765625,713.548828125,241.41859436035156,0.7664743065834045
game8/Clip2,49,1,player_bottom,363.06085205078125,580.4735717773438,326.34771728515625,471.9334411621094,399.7739562988281,580.4735717773438,0.7109594345092773
game8/Clip2,49,3,player_top,694.7348022460938,241.4299774169922,676.4067993164062,170.43228149414062,713.0628051757812,241.4299774169922,0.8107141852378845
game8/Clip2,50,1,player_bottom,373.3180236816406,580.291259765625,336.791748046875,470.93487548828125,409.84429931640625,580.291259765625,0.766883373260498
game8/Clip2,50,3,player_top,693.9478759765625,241.44366455078125,675.6927490234375,168.72311401367188,712.2030639648438,241.44366455078125,0.7440647482872009
game8/Clip2,51,1,player_bottom,381.361328125,582.7410278320312,343.4182434082031,468.63751220703125,419.304443359375,582.7410278320312,0.846308171749115
game8/Clip2,51,3,player_top,693.8802490234375,241.1416473388672,675.0184326171875,163.4516143798828,712.7420654296875,241.1416473388672,0.7982598543167114
game8/Clip2,52,1,player_bottom,389.4053649902344,585.2274780273438,349.9770812988281,467.09814453125,428.8336486816406,585.2274780273438,0.8485586643218994
game8/Clip2,52,3,player_top,693.52734375,240.925048828125,674.887939453125,161.43919372558594,712.166748046875,240.925048828125,0.7649478912353516
game8/Clip2,53,1,player_bottom,399.3207092285156,588.5725708007812,358.7796630859375,467.076416015625,439.86175537109375,588.5725708007812,0.8567651510238647
game8/Clip2,53,3,player_top,694.9828491210938,240.82540893554688,676.1339721679688,158.45114135742188,713.8317260742188,240.82540893554688,0.8227388858795166
game8/Clip2,54,1,player_bottom,413.05377197265625,589.8592529296875,372.3965148925781,468.71142578125,453.71099853515625,589.8592529296875,0.7923031449317932
game8/Clip2,54,3,player_top,693.8663330078125,240.4735870361328,677.0859985351562,165.55233764648438,710.6466064453125,240.4735870361328,0.744606077671051
game8/Clip2,55,1,player_bottom,429.8291015625,590.162109375,389.530029296875,470.83172607421875,470.128173828125,590.162109375,0.754321813583374
game8/Clip2,55,3,player_top,693.6554565429688,240.1517791748047,677.80029296875,168.45350646972656,709.5106201171875,240.1517791748047,0.7808622717857361
game8/Clip2,56,1,player_bottom,445.81634521484375,590.2307739257812,406.44586181640625,471.480712890625,485.1867980957031,590.2307739257812,0.7695268988609314
game8/Clip2,56,3,player_top,692.00439453125,240.3269500732422,676.8389282226562,170.80628967285156,707.169921875,240.3269500732422,0.6769304871559143
game8/Clip2,57,1,player_bottom,456.9458312988281,590.4500732421875,417.98565673828125,472.7041015625,495.906005859375,590.4500732421875,0.8635600209236145
game8/Clip2,57,3,player_top,689.9659423828125,240.49319458007812,675.59765625,173.8169708251953,704.3342895507812,240.49319458007812,0.7014936804771423
game8/Clip2,58,1,player_bottom,464.84808349609375,590.397216796875,425.3495788574219,471.5364685058594,504.3465881347656,590.397216796875,0.8878265619277954
game8/Clip2,58,3,player_top,688.2083740234375,240.55335998535156,674.2221069335938,175.6300811767578,702.194580078125,240.55335998535156,0.7327212691307068
game8/Clip2,59,1,player_bottom,476.5537414550781,589.637451171875,436.14630126953125,471.3592224121094,516.961181640625,589.637451171875,0.8659985065460205
game8/Clip2,59,3,player_top,687.853271484375,240.4447479248047,673.8378295898438,177.14537048339844,701.8687133789062,240.4447479248047,0.7491843104362488
game8/Clip2,60,1,player_bottom,487.62481689453125,592.0675048828125,445.4031677246094,473.03570556640625,529.8464965820312,592.0675048828125,0.9074334502220154
game8/Clip2,60,3,player_top,683.9891357421875,240.6204376220703,669.5593872070312,177.88999938964844,698.4189453125,240.6204376220703,0.8220633268356323
game8/Clip2,61,1,player_bottom,498.9786682128906,595.75830078125,454.93017578125,476.37322998046875,543.0271606445312,595.75830078125,0.8862172365188599
game8/Clip2,61,3,player_top,681.44482421875,240.76939392089844,666.4403686523438,178.0653839111328,696.4493408203125,240.76939392089844,0.8201887011528015
game8/Clip2,62,1,player_bottom,510.24072265625,597.8610229492188,465.7125549316406,479.68310546875,554.7689208984375,597.8610229492188,0.883178174495697
game8/Clip2,62,3,player_top,679.7521362304688,240.83297729492188,663.9215698242188,177.29934692382812,695.5827026367188,240.83297729492188,0.8277127742767334
game8/Clip2,63,1,player_bottom,521.7413330078125,598.3724365234375,477.7217712402344,480.802001953125,565.7608642578125,598.3724365234375,0.8452449440956116
game8/Clip2,63,3,player_top,677.4928588867188,240.91058349609375,661.0935668945312,176.3932647705078,693.8921508789062,240.91058349609375,0.8301926851272583
game8/Clip2,64,1,player_bottom,538.0943603515625,598.7645874023438,495.58868408203125,481.4930419921875,580.5999755859375,598.7645874023438,0.7943095564842224
game8/Clip2,64,3,player_top,674.9473876953125,241.1816864013672,658.0245361328125,174.76400756835938,691.8701782226562,241.1816864013672,0.794661819934845
game8/Clip2,65,1,player_bottom,548.5150756835938,599.1265258789062,507.2817687988281,481.4855041503906,589.7484130859375,599.1265258789062,0.7997186779975891
game8/Clip2,65,3,player_top,672.2769775390625,241.06495666503906,655.3649291992188,173.94715881347656,689.1890869140625,241.06495666503906,0.8032708168029785
game8/Clip2,66,1,player_bottom,558.1471557617188,605.786376953125,516.1339111328125,480.5065612792969,600.160400390625,605.786376953125,0.8297555446624756
game8/Clip2,66,3,player_top,669.761474609375,241.0138702392578,653.0987548828125,173.59120178222656,686.4242553710938,241.0138702392578,0.8141367435455322
game8/Clip2,67,1,player_bottom,566.8406982421875,601.4982299804688,527.4573364257812,479.69183349609375,606.2239990234375,601.4982299804688,0.8719824552536011
game8/Clip2,67,3,player_top,668.08251953125,241.92654418945312,651.9666137695312,175.2227020263672,684.1984252929688,241.92654418945312,0.7949004173278809
game8/Clip2,68,1,player_bottom,574.9439697265625,606.1171264648438,535.052490234375,479.4853820800781,614.8355102539062,606.1171264648438,0.7499468326568604
game8/Clip2,68,3,player_top,666.0272827148438,243.31993103027344,650.179443359375,176.61082458496094,681.8751220703125,243.31993103027344,0.7941842675209045
game8/Clip2,69,1,player_bottom,585.8666381835938,611.256591796875,544.5062866210938,478.6155700683594,627.2269897460938,611.256591796875,0.8899788856506348
game8/Clip2,69,3,player_top,663.396484375,244.59710693359375,647.6398315429688,177.6308135986328,679.153076171875,244.59710693359375,0.8011132478713989
game8/Clip2,70,1,player_bottom,594.0506591796875,614.9541625976562,552.1131591796875,479.32501220703125,635.9880981445312,614.9541625976562,0.8793731927871704
game8/Clip2,70,3,player_top,661.0955810546875,246.5714874267578,645.2766723632812,178.52072143554688,676.91455078125,246.5714874267578,0.7939411401748657
game8/Clip2,71,1,player_bottom,601.2294921875,619.9346923828125,558.73486328125,481.0867004394531,643.7241821289062,619.9346923828125,0.9025331735610962
game8/Clip2,71,3,player_top,659.3185424804688,247.6990509033203,643.580078125,178.93759155273438,675.0570068359375,247.6990509033203,0.7937201261520386
game8/Clip2,72,1,player_bottom,606.3991088867188,622.1527709960938,564.5198364257812,482.6059875488281,648.2783813476562,622.1527709960938,0.885903537273407
game8/Clip2,72,3,player_top,657.616455078125,248.47708129882812,641.9071044921875,179.039794921875,673.3257446289062,248.47708129882812,0.7917943000793457
game8/Clip2,73,1,player_bottom,611.3071899414062,622.9495239257812,570.6222534179688,483.314697265625,651.9921264648438,622.9495239257812,0.870857298374176
game8/Clip2,73,3,player_top,655.320068359375,248.98690795898438,639.6040649414062,179.32675170898438,671.0360107421875,248.98690795898438,0.7978339195251465
game8/Clip2,74,1,player_bottom,615.9140625,623.4188842773438,576.68115234375,483.3489685058594,655.1469116210938,623.4188842773438,0.8518560528755188
game8/Clip2,74,3,player_top,653.3389892578125,249.1355743408203,637.5084838867188,178.20974731445312,669.16943359375,249.1355743408203,0.8123664259910583
game8/Clip2,75,1,player_bottom,622.2550048828125,623.6171264648438,584.3733520507812,482.2295837402344,660.1365966796875,623.6171264648438,0.8178773522377014
game8/Clip2,75,3,player_top,652.15283203125,249.13662719726562,636.3578491210938,177.1776123046875,667.9478149414062,249.13662719726562,0.7858107686042786
game8/Clip2,76,1,player_bottom,629.64306640625,623.3609619140625,593.261962890625,480.8032531738281,666.024169921875,623.3609619140625,0.8338724374771118
game8/Clip2,76,3,player_top,651.3174438476562,248.90667724609375,635.4276123046875,174.95135498046875,667.207275390625,248.90667724609375,0.7704113125801086
game8/Clip2,77,1,player_bottom,635.9888916015625,622.9148559570312,600.9791259765625,479.6259765625,670.9987182617188,622.9148559570312,0.8607097268104553
game8/Clip2,77,3,player_top,650.5477294921875,249.2487335205078,634.500244140625,172.784912109375,666.59521484375,249.2487335205078,0.7902817726135254
game8/Clip2,78,1,player_bottom,643.2798461914062,622.4276123046875,609.2408447265625,478.8063049316406,677.31884765625,622.4276123046875,0.8459739089012146
game8/Clip2,78,3,player_top,650.252685546875,249.09756469726562,634.1754760742188,170.42349243164062,666.329833984375,249.09756469726562,0.7865733504295349
game8/Clip2,79,1,player_bottom,649.7719116210938,622.3272094726562,616.4742431640625,479.46539306640625,683.069580078125,622.3272094726562,0.8600615859031677
game8/Clip2,79,3,player_top,649.9149169921875,248.98475646972656,634.154052734375,169.8253631591797,665.67578125,248.98475646972656,0.773899257183075
game8/Clip2,80,1,player_bottom,654.8726806640625,622.9917602539062,621.8880004882812,479.8039245605469,687.8572998046875,622.9917602539062,0.8922820687294006
game8/Clip2,80,3,player_top,648.4189453125,249.64981079101562,632.8001708984375,169.65675354003906,664.0377197265625,249.64981079101562,0.7550802826881409
game8/Clip2,81,1,player_bottom,658.5135498046875,624.7272338867188,625.9126586914062,480.8814697265625,691.1144409179688,624.7272338867188,0.8918043971061707
game8/Clip2,81,3,player_top,646.858642578125,250.22811889648438,631.2979736328125,169.0455780029297,662.4193115234375,250.22811889648438,0.7663803696632385
game8/Clip2,82,1,player_bottom,661.703369140625,625.6517333984375,630.07958984375,483.0008239746094,693.3272094726562,625.6517333984375,0.8877241611480713
game8/Clip2,82,3,player_top,644.615234375,250.627197265625,628.96435546875,168.4778289794922,660.2660522460938,250.627197265625,0.7906326055526733
game8/Clip2,83,1,player_bottom,665.1607666015625,625.9061279296875,634.8727416992188,485.17291259765625,695.4488525390625,625.9061279296875,0.8742031455039978
game8/Clip2,83,3,player_top,642.7394409179688,250.8293914794922,627.3748168945312,170.3756866455078,658.1040649414062,250.8293914794922,0.7818688154220581
game8/Clip2,84,1,player_bottom,669.9818725585938,626.3846435546875,640.8703002929688,486.7174987792969,699.0934448242188,626.3846435546875,0.8008472323417664
game8/Clip2,84,3,player_top,640.9537963867188,250.84555053710938,625.9598388671875,173.45468139648438,655.94775390625,250.84555053710938,0.7834221720695496
game8/Clip2,85,1,player_bottom,675.572509765625,627.9168090820312,646.9036865234375,486.4964904785156,704.2413330078125,627.9168090820312,0.8371224403381348
game8/Clip2,85,3,player_top,639.8173828125,251.02847290039062,624.7316284179688,174.450439453125,654.9031982421875,251.02847290039062,0.78721684217453
game8/Clip2,86,1,player_bottom,678.94091796875,630.4100341796875,650.333984375,485.8462829589844,707.5477905273438,630.4100341796875,0.8254584074020386
game8/Clip2,86,3,player_top,639.21337890625,251.09014892578125,623.8102416992188,174.1865997314453,654.616455078125,251.09014892578125,0.7878926396369934
game8/Clip2,87,1,player_bottom,682.9837646484375,632.6256103515625,654.4144287109375,485.0811462402344,711.5530395507812,632.6256103515625,0.8365247845649719
game8/Clip2,87,3,player_top,639.0880737304688,251.35670471191406,623.3067626953125,173.2251739501953,654.869384765625,251.35670471191406,0.8103863596916199
game8/Clip2,88,1,player_bottom,689.1177978515625,633.4346923828125,660.6678466796875,484.8736267089844,717.5676879882812,633.4346923828125,0.8660882115364075
game8/Clip2,88,3,player_top,638.9800415039062,251.42886352539062,622.9883422851562,172.73338317871094,654.9717407226562,251.42886352539062,0.8173158764839172
game8/Clip2,89,1,player_bottom,693.3421020507812,634.7112426757812,664.8187255859375,485.08587646484375,721.865478515625,634.7112426757812,0.8865912556648254
game8/Clip2,89,3,player_top,638.5118408203125,251.22283935546875,622.543212890625,173.1970977783203,654.4805297851562,251.22283935546875,0.8004959225654602
game8/Clip2,90,1,player_bottom,696.1339721679688,635.7598876953125,667.9262084960938,486.9956359863281,724.3417358398438,635.7598876953125,0.8663892149925232
game8/Clip2,90,3,player_top,637.6478271484375,250.8600311279297,621.6912231445312,173.12733459472656,653.6043701171875,250.8600311279297,0.7896056175231934
game8/Clip2,91,1,player_bottom,699.9110717773438,635.870361328125,672.2101440429688,489.277587890625,727.6119995117188,635.870361328125,0.8657750487327576
game8/Clip2,91,3,player_top,636.266845703125,251.35902404785156,620.1727294921875,172.36585998535156,652.3610229492188,251.35902404785156,0.725672721862793
game8/Clip2,92,1,player_bottom,704.28515625,636.2019653320312,676.9591064453125,490.8821716308594,731.6112670898438,636.2019653320312,0.8173460364341736
game8/Clip2,92,3,player_top,634.1860961914062,251.4622802734375,618.3519897460938,172.83546447753906,650.0202026367188,251.4622802734375,0.7780371308326721
game8/Clip2,93,1,player_bottom,707.8867797851562,636.4412231445312,681.1666870117188,492.0152282714844,734.6068725585938,636.4412231445312,0.8064566254615784
game8/Clip2,93,3,player_top,632.0411376953125,251.4115447998047,616.7481689453125,174.03086853027344,647.3341064453125,251.4115447998047,0.7469953298568726
game8/Clip2,94,1,player_bottom,711.7103271484375,636.3583374023438,685.3741455078125,492.6986389160156,738.0464477539062,636.3583374023438,0.786368191242218
game8/Clip2,94,3,player_top,629.0975341796875,251.30848693847656,614.148681640625,174.10182189941406,644.0463256835938,251.30848693847656,0.7114236354827881
game8/Clip2,95,1,player_bottom,715.0013427734375,636.5191650390625,689.2384033203125,493.46282958984375,740.7643432617188,636.5191650390625,0.7569918036460876
game8/Clip2,95,3,player_top,627.9781494140625,251.51268005371094,613.35595703125,175.01734924316406,642.6002807617188,251.51268005371094,0.7614780068397522
game8/Clip2,96,1,player_bottom,718.9757080078125,636.202392578125,693.4959106445312,493.23297119140625,744.4555053710938,636.202392578125,0.8117554783821106
game8/Clip2,96,3,player_top,626.4697875976562,252.0435791015625,612.0072021484375,175.8435516357422,640.932373046875,252.0435791015625,0.716940701007843
game8/Clip3,0,1,player_bottom,956.5262451171875,649.7667846679688,919.269287109375,517.2080078125,993.7832641601562,649.7667846679688,0.9098271131515503
game8/Clip3,0,2,player_top,593.4718627929688,243.93174743652344,579.3825073242188,138.7537841796875,607.5612182617188,243.93174743652344,0.8074486255645752
game8/Clip3,1,1,player_bottom,956.6943359375,649.5743408203125,919.1187744140625,515.839111328125,994.2698364257812,649.5743408203125,0.9092084169387817
game8/Clip3,1,2,player_top,592.4462280273438,244.15231323242188,578.2374877929688,138.28286743164062,606.6549682617188,244.15231323242188,0.8002577424049377
game8/Clip3,2,1,player_bottom,956.8131103515625,649.4509887695312,918.9432983398438,514.5689086914062,994.6829833984375,649.4509887695312,0.9078172445297241
game8/Clip3,2,2,player_top,592.4060668945312,244.15635681152344,578.3174438476562,139.4038543701172,606.4946899414062,244.15635681152344,0.8104023337364197
game8/Clip3,3,1,player_bottom,957.1031494140625,649.408935546875,919.0189208984375,513.5791625976562,995.1873168945312,649.408935546875,0.9097414016723633
game8/Clip3,3,2,player_top,592.3697509765625,244.02297973632812,578.6381225585938,142.21343994140625,606.1013793945312,244.02297973632812,0.7907235026359558
game8/Clip3,4,1,player_bottom,957.3626708984375,649.4560546875,919.1928100585938,513.048095703125,995.5325317382812,649.4560546875,0.9130303859710693
game8/Clip3,4,2,player_top,592.0746459960938,243.94198608398438,578.6007080078125,144.4008331298828,605.548583984375,243.94198608398438,0.8035564422607422
game8/Clip3,5,1,player_bottom,957.1304931640625,649.2846069335938,918.9994506835938,512.79345703125,995.261474609375,649.2846069335938,0.9103161692619324
game8/Clip3,5,2,player_top,591.8713989257812,244.08026123046875,578.4882202148438,145.69427490234375,605.2545776367188,244.08026123046875,0.7991421818733215
game8/Clip3,6,1,player_bottom,956.2293701171875,649.0156860351562,918.1469116210938,512.7100830078125,994.3118286132812,649.0156860351562,0.9114506244659424
game8/Clip3,6,2,player_top,591.975341796875,243.9510955810547,578.5971069335938,146.2949676513672,605.353515625,243.9510955810547,0.7892810106277466
game8/Clip3,7,1,player_bottom,954.8177490234375,648.80419921875,916.8901977539062,513.4010620117188,992.7453002929688,648.80419921875,0.9069781303405762
game8/Clip3,7,2,player_top,592.1859130859375,244.1297607421875,578.9351196289062,148.3648223876953,605.4366455078125,244.1297607421875,0.7880067229270935
game8/Clip3,8,1,player_bottom,953.343017578125,648.7899780273438,915.4535522460938,514.4590454101562,991.2325439453125,648.7899780273438,0.9044630527496338
game8/Clip3,8,2,player_top,592.014892578125,244.23085021972656,579.0082397460938,151.29132080078125,605.0215454101562,244.23085021972656,0.7599190473556519
game8/Clip3,9,1,player_bottom,952.7031860351562,648.7711791992188,914.8557739257812,515.6447143554688,990.5505981445312,648.7711791992188,0.904909610748291
game8/Clip3,9,2,player_top,591.7591552734375,244.26736450195312,578.9669799804688,153.92327880859375,604.55126953125,244.26736450195312,0.725391685962677
game8/Clip3,10,1,player_bottom,952.5630493164062,648.521728515625,914.58349609375,515.9717407226562,990.5426025390625,648.521728515625,0.9081732034683228
game8/Clip3,10,2,player_top,591.8671875,244.2550506591797,580.12109375,162.82879638671875,603.6132202148438,244.2550506591797,0.6926355957984924
game8/Clip3,11,1,player_bottom,952.3349609375,647.7492065429688,914.0520629882812,515.0338745117188,990.6177978515625,647.7492065429688,0.8993534445762634
game8/Clip3,11,2,player_top,592.15185546875,244.2099609375,579.9939575195312,161.07400512695312,604.309814453125,244.2099609375,0.6929621696472168
game8/Clip3,12,1,player_bottom,952.3431396484375,646.4737548828125,913.625244140625,513.0685424804688,991.06103515625,646.4737548828125,0.8992570638656616
game8/Clip3,12,2,player_top,592.7205810546875,244.1806182861328,580.8330688476562,163.6790008544922,604.6080322265625,244.1806182861328,0.7770668268203735
game8/Clip3,13,1,player_bottom,951.99609375,644.041748046875,912.9329223632812,509.8898010253906,991.059326171875,644.041748046875,0.8986029028892517
game8/Clip3,13,2,player_top,594.2607421875,243.92506408691406,582.1299438476562,162.0473175048828,606.3914794921875,243.92506408691406,0.8193359375
game8/Clip3,14,1,player_bottom,950.2630615234375,641.5032958984375,910.8272705078125,505.5608825683594,989.6989135742188,641.5032958984375,0.8924369812011719
game8/Clip3,14,2,player_top,594.3719482421875,244.16818237304688,582.06787109375,160.8481903076172,606.6759643554688,244.16818237304688,0.8061586618423462
game8/Clip3,15,1,player_bottom,947.56005859375,638.516845703125,908.2767944335938,501.6177062988281,986.84326171875,638.516845703125,0.8944648504257202
game8/Clip3,15,2,player_top,593.5738525390625,243.61151123046875,580.614501953125,155.4105987548828,606.5332641601562,243.61151123046875,0.790185809135437
game8/Clip3,16,1,player_bottom,945.2813720703125,634.9127807617188,906.5422973632812,498.084228515625,984.0204467773438,634.9127807617188,0.9019196629524231
game8/Clip3,16,2,player_top,593.7825927734375,242.77976989746094,580.312744140625,151.46859741210938,607.25244140625,242.77976989746094,0.7941624522209167
game8/Clip3,17,1,player_bottom,943.9609985351562,632.2791748046875,906.006103515625,496.37530517578125,981.9158935546875,632.2791748046875,0.9110845923423767
game8/Clip3,17,2,player_top,593.8033447265625,242.1013946533203,579.4447021484375,145.54647827148438,608.1620483398438,242.1013946533203,0.777607262134552
game8/Clip3,18,1,player_bottom,942.5128173828125,629.52197265625,905.2929077148438,495.4187316894531,979.7327880859375,629.52197265625,0.9102760553359985
game8/Clip3,18,2,player_top,593.59423828125,241.4538116455078,579.4366455078125,148.2216339111328,607.7517700195312,241.4538116455078,0.757139265537262
game8/Clip3,19,1,player_bottom,941.3677978515625,626.8458251953125,904.6710205078125,495.2137145996094,978.0646362304688,626.8458251953125,0.9024387001991272
game8/Clip3,19,2,player_top,594.2578125,241.33851623535156,580.6002197265625,155.04168701171875,607.9154052734375,241.33851623535156,0.749795138835907
game8/Clip3,20,1,player_bottom,939.6258544921875,625.1132202148438,903.3116455078125,496.5076599121094,975.9401245117188,625.1132202148438,0.9173018336296082
game8/Clip3,20,2,player_top,595.131103515625,242.3972625732422,581.0314331054688,156.365234375,609.230712890625,242.3972625732422,0.7713404297828674
game8/Clip3,21,1,player_bottom,937.3557739257812,623.598388671875,901.392578125,498.7789001464844,973.3189697265625,623.598388671875,0.9109861254692078
game8/Clip3,21,2,player_top,595.45068359375,243.4999542236328,581.0552978515625,158.61904907226562,609.8461303710938,243.4999542236328,0.7622153162956238
game8/Clip3,22,1,player_bottom,935.98583984375,623.3734130859375,900.2249145507812,502.25335693359375,971.746826171875,623.3734130859375,0.904556155204773
game8/Clip3,22,2,player_top,595.3798828125,246.23348999023438,580.243408203125,159.15333557128906,610.5164184570312,246.23348999023438,0.7095807194709778
game8/Clip3,23,1,player_bottom,935.1995849609375,624.4667358398438,899.3060913085938,505.8998107910156,971.0931396484375,624.4667358398438,0.8848779201507568
game8/Clip3,23,2,player_top,594.1250610351562,248.86927795410156,579.3450317382812,165.33067321777344,608.9050903320312,248.86927795410156,0.7053225040435791
game8/Clip3,24,1,player_bottom,937.412841796875,624.5081787109375,901.1515502929688,508.79052734375,973.6741943359375,624.5081787109375,0.8917524218559265
game8/Clip3,24,2,player_top,594.5479736328125,250.67388916015625,579.5857543945312,167.39283752441406,609.51025390625,250.67388916015625,0.560181200504303
game8/Clip3,25,1,player_bottom,940.7703857421875,624.0451049804688,903.34033203125,509.588623046875,978.2005004882812,624.0451049804688,0.8885334730148315
game8/Clip3,25,2,player_top,593.8433227539062,251.30589294433594,578.8697509765625,169.97259521484375,608.81689453125,251.30589294433594,0.739124059677124
game8/Clip3,26,1,player_bottom,943.5406494140625,623.3833618164062,904.4979248046875,508.98944091796875,982.5833129882812,623.3833618164062,0.8849930763244629
game8/Clip3,26,2,player_top,593.714111328125,251.60252380371094,578.6904907226562,172.06529235839844,608.73779296875,251.60252380371094,0.7433785796165466
game8/Clip3,27,1,player_bottom,945.5419921875,622.3228149414062,905.0287475585938,508.0538635253906,986.0552368164062,622.3228149414062,0.8821631073951721
game8/Clip3,27,2,player_top,593.3626708984375,251.6319580078125,579.0205078125,177.67311096191406,607.7048950195312,251.6319580078125,0.7744782567024231
game8/Clip3,28,1,player_bottom,949.6237182617188,620.9946899414062,907.6270141601562,506.2192077636719,991.6204223632812,620.9946899414062,0.8822875022888184
game8/Clip3,28,2,player_top,592.818603515625,251.54066467285156,578.6717529296875,180.619873046875,606.9655151367188,251.54066467285156,0.8177098631858826
game8/Clip3,29,1,player_bottom,952.801025390625,620.4459228515625,909.8589477539062,505.11834716796875,995.7431030273438,620.4459228515625,0.8798391222953796
game8/Clip3,29,2,player_top,592.1300048828125,251.38552856445312,577.8821411132812,181.5976104736328,606.3778686523438,251.38552856445312,0.8192163705825806
game8/Clip3,30,1,player_bottom,957.8656616210938,620.0509033203125,914.228759765625,503.52398681640625,1001.5025634765625,620.0509033203125,0.8770061731338501
game8/Clip3,30,2,player_top,592.249755859375,251.34307861328125,577.5628051757812,181.07122802734375,606.9367065429688,251.34307861328125,0.8358739018440247
game8/Clip3,31,1,player_bottom,966.889404296875,619.5314331054688,923.1715698242188,502.77801513671875,1010.6072998046875,619.5314331054688,0.8847713470458984
game8/Clip3,31,2,player_top,592.0548706054688,251.0675506591797,576.9397583007812,179.92681884765625,607.1699829101562,251.0675506591797,0.8122140765190125
game8/Clip3,32,1,player_bottom,978.5906372070312,619.4589233398438,934.4284057617188,501.2518615722656,1022.7528686523438,619.4589233398438,0.8924652934074402
game8/Clip3,32,2,player_top,590.8485107421875,252.145263671875,574.9014892578125,178.27931213378906,606.7954711914062,252.145263671875,0.8460668325424194
game8/Clip3,33,1,player_bottom,990.8203735351562,619.5355834960938,946.4298095703125,499.1340026855469,1035.2109375,619.5355834960938,0.8286073803901672
game8/Clip3,33,2,player_top,589.18359375,253.77880859375,572.429443359375,177.60205078125,605.9376831054688,253.77880859375,0.7958727478981018
game8/Clip3,34,1,player_bottom,999.4822998046875,619.0467529296875,955.6792602539062,496.9689636230469,1043.2852783203125,619.0467529296875,0.8059824109077454
game8/Clip3,34,2,player_top,588.5676879882812,254.21041870117188,571.3301391601562,177.5067901611328,605.8052368164062,254.21041870117188,0.8402966260910034
game8/Clip3,35,1,player_bottom,1002.192626953125,619.1591796875,959.4679565429688,494.4837646484375,1044.917236328125,619.1591796875,0.7477670907974243
game8/Clip3,35,2,player_top,588.1831665039062,254.81651306152344,570.5853271484375,177.9769287109375,605.781005859375,254.81651306152344,0.8347465991973877
game8/Clip3,36,1,player_bottom,998.6113891601562,617.9982299804688,956.6131591796875,492.0261535644531,1040.609619140625,617.9982299804688,0.7895951271057129
game8/Clip3,36,2,player_top,587.6947021484375,255.21102905273438,569.7322998046875,178.20005798339844,605.6571044921875,255.21102905273438,0.8328391313552856
game8/Clip3,37,1,player_bottom,1001.70263671875,615.531982421875,961.5202026367188,491.9972229003906,1041.8851318359375,615.531982421875,0.8344434499740601
game8/Clip3,37,2,player_top,587.0834350585938,255.15623474121094,568.7757568359375,177.68666076660156,605.39111328125,255.15623474121094,0.8500654101371765
game8/Clip3,38,1,player_bottom,1004.996826171875,611.45068359375,964.4014892578125,482.51617431640625,1045.5921630859375,611.45068359375,0.7839707136154175
game8/Clip3,38,2,player_top,587.0639038085938,254.7746124267578,568.5617065429688,177.48025512695312,605.5661010742188,254.7746124267578,0.8538620471954346
game8/Clip3,39,1,player_bottom,1010.62744140625,605.962646484375,973.9863891601562,487.1339111328125,1047.2684326171875,605.962646484375,0.8486587405204773
game8/Clip3,39,2,player_top,586.7741088867188,254.25372314453125,568.0801391601562,177.2633514404297,605.4680786132812,254.25372314453125,0.8577280044555664
game8/Clip3,40,1,player_bottom,1016.4591064453125,602.8132934570312,981.892578125,487.48187255859375,1051.025634765625,602.8132934570312,0.6767516732215881
game8/Clip3,40,2,player_top,585.9769287109375,253.42361450195312,567.1718139648438,177.5875701904297,604.7821044921875,253.42361450195312,0.8784375786781311
game8/Clip3,41,1,player_bottom,1021.76953125,600.3214721679688,988.3818969726562,487.7913513183594,1055.1572265625,600.3214721679688,0.6789889335632324
game8/Clip3,41,2,player_top,585.0317993164062,252.306396484375,566.1076049804688,178.4083709716797,603.9559936523438,252.306396484375,0.8828926086425781
game8/Clip3,42,1,player_bottom,1028.859130859375,600.7416381835938,994.8909912109375,486.46319580078125,1062.8271484375,600.7416381835938,0.8005247116088867
game8/Clip3,42,2,player_top,584.5721435546875,251.03260803222656,565.2115478515625,178.90286254882812,603.9327392578125,251.03260803222656,0.88258296251297
game8/Clip3,43,1,player_bottom,1033.7215576171875,601.086181640625,999.5311279296875,485.06463623046875,1067.9119873046875,601.086181640625,0.7824515104293823
game8/Clip3,43,2,player_top,583.5447998046875,250.49160766601562,563.4303588867188,178.92044067382812,603.6593017578125,250.49160766601562,0.8676080107688904
game8/Clip3,44,1,player_bottom,1034.262939453125,599.5609130859375,1000.446044921875,483.9521179199219,1068.0799560546875,599.5609130859375,0.7950623035430908
game8/Clip3,44,2,player_top,583.1332397460938,250.29420471191406,562.29833984375,179.11676025390625,603.9681396484375,250.29420471191406,0.8849500417709351
game8/Clip3,45,1,player_bottom,1033.550537109375,598.57470703125,999.989013671875,483.3545227050781,1067.1119384765625,598.57470703125,0.8505529165267944
game8/Clip3,45,2,player_top,582.811279296875,250.16200256347656,561.1714477539062,178.82086181640625,604.451171875,250.16200256347656,0.8859467506408691
game8/Clip3,46,1,player_bottom,1030.387939453125,598.4891357421875,997.0850219726562,483.6282958984375,1063.69091796875,598.4891357421875,0.7421681880950928
game8/Clip3,46,2,player_top,582.2911376953125,250.1133575439453,559.7831420898438,178.1531982421875,604.7991333007812,250.1133575439453,0.8839508891105652
game8/Clip3,47,1,player_bottom,1032.828125,599.4415283203125,998.961181640625,485.33367919921875,1066.6951904296875,599.4415283203125,0.8552559018135071
game8/Clip3,47,2,player_top,581.5010986328125,249.4228973388672,558.2705688476562,176.7949676513672,604.7315673828125,249.4228973388672,0.8747382164001465
game8/Clip3,48,1,player_bottom,1033.7783203125,600.5177612304688,999.6770629882812,488.2766418457031,1067.879638671875,600.5177612304688,0.8499064445495605
game8/Clip3,48,2,player_top,578.5888671875,248.37030029296875,555.3569946289062,176.1455841064453,601.8207397460938,248.37030029296875,0.8639624714851379
game8/Clip3,49,1,player_bottom,1034.772705078125,602.8644409179688,1000.310302734375,491.54937744140625,1069.2352294921875,602.8644409179688,0.8492411375045776
game8/Clip3,49,2,player_top,572.59423828125,247.9152374267578,549.4910888671875,175.8981170654297,595.6974487304688,247.9152374267578,0.8555610775947571
game8/Clip3,50,1,player_bottom,1035.66162109375,605.2312622070312,1000.7329711914062,493.8336486816406,1070.5902099609375,605.2312622070312,0.8518418669700623
game8/Clip3,50,2,player_top,565.5469970703125,247.6997833251953,542.7877197265625,175.7816162109375,588.3063354492188,247.6997833251953,0.7681971788406372
game8/Clip3,51,1,player_bottom,1036.058837890625,606.1028442382812,1000.7471313476562,494.3230895996094,1071.3704833984375,606.1028442382812,0.8477799296379089
game8/Clip3,51,2,player_top,560.0057373046875,247.06488037109375,537.6675415039062,175.74395751953125,582.343994140625,247.06488037109375,0.782951295375824
game8/Clip3,52,1,player_bottom,1032.814697265625,607.1853637695312,996.300048828125,493.5379943847656,1069.3292236328125,607.1853637695312,0.8071975111961365
game8/Clip3,52,2,player_top,556.44140625,248.01034545898438,534.2398071289062,176.33290100097656,578.64306640625,248.01034545898438,0.8140950798988342
game8/Clip3,53,1,player_bottom,1034.1134033203125,607.8410034179688,996.9386596679688,493.2911376953125,1071.2880859375,607.8410034179688,0.8693732023239136
game8/Clip3,53,2,player_top,552.490966796875,248.77304077148438,530.2257690429688,176.74252319335938,574.756103515625,248.77304077148438,0.8381144404411316
game8/Clip3,54,1,player_bottom,1026.368896484375,608.260986328125,989.150146484375,493.40521240234375,1063.587646484375,608.260986328125,0.7709102034568787
game8/Clip3,54,2,player_top,548.951904296875,249.05404663085938,526.6864013671875,177.60971069335938,571.2174682617188,249.05404663085938,0.7931420803070068
game8/Clip3,55,1,player_bottom,1019.7437744140625,608.40185546875,982.8916625976562,493.6062316894531,1056.5958251953125,608.40185546875,0.843062698841095
game8/Clip3,55,2,player_top,545.6541137695312,249.3461151123047,522.9697875976562,177.24453735351562,568.3384399414062,249.3461151123047,0.8161291480064392
game8/Clip3,56,1,player_bottom,1013.2269287109375,607.8384399414062,976.3196411132812,492.95953369140625,1050.1341552734375,607.8384399414062,0.8585003614425659
game8/Clip3,56,2,player_top,544.03759765625,249.3871307373047,521.7153930664062,178.09750366210938,566.3597412109375,249.3871307373047,0.8213480710983276
game8/Clip3,57,1,player_bottom,1007.9334716796875,607.5994873046875,970.4133911132812,492.01666259765625,1045.45361328125,607.5994873046875,0.8332890868186951
game8/Clip3,57,2,player_top,542.1695556640625,248.8084716796875,520.34130859375,178.9613800048828,563.997802734375,248.8084716796875,0.8351866602897644
game8/Clip3,58,1,player_bottom,1003.6658935546875,605.25927734375,966.0491943359375,491.48089599609375,1041.2825927734375,605.25927734375,0.8084669709205627
game8/Clip3,58,2,player_top,542.135009765625,248.32965087890625,520.851318359375,179.0508575439453,563.4186401367188,248.32965087890625,0.820386528968811
game8/Clip3,59,1,player_bottom,997.8695678710938,606.2432250976562,959.4937744140625,491.1872863769531,1036.245361328125,606.2432250976562,0.8457845449447632
game8/Clip3,59,2,player_top,541.746337890625,248.85227966308594,520.7848510742188,179.39907836914062,562.7078857421875,248.85227966308594,0.8307319283485413
game8/Clip3,60,1,player_bottom,979.670654296875,608.5962524414062,942.1779174804688,491.6679992675781,1017.1634521484375,608.5962524414062,0.7633451223373413
game8/Clip3,60,2,player_top,541.5578002929688,248.68963623046875,520.9290771484375,179.29739379882812,562.1865234375,248.68963623046875,0.8269674181938171
game8/Clip3,61,1,player_bottom,970.798095703125,609.9844970703125,934.1729736328125,493.5567932128906,1007.4231567382812,609.9844970703125,0.7970784306526184
game8/Clip3,61,2,player_top,540.910888671875,248.9379425048828,520.3905639648438,179.0977325439453,561.4312133789062,248.9379425048828,0.8274335861206055
game8/Clip3,62,1,player_bottom,964.088623046875,610.3123779296875,928.1744384765625,494.6346130371094,1000.0028686523438,610.3123779296875,0.8163555860519409
game8/Clip3,62,2,player_top,539.2377319335938,249.10116577148438,518.5905151367188,178.80044555664062,559.8849487304688,249.10116577148438,0.8123196363449097
game8/Clip3,63,1,player_bottom,957.5307006835938,616.9861450195312,919.5486450195312,494.0716857910156,995.5127563476562,616.9861450195312,0.860730767250061
game8/Clip3,63,2,player_top,540.368408203125,249.05381774902344,519.7763061523438,178.16612243652344,560.9605712890625,249.05381774902344,0.7729790210723877
game8/Clip3,64,1,player_bottom,950.646240234375,621.5545043945312,911.0988159179688,493.01123046875,990.1937255859375,621.5545043945312,0.838839590549469
game8/Clip3,64,2,player_top,540.24267578125,248.76345825195312,519.6846313476562,177.84324645996094,560.8007202148438,248.76345825195312,0.7714741826057434
game8/Clip3,65,1,player_bottom,939.177734375,623.2798461914062,899.8217163085938,492.4087219238281,978.5337524414062,623.2798461914062,0.8324409127235413
game8/Clip3,65,2,player_top,541.36328125,249.03761291503906,520.82763671875,177.1349334716797,561.8989868164062,249.03761291503906,0.8102850317955017
game8/Clip3,66,1,player_bottom,928.29248046875,622.8218383789062,889.8248291015625,491.5498352050781,966.7601318359375,622.8218383789062,0.730082631111145
game8/Clip3,66,2,player_top,542.515625,249.13455200195312,521.85888671875,176.53858947753906,563.1724243164062,249.13455200195312,0.8010755181312561
game8/Clip3,67,1,player_bottom,916.143798828125,622.2250366210938,878.908935546875,491.37298583984375,953.3786010742188,622.2250366210938,0.7900371551513672
game8/Clip3,67,2,player_top,542.8510131835938,250.00083923339844,522.02001953125,177.1031036376953,563.6820068359375,250.00083923339844,0.8268427848815918
game8/Clip3,68,1,player_bottom,904.3072509765625,619.063720703125,869.4088134765625,493.1239013671875,939.2057495117188,619.063720703125,0.8052163124084473
game8/Clip3,68,2,player_top,543.3898315429688,251.29644775390625,522.2734985351562,177.68858337402344,564.5061645507812,251.29644775390625,0.8358227610588074
game8/Clip3,69,1,player_bottom,892.6356201171875,623.0279541015625,858.4180297851562,495.3218078613281,926.853271484375,623.0279541015625,0.786866307258606
game8/Clip3,69,2,player_top,544.1322631835938,251.9271697998047,522.8455810546875,178.34165954589844,565.4189453125,251.9271697998047,0.849572479724884
game8/Clip3,70,1,player_bottom,883.8743896484375,625.537353515625,850.677978515625,498.0602722167969,917.07080078125,625.537353515625,0.8148648738861084
game8/Clip3,70,2,player_top,545.1558837890625,252.45419311523438,523.7422485351562,179.32276916503906,566.5694580078125,252.45419311523438,0.834663450717926
game8/Clip3,71,1,player_bottom,874.455322265625,628.6040649414062,841.202392578125,500.8563232421875,907.708251953125,628.6040649414062,0.8256097435951233
game8/Clip3,71,2,player_top,544.757080078125,252.809814453125,523.0313720703125,179.46336364746094,566.4827880859375,252.809814453125,0.8114880323410034
game8/Clip3,72,1,player_bottom,864.227783203125,631.114013671875,829.9617919921875,502.4984130859375,898.4938354492188,631.114013671875,0.8693716526031494
game8/Clip3,72,2,player_top,545.0108642578125,253.15707397460938,522.7359619140625,179.17091369628906,567.2858276367188,253.15707397460938,0.8479843735694885
game8/Clip3,73,1,player_bottom,855.5357666015625,634.03369140625,820.3148193359375,504.1899719238281,890.7567749023438,634.03369140625,0.9084677696228027
game8/Clip3,73,2,player_top,545.4641723632812,253.54554748535156,522.6727294921875,179.00242614746094,568.255615234375,253.54554748535156,0.8502454161643982
game8/Clip3,74,1,player_bottom,847.5252685546875,635.37060546875,812.2931518554688,505.43292236328125,882.7574462890625,635.37060546875,0.8669852018356323
game8/Clip3,74,2,player_top,548.1781005859375,253.4459686279297,524.8822021484375,177.74093627929688,571.4739990234375,253.4459686279297,0.848909854888916
game8/Clip3,75,1,player_bottom,837.9549560546875,635.9219360351562,803.6490478515625,506.3245544433594,872.2608642578125,635.9219360351562,0.8681656718254089
game8/Clip3,75,2,player_top,550.54833984375,253.32020568847656,526.7339477539062,176.13575744628906,574.3627319335938,253.32020568847656,0.8703812956809998
game8/Clip3,76,1,player_bottom,826.71240234375,636.0843505859375,793.6287231445312,506.69305419921875,859.7960205078125,636.0843505859375,0.8657875657081604
game8/Clip3,76,2,player_top,550.984375,253.07073974609375,526.8339233398438,173.94300842285156,575.134765625,253.07073974609375,0.8371925354003906
game8/Clip3,77,1,player_bottom,814.637451171875,635.8911743164062,782.2486572265625,506.39080810546875,847.0261840820312,635.8911743164062,0.7823778390884399
game8/Clip3,77,2,player_top,553.323974609375,252.7533721923828,529.2000732421875,172.711669921875,577.4479370117188,252.7533721923828,0.8144635558128357
game8/Clip3,78,1,player_bottom,804.733154296875,635.716796875,772.40771484375,505.7366027832031,837.0586547851562,635.716796875,0.8572002649307251
game8/Clip3,78,2,player_top,557.04833984375,252.8198699951172,533.020751953125,171.87847900390625,581.0759887695312,252.8198699951172,0.7940091490745544
game8/Clip3,79,1,player_bottom,793.5780029296875,635.2486572265625,760.437744140625,504.43609619140625,826.7183227539062,635.2486572265625,0.7927524447441101
game8/Clip3,79,2,player_top,559.9891357421875,251.72671508789062,536.9035034179688,171.60643005371094,583.07470703125,251.72671508789062,0.8263505101203918
game8/Clip3,80,1,player_bottom,782.7041015625,633.6089477539062,749.1239013671875,504.0009765625,816.2842407226562,633.6089477539062,0.8897201418876648
game8/Clip3,80,2,player_top,562.34716796875,250.7692413330078,540.2846069335938,171.89236450195312,584.4097900390625,250.7692413330078,0.8247520923614502
game8/Clip3,81,1,player_bottom,772.6680908203125,633.3336181640625,738.9248657226562,504.7761535644531,806.4112548828125,633.3336181640625,0.8717522025108337
game8/Clip3,81,2,player_top,564.8129272460938,250.00050354003906,543.3821411132812,172.2168426513672,586.2437133789062,250.00050354003906,0.820296585559845
game8/Clip3,82,1,player_bottom,763.5994873046875,633.58349609375,730.2285766601562,506.2030029296875,796.9703369140625,633.58349609375,0.8777412176132202
game8/Clip3,82,2,player_top,566.3654174804688,249.74110412597656,545.2626342773438,172.5342254638672,587.4682006835938,249.74110412597656,0.8474884629249573
game8/Clip3,83,1,player_bottom,753.9388427734375,634.0360107421875,721.6422729492188,507.2066345214844,786.2353515625,634.0360107421875,0.8369453549385071
game8/Clip3,83,2,player_top,568.54052734375,249.68211364746094,547.3533935546875,172.43492126464844,589.7276611328125,249.68211364746094,0.8531981110572815
game8/Clip3,84,1,player_bottom,744.410888671875,634.9337768554688,713.294189453125,507.7509460449219,775.5275268554688,634.9337768554688,0.8161240816116333
game8/Clip3,84,2,player_top,572.63134765625,249.7163848876953,550.878662109375,172.39869689941406,594.3840942382812,249.7163848876953,0.8679728507995605
game8/Clip3,85,1,player_bottom,733.7124633789062,632.8255004882812,703.7620849609375,507.2120666503906,763.662841796875,632.8255004882812,0.8005860447883606
game8/Clip3,85,2,player_top,575.8980712890625,249.55609130859375,553.2852172851562,171.4519500732422,598.510986328125,249.55609130859375,0.8795800805091858
game8/Clip3,86,1,player_bottom,720.169189453125,634.0001220703125,690.0726318359375,507.67340087890625,750.2656860351562,634.0001220703125,0.8575977683067322
game8/Clip3,86,2,player_top,578.267578125,249.3374481201172,554.9679565429688,170.75965881347656,601.567138671875,249.3374481201172,0.872433602809906
game8/Clip3,87,1,player_bottom,710.9476318359375,634.8902587890625,680.8944702148438,508.0129089355469,741.000732421875,634.8902587890625,0.86814945936203
game8/Clip3,87,2,player_top,581.8995971679688,248.3191680908203,558.5735473632812,170.32351684570312,605.2256469726562,248.3191680908203,0.8411411046981812
game8/Clip3,88,1,player_bottom,705.814453125,635.6781005859375,675.880615234375,507.2887268066406,735.7483520507812,635.6781005859375,0.863429069519043
game8/Clip3,88,2,player_top,587.8125,247.5833740234375,564.9924926757812,170.02223205566406,610.6325073242188,247.5833740234375,0.8113692402839661
game8/Clip3,89,1,player_bottom,701.3696899414062,635.4577026367188,672.172119140625,507.00518798828125,730.5672607421875,635.4577026367188,0.8140015006065369
game8/Clip3,89,2,player_top,591.656005859375,246.99256896972656,569.525146484375,169.7721710205078,613.7869262695312,246.99256896972656,0.7885510921478271
game8/Clip3,90,1,player_bottom,696.1097412109375,635.4283447265625,667.2669677734375,505.3927917480469,724.9525146484375,635.4283447265625,0.8647665977478027
game8/Clip3,90,2,player_top,594.8853759765625,246.23394775390625,573.7869262695312,169.9962615966797,615.98388671875,246.23394775390625,0.7681435346603394
game8/Clip3,91,1,player_bottom,691.0694580078125,635.219970703125,662.4370727539062,502.8888854980469,719.7018432617188,635.219970703125,0.8150020837783813
game8/Clip3,91,2,player_top,598.7451171875,246.2762908935547,578.3107299804688,170.1212158203125,619.1795654296875,246.2762908935547,0.7979579567909241
game8/Clip3,92,1,player_bottom,682.816162109375,635.1248168945312,654.1832885742188,500.6221923828125,711.448974609375,635.1248168945312,0.8182764649391174
game8/Clip3,92,2,player_top,603.5794677734375,245.85211181640625,583.6282958984375,170.60739135742188,623.5305786132812,245.85211181640625,0.8332661390304565
game8/Clip3,93,1,player_bottom,676.0369873046875,635.1812744140625,646.742431640625,496.9222412109375,705.33154296875,635.1812744140625,0.857676088809967
game8/Clip3,93,2,player_top,609.95751953125,245.68048095703125,589.6004638671875,170.00694274902344,630.3146362304688,245.68048095703125,0.8552973866462708
game8/Clip3,94,1,player_bottom,671.140625,634.0042724609375,641.6331176757812,494.4542541503906,700.6481323242188,634.0042724609375,0.8658312559127808
game8/Clip3,94,2,player_top,613.6539916992188,246.02476501464844,592.8594360351562,170.4903564453125,634.4485473632812,246.02476501464844,0.8634647130966187
game8/Clip3,95,1,player_bottom,667.9261474609375,628.9156494140625,639.3372802734375,492.65777587890625,696.5149536132812,628.9156494140625,0.8175327777862549
game8/Clip3,95,2,player_top,615.5772705078125,246.20570373535156,594.4027099609375,171.2946014404297,636.7518920898438,246.20570373535156,0.8792106509208679
game8/Clip3,96,1,player_bottom,665.7891845703125,622.736083984375,638.5506591796875,491.8087463378906,693.0276489257812,622.736083984375,0.8125995397567749
game8/Clip3,96,2,player_top,616.1329956054688,246.16049194335938,594.6520385742188,172.106689453125,637.6139526367188,246.16049194335938,0.8855665326118469
game8/Clip3,97,1,player_bottom,662.8953247070312,619.5840454101562,636.890380859375,492.04058837890625,688.9002685546875,619.5840454101562,0.800212025642395
game8/Clip3,97,2,player_top,616.82373046875,245.7760009765625,595.0852661132812,172.3297882080078,638.5621337890625,245.7760009765625,0.8724428415298462
game8/Clip3,98,1,player_bottom,660.1842041015625,617.7614135742188,634.6810913085938,491.25616455078125,685.6873779296875,617.7614135742188,0.8025356531143188
game8/Clip3,98,2,player_top,618.56884765625,245.3082275390625,596.8634643554688,172.52102661132812,640.2742919921875,245.3082275390625,0.8640567660331726
game8/Clip3,99,1,player_bottom,654.66015625,616.81396484375,629.2453002929688,489.59808349609375,680.074951171875,616.81396484375,0.8537857532501221
game8/Clip3,99,2,player_top,621.5589599609375,244.97763061523438,599.9202270507812,171.5811004638672,643.1976318359375,244.97763061523438,0.828846275806427
game8/Clip3,100,1,player_bottom,652.8771362304688,616.0753173828125,627.65771484375,487.5521545410156,678.0965576171875,616.0753173828125,0.7980207800865173
game8/Clip3,100,2,player_top,623.1773681640625,245.01271057128906,601.5479736328125,170.4863739013672,644.8067626953125,245.01271057128906,0.8308305740356445
game8/Clip3,101,1,player_bottom,650.92041015625,615.771728515625,625.8220825195312,484.9645080566406,676.0187377929688,615.771728515625,0.8546119928359985
game8/Clip3,101,2,player_top,623.9844360351562,244.80575561523438,602.4594116210938,169.32342529296875,645.5094604492188,244.80575561523438,0.837339460849762
game8/Clip3,102,1,player_bottom,649.4385986328125,614.8375244140625,624.8366088867188,483.7112731933594,674.0406494140625,614.8375244140625,0.788480281829834
game8/Clip3,102,2,player_top,624.8098754882812,244.35830688476562,603.6041870117188,169.23672485351562,646.0155639648438,244.35830688476562,0.8424447178840637
game8/Clip3,103,1,player_bottom,651.7734375,614.7562255859375,627.0912475585938,482.72821044921875,676.4556274414062,614.7562255859375,0.7338098287582397
game8/Clip3,103,2,player_top,626.7300415039062,244.12371826171875,605.5858154296875,169.44345092773438,647.874267578125,244.12371826171875,0.84882652759552
game8/Clip3,104,1,player_bottom,653.863037109375,616.44677734375,628.94140625,483.4967346191406,678.78466796875,616.44677734375,0.6674421429634094
game8/Clip3,104,2,player_top,628.426025390625,243.4836883544922,607.2259521484375,169.9113006591797,649.6260375976562,243.4836883544922,0.8608720898628235
game8/Clip3,105,1,player_bottom,655.9609375,618.3777465820312,630.5736083984375,484.5465393066406,681.3483276367188,618.3777465820312,0.6256309747695923
game8/Clip3,105,2,player_top,630.0145263671875,243.8056182861328,608.6099853515625,171.57696533203125,651.4190673828125,243.8056182861328,0.8594050407409668
game8/Clip3,106,1,player_bottom,654.5853271484375,619.252197265625,628.8927612304688,485.16729736328125,680.27783203125,619.252197265625,0.7213881611824036
game8/Clip3,106,2,player_top,631.67236328125,244.16041564941406,609.8218383789062,172.6785430908203,653.5228881835938,244.16041564941406,0.8406179547309875
game8/Clip3,107,1,player_bottom,645.5110473632812,619.51318359375,620.5849609375,485.31866455078125,670.4371337890625,619.51318359375,0.4294265806674957
game8/Clip3,107,2,player_top,632.1571655273438,244.21542358398438,609.8770751953125,173.47225952148438,654.437255859375,244.21542358398438,0.8598628044128418
game8/Clip3,108,1,player_bottom,641.218994140625,619.1510009765625,616.8164672851562,483.8810119628906,665.6215209960938,619.1510009765625,0.46026381850242615
game8/Clip3,108,2,player_top,632.036865234375,244.31808471679688,608.996337890625,172.78077697753906,655.0774536132812,244.31808471679688,0.858867347240448
game8/Clip3,109,1,player_bottom,645.22607421875,617.6356201171875,620.1287841796875,481.35333251953125,670.3233642578125,617.6356201171875,0.5638908743858337
game8/Clip3,109,2,player_top,631.8677978515625,244.2985382080078,608.6756591796875,173.84027099609375,655.0599365234375,244.2985382080078,0.8754844069480896
game8/Clip3,110,1,player_bottom,642.0255737304688,614.6251831054688,617.1417846679688,480.85284423828125,666.9093627929688,614.6251831054688,0.7389358878135681
game8/Clip3,110,2,player_top,631.7940673828125,243.97300720214844,608.2308349609375,173.75209045410156,655.3572387695312,243.97300720214844,0.8763708472251892
game8/Clip3,111,1,player_bottom,638.6522216796875,612.773193359375,613.462158203125,480.36181640625,663.84228515625,612.773193359375,0.8082723021507263
game8/Clip3,111,2,player_top,633.4705810546875,243.46954345703125,609.8605346679688,173.80148315429688,657.08056640625,243.46954345703125,0.8557546138763428
game8/Clip3,112,1,player_bottom,635.8739624023438,611.3469848632812,609.9863891601562,480.1506042480469,661.7615356445312,611.3469848632812,0.8323759436607361
game8/Clip3,112,2,player_top,638.1407470703125,243.34933471679688,614.4068603515625,173.0499725341797,661.8746948242188,243.34933471679688,0.8578721284866333
game8/Clip3,113,1,player_bottom,632.6242065429688,611.7506103515625,606.0556030273438,482.3181457519531,659.1928100585938,611.7506103515625,0.8273373246192932
game8/Clip3,113,2,player_top,644.207763671875,243.40786743164062,620.7476806640625,172.69891357421875,667.6679077148438,243.40786743164062,0.8423299193382263
game8/Clip3,114,1,player_bottom,626.4345092773438,612.4400024414062,599.8491821289062,486.56005859375,653.0198364257812,612.4400024414062,0.8222266435623169
game8/Clip3,114,2,player_top,651.26611328125,244.39968872070312,628.2437744140625,172.99746704101562,674.2883911132812,244.39968872070312,0.8038670420646667
game8/Clip3,115,1,player_bottom,624.891357421875,613.3526000976562,598.0842895507812,490.36004638671875,651.6983642578125,613.3526000976562,0.8445653319358826
game8/Clip3,115,2,player_top,657.6840209960938,244.1282958984375,635.6873779296875,173.25633239746094,679.6806640625,244.1282958984375,0.7770212292671204
game8/Clip3,116,1,player_bottom,623.57275390625,613.7778930664062,596.6648559570312,493.2064514160156,650.480712890625,613.7778930664062,0.8629615306854248
game8/Clip3,116,2,player_top,662.3458251953125,246.09207153320312,640.6552124023438,173.58065795898438,684.0364990234375,246.09207153320312,0.7878183722496033
game8/Clip3,117,1,player_bottom,621.90673828125,614.5741577148438,594.68408203125,494.2539367675781,649.1294555664062,614.5741577148438,0.8069208264350891
game8/Clip3,117,2,player_top,665.6989135742188,247.60252380371094,644.2301025390625,173.73797607421875,687.167724609375,247.60252380371094,0.8135859370231628
game8/Clip3,118,1,player_bottom,621.0263671875,615.0662841796875,593.3363037109375,493.8540954589844,648.7164306640625,615.0662841796875,0.8610365390777588
game8/Clip3,118,2,player_top,669.6409912109375,247.99673461914062,648.5345458984375,173.605224609375,690.7473754882812,247.99673461914062,0.7816846370697021
game8/Clip3,119,1,player_bottom,619.3101806640625,615.5741577148438,591.2036743164062,492.1394348144531,647.416748046875,615.5741577148438,0.8852839469909668
game8/Clip3,119,2,player_top,673.9876708984375,248.13418579101562,653.2909545898438,173.6997528076172,694.6843872070312,248.13418579101562,0.8223829865455627
game8/Clip3,120,1,player_bottom,618.9891357421875,616.1328125,590.541748046875,490.39166259765625,647.4364624023438,616.1328125,0.8832352161407471
game8/Clip3,120,2,player_top,678.9132080078125,248.15623474121094,658.2864990234375,172.81680297851562,699.5399169921875,248.15623474121094,0.8228639364242554
game8/Clip3,121,1,player_bottom,618.3577270507812,616.7603149414062,589.779541015625,489.0093078613281,646.9359130859375,616.7603149414062,0.8788244724273682
game8/Clip3,121,2,player_top,682.2406005859375,248.10293579101562,661.5036010742188,171.4715576171875,702.9776611328125,248.10293579101562,0.8046455979347229
game8/Clip3,122,1,player_bottom,616.7435913085938,617.9950561523438,588.3748779296875,488.79742431640625,645.1123046875,617.9950561523438,0.8681519627571106
game8/Clip3,122,2,player_top,684.514404296875,247.7541961669922,663.7661743164062,170.0975799560547,705.2626953125,247.7541961669922,0.8144130706787109
game8/Clip3,123,1,player_bottom,615.90625,620.5580444335938,587.6639404296875,489.4577941894531,644.1484985351562,620.5580444335938,0.870582640171051
game8/Clip3,123,2,player_top,688.2489013671875,245.79541015625,667.918701171875,168.5596160888672,708.5791625976562,245.79541015625,0.8045375943183899
game8/Clip3,124,1,player_bottom,615.0616455078125,622.8714599609375,587.2784423828125,491.31732177734375,642.8447875976562,622.8714599609375,0.8708303570747375
game8/Clip3,124,2,player_top,691.8842163085938,244.19944763183594,671.8587036132812,167.26756286621094,711.9097290039062,244.19944763183594,0.827637791633606
game8/Clip3,125,1,player_bottom,614.316650390625,626.1519775390625,587.0348510742188,494.3963623046875,641.598388671875,626.1519775390625,0.8606684803962708
game8/Clip3,125,2,player_top,695.942626953125,242.34732055664062,676.1932983398438,165.8809814453125,715.6920166015625,242.34732055664062,0.8247680068016052
game8/Clip3,126,1,player_bottom,612.61669921875,629.947265625,585.7705078125,497.13250732421875,639.4628295898438,629.947265625,0.8726859092712402
game8/Clip3,126,2,player_top,699.0642700195312,240.93345642089844,679.509521484375,165.4799346923828,718.6190185546875,240.93345642089844,0.8116493821144104
game8/Clip3,127,1,player_bottom,611.242919921875,633.3052978515625,584.9696044921875,500.25469970703125,637.5162963867188,633.3052978515625,0.8859483599662781
game8/Clip3,127,2,player_top,702.7142333984375,238.486083984375,683.5418701171875,165.49771118164062,721.8866577148438,238.486083984375,0.8054858446121216
game8/Clip3,128,1,player_bottom,610.8252563476562,635.6454467773438,585.0299072265625,502.5374450683594,636.62060546875,635.6454467773438,0.8857632875442505
game8/Clip3,128,2,player_top,704.9462280273438,237.31814575195312,685.8279418945312,165.04989624023438,724.0645141601562,237.31814575195312,0.7554513216018677
game8/Clip3,129,1,player_bottom,611.0018310546875,638.4661865234375,585.2842407226562,503.98773193359375,636.7193603515625,638.4661865234375,0.8846791982650757
game8/Clip3,129,2,player_top,707.1297607421875,236.2498321533203,688.3114013671875,165.0687255859375,725.9481201171875,236.2498321533203,0.7902299761772156
game8/Clip3,130,1,player_bottom,611.3045654296875,640.106201171875,585.74169921875,505.3265686035156,636.867431640625,640.106201171875,0.8841501474380493
game8/Clip3,130,2,player_top,710.202392578125,236.0935516357422,691.1123657226562,163.8289031982422,729.29248046875,236.0935516357422,0.7259849309921265
game8/Clip3,131,1,player_bottom,611.322021484375,641.1676635742188,585.8070678710938,505.7164611816406,636.8369750976562,641.1676635742188,0.888157844543457
game8/Clip3,131,2,player_top,711.5841064453125,236.15879821777344,692.65673828125,163.9881591796875,730.5115356445312,236.15879821777344,0.7464885711669922
game8/Clip3,132,1,player_bottom,610.919189453125,641.7938842773438,585.3682250976562,505.2113342285156,636.4701538085938,641.7938842773438,0.8839011192321777
game8/Clip3,132,2,player_top,713.5829467773438,236.12977600097656,693.8047485351562,159.55096435546875,733.3611450195312,236.12977600097656,0.7329990863800049
game8/Clip3,133,1,player_bottom,610.2518310546875,641.9509887695312,584.7147216796875,504.4613037109375,635.7890014648438,641.9509887695312,0.8860384225845337
game8/Clip3,133,2,player_top,716.220458984375,236.1093292236328,697.24658203125,162.15121459960938,735.1943359375,236.1093292236328,0.6578139066696167
game8/Clip3,134,1,player_bottom,608.5813598632812,642.1597900390625,582.98046875,503.7900390625,634.1822509765625,642.1597900390625,0.8690022230148315
game8/Clip3,134,2,player_top,717.7254638671875,235.6981658935547,699.7705078125,164.99049377441406,735.6804809570312,235.6981658935547,0.7527806162834167
game8/Clip3,135,1,player_bottom,605.13525390625,642.4566040039062,579.4140625,504.5125732421875,630.8565063476562,642.4566040039062,0.8634487390518188
game8/Clip3,135,2,player_top,719.610107421875,235.98443603515625,701.9691772460938,165.60183715820312,737.2510375976562,235.98443603515625,0.7562525868415833
game8/Clip3,136,1,player_bottom,601.880126953125,643.51611328125,575.7996826171875,505.73187255859375,627.9605102539062,643.51611328125,0.8800455331802368
game8/Clip3,136,2,player_top,720.810791015625,235.8289794921875,703.467041015625,166.15127563476562,738.1544799804688,235.8289794921875,0.7578179836273193
game8/Clip3,137,1,player_bottom,597.2928466796875,644.9357299804688,570.7064819335938,507.81256103515625,623.879150390625,644.9357299804688,0.8875008821487427
game8/Clip3,137,2,player_top,721.4594116210938,235.65286254882812,704.0801391601562,165.214599609375,738.8386840820312,235.65286254882812,0.7492260932922363
game8/Clip3,138,1,player_bottom,593.2745361328125,646.7032470703125,566.0451049804688,510.3642578125,620.50390625,646.7032470703125,0.9071722030639648
game8/Clip3,138,2,player_top,722.0160522460938,235.49981689453125,704.636962890625,164.2807159423828,739.3951416015625,235.49981689453125,0.7826576232910156
game8/Clip3,139,1,player_bottom,590.3782958984375,647.9298095703125,562.5585327148438,511.9930725097656,618.197998046875,647.9298095703125,0.9047867059707642
game8/Clip3,139,2,player_top,722.4351196289062,235.42724609375,704.8683471679688,162.8572235107422,740.0018920898438,235.42724609375,0.8120068311691284
game8/Clip3,140,1,player_bottom,589.0993041992188,648.4590454101562,560.7591552734375,512.39892578125,617.439453125,648.4590454101562,0.9043900966644287
game8/Clip3,140,2,player_top,722.6278076171875,234.66383361816406,704.9987182617188,161.40969848632812,740.2568969726562,234.66383361816406,0.8238783478736877
game8/Clip3,141,1,player_bottom,588.760986328125,648.030029296875,559.8091430664062,511.2196960449219,617.7128295898438,648.030029296875,0.9011332392692566
game8/Clip3,141,2,player_top,722.91943359375,233.6219024658203,705.114990234375,159.659912109375,740.7238159179688,233.6219024658203,0.8113959431648254
game8/Clip3,142,1,player_bottom,587.6737060546875,647.3032836914062,558.1279296875,509.7853088378906,617.219482421875,647.3032836914062,0.8939076066017151
game8/Clip3,142,2,player_top,722.7208862304688,231.9109649658203,704.8861083984375,157.6863250732422,740.5556640625,231.9109649658203,0.7978174090385437
game8/Clip3,143,1,player_bottom,585.8304443359375,647.0167236328125,555.764404296875,509.1543884277344,615.8965454101562,647.0167236328125,0.8952203989028931
game8/Clip3,143,2,player_top,722.091064453125,230.66311645507812,704.2811279296875,156.18429565429688,739.9009399414062,230.66311645507812,0.8186557292938232
game8/Clip3,144,1,player_bottom,581.926025390625,648.17724609375,551.248779296875,509.9308776855469,612.6033325195312,648.17724609375,0.8942872881889343
game8/Clip3,144,2,player_top,721.37890625,229.3688507080078,703.573486328125,155.2599334716797,739.184326171875,229.3688507080078,0.8137407898902893
game8/Clip3,145,1,player_bottom,577.072509765625,649.0922241210938,546.0015258789062,512.0224609375,608.1434326171875,649.0922241210938,0.9089663028717041
game8/Clip3,145,2,player_top,719.6112060546875,227.76564025878906,701.617919921875,154.57933044433594,737.6044311523438,227.76564025878906,0.8492638468742371
game8/Clip3,146,1,player_bottom,570.85888671875,650.967529296875,539.3890991210938,515.1920776367188,602.32861328125,650.967529296875,0.908221960067749
game8/Clip3,146,2,player_top,717.555419921875,226.232666015625,699.01318359375,153.20098876953125,736.09765625,226.232666015625,0.8594881892204285
game8/Clip3,147,1,player_bottom,566.2755126953125,653.4572143554688,534.51025390625,519.9729614257812,598.0408325195312,653.4572143554688,0.9026319980621338
game8/Clip3,147,2,player_top,715.261474609375,225.4781951904297,696.0592041015625,152.7625732421875,734.4638061523438,225.4781951904297,0.8444702625274658
game8/Clip3,148,1,player_bottom,563.444580078125,655.0872192382812,531.3941040039062,524.1985473632812,595.4950561523438,655.0872192382812,0.9064385890960693
game8/Clip3,148,2,player_top,714.0112915039062,225.66378784179688,694.0721435546875,152.4691162109375,733.950439453125,225.66378784179688,0.8713018894195557
game8/Clip3,149,1,player_bottom,562.67822265625,654.35693359375,530.7046508789062,527.6689453125,594.6517333984375,654.35693359375,0.9070978760719299
game8/Clip3,149,2,player_top,713.6021728515625,225.724853515625,693.0167846679688,152.2082977294922,734.1875610351562,225.724853515625,0.8748005032539368
game8/Clip3,150,1,player_bottom,561.897705078125,652.4554443359375,529.7996826171875,528.9832153320312,593.9957275390625,652.4554443359375,0.9052554965019226
game8/Clip3,150,2,player_top,712.5302734375,226.98358154296875,690.947509765625,151.83514404296875,734.1129760742188,226.98358154296875,0.8594561815261841
game8/Clip3,151,1,player_bottom,560.853515625,650.4991455078125,528.62353515625,529.6135864257812,593.0835571289062,650.4991455078125,0.9073114395141602
game8/Clip3,151,2,player_top,712.532958984375,226.62933349609375,690.5045776367188,151.6859130859375,734.561279296875,226.62933349609375,0.8644912242889404
game8/Clip3,152,1,player_bottom,558.1260986328125,649.9324340820312,525.4287719726562,530.9569091796875,590.823486328125,649.9324340820312,0.9078381657600403
game8/Clip3,152,2,player_top,712.4554443359375,226.65399169921875,689.7374267578125,150.57101440429688,735.1735229492188,226.65399169921875,0.8596423268318176
game8/Clip3,153,1,player_bottom,556.8342895507812,651.1322631835938,522.9544677734375,532.1072387695312,590.714111328125,651.1322631835938,0.911568284034729
game8/Clip3,153,2,player_top,712.350341796875,226.6525421142578,689.0061645507812,149.67649841308594,735.694580078125,226.6525421142578,0.8629840612411499
game8/Clip3,154,1,player_bottom,556.4473876953125,653.6474609375,521.0714721679688,532.7759399414062,591.8232421875,653.6474609375,0.9114611148834229
game8/Clip3,154,2,player_top,710.5511474609375,226.63751220703125,686.6398315429688,149.03231811523438,734.4625244140625,226.63751220703125,0.865393340587616
game8/Clip3,155,1,player_bottom,557.3214111328125,656.5887451171875,520.5669555664062,533.2431640625,594.075927734375,656.5887451171875,0.9113859534263611
game8/Clip3,155,2,player_top,707.644775390625,226.58973693847656,683.35595703125,148.22610473632812,731.9336547851562,226.58973693847656,0.8575257658958435
game8/Clip3,156,1,player_bottom,558.2274169921875,659.234619140625,520.3460083007812,533.6309204101562,596.10888671875,659.234619140625,0.9033486843109131
game8/Clip3,156,2,player_top,706.0126953125,226.65228271484375,681.8438110351562,147.89913940429688,730.1815795898438,226.65228271484375,0.8663556575775146
game8/Clip3,157,1,player_bottom,558.275146484375,660.58740234375,519.5183715820312,533.3594970703125,597.0318603515625,660.58740234375,0.9106124043464661
game8/Clip3,157,2,player_top,703.8209228515625,226.61871337890625,679.8963623046875,146.82308959960938,727.7454833984375,226.61871337890625,0.8514611721038818
game8/Clip3,158,1,player_bottom,557.508056640625,661.3508911132812,517.7054443359375,531.086669921875,597.3107299804688,661.3508911132812,0.9015952348709106
game8/Clip3,158,2,player_top,700.4549560546875,226.4026336669922,677.1991577148438,146.17398071289062,723.710693359375,226.4026336669922,0.812935471534729
game8/Clip3,159,1,player_bottom,556.9857788085938,661.837158203125,516.5332641601562,529.4315795898438,597.4382934570312,661.837158203125,0.9020829200744629
game8/Clip3,159,2,player_top,697.2222900390625,227.2392578125,674.5786743164062,145.8302764892578,719.8658447265625,227.2392578125,0.8087465763092041
game8/Clip3,160,1,player_bottom,554.985107421875,661.8304443359375,514.3373413085938,527.9915161132812,595.6329345703125,661.8304443359375,0.8846797943115234
game8/Clip3,160,2,player_top,694.9051513671875,228.12741088867188,672.9124755859375,145.55081176757812,716.8978881835938,228.12741088867188,0.7950854897499084
game8/Clip3,161,1,player_bottom,551.749267578125,661.828125,511.31219482421875,526.4949340820312,592.1864013671875,661.828125,0.8999456763267517
game8/Clip3,161,2,player_top,693.0860595703125,229.04002380371094,671.9110107421875,146.1094512939453,714.2611083984375,229.04002380371094,0.7886781096458435
game8/Clip3,162,1,player_bottom,546.5720825195312,661.9722900390625,506.5457458496094,525.3604736328125,586.598388671875,661.9722900390625,0.8841182589530945
game8/Clip3,162,2,player_top,691.470947265625,230.15562438964844,671.2154541015625,147.73304748535156,711.7264404296875,230.15562438964844,0.7926138639450073
game8/Clip3,163,1,player_bottom,541.2205810546875,661.7521362304688,501.9455871582031,524.0792236328125,580.4955444335938,661.7521362304688,0.8855193257331848
game8/Clip3,163,2,player_top,688.1390380859375,230.8587646484375,668.7857055664062,150.66281127929688,707.4923095703125,230.8587646484375,0.8062482476234436
game8/Clip3,164,1,player_bottom,535.2958984375,661.841552734375,497.0264587402344,523.8505859375,573.5653686523438,661.841552734375,0.8463455438613892
game8/Clip3,164,2,player_top,684.8099365234375,231.5754852294922,665.9121704101562,152.9385223388672,703.707763671875,231.5754852294922,0.8384670615196228
game8/Clip3,165,1,player_bottom,531.090087890625,661.7763061523438,493.8977355957031,523.1917114257812,568.282470703125,661.7763061523438,0.8466597199440002
game8/Clip3,165,2,player_top,681.3626098632812,231.76296997070312,662.2155151367188,152.091552734375,700.5097045898438,231.76296997070312,0.8450154662132263
game8/Clip3,166,1,player_bottom,528.0294189453125,661.4742431640625,491.4924011230469,519.8289794921875,564.5664672851562,661.4742431640625,0.8202025294303894
game8/Clip3,166,2,player_top,678.8623046875,231.7427520751953,659.718017578125,152.1796875,698.0065307617188,231.7427520751953,0.8607014417648315
game8/Clip3,167,1,player_bottom,525.9443969726562,661.3733520507812,490.0815734863281,515.64599609375,561.8071899414062,661.3733520507812,0.8059032559394836
game8/Clip3,167,2,player_top,677.13720703125,231.60977172851562,658.1857299804688,152.8197021484375,696.0887451171875,231.60977172851562,0.8710272908210754
game8/Clip3,168,1,player_bottom,524.771484375,661.3291625976562,489.4964904785156,511.2143859863281,560.0464477539062,661.3291625976562,0.7827443480491638
game8/Clip3,168,2,player_top,676.42333984375,231.66114807128906,657.541015625,152.91726684570312,695.3057250976562,231.66114807128906,0.8705329895019531
game8/Clip3,169,1,player_bottom,524.646484375,661.3003540039062,490.7635803222656,511.04052734375,558.5294189453125,661.3003540039062,0.8062679767608643
game8/Clip3,169,2,player_top,675.627685546875,231.70217895507812,656.8364868164062,152.9353790283203,694.4188842773438,231.70217895507812,0.8485517501831055
game8/Clip3,170,1,player_bottom,523.6239013671875,661.2698974609375,490.9947814941406,510.6319274902344,556.2530517578125,661.2698974609375,0.7994619011878967
game8/Clip3,170,2,player_top,675.2703857421875,231.89845275878906,656.6399536132812,153.36842346191406,693.9007568359375,231.89845275878906,0.8499714732170105
game8/Clip3,171,1,player_bottom,523.9548950195312,661.2338256835938,492.3388977050781,510.1188049316406,555.5708618164062,661.2338256835938,0.7972553372383118
game8/Clip3,171,2,player_top,674.2693481445312,231.9845428466797,655.8776245117188,154.32611083984375,692.6610717773438,231.9845428466797,0.8431904911994934
game8/Clip3,172,1,player_bottom,522.6320190429688,660.5076293945312,492.1582946777344,509.8145446777344,553.1057739257812,660.5076293945312,0.7667418122291565
game8/Clip3,172,2,player_top,672.0626220703125,232.20237731933594,653.8206787109375,155.0808563232422,690.3046264648438,232.20237731933594,0.8465120792388916
game8/Clip3,173,1,player_bottom,519.1970825195312,659.5578002929688,490.1867370605469,511.3370666503906,548.2073974609375,659.5578002929688,0.7547405958175659
game8/Clip3,173,2,player_top,670.55029296875,232.62173461914062,652.3591918945312,155.61688232421875,688.741455078125,232.62173461914062,0.8497959971427917
game8/Clip3,174,1,player_bottom,513.322021484375,655.9627685546875,485.4212341308594,511.33428955078125,541.2227783203125,655.9627685546875,0.8322256207466125
game8/Clip3,174,2,player_top,669.876220703125,232.98593139648438,651.7576904296875,156.2206573486328,687.9946899414062,232.98593139648438,0.8523938059806824
game8/Clip3,175,1,player_bottom,508.818115234375,653.13134765625,481.132568359375,509.278076171875,536.503662109375,653.13134765625,0.7936817407608032
game8/Clip3,175,2,player_top,669.71923828125,233.1629180908203,651.6265869140625,156.3971405029297,687.8119506835938,233.1629180908203,0.8582488298416138
game8/Clip3,176,1,player_bottom,506.42510986328125,650.1530151367188,478.7371826171875,506.1850891113281,534.113037109375,650.1530151367188,0.8631121516227722
game8/Clip3,176,2,player_top,669.6270751953125,232.89122009277344,651.6097412109375,156.48257446289062,687.6444702148438,232.89122009277344,0.8577496409416199
game8/Clip3,177,1,player_bottom,507.51715087890625,646.3424072265625,480.4258728027344,504.3455810546875,534.6084594726562,646.3424072265625,0.854545533657074
game8/Clip3,177,2,player_top,669.4324951171875,233.02517700195312,651.4444580078125,157.0445098876953,687.4204711914062,233.02517700195312,0.8568068742752075
game8/Clip3,178,1,player_bottom,509.7084655761719,643.1763916015625,483.1129150390625,502.2462158203125,536.3040161132812,643.1763916015625,0.8684216737747192
game8/Clip3,178,2,player_top,669.827392578125,233.2929229736328,651.64599609375,157.83238220214844,688.0087280273438,233.2929229736328,0.8682829141616821
game8/Clip3,179,1,player_bottom,514.0511474609375,641.3389282226562,487.9153137207031,501.1151123046875,540.1869506835938,641.3389282226562,0.8150153160095215
game8/Clip3,179,2,player_top,670.3892822265625,234.3472900390625,651.712890625,158.7921600341797,689.065673828125,234.3472900390625,0.8787287473678589
game8/Clip3,180,1,player_bottom,516.2138061523438,640.85693359375,490.6186828613281,501.4105529785156,541.8089599609375,640.85693359375,0.7383858561515808
game8/Clip3,180,2,player_top,670.395263671875,236.2002410888672,651.0068359375,160.53639221191406,689.7836303710938,236.2002410888672,0.8874885439872742
game8/Clip3,181,1,player_bottom,517.232177734375,640.8661499023438,492.06524658203125,502.0289306640625,542.3990478515625,640.8661499023438,0.5980530381202698
game8/Clip3,181,2,player_top,670.950927734375,237.13055419921875,651.0092163085938,162.20811462402344,690.8926391601562,237.13055419921875,0.8935506343841553
game8/Clip3,182,1,player_bottom,526.00146484375,640.5370483398438,499.962158203125,502.2730712890625,552.040771484375,640.5370483398438,0.7747421860694885
game8/Clip3,182,2,player_top,670.9168701171875,237.77394104003906,650.4849243164062,163.5840606689453,691.3487548828125,237.77394104003906,0.8931463360786438
game8/Clip3,183,1,player_bottom,526.7115478515625,640.4811401367188,500.02978515625,501.5389709472656,553.3932495117188,640.4811401367188,0.8397605419158936
game8/Clip3,183,2,player_top,671.03369140625,238.1642608642578,650.1090087890625,164.4590606689453,691.9583740234375,238.1642608642578,0.894527018070221
game8/Clip3,184,1,player_bottom,525.2273559570312,640.0396728515625,497.8260498046875,499.670654296875,552.628662109375,640.0396728515625,0.835177481174469
game8/Clip3,184,2,player_top,670.30126953125,238.47784423828125,648.9324951171875,164.71652221679688,691.6701049804688,238.47784423828125,0.8941379189491272
game8/Clip3,185,1,player_bottom,524.532470703125,640.1659545898438,495.77728271484375,495.6429138183594,553.2877197265625,640.1659545898438,0.8484592437744141
game8/Clip3,185,2,player_top,669.8753662109375,238.5621795654297,648.0191650390625,164.45059204101562,691.7315063476562,238.5621795654297,0.8921076655387878
game8/Clip3,186,1,player_bottom,522.024169921875,637.8143920898438,492.472900390625,493.669677734375,551.5755004882812,637.8143920898438,0.8773269653320312
game8/Clip3,186,2,player_top,670.1348876953125,238.49472045898438,647.8534545898438,164.013427734375,692.4163208007812,238.49472045898438,0.8733201026916504
game8/Clip3,187,1,player_bottom,517.3425903320312,634.2112426757812,487.2471008300781,493.9452819824219,547.4381103515625,634.2112426757812,0.8674076795578003
game8/Clip3,187,2,player_top,672.950439453125,238.35488891601562,650.291748046875,162.95883178710938,695.6091918945312,238.35488891601562,0.8434810638427734
game8/Clip3,188,1,player_bottom,512.3529052734375,631.56787109375,482.00274658203125,496.3998718261719,542.7030029296875,631.56787109375,0.843818724155426
game8/Clip3,188,2,player_top,677.4177856445312,238.6209716796875,654.5049438476562,161.81504821777344,700.3306274414062,238.6209716796875,0.8554904460906982
game8/Clip3,189,1,player_bottom,508.24456787109375,629.2094116210938,477.72027587890625,500.21197509765625,538.7688598632812,629.2094116210938,0.8774499297142029
game8/Clip3,189,2,player_top,683.00341796875,238.70944213867188,660.61328125,162.36837768554688,705.3936157226562,238.70944213867188,0.853218138217926
game8/Clip3,190,1,player_bottom,506.5716552734375,629.0527954101562,475.14288330078125,502.9403381347656,538.0004272460938,629.0527954101562,0.8864643573760986
game8/Clip3,190,2,player_top,688.6649169921875,238.4239959716797,667.0025024414062,162.65052795410156,710.327392578125,238.4239959716797,0.8281567096710205
game8/Clip3,191,1,player_bottom,505.80279541015625,628.9929809570312,474.06842041015625,508.1136169433594,537.5371704101562,628.9929809570312,0.8868340849876404
game8/Clip3,191,2,player_top,694.5345458984375,239.48622131347656,673.6607666015625,164.0443115234375,715.4083251953125,239.48622131347656,0.8236714601516724
game8/Clip3,192,1,player_bottom,506.37762451171875,629.5391845703125,473.80426025390625,511.54669189453125,538.9509887695312,629.5391845703125,0.8875548839569092
game8/Clip3,192,2,player_top,698.3316650390625,240.8372802734375,678.1860961914062,165.80078125,718.477294921875,240.8372802734375,0.8056018352508545
game8/Clip3,193,1,player_bottom,506.5040588378906,629.9934692382812,472.92779541015625,513.4821166992188,540.080322265625,629.9934692382812,0.8993690013885498
game8/Clip3,193,2,player_top,702.277587890625,241.64198303222656,682.9054565429688,167.78445434570312,721.6497192382812,241.64198303222656,0.8211079239845276
game8/Clip3,194,1,player_bottom,507.4483337402344,630.62646484375,472.21942138671875,512.4640502929688,542.67724609375,630.62646484375,0.8863200545310974
game8/Clip3,194,2,player_top,706.465576171875,241.87954711914062,687.4181518554688,168.70895385742188,725.512939453125,241.87954711914062,0.8435544967651367
game8/Clip3,195,1,player_bottom,510.7933654785156,630.864990234375,473.90289306640625,509.6550598144531,547.683837890625,630.864990234375,0.8942747116088867
game8/Clip3,195,2,player_top,711.9725341796875,241.9683380126953,692.5983276367188,169.10382080078125,731.3467407226562,241.9683380126953,0.869077742099762
game8/Clip3,196,1,player_bottom,515.588134765625,630.8699951171875,477.6006774902344,506.82574462890625,553.5755615234375,630.8699951171875,0.8752835988998413
game8/Clip3,196,2,player_top,715.8662109375,241.71856689453125,696.0225219726562,169.12265014648438,735.7099609375,241.71856689453125,0.8582111597061157
game8/Clip3,197,1,player_bottom,522.1751708984375,631.2763671875,483.6311340332031,503.8646545410156,560.7191772460938,631.2763671875,0.8879761695861816
game8/Clip3,197,2,player_top,719.0587158203125,241.9039306640625,698.7091674804688,168.6114501953125,739.408203125,241.9039306640625,0.8432784676551819
game8/Clip3,198,1,player_bottom,528.3743286132812,631.4037475585938,490.33294677734375,502.0580749511719,566.4157104492188,631.4037475585938,0.8871707916259766
game8/Clip3,198,2,player_top,722.0946044921875,241.22775268554688,701.7548217773438,168.2316131591797,742.434326171875,241.22775268554688,0.8377170562744141
game8/Clip3,199,1,player_bottom,530.1304931640625,632.46044921875,492.978759765625,501.3206481933594,567.2822265625,632.46044921875,0.8783058524131775
game8/Clip3,199,2,player_top,724.82763671875,240.728271484375,704.7132568359375,167.99700927734375,744.9420166015625,240.728271484375,0.7974539399147034
game8/Clip3,200,1,player_bottom,533.6116943359375,634.043701171875,497.240478515625,501.6249694824219,569.9829711914062,634.043701171875,0.8831617832183838
game8/Clip3,200,2,player_top,727.6400756835938,238.97296142578125,707.8954467773438,167.7420196533203,747.3847045898438,238.97296142578125,0.8017173409461975
game8/Clip3,201,1,player_bottom,539.6344604492188,636.0535278320312,503.7780456542969,503.12054443359375,575.4909057617188,636.0535278320312,0.8788243532180786
game8/Clip3,201,2,player_top,729.906005859375,238.32460021972656,710.3656616210938,167.91262817382812,749.4462890625,238.32460021972656,0.705802857875824
game8/Clip3,202,1,player_bottom,545.6903686523438,637.2982177734375,510.158935546875,504.6736755371094,581.2218017578125,637.2982177734375,0.8914663195610046
game8/Clip3,202,2,player_top,733.0150146484375,237.7762908935547,713.3787841796875,167.65345764160156,752.6511840820312,237.7762908935547,0.7376630306243896
game8/Clip3,203,1,player_bottom,550.5110473632812,638.0339965820312,515.2828369140625,505.962890625,585.7392578125,638.0339965820312,0.896891176700592
game8/Clip3,203,2,player_top,734.12353515625,238.10670471191406,714.3431396484375,167.52076721191406,753.9038696289062,238.10670471191406,0.7642387747764587
game8/Clip3,204,1,player_bottom,554.7964477539062,637.9644165039062,519.7227783203125,506.4291687011719,589.8701171875,637.9644165039062,0.9059510827064514
game8/Clip3,204,2,player_top,734.6619873046875,238.4307861328125,714.65869140625,166.6560821533203,754.6652221679688,238.4307861328125,0.7058119773864746
game8/Clip3,205,1,player_bottom,558.3626708984375,639.6396484375,523.1073608398438,507.6954040527344,593.617919921875,639.6396484375,0.900299608707428
game8/Clip3,205,2,player_top,737.1537475585938,238.00759887695312,717.0501098632812,165.3839569091797,757.2573852539062,238.00759887695312,0.7383880615234375
game8/Clip3,206,1,player_bottom,559.4714965820312,641.31787109375,524.1506958007812,510.12335205078125,594.7922973632812,641.31787109375,0.9149655103683472
game8/Clip3,206,2,player_top,740.136962890625,237.60708618164062,719.9909057617188,164.48098754882812,760.2830200195312,237.60708618164062,0.7888428568840027
game8/Clip3,207,1,player_bottom,560.1787719726562,643.9912719726562,524.3175048828125,512.4593505859375,596.0400390625,643.9912719726562,0.9151231646537781
game8/Clip3,207,2,player_top,741.9583740234375,237.5060577392578,722.1895141601562,165.3235321044922,761.727294921875,237.5060577392578,0.7522344589233398
game8/Clip3,208,1,player_bottom,560.0362548828125,646.3478393554688,524.0076293945312,516.1273803710938,596.0648193359375,646.3478393554688,0.920011043548584
game8/Clip3,208,2,player_top,742.8283081054688,237.43173217773438,723.5564575195312,166.2495574951172,762.1001586914062,237.43173217773438,0.7704087495803833
game8/Clip3,209,1,player_bottom,560.3212890625,647.6030883789062,524.38671875,519.037841796875,596.255859375,647.6030883789062,0.9184545278549194
game8/Clip3,209,2,player_top,743.3365478515625,236.90060424804688,724.6524047851562,167.02825927734375,762.0206909179688,236.90060424804688,0.783233106136322
game8/Clip3,210,1,player_bottom,560.614990234375,648.2256469726562,524.4473266601562,519.8331298828125,596.7826538085938,648.2256469726562,0.913384199142456
game8/Clip3,210,2,player_top,744.0565185546875,236.59742736816406,725.4969482421875,166.2270965576172,762.6160278320312,236.59742736816406,0.7638486623764038
game8/Clip3,211,1,player_bottom,560.7039184570312,647.8527221679688,523.8869018554688,517.9384155273438,597.5209350585938,647.8527221679688,0.9156157970428467
game8/Clip3,211,2,player_top,744.6591796875,236.061279296875,726.2109985351562,165.36801147460938,763.107421875,236.061279296875,0.8022654056549072
game8/Clip3,212,1,player_bottom,560.4945068359375,646.6803588867188,522.942138671875,514.5810546875,598.0468139648438,646.6803588867188,0.9109841585159302
game8/Clip3,212,2,player_top,744.3097534179688,235.42291259765625,725.9466552734375,164.47044372558594,762.6728515625,235.42291259765625,0.8195981383323669
game8/Clip3,213,1,player_bottom,559.7725830078125,646.1468505859375,521.6052856445312,511.7313537597656,597.9398193359375,646.1468505859375,0.9067702889442444
game8/Clip3,213,2,player_top,743.7889404296875,234.4247283935547,725.4053344726562,163.12994384765625,762.172607421875,234.4247283935547,0.8182950615882874
game8/Clip3,214,1,player_bottom,557.8911743164062,645.4596557617188,519.2472534179688,508.7237548828125,596.5350952148438,645.4596557617188,0.9045974612236023
game8/Clip3,214,2,player_top,743.4141845703125,233.8837890625,724.7369384765625,161.3089599609375,762.0913696289062,233.8837890625,0.8199648857116699
game8/Clip3,215,1,player_bottom,553.5917358398438,644.34375,515.1736450195312,507.3177795410156,592.0098266601562,644.34375,0.8984009623527527
game8/Clip3,215,2,player_top,742.5803833007812,232.20138549804688,724.0709838867188,160.19485473632812,761.0897827148438,232.20138549804688,0.7869940996170044
game8/Clip3,216,1,player_bottom,549.2640380859375,643.640869140625,511.20513916015625,506.9171447753906,587.3228759765625,643.640869140625,0.8928917050361633
game8/Clip3,216,2,player_top,741.2276611328125,231.60231018066406,722.4547729492188,158.87257385253906,760.0006103515625,231.60231018066406,0.8543847799301147
game8/Clip3,217,1,player_bottom,544.1080322265625,643.7264404296875,506.4391174316406,508.0015563964844,581.7769165039062,643.7264404296875,0.8998105525970459
game8/Clip3,217,2,player_top,738.75634765625,229.8270263671875,719.7861328125,157.3204803466797,757.7266235351562,229.8270263671875,0.8456791639328003
game8/Clip3,218,1,player_bottom,538.452880859375,645.0471801757812,501.1505432128906,510.7251281738281,575.7552490234375,645.0471801757812,0.90556800365448
game8/Clip3,218,2,player_top,736.2684326171875,227.67385864257812,717.0635986328125,155.87937927246094,755.4733276367188,227.67385864257812,0.8701386451721191
game8/Clip3,219,1,player_bottom,533.5365600585938,647.3035278320312,496.5701904296875,514.9583740234375,570.5029296875,647.3035278320312,0.914420485496521
game8/Clip3,219,2,player_top,733.6533813476562,226.83441162109375,713.831787109375,154.8203582763672,753.4749755859375,226.83441162109375,0.8562799096107483
game8/Clip3,220,1,player_bottom,530.298583984375,649.3472900390625,493.4590148925781,519.2801513671875,567.13818359375,649.3472900390625,0.9106769561767578
game8/Clip3,220,2,player_top,732.156982421875,226.7042999267578,711.6556396484375,154.5932159423828,752.6583251953125,226.7042999267578,0.8484414219856262
game8/Clip3,221,1,player_bottom,528.1307373046875,650.0527954101562,491.3245849609375,522.2933349609375,564.9368286132812,650.0527954101562,0.9083830118179321
game8/Clip3,221,2,player_top,731.148193359375,226.90699768066406,709.5339965820312,152.8780059814453,752.7623291015625,226.90699768066406,0.8656150698661804
game8/Clip3,222,1,player_bottom,527.28662109375,650.0203247070312,490.138427734375,523.0589599609375,564.4347534179688,650.0203247070312,0.9129281044006348
game8/Clip3,222,2,player_top,730.9945678710938,227.2259063720703,708.7855224609375,153.13644409179688,753.20361328125,227.2259063720703,0.8736386895179749
game8/Clip3,223,1,player_bottom,526.7783813476562,648.609375,489.2147216796875,522.0962524414062,564.342041015625,648.609375,0.9118313789367676
game8/Clip3,223,2,player_top,730.823486328125,227.06907653808594,708.456298828125,154.33486938476562,753.1907348632812,227.06907653808594,0.8515238165855408
game8/Clip3,224,1,player_bottom,523.558837890625,647.1708374023438,485.7713928222656,520.7059936523438,561.3462524414062,647.1708374023438,0.905592679977417
game8/Clip3,224,2,player_top,730.8668823242188,227.04251098632812,707.6015625,152.85824584960938,754.1322021484375,227.04251098632812,0.8710187077522278
game8/Clip3,225,1,player_bottom,515.1651000976562,645.7333374023438,477.922607421875,520.22119140625,552.4075927734375,645.7333374023438,0.8699564337730408
game8/Clip3,225,2,player_top,731.1837768554688,227.06248474121094,707.2424926757812,152.08360290527344,755.1250610351562,227.06248474121094,0.8694330453872681
game8/Clip3,226,1,player_bottom,504.96624755859375,646.7094116210938,468.0000915527344,519.3145751953125,541.932373046875,646.7094116210938,0.8747078776359558
game8/Clip3,226,2,player_top,731.1488037109375,227.15652465820312,706.5302734375,151.272216796875,755.7672729492188,227.15652465820312,0.8580236434936523
game8/Clip3,227,1,player_bottom,498.29486083984375,647.5584716796875,461.7360534667969,518.75244140625,534.8536987304688,647.5584716796875,0.8580508232116699
game8/Clip3,227,2,player_top,730.8682861328125,226.86044311523438,705.7473754882812,150.30062866210938,755.9891967773438,226.86044311523438,0.8438687324523926
game8/Clip3,228,1,player_bottom,493.30767822265625,648.2855834960938,457.20062255859375,518.04931640625,529.4147338867188,648.2855834960938,0.8879469633102417
game8/Clip3,228,2,player_top,722.4571533203125,226.16488647460938,698.0516967773438,149.50209045410156,746.862548828125,226.16488647460938,0.6906477212905884
game8/Clip3,229,1,player_bottom,489.571533203125,648.1898193359375,453.8513488769531,516.890380859375,525.2916870117188,648.1898193359375,0.8779377937316895
game8/Clip3,229,2,player_top,723.7081909179688,226.0150909423828,699.3031005859375,148.87765502929688,748.11328125,226.0150909423828,0.8437193632125854
game8/Clip3,230,1,player_bottom,486.69683837890625,646.8800659179688,451.6744079589844,515.1597900390625,521.71923828125,646.8800659179688,0.8652788996696472
game8/Clip3,230,2,player_top,717.280517578125,225.8788299560547,693.69873046875,147.9150848388672,740.8623657226562,225.8788299560547,0.7256055474281311
game8/Clip3,231,1,player_bottom,484.0694580078125,644.90771484375,449.6960754394531,513.4580078125,518.44287109375,644.90771484375,0.87537682056427
game8/Clip3,231,2,player_top,716.808349609375,226.66571044921875,693.3666381835938,147.11184692382812,740.2500610351562,226.66571044921875,0.8313233852386475
game8/Clip3,232,1,player_bottom,481.78021240234375,641.5592651367188,448.0115661621094,512.4828491210938,515.548828125,641.5592651367188,0.8788270354270935
game8/Clip3,232,2,player_top,714.1889038085938,228.3204345703125,691.0545043945312,146.94688415527344,737.3233032226562,228.3204345703125,0.8240607380867004
game8/Clip3,233,1,player_bottom,477.7891845703125,634.9369506835938,445.18157958984375,511.4281005859375,510.39678955078125,634.9369506835938,0.8606758117675781
game8/Clip3,233,2,player_top,711.0682373046875,229.73252868652344,688.4520874023438,146.85801696777344,733.6843872070312,229.73252868652344,0.8042865991592407
game8/Clip3,234,1,player_bottom,469.4899597167969,632.6761474609375,436.54620361328125,510.00543212890625,502.4337158203125,632.6761474609375,0.807514488697052
game8/Clip3,234,2,player_top,708.5660400390625,230.6389617919922,686.7677001953125,147.30152893066406,730.3644409179688,230.6389617919922,0.8033061623573303
game8/Clip3,235,1,player_bottom,461.35198974609375,626.46923828125,429.10369873046875,510.93927001953125,493.6003112792969,626.46923828125,0.7615033388137817
game8/Clip3,235,2,player_top,705.08984375,231.4062042236328,684.0789794921875,149.13047790527344,726.1007080078125,231.4062042236328,0.8390273451805115
game8/Clip3,236,1,player_bottom,450.0862121582031,632.2997436523438,416.4015808105469,512.5184936523438,483.7708435058594,632.2997436523438,0.639382541179657
game8/Clip3,236,2,player_top,701.8280029296875,231.69146728515625,681.3521118164062,150.82337951660156,722.303955078125,231.69146728515625,0.8558921217918396
game8/Clip3,237,1,player_bottom,446.4091491699219,634.8790893554688,411.3771667480469,511.7350158691406,481.4411315917969,634.8790893554688,0.5773202776908875
game8/Clip3,237,2,player_top,699.078125,231.82937622070312,678.7711181640625,152.02027893066406,719.3851928710938,231.82937622070312,0.8680848479270935
game8/Clip3,238,1,player_bottom,448.1185302734375,636.048095703125,410.0137939453125,505.32080078125,486.2232360839844,636.048095703125,0.6632454991340637
game8/Clip3,238,2,player_top,696.6724853515625,231.9801788330078,676.2516479492188,152.44602966308594,717.0933227539062,231.9801788330078,0.884782612323761
game8/Clip3,239,1,player_bottom,446.03167724609375,636.323486328125,408.4728088378906,509.818115234375,483.5905456542969,636.323486328125,0.7313643097877502
game8/Clip3,239,2,player_top,695.0575561523438,231.95574951171875,674.6673583984375,153.01248168945312,715.44775390625,231.95574951171875,0.8785780668258667
game8/Clip3,240,1,player_bottom,443.35992431640625,636.64404296875,405.05950927734375,509.54083251953125,481.6603698730469,636.64404296875,0.6071836948394775
game8/Clip3,240,2,player_top,692.81982421875,232.4669952392578,672.464599609375,153.2152557373047,713.1751098632812,232.4669952392578,0.8577219247817993
game8/Clip3,241,1,player_bottom,434.9888000488281,636.241943359375,398.13812255859375,512.819580078125,471.8394775390625,636.241943359375,0.8509863615036011
game8/Clip3,241,2,player_top,690.83984375,233.00595092773438,670.876953125,154.4943389892578,710.8026733398438,233.00595092773438,0.8458548188209534
game8/Clip3,242,1,player_bottom,429.8609619140625,634.9961547851562,394.1304016113281,513.6639404296875,465.591552734375,634.9961547851562,0.8956103324890137
game8/Clip3,242,2,player_top,688.3511962890625,234.00439453125,668.5667114257812,155.914794921875,708.1356201171875,234.00439453125,0.8746145367622375
game8/Clip3,243,1,player_bottom,427.09344482421875,634.0513305664062,391.5564270019531,511.6626892089844,462.6304931640625,634.0513305664062,0.8999882936477661
game8/Clip3,243,2,player_top,685.5521240234375,234.13043212890625,665.8327026367188,156.7332763671875,705.2716064453125,234.13043212890625,0.8732583522796631
game8/Clip3,244,1,player_bottom,425.50994873046875,633.3965454101562,388.8132629394531,506.595947265625,462.20660400390625,633.3965454101562,0.8544904589653015
game8/Clip3,244,2,player_top,684.0992431640625,234.08555603027344,664.405029296875,157.41612243652344,703.7935180664062,234.08555603027344,0.8629924058914185
game8/Clip3,245,1,player_bottom,422.4376525878906,631.2990112304688,385.0056457519531,502.5533752441406,459.8696594238281,631.2990112304688,0.8519418835639954
game8/Clip3,245,2,player_top,683.5604248046875,234.14723205566406,663.834716796875,157.87527465820312,703.2860717773438,234.14723205566406,0.8684631586074829
game8/Clip3,246,1,player_bottom,419.36895751953125,621.5752563476562,383.0943603515625,498.3775329589844,455.6435852050781,621.5752563476562,0.8602048754692078
game8/Clip3,246,2,player_top,683.2941284179688,234.11370849609375,663.56005859375,158.260009765625,703.0281982421875,234.11370849609375,0.8847408294677734
game8/Clip3,247,1,player_bottom,417.2008056640625,615.5445556640625,381.7604675292969,495.9554138183594,452.64111328125,615.5445556640625,0.8903322219848633
game8/Clip3,247,2,player_top,683.4300537109375,233.5892333984375,663.7018432617188,158.2425994873047,703.158203125,233.5892333984375,0.878433883190155
game8/Clip3,248,1,player_bottom,416.64276123046875,613.0285034179688,381.5789794921875,495.08465576171875,451.7065124511719,613.0285034179688,0.8902468085289001
game8/Clip3,248,2,player_top,683.1231689453125,233.08316040039062,663.3607788085938,158.14454650878906,702.885498046875,233.08316040039062,0.8722608685493469
game8/Clip3,249,1,player_bottom,417.95208740234375,612.4100952148438,383.0738220214844,494.51702880859375,452.8303527832031,612.4100952148438,0.8891979455947876
game8/Clip3,249,2,player_top,682.8201904296875,233.00146484375,662.79833984375,158.40599060058594,702.8419799804688,233.00146484375,0.8739327788352966
game8/Clip3,250,1,player_bottom,419.3666687011719,612.5396728515625,384.9631652832031,494.1490478515625,453.7701721191406,612.5396728515625,0.8892661929130554
game8/Clip3,250,2,player_top,682.3665771484375,232.7792205810547,662.1387939453125,159.4364776611328,702.5944213867188,232.7792205810547,0.8701907992362976
game8/Clip3,251,1,player_bottom,420.194091796875,612.5592041015625,386.5235900878906,494.23553466796875,453.86456298828125,612.5592041015625,0.882524311542511
game8/Clip3,251,2,player_top,681.297607421875,232.62660217285156,660.6370239257812,160.35215759277344,701.9581909179688,232.62660217285156,0.8763031959533691
game8/Clip3,252,1,player_bottom,420.7974853515625,613.7603759765625,387.7363586425781,494.70916748046875,453.8586120605469,613.7603759765625,0.8784721493721008
game8/Clip3,252,2,player_top,680.9007568359375,232.49005126953125,659.7547607421875,160.99649047851562,702.0467529296875,232.49005126953125,0.8800257444381714
game8/Clip3,253,1,player_bottom,422.30853271484375,614.450439453125,390.1634521484375,496.04290771484375,454.4535827636719,614.450439453125,0.8454769253730774
game8/Clip3,253,2,player_top,681.4014892578125,232.5228271484375,659.6568603515625,160.94265747070312,703.1460571289062,232.5228271484375,0.8878068327903748
game8/Clip3,254,1,player_bottom,424.302734375,614.7930908203125,393.1150207519531,498.10089111328125,455.490478515625,614.7930908203125,0.882685124874115
game8/Clip3,254,2,player_top,681.5758056640625,232.4030303955078,659.2529907226562,160.43026733398438,703.8985595703125,232.4030303955078,0.8896917104721069
game8/Clip3,255,1,player_bottom,428.79315185546875,614.33935546875,398.1614990234375,500.30401611328125,459.4247741699219,614.33935546875,0.8955308794975281
game8/Clip3,255,2,player_top,680.705322265625,232.4730224609375,657.4908447265625,158.98500061035156,703.9197387695312,232.4730224609375,0.8692198395729065
game8/Clip3,256,1,player_bottom,432.9256896972656,613.8759155273438,402.3076477050781,501.6482849121094,463.5437316894531,613.8759155273438,0.900909423828125
game8/Clip3,256,2,player_top,678.1986083984375,231.7013397216797,654.6572875976562,158.277099609375,701.739990234375,231.7013397216797,0.8330312371253967
game8/Clip3,257,1,player_bottom,436.0476989746094,613.69140625,404.833251953125,501.6237487792969,467.26214599609375,613.69140625,0.8963330388069153
game8/Clip3,257,2,player_top,673.5386962890625,230.22381591796875,649.850341796875,157.79151916503906,697.22705078125,230.22381591796875,0.797835111618042
game8/Clip3,258,1,player_bottom,438.67413330078125,613.2227172851562,406.4768371582031,500.3485107421875,470.8714294433594,613.2227172851562,0.910431444644928
game8/Clip3,258,2,player_top,667.53466796875,229.32728576660156,644.0507202148438,158.02703857421875,691.0186767578125,229.32728576660156,0.7474584579467773
game8/Clip3,259,1,player_bottom,440.6873474121094,611.9711303710938,407.54779052734375,498.1827392578125,473.826904296875,611.9711303710938,0.8990184664726257
game8/Clip3,259,2,player_top,658.711181640625,229.12452697753906,634.8429565429688,156.78884887695312,682.579345703125,229.12452697753906,0.7608386278152466
game8/Clip3,260,1,player_bottom,447.52862548828125,611.7257080078125,413.2056579589844,496.92877197265625,481.85162353515625,611.7257080078125,0.8321126699447632
game8/Clip3,260,2,player_top,651.7694091796875,229.4910125732422,627.9174194335938,156.90696716308594,675.6213989257812,229.4910125732422,0.6442229151725769
game8/Clip3,261,1,player_bottom,458.8556823730469,611.92822265625,423.601806640625,495.5897521972656,494.10955810546875,611.92822265625,0.783470094203949
game8/Clip3,261,2,player_top,651.1969604492188,229.74806213378906,627.87548828125,157.54278564453125,674.5184326171875,229.74806213378906,0.648547887802124
game8/Clip3,262,1,player_bottom,469.4176025390625,611.7221069335938,433.6659240722656,493.70330810546875,505.1693115234375,611.7221069335938,0.7700442671775818
game8/Clip3,262,2,player_top,641.7598876953125,229.39414978027344,617.6393432617188,155.33055114746094,665.88037109375,229.39414978027344,0.825253427028656
game8/Clip3,263,1,player_bottom,482.82275390625,609.776123046875,447.7803039550781,491.5083923339844,517.865234375,609.776123046875,0.850751519203186
game8/Clip3,263,2,player_top,634.2828979492188,229.22032165527344,609.9185791015625,154.86529541015625,658.647216796875,229.22032165527344,0.8158376216888428
game8/Clip3,264,1,player_bottom,491.48297119140625,609.8309326171875,456.9050598144531,490.0491943359375,526.0608520507812,609.8309326171875,0.8677642941474915
game8/Clip3,264,2,player_top,627.0554809570312,229.8237762451172,602.5726318359375,155.38710021972656,651.538330078125,229.8237762451172,0.8294824361801147
game8/Clip3,265,1,player_bottom,497.82659912109375,608.8909301757812,464.2649230957031,489.39202880859375,531.3883056640625,608.8909301757812,0.8271373510360718
game8/Clip3,265,2,player_top,621.0151977539062,230.1203155517578,596.7006225585938,156.2220458984375,645.3297729492188,230.1203155517578,0.8354581594467163
game8/Clip3,266,1,player_bottom,503.89813232421875,613.9427490234375,470.13250732421875,489.9599914550781,537.6637573242188,613.9427490234375,0.8747778534889221
game8/Clip3,266,2,player_top,615.0552978515625,230.36395263671875,590.5320434570312,156.4728546142578,639.5785522460938,230.36395263671875,0.7823586463928223
game8/Clip3,267,1,player_bottom,510.20233154296875,616.3474731445312,477.2868347167969,491.799072265625,543.1177978515625,616.3474731445312,0.8574094772338867
game8/Clip3,267,2,player_top,612.890625,230.25843811035156,588.3178100585938,155.5876007080078,637.46337890625,230.25843811035156,0.8335399627685547
game8/Clip3,268,1,player_bottom,517.2747192382812,618.6251220703125,485.0823974609375,494.0567321777344,549.467041015625,618.6251220703125,0.8457726836204529
game8/Clip3,268,2,player_top,609.116943359375,230.74618530273438,584.2225341796875,154.83465576171875,634.0114135742188,230.74618530273438,0.8488841652870178
game8/Clip3,269,1,player_bottom,525.394287109375,619.6791381835938,493.4754943847656,496.1284484863281,557.3130493164062,619.6791381835938,0.8250511884689331
game8/Clip3,269,2,player_top,605.584716796875,230.9413604736328,580.794677734375,155.3062286376953,630.3746948242188,230.9413604736328,0.8304789662361145
game8/Clip3,270,1,player_bottom,534.7330322265625,620.012451171875,502.6944274902344,498.0640563964844,566.7716674804688,620.012451171875,0.9060782194137573
game8/Clip3,270,2,player_top,604.3912353515625,230.87818908691406,579.7313842773438,155.50611877441406,629.0510864257812,230.87818908691406,0.8739262223243713
game8/Clip3,271,1,player_bottom,540.9583129882812,620.9511108398438,508.085693359375,498.8286437988281,573.8309326171875,620.9511108398438,0.9126982688903809
game8/Clip3,271,2,player_top,602.6322021484375,230.54600524902344,578.3008422851562,156.29541015625,626.9635009765625,230.54600524902344,0.8407182693481445
game8/Clip3,272,1,player_bottom,544.4593505859375,623.01220703125,510.2987365722656,498.74810791015625,578.6199951171875,623.01220703125,0.9069727063179016
game8/Clip3,272,2,player_top,600.6898803710938,230.0165557861328,576.744140625,156.50973510742188,624.6356201171875,230.0165557861328,0.8468881249427795
game8/Clip3,273,1,player_bottom,547.7005615234375,624.7005615234375,512.6527099609375,498.1319274902344,582.7484741210938,624.7005615234375,0.9036521911621094
game8/Clip3,273,2,player_top,598.0006103515625,229.5691680908203,574.4299926757812,155.91229248046875,621.5711669921875,229.5691680908203,0.842372715473175
game8/Clip3,274,1,player_bottom,555.376220703125,625.6365966796875,519.9828491210938,496.41424560546875,590.7696533203125,625.6365966796875,0.8877710103988647
game8/Clip3,274,2,player_top,591.8199462890625,229.0849151611328,568.363525390625,155.0583038330078,615.2764282226562,229.0849151611328,0.8120043873786926
game8/Clip3,275,1,player_bottom,565.7691040039062,624.7349853515625,530.9627685546875,494.6003723144531,600.575439453125,624.7349853515625,0.862304151058197
game8/Clip3,275,2,player_top,586.4796752929688,230.07667541503906,562.7119750976562,153.65916442871094,610.2473754882812,230.07667541503906,0.7060121297836304
game8/Clip3,276,1,player_bottom,573.5809326171875,624.5575561523438,539.2252807617188,493.07861328125,607.9365844726562,624.5575561523438,0.8252684473991394
game8/Clip3,276,2,player_top,580.9130249023438,230.64895629882812,556.9752807617188,152.38784790039062,604.8507690429688,230.64895629882812,0.8294014930725098
game8/Clip3,277,1,player_bottom,581.476806640625,626.9674072265625,547.2659301757812,492.51763916015625,615.687744140625,626.9674072265625,0.8165521025657654
game8/Clip3,277,2,player_top,578.9356689453125,231.09756469726562,555.484619140625,151.93069458007812,602.38671875,231.09756469726562,0.7619215250015259
game8/Clip3,278,1,player_bottom,589.6287231445312,626.8533935546875,556.5673217773438,492.852783203125,622.6901245117188,626.8533935546875,0.8477239012718201
game8/Clip3,278,2,player_top,577.138671875,232.09420776367188,553.725830078125,151.62692260742188,600.551513671875,232.09420776367188,0.8148816227912903
game8/Clip3,279,1,player_bottom,596.111328125,628.5936279296875,563.7461547851562,494.5950622558594,628.4765014648438,628.5936279296875,0.8289675712585449
game8/Clip3,279,2,player_top,571.988525390625,232.95948791503906,548.3408203125,151.8278350830078,595.63623046875,232.95948791503906,0.8062858581542969
game8/Clip3,280,1,player_bottom,605.0709838867188,631.7783203125,572.8526000976562,497.7875061035156,637.2893676757812,631.7783203125,0.8619928956031799
game8/Clip3,280,2,player_top,565.39306640625,233.10704040527344,541.8258666992188,153.4381561279297,588.960205078125,233.10704040527344,0.8531433343887329
game8/Clip3,281,1,player_bottom,615.2833251953125,635.8440551757812,582.940185546875,502.3280334472656,647.6265258789062,635.8440551757812,0.8793860673904419
game8/Clip3,281,2,player_top,559.09423828125,233.32113647460938,535.6610717773438,155.836181640625,582.5274658203125,233.32113647460938,0.8597155809402466
game8/Clip3,282,1,player_bottom,623.2802734375,639.528076171875,590.7305297851562,507.7787170410156,655.8300170898438,639.528076171875,0.8760963082313538
game8/Clip3,282,2,player_top,555.0910034179688,233.4138946533203,531.359130859375,156.07237243652344,578.8228759765625,233.4138946533203,0.8652006387710571
game8/Clip3,283,1,player_bottom,631.4452514648438,641.7122802734375,598.0435180664062,512.3834838867188,664.8469848632812,641.7122802734375,0.8854753375053406
game8/Clip3,283,2,player_top,552.3006591796875,233.3898162841797,528.3438720703125,156.2435760498047,576.2575073242188,233.3898162841797,0.8685155510902405
game8/Clip3,284,1,player_bottom,636.4295043945312,642.675048828125,601.9933471679688,515.8014526367188,670.8656616210938,642.675048828125,0.9114060997962952
game8/Clip3,284,2,player_top,551.20361328125,233.20864868164062,527.28857421875,157.39218139648438,575.1185913085938,233.20864868164062,0.8595394492149353
game8/Clip3,285,1,player_bottom,639.0782470703125,644.298583984375,603.1096801757812,517.1416015625,675.046875,644.298583984375,0.9029207825660706
game8/Clip3,285,2,player_top,550.87109375,233.2001190185547,527.0259399414062,158.75982666015625,574.7162475585938,233.2001190185547,0.8365870118141174
game8/Clip3,286,1,player_bottom,642.2462158203125,645.5877075195312,604.8789672851562,517.5877075195312,679.6134033203125,645.5877075195312,0.8959693312644958
game8/Clip3,286,2,player_top,550.4410400390625,232.85311889648438,525.8617553710938,156.6793212890625,575.020263671875,232.85311889648438,0.8622116446495056
game8/Clip3,287,1,player_bottom,649.4276123046875,645.9807739257812,611.6641235351562,519.0191040039062,687.1911010742188,645.9807739257812,0.8699917793273926
game8/Clip3,287,2,player_top,549.5265502929688,233.2013702392578,524.6918334960938,156.40618896484375,574.3612670898438,233.2013702392578,0.8607129454612732
game8/Clip3,288,1,player_bottom,662.8401489257812,645.999267578125,624.866943359375,519.6139526367188,700.8133544921875,645.999267578125,0.8632832765579224
game8/Clip3,288,2,player_top,547.8587646484375,232.6482391357422,523.4784545898438,156.8459014892578,572.239013671875,232.6482391357422,0.8727747201919556
game8/Clip3,289,1,player_bottom,685.0360107421875,646.0477294921875,647.6055908203125,519.2301635742188,722.4664916992188,646.0477294921875,0.8176916837692261
game8/Clip3,289,2,player_top,548.0406494140625,233.1539764404297,523.3512573242188,156.04359436035156,572.72998046875,233.1539764404297,0.8780692219734192
game8/Clip3,290,1,player_bottom,698.8550415039062,646.243408203125,661.3137817382812,518.2720947265625,736.3963012695312,646.243408203125,0.8693247437477112
game8/Clip3,290,2,player_top,548.354736328125,233.66537475585938,523.6151123046875,156.166259765625,573.0943603515625,233.66537475585938,0.8758226037025452
game8/Clip3,291,1,player_bottom,708.1561889648438,645.8668823242188,670.5197143554688,518.166015625,745.7926635742188,645.8668823242188,0.8647294640541077
game8/Clip3,291,2,player_top,548.83837890625,233.8861083984375,523.843017578125,155.40670776367188,573.8336791992188,233.8861083984375,0.8749490976333618
game8/Clip3,292,1,player_bottom,716.6329956054688,643.6935424804688,679.015869140625,517.519287109375,754.2501220703125,643.6935424804688,0.8755525946617126
game8/Clip3,292,2,player_top,550.7294921875,233.97210693359375,525.3980712890625,154.0646514892578,576.0608520507812,233.97210693359375,0.8695578575134277
game8/Clip3,293,1,player_bottom,727.9281616210938,642.3564453125,690.4698486328125,517.77197265625,765.386474609375,642.3564453125,0.8678547143936157
game8/Clip3,293,2,player_top,552.6591796875,233.93824768066406,527.2667236328125,153.09654235839844,578.0515747070312,233.93824768066406,0.8441905379295349
game8/Clip3,294,1,player_bottom,739.5552978515625,641.9835815429688,703.0938720703125,518.820068359375,776.0167236328125,641.9835815429688,0.8375316262245178
game8/Clip3,294,2,player_top,555.40869140625,233.99765014648438,530.1358032226562,152.16758728027344,580.681640625,233.99765014648438,0.8001033067703247
game8/Clip3,295,1,player_bottom,757.4637451171875,641.7574462890625,722.4131469726562,520.438720703125,792.5142822265625,641.7574462890625,0.7794074416160583
game8/Clip3,295,2,player_top,558.3995361328125,233.94126892089844,533.593017578125,151.74574279785156,583.2061157226562,233.94126892089844,0.7975162863731384
game8/Clip3,296,1,player_bottom,766.93896484375,642.3964233398438,732.9713745117188,521.44384765625,800.9066162109375,642.3964233398438,0.8083413243293762
game8/Clip3,296,2,player_top,562.5379028320312,233.8544464111328,538.2884521484375,151.4764404296875,586.787353515625,233.8544464111328,0.7974092364311218
game8/Clip3,297,1,player_bottom,779.7545776367188,643.505126953125,744.30126953125,518.1232299804688,815.2078857421875,643.505126953125,0.8134792447090149
game8/Clip3,297,2,player_top,565.202392578125,234.35963439941406,541.7318115234375,151.76776123046875,588.6730346679688,234.35963439941406,0.8013875484466553
game8/Clip3,298,1,player_bottom,792.9112548828125,642.9751586914062,756.7962036132812,520.707763671875,829.0263061523438,642.9751586914062,0.8750969767570496
game8/Clip3,298,2,player_top,566.415283203125,236.2071075439453,543.5516357421875,152.5261993408203,589.2789916992188,236.2071075439453,0.817104160785675
game8/Clip3,299,1,player_bottom,802.9710083007812,642.8678588867188,766.3370361328125,526.23388671875,839.60498046875,642.8678588867188,0.8982641696929932
game8/Clip3,299,2,player_top,567.5989379882812,237.17950439453125,545.5488891601562,153.769775390625,589.6489868164062,237.17950439453125,0.8210817575454712
game8/Clip3,300,1,player_bottom,810.284423828125,648.173583984375,771.1279907226562,529.708984375,849.4407958984375,648.173583984375,0.8901045918464661
game8/Clip3,300,2,player_top,570.3955078125,238.04615783691406,548.7440185546875,155.04908752441406,592.0469360351562,238.04615783691406,0.8175999522209167
game8/Clip3,301,1,player_bottom,816.9791870117188,650.3027954101562,776.472900390625,531.9169921875,857.4854736328125,650.3027954101562,0.8989428877830505
game8/Clip3,301,2,player_top,574.255859375,238.1322021484375,552.5844116210938,155.56039428710938,595.92724609375,238.1322021484375,0.8565892577171326
game8/Clip3,302,1,player_bottom,826.3048095703125,650.798095703125,785.661865234375,532.8128051757812,866.9478149414062,650.798095703125,0.8834530711174011
game8/Clip3,302,2,player_top,577.1048583984375,238.06900024414062,555.384033203125,156.6654052734375,598.8257446289062,238.06900024414062,0.8739836812019348
game8/Clip3,303,1,player_bottom,840.3212280273438,650.9718627929688,800.430908203125,531.5601806640625,880.2115478515625,650.9718627929688,0.8267402052879333
game8/Clip3,303,2,player_top,578.581787109375,238.0709228515625,556.7363891601562,157.29522705078125,600.42724609375,238.0709228515625,0.8701435923576355
game8/Clip3,304,1,player_bottom,846.9771118164062,651.02392578125,807.895751953125,531.0031127929688,886.0584716796875,651.02392578125,0.7863215208053589
game8/Clip3,304,2,player_top,579.2364501953125,238.03329467773438,557.1809692382812,157.2516326904297,601.2919311523438,238.03329467773438,0.8710063099861145
game8/Clip3,305,1,player_bottom,855.86767578125,650.6199951171875,817.8245239257812,530.3806762695312,893.9107666015625,650.6199951171875,0.7718305587768555
game8/Clip3,305,2,player_top,579.89404296875,237.05909729003906,557.9533081054688,157.33375549316406,601.8347778320312,237.05909729003906,0.8731023073196411
game8/Clip3,306,1,player_bottom,867.5843505859375,651.01123046875,829.6807250976562,527.103759765625,905.488037109375,651.01123046875,0.6359899044036865
game8/Clip3,306,2,player_top,581.2469482421875,236.307373046875,559.3103637695312,157.2727813720703,603.1834716796875,236.307373046875,0.8719701170921326
game8/Clip3,307,1,player_bottom,874.6184692382812,652.71533203125,831.2174072265625,508.8294372558594,918.01953125,652.71533203125,0.8526067137718201
game8/Clip3,307,2,player_top,581.8656005859375,235.00230407714844,560.392578125,157.644775390625,603.3385620117188,235.00230407714844,0.865815281867981
game8/Clip3,308,1,player_bottom,885.5242919921875,653.4207153320312,844.16064453125,518.382080078125,926.8880004882812,653.4207153320312,0.8552525639533997
game8/Clip3,308,2,player_top,583.9517211914062,234.23422241210938,562.7098388671875,158.71212768554688,605.193603515625,234.23422241210938,0.8756130933761597
game8/Clip3,309,1,player_bottom,895.8370361328125,653.4298095703125,855.7486572265625,525.6267700195312,935.9254760742188,653.4298095703125,0.8834958672523499
game8/Clip3,309,2,player_top,585.9055786132812,233.1251983642578,564.8197631835938,159.90451049804688,606.9913940429688,233.1251983642578,0.8552113175392151
game8/Clip3,310,1,player_bottom,903.75537109375,654.9573364257812,864.0056762695312,530.273681640625,943.505126953125,654.9573364257812,0.8864636421203613
game8/Clip3,310,2,player_top,587.544921875,232.90988159179688,566.1819458007812,160.963623046875,608.9078979492188,232.90988159179688,0.8870320320129395
game8/Clip3,311,1,player_bottom,909.5923461914062,656.4871826171875,870.112060546875,533.0177001953125,949.0726318359375,656.4871826171875,0.8792983889579773
game8/Clip3,311,2,player_top,589.0438842773438,232.9413604736328,567.2968139648438,162.12510681152344,610.7909545898438,232.9413604736328,0.8780254125595093
game8/Clip3,312,1,player_bottom,912.9061279296875,656.9400024414062,873.5205078125,533.9388427734375,952.291748046875,656.9400024414062,0.8775579333305359
game8/Clip3,312,2,player_top,589.34619140625,232.75686645507812,567.163330078125,162.4872283935547,611.5291137695312,232.75686645507812,0.8712592720985413
game8/Clip3,313,1,player_bottom,915.5352783203125,657.0518188476562,876.0799560546875,533.3781127929688,954.9906005859375,657.0518188476562,0.8979367613792419
game8/Clip3,313,2,player_top,589.630859375,232.734375,566.655517578125,161.66384887695312,612.6062622070312,232.734375,0.8756744265556335
game8/Clip3,314,1,player_bottom,917.07666015625,657.1321411132812,877.2218017578125,531.4025268554688,956.9315795898438,657.1321411132812,0.8846588730812073
game8/Clip3,314,2,player_top,590.000244140625,232.65257263183594,566.1857299804688,160.26304626464844,613.8148193359375,232.65257263183594,0.8724868893623352
game8/Clip3,315,1,player_bottom,917.4192504882812,657.0921630859375,877.3569946289062,530.1220092773438,957.4815063476562,657.0921630859375,0.8931776881217957
game8/Clip3,315,2,player_top,591.8125,232.57015991210938,567.4781494140625,158.74986267089844,616.1467895507812,232.57015991210938,0.8658416271209717
game8/Clip3,316,1,player_bottom,918.555419921875,657.6278686523438,878.5742797851562,530.05419921875,958.5364990234375,657.6278686523438,0.878645122051239
game8/Clip3,316,2,player_top,595.4273681640625,231.6883544921875,571.3445434570312,157.64891052246094,619.5101928710938,231.6883544921875,0.8301204442977905
game8/Clip3,317,1,player_bottom,918.740234375,659.0033569335938,879.1204223632812,532.2715454101562,958.3600463867188,659.0033569335938,0.8921331167221069
game8/Clip3,317,2,player_top,599.7388916015625,231.67283630371094,576.02392578125,157.00436401367188,623.4539184570312,231.67283630371094,0.8514569401741028
game8/Clip3,318,1,player_bottom,919.3076171875,661.0575561523438,879.7811889648438,535.0615234375,958.833984375,661.0575561523438,0.8993067145347595
game8/Clip3,318,2,player_top,605.8623046875,232.2179718017578,582.8614501953125,157.18621826171875,628.8630981445312,232.2179718017578,0.819663405418396
game8/Clip3,319,1,player_bottom,919.3863525390625,663.5023803710938,879.7797241210938,538.5342407226562,958.992919921875,663.5023803710938,0.8918666839599609
game8/Clip3,319,2,player_top,610.8685302734375,232.38087463378906,588.7100219726562,157.97021484375,633.0270385742188,232.38087463378906,0.8038161993026733
game8/Clip3,320,1,player_bottom,919.499267578125,665.7447509765625,879.7957763671875,541.5377807617188,959.2028198242188,665.7447509765625,0.8856470584869385
game8/Clip3,320,2,player_top,615.865478515625,233.7603759765625,593.5928344726562,157.7946319580078,638.1380615234375,233.7603759765625,0.8112337589263916
game8/Clip3,321,1,player_bottom,917.4189453125,667.2564086914062,877.1099853515625,542.9581298828125,957.7279052734375,667.2564086914062,0.8660802245140076
game8/Clip3,321,2,player_top,619.4530029296875,234.1177215576172,597.5806274414062,158.8675537109375,641.3253173828125,234.1177215576172,0.7852728962898254
game8/Clip3,322,1,player_bottom,916.52490234375,668.365234375,875.4290771484375,542.9583129882812,957.6207275390625,668.365234375,0.894495964050293
game8/Clip3,322,2,player_top,621.19970703125,234.33633422851562,599.68505859375,159.67044067382812,642.71435546875,234.33633422851562,0.8274059295654297
game8/Clip3,323,1,player_bottom,912.1727905273438,669.0296020507812,870.2025146484375,542.1498413085938,954.14306640625,669.0296020507812,0.9007757902145386
game8/Clip3,323,2,player_top,623.6900634765625,234.53097534179688,602.4623413085938,160.33840942382812,644.9177856445312,234.53097534179688,0.8060652017593384
game8/Clip3,324,1,player_bottom,903.0380859375,669.2500610351562,860.4077758789062,541.7560424804688,945.66845703125,669.2500610351562,0.9010860323905945
game8/Clip3,324,2,player_top,628.3148803710938,233.95724487304688,607.2810668945312,160.53781127929688,649.3486938476562,233.95724487304688,0.8077747821807861
game8/Clip3,325,1,player_bottom,891.5411376953125,669.2506713867188,848.4401245117188,540.1234741210938,934.6422119140625,669.2506713867188,0.8767924308776855
game8/Clip3,325,2,player_top,632.1922607421875,233.6097869873047,611.4174194335938,161.60488891601562,652.967041015625,233.6097869873047,0.8230531811714172
game8/Clip3,326,1,player_bottom,879.4930419921875,669.4124145507812,836.257080078125,538.04248046875,922.7290649414062,669.4124145507812,0.8861750364303589
game8/Clip3,326,2,player_top,635.25048828125,233.19908142089844,614.6757202148438,161.82057189941406,655.8251953125,233.19908142089844,0.7953501343727112
game8/Clip3,327,1,player_bottom,871.9732666015625,669.2241821289062,828.6881713867188,535.8809814453125,915.2584228515625,669.2241821289062,0.8777347207069397
game8/Clip3,327,2,player_top,637.1510009765625,234.2514190673828,615.4684448242188,157.8887481689453,658.83349609375,234.2514190673828,0.8198632001876831
game8/Clip3,328,1,player_bottom,864.451904296875,668.4373779296875,821.650634765625,533.9943237304688,907.253173828125,668.4373779296875,0.8592212796211243
game8/Clip3,328,2,player_top,638.8731689453125,234.61329650878906,617.0975341796875,156.52976989746094,660.6487426757812,234.61329650878906,0.8122997283935547
game8/Clip3,329,1,player_bottom,854.5563354492188,663.1053466796875,814.3032836914062,533.193359375,894.8093872070312,663.1053466796875,0.8444176316261292
game8/Clip3,329,2,player_top,640.1406860351562,234.8120574951172,619.2357177734375,158.4456329345703,661.045654296875,234.8120574951172,0.7622891664505005
game8/Clip3,330,1,player_bottom,843.7183837890625,663.2631225585938,805.1171875,533.954345703125,882.3196411132812,663.2631225585938,0.8544356226921082
game8/Clip3,330,2,player_top,641.068115234375,233.3140411376953,621.6300659179688,160.8470916748047,660.506103515625,233.3140411376953,0.7369317412376404
game8/Clip3,331,1,player_bottom,834.165283203125,664.4090576171875,796.9414672851562,535.05517578125,871.3890380859375,664.4090576171875,0.8618559837341309
game8/Clip3,331,2,player_top,642.882080078125,235.52023315429688,622.8583374023438,159.06451416015625,662.9058227539062,235.52023315429688,0.7403241991996765
game8/Clip3,332,1,player_bottom,823.4158935546875,664.4007568359375,787.3286743164062,535.8121948242188,859.503173828125,664.4007568359375,0.8542428016662598
game8/Clip3,332,2,player_top,646.4544677734375,238.28704833984375,626.5823974609375,161.822021484375,666.3265380859375,238.28704833984375,0.7972825765609741
game8/Clip3,333,1,player_bottom,812.1956787109375,664.2501220703125,775.8809204101562,535.5171508789062,848.5103759765625,664.2501220703125,0.9038621187210083
game8/Clip3,333,2,player_top,649.34716796875,239.62413024902344,629.9660034179688,165.10939025878906,668.7283325195312,239.62413024902344,0.7984555959701538
game8/Clip3,334,1,player_bottom,804.13916015625,664.0725708007812,766.7864379882812,533.7588500976562,841.491943359375,664.0725708007812,0.9047210812568665
game8/Clip3,334,2,player_top,651.3213500976562,240.46766662597656,632.63623046875,169.1905975341797,670.0064697265625,240.46766662597656,0.8112825751304626
game8/Clip3,335,1,player_bottom,799.98046875,664.4310302734375,761.667724609375,532.1900634765625,838.2931518554688,664.4310302734375,0.9069440960884094
game8/Clip3,335,2,player_top,652.3427124023438,240.57215881347656,634.0655517578125,171.57032775878906,670.619873046875,240.57215881347656,0.818491518497467
game8/Clip3,336,1,player_bottom,792.1845703125,664.5477905273438,753.6047973632812,529.9769897460938,830.7643432617188,664.5477905273438,0.8837823271751404
game8/Clip3,336,2,player_top,653.1851806640625,241.12844848632812,634.6996459960938,172.017822265625,671.6707153320312,241.12844848632812,0.8152908086776733
game8/Clip3,337,1,player_bottom,780.8489990234375,664.327880859375,742.68115234375,527.9035034179688,819.0167846679688,664.327880859375,0.8697131872177124
game8/Clip3,337,2,player_top,653.7177124023438,241.14010620117188,635.052001953125,171.96653747558594,672.3834228515625,241.14010620117188,0.8140859603881836
game8/Clip3,338,1,player_bottom,770.47705078125,664.1937866210938,732.9078369140625,525.9949340820312,808.0462036132812,664.1937866210938,0.8634070158004761
game8/Clip3,338,2,player_top,653.963134765625,240.98733520507812,635.2150268554688,172.0634307861328,672.7113037109375,240.98733520507812,0.8211438655853271
game8/Clip3,339,1,player_bottom,761.064453125,664.6923828125,724.1437377929688,524.9710693359375,797.985107421875,664.6923828125,0.8726337552070618
game8/Clip3,339,2,player_top,654.60107421875,241.03375244140625,635.6989135742188,171.5073699951172,673.503173828125,241.03375244140625,0.7995016574859619
game8/Clip3,340,1,player_bottom,751.885986328125,666.1587524414062,715.6138916015625,525.7251586914062,788.1580200195312,666.1587524414062,0.8462756276130676
game8/Clip3,340,2,player_top,655.12158203125,241.00502014160156,636.1509399414062,170.96543884277344,674.0922241210938,241.00502014160156,0.7896015048027039
game8/Clip3,341,1,player_bottom,739.463623046875,667.6365356445312,703.6099243164062,527.1661376953125,775.3173828125,667.6365356445312,0.8666220903396606
game8/Clip3,341,2,player_top,655.77587890625,240.93063354492188,636.2872924804688,168.16021728515625,675.264404296875,240.93063354492188,0.7109360694885254
game8/Clip3,342,1,player_bottom,726.315185546875,668.2826538085938,690.8857421875,530.2147827148438,761.74462890625,668.2826538085938,0.8649362325668335
game8/Clip3,342,2,player_top,657.4739990234375,240.96011352539062,637.8547973632812,166.23709106445312,677.0932006835938,240.96011352539062,0.7958791255950928
game8/Clip3,343,1,player_bottom,712.345703125,669.24658203125,676.9020385742188,534.0912475585938,747.7893676757812,669.24658203125,0.8910495042800903
game8/Clip3,343,2,player_top,659.2094116210938,240.99627685546875,639.8199462890625,165.08706665039062,678.598876953125,240.99627685546875,0.7669290900230408
game8/Clip3,344,1,player_bottom,700.01904296875,669.5897216796875,664.8793334960938,539.7703857421875,735.1588134765625,669.5897216796875,0.9195526242256165
game8/Clip3,344,2,player_top,660.212646484375,241.04116821289062,641.0606079101562,163.77691650390625,679.3646850585938,241.04116821289062,0.7203695774078369
game8/Clip3,345,1,player_bottom,692.6998291015625,672.1925048828125,657.5465087890625,546.0629272460938,727.8530883789062,672.1925048828125,0.8957865834236145
game8/Clip3,345,2,player_top,660.971923828125,240.824951171875,642.297607421875,162.95120239257812,679.6463012695312,240.824951171875,0.7342767715454102
game8/Clip3,346,1,player_bottom,686.6256103515625,673.380859375,652.0917358398438,551.7305908203125,721.1595458984375,673.380859375,0.9029990434646606
game8/Clip3,346,2,player_top,658.8612060546875,241.0299835205078,640.2138061523438,162.3261260986328,677.5086669921875,241.0299835205078,0.7156821489334106
game8/Clip3,347,1,player_bottom,682.2691650390625,673.5133666992188,648.4139404296875,555.143798828125,716.1244506835938,673.5133666992188,0.8967335820198059
game8/Clip3,347,2,player_top,657.9486083984375,241.0533447265625,639.30126953125,161.5015106201172,676.5960083007812,241.0533447265625,0.81467205286026
game8/Clip3,348,1,player_bottom,679.8604736328125,673.30224609375,646.307373046875,556.36669921875,713.41357421875,673.30224609375,0.8947442770004272
game8/Clip3,348,2,player_top,657.5555419921875,241.27935791015625,638.6731567382812,160.22042846679688,676.4378662109375,241.27935791015625,0.7937881350517273
game8/Clip3,349,1,player_bottom,679.27392578125,673.0990600585938,645.6371459960938,556.268310546875,712.9107055664062,673.0990600585938,0.8957961797714233
game8/Clip3,349,2,player_top,659.5430297851562,241.2194366455078,640.7821655273438,158.82180786132812,678.3038940429688,241.2194366455078,0.7409329414367676
game8/Clip3,350,1,player_bottom,679.5545654296875,672.2667236328125,645.8853759765625,555.829833984375,713.2237548828125,672.2667236328125,0.8906660079956055
game8/Clip3,350,2,player_top,661.470703125,241.0943145751953,643.1375122070312,158.0395965576172,679.8038330078125,241.0943145751953,0.7524276375770569
game8/Clip3,351,1,player_bottom,680.17041015625,671.4559936523438,646.3106689453125,555.021728515625,714.0301513671875,671.4559936523438,0.8906920552253723
game8/Clip3,351,2,player_top,661.99365234375,239.7923583984375,644.3063354492188,157.0718994140625,679.6809692382812,239.7923583984375,0.7595641016960144
game8/Clip3,352,1,player_bottom,680.7763671875,671.001708984375,646.4888305664062,553.7601928710938,715.06396484375,671.001708984375,0.8972933292388916
game8/Clip3,352,2,player_top,661.778076171875,240.12184143066406,644.1911010742188,154.91275024414062,679.364990234375,240.12184143066406,0.7893787026405334
game8/Clip3,353,1,player_bottom,681.3057861328125,671.3956298828125,646.3326416015625,552.1778564453125,716.2788696289062,671.3956298828125,0.9014872908592224
game8/Clip3,353,2,player_top,661.4713134765625,239.0422821044922,644.3616333007812,153.61239624023438,678.5809326171875,239.0422821044922,0.7798121571540833
game8/Clip3,354,1,player_bottom,681.670166015625,670.884765625,646.2413940429688,550.4415283203125,717.0989379882812,670.884765625,0.8937326669692993
game8/Clip3,354,2,player_top,661.1939697265625,238.20486450195312,644.5554809570312,152.84140014648438,677.8324584960938,238.20486450195312,0.7804110646247864
game8/Clip3,355,1,player_bottom,681.7223510742188,669.828369140625,646.0481567382812,548.8761596679688,717.3965454101562,669.828369140625,0.8935346007347107
game8/Clip3,355,2,player_top,660.9456176757812,238.4730682373047,644.6424560546875,152.89820861816406,677.248779296875,238.4730682373047,0.8052877187728882
game8/Clip3,356,1,player_bottom,681.8306884765625,668.5293579101562,645.9553833007812,547.0888671875,717.7059936523438,668.5293579101562,0.8968552350997925
game8/Clip3,356,2,player_top,661.0570068359375,238.82237243652344,645.0630493164062,153.53814697265625,677.0509033203125,238.82237243652344,0.8437376022338867
game8/Clip3,357,1,player_bottom,681.6614379882812,667.0877685546875,645.7236938476562,545.5718994140625,717.5991821289062,667.0877685546875,0.9033929705619812
game8/Clip3,357,2,player_top,660.0153198242188,238.23655700683594,644.4454956054688,155.37957763671875,675.5851440429688,238.23655700683594,0.8567751049995422
game8/Clip3,358,1,player_bottom,681.179443359375,665.7229614257812,645.3134155273438,544.497314453125,717.04541015625,665.7229614257812,0.8968848586082458
game8/Clip3,358,2,player_top,658.1950073242188,238.7099609375,642.70068359375,157.70333862304688,673.6893310546875,238.7099609375,0.8483210206031799
game8/Clip3,359,1,player_bottom,680.957763671875,665.0015869140625,645.0570068359375,543.14990234375,716.8585815429688,665.0015869140625,0.9003491401672363
game8/Clip3,359,2,player_top,656.7904052734375,238.71612548828125,641.1942138671875,159.2466278076172,672.3866577148438,238.71612548828125,0.8649773001670837
game8/Clip3,360,1,player_bottom,681.0877685546875,664.6010131835938,645.1270141601562,541.4658813476562,717.048583984375,664.6010131835938,0.890224814414978
game8/Clip3,360,2,player_top,656.2513427734375,239.42837524414062,640.4131469726562,160.52964782714844,672.0895385742188,239.42837524414062,0.8549621105194092
game8/Clip3,361,1,player_bottom,680.9484252929688,664.6866455078125,644.8948974609375,539.8426513671875,717.001953125,664.6866455078125,0.8902648687362671
game8/Clip3,361,2,player_top,655.964111328125,239.932373046875,639.8352661132812,161.3156280517578,672.093017578125,239.932373046875,0.8586404323577881
game8/Clip3,362,1,player_bottom,680.7110595703125,664.751953125,644.6572875976562,538.105712890625,716.764892578125,664.751953125,0.8933131694793701
game8/Clip3,362,2,player_top,655.6307983398438,240.12962341308594,639.2415161132812,161.75845336914062,672.0200805664062,240.12962341308594,0.8555488586425781
game8/Clip3,363,1,player_bottom,680.6912231445312,664.9349365234375,644.8299560546875,536.8916015625,716.552490234375,664.9349365234375,0.891004741191864
game8/Clip3,363,2,player_top,654.9697875976562,239.8979034423828,638.48388671875,161.90924072265625,671.4556884765625,239.8979034423828,0.8338204622268677
game8/Clip3,364,1,player_bottom,680.192138671875,665.1729125976562,644.5552368164062,535.6098022460938,715.8290405273438,665.1729125976562,0.8863015174865723
game8/Clip3,364,2,player_top,653.771484375,239.63601684570312,637.2975463867188,161.63536071777344,670.2454833984375,239.63601684570312,0.8312669396400452
game8/Clip3,365,1,player_bottom,679.2320556640625,665.388427734375,643.7749633789062,534.257080078125,714.6891479492188,665.388427734375,0.8857105374336243
game8/Clip3,365,2,player_top,652.628173828125,239.46310424804688,636.2281494140625,161.09535217285156,669.0282592773438,239.46310424804688,0.8332485556602478
game8/Clip3,366,1,player_bottom,678.9034423828125,665.3079833984375,643.7622680664062,533.0774536132812,714.0445556640625,665.3079833984375,0.8885687589645386
game8/Clip3,366,2,player_top,651.1866455078125,239.67306518554688,634.8042602539062,160.0291290283203,667.569091796875,239.67306518554688,0.8285122513771057
game8/Clip3,367,1,player_bottom,678.319091796875,665.2361450195312,643.4850463867188,531.9369506835938,713.1531372070312,665.2361450195312,0.8857190608978271
game8/Clip3,367,2,player_top,650.2601318359375,239.8912811279297,633.806396484375,158.38717651367188,666.7139282226562,239.8912811279297,0.8222447037696838
game8/Clip3,368,1,player_bottom,677.752685546875,665.09228515625,643.1536865234375,530.6220703125,712.3517456054688,665.09228515625,0.8877724409103394
game8/Clip3,368,2,player_top,649.3198852539062,240.48399353027344,632.7884521484375,157.10768127441406,665.851318359375,240.48399353027344,0.8184847235679626
game8/Clip3,369,1,player_bottom,676.3505859375,665.0025634765625,642.0448608398438,529.4767456054688,710.6563110351562,665.0025634765625,0.8839254379272461
game8/Clip3,369,2,player_top,648.8577880859375,241.40203857421875,632.3417358398438,156.5689239501953,665.3739013671875,241.40203857421875,0.8268147706985474
game8/Clip3,370,1,player_bottom,673.981689453125,664.8619995117188,640.0111694335938,528.1090087890625,707.9522705078125,664.8619995117188,0.879688024520874
game8/Clip3,370,2,player_top,648.6357421875,242.9849395751953,632.0919799804688,156.3488311767578,665.1795043945312,242.9849395751953,0.8248983025550842
game8/Clip3,371,1,player_bottom,674.59716796875,664.94677734375,640.6712646484375,526.98876953125,708.5230712890625,664.94677734375,0.8719133734703064
game8/Clip3,371,2,player_top,648.3375244140625,244.1939697265625,631.9131469726562,156.5039520263672,664.761962890625,244.1939697265625,0.8164029717445374
game8/Clip3,372,1,player_bottom,673.8040771484375,664.9472045898438,639.79296875,525.51171875,707.8152465820312,664.9472045898438,0.8577874302864075
game8/Clip3,372,2,player_top,648.1380615234375,245.40374755859375,631.848876953125,157.04270935058594,664.4271850585938,245.40374755859375,0.8249253630638123
game8/Clip3,373,1,player_bottom,673.2735595703125,665.1835327148438,639.1871948242188,524.147705078125,707.3599853515625,665.1835327148438,0.8824914693832397
game8/Clip3,373,2,player_top,648.0810546875,246.54502868652344,631.9938354492188,157.83544921875,664.1682739257812,246.54502868652344,0.8236767053604126
game8/Clip3,374,1,player_bottom,673.518310546875,665.0165405273438,639.3483276367188,522.9769897460938,707.688232421875,665.0165405273438,0.8880106806755066
game8/Clip3,374,2,player_top,648.0360107421875,247.04049682617188,632.1583862304688,158.35157775878906,663.9136352539062,247.04049682617188,0.8362191915512085
game8/Clip3,375,1,player_bottom,673.6671752929688,664.6646728515625,639.507568359375,522.3372802734375,707.8267822265625,664.6646728515625,0.8786826133728027
game8/Clip3,375,2,player_top,648.0675048828125,247.3137664794922,632.4628295898438,159.05242919921875,663.6722412109375,247.3137664794922,0.8237437605857849
game8/Clip3,376,1,player_bottom,674.1880493164062,663.4988403320312,640.1349487304688,522.2110595703125,708.2411499023438,663.4988403320312,0.8744339346885681
game8/Clip3,376,2,player_top,647.9041748046875,247.4473876953125,632.4617309570312,159.00547790527344,663.3465576171875,247.4473876953125,0.8179616332054138
game8/Clip3,377,1,player_bottom,674.5912475585938,662.48486328125,640.5281372070312,522.1819458007812,708.6543579101562,662.48486328125,0.8873163461685181
game8/Clip3,377,2,player_top,647.5379638671875,247.45721435546875,632.0857543945312,157.99806213378906,662.990234375,247.45721435546875,0.8284519910812378
game8/Clip3,378,1,player_bottom,674.668212890625,661.4719848632812,640.5985717773438,522.0936889648438,708.7378540039062,661.4719848632812,0.8864552974700928
game8/Clip3,378,2,player_top,647.1143188476562,247.65589904785156,631.6383056640625,157.37196350097656,662.59033203125,247.65589904785156,0.8311289548873901
game8/Clip3,379,1,player_bottom,674.6998901367188,660.9381103515625,640.5489501953125,522.1762084960938,708.850830078125,660.9381103515625,0.8760881423950195
game8/Clip3,379,2,player_top,646.56005859375,248.27099609375,631.0703735351562,157.3656768798828,662.0497436523438,248.27099609375,0.8174934983253479
game8/Clip3,380,1,player_bottom,674.2086181640625,660.6796875,639.9010009765625,521.8619384765625,708.5162353515625,660.6796875,0.8833063840866089
game8/Clip3,380,2,player_top,645.9364013671875,248.90789794921875,630.4288330078125,157.35348510742188,661.4440307617188,248.90789794921875,0.8008596897125244
game8/Clip3,381,1,player_bottom,673.395263671875,660.4899291992188,638.9861450195312,521.2528686523438,707.804443359375,660.4899291992188,0.8837570548057556
game8/Clip3,381,2,player_top,645.3414306640625,249.30300903320312,629.9509887695312,158.0198974609375,660.7318725585938,249.30300903320312,0.7987280488014221
game8/Clip3,382,1,player_bottom,672.2916259765625,660.4218139648438,638.047607421875,521.1915893554688,706.53564453125,660.4218139648438,0.8823052644729614
game8/Clip3,382,2,player_top,644.8309326171875,249.6032257080078,629.56787109375,158.67074584960938,660.0940551757812,249.6032257080078,0.7943853735923767
game8/Clip3,383,1,player_bottom,671.3658447265625,660.41748046875,637.2921142578125,521.2576293945312,705.4395141601562,660.41748046875,0.8603533506393433
game8/Clip3,383,2,player_top,644.62890625,249.44427490234375,629.799072265625,160.43917846679688,659.4586791992188,249.44427490234375,0.7788019776344299
game8/Clip3,384,1,player_bottom,669.5075073242188,660.4310913085938,635.764404296875,521.1547241210938,703.2506103515625,660.4310913085938,0.8828797936439514
game8/Clip3,384,2,player_top,644.0863647460938,249.228759765625,629.599365234375,161.58360290527344,658.5733642578125,249.228759765625,0.750353991985321
game8/Clip3,385,1,player_bottom,665.875732421875,660.3092651367188,632.5286254882812,521.5326538085938,699.2227783203125,660.3092651367188,0.8880864381790161
game8/Clip3,385,2,player_top,643.8211669921875,249.06613159179688,629.4644165039062,161.6123504638672,658.1779174804688,249.06613159179688,0.7450827360153198
game8/Clip3,386,1,player_bottom,660.8579711914062,660.197265625,627.8411254882812,521.4247436523438,693.8748168945312,660.197265625,0.881677508354187
game8/Clip3,386,2,player_top,643.402099609375,249.22007751464844,629.109375,161.6319580078125,657.6947631835938,249.22007751464844,0.7616730332374573
game8/Clip3,387,1,player_bottom,655.8023071289062,660.5652465820312,623.1102294921875,522.04150390625,688.494384765625,660.5652465820312,0.8830752968788147
game8/Clip3,387,2,player_top,642.9677124023438,249.42892456054688,628.6380615234375,161.3271942138672,657.29736328125,249.42892456054688,0.7731491327285767
game8/Clip3,388,1,player_bottom,652.2138671875,660.3658447265625,619.8784790039062,521.8829345703125,684.5492553710938,660.3658447265625,0.8786382675170898
game8/Clip3,388,2,player_top,642.746826171875,249.7112579345703,628.36669921875,161.03501892089844,657.1268920898438,249.7112579345703,0.771992564201355
game8/Clip3,389,1,player_bottom,651.2377319335938,660.1331176757812,619.41064453125,522.3346557617188,683.0648193359375,660.1331176757812,0.8555114269256592
game8/Clip3,389,2,player_top,642.5753173828125,250.1949920654297,628.0506591796875,160.46290588378906,657.1000366210938,250.1949920654297,0.7751387357711792
game8/Clip3,390,1,player_bottom,649.2572021484375,660.2198486328125,617.596923828125,522.7301635742188,680.91748046875,660.2198486328125,0.8709527850151062
game8/Clip3,390,2,player_top,642.98974609375,250.68568420410156,628.4163208007812,160.1922607421875,657.563232421875,250.68568420410156,0.7839122414588928
game8/Clip3,391,1,player_bottom,648.0594482421875,659.41796875,616.6021118164062,522.8285522460938,679.516845703125,659.41796875,0.8707934021949768
game8/Clip3,391,2,player_top,642.855224609375,251.22254943847656,628.2669677734375,160.40725708007812,657.4434814453125,251.22254943847656,0.7855591177940369
game8/Clip3,392,1,player_bottom,647.46728515625,658.4198608398438,616.346435546875,523.3971557617188,678.5880737304688,658.4198608398438,0.8911557793617249
game8/Clip3,392,2,player_top,643.1371459960938,251.66700744628906,628.68212890625,161.328857421875,657.5921630859375,251.66700744628906,0.7703330516815186
game8/Clip3,393,1,player_bottom,646.9622802734375,657.31103515625,616.0009765625,523.1743774414062,677.9236450195312,657.31103515625,0.8920097947120667
game8/Clip3,393,2,player_top,643.141845703125,251.82640075683594,628.749267578125,161.82371520996094,657.5343627929688,251.82640075683594,0.769488513469696
game8/Clip3,394,1,player_bottom,646.8182373046875,656.271728515625,615.8514404296875,522.7106323242188,677.7850341796875,656.271728515625,0.8945556282997131
game8/Clip3,394,2,player_top,643.625,252.10775756835938,629.29150390625,162.20614624023438,657.9584350585938,252.10775756835938,0.7554190754890442
game8/Clip3,395,1,player_bottom,645.308349609375,654.8085327148438,614.5797729492188,522.7359619140625,676.0369873046875,654.8085327148438,0.8928686380386353
game8/Clip3,395,2,player_top,643.61181640625,252.30517578125,629.2898559570312,162.5509033203125,657.9337158203125,252.30517578125,0.780646800994873
game8/Clip3,396,1,player_bottom,642.5299072265625,654.0670166015625,611.9457397460938,522.7166748046875,673.1141357421875,654.0670166015625,0.8912369012832642
game8/Clip3,396,2,player_top,644.052978515625,252.5803985595703,629.7353515625,162.72862243652344,658.37060546875,252.5803985595703,0.7998489141464233
game8/Clip3,397,1,player_bottom,637.888671875,653.7958984375,607.5029296875,522.231689453125,668.2743530273438,653.7958984375,0.8920449018478394
game8/Clip3,397,2,player_top,644.8165893554688,252.60609436035156,630.5189208984375,162.71334838867188,659.1142578125,252.60609436035156,0.7889395356178284
game8/Clip3,398,1,player_bottom,633.3538208007812,653.8507690429688,603.2887573242188,521.8786010742188,663.4188842773438,653.8507690429688,0.883404552936554
game8/Clip3,398,2,player_top,646.7430419921875,252.59634399414062,632.4226684570312,162.40048217773438,661.0634155273438,252.59634399414062,0.78923499584198
game8/Clip3,399,1,player_bottom,629.1966552734375,653.925537109375,599.6988525390625,522.1541748046875,658.6944580078125,653.925537109375,0.8675751686096191
game8/Clip3,399,2,player_top,648.2899169921875,252.527587890625,634.006103515625,162.3158416748047,662.5737915039062,252.527587890625,0.8026390671730042
game8/Clip3,400,1,player_bottom,625.923828125,653.9576416015625,596.9537353515625,522.25244140625,654.8939208984375,653.9576416015625,0.8781002163887024
game8/Clip3,400,2,player_top,649.3892822265625,252.70068359375,635.1677856445312,162.43255615234375,663.6107788085938,252.70068359375,0.7984674572944641
game8/Clip3,401,1,player_bottom,624.0488891601562,653.8173828125,595.4345092773438,522.1072998046875,652.6632690429688,653.8173828125,0.8703057169914246
game8/Clip3,401,2,player_top,650.457763671875,252.6962432861328,636.2927856445312,162.46702575683594,664.622802734375,252.6962432861328,0.8056803941726685
game8/Clip3,402,1,player_bottom,621.6792602539062,653.693359375,593.367919921875,521.8377685546875,649.9906005859375,653.693359375,0.8553803563117981
game8/Clip3,402,2,player_top,650.9765625,252.67596435546875,636.87939453125,162.73297119140625,665.0736694335938,252.67596435546875,0.8108618259429932
game8/Clip3,403,1,player_bottom,619.8389282226562,653.6486206054688,591.6989135742188,521.3707275390625,647.9789428710938,653.6486206054688,0.8529829382896423
game8/Clip3,403,2,player_top,651.5777587890625,252.79214477539062,637.4637451171875,162.75987243652344,665.6917724609375,252.79214477539062,0.8238984942436218
game8/Clip3,404,1,player_bottom,617.75,653.937255859375,589.6275024414062,521.1972045898438,645.8724975585938,653.937255859375,0.8579477071762085
game8/Clip3,404,2,player_top,652.0189208984375,252.76817321777344,637.9121704101562,162.89610290527344,666.125732421875,252.76817321777344,0.8229461908340454
game8/Clip3,405,1,player_bottom,615.4005126953125,653.545654296875,587.3231201171875,521.1602783203125,643.4778442382812,653.545654296875,0.8679372072219849
game8/Clip3,405,2,player_top,652.6528930664062,252.74269104003906,638.5061645507812,162.9340057373047,666.7996215820312,252.74269104003906,0.8146069645881653
game8/Clip3,406,1,player_bottom,612.6510009765625,653.2830200195312,584.4591674804688,520.6930541992188,640.8428955078125,653.2830200195312,0.8431313633918762
game8/Clip3,406,2,player_top,653.8525390625,252.73455810546875,639.54443359375,162.4700164794922,668.1605834960938,252.73455810546875,0.824759304523468
game8/Clip3,407,1,player_bottom,611.081787109375,653.0288696289062,582.859130859375,520.6790771484375,639.304443359375,653.0288696289062,0.8501388430595398
game8/Clip3,407,2,player_top,655.0150756835938,252.74244689941406,640.51904296875,162.0224151611328,669.5111083984375,252.74244689941406,0.8242055773735046
game8/Clip3,408,1,player_bottom,609.7720947265625,652.7067260742188,581.4539184570312,520.1435546875,638.0902099609375,652.7067260742188,0.8577503561973572
game8/Clip3,408,2,player_top,655.809326171875,252.75146484375,641.1461791992188,161.91639709472656,670.472412109375,252.75146484375,0.8393415808677673
game8/Clip3,409,1,player_bottom,607.506591796875,652.8636474609375,579.1621704101562,519.3667602539062,635.85107421875,652.8636474609375,0.7972532510757446
game8/Clip3,409,2,player_top,656.2589111328125,252.79696655273438,641.5118408203125,162.25389099121094,671.0060424804688,252.79696655273438,0.8316583633422852
game8/Clip3,410,1,player_bottom,605.4359130859375,652.3509521484375,577.3028564453125,518.5059204101562,633.5689697265625,652.3509521484375,0.8409608602523804
game8/Clip3,410,2,player_top,656.50146484375,252.80751037597656,641.66796875,162.3732452392578,671.3348999023438,252.80751037597656,0.8369544148445129
game8/Clip3,411,1,player_bottom,603.10302734375,651.2526245117188,575.4020385742188,517.7265625,630.803955078125,651.2526245117188,0.8409811854362488
game8/Clip3,411,2,player_top,657.114501953125,252.89698791503906,642.0933227539062,162.09434509277344,672.1356811523438,252.89698791503906,0.8444267511367798
game8/Clip3,412,1,player_bottom,598.0233154296875,651.0752563476562,570.88134765625,516.9661865234375,625.1652221679688,651.0752563476562,0.867186963558197
game8/Clip3,412,2,player_top,657.4910888671875,252.87879943847656,642.2894897460938,161.6970977783203,672.6927490234375,252.87879943847656,0.8268739581108093
game8/Clip4,0,31,player_bottom,685.526123046875,629.0545654296875,659.6356201171875,494.7406921386719,711.4165649414062,629.0545654296875,0.8584745526313782
game8/Clip4,0,30,player_top,477.18902587890625,253.08277893066406,451.82989501953125,184.4307098388672,502.54815673828125,253.08277893066406,0.8753822445869446
game8/Clip4,1,31,player_bottom,685.526123046875,629.0545654296875,659.6356201171875,494.7406921386719,711.4165649414062,629.0545654296875,0.8584745526313782
game8/Clip4,1,30,player_top,477.18902587890625,253.08277893066406,451.82989501953125,184.4307098388672,502.54815673828125,253.08277893066406,0.8753822445869446
game8/Clip4,2,31,player_bottom,686.2689208984375,629.0255737304688,660.47802734375,495.314208984375,712.059814453125,629.0255737304688,0.8645080924034119
game8/Clip4,2,30,player_top,477.1759033203125,253.0938720703125,451.74078369140625,184.2190704345703,502.6109924316406,253.0938720703125,0.8754400014877319
game8/Clip4,3,31,player_bottom,687.8885498046875,629.0602416992188,661.7246704101562,493.6929626464844,714.0524291992188,629.0602416992188,0.8393800258636475
game8/Clip4,3,30,player_top,477.12969970703125,253.02005004882812,451.65850830078125,184.03677368164062,502.60089111328125,253.02005004882812,0.8744770884513855
game8/Clip4,4,31,player_bottom,689.2540283203125,628.7423095703125,663.4072875976562,495.77099609375,715.100830078125,628.7423095703125,0.8861660361289978
game8/Clip4,4,30,player_top,477.14959716796875,253.02078247070312,451.67193603515625,184.0030059814453,502.62725830078125,253.02078247070312,0.874298095703125
game8/Clip4,5,31,player_bottom,691.4541015625,628.3782348632812,665.5974731445312,496.21630859375,717.3106689453125,628.3782348632812,0.8600611090660095
game8/Clip4,5,30,player_top,477.20062255859375,252.99708557128906,451.6609191894531,183.76368713378906,502.7403259277344,252.99708557128906,0.8723179697990417
game8/Clip4,6,31,player_bottom,694.0005493164062,626.9826049804688,668.6861572265625,498.6402893066406,719.31494140625,626.9826049804688,0.884719967842102
game8/Clip4,6,30,player_top,477.27130126953125,253.0503692626953,451.58984375,183.33277893066406,502.9527282714844,253.0503692626953,0.8794256448745728
game8/Clip4,7,31,player_bottom,695.3853759765625,625.7394409179688,669.996337890625,498.2764892578125,720.7743530273438,625.7394409179688,0.8261181116104126
game8/Clip4,7,30,player_top,477.366455078125,252.9002227783203,451.6293640136719,182.877685546875,503.103515625,252.9002227783203,0.8795346021652222
game8/Clip4,8,31,player_bottom,696.061767578125,624.07470703125,670.494140625,497.1927185058594,721.6294555664062,624.07470703125,0.8783543109893799
game8/Clip4,8,30,player_top,477.4185791015625,252.8277587890625,451.5043640136719,182.07623291015625,503.33282470703125,252.8277587890625,0.8818962574005127
game8/Clip4,9,31,player_bottom,696.6483154296875,622.6652221679688,670.6212768554688,495.4197082519531,722.67529296875,622.6652221679688,0.8624581694602966
game8/Clip4,9,30,player_top,477.41278076171875,252.9246826171875,451.23638916015625,181.19699096679688,503.58917236328125,252.9246826171875,0.8886286020278931
game8/Clip4,10,31,player_bottom,696.9775390625,620.9054565429688,670.9546508789062,495.9444580078125,723.0004272460938,620.9054565429688,0.8422735333442688
game8/Clip4,10,30,player_top,477.5223693847656,252.98080444335938,451.01580810546875,179.92864990234375,504.0289306640625,252.98080444335938,0.88774174451828
game8/Clip4,11,31,player_bottom,697.6798095703125,618.3888549804688,671.4650268554688,495.0423889160156,723.8946533203125,618.3888549804688,0.8261803984642029
game8/Clip4,11,30,player_top,477.6355895996094,253.10227966308594,450.7815856933594,178.44761657714844,504.4895935058594,253.10227966308594,0.8649588823318481
game8/Clip4,12,31,player_bottom,698.5045166015625,617.2546997070312,671.7269287109375,493.9045104980469,725.2821655273438,617.2546997070312,0.7465869188308716
game8/Clip4,12,30,player_top,478.30718994140625,253.05807495117188,450.9342041015625,175.92161560058594,505.68017578125,253.05807495117188,0.8644802570343018
game8/Clip4,13,31,player_bottom,699.406005859375,616.8543701171875,673.5635986328125,501.37921142578125,725.2484130859375,616.8543701171875,0.8771951794624329
game8/Clip4,13,30,player_top,481.12762451171875,252.8712921142578,454.0478210449219,174.7025909423828,508.2073974609375,252.8712921142578,0.8188512921333313
game8/Clip4,14,31,player_bottom,700.191162109375,616.8289184570312,670.0568237304688,482.7167663574219,730.325439453125,616.8289184570312,0.6646580696105957
game8/Clip4,14,30,player_top,484.9346923828125,252.96131896972656,458.5706481933594,174.2980499267578,511.29876708984375,252.96131896972656,0.8037147521972656
game8/Clip4,15,31,player_bottom,699.760986328125,616.72265625,667.7858276367188,474.8659973144531,731.736083984375,616.72265625,0.5741366744041443
game8/Clip4,15,30,player_top,489.7895812988281,252.1077117919922,464.95941162109375,174.65243530273438,514.6197509765625,252.1077117919922,0.7795905470848083
game8/Clip4,16,31,player_bottom,696.6737060546875,616.6727905273438,663.8837890625,473.1987609863281,729.4635620117188,616.6727905273438,0.5686647295951843
game8/Clip4,16,30,player_top,493.35009765625,249.89480590820312,470.08282470703125,174.52647399902344,516.6173706054688,249.89480590820312,0.7983362078666687
game8/Clip4,17,31,player_bottom,696.0440673828125,616.8104248046875,665.7815551757812,486.6016540527344,726.306640625,616.8104248046875,0.7160369753837585
game8/Clip4,17,30,player_top,496.5758056640625,251.4199676513672,473.7243957519531,174.79861450195312,519.42724609375,251.4199676513672,0.8459491729736328
game8/Clip4,18,31,player_bottom,695.8662109375,616.7949829101562,666.73095703125,491.1236877441406,725.0015258789062,616.7949829101562,0.8796141147613525
game8/Clip4,18,30,player_top,500.13531494140625,251.89869689941406,477.71051025390625,175.17535400390625,522.5601196289062,251.89869689941406,0.803990364074707
game8/Clip4,19,31,player_bottom,695.027587890625,612.9598999023438,666.5008544921875,490.251953125,723.5543212890625,612.9598999023438,0.873816967010498
game8/Clip4,19,30,player_top,504.5470275878906,252.0753173828125,482.1553955078125,175.52926635742188,526.9386596679688,252.0753173828125,0.8429402112960815
game8/Clip4,20,31,player_bottom,697.3814697265625,610.0587158203125,667.626220703125,482.4468078613281,727.1367797851562,610.0587158203125,0.8174265027046204
game8/Clip4,20,30,player_top,506.3645935058594,252.1187286376953,484.00909423828125,175.6632080078125,528.7200927734375,252.1187286376953,0.8494042754173279
game8/Clip4,21,31,player_bottom,700.77001953125,603.7347412109375,669.208251953125,469.4903869628906,732.3318481445312,603.7347412109375,0.8516485691070557
game8/Clip4,21,30,player_top,507.3531494140625,252.14271545410156,484.81707763671875,175.2069854736328,529.8892211914062,252.14271545410156,0.8692381381988525
game8/Clip4,22,31,player_bottom,704.28076171875,599.5704956054688,670.3511962890625,456.2597961425781,738.2102661132812,599.5704956054688,0.879371166229248
game8/Clip4,22,30,player_top,508.474365234375,252.46920776367188,485.88079833984375,175.19187927246094,531.0679321289062,252.46920776367188,0.8624988794326782
game8/Clip4,23,31,player_bottom,707.6279296875,596.5255737304688,673.975341796875,457.28131103515625,741.280517578125,596.5255737304688,0.8657297492027283
game8/Clip4,23,30,player_top,510.04718017578125,252.222900390625,487.6894226074219,175.1619873046875,532.4049072265625,252.222900390625,0.8366847634315491
game8/Clip4,24,31,player_bottom,710.0618896484375,593.7166137695312,676.91259765625,460.6558532714844,743.2112426757812,593.7166137695312,0.9131596684455872
game8/Clip4,24,30,player_top,512.81689453125,251.2841339111328,490.86669921875,175.17779541015625,534.76708984375,251.2841339111328,0.84823077917099
game8/Clip4,25,31,player_bottom,711.5096435546875,594.131103515625,680.1271362304688,473.97320556640625,742.8922119140625,594.131103515625,0.9028971791267395
game8/Clip4,25,30,player_top,516.193359375,250.52767944335938,494.60784912109375,175.56825256347656,537.7788696289062,250.52767944335938,0.8734848499298096
game8/Clip4,26,31,player_bottom,711.1358642578125,596.2902221679688,680.0267944335938,481.90960693359375,742.244873046875,596.2902221679688,0.9123684167861938
game8/Clip4,26,30,player_top,519.4539184570312,250.07809448242188,497.9500427246094,176.30287170410156,540.957763671875,250.07809448242188,0.8586283922195435
game8/Clip4,27,31,player_bottom,709.52685546875,598.0906982421875,678.295654296875,486.9681701660156,740.758056640625,598.0906982421875,0.904289186000824
game8/Clip4,27,30,player_top,522.7788696289062,250.49337768554688,500.9109802246094,177.20069885253906,544.6467895507812,250.49337768554688,0.8580995798110962
game8/Clip4,28,31,player_bottom,706.01513671875,598.6249389648438,674.94189453125,491.50927734375,737.0883178710938,598.6249389648438,0.8841996192932129
game8/Clip4,28,30,player_top,525.1632080078125,250.6446075439453,502.92572021484375,178.28836059570312,547.400634765625,250.6446075439453,0.8805700540542603
game8/Clip4,29,31,player_bottom,702.10791015625,598.6258544921875,671.246337890625,494.5922546386719,732.969482421875,598.6258544921875,0.8808372616767883
game8/Clip4,29,30,player_top,526.657958984375,250.78707885742188,503.835205078125,178.80844116210938,549.4806518554688,250.78707885742188,0.8931964635848999
game8/Clip4,30,31,player_bottom,696.13720703125,598.8067016601562,665.11669921875,496.12939453125,727.1576538085938,598.8067016601562,0.8685472011566162
game8/Clip4,30,30,player_top,527.073486328125,250.9661102294922,503.5933532714844,178.86825561523438,550.5535888671875,250.9661102294922,0.8913525342941284
game8/Clip4,31,31,player_bottom,691.8229370117188,598.7474975585938,660.5134887695312,496.1136779785156,723.1323852539062,598.7474975585938,0.8332985043525696
game8/Clip4,31,30,player_top,527.7174072265625,251.0152130126953,503.61358642578125,178.86940002441406,551.8212280273438,251.0152130126953,0.8924781084060669
game8/Clip4,32,31,player_bottom,687.685546875,598.659912109375,655.8577270507812,494.7937927246094,719.5133666992188,598.659912109375,0.8695616126060486
game8/Clip4,32,30,player_top,529.667724609375,250.90016174316406,505.24261474609375,178.63099670410156,554.0928344726562,250.90016174316406,0.8810059428215027
game8/Clip4,33,31,player_bottom,685.737060546875,598.7171630859375,653.7205200195312,493.4617919921875,717.753662109375,598.7171630859375,0.8562069535255432
game8/Clip4,33,30,player_top,532.4138793945312,250.80699157714844,507.8489074707031,177.80491638183594,556.9788818359375,250.80699157714844,0.8607665300369263
game8/Clip4,34,31,player_bottom,683.4483642578125,598.870361328125,651.2433471679688,491.4657287597656,715.6533813476562,598.870361328125,0.8610301613807678
game8/Clip4,34,30,player_top,534.7644653320312,250.78854370117188,510.1765441894531,177.13858032226562,559.3523559570312,250.78854370117188,0.830483615398407
game8/Clip4,35,31,player_bottom,683.0211181640625,598.96875,651.061279296875,490.4143371582031,714.98095703125,598.96875,0.8468692302703857
game8/Clip4,35,30,player_top,536.0337524414062,251.04757690429688,511.2736511230469,176.639404296875,560.7938232421875,251.04757690429688,0.7842525839805603
game8/Clip4,36,31,player_bottom,683.8223266601562,600.8873901367188,651.990966796875,490.0621337890625,715.6536865234375,600.8873901367188,0.8095947504043579
game8/Clip4,36,30,player_top,535.9370727539062,250.88319396972656,510.7130432128906,176.31710815429688,561.1610717773438,250.88319396972656,0.8300462365150452
game8/Clip4,37,31,player_bottom,685.7332763671875,603.00927734375,654.4483642578125,490.32623291015625,717.0181274414062,603.00927734375,0.833998441696167
game8/Clip4,37,30,player_top,537.0426025390625,250.54490661621094,511.1888122558594,175.92051696777344,562.8963623046875,250.54490661621094,0.8221388459205627
game8/Clip4,38,31,player_bottom,686.771484375,606.2620239257812,655.8228149414062,491.2225646972656,717.72021484375,606.2620239257812,0.8622083067893982
game8/Clip4,38,30,player_top,540.4688720703125,251.37234497070312,514.005859375,176.31297302246094,566.9318237304688,251.37234497070312,0.8146259188652039
game8/Clip4,39,31,player_bottom,686.9603271484375,609.3923950195312,656.317626953125,493.09228515625,717.60302734375,609.3923950195312,0.8620633482933044
game8/Clip4,39,30,player_top,543.191650390625,253.33770751953125,515.39501953125,175.4657745361328,570.9882202148438,253.33770751953125,0.8547396659851074
game8/Clip4,40,31,player_bottom,686.6756591796875,612.461669921875,656.1634521484375,494.9195556640625,717.1878662109375,612.461669921875,0.8716560006141663
game8/Clip4,40,30,player_top,548.1810302734375,254.32044982910156,520.2964477539062,175.395263671875,576.065673828125,254.32044982910156,0.8560769557952881
game8/Clip4,41,31,player_bottom,686.0489501953125,615.1924438476562,655.4229736328125,495.6907653808594,716.6749877929688,615.1924438476562,0.8538111448287964
game8/Clip4,41,30,player_top,552.1246337890625,255.15663146972656,524.0280151367188,173.98036193847656,580.2213134765625,255.15663146972656,0.8690692186355591
game8/Clip4,42,31,player_bottom,685.9033813476562,617.6400756835938,655.1695556640625,496.06951904296875,716.63720703125,617.6400756835938,0.8599624037742615
game8/Clip4,42,30,player_top,553.6182250976562,255.2707977294922,525.5325927734375,172.54115295410156,581.703857421875,255.2707977294922,0.8430699110031128
game8/Clip4,43,31,player_bottom,685.0451049804688,619.1729736328125,654.1802368164062,495.6518249511719,715.9099731445312,619.1729736328125,0.8579999208450317
game8/Clip4,43,30,player_top,553.8369140625,255.35089111328125,525.910888671875,171.69715881347656,581.762939453125,255.35089111328125,0.8587647080421448
game8/Clip4,44,31,player_bottom,685.6712646484375,620.83935546875,654.5590209960938,494.6127014160156,716.7835693359375,620.83935546875,0.8383838534355164
game8/Clip4,44,30,player_top,551.4232177734375,254.99708557128906,522.8316650390625,168.85304260253906,580.0148315429688,254.99708557128906,0.8685826659202576
game8/Clip4,45,31,player_bottom,685.7904663085938,621.2141723632812,654.7196655273438,493.8846435546875,716.8612670898438,621.2141723632812,0.846817135810852
game8/Clip4,45,30,player_top,548.5443115234375,254.7519989013672,519.17626953125,166.41046142578125,577.9124145507812,254.7519989013672,0.8865170478820801
game8/Clip4,46,31,player_bottom,686.1456909179688,621.3995361328125,655.25439453125,493.3623046875,717.0369873046875,621.3995361328125,0.8454357385635376
game8/Clip4,46,30,player_top,548.1442260742188,254.30865478515625,518.5938110351562,165.16668701171875,577.6946411132812,254.30865478515625,0.8731644749641418
game8/Clip4,47,31,player_bottom,685.9058837890625,622.5278930664062,654.8858032226562,493.0578308105469,716.926025390625,622.5278930664062,0.8808010220527649
game8/Clip4,47,30,player_top,551.373046875,250.63229370117188,523.412353515625,165.1841278076172,579.333740234375,250.63229370117188,0.8582937121391296
game8/Clip4,48,31,player_bottom,686.1728515625,622.8743896484375,655.2922973632812,493.7237243652344,717.0534057617188,622.8743896484375,0.8853205442428589
game8/Clip4,48,30,player_top,555.0302734375,249.05300903320312,527.8973999023438,165.44435119628906,582.1632080078125,249.05300903320312,0.877715528011322
game8/Clip4,49,31,player_bottom,688.2684326171875,625.8366088867188,657.0798950195312,496.675537109375,719.45703125,625.8366088867188,0.9052406549453735
game8/Clip4,49,30,player_top,557.0180053710938,248.6049041748047,530.3753051757812,166.51841735839844,583.6607055664062,248.6049041748047,0.8763695955276489
game8/Clip4,50,31,player_bottom,690.541259765625,630.0181274414062,658.7679443359375,501.1366882324219,722.3146362304688,630.0181274414062,0.9051307439804077
game8/Clip4,50,30,player_top,558.8106079101562,249.09242248535156,532.4248657226562,168.195068359375,585.1963500976562,249.09242248535156,0.886189341545105
game8/Clip4,51,31,player_bottom,692.55224609375,633.2535400390625,660.4213256835938,507.06390380859375,724.68310546875,633.2535400390625,0.8950577974319458
game8/Clip4,51,30,player_top,561.1447143554688,252.27313232421875,534.1700439453125,170.36831665039062,588.119384765625,252.27313232421875,0.8828456997871399
game8/Clip4,52,31,player_bottom,693.44384765625,635.57177734375,661.2163696289062,512.9700317382812,725.67138671875,635.57177734375,0.8996334671974182
game8/Clip4,52,30,player_top,562.21630859375,253.37245178222656,535.3299560546875,172.89065551757812,589.1026611328125,253.37245178222656,0.8811405897140503
game8/Clip4,53,31,player_bottom,694.646728515625,637.5192260742188,662.3709106445312,518.0523681640625,726.9224853515625,637.5192260742188,0.8993313908576965
game8/Clip4,53,30,player_top,562.5013427734375,253.72718811035156,535.9243774414062,175.44656372070312,589.0783081054688,253.72718811035156,0.888602077960968
game8/Clip4,54,31,player_bottom,696.0537719726562,638.6398315429688,663.6779174804688,521.2745361328125,728.4296264648438,638.6398315429688,0.8957558870315552
game8/Clip4,54,30,player_top,562.3033447265625,253.83193969726562,535.8515014648438,177.0489959716797,588.7551879882812,253.83193969726562,0.8871861696243286
game8/Clip4,55,31,player_bottom,695.7662353515625,640.5984497070312,662.3776245117188,521.9122314453125,729.1548461914062,640.5984497070312,0.8944013118743896
game8/Clip4,55,30,player_top,562.209228515625,253.83230590820312,535.5022583007812,177.23764038085938,588.916259765625,253.83230590820312,0.8883773684501648
game8/Clip4,56,31,player_bottom,692.8937377929688,643.6658325195312,657.5588989257812,520.891845703125,728.2285766601562,643.6658325195312,0.8559396266937256
game8/Clip4,56,30,player_top,562.3120727539062,253.56698608398438,535.2199096679688,176.5623779296875,589.4042358398438,253.56698608398438,0.8919798135757446
game8/Clip4,57,31,player_bottom,687.913818359375,645.6891479492188,651.423583984375,520.8689575195312,724.4039916992188,645.6891479492188,0.8495180010795593
game8/Clip4,57,30,player_top,563.3248901367188,253.06417846679688,536.0269775390625,175.7567138671875,590.622802734375,253.06417846679688,0.8828309178352356
game8/Clip4,58,31,player_bottom,674.3736572265625,646.629150390625,638.2600708007812,521.6423950195312,710.4872436523438,646.629150390625,0.8236807584762573
game8/Clip4,58,30,player_top,566.7127685546875,252.39303588867188,539.7740478515625,175.61936950683594,593.6514282226562,252.39303588867188,0.8590441942214966
game8/Clip4,59,31,player_bottom,662.7203369140625,647.0650634765625,626.2243041992188,522.0093994140625,699.2164306640625,647.0650634765625,0.8220816254615784
game8/Clip4,59,30,player_top,574.1741943359375,251.80596923828125,547.986083984375,174.9177703857422,600.3623657226562,251.80596923828125,0.7989317178726196
game8/Clip4,60,31,player_bottom,658.4222412109375,647.5435180664062,621.7583618164062,522.5309448242188,695.0861206054688,647.5435180664062,0.8205223083496094
game8/Clip4,60,30,player_top,580.901123046875,251.2406005859375,555.8792114257812,174.57095336914062,605.9230346679688,251.2406005859375,0.7890602350234985
game8/Clip4,61,31,player_bottom,653.6094360351562,645.9205322265625,617.1218872070312,522.5494995117188,690.0969848632812,645.9205322265625,0.8888335824012756
game8/Clip4,61,30,player_top,586.9493408203125,251.65414428710938,562.8880004882812,174.31210327148438,611.0107421875,251.65414428710938,0.773430347442627
game8/Clip4,62,31,player_bottom,647.2301025390625,643.2171020507812,611.2686767578125,522.71728515625,683.1915283203125,643.2171020507812,0.8893113732337952
game8/Clip4,62,30,player_top,592.035400390625,252.5251007080078,568.7915649414062,174.45289611816406,615.279296875,252.5251007080078,0.7397807836532593
game8/Clip4,63,31,player_bottom,634.8101806640625,646.8893432617188,597.892578125,523.2828979492188,671.7278442382812,646.8893432617188,0.8054472208023071
game8/Clip4,63,30,player_top,596.6279907226562,253.1771240234375,574.2888793945312,174.7236785888672,618.9671020507812,253.1771240234375,0.7830334305763245
game8/Clip4,64,31,player_bottom,616.2456665039062,648.7408447265625,580.5383911132812,525.5813598632812,651.9529418945312,648.7408447265625,0.8030656576156616
game8/Clip4,64,30,player_top,601.9738159179688,253.5247802734375,580.428466796875,175.4076690673828,623.5191650390625,253.5247802734375,0.7906046509742737
game8/Clip4,65,31,player_bottom,603.8408813476562,649.8921508789062,568.7078857421875,527.9502563476562,638.973876953125,649.8921508789062,0.8654127717018127
game8/Clip4,65,30,player_top,607.806396484375,253.9102020263672,586.5613403320312,175.67111206054688,629.051513671875,253.9102020263672,0.8069725632667542
game8/Clip4,66,31,player_bottom,596.422607421875,653.2282104492188,564.03759765625,543.3057250976562,628.8075561523438,653.2282104492188,0.8413916230201721
game8/Clip4,66,30,player_top,613.08154296875,254.00421142578125,591.7650756835938,175.70919799804688,634.39794921875,254.00421142578125,0.855593740940094
game8/Clip4,67,31,player_bottom,586.255859375,655.6199340820312,550.6205444335938,538.146240234375,621.8911743164062,655.6199340820312,0.8649144172668457
game8/Clip4,67,30,player_top,616.2420043945312,253.88841247558594,594.704345703125,175.2959442138672,637.7796630859375,253.88841247558594,0.8592774271965027
game8/Clip4,68,31,player_bottom,573.364501953125,656.7491455078125,534.8876342773438,536.5612182617188,611.8413696289062,656.7491455078125,0.8909004330635071
game8/Clip4,68,30,player_top,619.5070190429688,253.6537322998047,598.0819702148438,175.3253173828125,640.9320678710938,253.6537322998047,0.8335258364677429
game8/Clip4,69,31,player_bottom,560.7691650390625,658.6030883789062,520.21728515625,538.9033203125,601.3209838867188,658.6030883789062,0.9018542170524597
game8/Clip4,69,30,player_top,623.3309326171875,253.58401489257812,602.2765502929688,174.9578857421875,644.3853149414062,253.58401489257812,0.8135871291160583
game8/Clip4,70,31,player_bottom,551.4442138671875,664.5711669921875,507.7317810058594,540.808837890625,595.1566162109375,664.5711669921875,0.8993158936500549
game8/Clip4,70,30,player_top,627.0223388671875,254.7712860107422,606.5567626953125,176.98387145996094,647.4878540039062,254.7712860107422,0.8091322183609009
game8/Clip4,71,31,player_bottom,543.1363525390625,667.8724975585938,497.95123291015625,543.0381469726562,588.3214111328125,667.8724975585938,0.8948490619659424
game8/Clip4,71,30,player_top,630.183349609375,255.4710693359375,610.1089477539062,178.14508056640625,650.2576904296875,255.4710693359375,0.807836651802063
game8/Clip4,72,31,player_bottom,534.7818603515625,669.0476684570312,489.55108642578125,544.8013916015625,580.0126953125,669.0476684570312,0.9001798629760742
game8/Clip4,72,30,player_top,635.550048828125,255.9013214111328,615.3643798828125,178.42575073242188,655.7356567382812,255.9013214111328,0.8346322178840637
game8/Clip4,73,31,player_bottom,526.0701293945312,669.333740234375,481.2749328613281,545.6097412109375,570.8653564453125,669.333740234375,0.8870505094528198
game8/Clip4,73,30,player_top,641.0560913085938,255.85548400878906,620.620361328125,178.6316375732422,661.4918212890625,255.85548400878906,0.8433587551116943
game8/Clip4,74,31,player_bottom,516.3935546875,669.085205078125,472.674560546875,545.8421630859375,560.1126098632812,669.085205078125,0.8650686740875244
game8/Clip4,74,30,player_top,643.603759765625,255.89295959472656,622.9155883789062,178.57672119140625,664.2918701171875,255.89295959472656,0.846763551235199
game8/Clip4,75,31,player_bottom,507.1101989746094,668.5811157226562,465.08209228515625,545.5983276367188,549.1383056640625,668.5811157226562,0.8657528758049011
game8/Clip4,75,30,player_top,644.7275390625,255.97454833984375,623.798095703125,178.43374633789062,665.6570434570312,255.97454833984375,0.8583329319953918
game8/Clip4,76,31,player_bottom,496.9619140625,668.2100219726562,456.0715637207031,543.5218505859375,537.8522338867188,668.2100219726562,0.8143610954284668
game8/Clip4,76,30,player_top,645.8378295898438,255.61077880859375,624.9950561523438,178.8985137939453,666.6806030273438,255.61077880859375,0.8643398880958557
game8/Clip4,77,31,player_bottom,492.79840087890625,669.5182495117188,452.9833984375,545.5263671875,532.6134033203125,669.5182495117188,0.7758542895317078
game8/Clip4,77,30,player_top,647.998046875,254.71783447265625,627.605224609375,179.47158813476562,668.3908081054688,254.71783447265625,0.8378591537475586
game8/Clip4,78,31,player_bottom,485.194580078125,672.7691650390625,446.01214599609375,546.902587890625,524.3770141601562,672.7691650390625,0.8240015506744385
game8/Clip4,78,30,player_top,651.0389404296875,253.98910522460938,631.1337890625,180.39907836914062,670.9441528320312,253.98910522460938,0.8159521818161011
game8/Clip4,79,31,player_bottom,480.6448059082031,676.2715454101562,440.59161376953125,547.44287109375,520.697998046875,676.2715454101562,0.4057655930519104
game8/Clip4,79,30,player_top,653.8734130859375,253.68247985839844,633.9977416992188,180.753173828125,673.7490844726562,253.68247985839844,0.8445651531219482
game8/Clip4,80,31,player_bottom,473.2904968261719,680.66015625,432.2174072265625,550.2009887695312,514.3635864257812,680.66015625,0.7266704440116882
game8/Clip4,80,30,player_top,657.8673095703125,253.3955841064453,637.456787109375,180.54739379882812,678.2778930664062,253.3955841064453,0.8590618968009949
game8/Clip4,81,31,player_bottom,467.6554870605469,683.635498046875,425.5429992675781,551.72509765625,509.7679748535156,683.635498046875,0.861297607421875
game8/Clip4,81,30,player_top,660.2119140625,253.3730926513672,639.3109130859375,181.2233123779297,681.1128540039062,253.3730926513672,0.867835283279419
game8/Clip4,82,31,player_bottom,465.7867431640625,685.8147583007812,421.90789794921875,549.484619140625,509.6656188964844,685.8147583007812,0.8776535391807556
game8/Clip4,82,30,player_top,661.2186279296875,253.46099853515625,639.6944580078125,181.29112243652344,682.7427368164062,253.46099853515625,0.8767760396003723
game8/Clip4,83,31,player_bottom,463.8995361328125,686.4371337890625,419.7973937988281,550.2025146484375,508.00164794921875,686.4371337890625,0.8588929176330566
game8/Clip4,83,30,player_top,661.7152099609375,253.44749450683594,639.4593505859375,180.55316162109375,683.9710693359375,253.44749450683594,0.876237690448761
game8/Clip4,84,31,player_bottom,462.9033203125,686.710205078125,418.351806640625,549.464599609375,507.4548645019531,686.710205078125,0.8614155650138855
game8/Clip4,84,30,player_top,663.2608642578125,253.3951873779297,640.5054931640625,179.73135375976562,686.0162353515625,253.3951873779297,0.8591467142105103
game8/Clip4,85,31,player_bottom,462.3032531738281,686.4456176757812,417.93731689453125,549.9525756835938,506.669189453125,686.4456176757812,0.8690392971038818
game8/Clip4,85,30,player_top,666.3106689453125,253.41433715820312,643.7063598632812,180.24586486816406,688.9149780273438,253.41433715820312,0.869019627571106
game8/Clip4,86,31,player_bottom,462.5967712402344,685.7264404296875,418.19561767578125,549.5203247070312,506.9979248046875,685.7264404296875,0.8818351030349731
game8/Clip4,86,30,player_top,671.1328735351562,253.4496307373047,648.6963500976562,180.1701202392578,693.5693969726562,253.4496307373047,0.8430809378623962
game8/Clip4,87,31,player_bottom,461.91729736328125,684.4025268554688,417.8448181152344,550.2320556640625,505.9897766113281,684.4025268554688,0.8772557377815247
game8/Clip4,87,30,player_top,678.0160522460938,253.5638427734375,656.09228515625,180.103759765625,699.9398193359375,253.5638427734375,0.8131803274154663
game8/Clip4,88,31,player_bottom,460.97003173828125,683.2047119140625,416.972900390625,550.7528076171875,504.9671630859375,683.2047119140625,0.8742378950119019
game8/Clip4,88,30,player_top,683.66748046875,253.59420776367188,662.359375,180.06922912597656,704.9755859375,253.59420776367188,0.8076992630958557
game8/Clip4,89,31,player_bottom,459.2509765625,683.8566284179688,415.1469421386719,552.2498779296875,503.3550109863281,683.8566284179688,0.8742305040359497
game8/Clip4,89,30,player_top,687.936279296875,253.6468963623047,667.0631103515625,179.6078643798828,708.8093872070312,253.6468963623047,0.7988251447677612
game8/Clip4,90,31,player_bottom,457.775634765625,684.594970703125,413.539794921875,553.8123779296875,502.0114440917969,684.594970703125,0.8687471747398376
game8/Clip4,90,30,player_top,691.6761474609375,253.47116088867188,671.1603393554688,178.664306640625,712.1920166015625,253.47116088867188,0.7822721004486084
game8/Clip4,91,31,player_bottom,457.5906982421875,686.0772094726562,413.2166442871094,556.2047119140625,501.96478271484375,686.0772094726562,0.8684206008911133
game8/Clip4,91,30,player_top,695.505126953125,253.85118103027344,674.9378051757812,176.96041870117188,716.0723876953125,253.85118103027344,0.822790801525116
game8/Clip4,92,31,player_bottom,457.04412841796875,686.5955810546875,412.8498840332031,558.297119140625,501.2384033203125,686.5955810546875,0.889634907245636
game8/Clip4,92,30,player_top,699.26953125,253.16024780273438,678.8971557617188,175.4694366455078,719.6419677734375,253.16024780273438,0.8054060339927673
game8/Clip4,93,31,player_bottom,459.61810302734375,686.5198974609375,414.8543395996094,558.6890869140625,504.3818359375,686.5198974609375,0.9015094637870789
game8/Clip4,93,30,player_top,702.81982421875,252.44656372070312,682.6295166015625,174.2248992919922,723.0101318359375,252.44656372070312,0.8171288371086121
game8/Clip4,94,31,player_bottom,462.06201171875,686.014892578125,416.2475280761719,557.4735107421875,507.8764953613281,686.014892578125,0.9165505766868591
game8/Clip4,94,30,player_top,706.566650390625,251.2814483642578,686.8604736328125,174.16502380371094,726.2727661132812,251.2814483642578,0.7200942039489746
game8/Clip4,95,31,player_bottom,464.58587646484375,684.910888671875,417.4380187988281,554.9790649414062,511.7337341308594,684.910888671875,0.9051030278205872
game8/Clip4,95,30,player_top,710.837158203125,249.0692138671875,691.6575317382812,173.06358337402344,730.016845703125,249.0692138671875,0.7844870686531067
game8/Clip4,96,31,player_bottom,468.1567687988281,681.8529052734375,420.39434814453125,552.0880737304688,515.919189453125,681.8529052734375,0.8941518664360046
game8/Clip4,96,30,player_top,715.13671875,247.80873107910156,695.9534301757812,171.44619750976562,734.3199462890625,247.80873107910156,0.8110944628715515
game8/Clip4,97,31,player_bottom,475.4697570800781,679.4518432617188,427.6131591796875,549.5682983398438,523.3263549804688,679.4518432617188,0.8804460167884827
game8/Clip4,97,30,player_top,718.607177734375,245.79644775390625,699.5767211914062,170.34130859375,737.6375732421875,245.79644775390625,0.8423848152160645
game8/Clip4,98,31,player_bottom,484.71923828125,678.4077758789062,437.0792236328125,546.996826171875,532.3592529296875,678.4077758789062,0.8787463903427124
game8/Clip4,98,30,player_top,723.606201171875,245.24757385253906,704.919189453125,171.18258666992188,742.2932739257812,245.24757385253906,0.7515509724617004
game8/Clip4,99,31,player_bottom,494.755126953125,676.1294555664062,448.61199951171875,544.9253540039062,540.8982543945312,676.1294555664062,0.8816012740135193
game8/Clip4,99,30,player_top,727.8041381835938,245.01695251464844,708.9796142578125,170.37994384765625,746.628662109375,245.01695251464844,0.7456379532814026
game8/Clip4,100,31,player_bottom,502.3924255371094,675.4178466796875,457.775390625,543.5557861328125,547.0094604492188,675.4178466796875,0.8814700245857239
game8/Clip4,100,30,player_top,732.45263671875,244.75379943847656,713.6652221679688,170.07215881347656,751.239990234375,244.75379943847656,0.7574138045310974
game8/Clip4,101,31,player_bottom,508.3751220703125,674.324462890625,465.7819519042969,543.3645629882812,550.9683227539062,674.324462890625,0.8814166784286499
game8/Clip4,101,30,player_top,736.7218017578125,244.81666564941406,717.760009765625,169.54490661621094,755.6835327148438,244.81666564941406,0.7926409840583801
game8/Clip4,102,31,player_bottom,515.6027221679688,673.0748291015625,474.8639221191406,543.988525390625,556.3414916992188,673.0748291015625,0.8702642917633057
game8/Clip4,102,30,player_top,741.6988525390625,244.01470947265625,722.6871948242188,169.5313720703125,760.7105102539062,244.01470947265625,0.8093376159667969
game8/Clip4,103,31,player_bottom,526.352783203125,672.6343994140625,486.86651611328125,545.5050048828125,565.839111328125,672.6343994140625,0.8877432942390442
game8/Clip4,103,30,player_top,746.2938232421875,240.72250366210938,728.1866455078125,170.97047424316406,764.4009399414062,240.72250366210938,0.6709897518157959
game8/Clip4,104,31,player_bottom,537.6199951171875,673.2027587890625,498.71820068359375,547.6949462890625,576.5217895507812,673.2027587890625,0.8936636447906494
game8/Clip4,104,30,player_top,750.377197265625,240.458251953125,732.745849609375,172.7792205810547,768.0084838867188,240.458251953125,0.6336547136306763
game8/Clip4,105,31,player_bottom,547.1160278320312,674.6923828125,507.7779846191406,549.0013427734375,586.4541015625,674.6923828125,0.9029695391654968
game8/Clip4,105,30,player_top,752.4093017578125,238.7740478515625,734.6765747070312,171.51060485839844,770.1420288085938,238.7740478515625,0.6394900679588318
game8/Clip4,106,31,player_bottom,551.4780883789062,675.6730346679688,511.7006530761719,550.1673583984375,591.2554931640625,675.6730346679688,0.908284604549408
game8/Clip4,106,30,player_top,755.574462890625,237.87940979003906,737.4567260742188,170.62078857421875,773.692138671875,237.87940979003906,0.7061572074890137
game8/Clip4,107,31,player_bottom,553.6435546875,677.7760009765625,512.9840698242188,550.6453857421875,594.302978515625,677.7760009765625,0.9117954969406128
game8/Clip4,107,30,player_top,759.75927734375,240.5194549560547,740.2454833984375,170.46603393554688,779.2730712890625,240.5194549560547,0.8266019821166992
game8/Clip4,108,31,player_bottom,555.1790771484375,679.4283447265625,513.6539916992188,549.7866821289062,596.7041625976562,679.4283447265625,0.905907392501831
game8/Clip4,108,30,player_top,763.474853515625,242.5123291015625,742.76513671875,170.01991271972656,784.1845703125,242.5123291015625,0.8167718052864075
game8/Clip4,109,31,player_bottom,557.254150390625,680.077880859375,515.2536010742188,548.3760986328125,599.2547607421875,680.077880859375,0.9000892639160156
game8/Clip4,109,30,player_top,766.3798828125,242.99928283691406,745.7806396484375,172.42576599121094,786.9791259765625,242.99928283691406,0.7939876317977905
game8/Clip4,110,31,player_bottom,560.5113525390625,679.7993774414062,518.5455932617188,546.31396484375,602.4771728515625,679.7993774414062,0.9069575071334839
game8/Clip4,110,30,player_top,768.3123779296875,243.05128479003906,747.6155395507812,173.1311492919922,789.0092163085938,243.05128479003906,0.7042703628540039
game8/Clip4,111,31,player_bottom,564.709716796875,679.2738647460938,523.2758178710938,544.7135009765625,606.1436767578125,679.2738647460938,0.8944723010063171
game8/Clip4,111,30,player_top,767.7517700195312,242.87173461914062,746.2537231445312,172.31338500976562,789.2498168945312,242.87173461914062,0.7454190254211426
game8/Clip4,112,31,player_bottom,569.1053466796875,680.724365234375,527.862548828125,543.726806640625,610.34814453125,680.724365234375,0.892734944820404
game8/Clip4,112,30,player_top,768.5443115234375,241.35446166992188,746.4395751953125,171.20175170898438,790.6489868164062,241.35446166992188,0.6173184514045715
game8/Clip4,113,31,player_bottom,573.558837890625,682.5916137695312,532.5546264648438,543.85986328125,614.5631103515625,682.5916137695312,0.907189130783081
game8/Clip4,113,30,player_top,768.922607421875,240.87501525878906,745.230224609375,168.1599884033203,792.6150512695312,240.87501525878906,0.4600132405757904
game8/Clip4,114,31,player_bottom,577.0626220703125,684.945556640625,536.2783203125,545.1943969726562,617.8469848632812,684.945556640625,0.9035248756408691
game8/Clip4,114,30,player_top,779.0118408203125,240.94873046875,755.435791015625,168.15916442871094,802.5878295898438,240.94873046875,0.5738309025764465
game8/Clip4,115,31,player_bottom,580.3925170898438,686.8067016601562,539.906005859375,547.81982421875,620.8790283203125,686.8067016601562,0.9029012322425842
game8/Clip4,115,30,player_top,784.4767456054688,242.0683135986328,760.7171630859375,168.2386932373047,808.236328125,242.0683135986328,0.6866779923439026
game8/Clip4,116,31,player_bottom,582.0946044921875,688.2029418945312,542.1868286132812,551.3402099609375,622.0023193359375,688.2029418945312,0.9052626490592957
game8/Clip4,116,30,player_top,786.0711669921875,244.06495666503906,761.8928833007812,169.01580810546875,810.2493896484375,244.06495666503906,0.8320274949073792
game8/Clip4,117,31,player_bottom,582.0073852539062,689.1478881835938,542.5484008789062,553.7623291015625,621.4663696289062,689.1478881835938,0.9074455499649048
game8/Clip4,117,30,player_top,790.6132202148438,245.94094848632812,766.4087524414062,169.9725341796875,814.8176879882812,245.94094848632812,0.80274498462677
game8/Clip4,118,31,player_bottom,581.7837524414062,689.7584838867188,542.3983154296875,554.534423828125,621.169189453125,689.7584838867188,0.9094278812408447
game8/Clip4,118,30,player_top,793.932861328125,246.92015075683594,769.3511962890625,168.82730102539062,818.5145874023438,246.92015075683594,0.7958899736404419
game8/Clip4,119,31,player_bottom,581.6936645507812,689.5349731445312,542.1495361328125,553.5545654296875,621.23779296875,689.5349731445312,0.9050669074058533
game8/Clip4,119,30,player_top,796.4437255859375,247.3687286376953,771.7160034179688,167.36111450195312,821.1714477539062,247.3687286376953,0.8034275770187378
game8/Clip4,120,31,player_bottom,581.4370727539062,689.6614990234375,541.3222045898438,551.2386474609375,621.5519409179688,689.6614990234375,0.9139248132705688
game8/Clip4,120,30,player_top,797.6543579101562,247.29954528808594,772.713134765625,164.9159393310547,822.5955810546875,247.29954528808594,0.8132631778717041
game8/Clip4,121,31,player_bottom,579.7261962890625,689.7354125976562,539.1463012695312,549.7021484375,620.3060302734375,689.7354125976562,0.919015109539032
game8/Clip4,121,30,player_top,796.4503173828125,247.12655639648438,770.4816284179688,160.14767456054688,822.4189453125,247.12655639648438,0.826024055480957
game8/Clip4,122,31,player_bottom,576.57666015625,690.179931640625,535.6102905273438,549.3155517578125,617.5430908203125,690.179931640625,0.901466965675354
game8/Clip4,122,30,player_top,800.4063110351562,246.1101531982422,775.1512451171875,160.07339477539062,825.661376953125,246.1101531982422,0.731357753276825
game8/Clip4,123,31,player_bottom,573.2669677734375,690.9996337890625,531.9581909179688,550.6875,614.57568359375,690.9996337890625,0.8987235426902771
game8/Clip4,123,30,player_top,806.2302856445312,245.53123474121094,780.9595947265625,157.5887908935547,831.5009765625,245.53123474121094,0.8074333667755127
game8/Clip4,124,31,player_bottom,567.976806640625,692.2493896484375,526.6605224609375,553.0938720703125,609.2930908203125,692.2493896484375,0.9078094959259033
game8/Clip4,124,30,player_top,810.8655395507812,244.8084716796875,786.00732421875,157.09689331054688,835.7237548828125,244.8084716796875,0.8217580318450928
game8/Clip4,125,31,player_bottom,563.7581787109375,695.5880126953125,522.335205078125,557.5220336914062,605.18115234375,695.5880126953125,0.9061562418937683
game8/Clip4,125,30,player_top,814.507568359375,245.13320922851562,790.0634765625,158.46414184570312,838.9517211914062,245.13320922851562,0.8450526595115662
game8/Clip4,126,31,player_bottom,560.0128173828125,697.7881469726562,518.8228759765625,562.2921142578125,601.2028198242188,697.7881469726562,0.9176146388053894
game8/Clip4,126,30,player_top,815.42724609375,244.53793334960938,791.475341796875,159.6107940673828,839.379150390625,244.53793334960938,0.8594517111778259
game8/Clip4,127,31,player_bottom,559.8802185058594,697.6988677978516,518.5566711425781,563.3078308105469,601.2037963867188,697.6988677978516,0.9103881865739822
game8/Clip4,127,30,player_top,815.8336181640625,244.4115753173828,792.1295776367188,160.61920166015625,839.5377197265625,244.4115753173828,0.8609616756439209
game8/Clip4,128,31,player_bottom,559.7476196289062,697.6095886230469,518.2904663085938,564.3235473632812,601.2047729492188,697.6095886230469,0.9031617343425751
game8/Clip4,128,30,player_top,815.8961791992188,244.28396606445312,792.1714477539062,160.6077880859375,839.6209106445312,244.28396606445312,0.8663544058799744
game8/Clip4,129,31,player_bottom,559.6150207519531,697.5203094482422,518.0242614746094,565.3392639160156,601.2057495117188,697.5203094482422,0.8959352821111679
game8/Clip4,129,30,player_top,815.8631591796875,244.2555389404297,791.9035034179688,159.73977661132812,839.8228759765625,244.2555389404297,0.8630164861679077
game8/Clip4,130,31,player_bottom,559.482421875,697.4310302734375,517.758056640625,566.35498046875,601.2067260742188,697.4310302734375,0.8887088298797607
game8/Clip4,130,30,player_top,815.6571044921875,244.15184020996094,791.385986328125,158.1400604248047,839.9282836914062,244.15184020996094,0.8667851686477661
game8/Clip4,131,31,player_bottom,552.47802734375,697.4901733398438,510.3974609375,565.8442993164062,594.55859375,697.4901733398438,0.8883198499679565
game8/Clip4,131,30,player_top,815.660400390625,243.497802734375,791.363037109375,157.1460418701172,839.9577026367188,243.497802734375,0.8610635995864868
game8/Clip4,132,31,player_bottom,542.5215454101562,697.5581665039062,500.7573547363281,565.9501953125,584.2857055664062,697.5581665039062,0.8982531428337097
game8/Clip4,132,30,player_top,815.1795654296875,241.9196014404297,791.2741088867188,156.65089416503906,839.0850830078125,241.9196014404297,0.8504607677459717
game8/Clip5,0,45,player_bottom,537.1370239257812,622.8821411132812,501.651611328125,489.9212646484375,572.6224365234375,622.8821411132812,0.8294064998626709
game8/Clip5,0,46,player_top,642.688720703125,181.1099090576172,624.5014038085938,116.49175262451172,660.8759765625,181.1099090576172,0.7672643661499023
game8/Clip5,1,45,player_bottom,537.1370239257812,622.8821411132812,501.651611328125,489.9212646484375,572.6224365234375,622.8821411132812,0.8294064998626709
game8/Clip5,1,46,player_top,642.688720703125,181.1099090576172,624.5014038085938,116.49175262451172,660.8759765625,181.1099090576172,0.7672643661499023
game8/Clip5,2,45,player_bottom,537.900634765625,623.0991821289062,500.9277038574219,484.27740478515625,574.8735961914062,623.0991821289062,0.8151265978813171
game8/Clip5,2,46,player_top,642.9913330078125,181.01797485351562,624.7744750976562,116.27139282226562,661.2081298828125,181.01797485351562,0.7524107694625854
game8/Clip5,3,45,player_bottom,538.1744384765625,623.104248046875,502.3740539550781,488.5065612792969,573.974853515625,623.104248046875,0.8946242332458496
game8/Clip5,3,46,player_top,643.0204467773438,181.08889770507812,624.641357421875,115.72486877441406,661.3995361328125,181.08889770507812,0.7607817053794861
game8/Clip5,4,45,player_bottom,538.7572021484375,623.2481689453125,503.61566162109375,490.95501708984375,573.8987426757812,623.2481689453125,0.8972709774971008
game8/Clip5,4,46,player_top,642.9419555664062,181.5499267578125,624.4547729492188,115.72478485107422,661.4291381835938,181.5499267578125,0.7717699408531189
game8/Clip5,5,45,player_bottom,540.3115844726562,622.2459716796875,505.7323913574219,491.9125061035156,574.8907470703125,622.2459716796875,0.8865755796432495
game8/Clip5,5,46,player_top,642.9462280273438,181.69813537597656,624.6749267578125,116.61961364746094,661.217529296875,181.69813537597656,0.7673486471176147
game8/Clip5,6,45,player_bottom,541.7554321289062,621.7437133789062,507.7831726074219,493.54449462890625,575.7277221679688,621.7437133789062,0.8840848207473755
game8/Clip5,6,46,player_top,642.8690795898438,181.5852508544922,624.6112670898438,116.52288055419922,661.1268920898438,181.5852508544922,0.7680217027664185
game8/Clip5,7,45,player_bottom,542.5967407226562,621.0772705078125,509.1622619628906,495.1611328125,576.0311889648438,621.0772705078125,0.87675541639328
game8/Clip5,7,46,player_top,642.7395629882812,181.57920837402344,624.5872192382812,116.90415954589844,660.8919067382812,181.57920837402344,0.7684996724128723
game8/Clip5,8,45,player_bottom,543.854736328125,619.30615234375,510.7135925292969,495.1785888671875,576.9959106445312,619.30615234375,0.8886047005653381
game8/Clip5,8,46,player_top,642.7271728515625,181.4923095703125,624.628173828125,117.02471160888672,660.826171875,181.4923095703125,0.7690282464027405
game8/Clip5,9,45,player_bottom,544.7677001953125,618.3101806640625,510.2482604980469,489.3545837402344,579.287109375,618.3101806640625,0.7344330549240112
game8/Clip5,9,46,player_top,642.65087890625,181.47064208984375,624.662109375,117.47411346435547,660.6395874023438,181.47064208984375,0.7715392112731934
game8/Clip5,10,45,player_bottom,545.7828369140625,617.8299560546875,506.6689147949219,470.45220947265625,584.896728515625,617.8299560546875,0.8935961723327637
game8/Clip5,10,46,player_top,642.638671875,181.40960693359375,624.7172241210938,117.74368286132812,660.5601196289062,181.40960693359375,0.7752329111099243
game8/Clip5,11,45,player_bottom,546.67138671875,617.3237915039062,506.35443115234375,464.4060974121094,586.98828125,617.3237915039062,0.891352653503418
game8/Clip5,11,46,player_top,642.6888427734375,181.4031524658203,624.6482543945312,117.33295440673828,660.7294921875,181.4031524658203,0.7560421228408813
game8/Clip5,12,45,player_bottom,547.5808715820312,616.153564453125,507.6156311035156,464.02587890625,587.546142578125,616.153564453125,0.8752623200416565
game8/Clip5,12,46,player_top,642.633544921875,181.7303466796875,624.5086669921875,117.41482543945312,660.7584228515625,181.7303466796875,0.7682592868804932
game8/Clip5,13,45,player_bottom,548.5885009765625,615.5927124023438,512.5839233398438,480.2191467285156,584.593017578125,615.5927124023438,0.799498438835144
game8/Clip5,13,46,player_top,642.64404296875,181.83859252929688,624.4955444335938,117.48229217529297,660.7925415039062,181.83859252929688,0.7550068497657776
game8/Clip5,14,45,player_bottom,549.5718994140625,615.3983154296875,514.7359008789062,485.7866516113281,584.407958984375,615.3983154296875,0.7638387084007263
game8/Clip5,14,46,player_top,642.5245971679688,181.90452575683594,624.3303833007812,117.46949768066406,660.7188110351562,181.90452575683594,0.7724251747131348
game8/Clip5,15,45,player_bottom,550.4996337890625,615.4628295898438,516.724853515625,491.4106750488281,584.2743530273438,615.4628295898438,0.7423542141914368
game8/Clip5,15,46,player_top,642.4342041015625,181.89002990722656,624.2708129882812,117.68338012695312,660.5975952148438,181.89002990722656,0.7751684784889221
game8/Clip5,16,45,player_bottom,552.0004272460938,615.5938110351562,516.8441162109375,486.2813720703125,587.15673828125,615.5938110351562,0.8636392951011658
game8/Clip5,16,46,player_top,642.386962890625,181.91140747070312,624.1926879882812,117.7095947265625,660.5812377929688,181.91140747070312,0.7766009569168091
game8/Clip5,17,45,player_bottom,553.3850708007812,615.532958984375,520.2438354492188,494.0274658203125,586.5263061523438,615.532958984375,0.8745812177658081
game8/Clip5,17,46,player_top,642.31298828125,181.8587188720703,624.079833984375,117.65999603271484,660.546142578125,181.8587188720703,0.7797288298606873
game8/Clip5,18,45,player_bottom,551.972412109375,615.7000122070312,519.3262939453125,496.3095397949219,584.6185302734375,615.7000122070312,0.8750062584877014
game8/Clip5,18,46,player_top,642.3361206054688,181.82203674316406,624.0758666992188,117.66282653808594,660.5963745117188,181.82203674316406,0.7844414114952087
game8/Clip5,19,45,player_bottom,551.998779296875,615.7781982421875,519.2216186523438,494.4224853515625,584.7759399414062,615.7781982421875,0.8645714521408081
game8/Clip5,19,46,player_top,642.4927978515625,182.08969116210938,624.0941772460938,117.4061508178711,660.8914184570312,182.08969116210938,0.7869851589202881
game8/Clip5,20,45,player_bottom,551.0134887695312,611.36083984375,518.685791015625,489.51129150390625,583.3411865234375,611.36083984375,0.8117969632148743
game8/Clip5,20,46,player_top,642.6405029296875,182.19630432128906,624.2630004882812,117.53297424316406,661.0180053710938,182.19630432128906,0.7726945281028748
game8/Clip5,21,45,player_bottom,551.8223266601562,607.3696899414062,519.4166259765625,483.4953918457031,584.22802734375,607.3696899414062,0.8392970561981201
game8/Clip5,21,46,player_top,642.8785400390625,182.34930419921875,624.5172729492188,117.60892486572266,661.23974609375,182.34930419921875,0.7725110650062561
game8/Clip5,22,45,player_bottom,555.4017333984375,601.8580322265625,521.7377319335938,470.7300720214844,589.065673828125,601.8580322265625,0.7733049392700195
game8/Clip5,22,46,player_top,642.9659423828125,182.46453857421875,624.7619018554688,118.19324493408203,661.169921875,182.46453857421875,0.767723560333252
game8/Clip5,23,45,player_bottom,559.3924560546875,597.2432861328125,525.21142578125,462.1474609375,593.5735473632812,597.2432861328125,0.867267906665802
game8/Clip5,23,46,player_top,643.0308227539062,182.51535034179688,624.8997192382812,118.43217468261719,661.1619262695312,182.51535034179688,0.7605464458465576
game8/Clip5,24,45,player_bottom,566.096923828125,594.0132446289062,533.4491577148438,466.5218811035156,598.7447509765625,594.0132446289062,0.8603140115737915
game8/Clip5,24,46,player_top,643.12060546875,182.5778350830078,625.0328979492188,118.57575225830078,661.2083129882812,182.5778350830078,0.7657701373100281
game8/Clip5,25,45,player_bottom,570.068359375,590.8543090820312,539.0567626953125,471.974853515625,601.0799560546875,590.8543090820312,0.8824321031570435
game8/Clip5,25,46,player_top,643.0911254882812,182.67384338378906,624.930908203125,118.31719970703125,661.2513427734375,182.67384338378906,0.7668851017951965
game8/Clip5,26,45,player_bottom,572.173583984375,589.7024536132812,541.9225463867188,476.6831970214844,602.4246826171875,589.7024536132812,0.8949394822120667
game8/Clip5,26,46,player_top,643.1373901367188,182.83465576171875,625.0066528320312,118.42908477783203,661.2681274414062,182.83465576171875,0.7517654895782471
game8/Clip5,27,45,player_bottom,572.226806640625,592.3093872070312,541.7847290039062,480.9486999511719,602.6688842773438,592.3093872070312,0.9003276228904724
game8/Clip5,27,46,player_top,642.686767578125,183.110107421875,624.889892578125,120.14657592773438,660.483642578125,183.110107421875,0.768160343170166
game8/Clip5,28,45,player_bottom,569.5418701171875,594.2131958007812,539.313232421875,485.1986389160156,599.7705688476562,594.2131958007812,0.8974143862724304
game8/Clip5,28,46,player_top,642.5223388671875,183.00790405273438,624.8014526367188,120.52471923828125,660.2431640625,183.00790405273438,0.775800883769989
game8/Clip5,29,45,player_bottom,563.84228515625,594.6888427734375,534.3277587890625,489.236328125,593.3568115234375,594.6888427734375,0.9032151699066162
game8/Clip5,29,46,player_top,642.4237060546875,183.08428955078125,624.7755126953125,121.0276107788086,660.0718383789062,183.08428955078125,0.7860631346702576
game8/Clip5,30,45,player_bottom,557.057861328125,594.9463500976562,528.2901611328125,491.8499755859375,585.8255615234375,594.9463500976562,0.8827053904533386
game8/Clip5,30,46,player_top,642.3843994140625,183.25035095214844,624.7200317382812,121.37118530273438,660.0487670898438,183.25035095214844,0.7651481032371521
game8/Clip5,31,45,player_bottom,552.8837280273438,595.0774536132812,524.3790283203125,493.1058044433594,581.388427734375,595.0774536132812,0.8812441229820251
game8/Clip5,31,46,player_top,642.3635864257812,183.3096466064453,624.61474609375,121.32820129394531,660.1124267578125,183.3096466064453,0.7708571553230286
game8/Clip5,32,45,player_bottom,551.1568603515625,595.3712158203125,522.631103515625,493.2236633300781,579.6825561523438,595.3712158203125,0.8721449971199036
game8/Clip5,32,46,player_top,642.3628540039062,183.26573181152344,624.6771240234375,121.75286102294922,660.048583984375,183.26573181152344,0.7653717994689941
game8/Clip5,33,45,player_bottom,549.17724609375,595.3530883789062,520.6690063476562,492.912353515625,577.685546875,595.3530883789062,0.8267335295677185
game8/Clip5,33,46,player_top,642.348388671875,183.4309844970703,624.5721435546875,121.77157592773438,660.1245727539062,183.4309844970703,0.752808153629303
game8/Clip5,34,45,player_bottom,548.0518798828125,595.1908569335938,519.3696899414062,491.4326171875,576.7340087890625,595.1908569335938,0.852513313293457
game8/Clip5,34,46,player_top,642.41845703125,183.36001586914062,624.4961547851562,121.25700378417969,660.3407592773438,183.36001586914062,0.7541185617446899
game8/Clip5,35,45,player_bottom,545.2564697265625,595.186279296875,516.5214233398438,490.216552734375,573.9915771484375,595.186279296875,0.8721434473991394
game8/Clip5,35,46,player_top,642.379638671875,183.50572204589844,624.3698120117188,121.13175964355469,660.3895263671875,183.50572204589844,0.7597142457962036
game8/Clip5,36,45,player_bottom,543.8179321289062,595.2503662109375,515.3170776367188,489.54974365234375,572.3187866210938,595.2503662109375,0.8628530502319336
game8/Clip5,36,46,player_top,642.3461303710938,183.61856079101562,624.3505249023438,121.35154724121094,660.3417358398438,183.61856079101562,0.7578597068786621
game8/Clip5,37,45,player_bottom,543.424560546875,603.0986938476562,513.5531005859375,489.24072265625,573.2960815429688,603.0986938476562,0.8525439500808716
game8/Clip5,37,46,player_top,642.34619140625,183.8989715576172,624.381591796875,121.86266326904297,660.310791015625,183.8989715576172,0.7572036385536194
game8/Clip5,38,45,player_bottom,542.552490234375,606.6504516601562,512.7371215820312,490.0745544433594,572.3678588867188,606.6504516601562,0.8284228444099426
game8/Clip5,38,46,player_top,642.3485107421875,184.0387725830078,624.4137573242188,122.23080444335938,660.2833251953125,184.0387725830078,0.7476955056190491
game8/Clip5,39,45,player_bottom,540.799072265625,608.8833618164062,511.4627685546875,491.459716796875,570.1353149414062,608.8833618164062,0.8164892196655273
game8/Clip5,39,46,player_top,642.338623046875,184.12884521484375,624.5188598632812,122.92111206054688,660.1583862304688,184.12884521484375,0.7261962294578552
game8/Clip5,40,45,player_bottom,540.0987548828125,611.3151245117188,511.2025451660156,492.8915710449219,568.9949340820312,611.3151245117188,0.8539636731147766
game8/Clip5,40,46,player_top,642.3994750976562,184.27098083496094,624.5343017578125,123.01752471923828,660.2646484375,184.27098083496094,0.7360883355140686
game8/Clip5,41,45,player_bottom,539.49755859375,613.865478515625,510.96612548828125,494.0135192871094,568.029052734375,613.865478515625,0.851996123790741
game8/Clip5,41,46,player_top,642.4423828125,184.47027587890625,624.477294921875,122.87650299072266,660.407470703125,184.47027587890625,0.7280428409576416
game8/Clip5,42,45,player_bottom,538.3995971679688,615.4341430664062,510.2525939941406,494.33624267578125,566.5465698242188,615.4341430664062,0.8602632880210876
game8/Clip5,42,46,player_top,642.4608154296875,184.50648498535156,624.5425415039062,123.15690612792969,660.3790893554688,184.50648498535156,0.7304031252861023
game8/Clip5,43,45,player_bottom,536.8421020507812,616.1417236328125,509.0238952636719,494.3775939941406,564.6603393554688,616.1417236328125,0.8653239607810974
game8/Clip5,43,46,player_top,642.412109375,184.5518341064453,624.2815551757812,122.4630355834961,660.542724609375,184.5518341064453,0.7558556199073792
game8/Clip5,44,45,player_bottom,535.91455078125,617.2269287109375,508.24481201171875,493.8821716308594,563.5843505859375,617.2269287109375,0.8657539486885071
game8/Clip5,44,46,player_top,642.5543212890625,184.5737762451172,624.3793334960938,122.24315643310547,660.729248046875,184.5737762451172,0.7467638850212097
game8/Clip5,45,45,player_bottom,534.9696044921875,617.9566040039062,507.5118713378906,493.561279296875,562.4273071289062,617.9566040039062,0.8633570075035095
game8/Clip5,45,46,player_top,642.6494140625,184.5941162109375,624.5054931640625,122.29532623291016,660.7933349609375,184.5941162109375,0.728640079498291
game8/Clip5,46,45,player_bottom,534.0798950195312,618.8201904296875,506.8570861816406,493.4249267578125,561.302734375,618.8201904296875,0.86277174949646
game8/Clip5,46,46,player_top,642.3063354492188,184.69569396972656,623.9788208007812,121.8307113647461,660.6338500976562,184.69569396972656,0.7082878947257996
game8/Clip5,47,45,player_bottom,531.76904296875,619.476318359375,504.6498718261719,493.313232421875,558.8882446289062,619.476318359375,0.869600236415863
game8/Clip5,47,46,player_top,641.859130859375,184.59963989257812,622.2150268554688,116.69104766845703,661.5032348632812,184.59963989257812,0.7429613471031189
game8/Clip5,48,45,player_bottom,528.5224609375,620.9133911132812,501.38629150390625,494.10614013671875,555.6585693359375,620.9133911132812,0.8709495663642883
game8/Clip5,48,46,player_top,641.3480224609375,184.50790405273438,621.9369506835938,117.52535247802734,660.7591552734375,184.50790405273438,0.7755671739578247
game8/Clip5,49,45,player_bottom,525.4608154296875,623.2119750976562,498.126220703125,496.2096252441406,552.7954711914062,623.2119750976562,0.8842384815216064
game8/Clip5,49,46,player_top,640.4737548828125,184.548095703125,621.3721923828125,119.30816650390625,659.5753173828125,184.548095703125,0.7565578818321228
game8/Clip5,50,45,player_bottom,521.546142578125,627.2900390625,493.525146484375,499.5289611816406,549.5670776367188,627.2900390625,0.8959665894508362
game8/Clip5,50,46,player_top,638.57177734375,184.44386291503906,619.2422485351562,119.56794738769531,657.9012451171875,184.44386291503906,0.7792218327522278
game8/Clip5,51,45,player_bottom,517.5613403320312,632.406494140625,488.60479736328125,503.7545166015625,546.5178833007812,632.406494140625,0.884673535823822
game8/Clip5,51,46,player_top,637.10888671875,184.34478759765625,617.3982543945312,119.44567108154297,656.819580078125,184.34478759765625,0.5876203775405884
game8/Clip5,52,45,player_bottom,514.3915405273438,636.0780029296875,484.8009033203125,509.3853454589844,543.982177734375,636.0780029296875,0.8969252109527588
game8/Clip5,52,46,player_top,629.661865234375,182.60890197753906,610.8270263671875,119.1024169921875,648.4967651367188,182.60890197753906,0.53768390417099
game8/Clip5,53,45,player_bottom,512.1993408203125,638.298828125,482.01043701171875,513.97607421875,542.3883056640625,638.298828125,0.9067559838294983
game8/Clip5,53,46,player_top,625.4482421875,182.05674743652344,606.978515625,118.59335327148438,643.91796875,182.05674743652344,0.6376270651817322
game8/Clip5,54,45,player_bottom,512.9927978515625,639.0833129882812,482.3943786621094,516.7432861328125,543.5912475585938,639.0833129882812,0.9068043828010559
game8/Clip5,54,46,player_top,624.8597412109375,181.54827880859375,606.8058471679688,119.43347930908203,642.9136962890625,181.54827880859375,0.5761209726333618
game8/Clip5,55,45,player_bottom,515.180908203125,639.4215087890625,483.7756652832031,516.1349487304688,546.586181640625,639.4215087890625,0.8949356079101562
game8/Clip5,55,46,player_top,621.6558227539062,182.09246826171875,603.515625,119.38533782958984,639.7960205078125,182.09246826171875,0.6228311061859131
game8/Clip5,56,45,player_bottom,513.3385620117188,640.7636108398438,480.6856994628906,515.2764282226562,545.991455078125,640.7636108398438,0.894601047039032
game8/Clip5,56,46,player_top,619.7928466796875,181.75201416015625,599.7560424804688,111.75050354003906,639.8296508789062,181.75201416015625,0.4886079430580139
game8/Clip5,57,45,player_bottom,507.8526916503906,641.9448852539062,474.09735107421875,515.0697631835938,541.6080322265625,641.9448852539062,0.8641422986984253
game8/Clip5,57,46,player_top,618.7130126953125,182.38690185546875,598.8422241210938,112.63726043701172,638.5838012695312,182.38690185546875,0.641633152961731
game8/Clip5,58,45,player_bottom,493.1684875488281,642.7556762695312,459.743896484375,515.592529296875,526.5930786132812,642.7556762695312,0.8305698037147522
game8/Clip5,58,46,player_top,617.0888671875,183.17840576171875,597.5614013671875,115.08258056640625,636.6163940429688,183.17840576171875,0.6972430348396301
game8/Clip5,59,45,player_bottom,483.65667724609375,642.63671875,450.4147644042969,515.7841796875,516.8986206054688,642.63671875,0.8847343921661377
game8/Clip5,59,46,player_top,614.0269775390625,183.347900390625,594.1961059570312,115.64611053466797,633.8577880859375,183.347900390625,0.7278844118118286
game8/Clip5,60,45,player_bottom,476.1461181640625,642.1940307617188,442.8847351074219,515.7465209960938,509.40753173828125,642.1940307617188,0.8970935940742493
game8/Clip5,60,46,player_top,611.4463500976562,182.9268341064453,591.1737060546875,115.76856994628906,631.718994140625,182.9268341064453,0.7017056941986084
game8/Clip5,61,45,player_bottom,468.75762939453125,640.8483276367188,435.59521484375,516.4878540039062,501.9200134277344,640.8483276367188,0.88808673620224
game8/Clip5,61,46,player_top,607.31787109375,183.5718994140625,586.1254272460938,114.03659057617188,628.5103759765625,183.5718994140625,0.5791029930114746
game8/Clip5,62,45,player_bottom,460.4091491699219,634.3062744140625,428.3982849121094,517.3438720703125,492.4200134277344,634.3062744140625,0.8712052702903748
game8/Clip5,62,46,player_top,601.6292114257812,184.3194122314453,580.3563842773438,113.28865814208984,622.9020385742188,184.3194122314453,0.42889973521232605
game8/Clip5,63,45,player_bottom,450.2964172363281,633.84326171875,417.3140869140625,519.6412963867188,483.27874755859375,633.84326171875,0.8139343857765198
game8/Clip5,63,46,player_top,596.5499267578125,185.0027618408203,575.8471069335938,113.75291442871094,617.252685546875,185.0027618408203,0.5621016025543213
game8/Clip5,64,45,player_bottom,438.29864501953125,636.5081787109375,403.6277770996094,521.5214233398438,472.96954345703125,636.5081787109375,0.8772508502006531
game8/Clip5,64,46,player_top,590.81396484375,185.72048950195312,570.9722900390625,114.81417846679688,610.6557006835938,185.72048950195312,0.61565101146698
game8/Clip5,65,45,player_bottom,429.02325439453125,637.5189819335938,393.4862976074219,523.3660278320312,464.5601806640625,637.5189819335938,0.8771624565124512
game8/Clip5,65,46,player_top,587.7605590820312,185.87998962402344,568.5155639648438,114.38878631591797,607.0055541992188,185.87998962402344,0.4712536931037903
game8/Clip5,66,45,player_bottom,420.15899658203125,637.31640625,384.9665222167969,525.0252685546875,455.35150146484375,637.31640625,0.8603413105010986
game8/Clip5,66,46,player_top,584.4110107421875,185.83822631835938,565.9803466796875,115.1397476196289,602.8416137695312,185.83822631835938,0.3500206470489502
game8/Clip5,67,45,player_bottom,411.28076171875,637.2252197265625,376.3454284667969,524.654052734375,446.216064453125,637.2252197265625,0.8130655884742737
game8/Clip5,67,46,player_top,582.58203125,186.38790893554688,564.4373779296875,114.90135192871094,600.7267456054688,186.38790893554688,0.5063246488571167
game8/Clip5,68,45,player_bottom,401.10931396484375,638.9912719726562,366.33343505859375,524.0762939453125,435.88519287109375,638.9912719726562,0.8638619780540466
game8/Clip5,68,46,player_top,580.5643310546875,186.28965759277344,562.7357788085938,114.6156005859375,598.392822265625,186.28965759277344,0.4790380001068115
game8/Clip5,69,45,player_bottom,391.6240234375,640.9044799804688,357.0881042480469,523.1422729492188,426.1599426269531,640.9044799804688,0.8596248030662537
game8/Clip5,69,46,player_top,577.7398071289062,185.60690307617188,559.6934814453125,112.7735595703125,595.7861328125,185.60690307617188,0.5605940222740173
game8/Clip5,70,45,player_bottom,384.091552734375,641.3512573242188,349.85687255859375,520.9585571289062,418.3262023925781,641.3512573242188,0.8527033925056458
game8/Clip5,70,46,player_top,575.601318359375,185.0888671875,557.3357543945312,111.58182525634766,593.8668212890625,185.0888671875,0.7158574461936951
game8/Clip5,71,45,player_bottom,378.0937805175781,643.933349609375,343.44879150390625,518.38720703125,412.73876953125,643.933349609375,0.8384935259819031
game8/Clip5,71,46,player_top,571.207763671875,185.03639221191406,552.6947631835938,112.16639709472656,589.7207641601562,185.03639221191406,0.5476033687591553
game8/Clip5,72,45,player_bottom,370.60101318359375,645.1328735351562,335.5743408203125,516.7029418945312,405.6276550292969,645.1328735351562,0.8890195488929749
game8/Clip5,72,46,player_top,565.6148681640625,184.3113250732422,546.638916015625,112.335693359375,584.5908203125,184.3113250732422,0.5906621217727661
game8/Clip5,73,45,player_bottom,364.6512145996094,645.53955078125,329.392333984375,515.8297119140625,399.91009521484375,645.53955078125,0.8888487815856934
game8/Clip5,73,46,player_top,562.1788940429688,184.36324310302734,543.2929178873698,112.26013819376628,581.0648803710938,184.36324310302734,0.560845951239268
game8/Clip5,74,45,player_bottom,359.39715576171875,646.22900390625,324.214599609375,516.3943481445312,394.5797424316406,646.22900390625,0.8907789587974548
game8/Clip5,74,46,player_top,558.742919921875,184.4151611328125,539.9469197591146,112.18458302815755,577.5389404296875,184.4151611328125,0.5310297807057699
game8/Clip5,75,45,player_bottom,356.10162353515625,646.6634521484375,321.2660217285156,516.871337890625,390.93719482421875,646.6634521484375,0.8966412544250488
game8/Clip5,75,46,player_top,555.3069458007812,184.46707916259766,536.6009216308594,112.10902786254883,574.0130004882812,184.46707916259766,0.5012136101722717
game8/Clip5,76,45,player_bottom,353.01788330078125,646.6724853515625,318.90496826171875,517.7041015625,387.1307678222656,646.6724853515625,0.893438994884491
game8/Clip5,76,46,player_top,551.8709716796875,184.5189971923828,533.2549235026041,112.03347269694011,570.487060546875,184.5189971923828,0.4713974396387736
game8/Clip5,77,45,player_bottom,349.4045715332031,646.4476318359375,316.0936279296875,517.6295166015625,382.71551513671875,646.4476318359375,0.8863956928253174
game8/Clip5,77,46,player_top,548.4349975585938,184.57091522216797,529.908925374349,111.95791753133138,566.9611206054688,184.57091522216797,0.4415812691052755
game8/Clip5,78,45,player_bottom,343.9771728515625,646.6593627929688,311.1035461425781,516.4187622070312,376.8507995605469,646.6593627929688,0.8571699261665344
game8/Clip5,78,46,player_top,544.9990234375,184.62283325195312,526.5629272460938,111.88236236572266,563.4351806640625,184.62283325195312,0.41176509857177734
game8/Clip5,79,45,player_bottom,340.26409912109375,646.6583251953125,308.4126281738281,515.4669189453125,372.1155700683594,646.6583251953125,0.8316864371299744
game8/Clip5,79,46,player_top,538.73681640625,184.71841430664062,521.1964721679688,111.13658905029297,556.277099609375,184.71841430664062,0.5341374278068542
game8/Clip5,80,45,player_bottom,335.2906494140625,646.5048828125,304.4368591308594,514.4530029296875,366.1444396972656,646.5048828125,0.8227559924125671
game8/Clip5,80,46,player_top,535.7537841796875,185.42103576660156,518.7726440429688,110.52445983886719,552.73486328125,185.42103576660156,0.5747153162956238
game8/Clip5,81,45,player_bottom,332.6990966796875,646.4210205078125,302.8280944824219,513.2581787109375,362.570068359375,646.4210205078125,0.8240619897842407
game8/Clip5,81,46,player_top,530.5824584960938,185.79833984375,513.2828979492188,108.97096252441406,547.8820190429688,185.79833984375,0.6632154583930969
game8/Clip5,82,45,player_bottom,328.57257080078125,646.4332885742188,299.24041748046875,512.2880249023438,357.90472412109375,646.4332885742188,0.8590796589851379
game8/Clip5,82,46,player_top,526.5284423828125,186.34140014648438,508.9104919433594,109.47979736328125,544.1463623046875,186.34140014648438,0.7334822416305542
game8/Clip5,83,45,player_bottom,325.709228515625,646.9444580078125,296.7921447753906,512.6451416015625,354.6263122558594,646.9444580078125,0.8586480617523193
game8/Clip5,83,46,player_top,524.3043212890625,185.69447326660156,506.61676025390625,110.59940338134766,541.9918212890625,185.69447326660156,0.7311717867851257
game8/Clip5,84,45,player_bottom,323.4549560546875,648.005126953125,294.67889404296875,513.233642578125,352.2310485839844,648.005126953125,0.8474796414375305
game8/Clip5,84,46,player_top,522.3932495117188,185.7733612060547,504.4142761230469,112.1324691772461,540.3721923828125,185.7733612060547,0.7079178690910339
game8/Clip5,85,45,player_bottom,322.561767578125,648.903564453125,294.0513000488281,514.5120849609375,351.072265625,648.903564453125,0.8454906344413757
game8/Clip5,85,46,player_top,520.5191650390625,187.69447326660156,501.5342712402344,112.56926727294922,539.5040893554688,187.69447326660156,0.7270762920379639
game8/Clip5,86,45,player_bottom,321.72998046875,650.1096801757812,293.4208984375,515.368408203125,350.0390930175781,650.1096801757812,0.8493764400482178
game8/Clip5,86,46,player_top,518.9364013671875,188.65968322753906,499.2818603515625,112.79518127441406,538.5908813476562,188.65968322753906,0.7875170707702637
game8/Clip6,0,52,player_bottom,550.4017944335938,604.7562255859375,520.661376953125,480.67083740234375,580.1422119140625,604.7562255859375,0.855688750743866
game8/Clip6,0,51,player_top,804.088623046875,238.45848083496094,778.7156982421875,168.38426208496094,829.4615478515625,238.45848083496094,0.8485304117202759
game8/Clip6,1,52,player_bottom,550.4017944335938,604.7562255859375,520.661376953125,480.67083740234375,580.1422119140625,604.7562255859375,0.855688750743866
game8/Clip6,1,51,player_top,804.088623046875,238.45848083496094,778.7156982421875,168.38426208496094,829.4615478515625,238.45848083496094,0.8485304117202759
game8/Clip6,2,52,player_bottom,551.2874145507812,604.4258422851562,521.5545654296875,480.1681213378906,581.020263671875,604.4258422851562,0.8561165928840637
game8/Clip6,2,51,player_top,803.9603881835938,238.49588012695312,778.7547607421875,168.90536499023438,829.166015625,238.49588012695312,0.8529148101806641
game8/Clip6,3,52,player_bottom,552.3140869140625,600.377685546875,522.2472534179688,474.22235107421875,582.3809814453125,600.377685546875,0.812075674533844
game8/Clip6,3,51,player_top,803.94775390625,238.53294372558594,778.7977905273438,169.12857055664062,829.0977172851562,238.53294372558594,0.8530660271644592
game8/Clip6,4,52,player_bottom,555.8779296875,597.2606811523438,525.169677734375,467.1596374511719,586.5862426757812,597.2606811523438,0.8283901214599609
game8/Clip6,4,51,player_top,804.0390625,238.5589599609375,778.8306274414062,169.02499389648438,829.2474975585938,238.5589599609375,0.8538209199905396
game8/Clip6,5,52,player_bottom,561.4622802734375,594.1043090820312,528.5056762695312,452.99041748046875,594.4188842773438,594.1043090820312,0.7930571436882019
game8/Clip6,5,51,player_top,804.045166015625,238.4959259033203,778.5791625976562,168.22955322265625,829.51123046875,238.4959259033203,0.8591304421424866
game8/Clip6,6,52,player_bottom,565.9219970703125,592.19921875,530.7122802734375,438.954833984375,601.1317749023438,592.19921875,0.8426317572593689
game8/Clip6,6,51,player_top,803.6694946289062,238.62490844726562,777.6104736328125,166.67434692382812,829.728515625,238.62490844726562,0.8635054230690002
game8/Clip6,7,52,player_bottom,569.9691162109375,589.6469116210938,538.7430419921875,452.6860046386719,601.1951904296875,589.6469116210938,0.8461784720420837
game8/Clip6,7,51,player_top,803.3114624023438,238.6156768798828,776.8865966796875,165.5846710205078,829.736328125,238.6156768798828,0.8722938895225525
game8/Clip6,8,52,player_bottom,572.2813110351562,588.161865234375,543.3233032226562,460.0595703125,601.2393188476562,588.161865234375,0.8709004521369934
game8/Clip6,8,51,player_top,802.987060546875,238.60203552246094,776.2283325195312,164.4860382080078,829.7457885742188,238.60203552246094,0.8605892062187195
game8/Clip6,9,52,player_bottom,572.9437255859375,587.8460083007812,545.5138549804688,465.36029052734375,600.3735961914062,587.8460083007812,0.8759175539016724
game8/Clip6,9,51,player_top,801.783203125,238.49803161621094,774.8309326171875,163.983154296875,828.7355346679688,238.49803161621094,0.8587976098060608
game8/Clip6,10,52,player_bottom,571.8165893554688,587.7654418945312,545.6514892578125,469.7775573730469,597.981689453125,587.7654418945312,0.8597367405891418
game8/Clip6,10,51,player_top,800.3803100585938,238.46792602539062,773.1430053710938,163.50552368164062,827.6176147460938,238.46792602539062,0.8183797001838684
game8/Clip6,11,52,player_bottom,570.6439208984375,587.9857788085938,545.61962890625,474.5534973144531,595.668212890625,587.9857788085938,0.857262372970581
game8/Clip6,11,51,player_top,799.606689453125,238.3376922607422,772.5899658203125,164.4828338623047,826.6234741210938,238.3376922607422,0.8331975340843201
game8/Clip6,12,52,player_bottom,569.1695556640625,588.1236572265625,545.1978149414062,479.4813537597656,593.1412353515625,588.1236572265625,0.8691397905349731
game8/Clip6,12,51,player_top,798.9384765625,238.1431121826172,772.4150390625,166.231689453125,825.4619750976562,238.1431121826172,0.8544080257415771
game8/Clip6,13,52,player_bottom,567.9656982421875,588.2777709960938,544.8297119140625,483.455810546875,591.1016235351562,588.2777709960938,0.8738191723823547
game8/Clip6,13,51,player_top,798.0856323242188,238.24850463867188,771.602783203125,166.84527587890625,824.5684814453125,238.24850463867188,0.8492266535758972
game8/Clip6,14,52,player_bottom,566.659423828125,588.2365112304688,543.9403686523438,485.51824951171875,589.37841796875,588.2365112304688,0.8573703765869141
game8/Clip6,14,51,player_top,796.0731201171875,238.4374237060547,769.7137451171875,167.1312713623047,822.4324951171875,238.4374237060547,0.8281189203262329
game8/Clip6,15,52,player_bottom,566.6494140625,588.10302734375,543.9474487304688,485.8306579589844,589.3513793945312,588.10302734375,0.8377254009246826
game8/Clip6,15,51,player_top,795.3455200195312,238.4373321533203,768.7685546875,166.119873046875,821.9224853515625,238.4373321533203,0.8352710604667664
game8/Clip6,16,52,player_bottom,566.7300415039062,588.2362060546875,543.6141357421875,484.8620300292969,589.845947265625,588.2362060546875,0.8208065032958984
game8/Clip6,16,51,player_top,796.87060546875,238.51551818847656,768.8497924804688,161.8253631591797,824.8914184570312,238.51551818847656,0.8169392347335815
game8/Clip6,17,52,player_bottom,566.2918701171875,588.1685180664062,542.5980834960938,483.43292236328125,589.9857177734375,588.1685180664062,0.861014187335968
game8/Clip6,17,51,player_top,798.32666015625,238.43890380859375,770.233154296875,160.61322021484375,826.4201049804688,238.43890380859375,0.8512480854988098
game8/Clip6,18,52,player_bottom,567.4595336914062,587.8356323242188,543.427978515625,481.9852294921875,591.4910888671875,587.8356323242188,0.8867900967597961
game8/Clip6,18,51,player_top,802.2650146484375,238.3745880126953,774.9719848632812,161.12757873535156,829.5580444335938,238.3745880126953,0.8223865628242493
game8/Clip6,19,52,player_bottom,568.9910888671875,587.9085693359375,544.7685546875,480.7929382324219,593.2136840820312,587.9085693359375,0.8589248657226562
game8/Clip6,19,51,player_top,807.10205078125,239.07601928710938,780.1702270507812,161.010009765625,834.033935546875,239.07601928710938,0.8234021663665771
game8/Clip6,20,52,player_bottom,570.2578735351562,590.2281494140625,545.645263671875,480.3150329589844,594.8704833984375,590.2281494140625,0.8577725291252136
game8/Clip6,20,51,player_top,811.203369140625,240.41062927246094,785.1495971679688,162.65489196777344,837.2571411132812,240.41062927246094,0.8037371635437012
game8/Clip6,21,52,player_bottom,570.6542358398438,595.674560546875,545.1139526367188,480.1338195800781,596.1945190429688,595.674560546875,0.8295963406562805
game8/Clip6,21,51,player_top,815.0067138671875,240.9463653564453,789.041748046875,162.2841339111328,840.9716796875,240.9463653564453,0.7675488591194153
game8/Clip6,22,52,player_bottom,570.741455078125,599.7950439453125,544.8770751953125,480.9093322753906,596.6058349609375,599.7950439453125,0.8566309213638306
game8/Clip6,22,51,player_top,817.77490234375,241.213134765625,790.0409545898438,155.95701599121094,845.5089111328125,241.213134765625,0.8523024916648865
game8/Clip6,23,52,player_bottom,570.104248046875,603.4808959960938,543.9427490234375,482.1107482910156,596.2657470703125,603.4808959960938,0.8523184657096863
game8/Clip6,23,51,player_top,821.540771484375,241.32298278808594,793.2047729492188,154.34042358398438,849.8767700195312,241.32298278808594,0.8391676545143127
game8/Clip6,24,52,player_bottom,570.1749267578125,607.038330078125,543.78662109375,483.7179870605469,596.5631713867188,607.038330078125,0.856462299823761
game8/Clip6,24,51,player_top,825.4502563476562,241.235595703125,797.5408935546875,157.08128356933594,853.359619140625,241.235595703125,0.8468793034553528
game8/Clip6,25,52,player_bottom,569.8394775390625,609.1776123046875,543.413330078125,484.9554138183594,596.2655639648438,609.1776123046875,0.8598384261131287
game8/Clip6,25,51,player_top,827.0465087890625,241.01478576660156,799.7003784179688,159.99154663085938,854.3926391601562,241.01478576660156,0.8852857947349548
game8/Clip6,26,52,player_bottom,569.6134643554688,610.8430786132812,543.075439453125,485.3957214355469,596.1514892578125,610.8430786132812,0.8564574122428894
game8/Clip6,26,51,player_top,828.113037109375,240.7477569580078,800.8326416015625,161.09078979492188,855.3933715820312,240.7477569580078,0.8797308206558228
game8/Clip6,27,52,player_bottom,568.811279296875,612.0994262695312,542.1544799804688,485.5312194824219,595.468017578125,612.0994262695312,0.8572450876235962
game8/Clip6,27,51,player_top,829.8382568359375,240.6436004638672,802.2644653320312,160.65066528320312,857.4119873046875,240.6436004638672,0.8781918287277222
game8/Clip6,28,52,player_bottom,567.6236572265625,613.1408081054688,540.7763061523438,485.0047302246094,594.4710083007812,613.1408081054688,0.863012969493866
game8/Clip6,28,51,player_top,833.7061767578125,240.59092712402344,805.56298828125,159.0575714111328,861.849365234375,240.59092712402344,0.8693050146102905
game8/Clip6,29,52,player_bottom,566.59619140625,613.7154541015625,539.6679077148438,484.291015625,593.5244750976562,613.7154541015625,0.8718821406364441
game8/Clip6,29,51,player_top,837.2168579101562,240.82020568847656,808.4100341796875,156.57778930664062,866.023681640625,240.82020568847656,0.8164594173431396
game8/Clip6,30,52,player_bottom,566.1656494140625,613.731201171875,539.2734985351562,484.0472717285156,593.0577392578125,613.731201171875,0.8710849285125732
game8/Clip6,30,51,player_top,840.7666015625,241.1529083251953,811.8970336914062,155.54052734375,869.6361083984375,241.1529083251953,0.8413895964622498
game8/Clip6,31,52,player_bottom,565.7950439453125,614.1383056640625,538.8502807617188,484.3710021972656,592.7398681640625,614.1383056640625,0.8836925625801086
game8/Clip6,31,51,player_top,844.3306274414062,240.16323852539062,815.7703247070312,154.3447723388672,872.8909301757812,240.16323852539062,0.8709137439727783
game8/Clip6,32,52,player_bottom,561.81787109375,615.1597290039062,534.3562622070312,485.3368835449219,589.279541015625,615.1597290039062,0.8883011341094971
game8/Clip6,32,51,player_top,846.8485107421875,240.32664489746094,818.6135864257812,154.4033660888672,875.0833740234375,240.32664489746094,0.8796535134315491
game8/Clip6,33,52,player_bottom,556.8974609375,617.611572265625,528.6935424804688,488.04681396484375,585.1014404296875,617.611572265625,0.9080430865287781
game8/Clip6,33,51,player_top,852.5795288085938,240.02647399902344,824.0584106445312,154.28033447265625,881.1006469726562,240.02647399902344,0.8497563004493713
game8/Clip6,34,52,player_bottom,551.1864013671875,621.6580810546875,522.035888671875,491.34002685546875,580.3369140625,621.6580810546875,0.9070035219192505
game8/Clip6,34,51,player_top,857.2176513671875,241.0917510986328,828.19921875,155.357666015625,886.2361450195312,241.0917510986328,0.8426332473754883
game8/Clip6,35,52,player_bottom,545.8131103515625,625.6802978515625,515.6141967773438,495.88140869140625,576.0120849609375,625.6802978515625,0.9190798401832581
game8/Clip6,35,51,player_top,860.4583740234375,241.81103515625,831.01171875,155.81912231445312,889.9050903320312,241.81103515625,0.7624313235282898
game8/Clip6,36,52,player_bottom,542.19921875,629.0847778320312,511.08355712890625,500.7790222167969,573.31494140625,629.0847778320312,0.9124599099159241
game8/Clip6,36,51,player_top,862.3392333984375,242.24452209472656,833.7237548828125,160.1677703857422,890.9547119140625,242.24452209472656,0.8377857804298401
game8/Clip6,37,52,player_bottom,541.2515869140625,630.4754028320312,509.6669616699219,505.1660461425781,572.8362426757812,630.4754028320312,0.8982734084129333
game8/Clip6,37,51,player_top,865.7334594726562,242.6163330078125,837.7700805664062,162.52587890625,893.6968383789062,242.6163330078125,0.8149400949478149
game8/Clip6,38,52,player_bottom,543.9954223632812,630.5859375,512.041259765625,506.77587890625,575.9495849609375,630.5859375,0.90812748670578
game8/Clip6,38,51,player_top,868.7425537109375,242.52032470703125,841.6768798828125,164.66358947753906,895.8082885742188,242.52032470703125,0.8198988437652588
game8/Clip6,39,52,player_bottom,544.1251220703125,631.0507202148438,511.20184326171875,506.2869567871094,577.04833984375,631.0507202148438,0.9022789001464844
game8/Clip6,39,51,player_top,871.0660400390625,242.40771484375,845.0407104492188,166.8780059814453,897.09130859375,242.40771484375,0.8316109776496887
game8/Clip6,40,52,player_bottom,539.9701538085938,632.05712890625,505.6530456542969,505.85797119140625,574.2872924804688,632.05712890625,0.8787190318107605
game8/Clip6,40,51,player_top,872.2482299804688,242.26889038085938,846.5662231445312,166.81832885742188,897.9302368164062,242.26889038085938,0.8138604760169983
game8/Clip6,41,52,player_bottom,529.678955078125,632.50244140625,495.05975341796875,506.927001953125,564.2982177734375,632.50244140625,0.8348312377929688
game8/Clip6,41,51,player_top,872.8192749023438,242.13034057617188,846.835693359375,164.5649871826172,898.8028564453125,242.13034057617188,0.7501389980316162
game8/Clip6,42,52,player_bottom,516.4029541015625,632.5957641601562,481.64727783203125,506.825439453125,551.1585693359375,632.5957641601562,0.8661186695098877
game8/Clip6,42,51,player_top,870.0238037109375,242.06910705566406,840.8889770507812,153.94647216796875,899.1586303710938,242.06910705566406,0.7649689316749573
game8/Clip6,43,52,player_bottom,506.2523498535156,632.4873046875,471.5162353515625,506.8873596191406,540.9884643554688,632.4873046875,0.8807738423347473
game8/Clip6,43,51,player_top,868.2193603515625,241.96072387695312,837.7884521484375,148.80052185058594,898.6502685546875,241.96072387695312,0.7922640442848206
game8/Clip6,44,52,player_bottom,498.91778564453125,632.051513671875,463.8922424316406,506.2687072753906,533.9432983398438,632.051513671875,0.8913577795028687
game8/Clip6,44,51,player_top,866.5145263671875,241.81182861328125,836.211669921875,148.258544921875,896.8173828125,241.81182861328125,0.6756813526153564
game8/Clip6,45,52,player_bottom,488.5855712890625,624.3416748046875,455.34478759765625,506.26806640625,521.8263549804688,624.3416748046875,0.8460634350776672
game8/Clip6,45,51,player_top,863.93017578125,240.633544921875,836.5302124023438,156.42239379882812,891.330078125,240.633544921875,0.7409724593162537
game8/Clip6,46,52,player_bottom,474.23394775390625,624.4775390625,441.3636779785156,506.6455993652344,507.1042175292969,624.4775390625,0.7339447140693665
game8/Clip6,46,51,player_top,859.23876953125,239.44578552246094,832.564697265625,156.32176208496094,885.9127807617188,239.44578552246094,0.75913006067276
game8/Clip6,47,52,player_bottom,463.06201171875,625.4439697265625,430.9161071777344,507.80426025390625,495.2078857421875,625.4439697265625,0.8093211650848389
game8/Clip6,47,51,player_top,853.7647705078125,239.88450622558594,827.9241333007812,157.13821411132812,879.6053466796875,239.88450622558594,0.7762484550476074
game8/Clip6,48,52,player_bottom,450.7052001953125,626.00390625,418.4949035644531,510.3645935058594,482.91552734375,626.00390625,0.8879240155220032
game8/Clip6,48,51,player_top,849.229736328125,240.031494140625,824.3330078125,158.03134155273438,874.1265258789062,240.031494140625,0.817065417766571
game8/Clip6,49,52,player_bottom,440.641357421875,626.2562866210938,407.5577087402344,512.065673828125,473.7250061035156,626.2562866210938,0.8787577152252197
game8/Clip6,49,51,player_top,844.2781982421875,235.82437133789062,821.13427734375,157.73854064941406,867.4220581054688,235.82437133789062,0.7870680689811707
game8/Clip6,50,52,player_bottom,431.4662780761719,625.6856689453125,397.1132507324219,513.5764770507812,465.8193054199219,625.6856689453125,0.8676180243492126
game8/Clip6,50,51,player_top,838.4742431640625,235.67420959472656,816.480224609375,158.69781494140625,860.4682006835938,235.67420959472656,0.7603188753128052
game8/Clip6,51,52,player_bottom,420.2807922363281,622.8511962890625,384.3003234863281,514.2660522460938,456.2612609863281,622.8511962890625,0.8085739016532898
game8/Clip6,51,51,player_top,833.18310546875,237.99444580078125,811.6340942382812,159.4814453125,854.732177734375,237.99444580078125,0.7651591897010803
game8/Clip6,52,52,player_bottom,409.348388671875,623.6397094726562,371.5501403808594,515.7938232421875,447.1466064453125,623.6397094726562,0.8375670313835144
game8/Clip6,52,51,player_top,829.5391845703125,238.73672485351562,808.8599853515625,161.13870239257812,850.2183837890625,238.73672485351562,0.7917265295982361
game8/Clip6,53,52,player_bottom,391.5747985839844,628.87060546875,350.5299072265625,518.0465698242188,432.61968994140625,628.87060546875,0.8875636458396912
game8/Clip6,53,51,player_top,826.0167236328125,239.08119201660156,806.0340576171875,163.52545166015625,845.9993286132812,239.08119201660156,0.8073669672012329
game8/Clip6,54,52,player_bottom,380.913818359375,631.0169677734375,338.49920654296875,520.3963623046875,423.32843017578125,631.0169677734375,0.8565012812614441
game8/Clip6,54,51,player_top,819.4183349609375,239.4381561279297,799.0570068359375,164.75790405273438,839.7797241210938,239.4381561279297,0.8328016400337219
game8/Clip6,55,52,player_bottom,369.4608154296875,631.5722045898438,326.9652404785156,521.5198974609375,411.9564208984375,631.5722045898438,0.8774016499519348
game8/Clip6,55,51,player_top,814.059326171875,240.05108642578125,792.6981201171875,165.2476043701172,835.4205932617188,240.05108642578125,0.83970707654953
game8/Clip6,56,52,player_bottom,349.9619140625,631.9048461914062,308.9190979003906,521.471435546875,391.0047302246094,631.9048461914062,0.5914689898490906
game8/Clip6,56,51,player_top,809.3797607421875,240.77154541015625,786.2618408203125,163.70193481445312,832.4976806640625,240.77154541015625,0.8219853639602661
game8/Clip6,57,52,player_bottom,339.02484130859375,632.0655517578125,298.9061584472656,520.4949951171875,379.1435241699219,632.0655517578125,0.8707088828086853
game8/Clip6,57,51,player_top,805.5333251953125,241.20053100585938,781.6036376953125,164.15118408203125,829.4629516601562,241.20053100585938,0.835074245929718
game8/Clip6,58,52,player_bottom,328.52349853515625,631.6484985351562,288.7298583984375,516.2869873046875,368.3171081542969,631.6484985351562,0.8734863996505737
game8/Clip6,58,51,player_top,801.1707763671875,241.27354431152344,776.827880859375,163.9987030029297,825.5136108398438,241.27354431152344,0.8207056522369385
game8/Clip6,59,52,player_bottom,320.4935302734375,631.852294921875,281.3578186035156,514.2515869140625,359.6292419433594,631.852294921875,0.8574567437171936
game8/Clip6,59,51,player_top,796.2734375,241.2262725830078,771.8528442382812,162.75222778320312,820.6939697265625,241.2262725830078,0.8575353622436523
game8/Clip6,60,52,player_bottom,306.87994384765625,630.8231811523438,267.3378601074219,512.0174560546875,346.4220275878906,630.8231811523438,0.8835560083389282
game8/Clip6,60,51,player_top,788.8071899414062,241.22698974609375,765.2225952148438,162.1815185546875,812.3917846679688,241.22698974609375,0.8072925806045532
game8/Clip6,61,52,player_bottom,295.9102783203125,630.3696899414062,254.9778594970703,509.0279235839844,336.84271240234375,630.3696899414062,0.8977380394935608
game8/Clip6,61,51,player_top,783.1912841796875,241.797119140625,760.3220825195312,161.6140899658203,806.060546875,241.797119140625,0.795783519744873
game8/Clip6,62,52,player_bottom,286.8213806152344,629.8805541992188,244.7234344482422,507.52557373046875,328.9193420410156,629.8805541992188,0.9103946089744568
game8/Clip6,62,51,player_top,778.7045288085938,242.75332641601562,756.3804931640625,160.68338012695312,801.028564453125,242.75332641601562,0.7780815958976746
game8/Clip6,63,52,player_bottom,280.8900146484375,629.5965576171875,237.92100524902344,506.7157287597656,323.8590393066406,629.5965576171875,0.9170194864273071
game8/Clip6,63,51,player_top,774.03857421875,242.5472869873047,752.760009765625,160.8538360595703,795.3170776367188,242.5472869873047,0.7636951804161072
game8/Clip6,64,52,player_bottom,276.94012451171875,629.6940307617188,233.35873413085938,505.8158874511719,320.521484375,629.6940307617188,0.9144854545593262
game8/Clip6,64,51,player_top,769.3477783203125,242.52423095703125,748.845458984375,160.91270446777344,789.8501586914062,242.52423095703125,0.7644505500793457
game8/Clip6,65,52,player_bottom,272.2896728515625,629.6473999023438,228.169677734375,503.2638854980469,316.4096984863281,629.6473999023438,0.9064411520957947
game8/Clip6,65,51,player_top,764.0455322265625,242.54611206054688,743.9631958007812,160.4654998779297,784.1278076171875,242.54611206054688,0.788966953754425
game8/Clip6,66,52,player_bottom,267.59088134765625,629.2978515625,223.40252685546875,500.1064758300781,311.7792053222656,629.2978515625,0.899538516998291
game8/Clip6,66,51,player_top,758.3938598632812,245.5737762451172,737.8667602539062,160.1599884033203,778.9209594726562,245.5737762451172,0.8151409029960632
game8/Clip6,67,52,player_bottom,262.10821533203125,629.1182861328125,218.31561279296875,496.80389404296875,305.9007873535156,629.1182861328125,0.8887536525726318
game8/Clip6,67,51,player_top,754.0011596679688,246.9407958984375,733.7984008789062,160.7075653076172,774.2039184570312,246.9407958984375,0.8284009695053101
game8/Clip6,68,52,player_bottom,256.3725280761719,629.0188598632812,213.38284301757812,492.9930725097656,299.3622131347656,629.0188598632812,0.8467130661010742
game8/Clip6,68,51,player_top,750.7546997070312,247.70574951171875,731.0563354492188,161.31532287597656,770.4530639648438,247.70574951171875,0.815396785736084
game8/Clip6,69,52,player_bottom,252.56781005859375,629.1058959960938,210.66456604003906,489.5858154296875,294.4710388183594,629.1058959960938,0.8362752199172974
game8/Clip6,69,51,player_top,747.3524169921875,248.11476135253906,728.041259765625,161.35313415527344,766.6635131835938,248.11476135253906,0.8073266744613647
game8/Clip6,70,52,player_bottom,249.41697692871094,628.3739624023438,209.1478271484375,487.1947021484375,289.6861267089844,628.3739624023438,0.8348463773727417
game8/Clip6,70,51,player_top,743.514404296875,248.798095703125,724.3486328125,160.6397705078125,762.6802368164062,248.798095703125,0.8343778252601624
game8/Clip6,71,52,player_bottom,244.89295959472656,627.9901123046875,205.97418212890625,485.3663330078125,283.8117370605469,627.9901123046875,0.8293473720550537
game8/Clip6,71,51,player_top,740.133544921875,248.8452606201172,721.1691284179688,160.03318786621094,759.0979614257812,248.8452606201172,0.8489468097686768
game8/Clip6,72,52,player_bottom,239.7921600341797,627.6625366210938,202.49383544921875,485.8148193359375,277.0904846191406,627.6625366210938,0.8209667801856995
game8/Clip6,72,51,player_top,735.7688598632812,248.8773651123047,716.9039916992188,159.5698699951172,754.6337280273438,248.8773651123047,0.8640038371086121
game8/Clip6,73,52,player_bottom,233.30178833007812,628.0693969726562,197.35848999023438,488.0307312011719,269.2450866699219,628.0693969726562,0.871780276298523
game8/Clip6,73,51,player_top,731.6181030273438,248.8148193359375,712.565185546875,159.03041076660156,750.6710205078125,248.8148193359375,0.8775135278701782
game8/Clip6,74,52,player_bottom,226.1251220703125,628.988037109375,190.95936584472656,490.271484375,261.2908630371094,628.988037109375,0.8953535556793213
game8/Clip6,74,51,player_top,728.017333984375,248.92483520507812,708.64794921875,159.04940795898438,747.3867797851562,248.92483520507812,0.8633617162704468
game8/Clip6,75,52,player_bottom,219.57235717773438,629.2356567382812,185.22190856933594,493.45672607421875,253.9228057861328,629.2356567382812,0.8989556431770325
game8/Clip6,75,51,player_top,726.3343505859375,248.942626953125,706.5921020507812,158.4831085205078,746.07666015625,248.942626953125,0.8659183979034424
game8/Clip6,76,52,player_bottom,212.75137329101562,629.407958984375,178.70932006835938,496.1153869628906,246.7934112548828,629.407958984375,0.9023833274841309
game8/Clip6,76,51,player_top,724.8287353515625,248.89447021484375,705.0784912109375,159.09205627441406,744.5789794921875,248.89447021484375,0.8517858982086182
game8/Clip6,77,52,player_bottom,208.81381225585938,629.2421875,174.69529724121094,497.5808410644531,242.9323272705078,629.2421875,0.9025878310203552
game8/Clip6,77,51,player_top,723.42529296875,249.00827026367188,703.6558837890625,159.19065856933594,743.1947631835938,249.00827026367188,0.8534199595451355
game8/Clip6,78,52,player_bottom,206.8326873779297,629.2023315429688,172.2799835205078,497.8585510253906,241.38539123535156,629.2023315429688,0.9087873697280884
game8/Clip6,78,51,player_top,721.9266357421875,248.76055908203125,702.3893432617188,159.23851013183594,741.4638671875,248.76055908203125,0.8354371190071106
game8/Clip6,79,52,player_bottom,206.07940673828125,629.5074462890625,171.00741577148438,497.8003845214844,241.1514129638672,629.5074462890625,0.9020861387252808
game8/Clip6,79,51,player_top,719.6130981445312,248.595458984375,700.3978271484375,158.50772094726562,738.828369140625,248.595458984375,0.7940881848335266
game8/Clip6,80,52,player_bottom,206.03805541992188,629.6661376953125,170.3434600830078,497.15069580078125,241.73265075683594,629.6661376953125,0.9075573682785034
game8/Clip6,80,51,player_top,716.6301879882812,248.5798797607422,697.8108520507812,157.55804443359375,735.4495239257812,248.5798797607422,0.7981444001197815
game8/Clip6,81,52,player_bottom,204.06182861328125,629.640625,168.34097290039062,497.26141357421875,239.78269958496094,629.640625,0.8929261565208435
game8/Clip6,81,51,player_top,713.980712890625,248.0849609375,695.8392944335938,157.4299774169922,732.1221923828125,248.0849609375,0.746846079826355
game8/Clip6,82,52,player_bottom,202.92308044433594,629.6759643554688,167.11940002441406,496.771484375,238.7267608642578,629.6759643554688,0.8943564295768738
game8/Clip6,82,51,player_top,711.4481811523438,248.1869659423828,693.7432861328125,157.09823608398438,729.153076171875,248.1869659423828,0.7914484739303589
game8/Clip6,83,52,player_bottom,199.94879150390625,629.6317138671875,164.50665283203125,496.6669616699219,235.3909454345703,629.6317138671875,0.8706331849098206
game8/Clip6,83,51,player_top,709.34375,248.06143188476562,692.1239624023438,157.35108947753906,726.5635375976562,248.06143188476562,0.7787071466445923
game8/Clip6,84,52,player_bottom,196.40380859375,629.8218383789062,161.6168975830078,496.8233642578125,231.1907196044922,629.8218383789062,0.8608601689338684
game8/Clip6,84,51,player_top,705.6622314453125,247.93569946289062,688.5149536132812,157.0323028564453,722.8095703125,247.93569946289062,0.8305542469024658
game8/Clip6,85,52,player_bottom,192.37173461914062,630.0941772460938,158.5033721923828,496.74249267578125,226.24009704589844,630.0941772460938,0.8509429097175598
game8/Clip6,85,51,player_top,702.73974609375,247.88282775878906,685.5208129882812,156.73135375976562,719.9586791992188,247.88282775878906,0.8169734477996826
game8/Clip6,86,52,player_bottom,192.37173461914062,630.0941772460938,158.5033721923828,496.74249267578125,226.24009704589844,630.0941772460938,0.8509429097175598
game8/Clip6,86,51,player_top,700.4222412109375,247.58045959472656,683.0780029296875,156.86045837402344,717.7665405273438,247.58045959472656,0.8375458717346191
game8/Clip6,87,52,player_bottom,192.37173461914062,630.0941772460938,158.5033721923828,496.74249267578125,226.24009704589844,630.0941772460938,0.8509429097175598
game8/Clip6,87,51,player_top,699.6056518554688,247.63177490234375,682.0704345703125,156.8975067138672,717.140869140625,247.63177490234375,0.8414403796195984
game8/Clip6,88,52,player_bottom,192.37173461914062,630.0941772460938,158.5033721923828,496.74249267578125,226.24009704589844,630.0941772460938,0.8509429097175598
game8/Clip6,88,51,player_top,698.2811279296875,247.8014373779297,680.4436645507812,157.2042999267578,716.1185302734375,247.8014373779297,0.8704385757446289
game8/Clip6,89,52,player_bottom,192.37173461914062,630.0941772460938,158.5033721923828,496.74249267578125,226.24009704589844,630.0941772460938,0.8509429097175598
game8/Clip6,89,51,player_top,697.5867919921875,248.04644775390625,679.392578125,157.2108917236328,715.7809448242188,248.04644775390625,0.888605535030365
game8/Clip6,90,52,player_bottom,192.37173461914062,630.0941772460938,158.5033721923828,496.74249267578125,226.24009704589844,630.0941772460938,0.8509429097175598
game8/Clip6,90,51,player_top,696.610107421875,247.931640625,678.3338623046875,157.45960998535156,714.8862915039062,247.931640625,0.8841238021850586
game8/Clip6,91,52,player_bottom,192.37173461914062,630.0941772460938,158.5033721923828,496.74249267578125,226.24009704589844,630.0941772460938,0.8509429097175598
game8/Clip6,91,51,player_top,695.386474609375,247.49700927734375,677.1962280273438,157.46083068847656,713.57666015625,247.49700927734375,0.8702967762947083
game8/Clip6,92,52,player_bottom,192.37173461914062,630.0941772460938,158.5033721923828,496.74249267578125,226.24009704589844,630.0941772460938,0.8509429097175598
game8/Clip6,92,51,player_top,693.4699096679688,247.60655212402344,675.2981567382812,156.711669921875,711.6416625976562,247.60655212402344,0.8548182249069214
game8/Clip6,93,52,player_bottom,192.37173461914062,630.0941772460938,158.5033721923828,496.74249267578125,226.24009704589844,630.0941772460938,0.8509429097175598
game8/Clip6,93,51,player_top,691.4639282226562,247.52386474609375,673.5148315429688,156.17092895507812,709.4130249023438,247.52386474609375,0.8398971557617188
game8/Clip6,94,52,player_bottom,192.37173461914062,630.0941772460938,158.5033721923828,496.74249267578125,226.24009704589844,630.0941772460938,0.8509429097175598
game8/Clip6,94,51,player_top,689.762939453125,247.3684844970703,672.1356201171875,155.94720458984375,707.3901977539062,247.3684844970703,0.8174622654914856
game8/Clip6,95,52,player_bottom,192.37173461914062,630.0941772460938,158.5033721923828,496.74249267578125,226.24009704589844,630.0941772460938,0.8509429097175598
game8/Clip6,95,51,player_top,687.92138671875,247.10931396484375,670.5526123046875,155.41070556640625,705.2901611328125,247.10931396484375,0.8158701658248901
game8/Clip6,96,52,player_bottom,192.37173461914062,630.0941772460938,158.5033721923828,496.74249267578125,226.24009704589844,630.0941772460938,0.8509429097175598
game8/Clip6,96,51,player_top,686.6309814453125,246.91110229492188,669.531005859375,155.1983642578125,703.73095703125,246.91110229492188,0.8067917823791504
game8/Clip6,97,52,player_bottom,192.37173461914062,630.0941772460938,158.5033721923828,496.74249267578125,226.24009704589844,630.0941772460938,0.8509429097175598
game8/Clip6,97,51,player_top,685.3038330078125,246.87832641601562,668.5274047851562,155.22467041015625,702.0802612304688,246.87832641601562,0.7561717629432678
game8/Clip6,98,52,player_bottom,192.37173461914062,630.0941772460938,158.5033721923828,496.74249267578125,226.24009704589844,630.0941772460938,0.8509429097175598
game8/Clip6,98,51,player_top,684.26318359375,246.6185302734375,667.8115234375,155.00137329101562,700.7147827148438,246.6185302734375,0.7857814431190491
game8/Clip6,99,52,player_bottom,192.37173461914062,630.0941772460938,158.5033721923828,496.74249267578125,226.24009704589844,630.0941772460938,0.8509429097175598
game8/Clip6,99,51,player_top,682.2363891601562,246.65037536621094,665.9972534179688,155.02456665039062,698.4755249023438,246.65037536621094,0.8208453059196472
game8/Clip6,100,52,player_bottom,192.37173461914062,630.0941772460938,158.5033721923828,496.74249267578125,226.24009704589844,630.0941772460938,0.8509429097175598
game8/Clip6,100,51,player_top,680.9324951171875,246.51846313476562,664.883544921875,155.39060974121094,696.9814453125,246.51846313476562,0.8413587808609009
game8/Clip6,101,52,player_bottom,192.37173461914062,630.0941772460938,158.5033721923828,496.74249267578125,226.24009704589844,630.0941772460938,0.8509429097175598
game8/Clip6,101,51,player_top,679.241455078125,246.55885314941406,663.2681884765625,155.59457397460938,695.2147827148438,246.55885314941406,0.828350841999054
game8/Clip6,102,52,player_bottom,192.37173461914062,630.0941772460938,158.5033721923828,496.74249267578125,226.24009704589844,630.0941772460938,0.8509429097175598
game8/Clip6,102,51,player_top,678.36376953125,246.7066650390625,662.43896484375,155.69371032714844,694.28857421875,246.7066650390625,0.8194188475608826
game8/Clip6,103,52,player_bottom,192.37173461914062,630.0941772460938,158.5033721923828,496.74249267578125,226.24009704589844,630.0941772460938,0.8509429097175598
game8/Clip6,103,51,player_top,677.5775146484375,246.2786102294922,661.7926635742188,155.66610717773438,693.3624267578125,246.2786102294922,0.819724440574646
game8/Clip6,104,52,player_bottom,192.37173461914062,630.0941772460938,158.5033721923828,496.74249267578125,226.24009704589844,630.0941772460938,0.8509429097175598
game8/Clip6,104,51,player_top,676.8017578125,245.8597869873047,661.0963134765625,155.0251007080078,692.5072021484375,245.8597869873047,0.8154472708702087
game8/Clip6,105,52,player_bottom,192.37173461914062,630.0941772460938,158.5033721923828,496.74249267578125,226.24009704589844,630.0941772460938,0.8509429097175598
game8/Clip6,105,51,player_top,675.822265625,244.80191040039062,660.37353515625,154.7116241455078,691.2709350585938,244.80191040039062,0.8059453964233398
game8/Clip6,106,52,player_bottom,192.37173461914062,630.0941772460938,158.5033721923828,496.74249267578125,226.24009704589844,630.0941772460938,0.8509429097175598
game8/Clip6,106,51,player_top,674.50341796875,243.73150634765625,659.3340454101562,154.21603393554688,689.6727294921875,243.73150634765625,0.8121273517608643
game8/Clip6,107,52,player_bottom,192.37173461914062,630.0941772460938,158.5033721923828,496.74249267578125,226.24009704589844,630.0941772460938,0.8509429097175598
game8/Clip6,107,51,player_top,673.1646728515625,241.7462921142578,658.3201293945312,153.589111328125,688.00927734375,241.7462921142578,0.8128690719604492
game8/Clip6,108,52,player_bottom,192.37173461914062,630.0941772460938,158.5033721923828,496.74249267578125,226.24009704589844,630.0941772460938,0.8509429097175598
game8/Clip6,108,51,player_top,671.8968505859375,241.00221252441406,657.169921875,153.0619659423828,686.6238403320312,241.00221252441406,0.8206019401550293
game8/Clip6,109,52,player_bottom,192.37173461914062,630.0941772460938,158.5033721923828,496.74249267578125,226.24009704589844,630.0941772460938,0.8509429097175598
game8/Clip6,109,51,player_top,670.5932006835938,240.93685913085938,655.875244140625,152.49256896972656,685.3111572265625,240.93685913085938,0.8133366107940674
game8/Clip6,110,52,player_bottom,192.37173461914062,630.0941772460938,158.5033721923828,496.74249267578125,226.24009704589844,630.0941772460938,0.8509429097175598
game8/Clip6,110,51,player_top,669.6197509765625,240.8333740234375,654.9590454101562,152.1477508544922,684.2804565429688,240.8333740234375,0.8314582705497742
game8/Clip6,111,52,player_bottom,192.37173461914062,630.0941772460938,158.5033721923828,496.74249267578125,226.24009704589844,630.0941772460938,0.8509429097175598
game8/Clip6,111,51,player_top,668.6849975585938,240.67845153808594,654.06689453125,151.7883758544922,683.3031005859375,240.67845153808594,0.8421063423156738
game8/Clip6,112,52,player_bottom,192.37173461914062,630.0941772460938,158.5033721923828,496.74249267578125,226.24009704589844,630.0941772460938,0.8509429097175598
game8/Clip6,112,51,player_top,667.49169921875,240.242431640625,652.9086303710938,151.42190551757812,682.0747680664062,240.242431640625,0.8202937841415405
game8/Clip6,113,52,player_bottom,192.37173461914062,630.0941772460938,158.5033721923828,496.74249267578125,226.24009704589844,630.0941772460938,0.8509429097175598
game8/Clip6,113,51,player_top,665.6990966796875,239.80831909179688,651.0668334960938,151.13491821289062,680.3314208984375,239.80831909179688,0.8151068091392517
game8/Clip6,114,52,player_bottom,192.37173461914062,630.0941772460938,158.5033721923828,496.74249267578125,226.24009704589844,630.0941772460938,0.8509429097175598
game8/Clip6,114,51,player_top,664.2554931640625,239.4119873046875,649.564697265625,151.0955810546875,678.9462890625,239.4119873046875,0.8200639486312866
game8/Clip6,115,52,player_bottom,192.37173461914062,630.0941772460938,158.5033721923828,496.74249267578125,226.24009704589844,630.0941772460938,0.8509429097175598
game8/Clip6,115,51,player_top,663.165771484375,239.46282958984375,648.3783569335938,151.1686553955078,677.953125,239.46282958984375,0.8058494925498962
game8/Clip6,116,52,player_bottom,192.37173461914062,630.0941772460938,158.5033721923828,496.74249267578125,226.24009704589844,630.0941772460938,0.8509429097175598
game8/Clip6,116,51,player_top,662.5621337890625,239.05848693847656,647.7166137695312,150.74798583984375,677.40771484375,239.05848693847656,0.7981826066970825
game8/Clip6,117,52,player_bottom,192.37173461914062,630.0941772460938,158.5033721923828,496.74249267578125,226.24009704589844,630.0941772460938,0.8509429097175598
game8/Clip6,117,51,player_top,661.7547607421875,239.24359130859375,646.7886962890625,150.630859375,676.7207641601562,239.24359130859375,0.7891846299171448
game8/Clip6,118,52,player_bottom,192.37173461914062,630.0941772460938,158.5033721923828,496.74249267578125,226.24009704589844,630.0941772460938,0.8509429097175598
game8/Clip6,118,51,player_top,661.5531005859375,239.17942810058594,646.5829467773438,150.2412872314453,676.523193359375,239.17942810058594,0.7926267385482788
game8/Clip6,119,52,player_bottom,192.37173461914062,630.0941772460938,158.5033721923828,496.74249267578125,226.24009704589844,630.0941772460938,0.8509429097175598
game8/Clip6,119,51,player_top,661.0458984375,238.9268341064453,646.0057983398438,148.8076171875,676.0859985351562,238.9268341064453,0.8067560195922852
game8/Clip6,120,52,player_bottom,192.37173461914062,630.0941772460938,158.5033721923828,496.74249267578125,226.24009704589844,630.0941772460938,0.8509429097175598
game8/Clip6,120,51,player_top,660.484375,238.28750610351562,645.5552978515625,147.9129180908203,675.4133911132812,238.28750610351562,0.8140366077423096
game8/Clip6,121,52,player_bottom,192.37173461914062,630.0941772460938,158.5033721923828,496.74249267578125,226.24009704589844,630.0941772460938,0.8509429097175598
game8/Clip6,121,51,player_top,659.8585205078125,236.8600311279297,645.1570434570312,147.16891479492188,674.56005859375,236.8600311279297,0.8193969130516052
game8/Clip6,122,52,player_bottom,192.37173461914062,630.0941772460938,158.5033721923828,496.74249267578125,226.24009704589844,630.0941772460938,0.8509429097175598
game8/Clip6,122,51,player_top,659.20947265625,235.6824493408203,644.7504272460938,146.84463500976562,673.6685180664062,235.6824493408203,0.8111937642097473
game8/Clip6,123,52,player_bottom,192.37173461914062,630.0941772460938,158.5033721923828,496.74249267578125,226.24009704589844,630.0941772460938,0.8509429097175598
game8/Clip6,123,51,player_top,658.4517822265625,234.8759002685547,644.05224609375,146.0368194580078,672.8512573242188,234.8759002685547,0.8199719786643982
game8/Clip6,124,52,player_bottom,192.37173461914062,630.0941772460938,158.5033721923828,496.74249267578125,226.24009704589844,630.0941772460938,0.8509429097175598
game8/Clip6,124,51,player_top,658.0136108398438,234.3902130126953,643.5887451171875,144.97430419921875,672.4384765625,234.3902130126953,0.8198789358139038
game8/Clip6,125,52,player_bottom,192.37173461914062,630.0941772460938,158.5033721923828,496.74249267578125,226.24009704589844,630.0941772460938,0.8509429097175598
game8/Clip6,125,51,player_top,657.703125,233.85809326171875,643.34033203125,144.57640075683594,672.0658569335938,233.85809326171875,0.8202685713768005
game8/Clip6,126,52,player_bottom,192.37173461914062,630.0941772460938,158.5033721923828,496.74249267578125,226.24009704589844,630.0941772460938,0.8509429097175598
game8/Clip6,126,51,player_top,657.3456420898438,233.8563995361328,642.9844360351562,144.19522094726562,671.7068481445312,233.8563995361328,0.8152701258659363
game8/Clip6,127,52,player_bottom,192.37173461914062,630.0941772460938,158.5033721923828,496.74249267578125,226.24009704589844,630.0941772460938,0.8509429097175598
game8/Clip6,127,51,player_top,656.9610595703125,233.48007202148438,642.6842041015625,144.03140258789062,671.2379150390625,233.48007202148438,0.8168584108352661
game8/Clip6,128,52,player_bottom,192.37173461914062,630.0941772460938,158.5033721923828,496.74249267578125,226.24009704589844,630.0941772460938,0.8509429097175598
game8/Clip6,128,51,player_top,656.5752563476562,233.091796875,642.3681640625,143.80670166015625,670.7823486328125,233.091796875,0.8141372203826904
game8/Clip6,129,52,player_bottom,192.37173461914062,630.0941772460938,158.5033721923828,496.74249267578125,226.24009704589844,630.0941772460938,0.8509429097175598
game8/Clip6,129,51,player_top,656.375244140625,232.9060516357422,642.1931762695312,143.68719482421875,670.5573120117188,232.9060516357422,0.8152464032173157
game8/Clip6,130,52,player_bottom,192.37173461914062,630.0941772460938,158.5033721923828,496.74249267578125,226.24009704589844,630.0941772460938,0.8509429097175598
game8/Clip6,130,51,player_top,656.3399658203125,232.48834228515625,642.21533203125,143.6757049560547,670.4645385742188,232.48834228515625,0.8222282528877258
game8/Clip7,0,66,player_bottom,559.9785766601562,608.5626220703125,532.2437744140625,484.13873291015625,587.71337890625,608.5626220703125,0.7829645872116089
game8/Clip7,0,65,player_top,800.620849609375,229.33802795410156,775.2860107421875,160.21958923339844,825.9556274414062,229.33802795410156,0.8760015964508057
game8/Clip7,1,66,player_bottom,559.9785766601562,608.5626220703125,532.2437744140625,484.13873291015625,587.71337890625,608.5626220703125,0.7829645872116089
game8/Clip7,1,65,player_top,800.620849609375,229.33802795410156,775.2860107421875,160.21958923339844,825.9556274414062,229.33802795410156,0.8760015964508057
game8/Clip7,2,66,player_bottom,558.6222534179688,608.4923706054688,531.4750366210938,487.38653564453125,585.7694702148438,608.4923706054688,0.7128919959068298
game8/Clip7,2,65,player_top,800.5787353515625,229.301025390625,775.3164672851562,160.39434814453125,825.8410034179688,229.301025390625,0.8713472485542297
game8/Clip7,3,66,player_bottom,561.3389892578125,608.85302734375,533.9384155273438,486.9840393066406,588.739501953125,608.85302734375,0.7839929461479187
game8/Clip7,3,65,player_top,800.5823974609375,229.32354736328125,775.2662963867188,160.2825469970703,825.8985595703125,229.32354736328125,0.8741453886032104
game8/Clip7,4,66,player_bottom,562.5823974609375,608.7625122070312,534.2943115234375,482.8371276855469,590.8705444335938,608.7625122070312,0.8777732849121094
game8/Clip7,4,65,player_top,800.5732421875,229.31446838378906,775.2982177734375,160.4117889404297,825.8483276367188,229.31446838378906,0.8754188418388367
game8/Clip7,5,66,player_bottom,563.8482666015625,603.8906860351562,535.5967407226562,477.8468933105469,592.0997924804688,603.8906860351562,0.8791658878326416
game8/Clip7,5,65,player_top,800.6142578125,229.35919189453125,775.1329345703125,159.87655639648438,826.0955200195312,229.35919189453125,0.8734505772590637
game8/Clip7,6,66,player_bottom,565.40966796875,600.579345703125,535.3135986328125,465.2290954589844,595.5056762695312,600.579345703125,0.8125478029251099
game8/Clip7,6,65,player_top,800.6349487304688,229.46266174316406,774.9188232421875,159.28627014160156,826.35107421875,229.46266174316406,0.8697971105575562
game8/Clip7,7,66,player_bottom,569.3866577148438,597.0196533203125,538.3269653320312,456.2114562988281,600.4463500976562,597.0196533203125,0.8674648404121399
game8/Clip7,7,65,player_top,800.533447265625,229.44735717773438,774.1879272460938,157.36749267578125,826.87890625,229.44735717773438,0.8685500025749207
game8/Clip7,8,66,player_bottom,573.9915771484375,596.73779296875,541.7030639648438,448.70831298828125,606.2800903320312,596.73779296875,0.8741412162780762
game8/Clip7,8,65,player_top,800.263427734375,229.4973907470703,773.5740966796875,156.21063232421875,826.9526977539062,229.4973907470703,0.8627856969833374
game8/Clip7,9,66,player_bottom,576.2208251953125,596.0767211914062,544.7337646484375,449.9248352050781,607.7079467773438,596.0767211914062,0.8218218684196472
game8/Clip7,9,65,player_top,799.8275146484375,229.4755096435547,772.7313842773438,154.8150177001953,826.9237060546875,229.4755096435547,0.8589321374893188
game8/Clip7,10,66,player_bottom,577.4232177734375,595.666015625,548.8887939453125,462.5121154785156,605.9577026367188,595.666015625,0.8674140572547913
game8/Clip7,10,65,player_top,797.478515625,229.3216552734375,770.2391967773438,154.42288208007812,824.7178955078125,229.3216552734375,0.8526023626327515
game8/Clip7,11,66,player_bottom,576.4471435546875,593.4217529296875,550.2299194335938,470.1367492675781,602.664306640625,593.4217529296875,0.8665552735328674
game8/Clip7,11,65,player_top,794.54296875,229.0792694091797,767.372314453125,154.77191162109375,821.7136840820312,229.0792694091797,0.8570202589035034
game8/Clip7,12,66,player_bottom,574.7073974609375,593.1514282226562,550.1810302734375,476.7119140625,599.2337036132812,593.1514282226562,0.8769618272781372
game8/Clip7,12,65,player_top,792.5545043945312,230.0294189453125,765.3269653320312,156.2814178466797,819.7820434570312,230.0294189453125,0.8464832901954651
game8/Clip7,13,66,player_bottom,573.868896484375,593.1835327148438,550.458251953125,481.5802917480469,597.2794799804688,593.1835327148438,0.8657184839248657
game8/Clip7,13,65,player_top,791.45556640625,230.28472900390625,764.444580078125,158.00746154785156,818.466552734375,230.28472900390625,0.8383750319480896
game8/Clip7,14,66,player_bottom,573.5909423828125,593.1985473632812,551.06982421875,486.1039733886719,596.1121215820312,593.1985473632812,0.8574081659317017
game8/Clip7,14,65,player_top,791.2371826171875,230.5891876220703,763.9541015625,158.43609619140625,818.520263671875,230.5891876220703,0.8693118095397949
game8/Clip7,15,66,player_bottom,571.544921875,593.1238403320312,549.2340087890625,488.66650390625,593.8557739257812,593.1238403320312,0.8201019763946533
game8/Clip7,15,65,player_top,791.2494506835938,230.65261840820312,764.6223754882812,161.33494567871094,817.8765258789062,230.65261840820312,0.8526723980903625
game8/Clip7,16,66,player_bottom,570.8809204101562,593.2445678710938,548.3745727539062,489.500244140625,593.3872680664062,593.2445678710938,0.8251039385795593
game8/Clip7,16,65,player_top,790.2056884765625,230.76507568359375,763.2373046875,161.89566040039062,817.1741333007812,230.76507568359375,0.8528218269348145
game8/Clip7,17,66,player_bottom,570.703125,593.4299926757812,547.7996826171875,489.0262451171875,593.6065063476562,593.4299926757812,0.8084591627120972
game8/Clip7,17,65,player_top,789.032470703125,230.8660888671875,761.690673828125,162.58033752441406,816.374267578125,230.8660888671875,0.8781951665878296
game8/Clip7,18,66,player_bottom,570.9676513671875,593.5855712890625,547.3343505859375,486.7808837890625,594.6010131835938,593.5855712890625,0.8168392181396484
game8/Clip7,18,65,player_top,784.5668334960938,230.8363037109375,756.1744384765625,162.26268005371094,812.959228515625,230.8363037109375,0.8193807005882263
game8/Clip7,19,66,player_bottom,571.660400390625,593.6245727539062,547.3575439453125,484.507568359375,595.9633178710938,593.6245727539062,0.8454978466033936
game8/Clip7,19,65,player_top,780.0577392578125,230.2334442138672,749.9527587890625,160.01243591308594,810.1626586914062,230.2334442138672,0.849757730960846
game8/Clip7,20,66,player_bottom,572.753173828125,593.152099609375,548.1375732421875,483.0362854003906,597.3687133789062,593.152099609375,0.8474211692810059
game8/Clip7,20,65,player_top,776.2570190429688,229.8332977294922,745.3796997070312,159.78091430664062,807.1343383789062,229.8332977294922,0.8803925514221191
game8/Clip7,21,66,player_bottom,575.484130859375,593.4490356445312,550.7190551757812,482.11297607421875,600.2492065429688,593.4490356445312,0.8420602679252625
game8/Clip7,21,65,player_top,772.5997924804688,229.25904846191406,740.837158203125,157.95083618164062,804.3624267578125,229.25904846191406,0.8783190846443176
game8/Clip7,22,66,player_bottom,579.7615966796875,594.9059448242188,554.653564453125,481.7473449707031,604.8696899414062,594.9059448242188,0.8324733972549438
game8/Clip7,22,65,player_top,769.4678955078125,229.133056640625,737.3544921875,156.9524383544922,801.5812377929688,229.133056640625,0.8679795265197754
game8/Clip7,23,66,player_bottom,583.287353515625,596.2903442382812,557.9100341796875,481.83258056640625,608.6646118164062,596.2903442382812,0.8558816909790039
game8/Clip7,23,65,player_top,766.4100341796875,228.3665313720703,735.7933349609375,158.98611450195312,797.0267944335938,228.3665313720703,0.8107298612594604
game8/Clip7,24,66,player_bottom,584.7720947265625,597.8025512695312,559.008544921875,482.5009460449219,610.53564453125,597.8025512695312,0.858856201171875
game8/Clip7,24,65,player_top,759.6470947265625,229.84954833984375,727.6961059570312,155.97686767578125,791.5980834960938,229.84954833984375,0.8057219386100769
game8/Clip7,25,66,player_bottom,586.0007934570312,600.374755859375,559.8244018554688,483.6170959472656,612.1771850585938,600.374755859375,0.8762811422348022
game8/Clip7,25,65,player_top,754.1640014648438,231.16709899902344,721.9490966796875,154.4829559326172,786.37890625,231.16709899902344,0.7965080142021179
game8/Clip7,26,66,player_bottom,586.9332275390625,601.4137573242188,560.5301513671875,483.5463562011719,613.3363647460938,601.4137573242188,0.89119952917099
game8/Clip7,26,65,player_top,748.3033447265625,230.8765411376953,716.3189697265625,152.12025451660156,780.2877807617188,230.8765411376953,0.8000035285949707
game8/Clip7,27,66,player_bottom,589.0368041992188,602.1529541015625,562.6343383789062,483.3472595214844,615.4392700195312,602.1529541015625,0.8737718462944031
game8/Clip7,27,65,player_top,741.9317626953125,229.78311157226562,710.6469116210938,150.97621154785156,773.216552734375,229.78311157226562,0.7975375652313232
game8/Clip7,28,66,player_bottom,589.9180908203125,602.4031982421875,563.5018310546875,482.7137756347656,616.3344116210938,602.4031982421875,0.8749642968177795
game8/Clip7,28,65,player_top,736.2036743164062,229.01702880859375,705.3873291015625,150.57391357421875,767.02001953125,229.01702880859375,0.7453701496124268
game8/Clip7,29,66,player_bottom,590.8220825195312,602.569580078125,564.4158935546875,482.3193054199219,617.228271484375,602.569580078125,0.8784767389297485
game8/Clip7,29,65,player_top,732.65283203125,227.00108337402344,702.796142578125,151.11102294921875,762.509521484375,227.00108337402344,0.7552456855773926
game8/Clip7,30,66,player_bottom,591.1170654296875,603.0078735351562,564.69482421875,482.2209167480469,617.5393676757812,603.0078735351562,0.8866323828697205
game8/Clip7,30,65,player_top,729.6466064453125,229.038330078125,699.58984375,152.7610321044922,759.7033081054688,229.038330078125,0.8487289547920227
game8/Clip7,31,66,player_bottom,590.9981689453125,604.7130126953125,564.1915893554688,483.0244140625,617.8047485351562,604.7130126953125,0.8925784826278687
game8/Clip7,31,65,player_top,724.412109375,232.7446746826172,693.59130859375,154.01907348632812,755.23291015625,232.7446746826172,0.566916823387146
game8/Clip7,32,66,player_bottom,590.9800415039062,607.0225219726562,563.6342163085938,484.72247314453125,618.3258666992188,607.0225219726562,0.8998443484306335
game8/Clip7,32,65,player_top,710.9921875,235.9667205810547,680.991455078125,155.74618530273438,740.992919921875,235.9667205810547,0.7268072962760925
game8/Clip7,33,66,player_bottom,591.8604736328125,610.0008544921875,563.644287109375,487.8638610839844,620.0765991210938,610.0008544921875,0.9047339558601379
game8/Clip7,33,65,player_top,704.635009765625,237.2999725341797,675.89892578125,156.68057250976562,733.3711547851562,237.2999725341797,0.6887207627296448
game8/Clip7,34,66,player_bottom,591.43017578125,613.8738403320312,562.0234375,492.7724304199219,620.8368530273438,613.8738403320312,0.909637987613678
game8/Clip7,34,65,player_top,700.8701171875,237.56256103515625,673.9917602539062,157.9391632080078,727.7484741210938,237.56256103515625,0.7920382618904114
game8/Clip7,35,66,player_bottom,591.9177856445312,617.4426879882812,561.208984375,497.28253173828125,622.6265869140625,617.4426879882812,0.908888578414917
game8/Clip7,35,65,player_top,698.0706176757812,237.8015594482422,672.5877685546875,158.3986358642578,723.553466796875,237.8015594482422,0.7944576740264893
game8/Clip7,36,66,player_bottom,591.546142578125,623.6161499023438,559.149169921875,501.8125305175781,623.943115234375,623.6161499023438,0.9201571345329285
game8/Clip7,36,65,player_top,693.4735107421875,238.94940185546875,669.9656982421875,162.9971160888672,716.9813232421875,238.94940185546875,0.6956921219825745
game8/Clip7,37,66,player_bottom,591.15966796875,627.415283203125,557.4337768554688,504.7353820800781,624.885498046875,627.415283203125,0.9006167054176331
game8/Clip7,37,65,player_top,684.8597412109375,238.29913330078125,660.9360961914062,159.90272521972656,708.7833251953125,238.29913330078125,0.8252632021903992
game8/Clip7,38,66,player_bottom,591.7479858398438,629.286865234375,556.8536376953125,506.21502685546875,626.642333984375,629.286865234375,0.9043532609939575
game8/Clip7,38,65,player_top,678.7216186523438,237.8965606689453,654.458740234375,158.40744018554688,702.9844970703125,237.8965606689453,0.8436027765274048
game8/Clip7,39,66,player_bottom,593.857421875,629.945068359375,558.1570434570312,506.4403991699219,629.5578002929688,629.945068359375,0.8993991017341614
game8/Clip7,39,65,player_top,675.9918212890625,237.65655517578125,651.6146850585938,157.79579162597656,700.368896484375,237.65655517578125,0.8581135272979736
game8/Clip7,40,66,player_bottom,601.3475341796875,629.9317016601562,565.230224609375,506.0361022949219,637.4647827148438,629.9317016601562,0.8987917900085449
game8/Clip7,40,65,player_top,674.6570434570312,236.96900939941406,650.3314208984375,156.92918395996094,698.982666015625,236.96900939941406,0.8641839027404785
game8/Clip7,41,66,player_bottom,614.21875,629.7732543945312,578.1798706054688,505.6191711425781,650.2576293945312,629.7732543945312,0.8130595684051514
game8/Clip7,41,65,player_top,672.5533447265625,235.74896240234375,648.7308349609375,156.40499877929688,696.3758544921875,235.74896240234375,0.8565664291381836
game8/Clip7,42,66,player_bottom,628.2839965820312,629.30126953125,593.0107421875,505.17169189453125,663.5572509765625,629.30126953125,0.8579311370849609
game8/Clip7,42,65,player_top,669.9031372070312,233.9012908935547,646.968017578125,156.07022094726562,692.8382568359375,233.9012908935547,0.8541628122329712
game8/Clip7,43,66,player_bottom,638.3483276367188,626.317626953125,604.2581787109375,505.23291015625,672.4384765625,626.317626953125,0.8643661737442017
game8/Clip7,43,65,player_top,667.10205078125,232.59507751464844,644.8795166015625,156.04220581054688,689.3246459960938,232.59507751464844,0.837203323841095
game8/Clip7,44,66,player_bottom,645.2818603515625,621.0317993164062,613.0618896484375,506.118408203125,677.5018920898438,621.0317993164062,0.8812490701675415
game8/Clip7,44,65,player_top,664.6135864257812,231.4680633544922,642.9988403320312,156.05857849121094,686.2283325195312,231.4680633544922,0.8256527781486511
game8/Clip7,45,66,player_bottom,652.1270751953125,621.1548461914062,619.96435546875,506.326416015625,684.2897338867188,621.1548461914062,0.8452773094177246
game8/Clip7,45,65,player_top,660.037353515625,230.9995880126953,638.4072265625,156.1265411376953,681.6674194335938,230.9995880126953,0.8175584673881531
game8/Clip7,46,66,player_bottom,655.9600830078125,618.1983032226562,625.2554321289062,508.5135498046875,686.6646728515625,618.1983032226562,0.833705723285675
game8/Clip7,46,65,player_top,657.7337646484375,230.9615936279297,636.006591796875,156.487548828125,679.4608764648438,230.9615936279297,0.8620185256004333
game8/Clip7,47,66,player_bottom,663.6964721679688,622.7567749023438,632.0490112304688,510.6712341308594,695.3439331054688,622.7567749023438,0.7561469674110413
game8/Clip7,47,65,player_top,656.8187255859375,231.030029296875,634.8773803710938,156.52529907226562,678.760009765625,231.030029296875,0.8695036768913269
game8/Clip7,48,66,player_bottom,670.1060791015625,626.5989990234375,636.0076293945312,506.0265808105469,704.2045288085938,626.5989990234375,0.7742213606834412
game8/Clip7,48,65,player_top,655.8641357421875,231.16294860839844,633.7416381835938,156.54428100585938,677.986572265625,231.16294860839844,0.8711292743682861
game8/Clip7,49,66,player_bottom,673.9537353515625,628.803955078125,637.413330078125,497.9634704589844,710.4940795898438,628.803955078125,0.8566142320632935
game8/Clip7,49,65,player_top,653.98974609375,231.10678100585938,631.8696899414062,156.21810913085938,676.1098022460938,231.10678100585938,0.8673875331878662
game8/Clip7,50,66,player_bottom,677.316650390625,629.7553100585938,641.0187377929688,498.81134033203125,713.6145629882812,629.7553100585938,0.8774287700653076
game8/Clip7,50,65,player_top,651.9050903320312,231.09576416015625,630.0089721679688,155.96920776367188,673.8012084960938,231.09576416015625,0.853016197681427
game8/Clip7,51,66,player_bottom,677.63134765625,630.062744140625,644.419921875,510.16436767578125,710.8427124023438,630.062744140625,0.8829385042190552
game8/Clip7,51,65,player_top,650.2435302734375,230.9469451904297,628.543212890625,155.83924865722656,671.9437866210938,230.9469451904297,0.8514005541801453
game8/Clip7,52,66,player_bottom,678.0390625,630.05224609375,645.9971923828125,513.8684692382812,710.0809326171875,630.05224609375,0.8930097222328186
game8/Clip7,52,65,player_top,648.4600830078125,230.95529174804688,626.8973999023438,156.25009155273438,670.0228271484375,230.95529174804688,0.8721098899841309
game8/Clip7,53,66,player_bottom,679.808349609375,630.03173828125,648.1961669921875,513.873046875,711.4204711914062,630.03173828125,0.8804574012756348
game8/Clip7,53,65,player_top,647.264892578125,231.2394256591797,625.4398193359375,155.85340881347656,669.0899047851562,231.2394256591797,0.8698269724845886
game8/Clip7,54,66,player_bottom,681.49755859375,630.1952514648438,649.68115234375,511.7529296875,713.3140258789062,630.1952514648438,0.8301510810852051
game8/Clip7,54,65,player_top,646.877197265625,231.36338806152344,624.9417114257812,155.97900390625,668.812744140625,231.36338806152344,0.8707886338233948
game8/Clip7,55,66,player_bottom,682.0770263671875,630.399658203125,650.0637817382812,508.962646484375,714.0902099609375,630.399658203125,0.8380180597305298
game8/Clip7,55,65,player_top,646.89208984375,231.3243865966797,624.8444213867188,155.8526611328125,668.9397583007812,231.3243865966797,0.8733445405960083
game8/Clip7,56,66,player_bottom,681.629150390625,630.2310791015625,649.27978515625,505.37860107421875,713.9785766601562,630.2310791015625,0.8096952438354492
game8/Clip7,56,65,player_top,646.8095703125,231.13845825195312,624.7000732421875,155.65232849121094,668.9190673828125,231.13845825195312,0.8785948753356934
game8/Clip7,57,66,player_bottom,679.5774536132812,630.3133544921875,646.17822265625,499.4742736816406,712.9766845703125,630.3133544921875,0.830624520778656
game8/Clip7,57,65,player_top,646.1724853515625,230.81814575195312,624.0319213867188,155.35317993164062,668.31298828125,230.81814575195312,0.867830753326416
game8/Clip7,58,66,player_bottom,679.219482421875,630.22021484375,644.4222412109375,491.10015869140625,714.0167236328125,630.22021484375,0.850628137588501
game8/Clip7,58,65,player_top,645.7815551757812,229.57684326171875,623.8815307617188,155.303955078125,667.6815795898438,229.57684326171875,0.8747724890708923
game8/Clip7,59,66,player_bottom,679.89404296875,629.4736938476562,646.0942993164062,492.29229736328125,713.6937255859375,629.4736938476562,0.8698915839195251
game8/Clip7,59,65,player_top,645.208984375,229.13096618652344,623.3992919921875,155.85275268554688,667.0187377929688,229.13096618652344,0.8737105131149292
game8/Clip7,60,66,player_bottom,679.01904296875,629.28466796875,645.8593139648438,494.0639953613281,712.1788330078125,629.28466796875,0.8756297826766968
game8/Clip7,60,65,player_top,644.4564208984375,228.89268493652344,622.4552001953125,156.1957550048828,666.4575805664062,228.89268493652344,0.8786843419075012
game8/Clip7,61,66,player_bottom,679.2012329101562,628.232177734375,646.4795532226562,495.09814453125,711.9229125976562,628.232177734375,0.909337043762207
game8/Clip7,61,65,player_top,644.2230224609375,228.72421264648438,621.9575805664062,156.81121826171875,666.4884643554688,228.72421264648438,0.8745747804641724
game8/Clip7,62,66,player_bottom,679.015869140625,628.0386962890625,646.5090942382812,497.6319580078125,711.5226440429688,628.0386962890625,0.8979657292366028
game8/Clip7,62,65,player_top,643.6956787109375,228.7088165283203,620.9511108398438,156.90155029296875,666.4403076171875,228.7088165283203,0.8898658752441406
game8/Clip7,63,66,player_bottom,678.9268798828125,630.0742797851562,646.2267456054688,501.25286865234375,711.6270141601562,630.0742797851562,0.9049918055534363
game8/Clip7,63,65,player_top,643.7083740234375,228.63307189941406,620.6150512695312,157.14060974121094,666.8016967773438,228.63307189941406,0.8906564116477966
game8/Clip7,64,66,player_bottom,678.4893188476562,631.8330078125,645.6553955078125,504.8799133300781,711.3232421875,631.8330078125,0.9194591045379639
game8/Clip7,64,65,player_top,644.9775390625,228.66416931152344,621.5439453125,156.76805114746094,668.4110717773438,228.66416931152344,0.8664947748184204
game8/Clip7,65,66,player_bottom,678.332763671875,637.5731811523438,644.3549194335938,507.7250061035156,712.310546875,637.5731811523438,0.9163608551025391
game8/Clip7,65,65,player_top,645.0888671875,228.4999237060547,620.9498291015625,154.9320068359375,669.2279663085938,228.4999237060547,0.8612847924232483
game8/Clip7,66,66,player_bottom,678.4083251953125,641.0515747070312,643.7775268554688,509.9840393066406,713.0391235351562,641.0515747070312,0.9101873636245728
game8/Clip7,66,65,player_top,643.0496826171875,227.54132080078125,619.033203125,155.05361938476562,667.0662231445312,227.54132080078125,0.859869658946991
game8/Clip7,67,66,player_bottom,678.7989501953125,643.6376342773438,643.5458374023438,511.0033264160156,714.052001953125,643.6376342773438,0.8842733502388
game8/Clip7,67,65,player_top,630.881103515625,225.00537109375,608.1558837890625,154.31813049316406,653.6063842773438,225.00537109375,0.6627203226089478
game8/Clip7,68,66,player_bottom,678.9784545898438,645.395751953125,643.1633911132812,511.2037048339844,714.7935180664062,645.395751953125,0.8890552520751953
game8/Clip7,68,65,player_top,625.9432983398438,223.86634826660156,604.6880493164062,157.06883239746094,647.1985473632812,223.86634826660156,0.6270624399185181
game8/Clip7,69,66,player_bottom,678.09375,645.9627075195312,641.9342651367188,510.4796142578125,714.2532348632812,645.9627075195312,0.8706461787223816
game8/Clip7,69,65,player_top,622.5892944335938,223.4960174560547,602.046142578125,158.5493927001953,643.1324462890625,223.4960174560547,0.6192338466644287
game8/Clip7,70,66,player_bottom,675.7554931640625,646.2225952148438,639.5514526367188,509.0367126464844,711.95947265625,646.2225952148438,0.8645287156105042
game8/Clip7,70,65,player_top,619.7923583984375,224.04600524902344,598.5735473632812,156.90089416503906,641.0111083984375,224.04600524902344,0.6906068325042725
game8/Clip7,71,66,player_bottom,672.8948974609375,645.7566528320312,636.87841796875,506.6170349121094,708.9114379882812,645.7566528320312,0.8760793805122375
game8/Clip7,71,65,player_top,615.111572265625,224.23703002929688,592.7586059570312,154.4659423828125,637.464599609375,224.23703002929688,0.7339484691619873
game8/Clip7,72,66,player_bottom,668.5526123046875,645.2459716796875,633.0460815429688,504.5794677734375,704.0592041015625,645.2459716796875,0.867756187915802
game8/Clip7,72,65,player_top,613.7730712890625,224.13417053222656,590.9719848632812,153.02798461914062,636.5741577148438,224.13417053222656,0.7819969654083252
game8/Clip7,73,66,player_bottom,664.8400268554688,644.4442749023438,630.2277221679688,503.025634765625,699.4523315429688,644.4442749023438,0.8604820370674133
game8/Clip7,73,65,player_top,608.7462158203125,225.62069702148438,585.2246704101562,152.39097595214844,632.267822265625,225.62069702148438,0.8212841749191284
game8/Clip7,74,66,player_bottom,660.4315185546875,644.3333129882812,626.8196411132812,502.68133544921875,694.0433959960938,644.3333129882812,0.853537380695343
game8/Clip7,74,65,player_top,602.7705078125,227.58258056640625,578.3865356445312,151.80593872070312,627.154541015625,227.58258056640625,0.732898473739624
game8/Clip7,75,66,player_bottom,655.34326171875,643.8214721679688,622.7306518554688,503.7976989746094,687.9558715820312,643.8214721679688,0.8703045845031738
game8/Clip7,75,65,player_top,592.48779296875,228.55502319335938,567.8170166015625,152.9387664794922,617.1585693359375,228.55502319335938,0.8345766663551331
game8/Clip7,76,66,player_bottom,650.14599609375,644.0283203125,618.08740234375,505.83770751953125,682.20458984375,644.0283203125,0.8874573707580566
game8/Clip7,76,65,player_top,586.3176879882812,229.11825561523438,562.0551147460938,154.1909942626953,610.5802612304688,229.11825561523438,0.6537830233573914
game8/Clip7,77,66,player_bottom,646.6165771484375,645.116455078125,614.9628295898438,509.47894287109375,678.2703247070312,645.116455078125,0.8889926075935364
game8/Clip7,77,65,player_top,578.51318359375,229.01412963867188,554.158935546875,153.52279663085938,602.867431640625,229.01412963867188,0.822761595249176
game8/Clip7,78,66,player_bottom,645.0682373046875,646.7838745117188,613.4898071289062,512.5289306640625,676.6466064453125,646.7838745117188,0.8941227793693542
game8/Clip7,78,65,player_top,573.22314453125,228.39334106445312,549.4649047851562,154.685546875,596.9813232421875,228.39334106445312,0.7521295547485352
game8/Clip7,79,66,player_bottom,644.4738159179688,647.8358764648438,612.987060546875,514.8809204101562,675.9605712890625,647.8358764648438,0.8995835781097412
game8/Clip7,79,65,player_top,568.6922607421875,228.46693420410156,544.8131713867188,154.145263671875,592.5712890625,228.46693420410156,0.8399718999862671
game8/Clip7,80,66,player_bottom,644.7955322265625,648.0789794921875,613.113525390625,515.4306030273438,676.4776000976562,648.0789794921875,0.8968157172203064
game8/Clip7,80,65,player_top,562.5050048828125,229.302734375,538.5463256835938,156.02040100097656,586.4636840820312,229.302734375,0.7398826479911804
game8/Clip7,81,66,player_bottom,645.2476806640625,647.7581787109375,613.2583618164062,514.765380859375,677.2369384765625,647.7581787109375,0.8993476033210754
game8/Clip7,81,65,player_top,559.1675415039062,230.52267456054688,535.209228515625,157.5839385986328,583.1258544921875,230.52267456054688,0.7427950501441956
game8/Clip7,82,66,player_bottom,646.7743530273438,647.3665771484375,614.2781982421875,513.74609375,679.2705078125,647.3665771484375,0.9006648659706116
game8/Clip7,82,65,player_top,557.9295654296875,231.75430297851562,534.8173828125,160.58705139160156,581.041748046875,231.75430297851562,0.811618447303772
game8/Clip7,83,66,player_bottom,651.6370849609375,648.5303344726562,618.446533203125,512.9150390625,684.8275756835938,648.5303344726562,0.9017413854598999
game8/Clip7,83,65,player_top,555.54150390625,234.1645965576172,532.710693359375,162.59259033203125,578.3723754882812,234.1645965576172,0.7529553771018982
game8/Clip7,84,66,player_bottom,657.9632568359375,650.0302734375,624.6219482421875,513.6251220703125,691.3045654296875,650.0302734375,0.9026603102684021
game8/Clip7,84,65,player_top,552.91552734375,233.7837371826172,531.6232299804688,165.5574188232422,574.2078857421875,233.7837371826172,0.7534744143486023
game8/Clip7,85,66,player_bottom,662.1876220703125,652.2142333984375,628.6448364257812,514.8759155273438,695.73046875,652.2142333984375,0.91558837890625
game8/Clip7,85,65,player_top,547.56298828125,237.7350311279297,526.1702270507812,168.3111114501953,568.955810546875,237.7350311279297,0.7912054061889648
game8/Clip7,86,66,player_bottom,664.22265625,653.552978515625,630.6267700195312,516.2952880859375,697.818603515625,653.552978515625,0.9065760374069214
game8/Clip7,86,65,player_top,542.34326171875,239.63232421875,521.462158203125,171.4774169921875,563.2244262695312,239.63232421875,0.7730205059051514
game8/Clip7,87,66,player_bottom,665.0394287109375,653.811767578125,631.4049072265625,516.7906494140625,698.6739501953125,653.811767578125,0.8949018716812134
game8/Clip7,87,65,player_top,539.2996215820312,240.20602416992188,518.6356811523438,173.17942810058594,559.9635620117188,240.20602416992188,0.7460932731628418
game8/Clip7,88,66,player_bottom,665.0732421875,653.2501220703125,631.2084350585938,515.51611328125,698.9380493164062,653.2501220703125,0.9018746018409729
game8/Clip7,88,65,player_top,535.7564086914062,241.2162322998047,515.646240234375,177.7146759033203,555.8665771484375,241.2162322998047,0.7580496668815613
game8/Clip7,89,66,player_bottom,665.542236328125,651.6077880859375,631.579345703125,513.2394409179688,699.5050659179688,651.6077880859375,0.90196692943573
game8/Clip7,89,65,player_top,532.3941040039062,242.05694580078125,511.3348388671875,177.30465698242188,553.453369140625,242.05694580078125,0.8459263443946838
game8/Clip7,90,66,player_bottom,666.6394653320312,649.720458984375,632.5032348632812,510.18060302734375,700.7756958007812,649.720458984375,0.8813171982765198
game8/Clip7,90,65,player_top,529.4219970703125,243.17796325683594,507.521240234375,177.75704956054688,551.3228149414062,243.17796325683594,0.8459174633026123
game8/Clip7,91,66,player_bottom,669.91552734375,645.370849609375,636.4574584960938,507.75579833984375,703.3736572265625,645.370849609375,0.8856353759765625
game8/Clip7,91,65,player_top,527.4264526367188,243.53433227539062,505.2611999511719,179.12515258789062,549.5916748046875,243.53433227539062,0.8334487080574036
game8/Clip7,92,66,player_bottom,672.8875732421875,643.243408203125,639.74462890625,506.8194274902344,706.0304565429688,643.243408203125,0.9001345634460449
game8/Clip7,92,65,player_top,524.1224365234375,243.72866821289062,502.0016784667969,181.5338897705078,546.2431640625,243.72866821289062,0.8632293939590454
game8/Clip7,93,66,player_bottom,675.626708984375,641.9496459960938,642.5674438476562,506.8731689453125,708.6859741210938,641.9496459960938,0.9036381244659424
game8/Clip7,93,65,player_top,522.7975463867188,243.36111450195312,501.005859375,183.10940551757812,544.5892333984375,243.36111450195312,0.7639312148094177
game8/Clip7,94,66,player_bottom,679.843994140625,642.0316162109375,646.419189453125,507.8717956542969,713.2687377929688,642.0316162109375,0.9070826768875122
game8/Clip7,94,65,player_top,521.1012573242188,243.4606475830078,499.3141784667969,184.09420776367188,542.8883666992188,243.4606475830078,0.8232643008232117
game8/Clip7,95,66,player_bottom,683.9077758789062,642.8637084960938,650.1755981445312,510.8341064453125,717.6399536132812,642.8637084960938,0.9056565165519714
game8/Clip7,95,65,player_top,519.5427856445312,243.76901245117188,498.9062805175781,188.11831665039062,540.1793212890625,243.76901245117188,0.7517234086990356
game8/Clip7,96,66,player_bottom,687.4644775390625,643.792724609375,653.5119018554688,515.742431640625,721.4170532226562,643.792724609375,0.9114935994148254
game8/Clip7,96,65,player_top,518.9534912109375,243.31063842773438,498.0984802246094,187.03855895996094,539.8085327148438,243.31063842773438,0.7390812039375305
game8/Clip7,97,66,player_bottom,689.86572265625,645.4358520507812,655.4413452148438,520.86376953125,724.2900390625,645.4358520507812,0.9173899292945862
game8/Clip7,97,65,player_top,518.603759765625,242.72230529785156,498.9141845703125,189.8855438232422,538.2933349609375,242.72230529785156,0.769646167755127
game8/Clip7,98,66,player_bottom,692.3662109375,646.2705688476562,657.3124389648438,525.359619140625,727.4200439453125,646.2705688476562,0.9009420275688171
game8/Clip7,98,65,player_top,519.5144653320312,243.24452209472656,498.8373718261719,187.02574157714844,540.1915893554688,243.24452209472656,0.7795340418815613
game8/Clip7,99,66,player_bottom,693.3753662109375,646.6112060546875,657.3370971679688,527.8580932617188,729.4136962890625,646.6112060546875,0.8988661170005798
game8/Clip7,99,65,player_top,520.1749267578125,243.5983428955078,498.84869384765625,184.5414581298828,541.501220703125,243.5983428955078,0.7863654494285583
game8/Clip7,100,66,player_bottom,693.310546875,646.2892456054688,656.158935546875,528.4954223632812,730.4620971679688,646.2892456054688,0.9078388214111328
game8/Clip7,100,65,player_top,520.0517578125,243.72454833984375,499.3287658691406,185.0743408203125,540.7747192382812,243.72454833984375,0.7810400724411011
game8/Clip7,101,66,player_bottom,694.0205078125,646.2337646484375,655.763916015625,528.6378784179688,732.277099609375,646.2337646484375,0.9073768258094788
game8/Clip7,101,65,player_top,520.8486328125,244.87203979492188,499.57098388671875,183.53700256347656,542.126220703125,244.87203979492188,0.7796953916549683
game8/Clip7,102,66,player_bottom,698.9451293945312,646.08984375,660.0353393554688,528.8720703125,737.8549194335938,646.08984375,0.8942112326622009
game8/Clip7,102,65,player_top,521.57275390625,244.83815002441406,499.933349609375,181.42132568359375,543.2122192382812,244.83815002441406,0.7879436612129211
game8/Clip7,103,66,player_bottom,709.5740356445312,645.5493774414062,670.6886596679688,529.75341796875,748.4594116210938,645.5493774414062,0.8812049031257629
game8/Clip7,103,65,player_top,523.6671142578125,246.10379028320312,501.4444274902344,179.4638214111328,545.8897705078125,246.10379028320312,0.7941655516624451
game8/Clip7,104,66,player_bottom,722.134765625,645.2381591796875,683.3919067382812,529.8268432617188,760.877685546875,645.2381591796875,0.8908491730690002
game8/Clip7,104,65,player_top,525.6693115234375,245.70565795898438,503.5359802246094,177.50762939453125,547.8026733398438,245.70565795898438,0.7901824116706848
game8/Clip7,105,66,player_bottom,738.18603515625,645.1649169921875,699.9742431640625,529.7545166015625,776.3978881835938,645.1649169921875,0.8183987140655518
game8/Clip7,105,65,player_top,528.2711181640625,243.33555603027344,507.1762390136719,176.2257843017578,549.365966796875,243.33555603027344,0.7843063473701477
game8/Clip7,106,66,player_bottom,750.10546875,645.150390625,712.0537109375,528.7703247070312,788.1571655273438,645.150390625,0.8564315438270569
game8/Clip7,106,65,player_top,529.4862670898438,243.73841857910156,508.2955627441406,174.4447021484375,550.677001953125,243.73841857910156,0.8119925856590271
game8/Clip7,107,66,player_bottom,758.1964721679688,644.8483276367188,719.804443359375,527.7218627929688,796.5885009765625,644.8483276367188,0.864429771900177
game8/Clip7,107,65,player_top,530.417724609375,244.56849670410156,509.1961975097656,173.70538330078125,551.6392822265625,244.56849670410156,0.8164263963699341
game8/Clip7,108,66,player_bottom,766.6925048828125,644.9566040039062,726.5809936523438,524.4683837890625,806.8040771484375,644.9566040039062,0.8726015090942383
game8/Clip7,108,65,player_top,532.42041015625,245.23646545410156,511.2192077636719,172.63058471679688,553.6216430664062,245.23646545410156,0.7998881936073303
game8/Clip7,109,66,player_bottom,776.0753173828125,644.8223266601562,733.9069213867188,521.3486328125,818.24365234375,644.8223266601562,0.893815815448761
game8/Clip7,109,65,player_top,535.3612060546875,245.1162109375,514.6951904296875,171.97572326660156,556.0272216796875,245.1162109375,0.7862744331359863
game8/Clip7,110,66,player_bottom,785.6500244140625,643.0169677734375,742.0989379882812,518.6473999023438,829.201171875,643.0169677734375,0.8917856812477112
game8/Clip7,110,65,player_top,538.5760498046875,245.30392456054688,518.5957641601562,171.8312530517578,558.556396484375,245.30392456054688,0.7872484922409058
game8/Clip7,111,66,player_bottom,796.0216064453125,641.8070678710938,751.9166259765625,518.25830078125,840.1265869140625,641.8070678710938,0.8851140141487122
game8/Clip7,111,65,player_top,541.753662109375,246.44061279296875,522.068115234375,171.62704467773438,561.4391479492188,246.44061279296875,0.7902653217315674
game8/Clip7,112,66,player_bottom,810.3447265625,639.512939453125,766.4784545898438,518.0324096679688,854.2110595703125,639.512939453125,0.86058509349823
game8/Clip7,112,65,player_top,544.0540771484375,246.9571990966797,524.8194580078125,171.75502014160156,563.2887573242188,246.9571990966797,0.7914963960647583
game8/Clip7,113,66,player_bottom,823.7593994140625,638.4395141601562,779.4879150390625,515.00634765625,868.0309448242188,638.4395141601562,0.8491078615188599
game8/Clip7,113,65,player_top,546.92626953125,247.15806579589844,527.8443603515625,171.67127990722656,566.0081787109375,247.15806579589844,0.8072415590286255
game8/Clip7,114,66,player_bottom,839.4039306640625,638.1683959960938,796.010986328125,514.6875,882.796875,638.1683959960938,0.8218656778335571
game8/Clip7,114,65,player_top,550.67529296875,247.28114318847656,531.2896728515625,171.25933837890625,570.0608520507812,247.28114318847656,0.8408118486404419
game8/Clip7,115,66,player_bottom,854.8104858398438,638.2479248046875,812.8419799804688,516.005126953125,896.7789916992188,638.2479248046875,0.8530063629150391
game8/Clip7,115,65,player_top,554.5377197265625,247.47642517089844,534.4395751953125,170.56288146972656,574.6358032226562,247.47642517089844,0.8503139615058899
game8/Clip7,116,66,player_bottom,865.1884765625,637.679443359375,823.686767578125,514.9840087890625,906.6902465820312,637.679443359375,0.8532199859619141
game8/Clip7,116,65,player_top,557.2005615234375,247.51425170898438,536.3206787109375,169.56259155273438,578.0803833007812,247.51425170898438,0.8494226932525635
game8/Clip7,117,66,player_bottom,873.6460571289062,636.4934692382812,833.0149536132812,516.602294921875,914.2771606445312,636.4934692382812,0.8428818583488464
game8/Clip7,117,65,player_top,559.1082763671875,247.14395141601562,537.769775390625,168.9644012451172,580.4468383789062,247.14395141601562,0.8747043609619141
game8/Clip7,118,66,player_bottom,882.1458740234375,635.4180908203125,841.5064086914062,517.43994140625,922.7853393554688,635.4180908203125,0.893269956111908
game8/Clip7,118,65,player_top,560.6500854492188,246.2725830078125,539.0985107421875,168.08523559570312,582.20166015625,246.2725830078125,0.8652517795562744
game8/Clip7,119,66,player_bottom,891.801025390625,632.8816528320312,850.9925537109375,517.6084594726562,932.6094970703125,632.8816528320312,0.8841972947120667
game8/Clip7,119,65,player_top,563.4178466796875,244.854248046875,542.1324462890625,167.2987823486328,584.7033081054688,244.854248046875,0.8513978719711304
game8/Clip7,120,66,player_bottom,899.8839111328125,631.5081176757812,857.550048828125,516.2120971679688,942.2177124023438,631.5081176757812,0.8427636623382568
game8/Clip7,120,65,player_top,566.0164794921875,243.09710693359375,545.1704711914062,166.04576110839844,586.862548828125,243.09710693359375,0.8275877833366394
game8/Clip7,121,66,player_bottom,908.2430419921875,632.767333984375,863.8551635742188,516.3035278320312,952.6309204101562,632.767333984375,0.8798344135284424
game8/Clip7,121,65,player_top,567.8834228515625,241.32684326171875,547.2192993164062,163.97703552246094,588.5475463867188,241.32684326171875,0.8328766822814941
game8/Clip7,122,66,player_bottom,916.0838623046875,632.0891723632812,870.1116943359375,515.7976684570312,962.0560913085938,632.0891723632812,0.8496314287185669
game8/Clip7,122,65,player_top,569.593994140625,240.4608612060547,549.3275146484375,163.85264587402344,589.8605346679688,240.4608612060547,0.8210787177085876
game8/Clip7,123,66,player_bottom,921.5506591796875,631.5706787109375,874.2601928710938,514.9766235351562,968.8411865234375,631.5706787109375,0.8928186297416687
game8/Clip7,123,65,player_top,570.9093627929688,239.81961059570312,550.6690673828125,162.83871459960938,591.149658203125,239.81961059570312,0.8501155376434326
game8/Clip7,124,66,player_bottom,926.2251586914062,630.6047973632812,878.9764404296875,516.128173828125,973.473876953125,630.6047973632812,0.9056061506271362
game8/Clip7,124,65,player_top,571.5289916992188,239.74574279785156,551.32666015625,162.3065185546875,591.7313232421875,239.74574279785156,0.8466730713844299
game8/Clip7,125,66,player_bottom,928.9056396484375,629.8418579101562,880.7837524414062,514.3734130859375,977.0275268554688,629.8418579101562,0.904205858707428
game8/Clip7,125,65,player_top,571.8648681640625,239.74996948242188,551.7879028320312,161.98529052734375,591.9417724609375,239.74996948242188,0.8462772965431213
game8/Clip7,126,66,player_bottom,934.1170654296875,629.7347412109375,884.50048828125,511.4940185546875,983.7337036132812,629.7347412109375,0.875891387462616
game8/Clip7,126,65,player_top,572.5262451171875,239.7915496826172,552.5957641601562,161.6020050048828,592.456787109375,239.7915496826172,0.8426193594932556
game8/Clip7,127,66,player_bottom,940.876708984375,628.8139038085938,890.3414916992188,507.9498596191406,991.4119873046875,628.8139038085938,0.8491528630256653
game8/Clip7,127,65,player_top,572.982421875,239.29000854492188,553.3636474609375,161.15728759765625,592.6011962890625,239.29000854492188,0.8344246745109558
game8/Clip7,128,66,player_bottom,941.6595458984375,627.7772216796875,890.9789428710938,504.1687927246094,992.3402099609375,627.7772216796875,0.8917781114578247
game8/Clip7,128,65,player_top,572.9512329101562,237.7646942138672,553.6657104492188,160.0662841796875,592.2367553710938,237.7646942138672,0.8298869729042053
game8/Clip7,129,66,player_bottom,944.9998168945312,627.6834716796875,892.0054931640625,494.7427673339844,997.994140625,627.6834716796875,0.8317810297012329
game8/Clip7,129,65,player_top,571.978515625,236.7359619140625,552.8734130859375,160.19314575195312,591.0836181640625,236.7359619140625,0.8476665019989014
game8/Clip7,130,66,player_bottom,951.1292724609375,626.7383422851562,897.7459106445312,489.6842346191406,1004.5125732421875,626.7383422851562,0.8666567206382751
game8/Clip7,130,65,player_top,572.5330810546875,234.85928344726562,553.5616455078125,159.47183227539062,591.5044555664062,234.85928344726562,0.8511906266212463
game8/Clip7,131,66,player_bottom,959.7967529296875,624.1293334960938,909.7262573242188,495.0919494628906,1009.8672485351562,624.1293334960938,0.9002834558486938
game8/Clip7,131,65,player_top,571.8310546875,233.43435668945312,552.7449340820312,159.23104858398438,590.9171142578125,233.43435668945312,0.8566153645515442
game8/Clip7,132,66,player_bottom,969.7322998046875,624.1730346679688,920.8060913085938,497.656005859375,1018.6585693359375,624.1730346679688,0.9030942916870117
game8/Clip7,132,65,player_top,571.4002075195312,232.60665893554688,552.0696411132812,159.5718994140625,590.7307739257812,232.60665893554688,0.8706321716308594
game8/Clip7,133,66,player_bottom,979.49072265625,626.217529296875,931.1066284179688,500.1076354980469,1027.874755859375,626.217529296875,0.8903383612632751
game8/Clip7,133,65,player_top,571.1663208007812,231.82998657226562,551.5349731445312,160.221923828125,590.7976684570312,231.82998657226562,0.8704781532287598
game8/Clip7,134,66,player_bottom,988.4246215820312,631.9014282226562,939.837890625,503.5842590332031,1037.0113525390625,631.9014282226562,0.8905264735221863
game8/Clip7,134,65,player_top,570.9712524414062,231.47555541992188,551.00927734375,161.33937072753906,590.9332275390625,231.47555541992188,0.8772047162055969
game8/Clip7,135,66,player_bottom,997.703857421875,635.388671875,950.1841430664062,507.78289794921875,1045.2236328125,635.388671875,0.8819899559020996
game8/Clip7,135,65,player_top,570.813720703125,231.45262145996094,550.4805297851562,162.44155883789062,591.1468505859375,231.45262145996094,0.8758144974708557
game8/Clip7,136,66,player_bottom,1003.9520263671875,636.5227661132812,957.87744140625,510.5610046386719,1050.026611328125,636.5227661132812,0.8771687150001526
game8/Clip7,136,65,player_top,570.6390380859375,231.3897247314453,549.9063720703125,163.2645263671875,591.3716430664062,231.3897247314453,0.8779158592224121
game8/Clip7,137,66,player_bottom,1006.197509765625,637.4221801757812,961.2810668945312,512.7098999023438,1051.114013671875,637.4221801757812,0.8868838548660278
game8/Clip7,137,65,player_top,570.5225830078125,231.27554321289062,549.3017578125,163.4564208984375,591.7434692382812,231.27554321289062,0.8759878873825073
game8/Clip7,138,66,player_bottom,1006.250244140625,637.9978637695312,961.9534301757812,513.658935546875,1050.5469970703125,637.9978637695312,0.880248486995697
game8/Clip7,138,65,player_top,570.1381225585938,231.34689331054688,548.203369140625,162.64837646484375,592.0728759765625,231.34689331054688,0.8674870729446411
game8/Clip7,139,66,player_bottom,1006.6077270507812,638.2685546875,962.5599365234375,513.316162109375,1050.655517578125,638.2685546875,0.8886986374855042
game8/Clip7,139,65,player_top,568.7608032226562,231.12815856933594,546.2301025390625,161.06008911132812,591.29150390625,231.12815856933594,0.8638371229171753
game8/Clip7,140,66,player_bottom,1005.1680297851562,637.9813842773438,961.386962890625,512.5023193359375,1048.9490966796875,637.9813842773438,0.8888224959373474
game8/Clip7,140,65,player_top,565.813232421875,231.0122528076172,543.2017211914062,160.34390258789062,588.4248046875,231.0122528076172,0.8341307640075684
game8/Clip7,141,66,player_bottom,1002.6424560546875,637.691162109375,959.350341796875,511.9801940917969,1045.9345703125,637.691162109375,0.8903082609176636
game8/Clip7,141,65,player_top,561.2130126953125,230.72653198242188,538.7691040039062,159.75877380371094,583.6568603515625,230.72653198242188,0.8255497813224792
game8/Clip7,142,66,player_bottom,992.822021484375,638.1928100585938,950.3674926757812,512.30615234375,1035.2764892578125,638.1928100585938,0.5507594347000122
game8/Clip7,142,65,player_top,557.826171875,230.037353515625,536.0907592773438,159.6175537109375,579.5615844726562,230.037353515625,0.7684977650642395
game8/Clip7,143,66,player_bottom,989.1195678710938,639.7240600585938,947.4884033203125,513.9995727539062,1030.750732421875,639.7240600585938,0.8050787448883057
game8/Clip7,143,65,player_top,554.3991088867188,230.10751342773438,532.9619750976562,159.5778350830078,575.8362426757812,230.10751342773438,0.7635884881019592
game8/Clip7,144,66,player_bottom,986.9073486328125,640.2341918945312,946.659423828125,516.8658447265625,1027.1552734375,640.2341918945312,0.86761474609375
game8/Clip7,144,65,player_top,552.4835815429688,230.2907257080078,531.2853393554688,159.44491577148438,573.6818237304688,230.2907257080078,0.7661776542663574
game8/Clip7,145,66,player_bottom,984.4555053710938,640.5903930664062,945.1231689453125,519.2293090820312,1023.787841796875,640.5903930664062,0.8691195249557495
game8/Clip7,145,65,player_top,549.4273071289062,230.35482788085938,528.0993041992188,158.66273498535156,570.7553100585938,230.35482788085938,0.7980715036392212
game8/Clip7,146,66,player_bottom,981.0892333984375,640.7186889648438,941.7769775390625,519.6831665039062,1020.4014892578125,640.7186889648438,0.867274820804596
game8/Clip7,146,65,player_top,546.3101806640625,230.50994873046875,524.9142456054688,158.99781799316406,567.7060546875,230.50994873046875,0.8489391803741455
game8/Clip7,147,66,player_bottom,976.1799926757812,640.4889526367188,936.2561645507812,518.5237426757812,1016.1038208007812,640.4889526367188,0.8638268709182739
game8/Clip7,147,65,player_top,543.6651611328125,230.63916015625,521.9898071289062,159.06166076660156,565.3404541015625,230.63916015625,0.8505573868751526
game8/Clip7,148,66,player_bottom,969.5712890625,638.5211791992188,929.5972900390625,517.8157958984375,1009.5452880859375,638.5211791992188,0.864935576915741
game8/Clip7,148,65,player_top,542.188720703125,230.78390502929688,519.9227294921875,158.2354278564453,564.4547119140625,230.78390502929688,0.8285534381866455
game8/Clip7,149,66,player_bottom,961.7862548828125,639.4142456054688,921.2874145507812,517.9806518554688,1002.2850952148438,639.4142456054688,0.8464466333389282
game8/Clip7,149,65,player_top,542.613525390625,230.8452606201172,520.103271484375,157.99549865722656,565.1238403320312,230.8452606201172,0.8383426070213318
game8/Clip7,150,66,player_bottom,942.873046875,639.8360595703125,903.7969360351562,518.134765625,981.94921875,639.8360595703125,0.7623185515403748
game8/Clip7,150,65,player_top,541.9547729492188,230.79110717773438,519.1473388671875,157.5254364013672,564.76220703125,230.79110717773438,0.7967733144760132
game8/Clip7,151,66,player_bottom,930.972412109375,640.2450561523438,893.809814453125,520.4321899414062,968.135009765625,640.2450561523438,0.7961624264717102
game8/Clip7,151,65,player_top,539.3343505859375,230.76461791992188,515.8434448242188,156.34352111816406,562.8252563476562,230.76461791992188,0.8394588232040405
game8/Clip7,152,66,player_bottom,923.3539428710938,640.2705078125,887.5209350585938,521.6600952148438,959.1869506835938,640.2705078125,0.8647705316543579
game8/Clip7,152,65,player_top,537.2001953125,230.61740112304688,513.4080200195312,156.53912353515625,560.992431640625,230.61740112304688,0.8499492406845093
game8/Clip7,153,66,player_bottom,916.3753662109375,645.7960205078125,879.4891967773438,521.8794555664062,953.2615356445312,645.7960205078125,0.8622643947601318
game8/Clip7,153,65,player_top,536.7421875,230.6346893310547,512.4683227539062,155.40371704101562,561.0160522460938,230.6346893310547,0.8486577868461609
game8/Clip7,154,66,player_bottom,907.666259765625,648.3750610351562,869.3908081054688,520.760498046875,945.9417724609375,648.3750610351562,0.8951835036277771
game8/Clip7,154,65,player_top,537.550048828125,230.56634521484375,513.2918090820312,154.9694061279297,561.8082885742188,230.56634521484375,0.8431677222251892
game8/Clip7,155,66,player_bottom,902.1065673828125,650.5022583007812,862.367431640625,519.010986328125,941.8456420898438,650.5022583007812,0.9082310199737549
game8/Clip7,155,65,player_top,536.994873046875,230.15359497070312,512.8327026367188,154.54742431640625,561.1570434570312,230.15359497070312,0.8621364831924438
game8/Clip7,156,66,player_bottom,896.2525634765625,651.9422607421875,855.91796875,517.2429809570312,936.5872192382812,651.9422607421875,0.8956131339073181
game8/Clip7,156,65,player_top,535.8241577148438,230.041015625,511.1965637207031,152.29653930664062,560.4517211914062,230.041015625,0.8749909400939941
game8/Clip7,157,66,player_bottom,885.2265014648438,651.9464721679688,844.7752685546875,514.8411254882812,925.677734375,651.9464721679688,0.8406232595443726
game8/Clip7,157,65,player_top,534.2460327148438,230.335693359375,509.2783508300781,149.99398803710938,559.2136840820312,230.335693359375,0.8362712860107422
game8/Clip7,158,66,player_bottom,875.1956787109375,651.4085083007812,835.5492553710938,512.44580078125,914.842041015625,651.4085083007812,0.8648183345794678
game8/Clip7,158,65,player_top,531.8530883789062,228.7640380859375,506.7990417480469,146.36387634277344,556.9071044921875,228.7640380859375,0.8126182556152344
game8/Clip7,159,66,player_bottom,866.6604614257812,651.822265625,827.6905517578125,510.5957336425781,905.63037109375,651.822265625,0.8166349530220032
game8/Clip7,159,65,player_top,523.9351806640625,228.20387268066406,498.3267822265625,144.42343139648438,549.5435180664062,228.20387268066406,0.7949461936950684
game8/Clip7,160,66,player_bottom,855.456787109375,653.415283203125,816.6904296875,510.2357177734375,894.22314453125,653.415283203125,0.808987557888031
game8/Clip7,160,65,player_top,521.7478637695312,226.87806701660156,496.1398620605469,143.22560119628906,547.3558349609375,226.87806701660156,0.8281317949295044
game8/Clip7,161,66,player_bottom,849.281982421875,652.9568481445312,811.9481811523438,511.032958984375,886.61572265625,652.9568481445312,0.8333840370178223
game8/Clip7,161,65,player_top,525.568603515625,227.1443634033203,500.0092468261719,142.0817108154297,551.1279907226562,227.1443634033203,0.8510885834693909
game8/Clip7,162,66,player_bottom,842.0211181640625,653.303466796875,805.8233642578125,512.71923828125,878.2188110351562,653.303466796875,0.8222593665122986
game8/Clip7,162,65,player_top,527.5657348632812,226.10107421875,502.61651611328125,142.09088134765625,552.5149536132812,226.10107421875,0.8542741537094116
game8/Clip7,163,66,player_bottom,831.131591796875,657.0201416015625,795.251708984375,516.0390014648438,867.011474609375,657.0201416015625,0.8816238641738892
game8/Clip7,163,65,player_top,525.2463989257812,225.44712829589844,500.2494201660156,142.29933166503906,550.2433471679688,225.44712829589844,0.8634456992149353
game8/Clip7,164,66,player_bottom,818.1390380859375,659.8881225585938,782.3934936523438,520.5883178710938,853.8846435546875,659.8881225585938,0.884009838104248
game8/Clip7,164,65,player_top,522.7711181640625,225.57266235351562,497.3495178222656,142.85595703125,548.1926879882812,225.57266235351562,0.8776401281356812
game8/Clip7,165,66,player_bottom,805.3126220703125,662.4371337890625,769.4943237304688,525.7274780273438,841.1309814453125,662.4371337890625,0.8920828104019165
game8/Clip7,165,65,player_top,520.669677734375,225.5408477783203,495.0823669433594,144.4661407470703,546.2570190429688,225.5408477783203,0.8936517238616943
game8/Clip7,166,66,player_bottom,794.9059448242188,663.2960815429688,758.9365844726562,530.301513671875,830.8753051757812,663.2960815429688,0.9089036583900452
game8/Clip7,166,65,player_top,519.6075439453125,225.75860595703125,493.8531799316406,145.9438018798828,545.3619384765625,225.75860595703125,0.896819531917572
game8/Clip7,167,66,player_bottom,790.144775390625,664.0880737304688,753.2377319335938,531.972412109375,827.0518188476562,664.0880737304688,0.9156268835067749
game8/Clip7,167,65,player_top,518.476806640625,225.81822204589844,492.497802734375,146.67135620117188,544.4558715820312,225.81822204589844,0.8878312706947327
game8/Clip7,168,66,player_bottom,788.078125,667.4794311523438,749.55126953125,532.486083984375,826.60498046875,667.4794311523438,0.8974758386611938
game8/Clip7,168,65,player_top,517.5161743164062,225.51358032226562,491.5833740234375,147.5126190185547,543.448974609375,225.51358032226562,0.8858503103256226
game8/Clip7,169,66,player_bottom,784.6605224609375,668.8345336914062,745.76025390625,533.6011962890625,823.5607299804688,668.8345336914062,0.8825435042381287
game8/Clip7,169,65,player_top,516.9608154296875,225.6082000732422,491.0545654296875,148.5276641845703,542.8670654296875,225.6082000732422,0.8871972560882568
game8/Clip7,170,66,player_bottom,775.5922241210938,670.30078125,736.48095703125,534.6005249023438,814.7034912109375,670.30078125,0.6600141525268555
game8/Clip7,170,65,player_top,516.5048217773438,225.62033081054688,490.6453857421875,149.29623413085938,542.3642578125,225.62033081054688,0.8793808221817017
game8/Clip7,171,66,player_bottom,761.6267700195312,670.9359130859375,723.0760498046875,535.209716796875,800.177490234375,670.9359130859375,0.8520463705062866
game8/Clip7,171,65,player_top,516.849853515625,225.7791748046875,490.6617736816406,149.0365447998047,543.0379028320312,225.7791748046875,0.8589768409729004
game8/Clip7,172,66,player_bottom,743.14404296875,670.85693359375,705.3734741210938,535.8395385742188,780.9146118164062,670.85693359375,0.8091830611228943
game8/Clip7,172,65,player_top,518.105224609375,225.6519012451172,491.9273376464844,149.472412109375,544.2830810546875,225.6519012451172,0.826195478439331
game8/Clip7,173,66,player_bottom,734.20458984375,670.5620727539062,696.6795654296875,534.80224609375,771.7295532226562,670.5620727539062,0.8770232200622559
game8/Clip7,173,65,player_top,520.282958984375,224.83477783203125,494.689208984375,150.1373748779297,545.8766479492188,224.83477783203125,0.8251278400421143
game8/Clip7,174,66,player_bottom,725.043212890625,667.4143676757812,688.07373046875,534.1388549804688,762.0126953125,667.4143676757812,0.8659566640853882
game8/Clip7,174,65,player_top,525.73828125,224.71908569335938,500.3138732910156,150.0410919189453,551.1627197265625,224.71908569335938,0.836081326007843
game8/Clip7,175,66,player_bottom,712.1136474609375,665.4428100585938,675.6160888671875,534.26806640625,748.6111450195312,665.4428100585938,0.8402740359306335
game8/Clip7,175,65,player_top,531.4390258789062,224.89988708496094,505.9427185058594,149.01150512695312,556.9353637695312,224.89988708496094,0.8127562999725342
game8/Clip7,176,66,player_bottom,700.3853759765625,667.4973754882812,663.8939208984375,534.3900146484375,736.8767700195312,667.4973754882812,0.7128103971481323
game8/Clip7,176,65,player_top,537.6802978515625,224.8649139404297,512.8196411132812,148.9857635498047,562.5408935546875,224.8649139404297,0.8299550414085388
game8/Clip7,177,66,player_bottom,683.5537109375,668.5779418945312,648.1343994140625,535.2145385742188,718.9729614257812,668.5779418945312,0.7865715622901917
game8/Clip7,177,65,player_top,543.2942504882812,225.62782287597656,518.7894897460938,148.73985290527344,567.7990112304688,225.62782287597656,0.7806082963943481
game8/Clip7,178,66,player_bottom,668.289794921875,669.606689453125,633.3609619140625,535.711669921875,703.2186889648438,669.606689453125,0.8433266282081604
game8/Clip7,178,65,player_top,546.9263916015625,226.2714080810547,523.0682373046875,149.0525665283203,570.7845458984375,226.2714080810547,0.7260837554931641
game8/Clip7,179,66,player_bottom,655.8466796875,670.3807983398438,620.37158203125,535.5336303710938,691.32177734375,670.3807983398438,0.8860254287719727
game8/Clip7,179,65,player_top,550.8478393554688,226.90826416015625,527.5545654296875,149.5146026611328,574.14111328125,226.90826416015625,0.7719466090202332
game8/Clip7,180,66,player_bottom,641.66015625,669.0799560546875,605.3150634765625,535.1690673828125,678.0051879882812,669.0799560546875,0.9040060043334961
game8/Clip7,180,65,player_top,556.521240234375,228.01272583007812,533.2886962890625,148.26983642578125,579.7537231445312,228.01272583007812,0.7338116765022278
game8/Clip7,181,66,player_bottom,628.9451293945312,670.6174926757812,591.631103515625,535.9334716796875,666.2591552734375,670.6174926757812,0.8848885297775269
game8/Clip7,181,65,player_top,561.8164672851562,228.64401245117188,539.31103515625,147.83087158203125,584.3218994140625,228.64401245117188,0.7625288963317871
game8/Clip7,182,66,player_bottom,609.209716796875,671.8693237304688,573.2999267578125,538.1642456054688,645.1194458007812,671.8693237304688,0.6219249367713928
game8/Clip7,182,65,player_top,565.7727661132812,228.98106384277344,544.3910522460938,148.64552307128906,587.1544799804688,228.98106384277344,0.7775375247001648
game8/Clip7,183,66,player_bottom,597.12109375,672.0626220703125,562.26171875,539.5633544921875,631.9805297851562,672.0626220703125,0.7906472682952881
game8/Clip7,183,65,player_top,570.815185546875,229.00131225585938,550.2993774414062,149.88905334472656,591.3309936523438,229.00131225585938,0.7920925617218018
game8/Clip7,184,66,player_bottom,583.5670776367188,671.49658203125,550.1403198242188,540.9658813476562,616.9938354492188,671.49658203125,0.8285043835639954
game8/Clip7,184,65,player_top,576.7566528320312,229.32241821289062,556.1303100585938,150.0747528076172,597.3829956054688,229.32241821289062,0.8618133068084717
game8/Clip7,185,66,player_bottom,573.0786743164062,671.82568359375,539.4916381835938,539.3739624023438,606.6657104492188,671.82568359375,0.8602568507194519
game8/Clip7,185,65,player_top,580.5263671875,229.6390838623047,559.6626586914062,150.4017791748047,601.3900146484375,229.6390838623047,0.8619502186775208
game8/Clip7,186,66,player_bottom,560.4600219726562,672.0802001953125,525.6516723632812,537.9544677734375,595.2683715820312,672.0802001953125,0.8672491312026978
game8/Clip7,186,65,player_top,583.093505859375,229.66004943847656,561.99267578125,150.10813903808594,604.1943969726562,229.66004943847656,0.8582626581192017
game8/Clip7,187,66,player_bottom,547.1943359375,671.5440063476562,510.94287109375,536.2315063476562,583.44580078125,671.5440063476562,0.8945039510726929
game8/Clip7,187,65,player_top,588.7861328125,229.44546508789062,568.3143920898438,150.1335906982422,609.2579345703125,229.44546508789062,0.8080430626869202
game8/Clip7,188,66,player_bottom,536.174560546875,670.59130859375,498.5771179199219,535.1979370117188,573.77197265625,670.59130859375,0.9087611436843872
game8/Clip7,188,65,player_top,592.04931640625,229.56259155273438,572.3287963867188,150.6647491455078,611.7698974609375,229.56259155273438,0.7821967601776123
game8/Clip7,189,66,player_bottom,526.6966552734375,668.3895263671875,488.8455810546875,536.8587036132812,564.5477905273438,668.3895263671875,0.9006182551383972
game8/Clip7,189,65,player_top,595.4720458984375,230.38998413085938,576.33251953125,151.33876037597656,614.611572265625,230.38998413085938,0.7918751239776611
game8/Clip7,190,66,player_bottom,518.5060424804688,666.7257690429688,480.70269775390625,539.183837890625,556.3093872070312,666.7257690429688,0.8642256259918213
game8/Clip7,190,65,player_top,600.2926025390625,231.22250366210938,581.4076538085938,151.50645446777344,619.1776123046875,231.22250366210938,0.8046066164970398
game8/Clip7,191,66,player_bottom,511.197998046875,665.363525390625,473.3145446777344,539.3992919921875,549.0814819335938,665.363525390625,0.8934405446052551
game8/Clip7,191,65,player_top,606.5513916015625,231.45489501953125,587.693115234375,151.6622314453125,625.4097290039062,231.45489501953125,0.8290865421295166
game8/Clip7,192,66,player_bottom,505.153076171875,664.7216796875,466.7854309082031,538.152587890625,543.520751953125,664.7216796875,0.8695092797279358
game8/Clip7,192,65,player_top,611.7879638671875,231.47653198242188,592.82861328125,151.7904510498047,630.7472534179688,231.47653198242188,0.8635850548744202
game8/Clip7,193,66,player_bottom,501.67340087890625,663.708984375,463.2919006347656,535.7858276367188,540.0548706054688,663.708984375,0.8897624015808105
game8/Clip7,193,65,player_top,615.1222534179688,231.52723693847656,595.8103637695312,151.24977111816406,634.4341430664062,231.52723693847656,0.8719638586044312
game8/Clip7,194,66,player_bottom,495.83392333984375,663.1355590820312,457.6234436035156,533.017578125,534.0443725585938,663.1355590820312,0.892829179763794
game8/Clip7,194,65,player_top,616.6158447265625,231.35348510742188,597.1987915039062,151.90438842773438,636.0328979492188,231.35348510742188,0.8630816340446472
game8/Clip7,195,66,player_bottom,488.2115783691406,662.9246826171875,450.22833251953125,531.0511474609375,526.19482421875,662.9246826171875,0.8781186938285828
game8/Clip7,195,65,player_top,618.7235717773438,231.20834350585938,599.3258056640625,152.62127685546875,638.121337890625,231.20834350585938,0.8452907800674438
game8/Clip7,196,66,player_bottom,480.251953125,663.1668701171875,442.63824462890625,529.8970947265625,517.8656616210938,663.1668701171875,0.8840662837028503
game8/Clip7,196,65,player_top,622.009765625,231.2647705078125,602.9567260742188,153.352783203125,641.0628051757812,231.2647705078125,0.8280973434448242
game8/Clip7,197,66,player_bottom,472.50982666015625,662.2321166992188,435.4512939453125,527.7701416015625,509.5683288574219,662.2321166992188,0.8240078091621399
game8/Clip7,197,65,player_top,626.901611328125,230.91090393066406,608.186767578125,154.10426330566406,645.6165161132812,230.91090393066406,0.8260777592658997
game8/Clip7,198,66,player_bottom,470.97515869140625,662.5872802734375,432.365234375,521.03271484375,509.5850524902344,662.5872802734375,0.6543213725090027
game8/Clip7,198,65,player_top,632.5612182617188,231.20457458496094,613.892822265625,155.8302459716797,651.2296142578125,231.20457458496094,0.8309733867645264
game8/Clip7,199,66,player_bottom,465.6799621582031,663.9010620117188,425.7926940917969,514.863037109375,505.5672302246094,663.9010620117188,0.7410129308700562
game8/Clip7,199,65,player_top,637.2022705078125,231.9588623046875,618.3015747070312,157.78604125976562,656.1029052734375,231.9588623046875,0.8580533266067505
game8/Clip7,200,66,player_bottom,459.362060546875,663.732666015625,419.6796875,512.3980102539062,499.0444641113281,663.732666015625,0.8204573392868042
game8/Clip7,200,65,player_top,640.6836547851562,232.61888122558594,621.515869140625,159.48419189453125,659.8514404296875,232.61888122558594,0.865886390209198
game8/Clip7,201,66,player_bottom,452.0751037597656,663.7879028320312,411.8763427734375,510.12359619140625,492.27386474609375,663.7879028320312,0.8456095457077026
game8/Clip7,201,65,player_top,642.6614990234375,232.82276916503906,623.252685546875,160.25433349609375,662.0703125,232.82276916503906,0.855300784111023
game8/Clip7,202,66,player_bottom,442.06787109375,663.2236328125,402.2118835449219,512.6217651367188,481.92388916015625,663.2236328125,0.8728440999984741
game8/Clip7,202,65,player_top,644.9409790039062,232.8639678955078,625.4869384765625,160.49429321289062,664.39501953125,232.8639678955078,0.8439099192619324
game8/Clip7,203,66,player_bottom,434.57269287109375,662.8099365234375,396.3700256347656,522.43408203125,472.7753601074219,662.8099365234375,0.8952293395996094
game8/Clip7,203,65,player_top,646.5384521484375,232.9037628173828,627.301025390625,161.39749145507812,665.77587890625,232.9037628173828,0.8320954442024231
game8/Clip7,204,66,player_bottom,433.24920654296875,664.7963256835938,394.29852294921875,525.8732299804688,472.1998596191406,664.7963256835938,0.90973299741745
game8/Clip7,204,65,player_top,647.100830078125,232.920654296875,628.28515625,163.17173767089844,665.91650390625,232.920654296875,0.8194061517715454
game8/Clip7,205,66,player_bottom,431.85345458984375,665.911865234375,392.6589660644531,529.4644775390625,471.0479431152344,665.911865234375,0.8880667090415955
game8/Clip7,205,65,player_top,646.97607421875,232.9891357421875,628.3052978515625,164.06964111328125,665.6468505859375,232.9891357421875,0.8158910870552063
game8/Clip7,206,66,player_bottom,428.6254577636719,666.1813354492188,389.8887634277344,533.1722412109375,467.3621520996094,666.1813354492188,0.9004400968551636
game8/Clip7,206,65,player_top,645.90966796875,233.03631591796875,626.8833618164062,163.3152313232422,664.9359130859375,233.03631591796875,0.8332545161247253
game8/Clip7,207,66,player_bottom,426.97833251953125,666.288330078125,388.5534973144531,535.7562866210938,465.40313720703125,666.288330078125,0.8905501365661621
game8/Clip7,207,65,player_top,644.349365234375,233.08340454101562,624.9729614257812,163.21221923828125,663.7257690429688,233.08340454101562,0.8363670706748962
game8/Clip7,208,66,player_bottom,425.18780517578125,666.0577392578125,386.7654724121094,536.2277221679688,463.610107421875,666.0577392578125,0.887803852558136
game8/Clip7,208,65,player_top,642.5345458984375,233.1901397705078,622.4027709960938,162.00205993652344,662.6663208007812,233.1901397705078,0.8620017766952515
game8/Clip7,209,66,player_bottom,424.2052001953125,665.9141845703125,385.12542724609375,534.4219970703125,463.2849426269531,665.9141845703125,0.8877644538879395
game8/Clip7,209,65,player_top,640.8963623046875,233.1468048095703,620.327880859375,162.28204345703125,661.4649047851562,233.1468048095703,0.8558592200279236
game8/Clip7,210,66,player_bottom,424.76885986328125,664.67041015625,384.94921875,531.034423828125,464.5885009765625,664.67041015625,0.876869797706604
game8/Clip7,210,65,player_top,639.375732421875,233.1644744873047,618.2581176757812,162.49188232421875,660.4933471679688,233.1644744873047,0.8635866641998291
game8/Clip7,211,66,player_bottom,424.00445556640625,663.7352294921875,383.6409606933594,528.8131713867188,464.36798095703125,663.7352294921875,0.8701709508895874
game8/Clip7,211,65,player_top,637.440673828125,232.98394775390625,615.4130859375,161.48733520507812,659.46826171875,232.98394775390625,0.8722705841064453
game8/Clip7,212,66,player_bottom,421.7615966796875,662.3282470703125,381.43853759765625,527.4048461914062,462.08465576171875,662.3282470703125,0.8850213885307312
game8/Clip7,212,65,player_top,633.6287841796875,232.34275817871094,610.8238525390625,160.7133026123047,656.4337768554688,232.34275817871094,0.7738909721374512
game8/Clip7,213,66,player_bottom,420.27105712890625,660.4503173828125,380.1460266113281,527.1297607421875,460.3960876464844,660.4503173828125,0.8877502083778381
game8/Clip7,213,65,player_top,628.7166748046875,231.86886596679688,604.97705078125,159.3778839111328,652.4563598632812,231.86886596679688,0.8507426381111145
game8/Clip7,214,66,player_bottom,418.33538818359375,660.4373779296875,378.1166076660156,527.9209594726562,458.55413818359375,660.4373779296875,0.8918800354003906
game8/Clip7,214,65,player_top,622.3929443359375,231.28358459472656,598.219970703125,159.24468994140625,646.5658569335938,231.28358459472656,0.8423634171485901
game8/Clip7,215,66,player_bottom,417.7522888183594,660.3529052734375,377.5066223144531,530.0151977539062,457.9979553222656,660.3529052734375,0.8794806599617004
game8/Clip7,215,65,player_top,615.184326171875,231.17535400390625,590.9473266601562,159.99876403808594,639.42138671875,231.17535400390625,0.6619045734405518
game8/Clip7,216,66,player_bottom,419.4290771484375,661.504638671875,378.7852783203125,532.7725219726562,460.0728759765625,661.504638671875,0.8758551478385925
game8/Clip7,216,65,player_top,607.0574340820312,231.09959411621094,582.5258178710938,159.26852416992188,631.5890502929688,231.09959411621094,0.8140053153038025
game8/Clip7,217,66,player_bottom,417.0730895996094,661.9878540039062,376.5059814453125,534.8004150390625,457.64019775390625,661.9878540039062,0.8933880925178528
game8/Clip7,217,65,player_top,602.244384765625,231.07965087890625,577.5735473632812,159.7947235107422,626.9152221679688,231.07965087890625,0.8261205554008484
game8/Clip7,218,66,player_bottom,417.5179443359375,661.91259765625,376.4087829589844,534.5578002929688,458.6271057128906,661.91259765625,0.888035237789154
game8/Clip7,218,65,player_top,598.0621337890625,231.0803985595703,572.485595703125,158.58038330078125,623.6387329101562,231.0803985595703,0.8656787276268005
game8/Clip7,219,66,player_bottom,419.10076904296875,660.3297119140625,377.3925476074219,533.0484619140625,460.80902099609375,660.3297119140625,0.9031404852867126
game8/Clip7,219,65,player_top,594.0359497070312,231.0941619873047,567.5980224609375,158.04315185546875,620.473876953125,231.0941619873047,0.8623424768447876
game8/Clip7,220,66,player_bottom,421.5697021484375,659.3624877929688,378.8459777832031,530.8074340820312,464.29339599609375,659.3624877929688,0.8954680562019348
game8/Clip7,220,65,player_top,589.5809326171875,231.3067626953125,561.9948120117188,157.09088134765625,617.1669921875,231.3067626953125,0.8629772067070007
game8/Clip7,221,66,player_bottom,424.3203125,658.6194458007812,380.81707763671875,528.9224243164062,467.8235778808594,658.6194458007812,0.8771383166313171
game8/Clip7,221,65,player_top,582.9825439453125,231.45370483398438,554.5848999023438,156.250732421875,611.3802490234375,231.45370483398438,0.8694878220558167
game8/Clip7,222,66,player_bottom,431.697998046875,658.3602905273438,387.943115234375,528.0064086914062,475.4528503417969,658.3602905273438,0.8856738209724426
game8/Clip7,222,65,player_top,576.2113037109375,231.60113525390625,547.8145751953125,156.91372680664062,604.6079711914062,231.60113525390625,0.7578579187393188
game8/Clip7,223,66,player_bottom,441.81134033203125,658.4942626953125,398.06536865234375,526.9105224609375,485.55731201171875,658.4942626953125,0.8947199583053589
game8/Clip7,223,65,player_top,562.75390625,232.38607788085938,535.0552368164062,156.96278381347656,590.4525146484375,232.38607788085938,0.6659345626831055
game8/Clip7,224,66,player_bottom,453.8032531738281,658.458251953125,410.3498229980469,524.8651733398438,497.2566833496094,658.458251953125,0.8342946767807007
game8/Clip7,224,65,player_top,556.6419677734375,232.3983154296875,530.1105346679688,157.49609375,583.17333984375,232.3983154296875,0.7138245105743408
game8/Clip7,225,66,player_bottom,464.31402587890625,658.3870239257812,421.53192138671875,522.8014526367188,507.09613037109375,658.3870239257812,0.8842964172363281
game8/Clip7,225,65,player_top,550.083984375,232.1468505859375,523.7688598632812,156.59136962890625,576.3990478515625,232.1468505859375,0.805591881275177
game8/Clip7,226,66,player_bottom,471.0090026855469,657.775390625,428.94720458984375,520.7200927734375,513.07080078125,657.775390625,0.878650963306427
game8/Clip7,226,65,player_top,546.2916259765625,231.9751434326172,519.8323364257812,155.1050567626953,572.7509155273438,231.9751434326172,0.7871261239051819
game8/Clip7,227,66,player_bottom,477.16552734375,654.0098266601562,436.7210693359375,519.0629272460938,517.6099853515625,654.0098266601562,0.8615932464599609
game8/Clip7,227,65,player_top,538.853271484375,231.30279541015625,512.1292724609375,153.8007354736328,565.5772705078125,231.30279541015625,0.8381937742233276
game8/Clip7,228,66,player_bottom,484.8123779296875,651.6752319335938,446.05010986328125,518.9769287109375,523.5746459960938,651.6752319335938,0.8594772815704346
game8/Clip7,228,65,player_top,532.3932495117188,228.74746704101562,506.18670654296875,153.17919921875,558.5997924804688,228.74746704101562,0.875300407409668
game8/Clip7,229,66,player_bottom,494.64788818359375,647.558349609375,458.6075744628906,519.9036865234375,530.6881713867188,647.558349609375,0.8490769863128662
game8/Clip7,229,65,player_top,521.4561767578125,227.28819274902344,496.2059631347656,152.70904541015625,546.7064208984375,227.28819274902344,0.6690679788589478
game8/Clip7,230,66,player_bottom,502.3822021484375,646.5195922851562,468.14129638671875,521.5565185546875,536.6231079101562,646.5195922851562,0.8532664179801941
game8/Clip7,230,65,player_top,514.291015625,226.1944580078125,489.82537841796875,153.6129913330078,538.7566528320312,226.1944580078125,0.6904003024101257
game8/Clip7,231,66,player_bottom,509.71038818359375,646.0358276367188,476.8702697753906,522.7076416015625,542.5504760742188,646.0358276367188,0.8620149493217468
game8/Clip7,231,65,player_top,506.0445251464844,225.685302734375,481.51995849609375,152.3217315673828,530.569091796875,225.685302734375,0.7671419382095337
game8/Clip7,232,66,player_bottom,521.075439453125,645.257080078125,488.79449462890625,523.292236328125,553.3563232421875,645.257080078125,0.8828607201576233
game8/Clip7,232,65,player_top,499.7071228027344,226.9694061279297,474.8416748046875,151.47940063476562,524.5725708007812,226.9694061279297,0.724374532699585
game8/Clip7,233,66,player_bottom,532.1361083984375,645.5673828125,498.91790771484375,523.0475463867188,565.3543090820312,645.5673828125,0.897050678730011
game8/Clip7,233,65,player_top,494.2016906738281,227.94351196289062,468.494384765625,148.41416931152344,519.9089965820312,227.94351196289062,0.8027273416519165
game8/Clip7,234,66,player_bottom,539.8442993164062,644.7227172851562,505.2193908691406,521.4559326171875,574.4691772460938,644.7227172851562,0.9073454141616821
game8/Clip7,234,65,player_top,491.9189453125,228.7119140625,467.0636901855469,149.01002502441406,516.774169921875,228.7119140625,0.7932562828063965
game8/Clip7,235,66,player_bottom,544.3220825195312,643.9310913085938,508.0802917480469,519.0692138671875,580.5639038085938,643.9310913085938,0.9060718417167664
game8/Clip7,235,65,player_top,484.51837158203125,228.88131713867188,460.3304748535156,149.96954345703125,508.7062683105469,228.88131713867188,0.777935266494751
game8/Clip7,236,66,player_bottom,549.4307861328125,643.2900390625,512.12646484375,516.91748046875,586.735107421875,643.2900390625,0.8771382570266724
game8/Clip7,236,65,player_top,479.08770751953125,228.2567596435547,455.54180908203125,150.07327270507812,502.63360595703125,228.2567596435547,0.7864207029342651
game8/Clip7,237,66,player_bottom,555.4385375976562,643.2020874023438,517.4694213867188,514.1687622070312,593.4076538085938,643.2020874023438,0.8596403002738953
game8/Clip7,237,65,player_top,476.0382080078125,227.0914306640625,453.389892578125,150.10597229003906,498.6865234375,227.0914306640625,0.8029617667198181
game8/Clip7,238,66,player_bottom,565.154296875,642.6102905273438,526.9705810546875,510.80389404296875,603.3380737304688,642.6102905273438,0.8686737418174744
game8/Clip7,238,65,player_top,474.5074462890625,225.11343383789062,452.6849060058594,149.264892578125,496.3299560546875,225.11343383789062,0.7615904211997986
game8/Clip7,239,66,player_bottom,575.8836669921875,642.4476928710938,537.4818725585938,506.58251953125,614.2855224609375,642.4476928710938,0.818317174911499
game8/Clip7,239,65,player_top,471.3076171875,223.76681518554688,449.9201965332031,147.97996520996094,492.6950378417969,223.76681518554688,0.65187007188797
game8/Clip7,240,66,player_bottom,586.344970703125,642.3675537109375,548.3092041015625,503.4163818359375,624.3806762695312,642.3675537109375,0.8519177436828613
game8/Clip7,240,65,player_top,466.416015625,222.96568298339844,444.40118408203125,144.53155517578125,488.43084716796875,222.96568298339844,0.6445630788803101
game8/Clip7,241,66,player_bottom,594.4097900390625,642.998291015625,557.039794921875,501.91363525390625,631.77978515625,642.998291015625,0.8443934321403503
game8/Clip7,241,65,player_top,464.5949401855469,221.9140625,442.00030517578125,140.86805725097656,487.1895751953125,221.9140625,0.7607567310333252
game8/Clip7,242,66,player_bottom,602.3275146484375,643.7389526367188,565.5681762695312,501.3188781738281,639.0869140625,643.7389526367188,0.8402990698814392
game8/Clip7,242,65,player_top,464.38299560546875,220.8456573486328,442.1734313964844,139.88136291503906,486.59259033203125,220.8456573486328,0.7302489280700684
game8/Clip7,243,66,player_bottom,610.3384399414062,643.0804443359375,574.8988647460938,501.9022521972656,645.7780151367188,643.0804443359375,0.8400753140449524
game8/Clip7,243,65,player_top,463.827880859375,218.67645263671875,441.52325439453125,137.0807647705078,486.13250732421875,218.67645263671875,0.7910520434379578
game8/Clip7,244,66,player_bottom,618.4274291992188,642.8425903320312,584.1604614257812,504.3670654296875,652.6943969726562,642.8425903320312,0.8362007737159729
game8/Clip7,244,65,player_top,461.8363952636719,216.5894012451172,438.3542785644531,131.53106689453125,485.3185119628906,216.5894012451172,0.7550589442253113
game8/Clip7,245,66,player_bottom,629.6474609375,644.6549682617188,595.7682495117188,508.5387878417969,663.526611328125,644.6549682617188,0.8589960336685181
game8/Clip7,245,65,player_top,458.61834716796875,216.77012634277344,435.6202087402344,136.93743896484375,481.61651611328125,216.77012634277344,0.8292385935783386
game8/Clip7,246,66,player_bottom,642.6456298828125,647.6463012695312,608.688232421875,513.1969604492188,676.6029663085938,647.6463012695312,0.9059880971908569
game8/Clip7,246,65,player_top,456.3824157714844,216.61666870117188,432.6147766113281,136.96131896972656,480.1500549316406,216.61666870117188,0.8272608518600464
game8/Clip7,247,66,player_bottom,652.807861328125,649.251708984375,618.3091430664062,517.9518432617188,687.306640625,649.251708984375,0.9102606177330017
game8/Clip7,247,65,player_top,454.91259765625,216.9483184814453,430.45550537109375,137.23643493652344,479.36968994140625,216.9483184814453,0.8150079846382141
game8/Clip7,248,66,player_bottom,659.0614624023438,649.66552734375,623.58740234375,520.968994140625,694.5355224609375,649.66552734375,0.9118762612342834
game8/Clip7,248,65,player_top,452.34686279296875,217.0517578125,428.31378173828125,140.32518005371094,476.3799743652344,217.0517578125,0.8254920244216919
game8/Clip7,249,66,player_bottom,663.54541015625,648.9471435546875,626.5980834960938,521.612060546875,700.4927978515625,648.9471435546875,0.9113405346870422
game8/Clip7,249,65,player_top,449.37554931640625,217.11758422851562,426.0472717285156,143.47576904296875,472.703857421875,217.11758422851562,0.8538972735404968
game8/Clip7,250,66,player_bottom,667.290283203125,646.9481811523438,629.259765625,521.8233032226562,705.3208618164062,646.9481811523438,0.8937484622001648
game8/Clip7,250,65,player_top,447.0027160644531,216.96316528320312,424.20703125,145.114013671875,469.79840087890625,216.96316528320312,0.7766674160957336
game8/Clip7,251,66,player_bottom,672.9100341796875,646.19140625,634.3221435546875,522.9721069335938,711.4979858398438,646.19140625,0.9027591943740845
game8/Clip7,251,65,player_top,446.53326416015625,216.90330505371094,423.86444091796875,145.51504516601562,469.2021179199219,216.90330505371094,0.8166587948799133
game8/Clip7,252,66,player_bottom,682.8179321289062,645.7630615234375,644.327880859375,523.1282958984375,721.3079833984375,645.7630615234375,0.8748091459274292
game8/Clip7,252,65,player_top,445.384521484375,216.5377655029297,423.0151062011719,145.76547241210938,467.75396728515625,216.5377655029297,0.8180559873580933
game8/Clip7,253,66,player_bottom,694.001953125,645.3539428710938,656.0908203125,522.4503784179688,731.9130249023438,645.3539428710938,0.8275949358940125
game8/Clip7,253,65,player_top,445.1062927246094,216.41773986816406,422.8206481933594,145.60548400878906,467.3919372558594,216.41773986816406,0.808721125125885
game8/Clip7,254,66,player_bottom,711.6029052734375,645.636474609375,674.65478515625,521.1178588867188,748.551025390625,645.636474609375,0.7817398309707642
game8/Clip7,254,65,player_top,446.2372741699219,216.6365509033203,423.6014404296875,144.73019409179688,468.87310791015625,216.6365509033203,0.798362135887146
game8/Clip7,255,66,player_bottom,722.9656372070312,645.3739013671875,686.4425048828125,518.6956176757812,759.48876953125,645.3739013671875,0.8526542782783508
game8/Clip7,255,65,player_top,447.9209289550781,216.78993225097656,425.2259216308594,145.44635009765625,470.6159362792969,216.78993225097656,0.7438832521438599
game8/Clip7,256,66,player_bottom,730.8895263671875,644.9462890625,694.3043212890625,515.5830078125,767.4747924804688,644.9462890625,0.8369446396827698
game8/Clip7,256,65,player_top,451.16461181640625,216.87362670898438,427.7723693847656,144.95382690429688,474.556884765625,216.87362670898438,0.7313243746757507
game8/Clip7,257,66,player_bottom,743.3043212890625,645.0256958007812,705.77783203125,513.2344970703125,780.8308715820312,645.0256958007812,0.8892326951026917
game8/Clip7,257,65,player_top,454.4792175292969,217.22032165527344,430.1029968261719,144.20021057128906,478.8554382324219,217.22032165527344,0.7516165971755981
game8/Clip7,258,66,player_bottom,754.6575927734375,641.2936401367188,717.5245971679688,512.2183837890625,791.7905883789062,641.2936401367188,0.8796272873878479
game8/Clip7,258,65,player_top,455.4915466308594,217.51412963867188,431.2663269042969,144.96292114257812,479.7167663574219,217.51412963867188,0.6432393789291382
game8/Clip7,259,66,player_bottom,765.067626953125,633.0797729492188,729.8816528320312,511.2201843261719,800.2535400390625,633.0797729492188,0.8722862005233765
game8/Clip7,259,65,player_top,460.5793762207031,217.39044189453125,436.53961181640625,145.7265625,484.619140625,217.39044189453125,0.744343101978302
game8/Clip7,260,66,player_bottom,777.1231079101562,627.8656616210938,743.22998046875,509.3780212402344,811.0162353515625,627.8656616210938,0.8678614497184753
game8/Clip7,260,65,player_top,466.14886474609375,217.4001007080078,442.2066650390625,145.58482360839844,490.0910949707031,217.4001007080078,0.8288270831108093
game8/Clip7,261,66,player_bottom,790.0504150390625,627.9304809570312,756.7369995117188,508.6895751953125,823.36376953125,627.9304809570312,0.8533899188041687
game8/Clip7,261,65,player_top,471.1171875,217.37940979003906,447.55303955078125,145.16709899902344,494.68133544921875,217.37940979003906,0.6781229972839355
game8/Clip7,262,66,player_bottom,801.7918701171875,627.5810546875,768.9913940429688,507.587890625,834.5923461914062,627.5810546875,0.8512941002845764
game8/Clip7,262,65,player_top,477.27392578125,218.73109436035156,453.64892578125,144.39976501464844,500.89892578125,218.73109436035156,0.7842078804969788
game8/Clip7,263,66,player_bottom,810.5960693359375,625.3936767578125,778.6522216796875,507.61767578125,842.5398559570312,625.3936767578125,0.7821734547615051
game8/Clip7,263,65,player_top,481.1131591796875,219.9888458251953,457.342529296875,143.29026794433594,504.8838195800781,219.9888458251953,0.7715518474578857
game8/Clip7,264,66,player_bottom,820.5724487304688,623.62744140625,788.7548828125,508.39111328125,852.3900146484375,623.62744140625,0.8532020449638367
game8/Clip7,264,65,player_top,484.4516296386719,221.59588623046875,460.89111328125,143.87257385253906,508.01214599609375,221.59588623046875,0.7606220245361328
game8/Clip7,265,66,player_bottom,828.1693725585938,622.8132934570312,793.9108276367188,501.0279846191406,862.4279174804688,622.8132934570312,0.8369238972663879
game8/Clip7,265,65,player_top,490.51959228515625,222.80650329589844,467.6152038574219,144.35964965820312,513.4239501953125,222.80650329589844,0.7370755076408386
game8/Clip7,266,66,player_bottom,836.0211181640625,622.0076904296875,800.6704711914062,499.47869873046875,871.3717651367188,622.0076904296875,0.8645386099815369
game8/Clip7,266,65,player_top,495.7969665527344,224.2603302001953,473.535888671875,145.22137451171875,518.0580444335938,224.2603302001953,0.7869920134544373
game8/Clip7,267,66,player_bottom,840.8684692382812,621.5686645507812,804.1028442382812,498.0288391113281,877.6340942382812,621.5686645507812,0.8651254177093506
game8/Clip7,267,65,player_top,500.2984924316406,224.965087890625,479.23089599609375,147.01785278320312,521.3660888671875,224.965087890625,0.7843742370605469
game8/Clip7,268,66,player_bottom,846.7012939453125,620.5294189453125,809.1124267578125,498.1766357421875,884.2901000976562,620.5294189453125,0.880635142326355
game8/Clip7,268,65,player_top,505.3288269042969,225.47927856445312,485.333251953125,148.74154663085938,525.3244018554688,225.47927856445312,0.77079176902771
game8/Clip7,269,66,player_bottom,849.7682495117188,618.7699584960938,812.5072021484375,501.212890625,887.029296875,618.7699584960938,0.8949548006057739
game8/Clip7,269,65,player_top,513.0877685546875,225.73744201660156,493.29901123046875,149.45545959472656,532.8765258789062,225.73744201660156,0.8296025991439819
game8/Clip7,270,66,player_bottom,851.638916015625,618.4522094726562,813.5845336914062,500.70538330078125,889.6932373046875,618.4522094726562,0.9023318886756897
game8/Clip7,270,65,player_top,518.3443603515625,225.81163024902344,498.2876281738281,149.4676513671875,538.401123046875,225.81163024902344,0.8483060002326965
game8/Clip7,271,66,player_bottom,857.0111083984375,617.8538818359375,817.7535400390625,498.22015380859375,896.2687377929688,617.8538818359375,0.8849714398384094
game8/Clip7,271,65,player_top,522.2699584960938,225.68247985839844,501.5843505859375,148.72613525390625,542.95556640625,225.68247985839844,0.8758018612861633
game8/Clip7,272,66,player_bottom,863.6798095703125,617.4893188476562,822.9711303710938,494.0252990722656,904.3884887695312,617.4893188476562,0.7436062693595886
game8/Clip7,272,65,player_top,525.1826171875,225.58335876464844,504.0557861328125,148.08706665039062,546.3093872070312,225.58335876464844,0.8866435289382935
game8/Clip7,273,66,player_bottom,870.6856689453125,616.9485473632812,829.1502075195312,490.1131896972656,912.2211303710938,616.9485473632812,0.879862368106842
game8/Clip7,273,65,player_top,527.4493408203125,225.04507446289062,506.185302734375,147.45367431640625,548.7134399414062,225.04507446289062,0.8691465854644775
game8/Clip7,274,66,player_bottom,874.2976684570312,616.5223388671875,832.22412109375,485.4632568359375,916.3712158203125,616.5223388671875,0.8495867252349854
game8/Clip7,274,65,player_top,530.1287841796875,224.34263610839844,509.0636291503906,146.89601135253906,551.1939086914062,224.34263610839844,0.8472724556922913
game8/Clip7,275,66,player_bottom,877.2841796875,615.8782958984375,835.1747436523438,481.3212585449219,919.3936767578125,615.8782958984375,0.8974936008453369
game8/Clip7,275,65,player_top,533.5518188476562,223.40284729003906,513.0077514648438,146.18426513671875,554.0958862304688,223.40284729003906,0.825346827507019
game8/Clip7,276,66,player_bottom,880.09765625,616.78466796875,836.1764526367188,472.6312255859375,924.0188598632812,616.78466796875,0.8535627126693726
game8/Clip7,276,65,player_top,536.8487548828125,222.6073455810547,517.1331176757812,147.1014862060547,556.564453125,222.6073455810547,0.7993412017822266
game8/Clip7,277,66,player_bottom,883.1759643554688,612.5926513671875,840.0484619140625,468.26287841796875,926.303466796875,612.5926513671875,0.8689889907836914
game8/Clip7,277,65,player_top,541.3839111328125,222.12159729003906,521.9867553710938,147.63229370117188,560.781005859375,222.12159729003906,0.8340312838554382
game8/Clip7,278,66,player_bottom,888.101318359375,610.009521484375,846.8141479492188,471.39764404296875,929.3884887695312,610.009521484375,0.8810133337974548
game8/Clip7,278,65,player_top,544.0961303710938,223.0811309814453,524.6008911132812,148.11679077148438,563.5913696289062,223.0811309814453,0.835698664188385
game8/Clip7,279,66,player_bottom,895.4002685546875,607.3887939453125,854.6337890625,472.1346130371094,936.1668090820312,607.3887939453125,0.8533324599266052
game8/Clip7,279,65,player_top,549.0977783203125,223.64602661132812,529.1255493164062,149.02359008789062,569.070068359375,223.64602661132812,0.873803436756134
game8/Clip7,280,66,player_bottom,902.5740966796875,605.4086303710938,862.1755981445312,474.26788330078125,942.9725341796875,605.4086303710938,0.8761217594146729
game8/Clip7,280,65,player_top,552.162109375,223.98129272460938,531.59423828125,149.9559326171875,572.7300415039062,223.98129272460938,0.8774181604385376
game8/Clip7,281,66,player_bottom,907.6722412109375,599.2552490234375,868.8953247070312,477.2608337402344,946.4490966796875,599.2552490234375,0.8484520316123962
game8/Clip7,281,65,player_top,553.9278564453125,224.15919494628906,532.7718505859375,150.99029541015625,575.0838623046875,224.15919494628906,0.8878328800201416
game8/Clip7,282,66,player_bottom,916.472412109375,602.82763671875,876.85986328125,481.7660827636719,956.0850219726562,602.82763671875,0.8892673850059509
game8/Clip7,282,65,player_top,554.2376708984375,224.1646270751953,532.2587890625,150.37059020996094,576.216552734375,224.1646270751953,0.8824129700660706
game8/Clip7,283,66,player_bottom,923.8646240234375,607.3847045898438,883.5647583007812,486.4365234375,964.16455078125,607.3847045898438,0.9123221635818481
game8/Clip7,283,65,player_top,555.4129638671875,223.61181640625,532.7872314453125,149.641357421875,578.0386352539062,223.61181640625,0.8359221816062927
game8/Clip7,284,66,player_bottom,930.157958984375,610.3843994140625,889.852294921875,490.1339416503906,970.463623046875,610.3843994140625,0.9040828943252563
game8/Clip7,284,65,player_top,557.8404541015625,223.36802673339844,534.73486328125,149.3748779296875,580.946044921875,223.36802673339844,0.8318407535552979
game8/Clip7,285,66,player_bottom,935.1973876953125,610.8251953125,895.7180786132812,492.63543701171875,974.6766357421875,610.8251953125,0.8961486220359802
game8/Clip7,285,65,player_top,563.164794921875,222.72064208984375,540.0050048828125,149.4143524169922,586.3246459960938,222.72064208984375,0.8442828059196472
game8/Clip7,286,66,player_bottom,937.861572265625,611.0548706054688,898.7203369140625,492.9839782714844,977.0027465820312,611.0548706054688,0.8961765766143799
game8/Clip7,286,65,player_top,570.0181884765625,222.62596130371094,547.025390625,150.06170654296875,593.0109252929688,222.62596130371094,0.813487708568573
game8/Clip7,287,66,player_bottom,937.4912109375,611.6152954101562,898.036376953125,492.02362060546875,976.946044921875,611.6152954101562,0.8358124494552612
game8/Clip7,287,65,player_top,580.1139526367188,223.15347290039062,556.8592529296875,149.6343536376953,603.36865234375,223.15347290039062,0.7946243286132812
game8/Clip7,288,66,player_bottom,936.4285888671875,611.2734985351562,896.3800048828125,489.53533935546875,976.4772338867188,611.2734985351562,0.8578254580497742
game8/Clip7,288,65,player_top,585.935302734375,223.0766143798828,562.7005615234375,149.7984161376953,609.1700439453125,223.0766143798828,0.8446415066719055
game8/Clip7,289,66,player_bottom,933.9053344726562,610.4356079101562,893.474609375,487.0810852050781,974.3360595703125,610.4356079101562,0.8453992605209351
game8/Clip7,289,65,player_top,589.5999755859375,222.8870849609375,565.45458984375,147.68359375,613.7453002929688,222.8870849609375,0.8490240573883057
game8/Clip7,290,66,player_bottom,933.9415283203125,610.1483154296875,893.7509155273438,485.92578125,974.1321411132812,610.1483154296875,0.8885666131973267
game8/Clip7,290,65,player_top,594.9786987304688,222.58126831054688,570.8469848632812,148.9525604248047,619.1104125976562,222.58126831054688,0.8704315423965454
game8/Clip7,291,66,player_bottom,928.9766845703125,610.52197265625,888.8150024414062,485.40570068359375,969.1383056640625,610.52197265625,0.8216519355773926
game8/Clip7,291,65,player_top,600.94140625,222.2830352783203,576.66748046875,150.1830291748047,625.2153930664062,222.2830352783203,0.8572435975074768
game8/Clip7,292,66,player_bottom,918.3305053710938,612.3177490234375,878.2943115234375,486.1153564453125,958.36669921875,612.3177490234375,0.8295769095420837
game8/Clip7,292,65,player_top,607.6099853515625,223.83287048339844,582.5278930664062,150.7335205078125,632.692138671875,223.83287048339844,0.8667246103286743
game8/Clip7,293,66,player_bottom,908.8577270507812,612.7250366210938,869.5027465820312,487.61468505859375,948.2127075195312,612.7250366210938,0.847655713558197
game8/Clip7,293,65,player_top,624.2808837890625,224.11026000976562,599.9247436523438,150.9148712158203,648.6370849609375,224.11026000976562,0.7250933647155762
game8/Clip7,294,66,player_bottom,903.098876953125,612.8652954101562,864.02490234375,488.43572998046875,942.1729125976562,612.8652954101562,0.8803037405014038
game8/Clip7,294,65,player_top,631.1320190429688,224.05615234375,607.36767578125,151.36492919921875,654.8963623046875,224.05615234375,0.7261652946472168
game8/Clip7,295,66,player_bottom,899.2354736328125,613.2896118164062,859.5369262695312,487.0094299316406,938.9340209960938,613.2896118164062,0.8754976391792297
game8/Clip7,295,65,player_top,638.044921875,223.8427734375,614.8544311523438,151.91748046875,661.2353515625,223.8427734375,0.8222231268882751
game8/Clip7,296,66,player_bottom,893.4151611328125,610.7666015625,854.1349487304688,486.0507507324219,932.6953125,610.7666015625,0.8657417297363281
game8/Clip7,296,65,player_top,644.35107421875,224.0818634033203,621.3532104492188,153.6844024658203,667.348876953125,224.0818634033203,0.784318208694458
game8/Clip7,297,66,player_bottom,888.085693359375,607.8030395507812,849.3502807617188,485.13934326171875,926.821044921875,607.8030395507812,0.8684985041618347
game8/Clip7,297,65,player_top,651.05712890625,223.92735290527344,627.2562255859375,153.370849609375,674.8579711914062,223.92735290527344,0.8582972884178162
game8/Clip7,298,66,player_bottom,875.4368896484375,605.5767211914062,838.0887451171875,485.3131103515625,912.7850952148438,605.5767211914062,0.7538790106773376
game8/Clip7,298,65,player_top,658.1998291015625,224.0356903076172,632.9684448242188,152.25,683.43115234375,224.0356903076172,0.8747676610946655
game8/Clip7,299,66,player_bottom,864.3350830078125,605.869873046875,828.2008666992188,485.7956848144531,900.4692993164062,605.869873046875,0.8317607045173645
game8/Clip7,299,65,player_top,665.4984130859375,223.5220184326172,639.4432983398438,153.24044799804688,691.5535888671875,223.5220184326172,0.8751271963119507
game8/Clip7,300,66,player_bottom,855.9512329101562,606.3668823242188,820.95703125,486.3227844238281,890.9454345703125,606.3668823242188,0.8564463257789612
game8/Clip7,300,65,player_top,673.263916015625,221.7808837890625,646.928955078125,154.5914764404297,699.5988159179688,221.7808837890625,0.8668333292007446
game8/Clip7,301,66,player_bottom,845.890625,606.5265502929688,810.7379150390625,485.57684326171875,881.0433349609375,606.5265502929688,0.819096565246582
game8/Clip7,301,65,player_top,681.0947875976562,221.20223999023438,653.9122924804688,155.33250427246094,708.2772827148438,221.20223999023438,0.8746606707572937
game8/Clip7,302,66,player_bottom,838.8350219726562,605.9285278320312,802.9805908203125,483.9527282714844,874.689453125,605.9285278320312,0.9041858911514282
game8/Clip7,302,65,player_top,692.7691040039062,220.83131408691406,664.7965087890625,156.05967712402344,720.74169921875,220.83131408691406,0.8549243211746216
game8/Clip7,303,66,player_bottom,832.3570556640625,604.3975219726562,795.5866088867188,481.7254943847656,869.12744140625,604.3975219726562,0.9009907841682434
game8/Clip7,303,65,player_top,703.8904418945312,220.3669891357422,675.3977661132812,156.76792907714844,732.3831176757812,220.3669891357422,0.7206116318702698
game8/Clip7,304,66,player_bottom,825.0440673828125,604.6538696289062,787.1327514648438,479.26873779296875,862.9553833007812,604.6538696289062,0.8695239424705505
game8/Clip7,304,65,player_top,710.0027465820312,219.00674438476562,682.35009765625,157.5401153564453,737.6553955078125,219.00674438476562,0.6896515488624573
game8/Clip7,305,66,player_bottom,816.9150390625,604.3670654296875,778.527587890625,475.2542419433594,855.3025512695312,604.3670654296875,0.8798550963401794
game8/Clip7,305,65,player_top,719.4735107421875,218.64959716796875,692.2404174804688,157.30372619628906,746.7066650390625,218.64959716796875,0.6370111703872681
game8/Clip7,306,66,player_bottom,804.2388916015625,603.8692626953125,765.9656372070312,471.4339294433594,842.51220703125,603.8692626953125,0.8230400681495667
game8/Clip7,306,65,player_top,727.3289794921875,217.75100708007812,699.8401489257812,154.96841430664062,754.8178100585938,217.75100708007812,0.7322157621383667
game8/Clip7,307,66,player_bottom,792.3843994140625,603.0309448242188,754.8201293945312,469.4514465332031,829.94873046875,603.0309448242188,0.8279682397842407
game8/Clip7,307,65,player_top,732.1463623046875,217.3937530517578,704.3826904296875,153.61349487304688,759.9099731445312,217.3937530517578,0.7593142986297607
game8/Clip7,308,66,player_bottom,783.932861328125,598.3676147460938,748.2118530273438,467.7966003417969,819.6539306640625,598.3676147460938,0.8420217633247375
game8/Clip7,308,65,player_top,738.5247192382812,217.17303466796875,710.5774536132812,153.847900390625,766.4719848632812,217.17303466796875,0.8505498170852661
game8/Clip7,309,66,player_bottom,774.630859375,596.765625,739.9581909179688,466.9609069824219,809.3035888671875,596.765625,0.8008621335029602
game8/Clip7,309,65,player_top,743.8273315429688,216.07400512695312,715.893798828125,153.9188690185547,771.7608642578125,216.07400512695312,0.8499937653541565
game8/Clip7,310,66,player_bottom,763.6173095703125,598.7772216796875,729.1690063476562,466.9256591796875,798.065673828125,598.7772216796875,0.8523871898651123
game8/Clip7,310,65,player_top,750.0324096679688,215.99459838867188,721.3451538085938,153.40591430664062,778.7196655273438,215.99459838867188,0.8448426127433777
game8/Clip7,311,66,player_bottom,751.5452880859375,600.1864624023438,717.2931518554688,468.4585266113281,785.7974853515625,600.1864624023438,0.8898057341575623
game8/Clip7,311,65,player_top,755.3779296875,216.7739715576172,725.6730346679688,152.59959411621094,785.0828857421875,216.7739715576172,0.8444161415100098
game8/Clip7,312,66,player_bottom,737.9969482421875,601.4953002929688,703.6405639648438,469.9600524902344,772.3533935546875,601.4953002929688,0.8804738521575928
game8/Clip7,312,65,player_top,762.9689331054688,216.54322814941406,733.9627685546875,153.91580200195312,791.97509765625,216.54322814941406,0.8101927638053894
game8/Clip7,313,66,player_bottom,726.48046875,601.4826049804688,691.9080200195312,470.5318603515625,761.0529174804688,601.4826049804688,0.8958525061607361
game8/Clip7,313,65,player_top,772.440185546875,216.28103637695312,743.881103515625,154.25271606445312,800.999267578125,216.28103637695312,0.7729496955871582
game8/Clip7,314,66,player_bottom,719.55908203125,600.5050659179688,684.5151977539062,469.91033935546875,754.6029052734375,600.5050659179688,0.89894038438797
game8/Clip7,314,65,player_top,780.4886474609375,215.96414184570312,752.8470458984375,154.6881866455078,808.1303100585938,215.96414184570312,0.7864335179328918
game8/Clip7,315,66,player_bottom,715.326416015625,597.4424438476562,680.3377685546875,468.7165832519531,750.3151245117188,597.4424438476562,0.8926545977592468
game8/Clip7,315,65,player_top,790.268798828125,216.26528930664062,762.507080078125,153.76226806640625,818.0304565429688,216.26528930664062,0.6883299350738525
game8/Clip7,316,66,player_bottom,709.4962158203125,594.4539794921875,675.3346557617188,467.9606018066406,743.6578369140625,594.4539794921875,0.8849146962165833
game8/Clip7,316,65,player_top,795.650146484375,215.89263916015625,767.8096313476562,151.650634765625,823.4906005859375,215.89263916015625,0.7476580142974854
game8/Clip7,317,66,player_bottom,702.4061279296875,592.3719482421875,669.2063598632812,467.02490234375,735.6058959960938,592.3719482421875,0.8701900839805603
game8/Clip7,317,65,player_top,800.031005859375,215.0847625732422,772.0987548828125,149.68528747558594,827.9632568359375,215.0847625732422,0.808046817779541
game8/Clip7,318,66,player_bottom,693.4193115234375,588.9100341796875,661.7108154296875,466.5619201660156,725.1278686523438,588.9100341796875,0.8422713279724121
game8/Clip7,318,65,player_top,804.429931640625,214.79405212402344,776.02099609375,147.48410034179688,832.8389282226562,214.79405212402344,0.7568038702011108
game8/Clip7,319,66,player_bottom,682.296875,581.9357299804688,652.8839111328125,467.06298828125,711.7098388671875,581.9357299804688,0.8427170515060425
game8/Clip7,319,65,player_top,808.7847900390625,214.6569366455078,779.73876953125,145.47280883789062,837.8308715820312,214.6569366455078,0.6896922588348389
game8/Clip7,320,66,player_bottom,671.6864013671875,577.1383666992188,643.48974609375,468.404541015625,699.8831176757812,577.1383666992188,0.8738487362861633
game8/Clip7,320,65,player_top,812.5113525390625,215.10549926757812,783.6281127929688,146.00845336914062,841.3945922851562,215.10549926757812,0.7931808829307556
game8/Clip7,321,66,player_bottom,658.9841918945312,574.6411743164062,630.7515869140625,468.8736572265625,687.216796875,574.6411743164062,0.8753687739372253
game8/Clip7,321,65,player_top,817.6474609375,214.86236572265625,788.7999267578125,146.26473999023438,846.4949340820312,214.86236572265625,0.8209040760993958
game8/Clip7,322,66,player_bottom,648.2467041015625,574.0291137695312,619.296142578125,469.39788818359375,677.1973266601562,574.0291137695312,0.8872390389442444
game8/Clip7,322,65,player_top,818.7607421875,215.13133239746094,789.9459228515625,146.15330505371094,847.5756225585938,215.13133239746094,0.7377608418464661
game8/Clip7,323,66,player_bottom,642.33740234375,572.2955322265625,612.2249145507812,468.3639221191406,672.4498901367188,572.2955322265625,0.9041091799736023
game8/Clip7,323,65,player_top,820.1151123046875,215.26492309570312,791.4425659179688,145.81895446777344,848.7876586914062,215.26492309570312,0.7726980447769165
game8/Clip7,324,66,player_bottom,639.270263671875,570.1892700195312,607.9818725585938,466.2920227050781,670.5587158203125,570.1892700195312,0.8813551664352417
game8/Clip7,324,65,player_top,821.3887939453125,214.69773864746094,793.6312255859375,146.37136840820312,849.1464233398438,214.69773864746094,0.741813600063324
game8/Clip7,325,66,player_bottom,634.76318359375,569.0684814453125,602.7537841796875,464.7994079589844,666.7725219726562,569.0684814453125,0.8342978358268738
game8/Clip7,325,65,player_top,822.6760864257812,214.5701141357422,795.6192016601562,146.65151977539062,849.7329711914062,214.5701141357422,0.644127607345581
game8/Clip7,326,66,player_bottom,625.2294921875,570.5440673828125,591.843505859375,462.9368591308594,658.6154174804688,570.5440673828125,0.8390189409255981
game8/Clip7,326,65,player_top,827.0921630859375,214.63104248046875,800.0354614257812,146.42941284179688,854.14892578125,214.63104248046875,0.7894524931907654
game8/Clip7,327,66,player_bottom,610.6375732421875,571.1859130859375,576.3222045898438,460.4602355957031,644.952880859375,571.1859130859375,0.8227698802947998
game8/Clip7,327,65,player_top,829.7633056640625,213.96353149414062,802.9908447265625,146.0453338623047,856.5357055664062,213.96353149414062,0.7617477774620056
game8/Clip7,328,66,player_bottom,596.661865234375,571.0452880859375,562.5362548828125,458.5006408691406,630.7875366210938,571.0452880859375,0.8623788356781006
game8/Clip7,328,65,player_top,831.4891357421875,213.31668090820312,805.127197265625,145.96978759765625,857.8510131835938,213.31668090820312,0.8217715620994568
game8/Clip7,329,66,player_bottom,582.754638671875,568.8870239257812,549.9030151367188,456.8627624511719,615.606201171875,568.8870239257812,0.8334078788757324
game8/Clip7,329,65,player_top,832.462890625,212.6473388671875,806.5257568359375,145.95423889160156,858.4000854492188,212.6473388671875,0.8184243440628052
game8/Clip7,330,66,player_bottom,572.2724609375,569.5979614257812,540.2433471679688,456.3118591308594,604.3016357421875,569.5979614257812,0.8464996814727783
game8/Clip7,330,65,player_top,833.2489013671875,212.17845153808594,807.6650390625,145.7917022705078,858.832763671875,212.17845153808594,0.8041945695877075
game8/Clip7,331,66,player_bottom,561.5843505859375,570.4789428710938,530.7171020507812,457.20330810546875,592.4515991210938,570.4789428710938,0.8353160619735718
game8/Clip7,331,65,player_top,833.8880615234375,211.86392211914062,808.3550415039062,144.70957946777344,859.4210205078125,211.86392211914062,0.7957363724708557
game8/Clip7,332,66,player_bottom,550.3565063476562,571.9877319335938,520.2828369140625,458.5649108886719,580.43017578125,571.9877319335938,0.8542132377624512
game8/Clip7,332,65,player_top,833.2807006835938,211.40211486816406,807.492431640625,142.94277954101562,859.0689697265625,211.40211486816406,0.8119040727615356
game8/Clip7,333,66,player_bottom,536.425048828125,572.9443969726562,506.48876953125,460.1795349121094,566.3612670898438,572.9443969726562,0.8643670678138733
game8/Clip7,333,65,player_top,832.2372436523438,211.21713256835938,805.7027587890625,139.58714294433594,858.771728515625,211.21713256835938,0.681493878364563
game8/Clip7,334,66,player_bottom,527.89794921875,573.083984375,497.4820861816406,460.8306579589844,558.3137817382812,573.083984375,0.8969873785972595
game8/Clip7,334,65,player_top,831.2786865234375,211.30784606933594,804.4747924804688,138.15577697753906,858.08251953125,211.30784606933594,0.7307971119880676
game8/Clip7,335,66,player_bottom,521.739501953125,572.3975219726562,490.5289611816406,461.00982666015625,552.9500122070312,572.3975219726562,0.9070334434509277
game8/Clip7,335,65,player_top,829.7355346679688,211.42892456054688,802.8173828125,137.04144287109375,856.6536865234375,211.42892456054688,0.7059125304222107
game8/Clip7,336,66,player_bottom,517.1492919921875,573.70849609375,484.84149169921875,462.136962890625,549.45703125,573.70849609375,0.8963332176208496
game8/Clip7,336,65,player_top,827.0481567382812,211.4180450439453,800.3845825195312,136.7160186767578,853.7117309570312,211.4180450439453,0.6941510438919067
game8/Clip7,337,66,player_bottom,508.14471435546875,575.7113037109375,475.3911437988281,463.25994873046875,540.8983154296875,575.7113037109375,0.8741986155509949
game8/Clip7,337,65,player_top,823.978759765625,211.73388671875,797.736328125,137.00418090820312,850.2212524414062,211.73388671875,0.6999532580375671
game8/Clip7,338,66,player_bottom,495.8568115234375,577.6566162109375,463.5571594238281,463.7839660644531,528.1564331054688,577.6566162109375,0.8289080858230591
game8/Clip7,338,65,player_top,819.82080078125,211.85174560546875,794.0883178710938,136.9011993408203,845.55322265625,211.85174560546875,0.7694076299667358
game8/Clip7,339,66,player_bottom,483.8152160644531,577.8782958984375,452.32470703125,463.0526428222656,515.3057250976562,577.8782958984375,0.8062211275100708
game8/Clip7,339,65,player_top,816.2178955078125,212.3436737060547,790.8416748046875,135.95977783203125,841.5941162109375,212.3436737060547,0.7631798386573792
game8/Clip7,340,66,player_bottom,472.11871337890625,577.2888793945312,441.5677490234375,462.1446838378906,502.6696472167969,577.2888793945312,0.8131860494613647
game8/Clip7,340,65,player_top,812.403076171875,213.56192016601562,787.4561157226562,135.37152099609375,837.3500366210938,213.56192016601562,0.7569381594657898
game8/Clip7,341,66,player_bottom,462.5980224609375,576.4902954101562,432.9838562011719,462.16925048828125,492.21221923828125,576.4902954101562,0.8292600512504578
game8/Clip7,341,65,player_top,809.527587890625,214.7750244140625,785.0606079101562,134.76431274414062,833.99462890625,214.7750244140625,0.6790376305580139
game8/Clip7,342,66,player_bottom,451.4570617675781,577.55908203125,422.73541259765625,463.41839599609375,480.1787109375,577.55908203125,0.8120505213737488
game8/Clip7,342,65,player_top,806.7418212890625,215.49143981933594,782.5454711914062,133.1872100830078,830.9381713867188,215.49143981933594,0.6753005981445312
game8/Clip7,343,66,player_bottom,441.7361755371094,584.518310546875,412.69989013671875,465.1851501464844,470.7724609375,584.518310546875,0.8154292106628418
game8/Clip7,343,65,player_top,803.4544677734375,216.51275634765625,779.7644653320312,133.13458251953125,827.1444702148438,216.51275634765625,0.7650949358940125
game8/Clip7,344,66,player_bottom,429.2197265625,587.36181640625,400.5872802734375,467.6495056152344,457.8521423339844,587.36181640625,0.8052470684051514
game8/Clip7,344,65,player_top,800.1982421875,217.26345825195312,777.3519897460938,133.70635986328125,823.0445556640625,217.26345825195312,0.7071813941001892
game8/Clip7,345,66,player_bottom,416.90130615234375,588.3143310546875,388.3415832519531,469.0992736816406,445.46099853515625,588.3143310546875,0.8386554718017578
game8/Clip7,345,65,player_top,797.6058349609375,217.43832397460938,775.8726806640625,134.7511749267578,819.3389282226562,217.43832397460938,0.6976129412651062
game8/Clip7,346,66,player_bottom,408.1087646484375,588.5098876953125,379.02264404296875,469.6463317871094,437.1948547363281,588.5098876953125,0.8916043639183044
game8/Clip7,346,65,player_top,795.0555419921875,217.29031372070312,774.22216796875,135.07923889160156,815.888916015625,217.29031372070312,0.7573493123054504
game8/Clip7,347,66,player_bottom,400.4844970703125,589.6136474609375,370.393798828125,470.4319152832031,430.5751953125,589.6136474609375,0.8875256776809692
game8/Clip7,347,65,player_top,792.6234741210938,217.20835876464844,772.3685302734375,135.33139038085938,812.87841796875,217.20835876464844,0.7635012865066528
game8/Clip7,348,66,player_bottom,391.112060546875,591.4974365234375,360.5151062011719,473.1866455078125,421.7090148925781,591.4974365234375,0.8906795382499695
game8/Clip7,348,65,player_top,790.1730346679688,217.3610076904297,769.9544067382812,134.689208984375,810.3916625976562,217.3610076904297,0.8024482131004333
game8/Clip7,349,66,player_bottom,377.9708251953125,594.7967529296875,347.826416015625,477.3591003417969,408.1152038574219,594.7967529296875,0.8760485053062439
game8/Clip7,349,65,player_top,786.6295776367188,217.42372131347656,766.2379150390625,134.61822509765625,807.021240234375,217.42372131347656,0.8081540465354919
game8/Clip7,350,66,player_bottom,369.3502197265625,597.1986694335938,340.0262756347656,480.6259765625,398.6741638183594,597.1986694335938,0.8302391767501831
game8/Clip7,350,65,player_top,784.6837768554688,217.61007690429688,764.3217163085938,135.76194763183594,805.0458374023438,217.61007690429688,0.7944375872612
game8/Clip7,351,66,player_bottom,360.6968994140625,599.0311889648438,331.9940185546875,481.7347717285156,389.3997802734375,599.0311889648438,0.7649809122085571
game8/Clip7,351,65,player_top,783.0343017578125,217.97463989257812,762.3920288085938,135.37574768066406,803.676513671875,217.97463989257812,0.8349480032920837
game8/Clip7,352,66,player_bottom,350.69305419921875,597.85205078125,323.223876953125,482.0015563964844,378.1622314453125,597.85205078125,0.7594996690750122
game8/Clip7,352,65,player_top,780.5443115234375,219.10301208496094,759.9485473632812,136.4213104248047,801.14013671875,219.10301208496094,0.8386361002922058
game8/Clip7,353,66,player_bottom,339.0685119628906,599.3322143554688,311.2745056152344,483.0639953613281,366.8625183105469,599.3322143554688,0.831462025642395
game8/Clip7,353,65,player_top,777.3658447265625,219.62904357910156,757.1472778320312,138.19207763671875,797.58447265625,219.62904357910156,0.8513851165771484
game8/Clip7,354,66,player_bottom,329.5479736328125,609.534423828125,299.7115478515625,484.5325927734375,359.3843994140625,609.534423828125,0.8354459404945374
game8/Clip7,354,65,player_top,773.429443359375,220.00369262695312,753.7686157226562,139.87535095214844,793.0902709960938,220.00369262695312,0.8057405948638916
game8/Clip7,355,66,player_bottom,318.85284423828125,614.52587890625,289.2920837402344,487.6443786621094,348.41357421875,614.52587890625,0.8323402404785156
game8/Clip7,355,65,player_top,768.90478515625,220.16354370117188,749.6233520507812,139.77877807617188,788.186279296875,220.16354370117188,0.7800955176353455
game8/Clip7,356,66,player_bottom,313.05621337890625,616.6781005859375,284.1776123046875,488.7621765136719,341.9348449707031,616.6781005859375,0.821017324924469
game8/Clip7,356,65,player_top,765.379150390625,220.2949676513672,746.5046997070312,139.5471649169922,784.253662109375,220.2949676513672,0.802973210811615
game8/Clip7,357,66,player_bottom,304.97021484375,617.2111206054688,276.81512451171875,488.9277038574219,333.1252746582031,617.2111206054688,0.821564257144928
game8/Clip7,357,65,player_top,762.6586303710938,221.19847106933594,743.74560546875,138.3488006591797,781.5716552734375,221.19847106933594,0.8252320289611816
game8/Clip7,358,66,player_bottom,294.1529846191406,618.517822265625,266.166015625,489.5495300292969,322.13995361328125,618.517822265625,0.8319411873817444
game8/Clip7,358,65,player_top,760.3050537109375,221.35354614257812,741.6109619140625,137.5635223388672,778.9992065429688,221.35354614257812,0.8333835601806641
game8/Clip7,359,66,player_bottom,282.0803527832031,620.4951171875,253.73863220214844,490.87762451171875,310.42205810546875,620.4951171875,0.8416608572006226
game8/Clip7,359,65,player_top,757.9616088867188,220.68075561523438,739.7568969726562,137.30947875976562,776.1663208007812,220.68075561523438,0.8247388601303101
game8/Clip7,360,66,player_bottom,271.3661193847656,624.2618408203125,242.40626525878906,492.8183898925781,300.32598876953125,624.2618408203125,0.8751752972602844
game8/Clip7,360,65,player_top,755.442626953125,220.3345184326172,737.696044921875,137.8595733642578,773.1892700195312,220.3345184326172,0.8215495347976685
game8/Clip7,361,66,player_bottom,260.8812561035156,628.69873046875,231.3444366455078,496.1326599121094,290.4180908203125,628.69873046875,0.8838872313499451
game8/Clip7,361,65,player_top,752.5404052734375,222.1826629638672,734.8956298828125,139.14601135253906,770.1852416992188,222.1826629638672,0.8167098164558411
game8/Clip7,362,66,player_bottom,251.6630859375,634.00927734375,221.56556701660156,500.12481689453125,281.7606201171875,634.00927734375,0.8825890421867371
game8/Clip7,362,65,player_top,750.175537109375,223.78662109375,732.646728515625,139.9864044189453,767.7042846679688,223.78662109375,0.8049872517585754
game8/Clip7,363,66,player_bottom,243.832763671875,638.8724975585938,213.6395263671875,505.1787109375,274.0260009765625,638.8724975585938,0.8677066564559937
game8/Clip7,363,65,player_top,747.7425537109375,224.425537109375,730.3896484375,140.14443969726562,765.0955200195312,224.425537109375,0.8301733136177063
game8/Clip7,364,66,player_bottom,233.96334838867188,642.9566650390625,203.44386291503906,510.12396240234375,264.48284912109375,642.9566650390625,0.8476523756980896
game8/Clip7,364,65,player_top,744.7095947265625,224.54092407226562,727.5487060546875,140.24142456054688,761.8704223632812,224.54092407226562,0.8355706334114075
game8/Clip7,365,66,player_bottom,223.23379516601562,648.3623046875,191.6516876220703,513.9192504882812,254.81588745117188,648.3623046875,0.7795340418815613
game8/Clip7,365,65,player_top,741.68603515625,224.89437866210938,724.5904541015625,139.9611358642578,758.7816162109375,224.89437866210938,0.8472694158554077
game8/Clip7,366,66,player_bottom,211.96319580078125,652.1722412109375,179.58245849609375,518.2486572265625,244.34393310546875,652.1722412109375,0.8850674033164978
game8/Clip7,366,65,player_top,737.523681640625,224.98773193359375,720.3489379882812,139.7289276123047,754.698486328125,224.98773193359375,0.8730425834655762
game8/Clip7,367,66,player_bottom,203.7825927734375,654.4161376953125,170.5567169189453,520.778076171875,237.0084686279297,654.4161376953125,0.8823349475860596
game8/Clip7,367,65,player_top,733.5379028320312,224.71298217773438,716.0933227539062,138.57054138183594,750.9824829101562,224.71298217773438,0.8733848333358765
game8/Clip7,368,66,player_bottom,198.50616455078125,655.4972534179688,165.0706024169922,523.8013305664062,231.94171142578125,655.4972534179688,0.8908129930496216
game8/Clip7,368,65,player_top,730.201416015625,224.6069793701172,712.439453125,137.5050811767578,747.96337890625,224.6069793701172,0.8705740571022034
game8/Clip7,369,66,player_bottom,194.97384643554688,655.9898681640625,161.12620544433594,523.7488403320312,228.82150268554688,655.9898681640625,0.8807228803634644
game8/Clip7,369,65,player_top,727.6690063476562,224.6128692626953,709.8021240234375,137.73512268066406,745.535888671875,224.6128692626953,0.8629953265190125
game8/Clip7,370,66,player_bottom,192.03753662109375,656.0670776367188,157.829345703125,522.0335693359375,226.24571228027344,656.0670776367188,0.8951572179794312
game8/Clip7,370,65,player_top,725.3840942382812,224.49215698242188,707.4772338867188,138.28138732910156,743.2909545898438,224.49215698242188,0.842829704284668
game8/Clip7,371,66,player_bottom,192.03837203979492,655.9106072319878,157.77486165364584,521.788794623481,226.3018675910102,655.9106072319878,0.8944269468386968
game8/Clip7,371,65,player_top,724.609619140625,224.70616149902344,706.5496826171875,138.5765380859375,742.6695556640625,224.70616149902344,0.8433721661567688
game8/Clip7,372,66,player_bottom,192.0392074584961,655.754136827257,157.72037760416666,521.5440199110243,226.35802290174695,655.754136827257,0.8936966756979624
game8/Clip7,372,65,player_top,724.0821533203125,224.75381469726562,706.1223754882812,139.70140075683594,742.0419311523438,224.75381469726562,0.8477628231048584
game8/Clip7,373,66,player_bottom,192.04004287719727,655.597666422526,157.6658935546875,521.2992451985677,226.41417821248373,655.597666422526,0.8929664045572281
game8/Clip7,373,65,player_top,724.0379638671875,224.6726837158203,706.1920166015625,140.8046875,741.8839721679688,224.6726837158203,0.8578603267669678
game8/Clip7,374,66,player_bottom,192.04087829589844,655.4411960177952,157.61140950520834,521.0544704861111,226.4703335232205,655.4411960177952,0.8922361334164938
game8/Clip7,374,65,player_top,723.6399536132812,224.4689483642578,705.822021484375,141.121337890625,741.4578857421875,224.4689483642578,0.8503472208976746
game8/Clip7,375,66,player_bottom,192.0417137145996,655.2847256130642,157.55692545572916,520.8096957736545,226.52648883395725,655.2847256130642,0.8915058622757593
game8/Clip7,375,65,player_top,723.0579833984375,224.51449584960938,705.2335205078125,141.348388671875,740.8825073242188,224.51449584960938,0.8514825701713562
game8/Clip7,376,66,player_bottom,192.04254913330078,655.1282552083334,157.50244140625,520.5649210611979,226.582644144694,655.1282552083334,0.890775591135025
game8/Clip7,376,65,player_top,722.09326171875,224.6354522705078,704.3624877929688,141.5945281982422,739.823974609375,224.6354522705078,0.8379592299461365
game8/Clip7,377,66,player_bottom,192.04338455200195,654.9717848036024,157.44795735677084,520.3201463487413,226.63879945543079,654.9717848036024,0.8900453199942907
game8/Clip7,377,65,player_top,720.5198974609375,224.78173828125,702.9413452148438,141.3091583251953,738.098388671875,224.78173828125,0.8188984990119934
game8/Clip7,378,66,player_bottom,192.04421997070312,654.8153143988716,157.39347330729166,520.0753716362847,226.69495476616754,654.8153143988716,0.8893150488535563
game8/Clip7,378,65,player_top,718.710693359375,224.90170288085938,701.4945678710938,141.07814025878906,735.9267578125,224.90170288085938,0.8152939677238464
game8/Clip7,379,66,player_bottom,192.0450553894043,654.6588439941406,157.3389892578125,519.8305969238281,226.7511100769043,654.6588439941406,0.888584777712822
game8/Clip7,379,65,player_top,717.4827270507812,225.13006591796875,700.604248046875,140.6722412109375,734.3612060546875,225.13006591796875,0.820503294467926
game8/Clip7,380,66,player_bottom,192.04589080810547,654.5023735894097,157.28450520833334,519.5858222113716,226.80726538764105,654.5023735894097,0.8878545065720876
game8/Clip7,380,65,player_top,716.9012451171875,225.45896911621094,700.3095092773438,140.3777618408203,733.4929809570312,225.45896911621094,0.8199418187141418
game8/Clip7,381,66,player_bottom,192.04672622680664,654.3459031846788,157.23002115885416,519.3410474989149,226.8634206983778,654.3459031846788,0.8871242354313532
game8/Clip7,381,65,player_top,716.541259765625,225.70156860351562,700.2861938476562,140.28562927246094,732.79638671875,225.70156860351562,0.8044797778129578
game8/Clip7,382,66,player_bottom,192.0475616455078,654.1894327799479,157.175537109375,519.0962727864584,226.9195760091146,654.1894327799479,0.8863939642906189
game8/Clip7,382,65,player_top,716.223388671875,226.03604125976562,700.263916015625,140.24021911621094,732.1828002929688,226.03604125976562,0.8095110654830933
game8/Clip7,383,66,player_bottom,192.04839706420898,654.032962375217,157.12105305989584,518.8514980740017,226.97573131985135,654.032962375217,0.8856636931498846
game8/Clip7,383,65,player_top,715.8657836914062,226.2245635986328,700.1885375976562,140.12583923339844,731.5430297851562,226.2245635986328,0.798225998878479
game8/Clip7,384,66,player_bottom,192.04923248291016,653.8764919704861,157.06656901041666,518.6067233615452,227.0318866305881,653.8764919704861,0.8849334220091502
game8/Clip7,384,65,player_top,715.544189453125,226.27774047851562,700.1229858398438,139.82318115234375,730.9654541015625,226.27774047851562,0.8041493892669678
game8/Clip7,385,66,player_bottom,192.05006790161133,653.7200215657552,157.0120849609375,518.3619486490885,227.08804194132486,653.7200215657552,0.8842031508684158
game8/Clip7,385,65,player_top,715.4091796875,226.20962524414062,700.2650146484375,139.6812744140625,730.5533447265625,226.20962524414062,0.8122239112854004
game8/Clip7,386,66,player_bottom,192.0509033203125,653.5635511610243,156.95760091145834,518.117173936632,227.14419725206164,653.5635511610243,0.8834728797276815
game8/Clip7,386,65,player_top,715.0321044921875,226.17689514160156,700.1619262695312,139.69473266601562,729.90234375,226.17689514160156,0.8140483498573303
game8/Clip7,387,66,player_bottom,192.05173873901367,653.4070807562935,156.90311686197916,517.8723992241753,227.2003525627984,653.4070807562935,0.8827426085869471
game8/Clip7,387,65,player_top,714.7000732421875,226.18118286132812,699.9750366210938,139.06590270996094,729.4251098632812,226.18118286132812,0.8219755291938782
game8/Clip7,388,66,player_bottom,192.05257415771484,653.2506103515625,156.8486328125,517.6276245117188,227.25650787353516,653.2506103515625,0.8820123374462128
game8/Clip7,388,65,player_top,714.4886474609375,226.22203063964844,699.9805297851562,138.9356689453125,728.9967651367188,226.22203063964844,0.8215775489807129
game8/Clip7,389,66,player_bottom,192.05340957641602,653.0941399468315,156.79414876302084,517.3828497992622,227.3126631842719,653.0941399468315,0.8812820663054785
game8/Clip7,389,65,player_top,714.365966796875,226.25607299804688,700.0322265625,138.74563598632812,728.69970703125,226.25607299804688,0.822391927242279
game8/Clip7,390,66,player_bottom,192.0542449951172,652.9376695421007,156.73966471354166,517.1380750868055,227.36881849500867,652.9376695421007,0.880551795164744
game8/Clip7,390,65,player_top,714.2589111328125,226.25347900390625,700.074462890625,138.46420288085938,728.4432983398438,226.25347900390625,0.8246886730194092
game8/Clip7,391,66,player_bottom,192.05508041381836,652.7811991373698,156.6851806640625,516.893300374349,227.42497380574545,652.7811991373698,0.8798215240240097
game8/Clip7,391,65,player_top,714.3094482421875,226.22329711914062,700.2816772460938,138.3924102783203,728.3372192382812,226.22329711914062,0.8256490230560303
game8/Clip7,392,66,player_bottom,192.05591583251953,652.6247287326389,156.63069661458334,516.6485256618923,227.4811291164822,652.6247287326389,0.8790912528832754
game8/Clip7,392,65,player_top,714.2254638671875,226.17999267578125,700.3458862304688,138.3999481201172,728.10498046875,226.17999267578125,0.8277353048324585
game8/Clip7,393,66,player_bottom,192.0567512512207,652.468258327908,156.57621256510416,516.4037509494358,227.53728442721896,652.468258327908,0.878360981742541
game8/Clip7,393,65,player_top,714.511962890625,226.1968536376953,700.7083740234375,138.36949157714844,728.3154907226562,226.1968536376953,0.830927848815918
game8/Clip7,394,66,player_bottom,192.05758666992188,652.3117879231771,156.521728515625,516.1589762369791,227.59343973795572,652.3117879231771,0.8776307106018066
game8/Clip7,394,65,player_top,714.4462890625,226.17955017089844,700.6636352539062,138.41697692871094,728.2288818359375,226.17955017089844,0.8300228714942932
game8/Clip7,395,66,player_bottom,192.05842208862305,652.1553175184462,156.46724446614584,515.9142015245226,227.6495950486925,652.1553175184462,0.8769004394610723
game8/Clip7,395,65,player_top,714.3873291015625,226.16648864746094,700.5808715820312,138.58656311035156,728.19384765625,226.16648864746094,0.838923990726471
game8/Clip7,396,66,player_bottom,192.05925750732422,651.9988471137153,156.41276041666666,515.6694268120659,227.70575035942926,651.9988471137153,0.8761701683203379
game8/Clip7,396,65,player_top,714.3564453125,226.1326904296875,700.5003051757812,138.690673828125,728.212646484375,226.1326904296875,0.8428494930267334
game8/Clip7,397,66,player_bottom,192.0600929260254,651.8423767089844,156.3582763671875,515.4246520996094,227.76190567016602,651.8423767089844,0.8754398971796036
game8/Clip7,397,65,player_top,714.4505615234375,226.1536865234375,700.5494384765625,138.8622283935547,728.3516235351562,226.1536865234375,0.8438603281974792
game8/Clip7,398,66,player_bottom,192.06092834472656,651.6859063042534,156.30379231770834,515.1798773871528,227.81806098090277,651.6859063042534,0.8747096260388693
game8/Clip7,398,65,player_top,714.3638916015625,226.1498565673828,700.4000244140625,139.01036071777344,728.3277587890625,226.1498565673828,0.8496479392051697
game8/Clip7,399,66,player_bottom,192.06176376342773,651.5294358995226,156.24930826822916,514.9351026746962,227.87421629163953,651.5294358995226,0.8739793548981348
game8/Clip7,399,65,player_top,714.289794921875,226.19003295898438,700.2699584960938,139.3538818359375,728.3096313476562,226.19003295898438,0.8483691811561584
game8/Clip7,400,66,player_bottom,192.0625991821289,651.3729654947916,156.19482421875,514.6903279622396,227.9303716023763,651.3729654947916,0.8732490837574005
game8/Clip7,400,65,player_top,713.9857177734375,226.18553161621094,699.90380859375,139.71275329589844,728.067626953125,226.18553161621094,0.8483073711395264
game8/Clip7,401,66,player_bottom,192.06343460083008,651.2164950900608,156.14034016927084,514.445553249783,227.98652691311307,651.2164950900608,0.8725188126166662
game8/Clip7,401,65,player_top,713.6746826171875,226.13961791992188,699.5258178710938,140.01773071289062,727.8235473632812,226.13961791992188,0.8510299921035767
game8/Clip7,402,66,player_bottom,192.06427001953125,651.0600246853298,156.08585611979166,514.2007785373264,228.04268222384982,651.0600246853298,0.8717885414759318
game8/Clip7,402,65,player_top,713.33154296875,226.1447296142578,699.1322021484375,140.40386962890625,727.5309448242188,226.1447296142578,0.8501940369606018
game8/Clip7,403,66,player_bottom,192.06510543823242,650.903554280599,156.0313720703125,513.9560038248698,228.09883753458658,650.903554280599,0.8710582703351974
game8/Clip7,403,65,player_top,712.8905029296875,226.07400512695312,698.6419677734375,140.72447204589844,727.1389770507812,226.07400512695312,0.8466140627861023
game8/Clip7,404,66,player_bottom,192.0659408569336,650.747083875868,155.97688802083334,513.7112291124132,228.15499284532336,650.747083875868,0.8703279991944631
game8/Clip7,404,65,player_top,712.2567138671875,226.13446044921875,697.9260864257812,140.935302734375,726.5873413085938,226.13446044921875,0.848840594291687
game8/Clip7,405,66,player_bottom,192.06677627563477,650.5906134711372,155.92240397135416,513.4664543999565,228.21114815606012,650.5906134711372,0.8695977280537287
game8/Clip7,405,65,player_top,711.5494384765625,226.06265258789062,697.1672973632812,141.15264892578125,725.9315795898438,226.06265258789062,0.8442501425743103
game8/Clip7,406,66,player_bottom,192.06761169433594,650.4341430664062,155.867919921875,513.2216796875,228.26730346679688,650.4341430664062,0.8688674569129944
game8/Clip7,406,65,player_top,710.6324462890625,226.04977416992188,696.158447265625,141.19837951660156,725.1065063476562,226.04977416992188,0.8385423421859741
game8/Clip7,407,66,player_bottom,195.30258178710938,650.5838012695312,159.87619018554688,512.2482299804688,230.7289581298828,650.5838012695312,0.8042904138565063
game8/Clip7,407,65,player_top,708.89453125,225.97769165039062,694.3180541992188,141.52850341796875,723.4710083007812,225.97769165039062,0.8253787159919739
game8/Clip7,408,66,player_bottom,200.42295837402344,650.6171264648438,166.2127685546875,511.9158935546875,234.63314819335938,650.6171264648438,0.8474024534225464
game8/Clip7,408,65,player_top,707.0420532226562,226.25828552246094,692.2003173828125,141.92042541503906,721.8837890625,226.25828552246094,0.816469132900238
game8/Clip7,409,66,player_bottom,204.025634765625,650.5693969726562,171.25723266601562,511.8184509277344,236.7940216064453,650.5693969726562,0.8421792984008789
game8/Clip7,409,65,player_top,705.839599609375,226.41680908203125,690.748291015625,142.3139190673828,720.9308471679688,226.41680908203125,0.8274691104888916
game8/Clip7,410,66,player_bottom,208.14199829101562,649.8657836914062,176.64163208007812,511.6832275390625,239.6423797607422,649.8657836914062,0.8450462222099304
game8/Clip7,410,65,player_top,705.4591674804688,226.57345581054688,690.1388549804688,142.7305145263672,720.7794799804688,226.57345581054688,0.8355404734611511
game8/Clip7,411,66,player_bottom,212.04281616210938,649.6278076171875,181.24781799316406,511.34710693359375,242.83779907226562,649.6278076171875,0.8292246460914612
game8/Clip7,411,65,player_top,705.1403198242188,226.77813720703125,689.521240234375,143.0135498046875,720.7593994140625,226.77813720703125,0.8352790474891663
game8/Clip7,412,66,player_bottom,218.69146728515625,649.637451171875,187.8525390625,511.6817626953125,249.53038024902344,649.637451171875,0.8744591474533081
game8/Clip7,412,65,player_top,704.5062255859375,226.9521942138672,688.5542602539062,143.1870574951172,720.4581909179688,226.9521942138672,0.8281876444816589
game8/Clip7,413,66,player_bottom,223.47467041015625,649.1957397460938,192.28907775878906,511.62677001953125,254.66024780273438,649.1957397460938,0.896442711353302
game8/Clip7,413,65,player_top,703.928466796875,227.005859375,687.6825561523438,143.56771850585938,720.17431640625,227.005859375,0.8247585296630859
game8/Clip7,414,66,player_bottom,227.1520233154297,648.9805297851562,195.36041259765625,511.8268737792969,258.9436340332031,648.9805297851562,0.897983193397522
game8/Clip7,414,65,player_top,703.9095458984375,227.16307067871094,687.1761474609375,142.64291381835938,720.6430053710938,227.16307067871094,0.8421934247016907
game8/Clip7,415,66,player_bottom,229.1496124267578,648.7696533203125,196.77377319335938,512.2456665039062,261.52545166015625,648.7696533203125,0.8906187415122986
game8/Clip7,415,65,player_top,703.4413452148438,226.9566192626953,686.407470703125,141.9477081298828,720.4752197265625,226.9566192626953,0.8450122475624084
game8/Clip7,416,66,player_bottom,230.727294921875,648.2572631835938,197.68077087402344,512.2238159179688,263.7738037109375,648.2572631835938,0.8952452540397644
game8/Clip7,416,65,player_top,703.0093383789062,227.02212524414062,685.6607666015625,141.53689575195312,720.35791015625,227.02212524414062,0.8288734555244446
game8/Clip7,417,66,player_bottom,231.53146362304688,647.7587890625,197.79835510253906,511.8423767089844,265.2645568847656,647.7587890625,0.900885820388794
game8/Clip7,417,65,player_top,702.380615234375,226.94375610351562,684.9208984375,141.74598693847656,719.8403930664062,226.94375610351562,0.8300861120223999
game8/Clip7,418,66,player_bottom,232.77804565429688,647.4862670898438,198.5874481201172,511.8577575683594,266.9686279296875,647.4862670898438,0.8996119499206543
game8/Clip7,418,65,player_top,701.7421875,226.8152618408203,684.2093505859375,141.446044921875,719.2750854492188,226.8152618408203,0.8343036770820618
game8/Clip7,419,66,player_bottom,234.31640625,645.7776489257812,200.07058715820312,511.60540771484375,268.5622253417969,645.7776489257812,0.867133617401123
game8/Clip7,419,65,player_top,699.6429443359375,226.7275848388672,682.20556640625,140.96466064453125,717.0803833007812,226.7275848388672,0.8006322383880615
game8/Clip7,420,66,player_bottom,236.89398193359375,644.8912963867188,202.6790771484375,511.10699462890625,271.10888671875,644.8912963867188,0.8553673624992371
game8/Clip7,420,65,player_top,697.7535400390625,226.6868438720703,680.6078491210938,140.8949432373047,714.899169921875,226.6868438720703,0.8130825161933899
game8/Clip7,421,66,player_bottom,239.74563598632812,643.3458251953125,205.99049377441406,510.5639953613281,273.5007629394531,643.3458251953125,0.8678174614906311
game8/Clip7,421,65,player_top,695.2547607421875,227.19927978515625,678.3931274414062,140.9628143310547,712.1163940429688,227.19927978515625,0.7641366124153137
game8/Clip8,0,83,player_bottom,543.9341430664062,618.2879028320312,511.3713684082031,490.520263671875,576.4969482421875,618.2879028320312,0.880903422832489
game8/Clip8,0,84,player_top,800.949951171875,232.88026428222656,775.3385009765625,164.77145385742188,826.5613403320312,232.88026428222656,0.8600417375564575
game8/Clip8,1,83,player_bottom,543.9341430664062,618.2879028320312,511.3713684082031,490.520263671875,576.4969482421875,618.2879028320312,0.880903422832489
game8/Clip8,1,84,player_top,800.949951171875,232.88026428222656,775.3385009765625,164.77145385742188,826.5613403320312,232.88026428222656,0.8600417375564575
game8/Clip8,2,83,player_bottom,544.945068359375,617.136474609375,513.2451171875,492.8890075683594,576.6449584960938,617.136474609375,0.8914363980293274
game8/Clip8,2,84,player_top,800.8170166015625,232.84219360351562,775.136474609375,164.5352783203125,826.49755859375,232.84219360351562,0.8596828579902649
game8/Clip8,3,83,player_bottom,546.117431640625,615.7970581054688,514.4318237304688,491.9311828613281,577.8030395507812,615.7970581054688,0.8843685388565063
game8/Clip8,3,84,player_top,800.685791015625,232.804931640625,774.8795776367188,164.12734985351562,826.491943359375,232.804931640625,0.8586952686309814
game8/Clip8,4,83,player_bottom,547.1295166015625,614.4555053710938,515.0478515625,489.5421142578125,579.2111206054688,614.4555053710938,0.8734505772590637
game8/Clip8,4,84,player_top,800.6931762695312,232.8667755126953,774.6548461914062,163.50039672851562,826.7315063476562,232.8667755126953,0.8538205027580261
game8/Clip8,5,83,player_bottom,548.240478515625,613.654541015625,511.4997863769531,470.10968017578125,584.981201171875,613.654541015625,0.8752044439315796
game8/Clip8,5,84,player_top,800.7437744140625,233.09104919433594,774.467041015625,163.0001678466797,827.0204467773438,233.09104919433594,0.8529472947120667
game8/Clip8,6,83,player_bottom,549.1651611328125,612.87646484375,511.6370849609375,466.0491027832031,586.6932983398438,612.87646484375,0.8366262316703796
game8/Clip8,6,84,player_top,800.5528564453125,233.08009338378906,774.2575073242188,162.77130126953125,826.84814453125,233.08009338378906,0.8538795113563538
game8/Clip8,7,83,player_bottom,549.7305908203125,612.3889770507812,511.877197265625,464.1116027832031,587.5839233398438,612.3889770507812,0.8680970668792725
game8/Clip8,7,84,player_top,800.47607421875,233.031005859375,774.2090454101562,162.61956787109375,826.7430419921875,233.031005859375,0.8548890948295593
game8/Clip8,8,83,player_bottom,551.09765625,612.207275390625,513.700439453125,465.43743896484375,588.4949340820312,612.207275390625,0.8522639274597168
game8/Clip8,8,84,player_top,800.4874267578125,232.92575073242188,774.3800048828125,162.78855895996094,826.5948486328125,232.92575073242188,0.8554092645645142
game8/Clip8,9,83,player_bottom,552.75244140625,612.3819580078125,516.6681518554688,470.69708251953125,588.8367309570312,612.3819580078125,0.8551822900772095
game8/Clip8,9,84,player_top,800.7645263671875,232.91107177734375,774.7552490234375,163.0072479248047,826.7738647460938,232.91107177734375,0.8592937588691711
game8/Clip8,10,83,player_bottom,553.7652587890625,612.5245361328125,521.2077026367188,485.7887878417969,586.3228759765625,612.5245361328125,0.8552388548851013
game8/Clip8,10,84,player_top,800.7605590820312,232.89596557617188,774.8160400390625,163.1480255126953,826.705078125,232.89596557617188,0.863187313079834
game8/Clip8,11,83,player_bottom,554.30859375,612.5722045898438,523.100341796875,491.6088562011719,585.516845703125,612.5722045898438,0.8691790699958801
game8/Clip8,11,84,player_top,800.760986328125,232.9936065673828,774.9528198242188,163.64431762695312,826.5692138671875,232.9936065673828,0.8602755665779114
game8/Clip8,12,83,player_bottom,554.5029296875,612.56787109375,523.2494506835938,490.88897705078125,585.7564086914062,612.56787109375,0.856448769569397
game8/Clip8,12,84,player_top,800.7269287109375,232.98336791992188,775.1434326171875,164.30967712402344,826.3103637695312,232.98336791992188,0.8560287952423096
game8/Clip8,13,83,player_bottom,554.3104858398438,612.0214233398438,522.795654296875,488.1806335449219,585.8253173828125,612.0214233398438,0.86332768201828
game8/Clip8,13,84,player_top,800.7218627929688,233.02145385742188,775.0643310546875,164.15267944335938,826.37939453125,233.02145385742188,0.849149763584137
game8/Clip8,14,83,player_bottom,555.4059448242188,608.8544921875,523.83203125,482.524658203125,586.9798583984375,608.8544921875,0.8570681810379028
game8/Clip8,14,84,player_top,800.7452392578125,233.013671875,774.9757690429688,163.80267333984375,826.5147094726562,233.013671875,0.8563857674598694
game8/Clip8,15,83,player_bottom,560.1338500976562,606.0447998046875,527.7013549804688,473.4491271972656,592.5663452148438,606.0447998046875,0.77458655834198
game8/Clip8,15,84,player_top,800.713623046875,233.01356506347656,774.9265747070312,163.74986267089844,826.5006713867188,233.01356506347656,0.8566849827766418
game8/Clip8,16,83,player_bottom,563.5576171875,603.03564453125,529.8871459960938,462.54290771484375,597.22802734375,603.03564453125,0.8708651661872864
game8/Clip8,16,84,player_top,800.66357421875,232.98123168945312,774.6441650390625,162.98004150390625,826.6829223632812,232.98123168945312,0.847947895526886
game8/Clip8,17,83,player_bottom,567.4874267578125,601.261962890625,533.5410766601562,457.4009704589844,601.433837890625,601.261962890625,0.877788782119751
game8/Clip8,17,84,player_top,800.7098388671875,232.94528198242188,774.3419799804688,161.78175354003906,827.07763671875,232.94528198242188,0.8598823547363281
game8/Clip8,18,83,player_bottom,570.7578735351562,600.2559814453125,538.86865234375,463.9377136230469,602.6470947265625,600.2559814453125,0.8338646292686462
game8/Clip8,18,84,player_top,800.5147705078125,233.02537536621094,773.8920288085938,160.83050537109375,827.137451171875,233.02537536621094,0.846359372138977
game8/Clip8,19,83,player_bottom,572.0843505859375,598.911865234375,542.635986328125,472.8377380371094,601.53271484375,598.911865234375,0.8886377811431885
game8/Clip8,19,84,player_top,799.7181396484375,233.0081024169922,772.8869018554688,160.12326049804688,826.5493774414062,233.0081024169922,0.8447434902191162
game8/Clip8,20,83,player_bottom,571.1678466796875,597.3998413085938,543.3941040039062,478.3638916015625,598.9415283203125,597.3998413085938,0.8807691931724548
game8/Clip8,20,84,player_top,797.555419921875,233.25491333007812,770.5560302734375,160.09654235839844,824.5548095703125,233.25491333007812,0.8585294485092163
game8/Clip8,21,83,player_bottom,568.6148681640625,596.0492553710938,542.4799194335938,483.3561096191406,594.7498779296875,596.0492553710938,0.8781476616859436
game8/Clip8,21,84,player_top,795.393798828125,233.63104248046875,768.4224853515625,160.9539031982422,822.3651733398438,233.63104248046875,0.8822129368782043
game8/Clip8,22,83,player_bottom,565.4117431640625,595.6156616210938,540.500732421875,487.6299133300781,590.32275390625,595.6156616210938,0.8628445863723755
game8/Clip8,22,84,player_top,794.3792724609375,234.05543518066406,767.5650634765625,162.34629821777344,821.1935424804688,234.05543518066406,0.8856104016304016
game8/Clip8,23,83,player_bottom,562.8902587890625,595.4214477539062,538.81494140625,490.3976745605469,586.9655151367188,595.4214477539062,0.8777967691421509
game8/Clip8,23,84,player_top,794.0802001953125,234.2938232421875,767.4228515625,163.5587921142578,820.7374877929688,234.2938232421875,0.8825526237487793
game8/Clip8,24,83,player_bottom,562.03369140625,595.3163452148438,538.4638061523438,491.7894592285156,585.603515625,595.3163452148438,0.8581129908561707
game8/Clip8,24,84,player_top,794.066162109375,234.4184112548828,767.56982421875,164.73875427246094,820.5624389648438,234.4184112548828,0.8864502310752869
game8/Clip8,25,83,player_bottom,560.599609375,595.3515014648438,537.1268310546875,492.21661376953125,584.0723266601562,595.3515014648438,0.8537113666534424
game8/Clip8,25,84,player_top,794.1561279296875,234.50466918945312,767.731689453125,165.80166625976562,820.58056640625,234.50466918945312,0.8880907893180847
game8/Clip8,26,83,player_bottom,557.48583984375,595.834716796875,533.396484375,491.46356201171875,581.5751342773438,595.834716796875,0.8419852256774902
game8/Clip8,26,84,player_top,795.2236328125,234.70301818847656,768.08837890625,165.08660888671875,822.3589477539062,234.70301818847656,0.8867602348327637
game8/Clip8,27,83,player_bottom,556.6454467773438,595.91796875,531.9957885742188,489.8328552246094,581.2951049804688,595.91796875,0.8364748358726501
game8/Clip8,27,84,player_top,796.7099609375,235.44064331054688,768.3377685546875,163.6636505126953,825.0820922851562,235.44064331054688,0.792321503162384
game8/Clip8,28,83,player_bottom,555.6796875,595.9203491210938,530.5285034179688,488.03948974609375,580.830810546875,595.9203491210938,0.8590661287307739
game8/Clip8,28,84,player_top,797.270263671875,235.21353149414062,768.4666748046875,163.53170776367188,826.0739135742188,235.21353149414062,0.8745138645172119
game8/Clip8,29,83,player_bottom,555.78515625,595.8247680664062,530.2172241210938,485.7298889160156,581.3530883789062,595.8247680664062,0.8400676250457764
game8/Clip8,29,84,player_top,797.8880004882812,235.03274536132812,769.0143432617188,164.42694091796875,826.7616577148438,235.03274536132812,0.8731826543807983
game8/Clip8,30,83,player_bottom,557.7297973632812,597.072509765625,531.8932495117188,484.8326110839844,583.5663452148438,597.072509765625,0.8479425311088562
game8/Clip8,30,84,player_top,799.21435546875,235.151123046875,769.7174682617188,164.17701721191406,828.7113037109375,235.151123046875,0.8692353367805481
game8/Clip8,31,83,player_bottom,560.6373291015625,598.049072265625,534.8499755859375,484.556884765625,586.4247436523438,598.049072265625,0.8749350905418396
game8/Clip8,31,84,player_top,802.340576171875,235.33682250976562,771.1061401367188,160.4593963623047,833.574951171875,235.33682250976562,0.837988018989563
game8/Clip8,32,83,player_bottom,561.880126953125,598.7371215820312,536.0067749023438,485.3366394042969,587.7535400390625,598.7371215820312,0.8608729839324951
game8/Clip8,32,84,player_top,805.5117797851562,235.71824645996094,774.2990112304688,161.03553771972656,836.7245483398438,235.71824645996094,0.8623951077461243
game8/Clip8,33,83,player_bottom,562.0074462890625,600.2769775390625,535.7543334960938,487.02496337890625,588.260498046875,600.2769775390625,0.8936939239501953
game8/Clip8,33,84,player_top,807.29736328125,236.14749145507812,776.5338745117188,162.65171813964844,838.0609130859375,236.14749145507812,0.8528624773025513
game8/Clip8,34,83,player_bottom,560.7619018554688,602.1278686523438,533.8800048828125,488.60882568359375,587.643798828125,602.1278686523438,0.9032049179077148
game8/Clip8,34,84,player_top,809.781494140625,236.48971557617188,778.9461669921875,162.5537872314453,840.6167602539062,236.48971557617188,0.8382415771484375
game8/Clip8,35,83,player_bottom,559.7410888671875,605.8687133789062,531.622314453125,489.27362060546875,587.8598022460938,605.8687133789062,0.8970410823822021
game8/Clip8,35,84,player_top,812.6729736328125,236.5943603515625,781.7263793945312,161.65847778320312,843.6195678710938,236.5943603515625,0.8377102017402649
game8/Clip8,36,83,player_bottom,559.0730590820312,607.1610717773438,530.030517578125,488.46051025390625,588.1156005859375,607.1610717773438,0.899100124835968
game8/Clip8,36,84,player_top,817.2272338867188,237.08770751953125,786.312744140625,161.11985778808594,848.1417236328125,237.08770751953125,0.8424046039581299
game8/Clip8,37,83,player_bottom,556.5121459960938,607.4326782226562,526.9920654296875,486.6537170410156,586.0322265625,607.4326782226562,0.8956847190856934
game8/Clip8,37,84,player_top,822.6290283203125,237.74131774902344,791.7709350585938,160.4311065673828,853.487060546875,237.74131774902344,0.8203972578048706
game8/Clip8,38,83,player_bottom,554.3411865234375,607.4073486328125,524.8770141601562,485.9979248046875,583.805419921875,607.4073486328125,0.8820604085922241
game8/Clip8,38,84,player_top,828.8121337890625,238.71299743652344,798.50830078125,160.58714294433594,859.1160278320312,238.71299743652344,0.7593643069267273
game8/Clip8,39,83,player_bottom,551.5513305664062,608.23779296875,522.1565551757812,485.4196472167969,580.9461059570312,608.23779296875,0.8750975131988525
game8/Clip8,39,84,player_top,833.5485229492188,239.9763641357422,803.668212890625,159.76548767089844,863.4288330078125,239.9763641357422,0.7848303318023682
game8/Clip8,40,83,player_bottom,548.3746337890625,610.2721557617188,518.7544555664062,485.42431640625,577.9948120117188,610.2721557617188,0.8761550188064575
game8/Clip8,40,84,player_top,837.17919921875,242.1444549560547,808.1826782226562,159.74513244628906,866.1757202148438,242.1444549560547,0.6427348852157593
game8/Clip8,41,83,player_bottom,543.1464233398438,613.4065551757812,513.3269653320312,487.2081298828125,572.9658813476562,613.4065551757812,0.8865660429000854
game8/Clip8,41,84,player_top,840.9498291015625,243.19305419921875,813.1171875,159.56610107421875,868.7824096679688,243.19305419921875,0.668953537940979
game8/Clip8,42,83,player_bottom,537.8368530273438,617.6898803710938,507.3998107910156,489.65911865234375,568.2738647460938,617.6898803710938,0.8837031722068787
game8/Clip8,42,84,player_top,844.12451171875,244.25013732910156,817.64501953125,160.20286560058594,870.6039428710938,244.25013732910156,0.7426939010620117
game8/Clip8,43,83,player_bottom,532.1260986328125,622.6586303710938,501.0872497558594,493.8557434082031,563.1649780273438,622.6586303710938,0.8880932927131653
game8/Clip8,43,84,player_top,846.7427368164062,244.7661590576172,821.4065551757812,160.39129638671875,872.0789184570312,244.7661590576172,0.7695565223693848
game8/Clip8,44,83,player_bottom,526.6233520507812,625.5787963867188,495.3692932128906,498.98345947265625,557.8773803710938,625.5787963867188,0.9109135866165161
game8/Clip8,44,84,player_top,850.7656860351562,245.55062866210938,826.015869140625,160.2566680908203,875.5155029296875,245.55062866210938,0.7456556558609009
game8/Clip8,45,83,player_bottom,522.1570434570312,628.0738525390625,490.3924560546875,503.65252685546875,553.921630859375,628.0738525390625,0.9063496589660645
game8/Clip8,45,84,player_top,855.2841796875,245.95960998535156,831.7428588867188,163.9334259033203,878.825439453125,245.95960998535156,0.799985945224762
game8/Clip8,46,83,player_bottom,520.6080322265625,628.9246215820312,488.3614501953125,506.5024719238281,552.8546142578125,628.9246215820312,0.9105253219604492
game8/Clip8,46,84,player_top,858.8680419921875,246.08229064941406,835.7387084960938,165.58395385742188,881.9973754882812,246.08229064941406,0.8241145014762878
game8/Clip8,47,83,player_bottom,520.46923828125,628.5783081054688,487.4983215332031,506.76702880859375,553.440185546875,628.5783081054688,0.9128208160400391
game8/Clip8,47,84,player_top,862.5886840820312,246.2567901611328,840.04052734375,167.82923889160156,885.1368408203125,246.2567901611328,0.7902927398681641
game8/Clip8,48,83,player_bottom,520.8258056640625,628.0504760742188,486.8321838378906,505.6990966796875,554.8194580078125,628.0504760742188,0.9108725786209106
game8/Clip8,48,84,player_top,864.2862548828125,246.79403686523438,842.0328369140625,169.80499267578125,886.5396118164062,246.79403686523438,0.8217232823371887
game8/Clip8,49,83,player_bottom,519.046630859375,627.6635131835938,484.1712951660156,504.1143798828125,553.9219360351562,627.6635131835938,0.9008634686470032
game8/Clip8,49,84,player_top,866.11279296875,247.2265167236328,843.8016967773438,169.80030822753906,888.423828125,247.2265167236328,0.8316978812217712
game8/Clip8,50,83,player_bottom,509.1231689453125,626.9805297851562,474.14031982421875,502.4300537109375,544.1060180664062,626.9805297851562,0.862248957157135
game8/Clip8,50,84,player_top,867.150390625,247.44277954101562,845.07080078125,170.40597534179688,889.22998046875,247.44277954101562,0.8403854966163635
game8/Clip8,51,83,player_bottom,497.4989929199219,625.8601684570312,463.3326416015625,501.7807312011719,531.6653442382812,625.8601684570312,0.8448027968406677
game8/Clip8,51,84,player_top,867.0332641601562,247.6737823486328,845.1702270507812,171.25347900390625,888.8963012695312,247.6737823486328,0.8366267681121826
game8/Clip8,52,83,player_bottom,486.8381042480469,626.6769409179688,453.17193603515625,501.3741455078125,520.5042724609375,626.6769409179688,0.8647953271865845
game8/Clip8,52,84,player_top,866.370361328125,247.81747436523438,844.5177612304688,171.5398712158203,888.222900390625,247.81747436523438,0.8472970128059387
game8/Clip8,53,83,player_bottom,478.20269775390625,628.4430541992188,444.7417907714844,501.4532775878906,511.66363525390625,628.4430541992188,0.8809105157852173
game8/Clip8,53,84,player_top,865.13427734375,248.00730895996094,842.659423828125,169.90330505371094,887.6090698242188,248.00730895996094,0.8210169076919556
game8/Clip8,54,83,player_bottom,470.99346923828125,629.8065795898438,438.7613525390625,503.54840087890625,503.2255859375,629.8065795898438,0.8413344621658325
game8/Clip8,54,84,player_top,863.8921508789062,248.09390258789062,841.2628173828125,170.5613250732422,886.521484375,248.09390258789062,0.8214989304542542
game8/Clip8,55,83,player_bottom,460.8017578125,630.2870483398438,429.6316223144531,504.6934814453125,491.9718933105469,630.2870483398438,0.862675666809082
game8/Clip8,55,84,player_top,862.111572265625,247.93362426757812,839.2699584960938,171.28358459472656,884.9532470703125,247.93362426757812,0.7960445880889893
game8/Clip8,56,83,player_bottom,452.2254638671875,630.0990600585938,421.8004455566406,505.0406494140625,482.6504821777344,630.0990600585938,0.857463538646698
game8/Clip8,56,84,player_top,859.3409423828125,247.81289672851562,835.832763671875,169.5916748046875,882.8491821289062,247.81289672851562,0.7904669642448425
game8/Clip8,57,83,player_bottom,446.08343505859375,630.0767211914062,415.9737854003906,504.60723876953125,476.1930847167969,630.0767211914062,0.839530348777771
game8/Clip8,57,84,player_top,854.9375,247.48095703125,831.4065551757812,168.54649353027344,878.468505859375,247.48095703125,0.7761112451553345
game8/Clip8,58,83,player_bottom,441.04742431640625,629.9885864257812,411.4156799316406,505.8923645019531,470.6791687011719,629.9885864257812,0.8540453910827637
game8/Clip8,58,84,player_top,849.1844482421875,246.3405303955078,826.0277709960938,166.8909149169922,872.3411865234375,246.3405303955078,0.7714640498161316
game8/Clip8,59,83,player_bottom,435.2537841796875,629.6273193359375,405.2575988769531,505.33038330078125,465.24993896484375,629.6273193359375,0.8365423083305359
game8/Clip8,59,84,player_top,841.99609375,245.81768798828125,819.7113647460938,166.4031524658203,864.2808227539062,245.81768798828125,0.7453176379203796
game8/Clip8,60,83,player_bottom,429.29827880859375,629.2267456054688,398.3540954589844,504.0369873046875,460.242431640625,629.2267456054688,0.8487857580184937
game8/Clip8,60,84,player_top,837.2099609375,245.33709716796875,815.9425659179688,166.76048278808594,858.4774169921875,245.33709716796875,0.7653803825378418
game8/Clip8,61,83,player_bottom,427.238525390625,628.7047119140625,396.14959716796875,505.1312255859375,458.32745361328125,628.7047119140625,0.861708402633667
game8/Clip8,61,84,player_top,832.0576171875,246.7630615234375,811.3245849609375,167.25433349609375,852.7907104492188,246.7630615234375,0.7437189817428589
game8/Clip8,62,83,player_bottom,421.8437194824219,627.123291015625,390.3106384277344,504.78741455078125,453.3768005371094,627.123291015625,0.880449652671814
game8/Clip8,62,84,player_top,828.6072998046875,247.9559783935547,808.2994384765625,168.3925018310547,848.9151611328125,247.9559783935547,0.7967562675476074
game8/Clip8,63,83,player_bottom,416.3755187988281,626.1246948242188,384.2347412109375,504.0402526855469,448.51629638671875,626.1246948242188,0.8500864505767822
game8/Clip8,63,84,player_top,824.186279296875,248.1609649658203,803.8524169921875,168.66314697265625,844.5201416015625,248.1609649658203,0.833356499671936
game8/Clip8,64,83,player_bottom,412.7623291015625,625.3438110351562,380.2342834472656,502.6015930175781,445.2903747558594,625.3438110351562,0.8678914308547974
game8/Clip8,64,84,player_top,818.62939453125,248.11227416992188,797.5230712890625,167.69813537597656,839.7357177734375,248.11227416992188,0.8631043434143066
game8/Clip8,65,83,player_bottom,408.683837890625,624.417236328125,375.5342102050781,500.9092712402344,441.83343505859375,624.417236328125,0.8669415712356567
game8/Clip8,65,84,player_top,815.4766235351562,248.68936157226562,793.4507446289062,166.75350952148438,837.5025024414062,248.68936157226562,0.8549668192863464
game8/Clip8,66,83,player_bottom,407.4251403808594,620.3958740234375,374.9794921875,498.5454406738281,439.87078857421875,620.3958740234375,0.8053426146507263
game8/Clip8,66,84,player_top,811.4813842773438,247.927001953125,789.2609252929688,165.93699645996094,833.7018432617188,247.927001953125,0.7645993828773499
game8/Clip8,67,83,player_bottom,404.033447265625,617.855712890625,372.1202087402344,496.3026428222656,435.9466857910156,617.855712890625,0.8076189756393433
game8/Clip8,67,84,player_top,805.9171752929688,246.77027893066406,784.3739013671875,165.71920776367188,827.46044921875,246.77027893066406,0.7521659731864929
game8/Clip8,68,83,player_bottom,400.76129150390625,616.6524658203125,369.22027587890625,494.4179382324219,432.30230712890625,616.6524658203125,0.8690153956413269
game8/Clip8,68,84,player_top,799.9575805664062,246.1348419189453,779.4891967773438,166.91380310058594,820.4259643554688,246.1348419189453,0.7332696914672852
game8/Clip8,69,83,player_bottom,397.038330078125,616.55712890625,365.663330078125,493.008544921875,428.4133605957031,616.55712890625,0.802436888217926
game8/Clip8,69,84,player_top,793.968994140625,246.13136291503906,774.2075805664062,167.11375427246094,813.7304077148438,246.13136291503906,0.7390537858009338
game8/Clip8,70,83,player_bottom,395.613037109375,616.0118408203125,364.16082763671875,491.1244201660156,427.0652160644531,616.0118408203125,0.6736319661140442
game8/Clip8,70,84,player_top,788.0639038085938,247.73936462402344,769.2341918945312,170.49305725097656,806.8936157226562,247.73936462402344,0.7900816202163696
game8/Clip8,71,83,player_bottom,387.20831298828125,614.3226928710938,356.8308410644531,489.4284973144531,417.5858154296875,614.3226928710938,0.5977075099945068
game8/Clip8,71,84,player_top,782.4447631835938,248.67782592773438,763.7727661132812,171.70193481445312,801.1167602539062,248.67782592773438,0.8132250905036926
game8/Clip8,72,83,player_bottom,391.09490966796875,617.1076049804688,359.60028076171875,488.2061462402344,422.58953857421875,617.1076049804688,0.8140478730201721
game8/Clip8,72,84,player_top,776.330810546875,249.13401794433594,757.3253784179688,172.53134155273438,795.336181640625,249.13401794433594,0.8682430982589722
game8/Clip8,73,83,player_bottom,390.36737060546875,615.9954833984375,358.7573547363281,487.37158203125,421.9773864746094,615.9954833984375,0.8487333655357361
game8/Clip8,73,84,player_top,771.9805908203125,249.2597198486328,752.3195190429688,172.89002990722656,791.6416625976562,249.2597198486328,0.8621817827224731
game8/Clip8,74,83,player_bottom,385.096435546875,615.9950561523438,352.8878173828125,487.50885009765625,417.3050231933594,615.9950561523438,0.8530923128128052
game8/Clip8,74,84,player_top,769.9078369140625,249.55825805664062,749.1807861328125,171.649658203125,790.6348266601562,249.55825805664062,0.8723382353782654
game8/Clip8,75,83,player_bottom,377.28924560546875,617.111328125,344.2043762207031,489.4729309082031,410.37408447265625,617.111328125,0.8714042901992798
game8/Clip8,75,84,player_top,767.3154296875,249.1182861328125,745.7838134765625,170.48532104492188,788.8471069335938,249.1182861328125,0.8447392582893372
game8/Clip8,76,83,player_bottom,371.7231140136719,618.6878051757812,337.5685119628906,491.65631103515625,405.8777160644531,618.6878051757812,0.8705666661262512
game8/Clip8,76,84,player_top,763.9908447265625,247.24920654296875,742.3353271484375,169.83753967285156,785.6464233398438,247.24920654296875,0.7883743047714233
game8/Clip8,77,83,player_bottom,367.12677001953125,621.3848876953125,332.6669006347656,497.6856689453125,401.586669921875,621.3848876953125,0.8907639980316162
game8/Clip8,77,84,player_top,750.81494140625,244.50823974609375,730.3335571289062,169.9975128173828,771.2963256835938,244.50823974609375,0.5163194537162781
game8/Clip8,78,83,player_bottom,365.9323425292969,623.2890625,331.21624755859375,503.3239440917969,400.6484375,623.2890625,0.8912394046783447
game8/Clip8,78,84,player_top,744.7828369140625,244.14373779296875,724.519287109375,170.71017456054688,765.0464477539062,244.14373779296875,0.7167797088623047
game8/Clip8,79,83,player_bottom,365.52716064453125,624.1950073242188,330.5289306640625,507.5774841308594,400.5253601074219,624.1950073242188,0.8811294436454773
game8/Clip8,79,84,player_top,737.6171875,243.45065307617188,717.3435668945312,169.86685180664062,757.8907470703125,243.45065307617188,0.7614579796791077
game8/Clip8,80,83,player_bottom,364.98736572265625,624.2697143554688,329.63372802734375,509.97784423828125,400.3409729003906,624.2697143554688,0.8938966989517212
game8/Clip8,80,84,player_top,733.4781494140625,243.0537567138672,713.94482421875,173.39735412597656,753.0114135742188,243.0537567138672,0.7545165419578552
game8/Clip8,81,83,player_bottom,366.2213134765625,624.0076904296875,329.4254150390625,508.29071044921875,403.0172119140625,624.0076904296875,0.8856115341186523
game8/Clip8,81,84,player_top,728.1736450195312,242.78756713867188,707.5507202148438,171.17945861816406,748.7965698242188,242.78756713867188,0.8611637949943542
game8/Clip8,82,83,player_bottom,367.9501953125,623.4590454101562,328.93939208984375,503.6622619628906,406.96099853515625,623.4590454101562,0.8716407418251038
game8/Clip8,82,84,player_top,721.8341064453125,243.5994110107422,700.0960693359375,170.37098693847656,743.5720825195312,243.5994110107422,0.819915235042572
game8/Clip8,83,83,player_bottom,370.3434753417969,621.3965454101562,329.9669189453125,500.64727783203125,410.72003173828125,621.3965454101562,0.8563115000724792
game8/Clip8,83,84,player_top,713.6226806640625,244.2005615234375,691.2529296875,171.95494079589844,735.9924926757812,244.2005615234375,0.8285568952560425
game8/Clip8,84,83,player_bottom,374.03668212890625,616.7929077148438,333.514404296875,498.4377746582031,414.5589599609375,616.7929077148438,0.8774020075798035
game8/Clip8,84,84,player_top,707.3822631835938,245.33444213867188,684.1500244140625,171.64883422851562,730.614501953125,245.33444213867188,0.8759215474128723
game8/Clip8,85,83,player_bottom,379.68353271484375,615.0344848632812,339.201416015625,498.6253967285156,420.1656188964844,615.0344848632812,0.8877986669540405
game8/Clip8,85,84,player_top,699.2188720703125,246.181396484375,676.1843872070312,173.5632781982422,722.2532958984375,246.181396484375,0.777677059173584
game8/Clip8,86,83,player_bottom,387.9706115722656,614.6055297851562,347.5443115234375,497.9081115722656,428.39691162109375,614.6055297851562,0.8889763951301575
game8/Clip8,86,84,player_top,689.7974853515625,246.51113891601562,667.0765991210938,174.5257110595703,712.5184326171875,246.51113891601562,0.8090416193008423
game8/Clip8,87,83,player_bottom,399.79144287109375,614.63037109375,359.63226318359375,496.292236328125,439.95062255859375,614.63037109375,0.867091953754425
game8/Clip8,87,84,player_top,679.7546997070312,246.88955688476562,657.5452270507812,175.4095001220703,701.9641723632812,246.88955688476562,0.7495257258415222
game8/Clip8,88,83,player_bottom,406.6756591796875,614.2766723632812,366.70068359375,494.0123596191406,446.650634765625,614.2766723632812,0.8539642691612244
game8/Clip8,88,84,player_top,671.30615234375,247.32179260253906,649.2127685546875,175.72727966308594,693.3995361328125,247.32179260253906,0.8024740815162659
game8/Clip8,89,83,player_bottom,413.8724670410156,612.4832763671875,374.519775390625,492.66839599609375,453.22515869140625,612.4832763671875,0.867749035358429
game8/Clip8,89,84,player_top,665.802734375,245.75929260253906,644.2279052734375,176.3119659423828,687.3775634765625,245.75929260253906,0.7621458768844604
game8/Clip8,90,83,player_bottom,421.15838623046875,609.839111328125,382.5679626464844,491.7148742675781,459.74884033203125,609.839111328125,0.8421791791915894
game8/Clip8,90,84,player_top,658.4924926757812,245.6884307861328,636.8709716796875,177.18951416015625,680.114013671875,245.6884307861328,0.8200423717498779
game8/Clip8,91,83,player_bottom,430.7552795410156,608.67578125,393.06884765625,491.82525634765625,468.44171142578125,608.67578125,0.866570234298706
game8/Clip8,91,84,player_top,652.5546264648438,245.65341186523438,630.4271850585938,176.00537109375,674.6820678710938,245.65341186523438,0.8468304872512817
game8/Clip8,92,83,player_bottom,443.837158203125,608.68505859375,407.53057861328125,492.40924072265625,480.1437072753906,608.68505859375,0.7942841649055481
game8/Clip8,92,84,player_top,642.2933959960938,246.46170043945312,619.5784301757812,176.50270080566406,665.0083618164062,246.46170043945312,0.7918177843093872
game8/Clip8,93,83,player_bottom,454.432373046875,608.62158203125,419.8873291015625,494.4946594238281,488.9773864746094,608.62158203125,0.8331263661384583
game8/Clip8,93,84,player_top,634.5396728515625,246.6754913330078,611.901123046875,178.05776977539062,657.1782836914062,246.6754913330078,0.7997652292251587
game8/Clip8,94,83,player_bottom,462.69677734375,609.0598754882812,429.14471435546875,495.1210632324219,496.2488708496094,609.0598754882812,0.8735625743865967
game8/Clip8,94,84,player_top,630.434326171875,248.7899627685547,607.7797241210938,180.37014770507812,653.0888671875,248.7899627685547,0.8180204033851624
game8/Clip8,95,83,player_bottom,470.7802429199219,609.8494262695312,437.0291748046875,494.82464599609375,504.53131103515625,609.8494262695312,0.8959367871284485
game8/Clip8,95,84,player_top,627.5450439453125,247.71551513671875,606.3995971679688,183.07447814941406,648.6904296875,247.71551513671875,0.7824739217758179
game8/Clip8,96,83,player_bottom,480.446533203125,610.34765625,445.5371398925781,493.80877685546875,515.35595703125,610.34765625,0.8925119042396545
game8/Clip8,96,84,player_top,624.2340087890625,247.87991333007812,603.5900268554688,184.28993225097656,644.8780517578125,247.87991333007812,0.7732014656066895
game8/Clip8,97,83,player_bottom,487.958251953125,610.7285766601562,451.8410339355469,492.7443542480469,524.0755004882812,610.7285766601562,0.9001070261001587
game8/Clip8,97,84,player_top,618.48974609375,251.68679809570312,596.9534301757812,185.24041748046875,640.026123046875,251.68679809570312,0.7710916996002197
game8/Clip8,98,83,player_bottom,494.2598876953125,611.6976928710938,457.2815856933594,491.9410400390625,531.2381591796875,611.6976928710938,0.8948054909706116
game8/Clip8,98,84,player_top,614.1727294921875,254.40838623046875,591.6509399414062,185.6544952392578,636.6945190429688,254.40838623046875,0.8490657806396484
game8/Clip8,99,83,player_bottom,501.5836486816406,612.0451049804688,464.6500244140625,491.4101867675781,538.5172729492188,612.0451049804688,0.8844460248947144
game8/Clip8,99,84,player_top,609.7440795898438,255.6968536376953,586.5265502929688,185.58880615234375,632.9616088867188,255.6968536376953,0.85807865858078
game8/Clip8,100,83,player_bottom,511.14959716796875,611.6065673828125,474.3670654296875,489.6734924316406,547.93212890625,611.6065673828125,0.8880978226661682
game8/Clip8,100,84,player_top,606.2635498046875,256.4391784667969,582.4490356445312,185.46762084960938,630.0780029296875,256.4391784667969,0.8727103471755981
game8/Clip8,101,83,player_bottom,522.2479248046875,610.7545166015625,485.7129821777344,486.4603271484375,558.7828979492188,610.7545166015625,0.8848903179168701
game8/Clip8,101,84,player_top,603.1011962890625,257.57025146484375,578.5737915039062,185.2091064453125,627.6286010742188,257.57025146484375,0.8910118341445923
game8/Clip8,102,83,player_bottom,533.8718872070312,611.3817138671875,497.8871765136719,484.212646484375,569.8565673828125,611.3817138671875,0.8311895132064819
game8/Clip8,102,84,player_top,601.1810302734375,258.3303527832031,576.056884765625,185.02821350097656,626.30517578125,258.3303527832031,0.8781992793083191
game8/Clip8,103,83,player_bottom,543.946533203125,611.9306030273438,508.86126708984375,483.4446716308594,579.0318603515625,611.9306030273438,0.8608368635177612
game8/Clip8,103,84,player_top,597.4844970703125,258.9591979980469,571.9283447265625,185.11175537109375,623.0407104492188,258.9591979980469,0.8602613210678101
game8/Clip8,104,83,player_bottom,552.544189453125,613.4686889648438,518.2286376953125,483.5137634277344,586.8598022460938,613.4686889648438,0.8607177734375
game8/Clip8,104,84,player_top,593.48876953125,258.9642639160156,567.6589965820312,185.3427276611328,619.318603515625,258.9642639160156,0.8603854179382324
game8/Clip8,105,83,player_bottom,560.5941162109375,611.7401733398438,528.1099243164062,485.2689514160156,593.078369140625,611.7401733398438,0.8410857319831848
game8/Clip8,105,84,player_top,588.8985595703125,258.9718322753906,563.1682739257812,186.52610778808594,614.6287841796875,258.9718322753906,0.8290280103683472
game8/Clip8,106,83,player_bottom,569.864501953125,615.5465698242188,537.8009643554688,487.7167053222656,601.927978515625,615.5465698242188,0.8523821234703064
game8/Clip8,106,84,player_top,584.96630859375,258.66448974609375,559.9901733398438,187.83847045898438,609.9423828125,258.66448974609375,0.7679957151412964
game8/Clip8,107,83,player_bottom,577.0756225585938,617.8067016601562,546.1564331054688,491.6331481933594,607.9948120117188,617.8067016601562,0.8664658665657043
game8/Clip8,107,84,player_top,578.44189453125,258.81103515625,553.740234375,188.0392608642578,603.1434936523438,258.81103515625,0.7933436632156372
game8/Clip8,108,83,player_bottom,589.0202026367188,620.4635009765625,558.3009643554688,496.7373962402344,619.7394409179688,620.4635009765625,0.905044436454773
game8/Clip8,108,84,player_top,573.7310791015625,258.7296447753906,548.7201538085938,186.26162719726562,598.7420043945312,258.7296447753906,0.7484737038612366
game8/Clip8,109,83,player_bottom,597.2559204101562,621.9129028320312,566.209716796875,501.05499267578125,628.3021240234375,621.9129028320312,0.8969171047210693
game8/Clip8,109,84,player_top,570.4279174804688,258.6592712402344,545.0736083984375,183.93434143066406,595.7822265625,258.6592712402344,0.7950738668441772
game8/Clip8,110,83,player_bottom,606.2447509765625,623.6344604492188,573.828369140625,504.630126953125,638.6611938476562,623.6344604492188,0.9083744287490845
game8/Clip8,110,84,player_top,567.4191284179688,258.4999694824219,542.10888671875,183.28773498535156,592.7293701171875,258.4999694824219,0.8599302768707275
game8/Clip8,111,83,player_bottom,610.7509765625,625.50634765625,576.56201171875,506.8625793457031,644.93994140625,625.50634765625,0.9039592146873474
game8/Clip8,111,84,player_top,564.1514892578125,258.488037109375,538.380859375,181.6300048828125,589.9220581054688,258.488037109375,0.8702700734138489
game8/Clip8,112,83,player_bottom,612.9537353515625,626.3676147460938,577.41845703125,508.67291259765625,648.4889526367188,626.3676147460938,0.8909041285514832
game8/Clip8,112,84,player_top,561.4666748046875,258.4331359863281,535.0616455078125,179.87510681152344,587.8717651367188,258.4331359863281,0.8703256845474243
game8/Clip8,113,83,player_bottom,619.7605590820312,627.1795043945312,583.9122924804688,510.93603515625,655.6088256835938,627.1795043945312,0.8844093084335327
game8/Clip8,113,84,player_top,557.820068359375,258.2261962890625,530.7781372070312,178.48793029785156,584.8619995117188,258.2261962890625,0.8854373693466187
game8/Clip8,114,83,player_bottom,629.789794921875,627.5415649414062,594.2251586914062,512.3949584960938,665.3543701171875,627.5415649414062,0.7413747906684875
game8/Clip8,114,84,player_top,555.8699951171875,257.9468994140625,528.5997314453125,177.98980712890625,583.1403198242188,257.9468994140625,0.8581259846687317
game8/Clip8,115,83,player_bottom,645.904052734375,627.3961791992188,611.6468505859375,513.6796875,680.1611938476562,627.3961791992188,0.6734657883644104
game8/Clip8,115,84,player_top,554.5821533203125,257.1030578613281,527.22900390625,177.0341339111328,581.9352416992188,257.1030578613281,0.8652629852294922
game8/Clip8,116,83,player_bottom,659.6068115234375,627.6593017578125,626.1630249023438,513.2113037109375,693.050537109375,627.6593017578125,0.8363338112831116
game8/Clip8,116,84,player_top,553.7423095703125,255.9583740234375,526.1466064453125,174.9732208251953,581.3380737304688,255.9583740234375,0.8647253513336182
game8/Clip8,117,83,player_bottom,667.7232666015625,627.5950317382812,634.06689453125,510.282958984375,701.3796997070312,627.5950317382812,0.8387211561203003
game8/Clip8,117,84,player_top,551.5494384765625,254.1991729736328,524.3255004882812,173.2275390625,578.7733154296875,254.1991729736328,0.8682372570037842
game8/Clip8,118,83,player_bottom,674.989990234375,627.281005859375,640.6038208007812,507.077880859375,709.376220703125,627.281005859375,0.8338702321052551
game8/Clip8,118,84,player_top,549.471923828125,253.2012481689453,522.7477416992188,172.1072998046875,576.1961669921875,253.2012481689453,0.8444568514823914
game8/Clip8,119,83,player_bottom,686.361083984375,625.8281860351562,651.34814453125,503.33905029296875,721.3740234375,625.8281860351562,0.8591223359107971
game8/Clip8,119,84,player_top,547.65478515625,252.42266845703125,521.5137939453125,171.19773864746094,573.7957763671875,252.42266845703125,0.8619011640548706
game8/Clip8,120,83,player_bottom,695.748291015625,622.8112182617188,661.05810546875,500.60394287109375,730.4384155273438,622.8112182617188,0.847861111164093
game8/Clip8,120,84,player_top,546.171142578125,251.25921630859375,520.7734985351562,170.68539428710938,571.5687255859375,251.25921630859375,0.8714882135391235
game8/Clip8,121,83,player_bottom,705.7578125,622.4954223632812,670.7540893554688,498.39141845703125,740.7615966796875,622.4954223632812,0.8334461450576782
game8/Clip8,121,84,player_top,544.8823852539062,250.6259765625,520.030029296875,170.55174255371094,569.7347412109375,250.6259765625,0.8755399584770203
game8/Clip8,122,83,player_bottom,721.9725952148438,621.2617797851562,688.1852416992188,497.7198791503906,755.7599487304688,621.2617797851562,0.8362070322036743
game8/Clip8,122,84,player_top,544.7559814453125,250.48199462890625,520.304443359375,170.93536376953125,569.2074584960938,250.48199462890625,0.8777987957000732
game8/Clip8,123,83,player_bottom,735.4130249023438,622.3284912109375,702.005615234375,497.3260192871094,768.8204345703125,622.3284912109375,0.8495821952819824
game8/Clip8,123,84,player_top,545.7026977539062,250.3889923095703,521.5398559570312,171.5850830078125,569.8655395507812,250.3889923095703,0.8558320999145508
game8/Clip8,124,83,player_bottom,747.3717041015625,623.3611450195312,714.388427734375,497.583984375,780.35498046875,623.3611450195312,0.8639146089553833
game8/Clip8,124,84,player_top,546.1341552734375,250.29583740234375,522.1366577148438,171.81442260742188,570.1316528320312,250.29583740234375,0.8657569289207458
game8/Clip8,125,83,player_bottom,756.7501831054688,624.1574096679688,724.0010375976562,496.9847412109375,789.4993286132812,624.1574096679688,0.8413022756576538
game8/Clip8,125,84,player_top,546.0541381835938,250.30796813964844,522.1969604492188,171.94981384277344,569.9113159179688,250.30796813964844,0.8771726489067078
game8/Clip8,126,83,player_bottom,765.0172119140625,623.9105834960938,731.8190307617188,494.9673156738281,798.2154541015625,623.9105834960938,0.8505542278289795
game8/Clip8,126,84,player_top,545.724853515625,250.3377685546875,521.8296508789062,171.33560180664062,569.6201171875,250.3377685546875,0.8655855655670166
game8/Clip8,127,83,player_bottom,772.6343994140625,623.0116577148438,738.7315063476562,492.88836669921875,806.537353515625,623.0116577148438,0.8827853798866272
game8/Clip8,127,84,player_top,545.546875,250.11337280273438,521.6719970703125,170.5578155517578,569.4217529296875,250.11337280273438,0.8624544739723206
game8/Clip8,128,83,player_bottom,781.106201171875,621.64697265625,746.4036865234375,489.4337463378906,815.8087768554688,621.64697265625,0.8686804175376892
game8/Clip8,128,84,player_top,547.1611328125,249.7895050048828,523.4849853515625,169.80975341796875,570.8372192382812,249.7895050048828,0.867403507232666
game8/Clip8,129,83,player_bottom,789.9374389648438,610.93408203125,757.5249633789062,489.6900939941406,822.3499145507812,610.93408203125,0.8489416241645813
game8/Clip8,129,84,player_top,549.7901000976562,248.4849090576172,526.5811767578125,169.08872985839844,572.9990234375,248.4849090576172,0.8388891816139221
game8/Clip8,130,83,player_bottom,802.226806640625,607.5491943359375,770.5299682617188,490.6351623535156,833.9236450195312,607.5491943359375,0.788504958152771
game8/Clip8,130,84,player_top,553.7593994140625,246.43521118164062,531.3773193359375,168.14935302734375,576.1414794921875,246.43521118164062,0.8210474252700806
game8/Clip8,131,83,player_bottom,809.373291015625,603.3513793945312,779.3339233398438,490.4120178222656,839.4127197265625,603.3513793945312,0.7697161436080933
game8/Clip8,131,84,player_top,558.536376953125,244.53042602539062,537.2079467773438,167.5468292236328,579.86474609375,244.53042602539062,0.8194736838340759
game8/Clip8,132,83,player_bottom,821.6610107421875,601.8297729492188,791.8016967773438,490.6028747558594,851.520263671875,601.8297729492188,0.6426075100898743
game8/Clip8,132,84,player_top,562.042236328125,243.70066833496094,541.5509033203125,167.0556182861328,582.5335083007812,243.70066833496094,0.8095864653587341
game8/Clip8,133,83,player_bottom,823.7879638671875,599.888427734375,795.2772216796875,490.79168701171875,852.2987060546875,599.888427734375,0.8283383250236511
game8/Clip8,133,84,player_top,564.95703125,243.07054138183594,545.225341796875,166.9016876220703,584.688720703125,243.07054138183594,0.7932697534561157
game8/Clip8,134,83,player_bottom,833.195068359375,599.55810546875,804.2077026367188,490.0009460449219,862.1824951171875,599.55810546875,0.8679546117782593
game8/Clip8,134,84,player_top,567.5140991210938,243.02706909179688,548.460693359375,167.99363708496094,586.5675048828125,243.02706909179688,0.8063961267471313
game8/Clip8,135,83,player_bottom,841.979736328125,598.8028564453125,812.0776977539062,489.0415344238281,871.8817138671875,598.8028564453125,0.8939582109451294
game8/Clip8,135,84,player_top,570.814697265625,244.56463623046875,551.633056640625,169.15081787109375,589.9962768554688,244.56463623046875,0.8398481011390686
game8/Clip8,136,83,player_bottom,848.8065185546875,597.9738159179688,817.166259765625,485.0172119140625,880.44677734375,597.9738159179688,0.8411720991134644
game8/Clip8,136,84,player_top,572.4606323242188,244.942138671875,553.6390991210938,171.32530212402344,591.2821655273438,244.942138671875,0.8350498676300049
game8/Clip8,137,83,player_bottom,855.5711669921875,596.774169921875,822.5236206054688,482.7125244140625,888.6187744140625,596.774169921875,0.8760140538215637
game8/Clip8,137,84,player_top,572.8743896484375,245.04000854492188,554.2465209960938,172.6509246826172,591.502197265625,245.04000854492188,0.846031665802002
game8/Clip8,138,83,player_bottom,861.94970703125,593.7048950195312,828.7903442382812,482.3070373535156,895.1090087890625,593.7048950195312,0.8887549638748169
game8/Clip8,138,84,player_top,573.1185302734375,245.1943817138672,554.5619506835938,173.5133514404297,591.675048828125,245.1943817138672,0.8423506617546082
game8/Clip8,139,83,player_bottom,868.191162109375,589.3693237304688,835.867919921875,481.9716491699219,900.514404296875,589.3693237304688,0.8622267246246338
game8/Clip8,139,84,player_top,573.0980224609375,245.3869171142578,554.48681640625,173.8877410888672,591.7091674804688,245.3869171142578,0.8352220058441162
game8/Clip8,140,83,player_bottom,874.139404296875,585.6029052734375,842.9019165039062,481.10479736328125,905.3768920898438,585.6029052734375,0.8616255521774292
game8/Clip8,140,84,player_top,573.02099609375,245.35166931152344,554.353515625,174.02523803710938,591.6884155273438,245.35166931152344,0.84615159034729
game8/Clip8,141,83,player_bottom,879.0362548828125,582.2092895507812,848.6890869140625,478.71588134765625,909.3833618164062,582.2092895507812,0.8420189023017883
game8/Clip8,141,84,player_top,572.9774780273438,245.20228576660156,554.2444458007812,174.14515686035156,591.7105102539062,245.20228576660156,0.8415014147758484
game8/Clip8,142,83,player_bottom,883.1828002929688,579.8342895507812,853.2606811523438,475.3407897949219,913.1049194335938,579.8342895507812,0.8261476159095764
game8/Clip8,142,84,player_top,573.1234130859375,244.2652130126953,554.4513549804688,174.2113494873047,591.7954711914062,244.2652130126953,0.8487439751625061
game8/Clip8,143,83,player_bottom,889.518798828125,578.550537109375,858.8193969726562,468.8736572265625,920.21826171875,578.550537109375,0.8426783680915833
game8/Clip8,143,84,player_top,573.4445190429688,243.47970581054688,554.6743774414062,174.17904663085938,592.2146606445312,243.47970581054688,0.857711672782898
game8/Clip8,144,83,player_bottom,896.9697265625,577.1109008789062,866.6602172851562,468.3807373046875,927.2792358398438,577.1109008789062,0.8490376472473145
game8/Clip8,144,84,player_top,572.8851318359375,242.7578887939453,553.8466186523438,174.39871215820312,591.923583984375,242.7578887939453,0.8549926280975342
game8/Clip8,145,83,player_bottom,903.1427001953125,575.7576904296875,872.9923095703125,467.77825927734375,933.2931518554688,575.7576904296875,0.8482558131217957
game8/Clip8,145,84,player_top,572.6449584960938,242.0507049560547,553.149658203125,174.73704528808594,592.1402587890625,242.0507049560547,0.8575988411903381
game8/Clip8,146,83,player_bottom,907.004638671875,575.6963500976562,876.5379638671875,466.4226989746094,937.4713745117188,575.6963500976562,0.824493408203125
game8/Clip8,146,84,player_top,573.0841064453125,242.0866241455078,552.9749755859375,175.31243896484375,593.1932373046875,242.0866241455078,0.8526747226715088
game8/Clip8,147,83,player_bottom,908.9656982421875,575.6793212890625,878.3591918945312,465.0374755859375,939.5721435546875,575.6793212890625,0.8544285893440247
game8/Clip8,147,84,player_top,573.2964477539062,242.0905303955078,552.5304565429688,175.56546020507812,594.0624389648438,242.0905303955078,0.8667526245117188
game8/Clip8,148,83,player_bottom,910.4375,574.784912109375,879.9485473632812,463.23150634765625,940.9264526367188,574.784912109375,0.845212996006012
game8/Clip8,148,84,player_top,572.8988037109375,242.02130126953125,551.5026245117188,175.3582305908203,594.294921875,242.02130126953125,0.8707269430160522
game8/Clip8,149,83,player_bottom,911.81640625,573.0022583007812,881.9358520507812,462.55816650390625,941.697021484375,573.0022583007812,0.8424707651138306
game8/Clip8,149,84,player_top,571.6939697265625,241.98716735839844,549.6494140625,174.2247772216797,593.7385864257812,241.98716735839844,0.8730101585388184
game8/Clip8,150,83,player_bottom,913.9827880859375,570.6478271484375,884.7523803710938,462.37939453125,943.2132568359375,570.6478271484375,0.8653286099433899
game8/Clip8,150,84,player_top,572.506591796875,241.7643280029297,549.4674682617188,172.0357208251953,595.545654296875,241.7643280029297,0.838409423828125
game8/Clip8,151,83,player_bottom,914.339111328125,569.2200317382812,885.3513793945312,463.18505859375,943.3268432617188,569.2200317382812,0.8850905895233154
game8/Clip8,151,84,player_top,573.7159423828125,241.443359375,549.7092895507812,169.7119903564453,597.7225952148438,241.443359375,0.8514569401741028
game8/Clip8,152,83,player_bottom,914.4254150390625,568.4390258789062,885.8034057617188,465.462646484375,943.04736328125,568.4390258789062,0.8877623081207275
game8/Clip8,152,84,player_top,577.8141479492188,241.18150329589844,552.9718627929688,167.84735107421875,602.6564331054688,241.18150329589844,0.8565030694007874
game8/Clip8,153,83,player_bottom,914.23486328125,568.5217895507812,885.7966918945312,467.9209899902344,942.6730346679688,568.5217895507812,0.8810511827468872
game8/Clip8,153,84,player_top,583.5120849609375,239.53871154785156,558.7078857421875,166.80526733398438,608.3162841796875,239.53871154785156,0.8316894769668579
game8/Clip8,154,83,player_bottom,914.1375732421875,568.5699462890625,885.8295288085938,470.2188415527344,942.4456176757812,568.5699462890625,0.8840174674987793
game8/Clip8,154,84,player_top,591.262451171875,239.2813720703125,566.6019287109375,166.40957641601562,615.9229736328125,239.2813720703125,0.8196585774421692
game8/Clip8,155,83,player_bottom,912.944091796875,568.545166015625,884.475341796875,471.7873229980469,941.412841796875,568.545166015625,0.8470288515090942
game8/Clip8,155,84,player_top,597.5481567382812,238.9323272705078,573.09130859375,166.18978881835938,622.0050048828125,238.9323272705078,0.801459014415741
game8/Clip8,156,83,player_bottom,913.6693115234375,568.2376098632812,885.0950317382812,472.1145935058594,942.24365234375,568.2376098632812,0.8667943477630615
game8/Clip8,156,84,player_top,601.2613525390625,238.56529235839844,576.6428833007812,165.62538146972656,625.8797607421875,238.56529235839844,0.8184449076652527
game8/Clip8,157,83,player_bottom,910.57177734375,568.2299194335938,881.2159423828125,471.65582275390625,939.9275512695312,568.2299194335938,0.8236567378044128
game8/Clip8,157,84,player_top,604.9306030273438,237.93138122558594,579.8604125976562,164.55462646484375,630.0007934570312,237.93138122558594,0.856852650642395
game8/Clip8,158,83,player_bottom,905.1355590820312,569.0387573242188,873.9765014648438,469.8902893066406,936.2946166992188,569.0387573242188,0.8614742159843445
game8/Clip8,158,84,player_top,611.5361328125,237.9805450439453,585.8694458007812,163.93080139160156,637.2027587890625,237.9805450439453,0.8485661745071411
game8/Clip8,159,83,player_bottom,906.7028198242188,569.2821044921875,874.4827270507812,467.4389343261719,938.9229125976562,569.2821044921875,0.8505905866622925
game8/Clip8,159,84,player_top,618.3104248046875,238.43226623535156,592.13525390625,163.60142517089844,644.485595703125,238.43226623535156,0.8476361036300659
game8/Clip8,160,83,player_bottom,896.7943725585938,569.580810546875,862.4636840820312,464.7108154296875,931.1250610351562,569.580810546875,0.836582362651825
game8/Clip8,160,84,player_top,631.4415283203125,238.53329467773438,605.8823852539062,163.41336059570312,657.000732421875,238.53329467773438,0.6912704110145569
game8/Clip8,161,83,player_bottom,887.9613037109375,569.833740234375,852.3743896484375,462.423095703125,923.5482788085938,569.833740234375,0.8740901350975037
game8/Clip8,161,84,player_top,637.6900634765625,238.9130859375,612.59033203125,163.4024200439453,662.789794921875,238.9130859375,0.7731515169143677
game8/Clip8,162,83,player_bottom,878.2831420898438,570.009521484375,842.2202758789062,460.1501159667969,914.3460083007812,570.009521484375,0.8719536066055298
game8/Clip8,162,84,player_top,642.4911499023438,239.12698364257812,617.6493530273438,162.44590759277344,667.3329467773438,239.12698364257812,0.8096870183944702
game8/Clip8,163,83,player_bottom,871.6957397460938,569.5177001953125,835.7698974609375,458.5694885253906,907.62158203125,569.5177001953125,0.8609426021575928
game8/Clip8,163,84,player_top,645.4813232421875,239.2622528076172,621.4989624023438,164.1717529296875,669.4637451171875,239.2622528076172,0.8183872103691101
game8/Clip8,164,83,player_bottom,865.1947021484375,565.2434692382812,830.8248901367188,457.93463134765625,899.564453125,565.2434692382812,0.8675352931022644
game8/Clip8,164,84,player_top,652.6824951171875,239.3681640625,627.752197265625,162.3026580810547,677.6127319335938,239.3681640625,0.8753219842910767
game8/Clip8,165,83,player_bottom,857.577880859375,567.9887084960938,823.4227294921875,458.0771789550781,891.7330932617188,567.9887084960938,0.8436298966407776
game8/Clip8,165,84,player_top,658.9228515625,239.27572631835938,633.6260986328125,162.38951110839844,684.2196044921875,239.27572631835938,0.8754966855049133
game8/Clip8,166,83,player_bottom,850.65478515625,568.1393432617188,817.69970703125,458.49957275390625,883.6099243164062,568.1393432617188,0.8150694370269775
game8/Clip8,166,84,player_top,662.9762573242188,237.8466339111328,637.97265625,162.356201171875,687.9798583984375,237.8466339111328,0.8644892573356628
game8/Clip8,167,83,player_bottom,840.7744140625,571.190185546875,807.7495727539062,459.1044921875,873.7992553710938,571.190185546875,0.704375147819519
game8/Clip8,167,84,player_top,668.471923828125,237.01145935058594,643.8773803710938,162.0413360595703,693.0664672851562,237.01145935058594,0.8519893884658813
game8/Clip8,168,83,player_bottom,835.5221557617188,573.174560546875,802.46875,459.6224060058594,868.5755615234375,573.174560546875,0.8306176066398621
game8/Clip8,168,84,player_top,675.82373046875,237.12042236328125,651.5113525390625,161.5708465576172,700.1361083984375,237.12042236328125,0.8531914949417114
game8/Clip8,169,83,player_bottom,830.436767578125,573.7575073242188,797.08154296875,458.6134033203125,863.7919311523438,573.7575073242188,0.8630881905555725
game8/Clip8,169,84,player_top,684.2569580078125,236.4886474609375,660.6353149414062,160.31895446777344,707.8786010742188,236.4886474609375,0.8207494616508484
game8/Clip8,170,83,player_bottom,824.5672607421875,574.5755615234375,790.857177734375,457.0409240722656,858.27734375,574.5755615234375,0.894836962223053
game8/Clip8,170,84,player_top,689.9552001953125,234.64146423339844,667.1328125,158.36801147460938,712.7776489257812,234.64146423339844,0.8087705969810486
game8/Clip8,171,83,player_bottom,816.016357421875,575.0274047851562,782.218994140625,455.8671569824219,849.8136596679688,575.0274047851562,0.8688426613807678
game8/Clip8,171,84,player_top,695.5785522460938,232.54202270507812,673.6907958984375,157.1782989501953,717.46630859375,232.54202270507812,0.7946216464042664
game8/Clip8,172,83,player_bottom,805.43701171875,575.2322998046875,771.9832153320312,454.7878112792969,838.8907470703125,575.2322998046875,0.8084446787834167
game8/Clip8,172,84,player_top,701.8021240234375,232.8349151611328,680.342041015625,157.08953857421875,723.2622680664062,232.8349151611328,0.7836512327194214
game8/Clip8,173,83,player_bottom,794.755615234375,575.5848999023438,762.0435180664062,454.7180480957031,827.4676513671875,575.5848999023438,0.8060842752456665
game8/Clip8,173,84,player_top,706.7401123046875,232.7375030517578,685.7233276367188,156.40875244140625,727.7568359375,232.7375030517578,0.7614529132843018
game8/Clip8,174,83,player_bottom,785.6338500976562,571.8289184570312,754.9169921875,455.68243408203125,816.3507080078125,571.8289184570312,0.8243095874786377
game8/Clip8,174,84,player_top,709.74560546875,233.0362548828125,688.5587158203125,155.91725158691406,730.9325561523438,233.0362548828125,0.7558218240737915
game8/Clip8,175,83,player_bottom,776.2548828125,570.2614135742188,747.1170654296875,457.5270690917969,805.3927001953125,570.2614135742188,0.825160026550293
game8/Clip8,175,84,player_top,716.658447265625,232.85826110839844,695.1224365234375,155.67823791503906,738.1943969726562,232.85826110839844,0.7893808484077454
game8/Clip8,176,83,player_bottom,767.0648193359375,575.5474243164062,737.8223876953125,459.50067138671875,796.3073120117188,575.5474243164062,0.8019341230392456
game8/Clip8,176,84,player_top,724.2818603515625,232.8788299560547,702.8302001953125,156.46751403808594,745.7334594726562,232.8788299560547,0.7914778590202332
game8/Clip8,177,83,player_bottom,759.224365234375,578.7515869140625,730.1748657226562,461.8976135253906,788.2738037109375,578.7515869140625,0.8665812015533447
game8/Clip8,177,84,player_top,729.0753784179688,232.8271942138672,707.4672241210938,156.4872283935547,750.6835327148438,232.8271942138672,0.8266580700874329
game8/Clip8,178,83,player_bottom,749.6762084960938,579.7240600585938,720.1837768554688,463.9766540527344,779.1686401367188,579.7240600585938,0.8865536451339722
game8/Clip8,178,84,player_top,733.4146728515625,233.1681365966797,711.7244873046875,156.875732421875,755.1048583984375,233.1681365966797,0.854901909828186
game8/Clip8,179,83,player_bottom,740.7398681640625,581.870361328125,709.7086181640625,464.84039306640625,771.7711791992188,581.870361328125,0.8912771940231323
game8/Clip8,179,84,player_top,735.6060180664062,233.2149200439453,714.0459594726562,157.92047119140625,757.1660766601562,233.2149200439453,0.8539265394210815
game8/Clip8,180,83,player_bottom,733.4049072265625,583.9855346679688,701.0439453125,465.6708984375,765.7659301757812,583.9855346679688,0.9034293293952942
game8/Clip8,180,84,player_top,736.471923828125,232.8430938720703,714.6216430664062,156.86373901367188,758.3222045898438,232.8430938720703,0.8399829268455505
game8/Clip8,181,83,player_bottom,722.50341796875,585.5764770507812,689.1661376953125,466.6568603515625,755.8406372070312,585.5764770507812,0.8439687490463257
game8/Clip8,181,84,player_top,737.5653076171875,232.5413818359375,715.5984497070312,155.91470336914062,759.5321044921875,232.5413818359375,0.8253493905067444
game8/Clip8,182,83,player_bottom,710.053466796875,586.5513305664062,676.5297241210938,467.6198425292969,743.5772094726562,586.5513305664062,0.7662461996078491
game8/Clip8,182,84,player_top,738.628662109375,231.93118286132812,716.6531372070312,154.61630249023438,760.6041259765625,231.93118286132812,0.8212698698043823
game8/Clip8,183,83,player_bottom,697.61474609375,586.6585083007812,665.2717895507812,468.1138610839844,729.9577026367188,586.6585083007812,0.6338436603546143
game8/Clip8,183,84,player_top,739.6414794921875,231.59765625,717.4585571289062,152.346923828125,761.8243408203125,231.59765625,0.8395257592201233
game8/Clip8,184,83,player_bottom,687.6451416015625,586.952880859375,656.0407104492188,468.09783935546875,719.24951171875,586.952880859375,0.8119204640388489
game8/Clip8,184,84,player_top,740.341796875,231.21192932128906,718.3787231445312,151.66525268554688,762.304931640625,231.21192932128906,0.8413522243499756
game8/Clip8,185,83,player_bottom,677.3170166015625,586.551025390625,645.8699951171875,467.9778137207031,708.7639770507812,586.551025390625,0.8721434473991394
game8/Clip8,185,84,player_top,741.15625,231.08218383789062,719.5116577148438,152.14913940429688,762.8009033203125,231.08218383789062,0.8582695126533508
game8/Clip8,186,83,player_bottom,666.4227905273438,586.9916381835938,634.7984619140625,468.3256530761719,698.047119140625,586.9916381835938,0.8208896517753601
game8/Clip8,186,84,player_top,741.7545166015625,230.89788818359375,720.406005859375,152.70668029785156,763.10302734375,230.89788818359375,0.8633145093917847
game8/Clip8,187,83,player_bottom,654.3765869140625,589.5514526367188,622.4493408203125,469.1209716796875,686.3037719726562,589.5514526367188,0.8537415862083435
game8/Clip8,187,84,player_top,741.962646484375,230.70742797851562,721.0827026367188,154.0643310546875,762.8426513671875,230.70742797851562,0.8584350943565369
game8/Clip8,188,83,player_bottom,643.4437255859375,591.027587890625,612.697265625,470.844970703125,674.190185546875,591.027587890625,0.7918400764465332
game8/Clip8,188,84,player_top,741.7685546875,230.5581512451172,721.2542114257812,155.24208068847656,762.2828369140625,230.5581512451172,0.8639072775840759
game8/Clip8,189,83,player_bottom,631.1885986328125,592.8828735351562,601.358642578125,471.7508239746094,661.0185546875,592.8828735351562,0.8380444645881653
game8/Clip8,189,84,player_top,741.918212890625,230.63320922851562,722.038330078125,157.7377471923828,761.7981567382812,230.63320922851562,0.8542243838310242
game8/Clip8,190,83,player_bottom,618.5755615234375,595.703857421875,589.1103515625,473.028076171875,648.0408325195312,595.703857421875,0.8394235372543335
game8/Clip8,190,84,player_top,741.7130126953125,231.1374053955078,721.9386596679688,158.68824768066406,761.4873046875,231.1374053955078,0.8571194410324097
game8/Clip8,191,83,player_bottom,607.892333984375,598.2628784179688,578.8702392578125,474.7447204589844,636.9143676757812,598.2628784179688,0.8589435815811157
game8/Clip8,191,84,player_top,741.5247802734375,232.79376220703125,721.172607421875,158.14561462402344,761.8768920898438,232.79376220703125,0.8756722211837769
game8/Clip8,192,83,player_bottom,600.06640625,600.144775390625,571.4757690429688,476.3204650878906,628.6571044921875,600.144775390625,0.8264535665512085
game8/Clip8,192,84,player_top,740.69873046875,233.44012451171875,720.0045166015625,157.66476440429688,761.3928833007812,233.44012451171875,0.8660534024238586
game8/Clip8,193,83,player_bottom,590.867919921875,600.1038818359375,563.36767578125,479.4296569824219,618.3681030273438,600.1038818359375,0.8380808234214783
game8/Clip8,193,84,player_top,738.3193359375,233.6090545654297,717.6409301757812,157.45335388183594,758.9976806640625,233.6090545654297,0.828122615814209
game8/Clip8,194,83,player_bottom,580.9729614257812,599.74609375,553.5853881835938,479.0591735839844,608.3605346679688,599.74609375,0.7535401582717896
game8/Clip8,194,84,player_top,734.7376098632812,233.8144073486328,714.3453979492188,157.31150817871094,755.1298217773438,233.8144073486328,0.8252821564674377
game8/Clip8,195,83,player_bottom,571.2413940429688,599.1253051757812,543.6310424804688,479.80413818359375,598.8517456054688,599.1253051757812,0.767523467540741
game8/Clip8,195,84,player_top,731.5686645507812,233.95497131347656,711.635009765625,157.1637420654297,751.5023193359375,233.95497131347656,0.7935814261436462
game8/Clip8,196,83,player_bottom,559.7943115234375,599.0652465820312,530.735595703125,479.5244140625,588.8530883789062,599.0652465820312,0.8803566694259644
game8/Clip8,196,84,player_top,728.006591796875,233.4490203857422,708.9616088867188,157.3001708984375,747.0515747070312,233.4490203857422,0.7522081732749939
game8/Clip8,197,83,player_bottom,551.8751831054688,599.2343139648438,520.8988037109375,477.9578857421875,582.8515625,599.2343139648438,0.9030733108520508
game8/Clip8,197,84,player_top,725.8272705078125,234.50906372070312,707.3902587890625,157.89932250976562,744.2642211914062,234.50906372070312,0.7626506686210632
game8/Clip8,198,83,player_bottom,545.6978759765625,598.9453125,513.1395874023438,477.2876281738281,578.2561645507812,598.9453125,0.8865470886230469
game8/Clip8,198,84,player_top,724.1784057617188,235.8720245361328,706.1603393554688,158.36691284179688,742.1964721679688,235.8720245361328,0.783692479133606
game8/Clip8,199,83,player_bottom,540.92138671875,597.7931518554688,507.60479736328125,479.1724853515625,574.2379150390625,597.7931518554688,0.8976373076438904
game8/Clip8,199,84,player_top,721.2090454101562,236.45822143554688,703.4441528320312,159.28956604003906,738.9739379882812,236.45822143554688,0.8103277087211609
game8/Clip8,200,83,player_bottom,536.008056640625,596.4964599609375,502.19171142578125,479.79010009765625,569.824462890625,596.4964599609375,0.8806556463241577
game8/Clip8,200,84,player_top,718.2642822265625,237.2593994140625,700.4556884765625,160.29344177246094,736.0728759765625,237.2593994140625,0.8371025323867798
game8/Clip8,201,83,player_bottom,531.7061157226562,595.8060302734375,497.2758483886719,478.8173522949219,566.1364135742188,595.8060302734375,0.9010384678840637
game8/Clip8,201,84,player_top,716.4874877929688,237.8831787109375,698.472412109375,160.7698974609375,734.5025634765625,237.8831787109375,0.8448805809020996
game8/Clip8,202,83,player_bottom,526.5354614257812,595.2623901367188,491.75213623046875,476.5998229980469,561.3187866210938,595.2623901367188,0.9036365151405334
game8/Clip8,202,84,player_top,715.416748046875,238.14382934570312,697.2342529296875,161.05181884765625,733.5992431640625,238.14382934570312,0.8547353744506836
game8/Clip8,203,83,player_bottom,522.3695068359375,594.08935546875,487.75469970703125,474.1919860839844,556.9842529296875,594.08935546875,0.8895670175552368
game8/Clip8,203,84,player_top,714.337158203125,238.57452392578125,696.1234741210938,161.48146057128906,732.55078125,238.57452392578125,0.8511138558387756
game8/Clip8,204,83,player_bottom,518.2821044921875,593.6941528320312,483.9390869140625,471.4407043457031,552.6251220703125,593.6941528320312,0.8811561465263367
game8/Clip8,204,84,player_top,712.2240600585938,238.6620330810547,694.0541381835938,162.35586547851562,730.3939819335938,238.6620330810547,0.8561309576034546
game8/Clip8,205,83,player_bottom,514.4857177734375,593.6044311523438,480.75531005859375,469.0043029785156,548.216064453125,593.6044311523438,0.8624701499938965
game8/Clip8,205,84,player_top,708.231201171875,239.68360900878906,689.5473022460938,163.07562255859375,726.9151000976562,239.68360900878906,0.8753758668899536
game8/Clip8,206,83,player_bottom,514.85791015625,593.2151489257812,481.7239990234375,467.8620910644531,547.9918823242188,593.2151489257812,0.709291934967041
game8/Clip8,206,84,player_top,704.7392578125,241.25442504882812,685.6011962890625,165.02720642089844,723.8773803710938,241.25442504882812,0.8573629260063171
game8/Clip8,207,83,player_bottom,506.19805908203125,593.429443359375,474.59222412109375,467.789306640625,537.8038940429688,593.429443359375,0.6539444327354431
game8/Clip8,207,84,player_top,702.1693725585938,243.0758514404297,682.4696044921875,167.1056671142578,721.869140625,243.0758514404297,0.8755213022232056
game8/Clip8,208,83,player_bottom,507.3494873046875,594.2403564453125,475.7245178222656,467.425537109375,538.9744873046875,594.2403564453125,0.744312584400177
game8/Clip8,208,84,player_top,700.50146484375,243.8507080078125,680.5628662109375,169.5209503173828,720.4400024414062,243.8507080078125,0.8841192126274109
game8/Clip8,209,83,player_bottom,507.9410400390625,594.6049194335938,476.06689453125,467.1417236328125,539.815185546875,594.6049194335938,0.7658858895301819
game8/Clip8,209,84,player_top,699.6746826171875,244.26531982421875,679.6463012695312,171.87001037597656,719.703125,244.26531982421875,0.8709410429000854
game8/Clip8,210,83,player_bottom,505.43341064453125,595.3038940429688,473.0317077636719,467.18255615234375,537.8351440429688,595.3038940429688,0.811327338218689
game8/Clip8,210,84,player_top,698.9852294921875,244.4558563232422,678.804443359375,173.31768798828125,719.166015625,244.4558563232422,0.86255943775177
game8/Clip8,211,83,player_bottom,500.6015625,596.2771606445312,466.9920959472656,467.2847900390625,534.2109985351562,596.2771606445312,0.8540458083152771
game8/Clip8,211,84,player_top,698.4755249023438,244.86270141601562,677.9218139648438,173.91307067871094,719.0292358398438,244.86270141601562,0.868412435054779
game8/Clip8,212,83,player_bottom,494.7413635253906,597.0292358398438,459.8341064453125,467.4790344238281,529.6486206054688,597.0292358398438,0.8824290633201599
game8/Clip8,212,84,player_top,698.18310546875,244.85220336914062,677.1301879882812,173.3498992919922,719.2359619140625,244.85220336914062,0.8564608097076416
game8/Clip8,213,83,player_bottom,488.58013916015625,597.360595703125,452.6333923339844,469.2478942871094,524.5269165039062,597.360595703125,0.8761107325553894
game8/Clip8,213,84,player_top,698.42822265625,244.97621154785156,676.5785522460938,171.72946166992188,720.2779541015625,244.97621154785156,0.8610420227050781
game8/Clip8,214,83,player_bottom,483.41314697265625,598.4474487304688,446.65936279296875,472.2435607910156,520.1669311523438,598.4474487304688,0.8593161106109619
game8/Clip8,214,84,player_top,699.994384765625,244.91529846191406,677.2108154296875,169.6627655029297,722.7778930664062,244.91529846191406,0.8593350648880005
game8/Clip8,215,83,player_bottom,479.9205627441406,600.304443359375,442.62261962890625,476.437255859375,517.218505859375,600.304443359375,0.8914802670478821
game8/Clip8,215,84,player_top,702.6099853515625,245.19822692871094,679.0897827148438,168.79519653320312,726.130126953125,245.19822692871094,0.8397421836853027
game8/Clip8,216,83,player_bottom,477.3783264160156,601.1791381835938,440.35003662109375,481.7146301269531,514.4066162109375,601.1791381835938,0.8711212277412415
game8/Clip8,216,84,player_top,707.3900146484375,245.15969848632812,683.6358642578125,168.34828186035156,731.1441040039062,245.15969848632812,0.8669657707214355
game8/Clip8,217,83,player_bottom,474.7756652832031,601.4596557617188,438.4634704589844,486.9708557128906,511.0878601074219,601.4596557617188,0.7340043187141418
game8/Clip8,217,84,player_top,713.0252075195312,244.86346435546875,689.7493286132812,169.25999450683594,736.3010864257812,244.86346435546875,0.7999182343482971
game8/Clip8,218,83,player_bottom,477.62359619140625,601.901123046875,440.6462097167969,489.2802429199219,514.6009521484375,601.901123046875,0.70572829246521
game8/Clip8,218,84,player_top,719.8221435546875,244.58642578125,697.299072265625,169.9861297607422,742.3452758789062,244.58642578125,0.8081819415092468
game8/Clip8,219,83,player_bottom,478.97442626953125,601.998779296875,440.9088439941406,489.429443359375,517.0399780273438,601.998779296875,0.8687330484390259
game8/Clip8,219,84,player_top,723.3801879882812,244.6707305908203,701.0911865234375,170.03929138183594,745.669189453125,244.6707305908203,0.8287714719772339
game8/Clip8,220,83,player_bottom,480.7764892578125,602.3169555664062,441.09991455078125,487.809326171875,520.4530639648438,602.3169555664062,0.8818128705024719
game8/Clip8,220,84,player_top,726.0008544921875,245.9248046875,703.4915771484375,170.30935668945312,748.5101928710938,245.9248046875,0.8272886872291565
game8/Clip8,221,83,player_bottom,484.2027587890625,603.2048950195312,443.1379699707031,485.6083679199219,525.2675170898438,603.2048950195312,0.8750665783882141
game8/Clip8,221,84,player_top,728.7528076171875,245.7584991455078,706.1676635742188,170.17276000976562,751.337890625,245.7584991455078,0.849004864692688
game8/Clip8,222,83,player_bottom,485.76763916015625,603.20751953125,444.5645446777344,483.056396484375,526.970703125,603.20751953125,0.7656909227371216
game8/Clip8,222,84,player_top,733.259521484375,247.30055236816406,710.5202026367188,171.23707580566406,755.998779296875,247.30055236816406,0.8174067139625549
game8/Clip8,223,83,player_bottom,488.20880126953125,603.0565795898438,448.1104431152344,481.5582580566406,528.30712890625,603.0565795898438,0.7085572481155396
game8/Clip8,223,84,player_top,738.7184448242188,248.78585815429688,716.005126953125,171.74276733398438,761.4317626953125,248.78585815429688,0.8005903363227844
game8/Clip8,224,83,player_bottom,497.57415771484375,604.403564453125,458.31890869140625,481.4295349121094,536.8294067382812,604.403564453125,0.8476259112358093
game8/Clip8,224,84,player_top,747.3853759765625,248.8612518310547,725.4487915039062,172.62770080566406,769.3218994140625,248.8612518310547,0.6944358348846436
game8/Clip8,225,83,player_bottom,501.94287109375,605.9578247070312,463.7071838378906,481.45458984375,540.1785278320312,605.9578247070312,0.8673591613769531
game8/Clip8,225,84,player_top,756.1064453125,248.93264770507812,734.973388671875,173.61424255371094,777.2395629882812,248.93264770507812,0.805006742477417
game8/Clip8,226,83,player_bottom,503.29779052734375,607.8466796875,466.5260925292969,483.0305480957031,540.0695190429688,607.8466796875,0.8771228194236755
game8/Clip8,226,84,player_top,763.155029296875,249.4569854736328,742.4705200195312,174.76124572753906,783.8395385742188,249.4569854736328,0.7809928059577942
game8/Clip8,227,83,player_bottom,507.414794921875,610.21484375,472.1871032714844,486.6227722167969,542.6424560546875,610.21484375,0.8709662556648254
game8/Clip8,227,84,player_top,768.5526123046875,249.54949951171875,748.2910766601562,176.139892578125,788.814208984375,249.54949951171875,0.795039176940918
game8/Clip8,228,83,player_bottom,513.5712890625,611.8532104492188,479.1732177734375,488.9720458984375,547.9693603515625,611.8532104492188,0.8820840716362
game8/Clip8,228,84,player_top,771.6121826171875,249.69203186035156,751.6058959960938,177.62474060058594,791.618408203125,249.69203186035156,0.8285129070281982
game8/Clip8,229,83,player_bottom,518.0325927734375,615.3767700195312,483.7304992675781,491.2012939453125,552.3346557617188,615.3767700195312,0.8943090438842773
game8/Clip8,229,84,player_top,776.4805908203125,249.7049102783203,756.2655029296875,179.02493286132812,796.6956176757812,249.7049102783203,0.8092604875564575
game8/Clip8,230,83,player_bottom,521.7373046875,618.7011108398438,487.404052734375,493.7364196777344,556.0706176757812,618.7011108398438,0.8821211457252502
game8/Clip8,230,84,player_top,781.9853515625,251.50018310546875,758.7523193359375,172.5569305419922,805.2183837890625,251.50018310546875,0.8057974576950073
game8/Clip8,231,83,player_bottom,524.2034301757812,621.9713134765625,489.7605285644531,495.7191467285156,558.6463012695312,621.9713134765625,0.8811506628990173
game8/Clip8,231,84,player_top,786.4415283203125,252.08636474609375,761.9525756835938,172.35699462890625,810.9304809570312,252.08636474609375,0.803746223449707
game8/Clip8,232,83,player_bottom,526.5745239257812,623.9005126953125,492.609619140625,498.0318908691406,560.5394287109375,623.9005126953125,0.8904775977134705
game8/Clip8,232,84,player_top,789.2432861328125,252.24819946289062,765.017333984375,177.8605194091797,813.4691772460938,252.24819946289062,0.8531972169876099
game8/Clip8,233,83,player_bottom,526.6184692382812,624.6669921875,492.95294189453125,499.04742431640625,560.2839965820312,624.6669921875,0.8973076343536377
game8/Clip8,233,84,player_top,791.733154296875,253.71780395507812,767.5269775390625,184.25259399414062,815.9393310546875,253.71780395507812,0.8619555830955505
game8/Clip8,234,83,player_bottom,525.8270874023438,624.9086303710938,492.1018981933594,498.6050109863281,559.5523071289062,624.9086303710938,0.8943926692008972
game8/Clip8,234,84,player_top,792.9655151367188,253.197998046875,768.0745849609375,186.03103637695312,817.8564453125,253.197998046875,0.849711000919342
game8/Clip8,235,83,player_bottom,524.6409912109375,624.9030151367188,490.61590576171875,497.1780090332031,558.6660766601562,624.9030151367188,0.8946667313575745
game8/Clip8,235,84,player_top,793.8155517578125,252.01878356933594,769.1315307617188,189.41831970214844,818.4996337890625,252.01878356933594,0.8692129254341125
game8/Clip8,236,83,player_bottom,524.1777954101562,624.3546142578125,489.8394470214844,495.0910339355469,558.5161743164062,624.3546142578125,0.8937178254127502
game8/Clip8,236,84,player_top,795.178955078125,251.55479431152344,769.97998046875,190.97023010253906,820.3779296875,251.55479431152344,0.8448827862739563
game8/Clip8,237,83,player_bottom,523.2938232421875,623.7695922851562,488.52655029296875,493.667236328125,558.06103515625,623.7695922851562,0.9036189913749695
game8/Clip8,237,84,player_top,796.1778564453125,251.4800262451172,770.4210815429688,192.2574462890625,821.9345703125,251.4800262451172,0.862051248550415
game8/Clip8,238,83,player_bottom,521.0629272460938,623.4580078125,485.8039245605469,493.38201904296875,556.3218994140625,623.4580078125,0.9130253195762634
game8/Clip8,238,84,player_top,796.61962890625,251.39227294921875,769.9532470703125,192.14942932128906,823.2860107421875,251.39227294921875,0.8735546469688416
game8/Clip8,239,83,player_bottom,518.7646484375,624.066650390625,482.89739990234375,494.142333984375,554.6319580078125,624.066650390625,0.9160493016242981
game8/Clip8,239,84,player_top,796.8486938476562,251.03062438964844,769.13232421875,191.2280731201172,824.5650634765625,251.03062438964844,0.7311462759971619
game8/Clip8,240,83,player_bottom,516.7355346679688,625.7361450195312,480.2740478515625,496.0116882324219,553.197021484375,625.7361450195312,0.9167183041572571
game8/Clip8,240,84,player_top,797.894287109375,251.21038818359375,769.2284545898438,190.62696838378906,826.5601806640625,251.21038818359375,0.7988782525062561
game8/Clip8,241,83,player_bottom,514.4746704101562,627.337890625,477.896728515625,499.73370361328125,551.0526123046875,627.337890625,0.9148697257041931
game8/Clip8,241,84,player_top,798.5926513671875,251.3593292236328,768.2588500976562,187.88623046875,828.9263916015625,251.3593292236328,0.8027125000953674
game8/Clip8,242,83,player_bottom,513.1791381835938,629.9910278320312,476.5250244140625,504.2122497558594,549.833251953125,629.9910278320312,0.9111052751541138
game8/Clip8,242,84,player_top,799.4306640625,251.44451904296875,768.0266723632812,185.88792419433594,830.834716796875,251.44451904296875,0.8319522142410278
game8/Clip8,243,83,player_bottom,512.42333984375,631.8385620117188,475.72808837890625,508.2082824707031,549.11865234375,631.8385620117188,0.9084394574165344
game8/Clip8,243,84,player_top,800.12109375,251.3922119140625,766.9251098632812,181.52053833007812,833.317138671875,251.3922119140625,0.736887514591217
game8/Clip8,244,83,player_bottom,512.224853515625,632.1356201171875,475.4468688964844,510.4108581542969,549.0028076171875,632.1356201171875,0.9070790410041809
game8/Clip8,244,84,player_top,801.14306640625,251.35342407226562,765.48095703125,174.763671875,836.80517578125,251.35342407226562,0.7985383868217468
game8/Clip8,245,83,player_bottom,511.9483642578125,631.4625244140625,474.5638732910156,509.4304504394531,549.3328857421875,631.4625244140625,0.9059200882911682
game8/Clip8,245,84,player_top,801.4917602539062,251.4154052734375,763.77685546875,168.44886779785156,839.2066650390625,251.4154052734375,0.8340171575546265
game8/Clip8,246,83,player_bottom,510.8901062011719,630.8297119140625,472.74566650390625,507.3726501464844,549.0345458984375,630.8297119140625,0.9052943587303162
game8/Clip8,246,84,player_top,801.9093017578125,251.60862731933594,764.757080078125,168.3831787109375,839.0615234375,251.60862731933594,0.8474714756011963
game8/Clip8,247,83,player_bottom,505.052001953125,630.528564453125,466.7356872558594,505.2154541015625,543.3683471679688,630.528564453125,0.8854990601539612
game8/Clip8,247,84,player_top,801.5632934570312,251.59780883789062,764.6641235351562,167.33851623535156,838.4624633789062,251.59780883789062,0.8536652326583862
game8/Clip8,248,83,player_bottom,497.0787048339844,630.4881591796875,459.10809326171875,503.4772644042969,535.04931640625,630.4881591796875,0.8809954524040222
game8/Clip8,248,84,player_top,801.31005859375,251.74856567382812,764.8717041015625,167.03929138183594,837.7484741210938,251.74856567382812,0.8552138805389404
game8/Clip8,249,83,player_bottom,491.9541015625,629.974853515625,454.5706481933594,502.6050109863281,529.3375244140625,629.974853515625,0.8832741975784302
game8/Clip8,249,84,player_top,800.7545166015625,251.85894775390625,764.8665771484375,166.7028045654297,836.6423950195312,251.85894775390625,0.8660168647766113
game8/Clip8,250,83,player_bottom,488.16107177734375,628.5726318359375,451.8478698730469,503.27789306640625,524.4743041992188,628.5726318359375,0.8855344653129578
game8/Clip8,250,84,player_top,797.0105590820312,251.93067932128906,762.4105224609375,167.3745880126953,831.610595703125,251.93067932128906,0.8568755984306335
game8/Clip8,251,83,player_bottom,484.8197937011719,628.2955322265625,449.4171142578125,504.88458251953125,520.2224731445312,628.2955322265625,0.882286787033081
game8/Clip8,251,84,player_top,794.4882202148438,251.99752807617188,761.000732421875,167.6567840576172,827.9757080078125,251.99752807617188,0.8500555157661438
game8/Clip8,252,83,player_bottom,481.324462890625,629.2069091796875,446.73052978515625,507.85174560546875,515.9183959960938,629.2069091796875,0.8904973864555359
game8/Clip8,252,84,player_top,792.9750366210938,251.9799346923828,760.541748046875,168.4101104736328,825.4083251953125,251.9799346923828,0.8532584309577942
game8/Clip8,253,83,player_bottom,479.50836181640625,630.3401489257812,445.5415954589844,510.7086181640625,513.4751586914062,630.3401489257812,0.9029044508934021
game8/Clip8,253,84,player_top,790.0401000976562,251.7753143310547,758.4254150390625,169.44659423828125,821.65478515625,251.7753143310547,0.8469914793968201
game8/Clip8,254,83,player_bottom,478.8234558105469,630.3909301757812,445.1689453125,511.4306945800781,512.4779663085938,630.3909301757812,0.8985280990600586
game8/Clip8,254,84,player_top,788.3018188476562,251.469482421875,757.2550659179688,170.096435546875,819.3485717773438,251.469482421875,0.8354734778404236
game8/Clip8,255,83,player_bottom,479.47100830078125,630.57373046875,445.15618896484375,508.7513122558594,513.7858276367188,630.57373046875,0.8760448098182678
game8/Clip8,255,84,player_top,787.1527709960938,251.3870849609375,756.3377685546875,170.16285705566406,817.9677734375,251.3870849609375,0.8023496270179749
game8/Clip8,256,83,player_bottom,482.75189208984375,630.1492309570312,447.4114990234375,504.5118713378906,518.09228515625,630.1492309570312,0.8577617406845093
game8/Clip8,256,84,player_top,785.8936767578125,251.4825897216797,754.7559814453125,169.70245361328125,817.0313720703125,251.4825897216797,0.7547661662101746
game8/Clip8,257,83,player_bottom,486.82183837890625,626.9666137695312,451.79913330078125,501.8851318359375,521.8445434570312,626.9666137695312,0.855313777923584
game8/Clip8,257,84,player_top,780.289794921875,250.45887756347656,749.5656127929688,169.11534118652344,811.013916015625,250.45887756347656,0.7728551030158997
game8/Clip8,258,83,player_bottom,489.83819580078125,615.9678955078125,456.81719970703125,498.25244140625,522.8591918945312,615.9678955078125,0.8561604022979736
game8/Clip8,258,84,player_top,774.9644775390625,249.74754333496094,744.8021850585938,168.61448669433594,805.1268310546875,249.74754333496094,0.8090060353279114
game8/Clip8,259,83,player_bottom,493.81024169921875,610.8190307617188,461.0220642089844,495.163818359375,526.598388671875,610.8190307617188,0.8782823085784912
game8/Clip8,259,84,player_top,770.3088989257812,249.21026611328125,740.8438110351562,168.0293426513672,799.7739868164062,249.21026611328125,0.8343128561973572
game8/Clip8,260,83,player_bottom,498.7406005859375,606.2735595703125,465.9779052734375,493.24359130859375,531.5032958984375,606.2735595703125,0.866034746170044
game8/Clip8,260,84,player_top,765.9833984375,248.83645629882812,737.3468627929688,167.17982482910156,794.619873046875,248.83645629882812,0.8321698904037476
game8/Clip8,261,83,player_bottom,500.6163330078125,602.9027709960938,467.9996032714844,492.0467529296875,533.2330322265625,602.9027709960938,0.8792667388916016
game8/Clip8,261,84,player_top,761.0560302734375,248.28623962402344,733.5386962890625,166.49269104003906,788.5733642578125,248.28623962402344,0.8010169267654419
game8/Clip8,262,83,player_bottom,509.01898193359375,601.9138793945312,474.5286560058594,487.6110534667969,543.5093383789062,601.9138793945312,0.8541852235794067
game8/Clip8,262,84,player_top,756.609619140625,247.99612426757812,730.2283935546875,166.41505432128906,782.9908447265625,247.99612426757812,0.8206246495246887
game8/Clip8,263,83,player_bottom,517.201904296875,601.4821166992188,478.8803405761719,475.4013977050781,555.5234985351562,601.4821166992188,0.8338773250579834
game8/Clip8,263,84,player_top,752.7933349609375,248.8828887939453,727.4664306640625,167.4411163330078,778.1203002929688,248.8828887939453,0.8006687164306641
game8/Clip8,264,83,player_bottom,524.97119140625,601.362548828125,488.4393310546875,483.39105224609375,561.5030517578125,601.362548828125,0.8555293083190918
game8/Clip8,264,84,player_top,749.1603393554688,249.2112274169922,725.0040893554688,168.5603790283203,773.3165893554688,249.2112274169922,0.8011130690574646
game8/Clip8,265,83,player_bottom,526.7010498046875,601.302978515625,491.4403381347656,488.2935791015625,561.9617919921875,601.302978515625,0.6221861243247986
game8/Clip8,265,84,player_top,743.4020385742188,249.264404296875,720.1145629882812,169.6103515625,766.6895141601562,249.264404296875,0.8234763741493225
game8/Clip8,266,83,player_bottom,525.6757202148438,601.289794921875,491.17022705078125,489.72064208984375,560.1812133789062,601.289794921875,0.7816199064254761
game8/Clip8,266,84,player_top,736.4764404296875,249.52488708496094,713.0174560546875,169.32835388183594,759.9354248046875,249.52488708496094,0.8985607028007507
game8/Clip8,267,83,player_bottom,522.7509155273438,600.815185546875,489.5562438964844,490.5271301269531,555.9456176757812,600.815185546875,0.8963437080383301
game8/Clip8,267,84,player_top,731.1175537109375,249.3790740966797,707.404541015625,169.408935546875,754.83056640625,249.3790740966797,0.8902766108512878
game8/Clip8,268,83,player_bottom,522.7137451171875,600.2327270507812,490.177978515625,489.2667541503906,555.2495727539062,600.2327270507812,0.8895553350448608
game8/Clip8,268,84,player_top,728.9069213867188,249.26663208007812,704.8150024414062,169.22067260742188,752.9988403320312,249.26663208007812,0.8760696649551392
game8/Clip8,269,83,player_bottom,523.50927734375,599.4843139648438,490.9099426269531,485.64801025390625,556.1085815429688,599.4843139648438,0.8829550743103027
game8/Clip8,269,84,player_top,725.9998779296875,249.05055236816406,701.77685546875,168.763671875,750.2229614257812,249.05055236816406,0.8757597208023071
game8/Clip8,270,83,player_bottom,524.8201904296875,598.7841186523438,491.89080810546875,481.7812194824219,557.7496337890625,598.7841186523438,0.8663684129714966
game8/Clip8,270,84,player_top,722.5391845703125,248.50880432128906,698.32958984375,167.25775146484375,746.748779296875,248.50880432128906,0.857531726360321
game8/Clip8,271,83,player_bottom,526.2488403320312,596.5847778320312,492.97052001953125,476.70953369140625,559.5271606445312,596.5847778320312,0.8685418367385864
game8/Clip8,271,84,player_top,718.9453125,247.047607421875,695.3941650390625,165.93565368652344,742.4964599609375,247.047607421875,0.8321654200553894
game8/Clip8,272,83,player_bottom,528.79541015625,593.764404296875,495.14361572265625,470.1737365722656,562.4471435546875,593.764404296875,0.860916793346405
game8/Clip8,272,84,player_top,716.560791015625,245.2866973876953,693.8221435546875,164.2547149658203,739.2994384765625,245.2866973876953,0.8244521021842957
game8/Clip8,273,83,player_bottom,531.7070922851562,585.52587890625,499.57635498046875,465.34039306640625,563.8378295898438,585.52587890625,0.7958403825759888
game8/Clip8,273,84,player_top,713.6069946289062,243.00048828125,692.087158203125,164.3214874267578,735.1268310546875,243.00048828125,0.8213830590248108
game8/Clip8,274,83,player_bottom,534.7174072265625,581.3233032226562,502.0582275390625,455.7553405761719,567.3765869140625,581.3233032226562,0.8181000351905823
game8/Clip8,274,84,player_top,710.685791015625,241.2267608642578,689.7490844726562,163.50775146484375,731.6224365234375,241.2267608642578,0.8299826383590698
game8/Clip8,275,83,player_bottom,537.8463134765625,578.5668334960938,506.37371826171875,453.8106689453125,569.3189086914062,578.5668334960938,0.8482112884521484
game8/Clip8,275,84,player_top,707.19189453125,241.2803955078125,686.3967895507812,164.24691772460938,727.9869995117188,241.2803955078125,0.858988881111145
game8/Clip8,276,83,player_bottom,540.779541015625,578.44287109375,510.45416259765625,453.754150390625,571.1048583984375,578.44287109375,0.8625727295875549
game8/Clip8,276,84,player_top,705.0855102539062,241.0690155029297,684.4507446289062,165.2521209716797,725.7202758789062,241.0690155029297,0.8469845652580261
game8/Clip8,277,83,player_bottom,543.4876098632812,576.8944702148438,514.5167236328125,453.2845153808594,572.45849609375,576.8944702148438,0.8235165476799011
game8/Clip8,277,84,player_top,702.4510498046875,240.69827270507812,681.6072998046875,165.75924682617188,723.2947998046875,240.69827270507812,0.8517668843269348
game8/Clip8,278,83,player_bottom,546.4886474609375,576.5213623046875,518.6953125,453.4944152832031,574.281982421875,576.5213623046875,0.8409749269485474
game8/Clip8,278,84,player_top,700.3118286132812,240.7938690185547,678.94921875,165.86207580566406,721.6744384765625,240.7938690185547,0.8718445301055908
game8/Clip8,279,83,player_bottom,552.39501953125,576.1550903320312,525.330810546875,454.0210266113281,579.4592895507812,576.1550903320312,0.8552073836326599
game8/Clip8,279,84,player_top,699.11474609375,240.76632690429688,677.174560546875,165.712890625,721.054931640625,240.76632690429688,0.8904854655265808
game8/Clip8,280,83,player_bottom,559.58544921875,576.441650390625,532.71240234375,454.8468933105469,586.45849609375,576.441650390625,0.8552058935165405
game8/Clip8,280,84,player_top,698.9698486328125,240.6039276123047,676.4561767578125,165.0031280517578,721.4834594726562,240.6039276123047,0.8839964270591736
game8/Clip8,281,83,player_bottom,566.2970581054688,576.4192504882812,539.0287475585938,454.2052917480469,593.5653686523438,576.4192504882812,0.885640025138855
game8/Clip8,281,84,player_top,698.2821044921875,240.2686004638672,675.203369140625,164.0519561767578,721.3609008789062,240.2686004638672,0.8404979109764099
game8/Clip8,282,83,player_bottom,565.714111328125,576.3536987304688,537.176513671875,452.77362060546875,594.2516479492188,576.3536987304688,0.8360099196434021
game8/Clip8,282,84,player_top,693.0123291015625,238.93321228027344,669.6640625,163.90895080566406,716.3605346679688,238.93321228027344,0.826784074306488
game8/Clip8,283,83,player_bottom,570.5496826171875,575.7006225585938,541.3935546875,450.4189453125,599.7058715820312,575.7006225585938,0.8956013321876526
game8/Clip8,283,84,player_top,686.30322265625,236.98794555664062,663.2816162109375,164.8802032470703,709.3248291015625,236.98794555664062,0.8436951041221619
game8/Clip8,284,83,player_bottom,573.98193359375,573.968505859375,544.5933227539062,448.52227783203125,603.3705444335938,573.968505859375,0.8855099081993103
game8/Clip8,284,84,player_top,679.9609375,236.43605041503906,657.2732543945312,166.05789184570312,702.648681640625,236.43605041503906,0.6871892213821411
game8/Clip8,285,83,player_bottom,577.6618041992188,570.7886962890625,548.8551635742188,446.94195556640625,606.4684448242188,570.7886962890625,0.8820488452911377
game8/Clip8,285,84,player_top,672.325439453125,235.99424743652344,650.53076171875,168.24009704589844,694.1201782226562,235.99424743652344,0.6737852692604065
game8/Clip8,286,83,player_bottom,580.7855224609375,566.3460693359375,552.8740234375,444.6349792480469,608.6969604492188,566.3460693359375,0.8721466064453125
game8/Clip8,286,84,player_top,665.249755859375,235.53326416015625,642.5897216796875,166.47622680664062,687.9097290039062,235.53326416015625,0.6477882266044617
game8/Clip8,287,83,player_bottom,582.5667114257812,561.570068359375,555.413818359375,441.1691589355469,609.7196044921875,561.570068359375,0.8047491908073425
game8/Clip8,287,84,player_top,658.6874389648438,235.3499298095703,634.7033081054688,164.86769104003906,682.6715698242188,235.3499298095703,0.7548138499259949
game8/Clip8,288,83,player_bottom,583.6715087890625,558.2269897460938,556.876220703125,437.9042053222656,610.466796875,558.2269897460938,0.8198107481002808
game8/Clip8,288,84,player_top,652.9111328125,235.48814392089844,627.68603515625,164.3973388671875,678.1361694335938,235.48814392089844,0.8089690208435059
game8/Clip8,289,83,player_bottom,585.8460693359375,556.390380859375,558.9632568359375,433.0909118652344,612.7288208007812,556.390380859375,0.7610318660736084
game8/Clip8,289,84,player_top,646.8321533203125,234.45094299316406,620.659912109375,164.35842895507812,673.0043334960938,234.45094299316406,0.8333622217178345
game8/Clip8,290,83,player_bottom,588.1376953125,554.6646728515625,561.42041015625,428.8562316894531,614.8549194335938,554.6646728515625,0.8320147395133972
game8/Clip8,290,84,player_top,642.25830078125,233.68740844726562,615.3491821289062,164.78599548339844,669.16748046875,233.68740844726562,0.7913543581962585
game8/Clip8,291,83,player_bottom,589.42529296875,553.4205932617188,562.8601684570312,425.61102294921875,615.9903564453125,553.4205932617188,0.8148287534713745
game8/Clip8,291,84,player_top,636.2703857421875,234.6538848876953,608.0,165.16493225097656,664.540771484375,234.6538848876953,0.8736428618431091
game8/Clip8,292,83,player_bottom,589.1834106445312,550.3910522460938,563.0026245117188,422.91290283203125,615.3641967773438,550.3910522460938,0.7675013542175293
game8/Clip8,292,84,player_top,630.7579345703125,234.89761352539062,602.042236328125,166.1695098876953,659.4736938476562,234.89761352539062,0.8105160593986511
game8/Clip8,293,83,player_bottom,589.6632080078125,546.814208984375,564.257080078125,421.77685546875,615.0692749023438,546.814208984375,0.7170191407203674
game8/Clip8,293,84,player_top,622.3558349609375,235.0737762451172,592.6773071289062,164.78643798828125,652.0343017578125,235.0737762451172,0.7481938600540161
game8/Clip8,294,83,player_bottom,592.7625122070312,544.4431762695312,568.240478515625,421.6252746582031,617.2845458984375,544.4431762695312,0.7875015139579773
game8/Clip8,294,84,player_top,615.0654296875,235.25477600097656,585.0457763671875,163.47100830078125,645.0851440429688,235.25477600097656,0.836598813533783
game8/Clip8,295,83,player_bottom,595.0606079101562,542.8116455078125,571.2808837890625,422.53387451171875,618.84033203125,542.8116455078125,0.8325650095939636
game8/Clip8,295,84,player_top,607.4953002929688,235.2473907470703,577.7434692382812,162.58349609375,637.2471313476562,235.2473907470703,0.8572931885719299
game8/Clip8,296,83,player_bottom,596.8358154296875,539.674072265625,573.7933959960938,422.8228454589844,619.878173828125,539.674072265625,0.832295298576355
game8/Clip8,296,84,player_top,598.8521728515625,235.30223083496094,569.601318359375,161.57513427734375,628.10302734375,235.30223083496094,0.8427435159683228
game8/Clip8,297,83,player_bottom,597.4138793945312,537.5672607421875,574.605712890625,421.9012451171875,620.2220458984375,537.5672607421875,0.5882112979888916
game8/Clip8,297,84,player_top,593.5245361328125,235.44256591796875,564.6206665039062,160.11654663085938,622.4284057617188,235.44256591796875,0.825650691986084
game8/Clip8,298,83,player_bottom,597.611572265625,536.677001953125,574.6293334960938,419.2335510253906,620.5938720703125,536.677001953125,0.8021141886711121
game8/Clip8,298,84,player_top,589.4307861328125,235.1047821044922,561.0297241210938,158.5203857421875,617.8319091796875,235.1047821044922,0.8317896127700806
game8/Clip8,299,83,player_bottom,597.4592895507812,535.1256103515625,574.4432983398438,416.3816833496094,620.4752807617188,535.1256103515625,0.8388145565986633
game8/Clip8,299,84,player_top,585.8802490234375,234.71926879882812,556.907958984375,153.9571075439453,614.8525390625,234.71926879882812,0.8333425521850586
game8/Clip8,300,83,player_bottom,596.7844848632812,534.9343872070312,573.5277709960938,412.91558837890625,620.0411987304688,534.9343872070312,0.8537571430206299
game8/Clip8,300,84,player_top,581.6886596679688,234.6287841796875,552.7880249023438,152.08604431152344,610.5892944335938,234.6287841796875,0.831683874130249
game8/Clip8,301,83,player_bottom,595.52490234375,533.3555297851562,572.4049682617188,409.8295593261719,618.6448974609375,533.3555297851562,0.8406265377998352
game8/Clip8,301,84,player_top,577.0160522460938,233.76914978027344,548.7931518554688,151.67430114746094,605.2389526367188,233.76914978027344,0.8595380187034607
game8/Clip8,302,83,player_bottom,595.4569091796875,532.295654296875,572.6441650390625,408.11553955078125,618.2696533203125,532.295654296875,0.7956771850585938
game8/Clip8,302,84,player_top,572.745361328125,233.5304412841797,544.9719848632812,151.52113342285156,600.5187377929688,233.5304412841797,0.8741113543510437
game8/Clip8,303,83,player_bottom,596.2093505859375,530.3515014648438,573.954833984375,407.0697326660156,618.4638061523438,530.3515014648438,0.8024755716323853
game8/Clip8,303,84,player_top,569.51025390625,232.2728271484375,542.6903686523438,151.6471405029297,596.330078125,232.2728271484375,0.8651012182235718
game8/Clip8,304,83,player_bottom,597.06103515625,528.2636108398438,575.39892578125,406.559326171875,618.7230834960938,528.2636108398438,0.8327325582504272
game8/Clip8,304,84,player_top,565.6815795898438,231.7234344482422,539.79248046875,151.37744140625,591.5706787109375,231.7234344482422,0.8302680253982544
game8/Clip8,305,83,player_bottom,597.6488037109375,526.4635620117188,576.5560913085938,406.74578857421875,618.7415771484375,526.4635620117188,0.8441210389137268
game8/Clip8,305,84,player_top,562.63671875,231.20343017578125,537.6224365234375,150.20205688476562,587.6509399414062,231.20343017578125,0.8155712485313416
game8/Clip8,306,83,player_bottom,597.74951171875,524.44482421875,576.9860229492188,406.256103515625,618.512939453125,524.44482421875,0.8381395936012268
game8/Clip8,306,84,player_top,559.2008056640625,231.18731689453125,535.05712890625,148.90676879882812,583.3444213867188,231.18731689453125,0.792155385017395
game8/Clip8,307,83,player_bottom,597.5654907226562,522.2453002929688,576.9931030273438,405.11865234375,618.1378784179688,522.2453002929688,0.8065639734268188
game8/Clip8,307,84,player_top,555.550537109375,231.41131591796875,532.2243041992188,147.6323699951172,578.8767700195312,231.41131591796875,0.7533329129219055
game8/Clip8,308,83,player_bottom,597.2376708984375,520.15869140625,576.5446166992188,402.6826477050781,617.9306640625,520.15869140625,0.818219006061554
game8/Clip8,308,84,player_top,551.8782958984375,231.43878173828125,529.3236694335938,146.58901977539062,574.432861328125,231.43878173828125,0.7676822543144226
game8/Clip8,309,83,player_bottom,596.9559936523438,518.6739501953125,576.119384765625,400.59735107421875,617.7926025390625,518.6739501953125,0.8295127749443054
game8/Clip8,309,84,player_top,547.3841552734375,231.26795959472656,525.432861328125,145.8324432373047,569.3355102539062,231.26795959472656,0.8060513138771057
game8/Clip8,310,83,player_bottom,598.654052734375,517.803466796875,577.8023071289062,398.3802185058594,619.5057373046875,517.803466796875,0.807952880859375
game8/Clip8,310,84,player_top,544.1295166015625,231.03961181640625,522.617919921875,145.22413635253906,565.6411743164062,231.03961181640625,0.8010647892951965
game8/Clip8,311,83,player_bottom,599.6697387695312,517.1570434570312,578.9171142578125,396.9688720703125,620.42236328125,517.1570434570312,0.7937496304512024
game8/Clip8,311,84,player_top,541.5654296875,230.7898406982422,520.4417724609375,145.00735473632812,562.6890258789062,230.7898406982422,0.8405072689056396
game8/Clip8,312,83,player_bottom,600.4298706054688,516.7138671875,579.8346557617188,396.08203125,621.0250854492188,516.7138671875,0.7620829343795776
game8/Clip8,312,84,player_top,540.2945556640625,230.6632843017578,519.5693969726562,144.84780883789062,561.0196533203125,230.6632843017578,0.8411526083946228
game8/Clip8,313,83,player_bottom,601.10986328125,516.4025268554688,580.7838745117188,395.8529968261719,621.4359130859375,516.4025268554688,0.7308817505836487
game8/Clip8,313,84,player_top,539.60400390625,230.64590454101562,519.3589477539062,144.96798706054688,559.8490600585938,230.64590454101562,0.8287845849990845
game8/Clip8,314,83,player_bottom,601.5435791015625,515.5496215820312,581.5962524414062,396.08135986328125,621.4908447265625,515.5496215820312,0.752930223941803
game8/Clip8,314,84,player_top,538.44970703125,230.75433349609375,518.7133178710938,144.9370880126953,558.18603515625,230.75433349609375,0.8177831768989563
game8/Clip8,315,83,player_bottom,601.5283203125,515.0296630859375,581.8106689453125,396.0865783691406,621.2459106445312,515.0296630859375,0.7934178113937378
game8/Clip8,315,84,player_top,536.6705322265625,230.45030212402344,517.5629272460938,144.5637969970703,555.7781372070312,230.45030212402344,0.8078119158744812
game8/Clip8,316,83,player_bottom,602.0880737304688,513.878173828125,582.575439453125,395.2469787597656,621.6007080078125,513.878173828125,0.7888666987419128
game8/Clip8,316,84,player_top,534.5546875,230.2549285888672,516.04052734375,143.85360717773438,553.06884765625,230.2549285888672,0.7872852683067322
game8/Clip8,317,83,player_bottom,601.140869140625,511.6729736328125,581.7780151367188,394.5584716796875,620.503662109375,511.6729736328125,0.8406144976615906
game8/Clip8,317,84,player_top,532.1994018554688,230.24801635742188,513.9999389648438,141.73193359375,550.3988647460938,230.24801635742188,0.7533454895019531
game8/Clip8,318,83,player_bottom,601.3974609375,509.05767822265625,582.1968383789062,393.6184387207031,620.5980834960938,509.05767822265625,0.860105574131012
game8/Clip8,318,84,player_top,530.7821044921875,230.2718963623047,513.3743896484375,142.45574951171875,548.1898803710938,230.2718963623047,0.7659053802490234
game8/Clip9,0,102,player_bottom,551.9973754882812,610.9156494140625,522.9434814453125,482.5896911621094,581.05126953125,610.9156494140625,0.8542083501815796
game8/Clip9,0,101,player_top,801.9149780273438,232.80078125,776.7398681640625,162.64820861816406,827.090087890625,232.80078125,0.8735512495040894
game8/Clip9,1,102,player_bottom,551.9973754882812,610.9156494140625,522.9434814453125,482.5896911621094,581.05126953125,610.9156494140625,0.8542083501815796
game8/Clip9,1,101,player_top,801.9149780273438,232.80078125,776.7398681640625,162.64820861816406,827.090087890625,232.80078125,0.8735512495040894
game8/Clip9,2,102,player_bottom,554.0172119140625,608.24658203125,524.4630737304688,477.34564208984375,583.5714111328125,608.24658203125,0.806917667388916
game8/Clip9,2,101,player_top,801.9512329101562,232.78057861328125,776.924560546875,163.06715393066406,826.9779052734375,232.78057861328125,0.8714451789855957
game8/Clip9,3,102,player_bottom,556.9180297851562,603.1782836914062,526.5391235351562,467.7657775878906,587.2969360351562,603.1782836914062,0.8178610801696777
game8/Clip9,3,101,player_top,801.952392578125,232.79656982421875,776.8158569335938,162.8018035888672,827.0888671875,232.79656982421875,0.8754348754882812
game8/Clip9,4,102,player_bottom,561.5834350585938,598.7713623046875,530.304443359375,457.5671691894531,592.8624267578125,598.7713623046875,0.8197731971740723
game8/Clip9,4,101,player_top,801.9390869140625,232.8229217529297,776.497314453125,161.9737548828125,827.3807983398438,232.8229217529297,0.8727576732635498
game8/Clip9,5,102,player_bottom,566.2559814453125,596.5503540039062,534.4351806640625,451.0059814453125,598.0767211914062,596.5503540039062,0.837818443775177
game8/Clip9,5,101,player_top,801.9586181640625,232.79574584960938,776.3204345703125,161.36428833007812,827.5968627929688,232.79574584960938,0.8736269474029541
game8/Clip9,6,102,player_bottom,570.2559814453125,595.3661499023438,538.5679321289062,448.27264404296875,601.944091796875,595.3661499023438,0.8493077158927917
game8/Clip9,6,101,player_top,801.96923828125,232.756591796875,776.0946655273438,160.58193969726562,827.8438720703125,232.756591796875,0.8659278750419617
game8/Clip9,7,102,player_bottom,572.06103515625,594.314697265625,543.77294921875,461.3843994140625,600.3491821289062,594.314697265625,0.8672587275505066
game8/Clip9,7,101,player_top,801.68310546875,232.69778442382812,775.7305297851562,160.27880859375,827.6356201171875,232.69778442382812,0.8654541373252869
game8/Clip9,8,102,player_bottom,572.88916015625,592.5076293945312,546.8175048828125,468.6402893066406,598.9608764648438,592.5076293945312,0.8644501566886902
game8/Clip9,8,101,player_top,800.1031494140625,232.617919921875,773.9140625,159.61642456054688,826.2922973632812,232.617919921875,0.8598805665969849
game8/Clip9,9,102,player_bottom,573.727294921875,590.0567016601562,549.3648681640625,473.376953125,598.0897216796875,590.0567016601562,0.822449803352356
game8/Clip9,9,101,player_top,797.788818359375,232.91390991210938,771.454833984375,159.79541015625,824.1228637695312,232.91390991210938,0.860302209854126
game8/Clip9,10,102,player_bottom,574.120361328125,590.0191650390625,550.879638671875,478.65521240234375,597.361083984375,590.0191650390625,0.8659741282463074
game8/Clip9,10,101,player_top,795.5348510742188,233.57705688476562,769.37060546875,161.39572143554688,821.6990966796875,233.57705688476562,0.8826411962509155
game8/Clip9,11,102,player_bottom,572.3673095703125,590.3750610351562,549.8662719726562,482.7819519042969,594.868408203125,590.3750610351562,0.8699014782905579
game8/Clip9,11,101,player_top,794.2435302734375,234.1177520751953,768.1841430664062,162.68832397460938,820.3028564453125,234.1177520751953,0.8832966089248657
game8/Clip9,12,102,player_bottom,571.01416015625,590.66943359375,549.2279663085938,486.7203674316406,592.8003540039062,590.66943359375,0.8705686330795288
game8/Clip9,12,101,player_top,793.7846069335938,234.27069091796875,768.1273803710938,164.5741729736328,819.4418334960938,234.27069091796875,0.8791972994804382
game8/Clip9,13,102,player_bottom,569.8170166015625,590.7060546875,548.3717651367188,488.3149108886719,591.2622680664062,590.7060546875,0.8673064708709717
game8/Clip9,13,101,player_top,793.7911376953125,234.26797485351562,768.2793579101562,165.73574829101562,819.3029174804688,234.26797485351562,0.8886407613754272
game8/Clip9,14,102,player_bottom,568.339111328125,590.7379150390625,546.9376220703125,488.7794189453125,589.7406005859375,590.7379150390625,0.8432055115699768
game8/Clip9,14,101,player_top,793.9213256835938,234.51377868652344,767.9530029296875,165.43421936035156,819.8896484375,234.51377868652344,0.8842711448669434
game8/Clip9,15,102,player_bottom,566.4337158203125,590.3274536132812,544.7221069335938,487.4806213378906,588.1453857421875,590.3274536132812,0.826493501663208
game8/Clip9,15,101,player_top,794.64794921875,234.95993041992188,767.8809814453125,164.56239318847656,821.4148559570312,234.95993041992188,0.8909388780593872
game8/Clip9,16,102,player_bottom,565.5469360351562,590.741455078125,543.283447265625,485.3489074707031,587.8104248046875,590.741455078125,0.8013598918914795
game8/Clip9,16,101,player_top,796.0452270507812,234.27813720703125,768.7213745117188,163.47097778320312,823.3690795898438,234.27813720703125,0.8582087755203247
game8/Clip9,17,102,player_bottom,563.5482177734375,589.79345703125,540.8564453125,483.17510986328125,586.2400512695312,589.79345703125,0.8117464184761047
game8/Clip9,17,101,player_top,797.21484375,235.14747619628906,768.8516235351562,162.60594177246094,825.5780029296875,235.14747619628906,0.8815454244613647
game8/Clip9,18,102,player_bottom,563.914794921875,590.4515380859375,540.9411010742188,482.2185974121094,586.8885498046875,590.4515380859375,0.7979363799095154
game8/Clip9,18,101,player_top,798.157958984375,235.3544158935547,769.4992065429688,163.29034423828125,826.8167114257812,235.3544158935547,0.8602136969566345
game8/Clip9,19,102,player_bottom,564.5825805664062,592.0516357421875,541.2437133789062,481.7677307128906,587.9214477539062,592.0516357421875,0.8225634098052979
game8/Clip9,19,101,player_top,799.921142578125,235.4805908203125,770.7228393554688,163.0562744140625,829.119384765625,235.4805908203125,0.848395586013794
game8/Clip9,20,102,player_bottom,566.321044921875,593.5025634765625,542.8818359375,481.81182861328125,589.7601928710938,593.5025634765625,0.8661227226257324
game8/Clip9,20,101,player_top,802.5045166015625,235.9052734375,773.1041259765625,163.53379821777344,831.9049072265625,235.9052734375,0.840542733669281
game8/Clip9,21,102,player_bottom,566.75439453125,594.7685546875,543.1818237304688,483.325927734375,590.326904296875,594.7685546875,0.8446078300476074
game8/Clip9,21,101,player_top,805.144287109375,236.11444091796875,775.2024536132812,162.30758666992188,835.0861206054688,236.11444091796875,0.8717586398124695
game8/Clip9,22,102,player_bottom,565.3817749023438,596.5542602539062,541.4061279296875,485.1105651855469,589.357421875,596.5542602539062,0.8981870412826538
game8/Clip9,22,101,player_top,807.4390869140625,236.4457550048828,777.396240234375,161.95384216308594,837.48193359375,236.4457550048828,0.8708792924880981
game8/Clip9,23,102,player_bottom,562.371826171875,598.9723510742188,537.5109252929688,486.6750183105469,587.232666015625,598.9723510742188,0.9004077315330505
game8/Clip9,23,101,player_top,809.9456787109375,236.83169555664062,779.7841186523438,161.28936767578125,840.1072998046875,236.83169555664062,0.8586239218711853
game8/Clip9,24,102,player_bottom,561.0040283203125,600.9249267578125,535.1902465820312,487.1348876953125,586.8178100585938,600.9249267578125,0.9079081416130066
game8/Clip9,24,101,player_top,811.5614624023438,236.84605407714844,781.1708984375,159.90968322753906,841.9520263671875,236.84605407714844,0.8711212873458862
game8/Clip9,25,102,player_bottom,560.3300170898438,602.219482421875,533.5421752929688,486.0357360839844,587.1178588867188,602.219482421875,0.9100640416145325
game8/Clip9,25,101,player_top,814.3396606445312,236.93844604492188,784.1455688476562,159.469970703125,844.5337524414062,236.93844604492188,0.8507494330406189
game8/Clip9,26,102,player_bottom,558.304443359375,603.6555786132812,530.61572265625,483.9661560058594,585.9931030273438,603.6555786132812,0.895255446434021
game8/Clip9,26,101,player_top,818.100341796875,237.37611389160156,787.755615234375,158.6853485107422,848.4450073242188,237.37611389160156,0.8475219011306763
game8/Clip9,27,102,player_bottom,554.6153564453125,604.3169555664062,526.568359375,482.2495422363281,582.6624145507812,604.3169555664062,0.8792464137077332
game8/Clip9,27,101,player_top,821.037353515625,237.77642822265625,790.5081787109375,157.44273376464844,851.5664672851562,237.77642822265625,0.8511849641799927
game8/Clip9,28,102,player_bottom,550.3610229492188,604.1820068359375,522.4251098632812,481.74737548828125,578.2969360351562,604.1820068359375,0.883752703666687
game8/Clip9,28,101,player_top,823.8369750976562,238.1599578857422,793.3441162109375,155.80337524414062,854.329833984375,238.1599578857422,0.8294196724891663
game8/Clip9,29,102,player_bottom,545.658935546875,604.4713745117188,517.8511962890625,481.4015808105469,573.4666137695312,604.4713745117188,0.8924658894538879
game8/Clip9,29,101,player_top,825.9342041015625,239.6636505126953,795.4993286132812,154.36402893066406,856.3690795898438,239.6636505126953,0.8543365001678467
game8/Clip9,30,102,player_bottom,540.9699096679688,607.6887817382812,512.792724609375,482.1049499511719,569.1470947265625,607.6887817382812,0.8818319439888
game8/Clip9,30,101,player_top,828.6090087890625,240.69146728515625,798.7353515625,153.7608642578125,858.4827270507812,240.69146728515625,0.8481031060218811
game8/Clip9,31,102,player_bottom,534.7289428710938,610.458740234375,506.4329833984375,484.34503173828125,563.02490234375,610.458740234375,0.8813141584396362
game8/Clip9,31,101,player_top,831.5498046875,240.94085693359375,802.8213500976562,154.152099609375,860.2782592773438,240.94085693359375,0.8681694269180298
game8/Clip9,32,102,player_bottom,528.1533203125,615.3538208007812,499.2176513671875,487.5028381347656,557.0890502929688,615.3538208007812,0.8795426487922668
game8/Clip9,32,101,player_top,835.6659545898438,241.42503356933594,807.7445678710938,154.63462829589844,863.5873413085938,241.42503356933594,0.8213828206062317
game8/Clip9,33,102,player_bottom,521.9521484375,619.6417846679688,492.1287841796875,491.4604187011719,551.7755737304688,619.6417846679688,0.8926092386245728
game8/Clip9,33,101,player_top,840.434326171875,244.01324462890625,812.6425170898438,155.87509155273438,868.2261962890625,244.01324462890625,0.8362560272216797
game8/Clip9,34,102,player_bottom,515.8114624023438,623.060546875,485.2170715332031,496.0042419433594,546.4058837890625,623.060546875,0.9150122404098511
game8/Clip9,34,101,player_top,843.5733642578125,245.05880737304688,816.4266357421875,157.9230499267578,870.7200927734375,245.05880737304688,0.8523717522621155
game8/Clip9,35,102,player_bottom,512.2044677734375,624.2344360351562,481.0830383300781,500.020263671875,543.325927734375,624.2344360351562,0.9173606634140015
game8/Clip9,35,101,player_top,845.6541748046875,245.34828186035156,819.189453125,160.04193115234375,872.118896484375,245.34828186035156,0.8665128946304321
game8/Clip9,36,102,player_bottom,510.4647521972656,623.9342651367188,478.6832275390625,501.75872802734375,542.2462768554688,623.9342651367188,0.9095237851142883
game8/Clip9,36,101,player_top,846.6130981445312,245.67347717285156,821.039306640625,163.1884307861328,872.1868896484375,245.67347717285156,0.8746885657310486
game8/Clip9,37,102,player_bottom,510.03009033203125,623.0280151367188,477.4416198730469,501.91259765625,542.6185302734375,623.0280151367188,0.9040719866752625
game8/Clip9,37,101,player_top,847.1499633789062,245.77671813964844,822.37646484375,165.93943786621094,871.9234619140625,245.77671813964844,0.8731669783592224
game8/Clip9,38,102,player_bottom,506.80596923828125,621.9393310546875,473.7660827636719,501.31793212890625,539.8458862304688,621.9393310546875,0.8972203135490417
game8/Clip9,38,101,player_top,847.920654296875,246.04234313964844,823.4092407226562,166.70408630371094,872.4320678710938,246.04234313964844,0.8717170357704163
game8/Clip9,39,102,player_bottom,498.06884765625,621.2296752929688,465.1659240722656,500.638427734375,530.9718017578125,621.2296752929688,0.8626675009727478
game8/Clip9,39,101,player_top,847.7213745117188,246.1142578125,822.918701171875,165.50790405273438,872.5240478515625,246.1142578125,0.8608930110931396
game8/Clip9,40,102,player_bottom,486.9757080078125,621.3500366210938,454.7528991699219,501.32122802734375,519.1985473632812,621.3500366210938,0.8461059927940369
game8/Clip9,40,101,player_top,846.900390625,246.179931640625,821.830322265625,164.6610107421875,871.9705200195312,246.179931640625,0.8559000492095947
game8/Clip9,41,102,player_bottom,475.697998046875,622.7698364257812,444.04681396484375,502.9755859375,507.34918212890625,622.7698364257812,0.8038007616996765
game8/Clip9,41,101,player_top,845.1719970703125,246.2276153564453,818.0971069335938,157.83047485351562,872.2468872070312,246.2276153564453,0.833738386631012
game8/Clip9,42,102,player_bottom,464.3259582519531,624.5890502929688,432.3504333496094,505.06622314453125,496.3014831542969,624.5890502929688,0.8739539980888367
game8/Clip9,42,101,player_top,843.6077880859375,246.02561950683594,817.3946533203125,160.8816680908203,869.8209228515625,246.02561950683594,0.7956054210662842
game8/Clip9,43,102,player_bottom,455.96417236328125,625.5492553710938,423.5028381347656,508.2201232910156,488.42547607421875,625.5492553710938,0.9082412719726562
game8/Clip9,43,101,player_top,840.6776123046875,245.69102478027344,815.001708984375,161.86380004882812,866.3534545898438,245.69102478027344,0.8329458236694336
game8/Clip9,44,102,player_bottom,451.46173095703125,626.8700561523438,418.40106201171875,511.6096496582031,484.5224304199219,626.8700561523438,0.8970873355865479
game8/Clip9,44,101,player_top,836.2880249023438,245.45957946777344,811.544677734375,163.2757110595703,861.0313720703125,245.45957946777344,0.7340497374534607
game8/Clip9,45,102,player_bottom,444.5357971191406,629.0469970703125,410.4721374511719,514.8028564453125,478.5994567871094,629.0469970703125,0.8962076902389526
game8/Clip9,45,101,player_top,830.0365600585938,245.28761291503906,806.1239624023438,162.91651916503906,853.9491577148438,245.28761291503906,0.7617926597595215
game8/Clip9,46,102,player_bottom,440.472412109375,629.91552734375,405.9912414550781,518.4381103515625,474.95355224609375,629.91552734375,0.9053412675857544
game8/Clip9,46,101,player_top,825.410888671875,245.21754455566406,802.5247802734375,163.11170959472656,848.2970581054688,245.21754455566406,0.7653279304504395
game8/Clip9,47,102,player_bottom,437.2179260253906,630.0952758789062,402.6903991699219,521.5402221679688,471.7454528808594,630.0952758789062,0.8949028253555298
game8/Clip9,47,101,player_top,821.73095703125,244.6994171142578,800.406005859375,165.17391967773438,843.0558471679688,244.6994171142578,0.727191150188446
game8/Clip9,48,102,player_bottom,432.99945068359375,629.966064453125,398.12078857421875,522.3128051757812,467.87811279296875,629.966064453125,0.8804658055305481
game8/Clip9,48,101,player_top,817.8814697265625,239.72006225585938,798.737548828125,167.12332153320312,837.0253295898438,239.72006225585938,0.7155731916427612
game8/Clip9,49,102,player_bottom,429.5909423828125,630.3594970703125,394.88787841796875,524.8848876953125,464.2940368652344,630.3594970703125,0.8629953265190125
game8/Clip9,49,101,player_top,813.47705078125,244.11318969726562,793.347412109375,167.5646514892578,833.606689453125,244.11318969726562,0.7863970398902893
game8/Clip9,50,102,player_bottom,425.2300720214844,630.1400146484375,390.30596923828125,525.3810424804688,460.1541748046875,630.1400146484375,0.8766310811042786
game8/Clip9,50,101,player_top,807.2916870117188,244.81170654296875,786.599365234375,166.61695861816406,827.9840087890625,244.81170654296875,0.7831881046295166
game8/Clip9,51,102,player_bottom,421.2874755859375,630.134765625,385.8464050292969,525.0947265625,456.7285461425781,630.134765625,0.7822202444076538
game8/Clip9,51,101,player_top,801.3385009765625,245.4800567626953,779.9656372070312,166.68946838378906,822.71142578125,245.4800567626953,0.8173611760139465
game8/Clip9,52,102,player_bottom,423.4876708984375,629.975830078125,388.19580078125,524.0802612304688,458.779541015625,629.975830078125,0.8881344199180603
game8/Clip9,52,101,player_top,798.1239013671875,245.92453002929688,776.3222045898438,167.0073699951172,819.9256591796875,245.92453002929688,0.8051197528839111
game8/Clip9,53,102,player_bottom,423.52203369140625,629.6815795898438,388.3450012207031,522.6024169921875,458.6990661621094,629.6815795898438,0.8732567429542542
game8/Clip9,53,101,player_top,798.4282836914062,246.34994506835938,776.0453491210938,167.27548217773438,820.8112182617188,246.34994506835938,0.6903266906738281
game8/Clip9,54,102,player_bottom,423.2967834472656,629.7831420898438,387.8062744140625,519.61572265625,458.78729248046875,629.7831420898438,0.8869669437408447
game8/Clip9,54,101,player_top,796.1324462890625,245.78219604492188,773.8065185546875,167.37765502929688,818.4583740234375,245.78219604492188,0.8389787673950195
game8/Clip9,55,102,player_bottom,421.70562744140625,629.7581787109375,386.3143005371094,517.0585327148438,457.09698486328125,629.7581787109375,0.887828528881073
game8/Clip9,55,101,player_top,788.9266357421875,243.84364318847656,767.9019775390625,168.2763671875,809.9512939453125,243.84364318847656,0.8077122569084167
game8/Clip9,56,102,player_bottom,421.60565185546875,629.7628784179688,386.1706848144531,514.1724243164062,457.0406494140625,629.7628784179688,0.8398309946060181
game8/Clip9,56,101,player_top,782.692138671875,244.84828186035156,762.2764282226562,169.51718139648438,803.10791015625,244.84828186035156,0.821590781211853
game8/Clip9,57,102,player_bottom,428.1964111328125,629.46044921875,391.79364013671875,511.05169677734375,464.5991516113281,629.46044921875,0.8501107692718506
game8/Clip9,57,101,player_top,776.88916015625,246.2112579345703,757.0709228515625,171.34178161621094,796.7073974609375,246.2112579345703,0.7963928580284119
game8/Clip9,58,102,player_bottom,433.25628662109375,629.321533203125,395.5562744140625,507.79913330078125,470.9562683105469,629.321533203125,0.8558513522148132
game8/Clip9,58,101,player_top,769.567626953125,247.55715942382812,749.9222412109375,173.0059814453125,789.2130737304688,247.55715942382812,0.8378049731254578
game8/Clip9,59,102,player_bottom,437.85125732421875,629.0057373046875,398.6670227050781,504.6412353515625,477.0354919433594,629.0057373046875,0.8552253842353821
game8/Clip9,59,101,player_top,763.5325927734375,248.298583984375,743.5223999023438,174.19003295898438,783.542724609375,248.298583984375,0.8505008220672607
game8/Clip9,60,102,player_bottom,441.8724365234375,628.2875366210938,401.767333984375,502.123046875,481.9775695800781,628.2875366210938,0.7357656955718994
game8/Clip9,60,101,player_top,760.9737548828125,248.22999572753906,740.7633666992188,175.2509307861328,781.18408203125,248.22999572753906,0.8744614124298096
game8/Clip9,61,102,player_bottom,447.11700439453125,628.156005859375,406.5885314941406,500.8179931640625,487.6454772949219,628.156005859375,0.6472164988517761
game8/Clip9,61,101,player_top,759.85302734375,248.4497528076172,739.2556762695312,175.47039794921875,780.450439453125,248.4497528076172,0.8768255114555359
game8/Clip9,62,102,player_bottom,452.85107421875,629.322021484375,412.0014953613281,501.5564270019531,493.7006530761719,629.322021484375,0.4990038573741913
game8/Clip9,62,101,player_top,758.9434204101562,248.24771118164062,737.9078979492188,174.56842041015625,779.9789428710938,248.24771118164062,0.8713383674621582
game8/Clip9,63,102,player_bottom,454.2359313964844,630.3199462890625,413.4400939941406,503.38494873046875,495.0317687988281,630.3199462890625,0.7094051241874695
game8/Clip9,63,101,player_top,756.3379516601562,247.83929443359375,735.3079833984375,174.08815002441406,777.367919921875,247.83929443359375,0.827130913734436
game8/Clip9,64,102,player_bottom,456.1103820800781,630.7980346679688,415.1640930175781,505.34149169921875,497.0566711425781,630.7980346679688,0.7712270617485046
game8/Clip9,64,101,player_top,752.796875,246.98199462890625,731.90087890625,173.37574768066406,773.69287109375,246.98199462890625,0.8276770710945129
game8/Clip9,65,102,player_bottom,458.6895446777344,630.895751953125,417.5367431640625,506.980712890625,499.84234619140625,630.895751953125,0.86993008852005
game8/Clip9,65,101,player_top,748.2152099609375,245.72547912597656,727.4315185546875,172.6643829345703,768.9988403320312,245.72547912597656,0.8214076161384583
game8/Clip9,66,102,player_bottom,462.14483642578125,630.9612426757812,420.3783874511719,508.05218505859375,503.9112548828125,630.9612426757812,0.887126624584198
game8/Clip9,66,101,player_top,742.3023681640625,246.8902130126953,721.1137084960938,172.24517822265625,763.4910888671875,246.8902130126953,0.8643409609794617
game8/Clip9,67,102,player_bottom,470.09521484375,630.67236328125,426.5611267089844,507.94970703125,513.6293334960938,630.67236328125,0.9024604558944702
game8/Clip9,67,101,player_top,738.9134521484375,247.7659149169922,717.2802124023438,172.111328125,760.546630859375,247.7659149169922,0.8580767512321472
game8/Clip9,68,102,player_bottom,471.9677734375,630.3802490234375,426.8982849121094,507.1329040527344,517.0372314453125,630.3802490234375,0.8751444816589355
game8/Clip9,68,101,player_top,735.6712646484375,247.56919860839844,714.199951171875,172.38377380371094,757.1426391601562,247.56919860839844,0.8261977434158325
game8/Clip9,69,102,player_bottom,474.72137451171875,630.433349609375,428.6401672363281,506.75103759765625,520.8026123046875,630.433349609375,0.8972334861755371
game8/Clip9,69,101,player_top,733.0845947265625,247.680419921875,711.869384765625,172.6141357421875,754.2997436523438,247.680419921875,0.8348817825317383
game8/Clip9,70,102,player_bottom,481.10650634765625,631.4305419921875,433.9371032714844,505.7532958984375,528.2759399414062,631.4305419921875,0.8754547834396362
game8/Clip9,70,101,player_top,730.8841552734375,247.6598358154297,710.1239624023438,172.70628356933594,751.6443481445312,247.6598358154297,0.8167701959609985
game8/Clip9,71,102,player_bottom,489.267578125,632.08935546875,441.7246398925781,504.20880126953125,536.8104858398438,632.08935546875,0.8599843382835388
game8/Clip9,71,101,player_top,730.5751953125,247.75192260742188,709.9874267578125,172.10025024414062,751.1629638671875,247.75192260742188,0.7957021594047546
game8/Clip9,72,102,player_bottom,498.17388916015625,632.76123046875,450.98583984375,502.7481384277344,545.3619384765625,632.76123046875,0.8634063005447388
game8/Clip9,72,101,player_top,728.4031372070312,247.55474853515625,709.6483764648438,176.97962951660156,747.1578979492188,247.55474853515625,0.6904485821723938
game8/Clip9,73,102,player_bottom,504.227294921875,629.2648315429688,459.0848693847656,501.86090087890625,549.3696899414062,629.2648315429688,0.7502930760383606
game8/Clip9,73,101,player_top,728.7650146484375,247.6935577392578,708.7199096679688,171.33192443847656,748.81005859375,247.6935577392578,0.6244282722473145
game8/Clip9,74,102,player_bottom,508.4075927734375,631.92333984375,463.6875,501.9388122558594,553.127685546875,631.92333984375,0.8442214131355286
game8/Clip9,74,101,player_top,726.9544677734375,247.92343139648438,706.3777465820312,168.95382690429688,747.5311279296875,247.92343139648438,0.7648562788963318
game8/Clip9,75,102,player_bottom,510.28338623046875,636.0194091796875,466.2582702636719,502.99835205078125,554.3084716796875,636.0194091796875,0.846847414970398
game8/Clip9,75,101,player_top,725.0242309570312,246.94967651367188,704.4506225585938,167.74624633789062,745.5978393554688,246.94967651367188,0.7368309497833252
game8/Clip9,76,102,player_bottom,511.5638427734375,638.5380859375,469.3553161621094,505.2331237792969,553.7723388671875,638.5380859375,0.7707136273384094
game8/Clip9,76,101,player_top,724.3809204101562,245.7598419189453,703.795654296875,166.4082489013672,744.9661865234375,245.7598419189453,0.7159718871116638
game8/Clip9,77,102,player_bottom,517.8333740234375,640.6448974609375,477.22576904296875,507.89605712890625,558.44091796875,640.6448974609375,0.8659194707870483
game8/Clip9,77,101,player_top,724.4178466796875,242.90972900390625,704.3663940429688,165.77908325195312,744.4692993164062,242.90972900390625,0.7365871667861938
game8/Clip9,78,102,player_bottom,526.7294311523438,641.9440307617188,487.3515930175781,510.5291442871094,566.1072387695312,641.9440307617188,0.8882800936698914
game8/Clip9,78,101,player_top,725.2166748046875,240.7906036376953,705.2518920898438,164.3666229248047,745.1815185546875,240.7906036376953,0.7715205550193787
game8/Clip9,79,102,player_bottom,536.9290161132812,642.1475219726562,498.3707580566406,512.2420043945312,575.4873046875,642.1475219726562,0.900791585445404
game8/Clip9,79,101,player_top,726.7957763671875,239.5164031982422,706.95654296875,163.57643127441406,746.635009765625,239.5164031982422,0.7453179955482483
game8/Clip9,80,102,player_bottom,544.9180297851562,642.3438110351562,506.4670715332031,513.1705322265625,583.3689575195312,642.3438110351562,0.9064708352088928
game8/Clip9,80,101,player_top,728.0999755859375,237.76644897460938,708.6122436523438,163.17913818359375,747.5877075195312,237.76644897460938,0.7779054641723633
game8/Clip9,81,102,player_bottom,550.65673828125,642.3438720703125,511.81671142578125,513.7021484375,589.4967041015625,642.3438720703125,0.9137499332427979
game8/Clip9,81,101,player_top,729.57080078125,236.6468963623047,710.3721313476562,163.13502502441406,748.7694091796875,236.6468963623047,0.796569287776947
game8/Clip9,82,102,player_bottom,554.3900146484375,642.6907958984375,514.9957275390625,514.6268920898438,593.7843017578125,642.6907958984375,0.9132348299026489
game8/Clip9,82,101,player_top,730.826904296875,236.04635620117188,711.8074340820312,163.27081298828125,749.8463134765625,236.04635620117188,0.8058131337165833
game8/Clip9,83,102,player_bottom,556.150146484375,643.5680541992188,516.2229614257812,515.697998046875,596.077392578125,643.5680541992188,0.9154607653617859
game8/Clip9,83,101,player_top,732.580810546875,235.80889892578125,713.8279418945312,163.40696716308594,751.3336181640625,235.80889892578125,0.7850331664085388
game8/Clip9,84,102,player_bottom,559.4288940429688,644.4246826171875,519.1209106445312,515.4952392578125,599.7368774414062,644.4246826171875,0.9160709381103516
game8/Clip9,84,101,player_top,734.0081787109375,236.02944946289062,715.396484375,163.37730407714844,752.6198120117188,236.02944946289062,0.7659604549407959
game8/Clip9,85,102,player_bottom,564.457763671875,644.7119140625,524.1636352539062,513.87158203125,604.7518920898438,644.7119140625,0.8986969590187073
game8/Clip9,85,101,player_top,734.4020385742188,236.389892578125,715.8814086914062,163.25302124023438,752.9226684570312,236.389892578125,0.7655633687973022
game8/Clip9,86,102,player_bottom,569.9219360351562,644.5419311523438,530.3707275390625,512.4017944335938,609.47314453125,644.5419311523438,0.8879730105400085
game8/Clip9,86,101,player_top,734.6279296875,235.11932373046875,716.5233154296875,163.2534637451172,752.7325439453125,235.11932373046875,0.7671225070953369
game8/Clip9,87,102,player_bottom,572.9341430664062,643.9063720703125,534.3275146484375,510.8577575683594,611.540771484375,643.9063720703125,0.8752328753471375
game8/Clip9,87,101,player_top,734.939208984375,233.64552307128906,717.1029663085938,162.7109375,752.7755126953125,233.64552307128906,0.7678486704826355
game8/Clip9,88,102,player_bottom,575.5771484375,643.9852905273438,537.72900390625,510.236083984375,613.4253540039062,643.9852905273438,0.8816168308258057
game8/Clip9,88,101,player_top,735.11181640625,232.01895141601562,717.4871215820312,162.0087432861328,752.7365112304688,232.01895141601562,0.7505572438240051
game8/Clip9,89,102,player_bottom,578.80859375,645.0642700195312,541.2965087890625,510.6026611328125,616.3207397460938,645.0642700195312,0.896178662776947
game8/Clip9,89,101,player_top,734.9356689453125,231.09271240234375,717.217529296875,160.9578857421875,752.6538696289062,231.09271240234375,0.7091543078422546
game8/Clip9,90,102,player_bottom,582.7342529296875,646.0828857421875,545.431884765625,511.57391357421875,620.0365600585938,646.0828857421875,0.8913560509681702
game8/Clip9,90,101,player_top,734.9893798828125,230.35836791992188,717.0684814453125,159.93275451660156,752.9102172851562,230.35836791992188,0.7685447931289673
game8/Clip9,91,102,player_bottom,587.3788452148438,647.8611450195312,550.0156860351562,513.5338134765625,624.7420043945312,647.8611450195312,0.896316647529602
game8/Clip9,91,101,player_top,734.5067138671875,230.38458251953125,716.0219116210938,158.15882873535156,752.9915161132812,230.38458251953125,0.763581395149231
game8/Clip9,92,102,player_bottom,592.118896484375,649.188232421875,554.6258544921875,515.6094360351562,629.6119995117188,649.188232421875,0.8899884819984436
game8/Clip9,92,101,player_top,735.407958984375,230.3245849609375,716.1910400390625,156.43800354003906,754.6248779296875,230.3245849609375,0.7942054867744446
game8/Clip9,93,102,player_bottom,596.3563842773438,649.4072875976562,558.8984985351562,516.630615234375,633.8142700195312,649.4072875976562,0.8959921002388
game8/Clip9,93,101,player_top,734.226806640625,230.36224365234375,714.7284545898438,155.5842742919922,753.7252197265625,230.36224365234375,0.7723536491394043
game8/Clip9,94,102,player_bottom,598.2083740234375,649.8679809570312,560.5302734375,516.967529296875,635.8865356445312,649.8679809570312,0.9018877744674683
game8/Clip9,94,101,player_top,733.15185546875,231.93016052246094,713.2653198242188,155.70823669433594,753.0384521484375,231.93016052246094,0.7430070638656616
game8/Clip9,95,102,player_bottom,599.6871337890625,651.5149536132812,561.6852416992188,517.096435546875,637.6890869140625,651.5149536132812,0.8919610381126404
game8/Clip9,95,101,player_top,732.832763671875,230.6776580810547,713.2341918945312,156.2781219482422,752.4313354492188,230.6776580810547,0.7973138689994812
game8/Clip9,96,102,player_bottom,602.14794921875,653.6939697265625,564.1636352539062,518.333251953125,640.1322021484375,653.6939697265625,0.8879917860031128
game8/Clip9,96,101,player_top,731.4203491210938,230.646484375,711.7861938476562,156.53054809570312,751.0545043945312,230.646484375,0.7344431281089783
game8/Clip9,97,102,player_bottom,603.2406005859375,657.197509765625,565.0391235351562,520.5872192382812,641.4420166015625,657.197509765625,0.9016684889793396
game8/Clip9,97,101,player_top,729.2320556640625,227.66375732421875,709.9110717773438,155.41294860839844,748.5531005859375,227.66375732421875,0.7385998368263245
game8/Clip9,98,102,player_bottom,603.8449096679688,659.945556640625,565.78515625,523.68505859375,641.9046630859375,659.945556640625,0.9041294455528259
game8/Clip9,98,101,player_top,726.6478271484375,228.98744201660156,706.9273681640625,154.6284637451172,746.3682861328125,228.98744201660156,0.7750948071479797
game8/Clip9,99,102,player_bottom,602.6157836914062,661.8233032226562,565.0057983398438,527.4148559570312,640.2257690429688,661.8233032226562,0.9030212759971619
game8/Clip9,99,101,player_top,724.34765625,230.6100311279297,704.7176513671875,155.7142333984375,743.9776000976562,230.6100311279297,0.7988126277923584
game8/Clip9,100,102,player_bottom,601.7445068359375,663.5333862304688,564.4956665039062,531.2455444335938,638.9933471679688,663.5333862304688,0.9104655385017395
game8/Clip9,100,101,player_top,722.5071411132812,231.28536987304688,703.0769653320312,155.93772888183594,741.9373168945312,231.28536987304688,0.7671561241149902
game8/Clip9,101,102,player_bottom,601.2183837890625,664.4459838867188,563.9808959960938,533.0485229492188,638.4559326171875,664.4459838867188,0.912174642086029
game8/Clip9,101,101,player_top,720.7056884765625,232.340087890625,700.4779052734375,152.05215454101562,740.9334716796875,232.340087890625,0.7881793975830078
game8/Clip9,102,102,player_bottom,600.9070434570312,664.6058959960938,563.2964477539062,532.4314575195312,638.5176391601562,664.6058959960938,0.9142869114875793
game8/Clip9,102,101,player_top,719.0192260742188,233.25607299804688,698.89501953125,151.97219848632812,739.1434326171875,233.25607299804688,0.7957974672317505
game8/Clip9,103,102,player_bottom,601.206298828125,663.9378662109375,562.9215087890625,529.7249755859375,639.4910278320312,663.9378662109375,0.9099317193031311
game8/Clip9,103,101,player_top,717.3175048828125,234.19390869140625,697.843994140625,155.03395080566406,736.7910766601562,234.19390869140625,0.8247109055519104
game8/Clip9,104,102,player_bottom,600.6558837890625,663.0219116210938,561.7813110351562,526.3811645507812,639.5303955078125,663.0219116210938,0.9092386960983276
game8/Clip9,104,101,player_top,715.8875732421875,234.6742706298828,696.5508422851562,155.5435791015625,735.2242431640625,234.6742706298828,0.8276085257530212
game8/Clip9,105,102,player_bottom,598.3851318359375,662.2684936523438,559.2894897460938,523.8885498046875,637.4808349609375,662.2684936523438,0.9067667722702026
game8/Clip9,105,101,player_top,714.3173828125,234.83741760253906,695.0845947265625,155.2015838623047,733.5501098632812,234.83741760253906,0.8209862112998962
game8/Clip9,106,102,player_bottom,595.574951171875,662.1842041015625,556.6630859375,522.4343872070312,634.4867553710938,662.1842041015625,0.9070613980293274
game8/Clip9,106,101,player_top,713.2640991210938,235.15805053710938,694.215576171875,154.8297882080078,732.3126220703125,235.15805053710938,0.8127152919769287
game8/Clip9,107,102,player_bottom,591.8218994140625,661.826416015625,553.2662353515625,521.6936645507812,630.3776245117188,661.826416015625,0.8943964838981628
game8/Clip9,107,101,player_top,713.49072265625,235.04257202148438,694.4033203125,153.6898956298828,732.578125,235.04257202148438,0.8310501575469971
game8/Clip9,108,102,player_bottom,587.744384765625,662.2230834960938,549.2990112304688,522.210693359375,626.1897583007812,662.2230834960938,0.8982781171798706
game8/Clip9,108,101,player_top,711.8153076171875,234.91824340820312,693.0350952148438,153.56741333007812,730.595458984375,234.91824340820312,0.7911829948425293
game8/Clip9,109,102,player_bottom,582.7655029296875,662.3992309570312,544.58837890625,523.5535888671875,620.9426879882812,662.3992309570312,0.8952741026878357
game8/Clip9,109,101,player_top,709.3680419921875,234.75469970703125,691.0132446289062,153.1490936279297,727.722900390625,234.75469970703125,0.7845848202705383
game8/Clip9,110,102,player_bottom,577.9927368164062,664.8468017578125,539.7807006835938,526.8781127929688,616.2047729492188,664.8468017578125,0.9128822088241577
game8/Clip9,110,101,player_top,706.0257568359375,234.72515869140625,687.75146484375,152.39697265625,724.300048828125,234.72515869140625,0.777023196220398
game8/Clip9,111,102,player_bottom,573.7208862304688,667.1597900390625,535.70654296875,531.8836059570312,611.7352294921875,667.1597900390625,0.9122557640075684
game8/Clip9,111,101,player_top,704.923828125,234.72860717773438,686.862060546875,152.1060333251953,722.9856567382812,234.72860717773438,0.8067110776901245
game8/Clip9,112,102,player_bottom,570.853515625,668.7781982421875,533.6007080078125,538.6928100585938,608.1062622070312,668.7781982421875,0.9164860844612122
game8/Clip9,112,101,player_top,703.716552734375,234.83851623535156,685.8472290039062,151.69146728515625,721.5858154296875,234.83851623535156,0.8038123846054077
game8/Clip9,113,102,player_bottom,568.7443237304688,669.7059326171875,532.3018798828125,544.8572998046875,605.186767578125,669.7059326171875,0.9105170369148254
game8/Clip9,113,101,player_top,702.6285400390625,235.0477752685547,684.9902954101562,151.2983856201172,720.266845703125,235.0477752685547,0.775760293006897
game8/Clip9,114,102,player_bottom,567.65087890625,669.9624633789062,531.7402954101562,549.279541015625,603.5615234375,669.9624633789062,0.9115738272666931
game8/Clip9,114,101,player_top,702.0853881835938,235.25975036621094,684.937744140625,152.75820922851562,719.2330322265625,235.25975036621094,0.787337601184845
game8/Clip9,115,102,player_bottom,567.8135986328125,669.8262329101562,531.5570678710938,550.17138671875,604.0701293945312,669.8262329101562,0.9102694392204285
game8/Clip9,115,101,player_top,700.93017578125,235.0370330810547,684.1775512695312,153.87554931640625,717.6827392578125,235.0370330810547,0.8070656657218933
game8/Clip9,116,102,player_bottom,569.9346923828125,669.498291015625,532.5294799804688,548.3455810546875,607.3399047851562,669.498291015625,0.9210944771766663
game8/Clip9,116,101,player_top,700.5692749023438,234.751953125,684.1381225585938,154.669189453125,717.0004272460938,234.751953125,0.8201624155044556
game8/Clip9,117,102,player_bottom,573.4013671875,669.3480834960938,534.8829345703125,546.6620483398438,611.9198608398438,669.3480834960938,0.8975851535797119
game8/Clip9,117,101,player_top,699.561279296875,234.55564880371094,683.1803588867188,154.95291137695312,715.9421997070312,234.55564880371094,0.8230457901954651
game8/Clip9,118,102,player_bottom,579.8737182617188,669.6806640625,540.3834838867188,545.6093139648438,619.3639526367188,669.6806640625,0.8819983601570129
game8/Clip9,118,101,player_top,698.1333618164062,234.46487426757812,681.4287719726562,154.03579711914062,714.8379516601562,234.46487426757812,0.8503059148788452
game8/Clip9,119,102,player_bottom,591.6278076171875,669.6936645507812,551.756103515625,545.6920776367188,631.49951171875,669.6936645507812,0.892447829246521
game8/Clip9,119,101,player_top,697.3782348632812,235.1611785888672,680.4765014648438,154.6015167236328,714.2799682617188,235.1611785888672,0.8489429354667664
game8/Clip9,120,102,player_bottom,606.8917236328125,669.6569213867188,567.2448120117188,546.840087890625,646.5386352539062,669.6569213867188,0.8902994394302368
game8/Clip9,120,101,player_top,697.1319580078125,235.52369689941406,680.0606079101562,155.02748107910156,714.2032470703125,235.52369689941406,0.8558265566825867
game8/Clip9,121,102,player_bottom,619.9288940429688,669.771728515625,580.0306396484375,547.299072265625,659.8271484375,669.771728515625,0.9024161696434021
game8/Clip9,121,101,player_top,696.24462890625,235.63157653808594,679.0339965820312,155.18605041503906,713.4552612304688,235.63157653808594,0.822572648525238
game8/Clip9,122,102,player_bottom,629.5638427734375,669.965087890625,588.5079956054688,546.8086547851562,670.6196899414062,669.965087890625,0.8830373287200928
game8/Clip9,122,101,player_top,694.549072265625,235.64442443847656,677.1097412109375,154.15548706054688,711.9884033203125,235.64442443847656,0.8343400955200195
game8/Clip9,123,102,player_bottom,635.38427734375,669.747314453125,593.0325927734375,545.6393432617188,677.7360229492188,669.747314453125,0.8975460529327393
game8/Clip9,123,101,player_top,691.8800048828125,235.82395935058594,674.5473022460938,154.37770080566406,709.2127075195312,235.82395935058594,0.8315319418907166
game8/Clip9,124,102,player_bottom,643.0067138671875,668.781494140625,599.389404296875,544.60107421875,686.6239624023438,668.781494140625,0.9039893746376038
game8/Clip9,124,101,player_top,689.2998046875,235.97683715820312,672.1561889648438,154.42425537109375,706.4434204101562,235.97683715820312,0.8279868364334106
game8/Clip9,125,102,player_bottom,651.6234741210938,666.5765991210938,606.8370971679688,541.4782104492188,696.4098510742188,666.5765991210938,0.8634932637214661
game8/Clip9,125,101,player_top,686.845703125,235.77066040039062,670.12255859375,154.99447631835938,703.56884765625,235.77066040039062,0.7926357984542847
game8/Clip9,126,102,player_bottom,657.4223976135254,666.8913440704346,612.6021518707275,541.4985790252686,702.2426433563232,666.8913440704346,0.8629939891397953
game8/Clip9,126,101,player_top,684.0302124023438,236.3992156982422,667.6936645507812,155.89576721191406,700.3667602539062,236.3992156982422,0.8069496750831604
game8/Clip9,127,102,player_bottom,663.221321105957,667.2060890197754,618.3672065734863,541.5189476013184,708.0754356384277,667.2060890197754,0.8624947145581245
game8/Clip9,127,101,player_top,681.337158203125,237.76248168945312,665.1211547851562,156.7910919189453,697.5531005859375,237.76248168945312,0.8245207071304321
game8/Clip9,128,102,player_bottom,669.0202445983887,667.5208339691162,624.1322612762451,541.5393161773682,713.9082279205322,667.5208339691162,0.8619954399764538
game8/Clip9,128,101,player_top,677.2418212890625,238.09068298339844,660.828125,157.6793670654297,693.655517578125,238.09068298339844,0.8525987267494202
game8/Clip9,129,102,player_bottom,674.8191680908203,667.835578918457,629.8973159790039,541.559684753418,719.7410202026367,667.835578918457,0.861496165394783
game8/Clip9,129,101,player_top,674.4664306640625,238.43435668945312,657.7926635742188,159.39027404785156,691.1402587890625,238.43435668945312,0.8628721237182617
game8/Clip9,130,102,player_bottom,680.618091583252,668.1503238677979,635.6623706817627,541.5800533294678,725.5738124847412,668.1503238677979,0.8609968908131123
game8/Clip9,130,101,player_top,671.9522705078125,238.6764678955078,654.7442016601562,160.5911407470703,689.160400390625,238.6764678955078,0.8821859359741211
game8/Clip9,131,102,player_bottom,686.4170150756836,668.4650688171387,641.4274253845215,541.6004219055176,731.4066047668457,668.4650688171387,0.8604976162314415
game8/Clip9,131,101,player_top,669.0609741210938,238.66336059570312,651.0564575195312,161.00816345214844,687.0654907226562,238.66336059570312,0.8885607719421387
game8/Clip9,132,102,player_bottom,692.2159385681152,668.7798137664795,647.1924800872803,541.6207904815674,737.2393970489502,668.7798137664795,0.8599983416497707
game8/Clip9,132,101,player_top,667.5447998046875,238.77061462402344,648.71875,161.1746368408203,686.3707885742188,238.77061462402344,0.8894079923629761
game8/Clip9,133,102,player_bottom,698.0148620605469,669.0945587158203,652.9575347900391,541.6411590576172,743.0721893310547,669.0945587158203,0.8594990670681
game8/Clip9,133,101,player_top,666.919921875,238.75840759277344,647.337646484375,161.07090759277344,686.502197265625,238.75840759277344,0.8850113153457642
game8/Clip9,134,102,player_bottom,703.8137855529785,669.4093036651611,658.7225894927979,541.661527633667,748.9049816131592,669.4093036651611,0.8589997924864292
game8/Clip9,134,101,player_top,665.7478637695312,239.0460662841797,645.4815063476562,160.5704345703125,686.0142211914062,239.0460662841797,0.8801347017288208
game8/Clip9,135,102,player_bottom,709.6127090454102,669.724048614502,664.4876441955566,541.6818962097168,754.7377738952637,669.724048614502,0.8585005179047585
game8/Clip9,135,101,player_top,664.2384033203125,238.89810180664062,643.6591796875,160.22640991210938,684.817626953125,238.89810180664062,0.8797315359115601
game8/Clip9,136,102,player_bottom,715.4116325378418,670.0387935638428,670.2526988983154,541.7022647857666,760.5705661773682,670.0387935638428,0.8580012433230877
game8/Clip9,136,101,player_top,661.0699462890625,238.3569793701172,640.4894409179688,159.24354553222656,681.650390625,238.3569793701172,0.8238175511360168
game8/Clip9,137,102,player_bottom,721.2105560302734,670.3535385131836,676.0177536010742,541.7226333618164,766.4033584594727,670.3535385131836,0.8575019687414169
game8/Clip9,137,101,player_top,657.5763549804688,237.94932556152344,637.2322998046875,158.26414489746094,677.92041015625,237.94932556152344,0.8173836469650269
game8/Clip9,138,102,player_bottom,727.0094795227051,670.6682834625244,681.782808303833,541.7430019378662,772.2361507415771,670.6682834625244,0.8570026941597462
game8/Clip9,138,101,player_top,655.3662109375,237.5050506591797,635.5095825195312,158.26544189453125,675.222900390625,237.5050506591797,0.8218409419059753
game8/Clip9,139,102,player_bottom,732.8084030151367,670.9830284118652,687.5478630065918,541.763370513916,778.0689430236816,670.9830284118652,0.8565034195780754
game8/Clip9,139,101,player_top,652.5671997070312,236.1499786376953,633.4290771484375,158.1356658935547,671.705322265625,236.1499786376953,0.8272736668586731
game8/Clip9,140,102,player_bottom,738.6073265075684,671.297773361206,693.3129177093506,541.7837390899658,783.9017353057861,671.297773361206,0.8560041449964046
game8/Clip9,140,101,player_top,648.8270263671875,235.4189910888672,630.1658935546875,158.5780487060547,667.4880981445312,235.4189910888672,0.8403601050376892
game8/Clip9,141,102,player_bottom,744.40625,671.6125183105469,699.0779724121094,541.8041076660156,789.7345275878906,671.6125183105469,0.8555048704147339
game8/Clip9,141,101,player_top,645.0606079101562,234.0708465576172,626.7190551757812,159.50344848632812,663.4021606445312,234.0708465576172,0.8535422682762146
game8/Clip9,142,102,player_bottom,750.2051734924316,671.9272632598877,704.8430271148682,541.8244762420654,795.5673198699951,671.9272632598877,0.8550055958330631
game8/Clip9,142,101,player_top,641.8497314453125,233.10302734375,623.594970703125,160.8671112060547,660.1044311523438,233.10302734375,0.8535917401313782
game8/Clip9,143,102,player_bottom,756.0040969848633,672.2420082092285,710.608081817627,541.8448448181152,801.4001121520996,672.2420082092285,0.8545063212513924
game8/Clip9,143,101,player_top,639.423095703125,232.25331115722656,621.0000610351562,161.8031005859375,657.84619140625,232.25331115722656,0.8713387250900269
game8/Clip9,144,102,player_bottom,761.8030204772949,672.5567531585693,716.3731365203857,541.865213394165,807.2329044342041,672.5567531585693,0.8540070466697216
game8/Clip9,144,101,player_top,638.2740478515625,232.1903076171875,619.5106201171875,162.9090118408203,657.0374145507812,232.1903076171875,0.8734450340270996
game8/Clip9,145,102,player_bottom,767.6019439697266,672.8714981079102,722.1381912231445,541.8855819702148,813.0656967163086,672.8714981079102,0.8535077720880508
game8/Clip9,145,101,player_top,637.7236328125,232.35479736328125,618.6396484375,164.21337890625,656.8076782226562,232.35479736328125,0.8709521889686584
game8/Clip9,146,102,player_bottom,773.4008674621582,673.186243057251,727.9032459259033,541.9059505462646,818.8984889984131,673.186243057251,0.8530084975063801
game8/Clip9,146,101,player_top,637.1986083984375,232.3484344482422,617.794677734375,164.9793243408203,656.6024780273438,232.3484344482422,0.8710377812385559
game8/Clip9,147,102,player_bottom,779.1997909545898,673.5009880065918,733.6683006286621,541.9263191223145,824.7312812805176,673.5009880065918,0.8525092229247093
game8/Clip9,147,101,player_top,636.8482666015625,232.08412170410156,617.0160522460938,164.59417724609375,656.6805419921875,232.08412170410156,0.8514399528503418
game8/Clip9,148,102,player_bottom,784.9987144470215,673.8157329559326,739.4333553314209,541.9466876983643,830.5640735626221,673.8157329559326,0.8520099483430386
game8/Clip9,148,101,player_top,634.9083251953125,231.65426635742188,614.7639770507812,163.2124481201172,655.052734375,231.65426635742188,0.8524453639984131
game8/Clip9,149,102,player_bottom,790.7976379394531,674.1304779052734,745.1984100341797,541.9670562744141,836.3968658447266,674.1304779052734,0.8515106737613678
game8/Clip9,149,101,player_top,633.059814453125,231.29623413085938,612.7970581054688,161.90602111816406,653.3226318359375,231.29623413085938,0.8227484822273254
game8/Clip9,150,102,player_bottom,796.5965614318848,674.4452228546143,750.9634647369385,541.9874248504639,842.229658126831,674.4452228546143,0.851011399179697
game8/Clip9,150,101,player_top,632.5894165039062,231.2828369140625,612.1942138671875,160.87969970703125,652.984619140625,231.2828369140625,0.8126987814903259
game8/Clip9,151,102,player_bottom,802.3954849243164,674.7599678039551,756.7285194396973,542.0077934265137,848.0624504089355,674.7599678039551,0.8505121245980263
game8/Clip9,151,101,player_top,632.9156494140625,231.2459259033203,612.550048828125,160.30722045898438,653.28125,231.2459259033203,0.7890830636024475
game8/Clip9,152,102,player_bottom,808.194408416748,675.0747127532959,762.493574142456,542.0281620025635,853.89524269104,675.0747127532959,0.8500128500163555
game8/Clip9,152,101,player_top,634.2755126953125,230.8872528076172,614.1719970703125,160.00921630859375,654.3790283203125,230.8872528076172,0.816296398639679
game8/Clip9,153,102,player_bottom,813.9933319091797,675.3894577026367,768.2586288452148,542.0485305786133,859.7280349731445,675.3894577026367,0.8495135754346848
game8/Clip9,153,101,player_top,635.5562133789062,231.39015197753906,615.6615600585938,160.07310485839844,655.4508666992188,231.39015197753906,0.7991135120391846
game8/Clip9,154,102,player_bottom,819.7922554016113,675.7042026519775,774.0236835479736,542.0688991546631,865.560827255249,675.7042026519775,0.849014300853014
game8/Clip9,154,101,player_top,636.9017333984375,232.2784423828125,617.23681640625,161.01898193359375,656.5667114257812,232.2784423828125,0.8029512166976929
game8/Clip9,155,102,player_bottom,825.591178894043,676.0189476013184,779.7887382507324,542.0892677307129,871.3936195373535,676.0189476013184,0.8485150262713432
game8/Clip9,155,101,player_top,639.0848999023438,234.30618286132812,619.2353515625,161.39993286132812,658.9344482421875,234.30618286132812,0.7798652648925781
game8/Clip9,156,102,player_bottom,831.3901023864746,676.3336925506592,785.5537929534912,542.1096363067627,877.226411819458,676.3336925506592,0.8480157516896725
game8/Clip9,156,101,player_top,639.8638305664062,235.6029815673828,619.9472045898438,161.3032684326172,659.7804565429688,235.6029815673828,0.7733309268951416
game8/Clip9,157,102,player_bottom,837.1890258789062,676.6484375,791.31884765625,542.1300048828125,883.0592041015625,676.6484375,0.8475164771080017
game8/Clip9,157,101,player_top,639.7042236328125,236.12353515625,620.2357788085938,161.83656311035156,659.1727294921875,236.12353515625,0.7633808851242065
game8/Clip9,158,102,player_bottom,833.276123046875,676.6187133789062,789.0491333007812,540.0712280273438,877.5031127929688,676.6187133789062,0.8822689652442932
game8/Clip9,158,101,player_top,640.4388427734375,236.430908203125,621.1695556640625,161.6776580810547,659.7080688476562,236.430908203125,0.7713421583175659
game8/Clip9,159,102,player_bottom,827.6328125,676.2927856445312,785.6735229492188,537.7125244140625,869.5921020507812,676.2927856445312,0.8740386962890625
game8/Clip9,159,101,player_top,641.08056640625,236.60650634765625,622.1448974609375,162.3684539794922,660.0162353515625,236.60650634765625,0.7189692258834839
game8/Clip9,160,102,player_bottom,820.62060546875,675.538330078125,780.8138427734375,535.7433471679688,860.4274291992188,675.538330078125,0.8517807126045227
game8/Clip9,160,101,player_top,641.5296020507812,236.88516235351562,622.7426147460938,162.36676025390625,660.3165893554688,236.88516235351562,0.7292550802230835
game8/Clip9,161,102,player_bottom,816.025146484375,674.6458129882812,778.2124633789062,534.7918090820312,853.8377685546875,674.6458129882812,0.8550645112991333
game8/Clip9,161,101,player_top,643.4896240234375,237.45819091796875,624.518310546875,162.18841552734375,662.4608764648438,237.45819091796875,0.6794403791427612
game8/Clip9,162,102,player_bottom,812.006103515625,672.8788452148438,776.2298583984375,534.9119873046875,847.7824096679688,672.8788452148438,0.8537355065345764
game8/Clip9,162,101,player_top,646.2978515625,237.1075897216797,626.150390625,157.87159729003906,666.4453735351562,237.1075897216797,0.6890429854393005
game8/Clip9,163,102,player_bottom,806.8211669921875,671.7257690429688,772.630859375,536.3585815429688,841.011474609375,671.7257690429688,0.8560359477996826
game8/Clip9,163,101,player_top,646.8894653320312,236.9537353515625,627.0370483398438,159.6810302734375,666.7418823242188,236.9537353515625,0.6516261696815491
game8/Clip9,164,102,player_bottom,801.7845458984375,671.9382934570312,768.2465209960938,538.4846801757812,835.3226318359375,671.9382934570312,0.8804767727851868
game8/Clip9,164,101,player_top,647.2086181640625,238.5526123046875,627.0142211914062,160.4597625732422,667.4030151367188,238.5526123046875,0.6900964975357056
game8/Clip9,165,102,player_bottom,794.6593017578125,672.0542602539062,760.9283447265625,541.6275634765625,828.3901977539062,672.0542602539062,0.9123286008834839
game8/Clip9,165,101,player_top,647.7090454101562,240.1606903076172,626.1570434570312,156.7819061279297,669.2610473632812,240.1606903076172,0.6605148315429688
game8/Clip9,166,102,player_bottom,787.9576416015625,672.3275146484375,753.1785888671875,543.443603515625,822.7367553710938,672.3275146484375,0.9149366021156311
game8/Clip9,166,101,player_top,649.001708984375,242.5181121826172,626.3056030273438,154.45046997070312,671.6978759765625,242.5181121826172,0.738957941532135
game8/Clip9,167,102,player_bottom,783.913818359375,671.4181518554688,747.8906860351562,543.6033935546875,819.9368896484375,671.4181518554688,0.9091624021530151
game8/Clip9,167,101,player_top,649.3010864257812,245.47178649902344,626.6679077148438,156.59701538085938,671.9342651367188,245.47178649902344,0.6919122338294983
game8/Clip9,168,102,player_bottom,781.7236328125,669.9230346679688,744.2271728515625,542.2203979492188,819.2200927734375,669.9230346679688,0.9145650267601013
game8/Clip9,168,101,player_top,649.0130615234375,247.45761108398438,626.9708251953125,159.65638732910156,671.0552368164062,247.45761108398438,0.69561767578125
game8/Clip9,169,102,player_bottom,779.514404296875,668.6192626953125,740.719482421875,540.1970825195312,818.3092651367188,668.6192626953125,0.9185576438903809
game8/Clip9,169,101,player_top,649.013671875,249.1495819091797,628.9093017578125,168.39149475097656,669.1180419921875,249.1495819091797,0.7628830671310425
game8/Clip9,170,102,player_bottom,774.706787109375,667.3789672851562,735.1008911132812,537.8458251953125,814.312744140625,667.3789672851562,0.9010185599327087
game8/Clip9,170,101,player_top,648.6707763671875,250.062744140625,629.687255859375,173.0735626220703,667.6542358398438,250.062744140625,0.7879453301429749
game8/Clip9,171,102,player_bottom,765.7742919921875,666.6708374023438,725.235107421875,534.5850830078125,806.3134155273438,666.6708374023438,0.8653745055198669
game8/Clip9,171,101,player_top,648.0744018554688,250.5251922607422,629.7966918945312,175.7701416015625,666.3521118164062,250.5251922607422,0.8119234442710876
game8/Clip9,172,102,player_bottom,754.5328369140625,665.3428344726562,713.832763671875,530.3765258789062,795.2329711914062,665.3428344726562,0.8550599813461304
game8/Clip9,172,101,player_top,649.1896362304688,250.608642578125,631.1161499023438,177.06874084472656,667.2631225585938,250.608642578125,0.8138666152954102
game8/Clip9,173,102,player_bottom,741.500732421875,663.9137573242188,701.4022827148438,527.3983154296875,781.5992431640625,663.9137573242188,0.8167400360107422
game8/Clip9,173,101,player_top,648.9317626953125,250.6033935546875,630.9510498046875,177.65823364257812,666.9125366210938,250.6033935546875,0.8411102890968323
game8/Clip9,174,102,player_bottom,731.2953491210938,663.5836791992188,691.7568359375,524.6715087890625,770.8338623046875,663.5836791992188,0.7566620111465454
game8/Clip9,174,101,player_top,648.7762451171875,250.57518005371094,630.6687622070312,177.34622192382812,666.8836669921875,250.57518005371094,0.8364460468292236
game8/Clip9,175,102,player_bottom,723.3978881835938,663.1734008789062,685.06982421875,523.6253051757812,761.7259521484375,663.1734008789062,0.8593044281005859
game8/Clip9,175,101,player_top,649.0219116210938,250.63783264160156,630.8078002929688,177.09500122070312,667.2360229492188,250.63783264160156,0.8365379571914673
game8/Clip9,176,102,player_bottom,713.535888671875,664.8534545898438,675.942626953125,524.12451171875,751.129150390625,664.8534545898438,0.7046791911125183
game8/Clip9,176,101,player_top,648.316650390625,250.65313720703125,630.0040283203125,176.97520446777344,666.6292114257812,250.65313720703125,0.8169628977775574
game8/Clip9,177,102,player_bottom,704.2655029296875,665.5479125976562,668.3825073242188,527.1596069335938,740.1485595703125,665.5479125976562,0.8508338332176208
game8/Clip9,177,101,player_top,648.1204223632812,250.71160888671875,629.779052734375,176.7959747314453,666.4617919921875,250.71160888671875,0.7813097834587097
game8/Clip9,178,102,player_bottom,693.4705810546875,672.2704467773438,657.5875854492188,530.7681274414062,729.3535766601562,672.2704467773438,0.8823201656341553
game8/Clip9,178,101,player_top,645.158935546875,251.1108856201172,626.2901000976562,176.303466796875,664.0277709960938,251.1108856201172,0.7571246027946472
game8/Clip9,179,102,player_bottom,681.7039794921875,674.7239379882812,646.3854370117188,534.4287719726562,717.0225830078125,674.7239379882812,0.8751757144927979
game8/Clip9,179,101,player_top,644.0341796875,251.09664916992188,624.6532592773438,175.01856994628906,663.4151000976562,251.09664916992188,0.7500296235084534
game8/Clip9,180,102,player_bottom,671.5104370117188,675.5347290039062,636.5604248046875,536.8997192382812,706.46044921875,675.5347290039062,0.8875160217285156
game8/Clip9,180,101,player_top,645.6226806640625,250.95680236816406,626.1552734375,173.73568725585938,665.090087890625,250.95680236816406,0.6834015846252441
game8/Clip9,181,102,player_bottom,664.7017211914062,675.1879272460938,629.5162963867188,537.6853637695312,699.8871459960938,675.1879272460938,0.8969919085502625
game8/Clip9,181,101,player_top,646.7208862304688,250.6803436279297,627.2573852539062,172.2152862548828,666.1843872070312,250.6803436279297,0.7537134885787964
game8/Clip9,182,102,player_bottom,662.9093627929688,673.0194702148438,627.626953125,537.8575439453125,698.1917724609375,673.0194702148438,0.9033398628234863
game8/Clip9,182,101,player_top,647.2700805664062,250.45806884765625,627.8599853515625,170.85902404785156,666.68017578125,250.45806884765625,0.7674499750137329
game8/Clip9,183,102,player_bottom,658.6836547851562,667.9266357421875,624.4830322265625,537.4931030273438,692.88427734375,667.9266357421875,0.9034688472747803
game8/Clip9,183,101,player_top,647.4335327148438,250.27926635742188,628.2020874023438,169.86312866210938,666.6649780273438,250.27926635742188,0.7744001746177673
game8/Clip9,184,102,player_bottom,654.3690185546875,665.5452880859375,620.5909423828125,535.5346069335938,688.1471557617188,665.5452880859375,0.8857951760292053
game8/Clip9,184,101,player_top,647.6627197265625,250.04998779296875,628.7105102539062,169.053466796875,666.614990234375,250.04998779296875,0.7855455279350281
game8/Clip9,185,102,player_bottom,651.09033203125,663.9276733398438,617.4306640625,531.8502807617188,684.75,663.9276733398438,0.878087043762207
game8/Clip9,185,101,player_top,647.5267333984375,250.07659912109375,628.7771606445312,167.93673706054688,666.2763061523438,250.07659912109375,0.7709850072860718
game8/Clip9,186,102,player_bottom,648.7823486328125,662.490478515625,615.1547241210938,527.47509765625,682.409912109375,662.490478515625,0.8867133259773254
game8/Clip9,186,101,player_top,647.7642822265625,249.99212646484375,629.2001953125,166.466064453125,666.3284301757812,249.99212646484375,0.759674072265625
game8/Clip9,187,102,player_bottom,647.4298095703125,660.4686279296875,614.1768188476562,523.3311157226562,680.6828002929688,660.4686279296875,0.876855194568634
game8/Clip9,187,101,player_top,647.5601806640625,249.97421264648438,629.0794067382812,164.56137084960938,666.0408935546875,249.97421264648438,0.7764430046081543
game8/Clip9,188,102,player_bottom,646.6754760742188,658.7539672851562,613.8358154296875,519.1616821289062,679.51513671875,658.7539672851562,0.8840299844741821
game8/Clip9,188,101,player_top,647.9217529296875,249.79608154296875,629.4765625,162.2636260986328,666.366943359375,249.79608154296875,0.7891173958778381
game8/Clip9,189,102,player_bottom,644.8948974609375,655.5293579101562,613.062744140625,516.3951416015625,676.72705078125,655.5293579101562,0.8602763414382935
game8/Clip9,189,101,player_top,647.3167724609375,249.66143798828125,628.9683837890625,160.83045959472656,665.6652221679688,249.66143798828125,0.7271082997322083
game8/Clip9,190,102,player_bottom,642.8050537109375,651.4464111328125,612.1743774414062,514.5961303710938,673.435791015625,651.4464111328125,0.871895432472229
game8/Clip9,190,101,player_top,645.9103393554688,249.32640075683594,627.696044921875,160.3995819091797,664.1246337890625,249.32640075683594,0.7941439151763916
game8/Clip9,191,102,player_bottom,641.0404052734375,646.3023681640625,611.6500244140625,512.8642578125,670.4307861328125,646.3023681640625,0.8671042323112488
game8/Clip9,191,101,player_top,646.1962890625,249.37222290039062,628.2393798828125,160.34625244140625,664.1532592773438,249.37222290039062,0.8020860552787781
game8/Clip9,192,102,player_bottom,638.9021606445312,641.7026977539062,610.5651245117188,511.0230407714844,667.2391967773438,641.7026977539062,0.8725867867469788
game8/Clip9,192,101,player_top,646.06298828125,249.31019592285156,628.3739624023438,160.4397430419922,663.751953125,249.31019592285156,0.8063293695449829
game8/Clip9,193,102,player_bottom,636.32373046875,637.162841796875,608.614990234375,507.8104248046875,664.0324096679688,637.162841796875,0.8747052550315857
game8/Clip9,193,101,player_top,645.8724975585938,249.5489501953125,628.5582275390625,161.4966278076172,663.186767578125,249.5489501953125,0.8286057114601135
game8/Clip9,194,102,player_bottom,633.74609375,633.7417602539062,606.3348388671875,504.2881164550781,661.1574096679688,633.7417602539062,0.8815338015556335
game8/Clip9,194,101,player_top,644.1651611328125,249.39352416992188,627.0803833007812,162.28578186035156,661.2499389648438,249.39352416992188,0.842814028263092
game8/Clip9,195,102,player_bottom,631.066162109375,630.2379760742188,604.0944213867188,501.4118957519531,658.0379638671875,630.2379760742188,0.8882360458374023
game8/Clip9,195,101,player_top,642.8431396484375,248.47198486328125,625.8623657226562,162.12039184570312,659.823974609375,248.47198486328125,0.8540205359458923
game8/Clip9,196,102,player_bottom,627.6844482421875,626.7472534179688,600.664306640625,497.292236328125,654.70458984375,626.7472534179688,0.8702057600021362
game8/Clip9,196,101,player_top,641.7811279296875,248.12579345703125,624.748779296875,161.96832275390625,658.8134765625,248.12579345703125,0.8507878184318542
game8/Clip9,197,102,player_bottom,624.4715576171875,624.7474975585938,597.2681884765625,494.5014343261719,651.6748657226562,624.7474975585938,0.8698745369911194
game8/Clip9,197,101,player_top,640.93115234375,247.85574340820312,623.820068359375,161.3638458251953,658.0422973632812,247.85574340820312,0.849294126033783
game8/Clip9,198,102,player_bottom,621.5216674804688,624.203369140625,593.9562377929688,491.8512268066406,649.0870971679688,624.203369140625,0.8660966157913208
game8/Clip9,198,101,player_top,640.521728515625,247.5865936279297,623.3380737304688,160.55734252929688,657.7053833007812,247.5865936279297,0.844265341758728
game8/Clip9,199,102,player_bottom,618.6766967773438,623.8090209960938,590.9075927734375,490.1247253417969,646.44580078125,623.8090209960938,0.866279125213623
game8/Clip9,199,101,player_top,639.8607177734375,247.44332885742188,622.728515625,160.68789672851562,656.992919921875,247.44332885742188,0.8452842235565186
game8/Clip9,200,102,player_bottom,615.6224365234375,623.6207275390625,587.7691040039062,489.16510009765625,643.4757080078125,623.6207275390625,0.8640367388725281
game8/Clip9,200,101,player_top,638.6282958984375,247.525390625,621.4738159179688,160.92819213867188,655.7828369140625,247.525390625,0.8445950746536255
game8/Clip9,201,102,player_bottom,613.4971923828125,623.49072265625,585.633544921875,488.7579345703125,641.36083984375,623.49072265625,0.8625347018241882
game8/Clip9,201,101,player_top,637.2957763671875,247.28590393066406,620.2001953125,161.84059143066406,654.391357421875,247.28590393066406,0.8157765865325928
game8/Clip9,202,102,player_bottom,612.06787109375,623.013671875,584.1699829101562,488.47869873046875,639.9657592773438,623.013671875,0.8688901662826538
game8/Clip9,202,101,player_top,635.47802734375,247.40792846679688,618.625,164.13368225097656,652.3309936523438,247.40792846679688,0.829731822013855
game8/Clip9,203,102,player_bottom,610.32470703125,622.485595703125,582.3925170898438,487.9024963378906,638.2568359375,622.485595703125,0.8698911070823669
game8/Clip9,203,101,player_top,633.8544921875,248.2173309326172,616.7981567382812,164.78555297851562,650.9107666015625,248.2173309326172,0.8447800278663635
game8/Clip9,204,102,player_bottom,609.0445556640625,622.1333618164062,580.9788208007812,486.772216796875,637.1102905273438,622.1333618164062,0.8485184907913208
game8/Clip9,204,101,player_top,633.22412109375,249.25198364257812,615.911376953125,165.06597900390625,650.5369262695312,249.25198364257812,0.8460255265235901
game8/Clip9,205,102,player_bottom,607.7200927734375,621.1959228515625,579.4786376953125,484.1979675292969,635.9614868164062,621.1959228515625,0.8491748571395874
game8/Clip9,205,101,player_top,632.962646484375,249.84837341308594,615.4164428710938,164.72784423828125,650.5087890625,249.84837341308594,0.8335514068603516
game8/Clip9,206,102,player_bottom,607.8534545898438,618.2724609375,579.96533203125,481.7435607910156,635.7415771484375,618.2724609375,0.8604215979576111
game8/Clip9,206,101,player_top,632.7354736328125,250.1571044921875,615.078125,164.49095153808594,650.3928833007812,250.1571044921875,0.8460919857025146
game8/Clip9,207,102,player_bottom,607.8369750976562,615.5499267578125,580.3798217773438,479.6466369628906,635.2941284179688,615.5499267578125,0.8682273626327515
game8/Clip9,207,101,player_top,632.6231079101562,250.6076202392578,614.78466796875,163.958740234375,650.4615478515625,250.6076202392578,0.8569872975349426
game8/Clip9,208,102,player_bottom,607.4483642578125,613.4441528320312,580.5105590820312,478.4930725097656,634.3861083984375,613.4441528320312,0.8594865202903748
game8/Clip9,208,101,player_top,632.114013671875,251.39759826660156,614.0770263671875,163.8755340576172,650.1510620117188,251.39759826660156,0.8338163495063782
game8/Clip9,209,102,player_bottom,607.0460205078125,611.2677001953125,580.6575927734375,477.8609313964844,633.4344482421875,611.2677001953125,0.844496488571167
game8/Clip9,209,101,player_top,632.6591796875,252.2378692626953,614.240478515625,164.0909881591797,651.0778198242188,252.2378692626953,0.8516305088996887
game8/Clip9,210,102,player_bottom,606.89794921875,610.3117065429688,580.9109497070312,478.0517883300781,632.8848876953125,610.3117065429688,0.8375069499015808
game8/Clip9,210,101,player_top,631.2899169921875,252.59622192382812,612.5255126953125,163.31700134277344,650.0542602539062,252.59622192382812,0.8094223737716675
game8/Clip9,211,102,player_bottom,606.5590209960938,609.8236083984375,580.8960571289062,478.5588073730469,632.2219848632812,609.8236083984375,0.8537880182266235
game8/Clip9,211,101,player_top,628.7486572265625,252.37388610839844,610.0130004882812,163.2188720703125,647.484375,252.37388610839844,0.8216702938079834
game8/Clip9,212,102,player_bottom,606.6130981445312,609.062255859375,581.2437744140625,478.7734375,631.982421875,609.062255859375,0.8551653027534485
game8/Clip9,212,101,player_top,626.197509765625,252.64254760742188,607.395751953125,162.22862243652344,644.9993286132812,252.64254760742188,0.8240562081336975
game8/Clip9,213,102,player_bottom,606.7583618164062,608.7451171875,581.6307983398438,478.9048767089844,631.8859252929688,608.7451171875,0.8649355173110962
game8/Clip9,213,101,player_top,623.55419921875,252.3773651123047,604.9456176757812,160.82887268066406,642.162841796875,252.3773651123047,0.7833315134048462
game8/Clip9,214,102,player_bottom,607.2332763671875,608.590087890625,582.3937377929688,478.6686706542969,632.07275390625,608.590087890625,0.85959792137146
game8/Clip9,214,101,player_top,621.0283203125,252.15736389160156,602.697998046875,159.44090270996094,639.3585815429688,252.15736389160156,0.8163706064224243
game8/Clip9,215,102,player_bottom,607.8001708984375,608.9382934570312,583.3170166015625,478.4145812988281,632.2832641601562,608.9382934570312,0.8394278883934021
game8/Clip9,215,101,player_top,619.2884521484375,251.8387908935547,601.3419799804688,158.484375,637.2349243164062,251.8387908935547,0.8087217807769775
game8/Clip9,216,102,player_bottom,608.524658203125,607.8095092773438,584.4973754882812,477.0359191894531,632.552001953125,607.8095092773438,0.8362219333648682
game8/Clip9,216,101,player_top,617.75341796875,251.51779174804688,600.2055053710938,158.17041015625,635.30126953125,251.51779174804688,0.8108242154121399
game8/Clip9,217,102,player_bottom,608.5205078125,607.3861694335938,584.9096069335938,475.97686767578125,632.1314697265625,607.3861694335938,0.8391602039337158
game8/Clip9,217,101,player_top,616.3050537109375,251.9677734375,599.1517944335938,158.8897705078125,633.4583129882812,251.9677734375,0.8138166666030884
game8/Clip9,218,102,player_bottom,608.875244140625,607.1284790039062,585.67431640625,475.5346984863281,632.076171875,607.1284790039062,0.844771683216095
game8/Clip9,218,101,player_top,614.381103515625,252.42855834960938,597.5707397460938,160.07066345214844,631.19140625,252.42855834960938,0.8055742383003235
game8/Clip9,219,102,player_bottom,610.7777099609375,607.03125,587.7696533203125,475.4638977050781,633.7857055664062,607.03125,0.8370059728622437
game8/Clip9,219,101,player_top,611.6046142578125,252.50572204589844,594.932861328125,161.0641326904297,628.2763671875,252.50572204589844,0.8438100814819336
game8/Clip9,220,102,player_bottom,612.6819458007812,607.0205688476562,589.6754760742188,475.33758544921875,635.6884155273438,607.0205688476562,0.8609784841537476
game8/Clip9,220,101,player_top,609.2293701171875,252.73455810546875,592.6160888671875,162.71267700195312,625.8427124023438,252.73455810546875,0.8509968519210815
game8/Clip9,221,102,player_bottom,614.62158203125,606.917724609375,591.44091796875,475.1075439453125,637.80224609375,606.917724609375,0.8635277152061462
game8/Clip9,221,101,player_top,607.288330078125,252.90635681152344,590.5493774414062,163.78121948242188,624.0272827148438,252.90635681152344,0.8438634872436523
game8/Clip9,222,102,player_bottom,616.443115234375,606.6602172851562,592.997314453125,475.1150207519531,639.8888549804688,606.6602172851562,0.8606739044189453
game8/Clip9,222,101,player_top,605.8218383789062,252.97512817382812,588.88525390625,164.5885009765625,622.7584228515625,252.97512817382812,0.8576660752296448
game8/Clip9,223,102,player_bottom,617.573974609375,606.4898681640625,593.8143310546875,475.3821716308594,641.3335571289062,606.4898681640625,0.8304547667503357
game8/Clip9,223,101,player_top,604.984375,252.9676971435547,587.5995483398438,163.89056396484375,622.3692016601562,252.9676971435547,0.8620229363441467
game8/Clip9,224,102,player_bottom,618.6304321289062,606.5369262695312,594.4528198242188,475.53448486328125,642.8080444335938,606.5369262695312,0.8318493962287903
game8/Clip9,224,101,player_top,604.52099609375,253.0062255859375,586.784912109375,163.6142578125,622.257080078125,253.0062255859375,0.8492004871368408
game8/Clip9,225,102,player_bottom,619.3348388671875,606.3995971679688,594.7521362304688,475.540283203125,643.91748046875,606.3995971679688,0.8358481526374817
game8/Clip9,225,101,player_top,603.9976196289062,253.03732299804688,585.9903564453125,163.8391876220703,622.0048828125,253.03732299804688,0.8329247236251831
game8/Clip9,226,102,player_bottom,619.3154296875,606.1415405273438,594.5578002929688,476.17767333984375,644.0730590820312,606.1415405273438,0.8408994674682617
game8/Clip9,226,101,player_top,603.7144775390625,252.84776306152344,585.41552734375,163.7134552001953,622.0134887695312,252.84776306152344,0.8246764540672302
game8/Clip9,227,102,player_bottom,618.8121337890625,606.3674926757812,593.8231811523438,476.3341979980469,643.8010864257812,606.3674926757812,0.8451918959617615
game8/Clip9,227,101,player_top,602.64697265625,252.8264923095703,584.185546875,163.4783935546875,621.1084594726562,252.8264923095703,0.8491866588592529
game8/Clip9,228,102,player_bottom,619.94287109375,605.935791015625,594.7444458007812,476.42706298828125,645.1412353515625,605.935791015625,0.856576144695282
game8/Clip9,228,101,player_top,600.5881958007812,252.47445678710938,582.0974731445312,163.1255645751953,619.0789184570312,252.47445678710938,0.8269472718238831
game8/Clip9,229,102,player_bottom,620.55859375,605.6385498046875,595.098388671875,476.08538818359375,646.0187377929688,605.6385498046875,0.8515689969062805
game8/Clip9,229,101,player_top,597.4610595703125,252.33169555664062,578.974609375,162.9148712158203,615.9474487304688,252.33169555664062,0.7896754741668701
game8/Clip9,230,102,player_bottom,620.951171875,605.3848266601562,595.42529296875,476.7074279785156,646.4769897460938,605.3848266601562,0.8480284810066223
game8/Clip9,230,101,player_top,594.1800537109375,252.48751831054688,575.9833984375,163.00657653808594,612.376708984375,252.48751831054688,0.7768242359161377
game8/Clip9,231,102,player_bottom,621.3860473632812,604.9337158203125,595.8344116210938,476.733642578125,646.9376831054688,604.9337158203125,0.8302146792411804
game8/Clip9,231,101,player_top,590.0799560546875,252.2199249267578,572.4044189453125,162.96263122558594,607.7555541992188,252.2199249267578,0.7828449606895447
game8/Clip9,232,102,player_bottom,623.08642578125,604.7500610351562,597.6453247070312,476.6820983886719,648.527587890625,604.7500610351562,0.7068465352058411
game8/Clip9,232,101,player_top,587.5775756835938,252.3203887939453,570.310791015625,162.67762756347656,604.8443603515625,252.3203887939453,0.8037360906600952
game8/Clip9,233,102,player_bottom,624.1879272460938,604.4951171875,598.9306640625,476.6731872558594,649.4451904296875,604.4951171875,0.7341664433479309
game8/Clip9,233,101,player_top,585.43798828125,252.2717742919922,568.4832763671875,162.2708740234375,602.3927001953125,252.2717742919922,0.809378981590271
game8/Clip9,234,102,player_bottom,626.542236328125,604.3248291015625,601.6236572265625,476.5181884765625,651.4608764648438,604.3248291015625,0.7927528619766235
game8/Clip9,234,101,player_top,583.412841796875,252.19699096679688,566.6009521484375,162.14285278320312,600.2247314453125,252.19699096679688,0.8251726627349854
game8/Clip9,235,102,player_bottom,630.068603515625,604.1069946289062,605.8139038085938,476.7958068847656,654.3232421875,604.1069946289062,0.8085681200027466
game8/Clip9,235,101,player_top,580.94384765625,252.03070068359375,564.029296875,162.0169219970703,597.8584594726562,252.03070068359375,0.8281195163726807
game8/Clip9,236,102,player_bottom,633.583251953125,604.03515625,610.0609130859375,476.85955810546875,657.1056518554688,604.03515625,0.803277850151062
game8/Clip9,236,101,player_top,578.455078125,252.1477508544922,561.23486328125,161.5209197998047,595.67529296875,252.1477508544922,0.8403536677360535
game8/Clip9,237,102,player_bottom,638.45263671875,603.9484252929688,615.7447509765625,476.9770812988281,661.1604614257812,603.9484252929688,0.7957268953323364
game8/Clip9,237,101,player_top,577.1262817382812,252.2525634765625,559.6480102539062,161.38784790039062,594.6045532226562,252.2525634765625,0.824394166469574
