clip,frame,ball_real_x,ball_real_y,is_bounce
game8/Clip1,0,,,0
game8/Clip1,1,,,0
game8/Clip1,2,3.1467283478553245,33.77522184593675,0
game8/Clip1,3,3.1177674574814023,40.725541050555194,0
game8/Clip1,4,3.1309913208082967,39.59503672519565,1
game8/Clip1,5,3.0921435341391397,23.788719656229937,0
game8/Clip1,6,2.8185598871779836,31.63188223016175,0
game8/Clip1,7,4.687556826431481,30.766309286409058,0
game8/Clip1,8,5.096229353119518,28.265559150816685,0
game8/Clip1,9,5.549585523077179,25.209731208119123,0
game8/Clip1,10,5.9176643247873635,22.432643793887852,0
game8/Clip1,11,6.287269620142501,19.696669583281828,0
game8/Clip1,12,2.7552669525659033,27.205844408167437,0
game8/Clip1,13,6.968014137846943,14.270606141022014,0
game8/Clip1,14,3.791687956940146,28.799483291014006,0
game8/Clip1,15,7.563960223118323,9.411816186613505,0
game8/Clip1,16,9.231683095518612,3.5040242926010903,0
game8/Clip1,17,8.035606389132607,5.861139153021338,2
game8/Clip1,18,8.39369658955387,5.968384596689217,0
game8/Clip1,19,8.646203565690454,5.964426107384309,0
game8/Clip1,20,8.948399373000736,5.8467387743939945,0
game8/Clip1,21,9.24910865082797,5.7296303564185145,0
game8/Clip1,22,9.534430126527942,5.2815865854608495,0
game8/Clip1,23,9.876057548638535,5.05777270573659,0
game8/Clip1,24,10.105463101020336,4.7308978484875945,1
game8/Clip1,25,9.944176452446888,6.402533739332582,0
game8/Clip1,26,17.003465249781648,48.13579693841444,0
game8/Clip1,27,9.33137633052471,10.478457719666126,0
game8/Clip1,28,9.04037662822449,12.36855003657801,0
game8/Clip1,29,,,0
game8/Clip1,30,8.48626962700075,15.59854706562787,0
game8/Clip1,31,8.14575606787626,17.19804279419003,0
game8/Clip1,32,10.025181485284138,0.26875286578081303,0
game8/Clip1,33,7.570986577595837,20.09635662167799,0
game8/Clip1,34,7.250399291598738,21.134334534531003,0
game8/Clip1,35,6.928956182111155,22.43145016744223,2
game8/Clip1,36,6.617091007683447,23.32942284718451,0
game8/Clip1,37,6.340901099197823,24.255272555091736,0
game8/Clip1,38,6.001902378978888,24.968647898848307,0
game8/Clip1,39,5.740653800748779,25.453523635557463,0
game8/Clip1,40,5.475283647547473,25.946048989784547,0
game8/Clip1,41,5.205693608145524,26.446406426560085,0
game8/Clip1,42,4.924186615707353,26.445741063278472,0
game8/Clip1,43,4.645443062662822,26.698484112045776,0
game8/Clip1,44,-11.603187371536311,61.86182359122719,0
game8/Clip1,45,4.2219187829891895,26.697388255520572,0
game8/Clip1,46,4.033670474142853,26.44363626034923,0
game8/Clip1,47,3.7119424665137037,25.20739544810908,0
game8/Clip1,48,-6.471689923307393,32.1601803081459,0
game8/Clip1,49,-6.616279932846798,32.762679505109745,0
game8/Clip1,50,-6.814651193973815,33.37557602392296,0
game8/Clip1,51,3.0436411948715447,24.020374877852642,2
game8/Clip1,52,2.9327484832508315,25.20640504350375,0
game8/Clip1,53,2.7655360035478065,26.69361990822942,0
game8/Clip1,54,2.6437436917974053,27.989935103446907,0
game8/Clip1,55,2.523103992245757,29.06654059282123,0
game8/Clip1,56,2.398298401757117,30.18032307341459,0
game8/Clip1,57,2.276737895370247,31.04106941452549,1
game8/Clip1,58,2.194730984572129,32.22506326136827,0
game8/Clip1,59,2.1268550291605917,32.83284633780484,0
game8/Clip1,60,2.101070014655931,33.765965820104405,0
game8/Clip1,61,2.0307693698054496,34.401913170113964,0
game8/Clip1,62,2.0216093765257948,34.724546740108096,0
game8/Clip1,63,17.011505811468584,48.60193940268975,0
game8/Clip1,64,17.011505811468584,48.60193940268975,0
game8/Clip1,65,16.93889559861577,48.13442186688938,0
game8/Clip1,66,16.93889559861577,48.13442186688938,0
game8/Clip1,67,16.93889559861577,48.13442186688938,0
game8/Clip1,68,16.93889559861577,48.13442186688938,0
game8/Clip1,69,1.8098276496136299,34.722492158230665,0
game8/Clip1,70,1.7568946300409352,34.721978633176754,0
game8/Clip1,71,1.7251166232622952,34.079371411799926,0
game8/Clip1,72,1.7561226717033875,33.138059671309485,0
game8/Clip1,73,1.7352632512953796,32.221623361118525,0
game8/Clip1,74,1.7149579377984414,31.329531145015483,0
game8/Clip1,75,1.7546793724232932,30.176670453516902,0
game8/Clip1,76,1.7444095133823017,29.062889632632874,0
game8/Clip1,77,1.743959898308388,27.72312115608515,0
game8/Clip1,78,1.7991905752154012,26.187652203920166,0
game8/Clip1,79,1.8064376475316661,24.725363548392753,0
game8/Clip1,80,1.821820182603691,23.105237694490715,0
game8/Clip1,81,1.8793488129412996,21.570523170463964,0
game8/Clip1,82,1.8920666130559904,20.114742070250255,0
game8/Clip1,83,1.9116322058103385,18.54000284716054,0
game8/Clip1,84,1.9766744255816617,16.872239313241487,0
game8/Clip1,85,1.9995826204414278,15.305266110831818,0
game8/Clip1,86,2.0275761685825118,13.671424420962158,0
game8/Clip1,87,2.053811333107045,12.140210681112466,0
game8/Clip1,88,2.0901002369174844,10.425021072784729,0
game8/Clip1,89,2.1463059713835744,9.087695656359923,0
game8/Clip1,90,2.182349008094824,7.4626788176719465,0
game8/Clip1,91,2.1553067149979825,7.3430466438092985,2
game8/Clip1,92,2.101664942544108,7.8280075898008095,0
game8/Clip1,93,2.085243859700883,8.19869137641135,0
game8/Clip1,94,2.0354281346123053,8.576271761121305,0
game8/Clip1,95,2.0181378472514595,8.960020195135133,0
game8/Clip1,96,1.9788119344502468,9.089873296942859,0
game8/Clip1,97,1.9728481282985728,9.22005011901769,0
game8/Clip1,98,1.9331589081646519,9.351425666789337,0
game8/Clip1,99,1.9392568920823896,9.220482978390448,0
game8/Clip1,100,1.9056676544776852,9.220915812008935,0
game8/Clip1,101,1.9179527591150094,8.961334207562786,0
game8/Clip1,102,1.8907477002666737,8.833119720606769,0
game8/Clip1,103,1.876087477607032,8.452074513222767,0
game8/Clip1,104,1.8883300358553243,8.201406673976836,0
game8/Clip1,105,1.9123975834787295,7.708620767930737,0
game8/Clip1,106,1.903848072380268,7.227384153154008,0
game8/Clip1,107,1.8954891130822908,6.756873356771871,0
game8/Clip1,108,1.9300895141575662,6.0697129634161415,0
game8/Clip1,109,1.9328785019151473,5.405227586459367,0
game8/Clip1,110,1.9657854166856645,4.761371583172353,0
game8/Clip1,111,2.00287999314059,4.035579879317756,0
game8/Clip1,112,2.014599782934599,3.23830311035537,0
game8/Clip1,113,14.344578347187234,44.96332688987809,0
game8/Clip1,114,13.98176132431906,44.53042914720792,0
game8/Clip1,115,13.61278279695245,44.523716371523456,0
game8/Clip1,116,13.195066925993252,44.09472789510262,0
game8/Clip1,117,2.1237776276115667,-0.38693651854460154,2
game8/Clip2,0,,,0
game8/Clip2,1,,,0
game8/Clip2,2,4.783485600634378,26.44540850568086,0
game8/Clip2,3,2.2335095670650373,19.911700771851297,0
game8/Clip2,4,,,0
game8/Clip2,5,4.164404342795822,22.87908870883356,0
game8/Clip2,6,1.2578273020560964,12.297057409997786,0
game8/Clip2,7,0.9705829113228011,10.164765567771845,0
game8/Clip2,8,0.7503815980163164,8.093051644878308,0
game8/Clip2,9,0.5279169588372784,6.091694475169966,2
game8/Clip2,10,0.2891490174542108,5.983348592778448,0
game8/Clip2,11,-0.04098559163894603,5.87711105913015,0
game8/Clip2,12,-0.2766734682420389,5.770035398734947,0
game8/Clip2,13,-0.5601206732357451,5.5547800706481745,0
game8/Clip2,14,-0.8099190783813199,5.341446357575648,0
game8/Clip2,15,-1.0301439398325158,4.917322293685501,0
game8/Clip2,16,-1.0662548172054158,2.719111537394982,0
game8/Clip2,17,-1.5012793949241943,3.99569397861555,1
game8/Clip2,18,-1.499368465738049,4.40336016647287,0
game8/Clip2,19,,,0
game8/Clip2,20,-0.9212320556110347,7.627869368916196,0
game8/Clip2,21,-0.6473943673671426,8.994980911559793,0
game8/Clip2,22,-0.3763094646100742,10.317176357040161,0
game8/Clip2,23,-0.11077636515525909,11.577846705018992,0
game8/Clip2,24,4.119392767687248,22.434766291435352,0
game8/Clip2,25,0.4398884594490332,13.685623608684493,0
game8/Clip2,26,0.7078100415268942,14.649301073317067,0
game8/Clip2,27,0.9867221621657304,15.652510009260185,0
game8/Clip2,28,1.218050563692869,16.34423948207233,0
game8/Clip2,29,1.4954022538161988,17.055232782601127,0
game8/Clip2,30,1.708614688145479,17.601804582218232,0
game8/Clip2,31,1.9740055375652814,17.97211752739212,0
game8/Clip2,32,2.2027598015908487,18.34807111066017,0
game8/Clip2,33,2.440483474445451,18.537553118885253,0
game8/Clip2,34,2.6391498273597955,18.728655558949843,0
game8/Clip2,35,2.839315194828694,18.92119994091786,0
game8/Clip2,36,3.0444599163138135,18.92031966088681,0
game8/Clip2,37,3.2086293314865713,18.91961520670032,0
game8/Clip2,38,3.413908182026639,18.918734351118868,2
game8/Clip2,39,3.4867252468647525,19.90741942061062,0
game8/Clip2,40,3.6033768621252977,21.14280803672257,0
game8/Clip2,41,3.7264809498947686,22.21566975219858,0
game8/Clip2,42,-6.525519524465145,31.862001058063132,0
game8/Clip2,43,-6.525519524465145,31.862001058063132,0
game8/Clip2,44,4.032987986162203,24.966565179816634,0
game8/Clip2,45,4.125860571933958,25.696294272397413,0
game8/Clip2,46,4.26788096769761,26.444189834742645,0
game8/Clip2,47,4.3630583195134145,26.697753449889554,0
game8/Clip2,48,4.460920405078681,27.211031007722035,1
game8/Clip2,49,-6.379487728106819,31.567885715087904,0
game8/Clip2,50,4.128351750383948,26.952524039145153,0
game8/Clip2,51,3.9397453141541323,26.69665814003038,0
game8/Clip2,52,3.7537753739271063,26.1918379645258,0
game8/Clip2,53,3.570874652489935,25.69534926219514,0
game8/Clip2,54,3.3934217512125473,24.96588864620277,0
game8/Clip2,55,3.220228069996443,24.25393652551922,0
game8/Clip2,56,3.014312104406608,23.10453552888617,0
game8/Clip2,57,2.855285717098562,22.216867166021533,0
game8/Clip2,58,2.7059573450651975,21.144893103757834,0
game8/Clip2,59,2.5256780027170413,19.910702639036145,0
game8/Clip2,60,2.394042547280116,18.72974927791911,0
game8/Clip2,61,2.2679750413082633,17.59874817786641,0
game8/Clip2,62,2.088564667262475,15.98918726173344,0
game8/Clip2,63,1.957437110251086,14.475346592156116,0
game8/Clip2,64,1.8635405340806135,13.203344786279294,0
game8/Clip2,65,1.7813193523346857,11.848368547117266,0
game8/Clip2,66,1.6830897704156957,10.292588660900263,0
game8/Clip2,67,1.5911913363809795,8.837082768958668,0
game8/Clip2,68,1.5120747290411674,7.352403152447518,0
game8/Clip2,69,1.4692403537007213,5.964731269511147,0
game8/Clip2,70,1.4127082838923894,4.4567908846341915,0
game8/Clip2,71,1.341883521884039,3.7445505948966935,2
game8/Clip2,72,1.2099127668640592,3.9480663230581707,0
game8/Clip2,73,1.1212983493250692,3.9496230172001257,0
game8/Clip2,74,1.0031674413002296,3.9516982290856513,0
game8/Clip2,75,0.9225669070994228,3.8522924223279134,0
game8/Clip2,76,0.8423941541391832,3.753414204372858,0
game8/Clip2,77,0.7417405743213504,3.55617679307159,0
game8/Clip2,78,0.679669179818771,3.262576297948746,0
game8/Clip2,79,0.5983799775894754,2.8780747056465033,0
game8/Clip2,80,0.5471262874467759,2.5007779650454776,0
game8/Clip2,81,0.4774771014759076,2.0398147188159315,0
game8/Clip2,82,0.4372355626922595,1.5895997056898492,0
game8/Clip2,83,0.38796951622278375,0.9773707688580695,0
game8/Clip2,84,0.3403336096566137,0.3853995732377007,0
game8/Clip2,85,0.3205949688860692,-0.18786281281838538,0
game8/Clip2,86,0.300841482985897,-0.975380849021134,0
game8/Clip2,87,0.27372086717423155,-1.6539831359510022,0
game8/Clip2,88,0.26390635684083097,-2.4478843937452535,0
game8/Clip2,89,0.27860651467115677,-3.2053580662098944,0
game8/Clip2,90,0.2768185675288061,-3.9920397866744226,0
game8/Clip2,91,0.2525019850339288,-4.5563473191768376,2
game8/Clip2,92,0.14515270257696528,-4.615141493310478,0
game8/Clip2,93,0.0532351168314771,-4.612827017937717,0
game8/Clip2,94,,,0
game8/Clip2,95,,,0
game8/Clip2,96,,,0
game8/Clip3,0,,,0
game8/Clip3,1,,,0
game8/Clip3,2,2.3088359509808014,56.40467471325046,0
game8/Clip3,3,2.3088359509808014,56.40467471325046,0
game8/Clip3,4,2.3881171725392933,55.85321376583982,0
game8/Clip3,5,,,0
game8/Clip3,6,2.397834755802735,55.3063981317386,0
game8/Clip3,7,2.397834755802735,55.3063981317386,0
game8/Clip3,8,2.4074362454358984,54.76611517251498,0
game8/Clip3,9,2.4262991672243444,53.704684541140495,0
game8/Clip3,10,2.444721904977831,52.668023392637636,0
game8/Clip3,11,2.462719689151036,51.655274697999474,0
game8/Clip3,12,2.5454111630086693,50.66717059533288,0
game8/Clip3,13,2.5779598586290984,48.75391399874736,0
game8/Clip3,14,2.601434531091941,47.374040824535506,0
game8/Clip3,15,2.63155867720528,45.60330254549764,0
game8/Clip3,16,2.667443233538847,43.49395951923986,0
game8/Clip3,17,2.701500667498538,41.492017231105336,1
game8/Clip3,18,,,0
game8/Clip3,19,3.1436320318727264,23.330772621847178,0
game8/Clip3,20,,,0
game8/Clip3,21,4.92796878720701,26.699215138987174,0
game8/Clip3,22,,,0
game8/Clip3,23,5.910525716271256,19.69802352183582,0
game8/Clip3,24,2.660590722940268,31.92833380484695,0
game8/Clip3,25,,,0
game8/Clip3,26,,,0
game8/Clip3,27,7.397197228698259,9.019427232552916,0
game8/Clip3,28,7.6642892844070465,7.023727926629713,0
game8/Clip3,29,8.001343098542186,5.197281179889782,2
game8/Clip3,30,2.5720023571350823,26.948145696188845,0
game8/Clip3,31,8.718986448825062,4.968671346529355,0
game8/Clip3,32,9.092407844597487,4.747857701995407,0
game8/Clip3,33,9.41721353261088,4.424625687415915,0
game8/Clip3,34,8.736936888200342,3.1160701274263958,0
game8/Clip3,35,10.140186245704138,3.5884217072106463,0
game8/Clip3,36,9.062869900767136,3.81011301131885,1
game8/Clip3,37,,,0
game8/Clip3,38,9.509078170540745,6.996504640152601,0
game8/Clip3,39,9.094385702553472,8.737817569978677,0
game8/Clip3,40,,,0
game8/Clip3,41,8.19826328688163,11.928302352045007,0
game8/Clip3,42,7.775655671308648,13.461664615584624,0
game8/Clip3,43,7.2812137577617335,14.43152195757541,0
game8/Clip3,44,6.912699588185658,15.955947396340974,0
game8/Clip3,45,,,0
game8/Clip3,46,6.10040896255252,18.139473353299323,0
game8/Clip3,47,5.67690631147517,18.909023781676794,0
game8/Clip3,48,5.2785260249787775,19.500752410596228,0
game8/Clip3,49,4.913731266632527,20.10495946009941,0
game8/Clip3,50,4.541047913290973,20.722232335242303,0
game8/Clip3,51,4.201713358549333,20.93150217644745,0
game8/Clip3,52,3.8594990156099285,21.35364196022851,0
game8/Clip3,53,3.558940574593548,21.354284092604427,0
game8/Clip3,54,3.2585418342437213,21.354925883785565,0
game8/Clip3,55,3.001184211889972,21.355475719155162,0
game8/Clip3,56,2.7010817209906888,21.356116877409928,0
game8/Clip3,57,2.492495947872106,21.145389060569702,0
game8/Clip3,58,2.249570543193093,20.728403542563264,0
game8/Clip3,59,2.045135213042626,20.52253475241272,2
game8/Clip3,60,1.8445235819335257,21.35794688328525,0
game8/Clip3,61,1.61052028258181,22.881099898687395,0
game8/Clip3,62,-7.1740715897575065,32.75820302452936,0
game8/Clip3,63,1.1948974558415535,25.20419612544498,0
game8/Clip3,64,0.997734295934007,26.436460593269643,1
game8/Clip3,65,0.9853996539407845,26.689013858167847,0
game8/Clip3,66,1.0321734829825095,26.689134884064647,0
game8/Clip3,67,1.0909047022010325,26.436680808642365,0
game8/Clip3,68,1.1607354966159034,25.937759683880866,0
game8/Clip3,69,1.2753004687583491,25.446887924656142,0
game8/Clip3,70,1.3425625732290287,24.96371924591963,0
game8/Clip3,71,1.418997772202542,24.253165378743432,0
game8/Clip3,72,1.5033971666795576,23.33141001168747,0
game8/Clip3,73,1.594434211679858,22.218600142700517,0
game8/Clip3,74,1.7247023102741275,21.14717295447128,0
game8/Clip3,75,1.8502126185055379,20.11487757215363,0
game8/Clip3,76,1.9375624518440555,18.925069379657728,0
game8/Clip3,77,2.02123636657786,17.785331552538302,0
game8/Clip3,78,2.114471522176875,16.338340151799834,0
game8/Clip3,79,2.2348359735653496,15.135194003877782,0
game8/Clip3,80,2.2864602213466787,13.669109139913894,0
game8/Clip3,81,2.4070543114284972,12.285372776473348,0
game8/Clip3,82,2.4906901699541297,10.837345937994055,0
game8/Clip3,83,2.607345262657079,9.342816187483464,0
game8/Clip3,84,2.6840000031038533,7.942628371145016,0
game8/Clip3,85,2.759437017112581,6.5122703600446,0
game8/Clip3,86,2.8300315476785696,5.173730471346819,0
game8/Clip3,87,2.9389011253693353,4.534892401041016,2
game8/Clip3,88,2.963512296253996,4.744574862168065,0
game8/Clip3,89,3.018811293499329,4.9559957081007715,0
game8/Clip3,90,3.077193327731122,5.062056532314687,0
game8/Clip3,91,3.138215868330814,5.06104646314542,0
game8/Clip3,92,3.2013917333407194,4.952956274200138,0
game8/Clip3,93,3.2359257204582677,4.739988785178578,0
game8/Clip3,94,3.358753495693691,4.632555676273787,0
game8/Clip3,95,3.363838545401588,4.319689361278995,0
game8/Clip3,96,3.3985758007500775,4.011187007679913,0
game8/Clip3,97,3.462281355502487,3.706923410926486,0
game8/Clip3,98,3.5274621607910817,3.2107945700500116,0
game8/Clip3,99,3.5910090815338043,2.727102170274257,0
game8/Clip3,100,3.6538561698465193,2.162655386376185,0
game8/Clip3,101,3.71415564337891,1.7047311230556987,1
game8/Clip3,102,3.848807897908963,3.010423386657069,0
game8/Clip3,103,,,0
game8/Clip3,104,5.146670915049945,2.698151532713569,0
game8/Clip3,105,4.316364879099539,7.431864040111234,0
game8/Clip3,106,4.4266893278403945,8.799569909955766,0
game8/Clip3,107,4.575482371744823,9.985345557489772,0
game8/Clip3,108,4.699404955194357,11.381293657869286,0
game8/Clip3,109,4.826025608019733,12.561854656022453,0
game8/Clip3,110,4.959272253207362,13.80419379212064,0
game8/Clip3,111,5.0960293377158505,14.945707825655262,0
game8/Clip3,112,5.196198972117345,15.967774646274789,0
game8/Clip3,113,5.3403307615244895,17.032357721280643,0
game8/Clip3,114,5.450002606274581,18.14270488534776,0
game8/Clip3,115,5.553236475275882,18.909554451374074,0
game8/Clip3,116,5.659502223182206,19.69892564760816,0
game8/Clip3,117,5.768935405589348,20.51182541829038,0
game8/Clip3,118,5.874644763294555,21.13753096647955,0
game8/Clip3,119,5.939340988172072,21.77764494357021,0
game8/Clip3,120,6.041658271480997,22.21248765796404,0
game8/Clip3,121,6.101452652778493,22.654139611163224,0
game8/Clip3,122,6.198130804182726,22.877487144342695,0
game8/Clip3,123,6.295574585520393,23.10260344900235,0
game8/Clip3,124,6.358312934255159,23.55825221145042,0
game8/Clip3,125,6.447964571393048,23.558235463801093,0
game8/Clip3,126,6.447964571393048,23.558235463801093,0
game8/Clip3,127,6.492795708235882,23.558227088982935,0
game8/Clip3,128,6.582468620572749,23.55821033735922,0
game8/Clip3,129,6.5724243939706986,23.32944020448278,0
game8/Clip3,130,6.60695096755228,23.102420103705384,0
game8/Clip3,131,6.651447274167353,23.102393903296417,0
game8/Clip3,132,6.729871235971911,22.877068397470847,0
game8/Clip3,133,6.664966918251766,22.431761753622247,2
game8/Clip3,134,6.719373624655844,22.653531171928332,0
game8/Clip3,135,6.761857011634644,23.558176826160068,0
game8/Clip3,136,6.81686879990397,24.72960355854847,0
game8/Clip3,137,6.874120936437192,25.94873649952866,0
game8/Clip3,138,6.89767999624292,26.450405565643223,0
game8/Clip3,139,6.933753122756255,27.218550467817046,0
game8/Clip3,140,6.958305934434128,27.741380589498377,0
game8/Clip3,141,7.044591711859367,28.542477681452887,0
game8/Clip3,142,6.947246310003912,28.542068069844802,1
game8/Clip3,143,6.752605627386929,28.54124905752901,0
game8/Clip3,144,6.606668954448178,28.540634982758743,0
game8/Clip3,145,,,0
game8/Clip3,146,6.023034092101525,33.48564441195008,0
game8/Clip3,147,,,0
game8/Clip3,148,,,0
game8/Clip3,149,,,0
game8/Clip3,150,,,0
game8/Clip3,151,5.055850789277701,23.330029539966496,0
game8/Clip3,152,4.817365863603312,22.214170386010903,0
game8/Clip3,153,4.630746389132009,21.140421043467942,0
game8/Clip3,154,4.407519159983055,19.904273719335187,0
game8/Clip3,155,4.234123581159667,18.52924467538572,0
game8/Clip3,156,4.029325550352656,17.040157430569618,0
game8/Clip3,157,3.835085111163603,15.80399926122463,0
game8/Clip3,158,3.653397944629005,14.136421615747789,0
game8/Clip3,159,3.5195412527153915,12.574790693901573,0
game8/Clip3,160,3.35882065948363,11.109938646043902,0
game8/Clip3,161,3.210102623539789,9.599481389630908,0
game8/Clip3,162,3.0407388291126516,8.061217400488017,0
game8/Clip3,163,2.9143918382640948,6.625390242413099,0
game8/Clip3,164,2.7994543729479235,5.174233685621071,0
game8/Clip3,165,2.669644498156674,3.621050357908478,0
game8/Clip3,166,2.552621178367298,2.8418716730738596,2
game8/Clip3,167,2.4295348682564093,3.036474292359865,0
game8/Clip3,168,2.3342906454724335,3.2324901368119066,0
game8/Clip3,169,2.242596771905005,3.332028226518341,0
game8/Clip3,170,2.12123809978107,3.4325863062763515,0
game8/Clip3,171,2.009519925781952,3.3362460900515054,0
game8/Clip3,172,1.893017574727253,3.3383543690428077,0
game8/Clip3,173,1.8168236956892254,3.14456304442769,0
game8/Clip3,174,1.6837740168778432,2.9538219188887376,0
game8/Clip3,175,1.586837160177786,2.669514860200833,0
game8/Clip3,176,1.5259100996135557,2.295854039999735,1
game8/Clip3,177,1.614066401079766,3.148267283421328,0
game8/Clip3,178,1.8078277810733032,4.346460311650521,0
game8/Clip3,179,2.0602129098426416,5.955407985133184,0
game8/Clip3,180,2.2791750808147113,7.4612806678580315,0
game8/Clip3,181,2.490337677092524,8.825187310029166,0
game8/Clip3,182,2.719492840399544,10.143673532532564,0
game8/Clip3,183,2.9308811777836543,11.400651134926783,0
game8/Clip3,184,3.1544666896895204,12.73015674608472,0
game8/Clip3,185,3.393340328279589,13.977784148141021,0
game8/Clip3,186,3.5714059188908327,14.957590171914445,0
game8/Clip3,187,3.7956494990906107,15.977424889628676,0
game8/Clip3,188,3.989645501413171,17.04039350350332,0
game8/Clip3,189,4.2325007815266416,18.14875402082702,0
game8/Clip3,190,4.400285437626488,18.91450178693247,0
game8/Clip3,191,4.614767121660921,19.702680206389672,0
game8/Clip3,192,4.793300768585613,20.51463126091585,0
game8/Clip3,193,4.973617885638794,21.139624414866592,0
game8/Clip3,194,5.110530447570895,21.56422845439663,0
game8/Clip3,195,5.29802225163414,22.213509748094797,0
game8/Clip3,196,5.390749442482573,22.433265710828607,0
game8/Clip3,197,5.609387933515719,24.02094327436617,0
game8/Clip3,198,5.706328466542115,24.255000880425662,0
game8/Clip3,199,5.8422484951953795,24.25505907081475,0
game8/Clip3,200,6.044643843873336,23.558310807367878,0
game8/Clip3,201,6.386254920327326,24.255291972071884,0
game8/Clip3,202,6.32255690036718,23.788773158766613,0
game8/Clip3,203,6.3675537757203795,23.78877390401086,0
game8/Clip3,204,6.492795708235882,23.558227088982935,0
game8/Clip3,205,6.661761141106735,23.329405488518503,0
game8/Clip3,206,6.740450366252429,23.102341496308313,0
game8/Clip3,207,6.386254920327326,24.255291972071884,0
game8/Clip3,208,6.90722894412149,22.876928727848142,2
game8/Clip3,209,6.941302180334992,23.558143304354395,0
game8/Clip3,210,7.0335832792728965,24.491737765880394,0
game8/Clip3,211,7.141527374837124,25.70142924212464,0
game8/Clip3,212,7.227264702329487,26.451184564273813,0
game8/Clip3,213,7.301441014663892,26.961450616358626,0
game8/Clip3,214,7.328970444189725,27.480126768028924,1
game8/Clip3,215,7.172095168085618,27.21927522509077,0
game8/Clip3,216,6.085316610184626,24.72898449232053,0
game8/Clip3,217,5.9482556432605485,24.728868506315724,0
game8/Clip3,218,,,0
game8/Clip3,219,6.286521796915666,24.021093281582914,0
game8/Clip3,220,6.081323825102996,23.329631044538555,0
game8/Clip3,221,5.866597240397698,22.21272827050481,0
game8/Clip3,222,5.659984492075824,21.13802970875871,0
game8/Clip3,223,5.40858993141249,19.699827373746277,0
game8/Clip3,224,5.214875660846962,18.52470166633356,0
game8/Clip3,225,5.02934649616595,17.399229132714943,0
game8/Clip3,226,4.806809615715931,15.970457666133104,0
game8/Clip3,227,4.594186521800937,14.453641215110277,0
game8/Clip3,228,4.393896437281892,13.02480632431193,0
game8/Clip3,229,4.239782469822367,11.530782907096723,0
game8/Clip3,230,4.060391643092427,9.991619478670357,0
game8/Clip3,231,3.85930335651423,8.551730620221283,0
game8/Clip3,232,3.7350904595521457,7.200553212596624,0
game8/Clip3,233,2.184318540045825,3.333082855637554,0
game8/Clip3,234,3.4419227550420235,5.163660463488098,2
game8/Clip3,235,3.3500968310993318,5.165171659865183,0
game8/Clip3,236,3.2297620353408156,5.059531154868307,0
game8/Clip3,237,3.1100941399718467,4.9544761138969475,0
game8/Clip3,238,3.0240372653254606,4.743555924981842,0
game8/Clip3,239,2.911683184826665,4.43113874222157,0
game8/Clip3,240,2.804241189751988,4.021574319726681,0
game8/Clip3,241,2.699033307846879,3.6205262438376633,0
game8/Clip3,242,2.5995703532716337,3.1302627910299523,0
game8/Clip3,243,2.5063815146704345,2.5578388155290037,0
game8/Clip3,244,2.415967344478842,2.002458584166991,0
game8/Clip3,245,2.332268422400722,1.374692559519899,0
game8/Clip3,246,2.264298615214366,1.6431211622797453,1
game8/Clip3,247,2.267302128436936,3.4299557883610454,0
game8/Clip3,248,2.2140099589923925,5.291970441613894,0
game8/Clip3,249,2.197678240664806,7.104397926119263,0
game8/Clip3,250,2.1957427997033765,8.70122819456583,0
game8/Clip3,251,2.1702317484702345,10.15029767830127,0
game8/Clip3,252,2.1429744914107745,11.698554512338799,0
game8/Clip3,253,2.1258830816500396,13.0463435118558,0
game8/Clip3,254,2.1140050749593975,14.31126346315055,0
game8/Clip3,255,2.107881045080036,15.473876443203121,0
game8/Clip3,256,2.114471522176875,16.338340151799834,0
game8/Clip3,257,2.121291575320934,17.232917031001545,0
game8/Clip3,258,2.094724898395844,17.971497650778357,0
game8/Clip3,259,2.114977926341263,18.539060915485628,0
game8/Clip3,260,2.1082184369140773,18.731024683738482,0
game8/Clip3,261,2.13567012455783,19.118931323279185,0
game8/Clip3,262,2.1221046047036034,19.51265211275683,0
game8/Clip3,263,2.1221046047036034,19.51265211275683,0
game8/Clip3,264,2.128911883719805,19.315080084758346,2
game8/Clip3,265,2.1701800236837894,19.314917284853834,0
game8/Clip3,266,2.1221046047036034,19.51265211275683,0
game8/Clip3,267,2.0658150353568345,21.14638041220442,0
game8/Clip3,268,2.021338803974548,22.437242621762056,0
game8/Clip3,269,1.974774746424344,23.78870115021917,0
game8/Clip3,270,1.9342683203400508,24.964345152675733,0
game8/Clip3,271,1.8921128233747042,26.18785119773511,0
game8/Clip3,272,1.8571323015298449,27.20311333476318,0
game8/Clip3,273,1.8301273239716662,27.986896131020707,0
game8/Clip3,274,1.802434706373628,28.79063674550262,0
game8/Clip3,275,1.7740278454933314,29.615107301187795,0
game8/Clip3,276,1.7643953745372647,29.89467668814801,1
game8/Clip3,277,1.9702874988456374,29.616123454620098,0
game8/Clip3,278,2.1822930126825213,29.064942678168034,0
game8/Clip3,279,3.14175450237624,2.2651110066644864,0
game8/Clip3,280,3.2249884230275287,2.356666649447521,0
game8/Clip3,281,3.1946322958650635,26.19064055468684,0
game8/Clip3,282,3.4847440740284203,24.96598524702018,0
game8/Clip3,283,3.719954188991307,23.558745078156186,0
game8/Clip3,284,4.075874355783579,22.656134107814598,0
game8/Clip3,285,4.330904148920381,21.141117697773936,0
game8/Clip3,286,4.573017798117666,19.70283024469996,0
game8/Clip3,287,4.843898756302398,18.33539120534354,0
game8/Clip3,288,5.094175180968848,16.673812125875862,0
game8/Clip3,289,5.300200707690228,2.1311970771827005,0
game8/Clip3,290,5.578143285870043,13.32459703452139,0
game8/Clip3,291,5.779676524546934,11.80614542947032,0
game8/Clip3,292,5.9917663699318835,10.104209574183436,0
game8/Clip3,293,5.8724129347500025,3.36503009344532,0
game8/Clip3,294,5.995147831075329,3.4620262888801543,0
game8/Clip3,295,6.500674673266243,5.440617764507363,0
game8/Clip3,296,6.657860934890589,3.6502167595525385,0
game8/Clip3,297,6.7655407437891775,2.2895958802268774,0
game8/Clip3,298,6.935494579807971,1.194890225134737,2
game8/Clip3,299,7.102431582764502,1.1915671725221046,0
game8/Clip3,300,7.269417739156639,1.1882431414598191,0
game8/Clip3,301,7.4198739721003015,1.0093930381324325,0
game8/Clip3,302,7.568926920682858,0.8322110448465708,0
game8/Clip3,303,7.73512744047646,0.5706350940748256,0
game8/Clip3,304,7.862665555376851,0.2293832089837226,0
game8/Clip3,305,7.854619367255868,1.7147310091635715,1
game8/Clip3,306,7.796613100499549,3.429740792037776,0
game8/Clip3,307,7.692013058623451,5.202342273212513,0
game8/Clip3,308,7.633628745265292,6.670407561114367,0
game8/Clip3,309,7.527420435817592,8.123647743011276,0
game8/Clip3,310,7.437679673178155,9.54648320509159,0
game8/Clip3,311,7.321426279833263,10.782041346907429,0
game8/Clip3,312,7.260648612919582,11.938081697797742,0
game8/Clip3,313,7.15979956569599,13.153776015862586,0
game8/Clip3,314,7.023698143315467,13.946339717372057,0
game8/Clip3,315,6.959437969529552,14.764413492330126,0
game8/Clip3,316,6.8154104142560925,15.610569721919823,0
game8/Clip3,317,6.726653998825712,16.13201017607371,0
game8/Clip3,318,6.636076665088105,16.664148453753842,0
game8/Clip3,319,6.494937455653232,17.025488491104767,0
game8/Clip3,320,6.423643994275493,17.208011704181104,0
game8/Clip3,321,6.351861339284457,17.391787334918074,0
game8/Clip3,322,6.19907299062457,17.577268241342825,0
game8/Clip3,323,6.19907299062457,17.577268241342825,0
game8/Clip3,324,,,2
game8/Clip3,325,5.930901201555542,17.951799435345354,0
game8/Clip3,326,5.93824867022264,19.30005251953154,0
game8/Clip3,327,5.896316102038555,20.51145908219057,0
game8/Clip3,328,5.8455044657696025,21.56279663988276,0
game8/Clip3,329,5.792744658075627,22.654443582163804,0
game8/Clip3,330,5.7690267437452105,23.329752402150834,0
game8/Clip3,331,5.758567727404502,24.490926409227132,0
game8/Clip3,332,5.680914490413023,24.96830835763367,0
game8/Clip3,333,5.608489993053765,25.698818840823474,0
game8/Clip3,334,5.574816920698414,26.1957377410782,0
game8/Clip3,335,5.534295430881566,26.4471831020708,0
game8/Clip3,336,5.446299126088886,26.700556303381607,0
game8/Clip3,337,5.404921682176376,26.956115302773576,0
game8/Clip3,338,5.404921682176376,26.956115302773576,1
game8/Clip3,339,5.594288221794178,26.956648031258897,0
game8/Clip3,340,5.736354688993259,26.95704769454703,0
game8/Clip3,341,5.917920577211554,26.701776609912876,0
game8/Clip3,342,6.136317858639421,26.196940200294907,0
game8/Clip3,343,6.304811141769204,25.700004511606352,0
game8/Clip3,344,6.470648493433093,25.21090193713812,0
game8/Clip3,345,6.623443985003426,24.49147677357745,0
game8/Clip3,346,6.761857011634644,23.558176826160068,0
game8/Clip3,347,6.940223025917123,22.653313711368096,0
game8/Clip3,348,7.058132169635737,21.560434300666223,0
game8/Clip3,349,7.214262535309692,20.507668779816797,0
game8/Clip3,350,7.3109112796987334,19.294637462251387,0
game8/Clip3,351,7.403465266941143,18.1329991419576,0
game8/Clip3,352,7.507721335548181,16.658685531259124,0
game8/Clip3,353,7.618557516566776,15.433392058483937,0
game8/Clip3,354,7.687871716133004,13.780174266737237,0
game8/Clip3,355,7.76471527644162,12.381351066559974,0
game8/Clip3,356,7.8138103021572975,10.77640429773049,0
game8/Clip3,357,7.8711861619993515,9.407928676555327,0
game8/Clip3,358,7.924442772408351,7.745805546289033,0
game8/Clip3,359,7.953093712251969,6.31758374236876,0
game8/Clip3,360,7.979908249132328,4.980904860503867,0
game8/Clip3,361,8.003705055130252,3.4260293318387975,0
game8/Clip3,362,8.015778257435842,1.8945461037054026,0
game8/Clip3,363,8.111221560239347,1.9848669149563019,2
game8/Clip3,364,8.207154494406486,2.07565107880166,0
game8/Clip3,365,,,0
game8/Clip3,366,8.457957174621566,2.2575354383596697,0
game8/Clip3,367,8.572880155220162,2.2553583846088525,0
game8/Clip3,368,8.64746834509079,2.1603593709800495,0
game8/Clip3,369,8.738506231162239,1.9728296001546834,0
game8/Clip3,370,8.82866195440149,1.7871170045833864,0
game8/Clip3,371,8.877702073956312,1.513554752008957,0
game8/Clip3,372,8.941987525130422,1.1549489208936234,0
game8/Clip3,373,8.993038164382904,0.7168436847597575,0
game8/Clip3,374,9.015625114591218,0.2896167247568954,0
game8/Clip3,375,9.052788477923356,-0.210163961930472,0
game8/Clip3,376,9.077221849394075,-0.775521481261343,0
game8/Clip3,377,9.089360533879198,-1.3995238298602064,0
game8/Clip3,378,9.089774558743452,-2.074917533311906,0
game8/Clip3,379,9.090172459089288,-2.7240075068408043,0
game8/Clip3,380,9.068964297132045,-3.483287962955056,0
game8/Clip3,381,9.048720536751944,-4.208041557625821,0
game8/Clip3,382,9.016244048289161,-4.838514662684328,0
game8/Clip3,383,,,0
game8/Clip3,384,,,0
game8/Clip3,385,8.6497730470606,9.003142115869297,0
game8/Clip3,386,-5.456607397248862,32.46852335004003,0
game8/Clip3,387,,,0
game8/Clip3,388,,,0
game8/Clip3,389,,,0
game8/Clip3,390,,,0
game8/Clip3,391,,,0
game8/Clip3,392,,,0
game8/Clip3,393,,,0
game8/Clip3,394,,,0
game8/Clip3,395,,,0
game8/Clip3,396,,,0
game8/Clip3,397,15.741201577213506,34.20737245564592,0
game8/Clip3,398,-5.456607397248862,32.46852335004003,0
game8/Clip3,399,-5.31378092918051,32.16884923340355,0
game8/Clip3,400,-5.131764891334931,31.576566895776597,0
game8/Clip3,401,,,0
game8/Clip3,402,,,0
game8/Clip3,403,,,0
game8/Clip3,404,,,0
game8/Clip3,405,,,0
game8/Clip3,406,,,0
game8/Clip3,407,,,0
game8/Clip3,408,15.636278768774426,36.53630319830208,0
game8/Clip3,409,15.580751047192825,36.53568288585914,0
game8/Clip3,410,15.525377349104318,36.192799305037084,0
game8/Clip3,411,15.470123289388946,36.19219859997211,0
game8/Clip3,412,15.414874573040885,36.19159795299858,0
game8/Clip4,0,,,0
game8/Clip4,1,,,0
game8/Clip4,2,5.4192444535406326,6.4716456049723625,0
game8/Clip4,3,5.410886753606221,7.175999832297529,0
game8/Clip4,4,5.402241955014672,7.904549610360291,0
game8/Clip4,5,5.359893849863385,8.659009122738064,0
game8/Clip4,6,5.346053389660329,9.307842399024029,0
game8/Clip4,7,5.29352674830857,9.841382947920867,0
game8/Clip4,8,5.2706045879692045,10.249756400534634,0
game8/Clip4,9,5.251064785185946,10.805743841363462,0
game8/Clip4,10,5.227256498013949,11.231823541372608,0
game8/Clip4,11,5.160128191942163,11.376250785616664,0
game8/Clip4,12,5.128152794458434,11.521172628733709,0
game8/Clip4,13,5.060309811715673,11.667369958059549,0
game8/Clip4,14,5.024641767520622,11.667751227930204,0
game8/Clip4,15,4.947440099432641,11.37857877516577,0
game8/Clip4,16,4.911999851910809,11.378966688400006,0
game8/Clip4,17,4.871198434794569,11.09300218450054,0
game8/Clip4,18,4.828380906701699,10.670426617435586,0
game8/Clip4,19,4.786342273287224,10.255538132625674,0
game8/Clip4,20,4.745061472781122,9.848128866847304,0
game8/Clip4,21,4.702449033595209,9.316061340786627,0
game8/Clip4,22,4.627380516818134,8.796914820691757,1
game8/Clip4,23,4.4738338180523884,10.122515998283841,0
game8/Clip4,24,4.311752520494921,11.675371583829728,0
game8/Clip4,25,4.100432733821844,12.873765584980571,0
game8/Clip4,26,3.9161645586733576,13.813376140826232,0
game8/Clip4,27,3.762567447199291,14.789798811495086,0
game8/Clip4,28,3.567028260600167,15.463156765221536,0
game8/Clip4,29,3.36839460660093,15.980368815399292,0
game8/Clip4,30,3.2076908742963575,16.331145694823565,0
game8/Clip4,31,3.0054804874595766,16.686902755133932,0
game8/Clip4,32,2.8481558557864637,16.687888767322693,0
game8/Clip4,33,2.6908750191927626,16.688874505031347,0
game8/Clip4,34,2.533637959393903,16.689859968374474,0
game8/Clip4,35,2.3485547598026715,16.336799654205546,0
game8/Clip4,36,2.2375416156268133,16.162249653873833,2
game8/Clip4,37,2.0882714389868964,17.05170555993922,0
game8/Clip4,38,1.9449553103479496,18.73175319730385,0
game8/Clip4,39,1.808361726928991,20.115013064011166,0
game8/Clip4,40,1.6645922930971409,21.570941541038227,0
game8/Clip4,41,1.5130662873646057,23.10541949560949,0
game8/Clip4,42,1.363630922556266,24.488129689444317,0
game8/Clip4,43,1.218246825372719,25.6913432915554,0
game8/Clip4,44,1.0789511907863678,26.689255919997628,0
game8/Clip4,45,0.9477811057439048,27.459258116012844,0
game8/Clip4,46,0.8612668784608997,28.248744305462328,1
game8/Clip4,47,0.8266882507657969,27.98314814389136,0
game8/Clip4,48,0.8451014345646604,26.688650840682055,0
game8/Clip4,49,0.8961009826919016,25.690794753119942,0
game8/Clip4,50,0.9246653775990288,24.252953744044223,0
game8/Clip4,51,0.9519085564938109,22.88161855700935,0
game8/Clip4,52,1.0430947461153246,21.148756603406923,0
game8/Clip4,53,1.077036822537865,19.715394066909784,0
game8/Clip4,54,1.1092907671664514,18.353320771530313,0
game8/Clip4,55,1.169426416954363,16.520877104554696,0
game8/Clip4,56,1.24507145100173,15.142761340637401,0
game8/Clip4,57,1.2781186933106115,13.208823868901355,0
game8/Clip4,58,1.3273953860822396,11.70727256086141,0
game8/Clip4,59,1.3894602697866736,10.024152024846671,0
game8/Clip4,60,1.4217067966604864,8.332678505185221,0
game8/Clip4,61,1.4833140053837117,6.763084263254085,0
game8/Clip4,62,-7.125103511908437,32.15528839212258,0
game8/Clip4,63,1.5833323105599946,3.6404234291154984,0
game8/Clip4,64,1.5895421720091956,3.5409826640091637,2
game8/Clip4,65,1.5373595904096347,3.443101577513208,0
game8/Clip4,66,1.5499178160204106,3.2467524728374655,0
game8/Clip4,67,1.539706829313608,2.9564785827680407,0
game8/Clip4,68,1.5296498908139398,2.6705839141810346,0
game8/Clip4,69,1.5259100996135557,2.295854039999735,0
game8/Clip4,70,1.528328712044853,1.8376628544774243,0
game8/Clip4,71,1.5366646648469127,1.302359483216196,0
game8/Clip4,72,1.5506051971660733,0.6970594868998944,0
game8/Clip4,73,1.5640891755208157,0.11158313193767673,0
game8/Clip4,74,1.6033629113260957,-0.4555905636266077,1
game8/Clip4,75,1.6915971305391047,0.6093766790478384,0
game8/Clip4,76,1.8144939621342546,2.1978018722538137,0
game8/Clip4,77,1.96477144417215,3.633620920977425,0
game8/Clip4,78,2.0966358042678257,5.185800102043949,0
game8/Clip4,79,2.217720611432103,6.6359597029691955,0
game8/Clip4,80,2.380743417205545,8.194616653705626,0
game8/Clip4,81,2.501725963011918,9.475871606786304,0
game8/Clip4,82,2.6649984443339494,10.835350373008032,0
game8/Clip4,83,2.806417537698937,12.132459500675335,0
game8/Clip4,84,2.922691778692412,13.349084194790409,0
game8/Clip4,85,3.082926983150255,14.630094083241026,0
game8/Clip4,86,3.254476894710838,15.808088732759574,0
game8/Clip4,87,3.3947786518126444,17.04393261109267,0
game8/Clip4,88,3.545373248570036,17.964048779438496,0
game8/Clip4,89,3.7014238645089432,18.91750061567556,0
game8/Clip4,90,3.86323247601781,19.906133161813635,0
game8/Clip4,91,4.031027505881883,20.723605877793116,0
game8/Clip4,92,4.160801899764484,21.566078635607553,0
game8/Clip4,93,4.292382951397044,21.996891183409016,0
game8/Clip4,94,4.471613181993244,22.65574444143396,0
game8/Clip4,95,4.610571600168764,23.33020257398574,0
game8/Clip4,96,4.749913788084253,23.788747112441808,0
game8/Clip4,97,4.888003011944915,24.020783464098002,0
game8/Clip4,98,4.981972066533218,24.254690767330693,0
game8/Clip4,99,5.122134349862087,24.490521414594333,0
game8/Clip4,100,5.258452727268469,24.490608160847984,0
game8/Clip4,101,5.349349882433159,24.490666003288815,0
game8/Clip4,102,5.485722979305044,24.490752784363213,0
game8/Clip4,103,5.570441045455919,24.2549427039966,0
game8/Clip4,104,5.699625699045223,24.02096326497184,0
game8/Clip4,105,5.7379224466601215,23.78876347597288,0
game8/Clip4,106,5.8654822941059646,23.558344276191253,0
game8/Clip4,107,5.939925226600713,23.10281286320679,0
game8/Clip4,108,6.01323320300002,22.654226476922712,0
game8/Clip4,109,6.085431982235133,22.21242749321064,0
game8/Clip4,110,6.156546549591557,21.777263022037562,0
game8/Clip4,111,6.2266011455372485,21.34858473106012,0
game8/Clip4,112,6.261238332520996,21.136632753891217,2
game8/Clip4,113,6.348145281997962,22.212066407055932,0
game8/Clip4,114,6.438445666936224,23.329492268172704,0
game8/Clip4,115,6.512413019838837,24.021143323849998,0
game8/Clip4,116,6.598505600517672,24.96927898615631,0
game8/Clip4,117,6.665743321010347,25.45489835915891,0
game8/Clip4,118,6.745239078966525,26.19824421046508,0
game8/Clip4,119,6.815084282888872,26.704097994419573,0
game8/Clip4,120,6.874170589917739,26.960248613477567,0
game8/Clip4,121,6.886096732416666,27.218405552909193,1
game8/Clip4,122,8.182642879690095,23.328814478908214,0
game8/Clip4,123,8.27223358615718,23.328779664256178,0
game8/Clip4,124,5.941179143733625,25.946944089375954,0
game8/Clip4,125,5.50357166194046,25.209672721604907,0
game8/Clip4,126,5.023192688698709,24.02081341301688,0
game8/Clip4,127,4.650065951828025,22.878706249145715,0
game8/Clip4,128,4.161390941463816,21.780771186758297,0
game8/Clip4,129,3.7357296761209797,20.31246904135723,0
game8/Clip4,130,3.331787695326852,18.919086731740983,0
game8/Clip4,131,2.9479440206366117,17.595032755177304,0
game8/Clip4,132,2.563411796397599,15.64116494954069,0
game8/Clip5,0,,,0
game8/Clip5,1,,,0
game8/Clip5,2,3.17485123111902,6.276807475500953,0
game8/Clip5,3,3.128947124929806,6.972541469429543,0
game8/Clip5,4,3.0788425597334386,7.814212456386146,0
game8/Clip5,5,3.029539299548575,8.562895504962977,0
game8/Clip5,6,2.981515454680261,9.207052350688869,0
game8/Clip5,7,2.897907006317584,9.870848179867414,0
game8/Clip5,8,2.8499428220817493,10.416041498066939,0
game8/Clip5,9,2.800806449202102,10.974558704214466,0
game8/Clip5,10,2.7543327195055722,11.402583556064856,0
game8/Clip5,11,2.7110295132208253,11.692482346915122,0
game8/Clip5,12,2.631447019315974,11.986364392384486,0
game8/Clip5,13,2.5912848441999783,12.13467517776524,0
game8/Clip5,14,2.550872300516658,12.283910523599886,0
game8/Clip5,15,2.5195921493087803,12.135413549320955,0
game8/Clip5,16,2.4885097215690832,11.987855232165948,0
game8/Clip5,17,2.4576231484734903,11.841226700223771,0
game8/Clip5,18,2.4318226422290805,11.550341188964634,0
game8/Clip5,19,2.40634164765289,11.263057983570466,0
game8/Clip5,20,2.3861310196187713,10.838542981451228,0
game8/Clip5,21,2.371230072687445,10.28437277717742,0
game8/Clip5,22,2.3566851648365077,9.743443761589043,0
game8/Clip5,23,2.3473644207089395,9.085081634709901,1
game8/Clip5,24,2.7271790939416882,9.872948069699563,0
game8/Clip5,25,3.354822662806951,11.39601085941854,0
game8/Clip5,26,3.8463834072503835,12.420670815227346,0
game8/Clip5,27,4.322626661726273,13.336174740501983,0
game8/Clip5,28,4.775370878759317,13.965813657578035,0
game8/Clip5,29,4.203327003477399,-0.905780556692039,0
game8/Clip5,30,5.564622723224347,15.278540551845408,0
game8/Clip5,31,5.884973989629976,15.61726467099121,0
game8/Clip5,32,6.117439921677537,15.615591963931708,0
game8/Clip5,33,6.396862959071347,15.785955566197604,0
game8/Clip5,34,6.591410017164474,15.7845852882137,0
game8/Clip5,35,6.8154104142560925,15.610569721919823,0
game8/Clip5,36,6.999307589850767,15.437941400547508,2
game8/Clip5,37,7.147171141648703,15.954331810748277,0
game8/Clip5,38,7.432052680462839,17.944091237678656,0
game8/Clip5,39,7.6992706062575085,19.491626208581803,0
game8/Clip5,40,7.93953018200259,21.13273340587796,0
game8/Clip5,41,,,0
game8/Clip5,42,,,0
game8/Clip5,43,8.791462575630705,25.952420183384575,0
game8/Clip5,44,8.986773875444582,27.224793351742726,0
game8/Clip5,45,9.16846414738437,28.281727888726866,0
game8/Clip5,46,9.356449231618948,29.375280811754266,0
game8/Clip5,47,9.402966528923866,29.936118122298602,1
game8/Clip5,48,,,0
game8/Clip5,49,7.824097865792527,26.96292096161184,0
game8/Clip5,50,7.247727957974027,25.94945429031021,0
game8/Clip5,51,6.57789126184775,24.491447786083963,0
game8/Clip5,52,5.932447567052676,22.877696370532398,0
game8/Clip5,53,5.273800906246307,21.13892696879046,0
game8/Clip5,54,8.612461375488012,21.99012108141532,0
game8/Clip5,55,4.0696795288713945,17.588903473275966,0
game8/Clip5,56,,,0
game8/Clip5,57,2.9864413827945246,13.821560379563353,0
game8/Clip5,58,,,0
game8/Clip5,59,2.037740268288395,10.84253152638567,0
game8/Clip5,60,1.6104998857455868,9.094661833174523,0
game8/Clip5,61,1.1907334381864418,7.357077410925547,0
game8/Clip5,62,0.8340511671213837,5.752293361276361,0
game8/Clip5,63,1.151252165525299,-1.5995919503140579,2
game8/Clip5,64,-7.125103511908437,32.15528839212258,0
game8/Clip5,65,-7.125103511908437,32.15528839212258,0
game8/Clip5,66,-0.47239476929930796,3.4792959430748738,0
game8/Clip5,67,-0.7677669135144924,3.288895185043624,0
game8/Clip5,68,-1.0917417539480079,2.9093848285086303,0
game8/Clip5,69,-1.3524536188448184,2.536605525019291,0
game8/Clip5,70,-1.705863410950754,2.0818892984848736,0
game8/Clip5,71,-1.9532475447085926,1.5479287129801527,0
game8/Clip5,72,-2.205714948972132,0.9440746862551475,0
game8/Clip5,73,-2.434701280201458,0.27753100641745154,0
game8/Clip5,74,-2.665913396338223,-0.44308162890506186,0
game8/Clip5,75,-2.8469018976848735,-1.2107049162541421,0
game8/Clip5,76,-3.044693305052482,-1.943800797529564,0
game8/Clip5,77,-3.2119367921323985,-2.8514771884162844,0
game8/Clip5,78,-3.370097542522904,-3.709859069833234,0
game8/Clip5,79,,,0
game8/Clip5,80,6.064263369293317,25.454004533569808,0
game8/Clip5,81,6.270229690793825,20.304720138227147,0
game8/Clip5,82,6.100909639029672,20.305237812194996,0
game8/Clip5,83,5.981252481056828,20.511214812354638,0
game8/Clip5,84,5.889330701864236,20.305884687191625,0
game8/Clip5,85,,,0
game8/Clip5,86,,,0
game8/Clip6,0,,,0
game8/Clip6,1,,,0
game8/Clip6,2,2.608818087805763,11.548426474510755,0
game8/Clip6,3,2.6216852880637616,11.118193504766442,0
game8/Clip6,4,2.5995596908355534,10.696219197652285,0
game8/Clip6,5,2.6122774312526453,10.281494850883712,0
game8/Clip6,6,2.5948490900295065,9.740486166146425,1
game8/Clip6,7,3.185743280769913,10.970199715565764,0
game8/Clip6,8,3.8463834072503835,12.420670815227346,0
game8/Clip6,9,4.3976692459647655,13.49234632598649,0
game8/Clip6,10,4.896313657181573,14.451154143961046,0
game8/Clip6,11,5.406120290532948,15.110947654529117,0
game8/Clip6,12,5.852486229522103,15.789789843902758,0
game8/Clip6,13,6.185698308653919,16.31154748123545,0
game8/Clip6,14,6.508673146335594,16.486573959604232,0
game8/Clip6,15,6.834060111207503,16.66290761759888,0
game8/Clip6,16,7.071731536318427,16.66141804206588,0
game8/Clip6,17,7.309502609418846,16.65992784200173,0
game8/Clip6,18,7.507721335548181,16.658685531259124,0
game8/Clip6,19,7.6805941232068715,16.301709598654107,2
game8/Clip6,20,2.6541625822570274,3.226673870775828,0
game8/Clip6,21,8.227868838703284,19.291020129287553,0
game8/Clip6,22,2.767371650114067,3.322531664080944,0
game8/Clip6,23,8.798760105517896,22.651483692757004,0
game8/Clip6,24,9.159718082770132,24.25647935337349,0
game8/Clip6,25,9.400754670134454,25.95359078303472,0
game8/Clip6,26,9.632366703995167,27.487659654525718,0
game8/Clip6,27,9.899985004370729,28.82664792066174,0
game8/Clip6,28,10.125890935743811,29.658349884165293,0
game8/Clip6,29,10.335124264719473,30.801219042845684,0
game8/Clip6,30,10.442546140514507,31.38797617859827,1
game8/Clip6,31,8.322789393719889,24.0215443812122,0
game8/Clip6,32,,,0
game8/Clip6,33,8.536322519431327,28.27921798131217,0
game8/Clip6,34,7.871636006506349,26.963054696545942,0
game8/Clip6,35,7.281100196573785,25.701666901740637,0
game8/Clip6,36,6.658454083756294,24.255408506591376,0
game8/Clip6,37,6.01323320300002,22.654226476922712,0
game8/Clip6,38,5.445405543640675,21.138528262092283,0
game8/Clip6,39,4.907098656394383,19.70162962818162,0
game8/Clip6,40,,,0
game8/Clip6,41,3.8327483081817055,16.5037660172581,0
game8/Clip6,42,3.3452637551464415,14.793112485707873,0
game8/Clip6,43,2.8894917060895287,13.19374269963654,0
game8/Clip6,44,2.4318226422290805,11.550341188964634,0
game8/Clip6,45,2.010684837952139,9.881760682599285,0
game8/Clip6,46,-7.533684071953083,34.31185800849494,0
game8/Clip6,47,-7.429500623242975,33.99576742627807,0
game8/Clip6,48,0.8985939384446617,5.313492577776155,0
game8/Clip6,49,0.5170237262777472,3.4614771611180695,0
game8/Clip6,50,0.23502934729063926,2.789556458766686,2
game8/Clip6,51,-0.050882685048613874,2.7948772395714636,0
game8/Clip6,52,-0.39378575780029623,2.8012586152430923,0
game8/Clip6,53,-0.712821744375924,2.618287588507424,0
game8/Clip6,54,-1.0002481876293712,2.436707796687232,0
game8/Clip6,55,-1.2586882516465192,2.073271903827914,0
game8/Clip6,56,-1.5254109222282355,1.806964964328179,0
game8/Clip6,57,-1.8150025457771652,1.3690778637051888,0
game8/Clip6,58,-2.083044695236486,0.8562591265665808,0
game8/Clip6,59,-2.316805710477487,0.3575945598051207,0
game8/Clip6,60,-2.539997269276709,-0.2871709397713297,0
game8/Clip6,61,-2.7294001429764823,-0.9088727830084316,0
game8/Clip6,62,-2.931590225150095,-1.6552855610697628,0
game8/Clip6,63,-3.1004601483276284,-2.3696463308642612,0
game8/Clip6,64,-3.2554506821395055,-3.1876748383054347,0
game8/Clip6,65,-3.3713168130706808,-3.902207079281578,0
game8/Clip6,66,6.50825209696352,22.877242923077052,0
game8/Clip6,67,6.454467856721558,22.653792012828866,0
game8/Clip6,68,,,0
game8/Clip6,69,,,0
game8/Clip6,70,1.434186417636444,33.4463003203031,0
game8/Clip6,71,,,0
game8/Clip6,72,,,0
game8/Clip6,73,,,0
game8/Clip6,74,9.500696460886328,37.86262960423794,0
game8/Clip6,75,9.444697663558225,37.861935308945064,0
game8/Clip6,76,9.255953843421407,36.808668888500904,0
game8/Clip6,77,9.126304256476327,32.889019459348205,0
game8/Clip6,78,9.120601702541922,33.5122024920158,0
game8/Clip6,79,-0.6378351249881404,41.05246663703084,0
game8/Clip6,80,-0.7192112262574579,41.43836240431041,0
game8/Clip6,81,-0.8260578927262813,42.22286318472967,0
game8/Clip6,82,-0.9096441377784236,42.62065720424515,0
game8/Clip6,83,,,0
game8/Clip6,84,0.026288350905368022,36.36192054735796,0
game8/Clip6,85,0.43203494700375156,33.75119174791391,0
game8/Clip6,86,0.379957095232981,33.7507307618289,0
game8/Clip6,87,0.18912562482402964,33.43562535582104,0
game8/Clip6,88,0.051661331243437615,33.123915435848566,0
game8/Clip6,89,-0.13585128898499396,32.81468729801495,0
game8/Clip6,90,4.258541392996395,24.25438105055984,0
game8/Clip6,91,8.484034097690657,36.799812178767866,0
game8/Clip6,92,8.457024516017254,33.82222786783639,0
game8/Clip6,93,8.391751998648722,34.46180570053241,0
game8/Clip6,94,8.285148410468103,34.46080196274213,0
game8/Clip6,95,8.178564836121126,34.45979841339431,0
game8/Clip6,96,8.018726988211462,34.458293442586104,0
game8/Clip6,97,,,0
game8/Clip6,98,,,0
game8/Clip6,99,-0.25768790807134745,33.12134834419523,0
game8/Clip6,100,,,0
game8/Clip6,101,8.007554997304393,37.14090731759514,0
game8/Clip6,102,7.878261011911554,36.79286177179292,0
game8/Clip6,103,7.841455333653286,36.10926207904347,0
game8/Clip6,104,,,0
game8/Clip6,105,7.788687370016415,33.1881200707452,0
game8/Clip6,106,7.717966937788934,33.81568583032903,0
game8/Clip6,107,7.629129058363349,34.13328944647619,0
game8/Clip6,108,7.523158768910664,34.13232167924938,0
game8/Clip6,109,,,0
game8/Clip6,110,,,0
game8/Clip6,111,6.991388559262465,32.871885985691954,0
game8/Clip6,112,,,0
game8/Clip6,113,,,0
game8/Clip6,114,,,0
game8/Clip6,115,,,0
game8/Clip6,116,-3.197062140507316,-0.7443715633844746,0
game8/Clip6,117,-3.2391578665346867,-0.6658098644037554,0
game8/Clip6,118,-3.325578593924853,-0.7415685065497624,0
game8/Clip6,119,-3.411593455328429,-0.8169713560871467,0
game8/Clip6,120,-3.488502310512934,-0.8152886173522732,0
game8/Clip6,121,-3.281961677703905,-1.6473615624057372,0
game8/Clip6,122,-3.4070414185234204,-1.644532759739522,0
game8/Clip6,123,-3.498597598154334,-1.568915315610362,0
game8/Clip6,124,-3.598847224253841,-1.5666546323566506,0
game8/Clip6,125,-3.6990789638395714,-1.5643943524534882,0
game8/Clip6,126,-3.7571166233680127,-1.6366154610119108,0
game8/Clip6,127,-3.832104363333185,-1.6349195387357909,0
game8/Clip6,128,,,0
game8/Clip6,129,,,0
game8/Clip6,130,,,0
game8/Clip7,0,,,0
game8/Clip7,1,,,0
game8/Clip7,2,2.9629754330153926,11.544595244923967,0
game8/Clip7,3,2.969399687066954,11.25682355087078,0
game8/Clip7,4,2.9407531400600897,10.972973960986886,0
game8/Clip7,5,2.9157736913608665,10.553490501153757,0
game8/Clip7,6,2.9256035197496133,10.141187816350293,0
game8/Clip7,7,2.9352575487987687,9.736258865536277,0
game8/Clip7,8,3.0630524207693997,10.139530168340118,1
game8/Clip7,9,3.3194820573115438,11.39639768201534,0
game8/Clip7,10,3.5195412527153915,12.574790693901573,0
game8/Clip7,11,3.7327578639555665,13.341614196560455,0
game8/Clip7,12,3.8781188360711236,14.134507163567763,0
game8/Clip7,13,4.02828478612468,14.787688835689316,0
game8/Clip7,14,4.1422018735420245,14.786784256788724,0
game8/Clip7,15,4.299005715637739,15.628676495101049,0
game8/Clip7,16,4.417687972723714,15.973138841358589,0
game8/Clip7,17,4.456588097788298,15.972870806790297,0
game8/Clip7,18,4.53439637214234,15.972334682364187,2
game8/Clip7,19,2.664407087687631,2.9357386030267896,0
game8/Clip7,20,4.693252924730437,19.304963940028347,0
game8/Clip7,21,4.759298859791029,21.14012236429529,0
game8/Clip7,22,4.833167405691591,23.330116073992397,0
game8/Clip7,23,4.905731487765094,25.208912829107692,0
game8/Clip7,24,4.97907837566905,26.954917314680653,0
game8/Clip7,25,5.052345284470688,28.53409467365519,0
game8/Clip7,26,5.075014916555122,29.912637746436953,0
game8/Clip7,27,5.14430345475939,31.059530365858354,0
game8/Clip7,28,5.164740638462243,32.24729885314159,0
game8/Clip7,29,5.902576021579446,24.7288298505486,0
game8/Clip7,30,5.312920371258465,31.947486232393622,1
game8/Clip7,31,5.340199518680433,30.770343518434707,0
game8/Clip7,32,5.366539953640678,29.633707881831356,0
game8/Clip7,33,5.42845866839084,28.000336408488618,0
game8/Clip7,34,4.660367952466267,33.162160146991894,0
game8/Clip7,35,11.007502403222178,32.90411675753731,0
game8/Clip7,36,2.3756399528575516,-0.7094972255836446,0
game8/Clip7,37,5.548580714951457,21.77833203353913,0
game8/Clip7,38,5.550968681730068,20.306919184923622,0
game8/Clip7,39,5.588756104244466,18.71549381060903,0
game8/Clip7,40,5.573571911699792,16.85026607482273,0
game8/Clip7,41,5.559403164247332,15.109775716054422,0
game8/Clip7,42,5.578143285870043,13.32459703452139,0
game8/Clip7,43,5.564760966994801,11.808414962801095,0
game8/Clip7,44,5.538241204718417,9.973618937890555,0
game8/Clip7,45,5.518090484424927,8.402662014956913,0
game8/Clip7,46,5.490963940015877,6.702694544194063,0
game8/Clip7,47,-7.377331033508668,33.370751691379134,0
game8/Clip7,48,-7.428975777615193,33.6816071464956,0
game8/Clip7,49,5.442351433778624,2.1284808647553604,2
game8/Clip7,50,5.470785861539165,2.1279375404391754,0
game8/Clip7,51,5.499221717064871,2.12739418884129,0
game8/Clip7,52,5.520133900456661,1.9426390084655354,0
game8/Clip7,53,5.540841406879291,1.7596921103550434,0
game8/Clip7,54,5.557548174760692,1.4888795847170886,0
game8/Clip7,55,5.601765478547661,1.2214394736296579,0
game8/Clip7,56,5.453139093586467,2.408246733554716,1
game8/Clip7,57,5.2682405115614515,3.7755633491952305,0
game8/Clip7,58,5.075254279726053,5.463664641149566,0
game8/Clip7,59,4.887272146972839,6.82877333515829,0
game8/Clip7,60,4.6863263555818575,8.288022907629182,0
game8/Clip7,61,4.468255604153715,9.583708803333284,0
game8/Clip7,62,4.30521226402752,10.676480880149425,0
game8/Clip7,63,4.098060776915441,11.677655819628852,0
game8/Clip7,64,3.881759302793757,12.72305316763783,0
game8/Clip7,65,3.693904702822634,13.656521923746455,0
game8/Clip7,66,3.5019853552984066,14.299637699655943,0
game8/Clip7,67,3.3452637551464415,14.793112485707873,0
game8/Clip7,68,3.1826766837188316,15.465980418031931,0
game8/Clip7,69,3.022400489883503,15.809723345954113,0
game8/Clip7,70,2.859983896658917,16.15805676941641,0
game8/Clip7,71,2.6998616331838683,16.334487709963888,0
game8/Clip7,72,2.582735063067713,16.33525851782403,0
game8/Clip7,73,2.4656327744572866,16.336029165888025,0
game8/Clip7,74,2.3485547598026715,16.336799654205546,0
game8/Clip7,75,2.198661740304026,16.16251155578814,2
game8/Clip7,76,2.0748972061391404,17.41585383400422,0
game8/Clip7,77,1.9522954910937451,18.539814487964613,0
game8/Clip7,78,1.8243561370471828,19.71270835807239,0
game8/Clip7,79,1.6993038165474315,20.729885472996564,0
game8/Clip7,80,1.5264502727186997,21.7854043120432,0
game8/Clip7,81,1.4446725221951093,22.65872493496455,0
game8/Clip7,82,1.2821088562292702,23.331496003592566,0
game8/Clip7,83,1.2052794263045716,24.019967620813542,0
game8/Clip7,84,1.081333841260126,24.724749939022807,0
game8/Clip7,85,0.9787441139581038,24.96333439849713,0
game8/Clip7,86,0.8627732339962854,25.44627489109188,0
game8/Clip7,87,0.816955492461445,25.4462068039184,0
game8/Clip7,88,0.7121002174767154,25.69048144318853,0
game8/Clip7,89,0.6337217409175833,25.445934510526985,0
game8/Clip7,90,0.587922604413571,25.4458664510014,0
game8/Clip7,91,0.5559831353754507,25.203384025122094,1
game8/Clip7,92,0.7711414728396125,25.44613872227584,0
game8/Clip7,93,1.0002487946149086,25.446479185804627,0
game8/Clip7,94,,,0
game8/Clip7,95,,,0
game8/Clip7,96,,,0
game8/Clip7,97,0.8874845776797078,27.720121977668764,0
game8/Clip7,98,0.9004301341017082,27.45910326228615,0
game8/Clip7,99,2.9740910854687703,22.88002608339309,0
game8/Clip7,100,3.2907154826035985,22.21626868981263,0
game8/Clip7,101,3.6033768621252977,21.14280803672257,0
game8/Clip7,102,3.9887302731424095,20.107954141887717,0
game8/Clip7,103,4.276894164947634,18.91503126130821,0
game8/Clip7,104,4.633587474967815,17.771485933038132,0
game8/Clip7,105,4.89373430439879,16.496949483341737,0
game8/Clip7,106,5.214575027903951,15.112412131658758,0
game8/Clip7,107,5.481547926239873,13.799596263624432,0
game8/Clip7,108,5.729604608382943,12.401773032501021,0
game8/Clip7,109,5.987106390665116,10.797317282949201,0
game8/Clip7,110,6.234567480058603,9.428637772963713,0
game8/Clip7,111,6.460783290757555,8.013681352512847,0
game8/Clip7,112,6.665800154049582,6.568476219418616,0
game8/Clip7,113,7.315014035114425,3.339049788273189,0
game8/Clip7,114,7.063550051146978,4.675550771822046,2
game8/Clip7,115,7.2944479994560645,4.884818778292914,0
game8/Clip7,116,7.487723548878878,4.989051695860521,0
game8/Clip7,117,7.712943351541516,5.093371479998985,0
game8/Clip7,118,7.928884334440483,5.089817698920513,0
game8/Clip7,119,8.103021150434053,4.978867047185677,0
game8/Clip7,120,8.100952224443528,3.226012788955201,0
game8/Clip7,121,8.559080296250736,4.650373536653892,0
game8/Clip7,122,8.704939774457657,4.331998027472145,0
game8/Clip7,123,8.90875117552729,4.0174813161033995,0
game8/Clip7,124,9.066425361494234,3.6074759609405844,0
game8/Clip7,125,9.236983365621143,3.1069777282233884,0
game8/Clip7,126,9.374231615021097,2.6194772508395747,0
game8/Clip7,127,9.523022201526134,2.0505075124115324,0
game8/Clip7,128,,,1
game8/Clip7,129,9.013774712938648,4.8561969834075285,0
game8/Clip7,130,8.691953649499641,6.654460074511649,0
game8/Clip7,131,8.607559473069278,3.0205008827653677,0
game8/Clip7,132,7.941471336623952,10.217868236778342,0
game8/Clip7,133,7.523989809233596,12.083872665118054,0
game8/Clip7,134,7.1699984277816995,13.309917793767156,0
game8/Clip7,135,6.806796256329855,14.765625571011574,0
game8/Clip7,136,6.413213306841685,16.13412156960495,0
game8/Clip7,137,6.0239013286846665,17.210325722364914,0
game8/Clip7,138,5.624024382131662,18.522806420447285,0
game8/Clip7,139,5.2739102952696175,19.302673287613175,0
game8/Clip7,140,4.910402811851441,19.902555721721885,0
game8/Clip7,141,4.539063679448421,20.51536242526224,0
game8/Clip7,142,4.245264116229602,21.14131667406726,0
game8/Clip7,143,3.902061473806893,21.56658269192525,0
game8/Clip7,144,3.5555632678984517,21.78183643864271,0
game8/Clip7,145,3.296121419381391,21.782292625987868,0
game8/Clip7,146,2.989749195836473,21.99893257305981,0
game8/Clip7,147,2.734405648712444,21.78328031408684,0
game8/Clip7,148,2.5241089411496245,21.569267103056575,0
game8/Clip7,149,2.2726402471065663,21.357032227318697,0
game8/Clip7,150,2.02316467138976,21.14647950618027,2
game8/Clip7,151,1.8363909720387444,21.57060685731352,0
game8/Clip7,152,1.6453687039980596,23.10534159302192,0
game8/Clip7,153,1.4087655867408093,24.488158410905815,0
game8/Clip7,154,7.329530498100189,1.5438857358689835,0
game8/Clip7,155,0.9951360527603923,27.45941298274036,0
game8/Clip7,156,0.7998475876321777,28.51620094280834,0
game8/Clip7,157,0.5979011868108656,29.609017791089208,0
game8/Clip7,158,0.4046798653428871,30.45317671218309,0
game8/Clip7,159,0.2064015534213633,31.319428969420276,0
game8/Clip7,160,0.08871778365969443,31.61288902762204,1
game8/Clip7,161,0.123079756364722,31.027204490683857,0
game8/Clip7,162,0.1568440133524188,30.451707752220806,0
game8/Clip7,163,0.2064033579346239,29.60699077302536,0
game8/Clip7,164,0.27053041163539554,28.51397367315293,0
game8/Clip7,165,0.28522903416948,27.457091346169346,0
game8/Clip7,166,0.3608491314025829,26.184571983017534,0
game8/Clip7,167,0.44763165141022426,24.724213677044755,0
game8/Clip7,168,0.5303772337244334,23.33178812401323,0
game8/Clip7,169,0.5791529011200619,21.787069984237164,0
game8/Clip7,170,0.6254142977886925,20.32197842483767,0
game8/Clip7,171,0.6812649264345558,18.737392043052214,0
game8/Clip7,172,0.7847804583654178,17.05946056397964,0
game8/Clip7,173,0.9306283302743024,15.313279597387933,0
game8/Clip7,174,0.9093976965048668,13.83984433960334,0
game8/Clip7,175,0.9898488549063953,12.003486304490425,0
game8/Clip7,176,1.0644800016147022,10.299974401734657,0
game8/Clip7,177,1.1007502444300912,8.715838612529163,0
game8/Clip7,178,1.1745537708590086,7.1194960279956465,0
game8/Clip7,179,1.2198726113664395,5.526000290423271,0
game8/Clip7,180,1.2985411050642675,3.9465093843712302,0
game8/Clip7,181,1.290092916335238,3.645653000991687,2
game8/Clip7,182,1.2607773567426643,3.6461758087351206,0
game8/Clip7,183,1.2678122640383713,3.5467486424624757,0
game8/Clip7,184,1.2456466939289628,3.4483551365679563,0
game8/Clip7,185,1.2306707571245723,3.2525573766512825,0
game8/Clip7,186,1.2516827454445274,2.961789876706099,0
game8/Clip7,187,1.243800443598395,2.675927559588177,0
game8/Clip7,188,1.271199001565311,2.300700169840434,0
game8/Clip7,189,1.2767436385864568,1.8425516303840743,0
game8/Clip7,190,1.288728586049958,1.307294905679889,0
game8/Clip7,191,1.3275200503946882,0.7867975780510401,0
game8/Clip7,192,1.3242654782127425,0.11660996380816244,0
game8/Clip7,193,1.3429182490304996,-0.12870309223781115,1
game8/Clip7,194,1.247872076317333,1.4847081288836552,0
game8/Clip7,195,1.1724545911305826,2.867439763590795,0
game8/Clip7,196,1.061269337674903,4.3593047465965045,0
game8/Clip7,197,0.9720588213752995,5.972574890615322,0
game8/Clip7,198,0.8695750735788312,7.361749008542414,0
game8/Clip7,199,0.7693534101648213,8.720260419999018,0
game8/Clip7,200,0.6967352366921689,10.168068199146667,0
game8/Clip7,201,0.6048748135410426,11.426110569177276,0
game8/Clip7,202,0.507767677766119,12.756007461075832,0
game8/Clip7,203,0.45378432156287823,14.003245182577324,0
game8/Clip7,204,0.3709555110609961,15.149444475396919,0
game8/Clip7,205,0.28417086296451094,16.35038532765664,0
game8/Clip7,206,0.20641619349023432,17.426367786233772,0
game8/Clip7,207,0.17948591394081317,18.357784693233793,0
game8/Clip7,208,0.11046112273029352,19.32304273079567,0
game8/Clip7,209,0.05342170311171064,20.12069466539959,0
game8/Clip7,210,-0.005313254749154484,20.942057384022597,0
game8/Clip7,211,-0.06582049312376338,21.788204067663177,0
game8/Clip7,212,-0.08123365741814705,22.003745186419206,0
game8/Clip7,213,3.0426517397879467,30.18397986060759,0
game8/Clip7,214,,,0
game8/Clip7,215,-0.1481752212082053,23.559467675946696,0
game8/Clip7,216,-0.18073588337004642,24.019660573255866,0
game8/Clip7,217,-0.2588160764722976,24.48709724465154,0
game8/Clip7,218,-0.2588160764722976,24.48709724465154,0
game8/Clip7,219,-0.27572830015285893,24.723601543388472,0
game8/Clip7,220,2.092857934594962,30.463182794729303,0
game8/Clip7,221,2.402642410891091,24.488790864817936,0
game8/Clip7,222,-0.2588160764722976,24.48709724465154,0
game8/Clip7,223,-0.19720841327024666,24.25247344490773,0
game8/Clip7,224,1.7251166232622952,34.079371411799926,0
game8/Clip7,225,-0.10386430096203655,23.559459398309198,0
game8/Clip7,226,,,0
game8/Clip7,227,1.0607547662291477,31.32515021806931,0
game8/Clip7,228,-0.06894744815871641,22.439709783869027,2
game8/Clip7,229,0.7446958430875881,31.617453073333056,0
game8/Clip7,230,-0.16439198630508428,23.788665721054663,0
game8/Clip7,231,-0.2927752143628375,24.96198938445594,0
game8/Clip7,232,-0.34474038502988363,25.688681892755728,0
game8/Clip7,233,-0.3979775120568829,26.433161721789716,0
game8/Clip7,234,-0.49957152668467286,27.195947002699818,0
game8/Clip7,235,-0.537089954675497,27.715133447249897,0
game8/Clip7,236,-0.5560845048320326,27.977983291705332,0
game8/Clip7,237,-0.5945542015161009,28.51033355566645,0
game8/Clip7,238,-0.6140334185270013,28.77989030321949,0
game8/Clip7,239,-0.6821064053948251,29.051512753437834,0
game8/Clip7,240,-0.6821064053948251,29.051512753437834,1
game8/Clip7,241,-0.4883690742186125,29.052421103634632,0
game8/Clip7,242,0.5140786216886969,25.93651729731721,0
game8/Clip7,243,0.6389516931804838,26.18516754210926,0
game8/Clip7,244,0.49625584352169166,28.784827947274973,0
game8/Clip7,245,0.8133243441092137,28.248553950457808,0
game8/Clip7,246,1.1252640011639437,27.720954626196512,0
game8/Clip7,247,1.4898039716629667,26.94510124119763,0
game8/Clip7,248,1.845649787295968,26.187751696733077,0
game8/Clip7,249,2.200369689720028,25.205474143951733,0
game8/Clip7,250,2.5891438090014876,24.253666344302683,0
game8/Clip7,251,2.925892984762003,23.10458759201839,0
game8/Clip7,252,3.293428715222123,21.998456669356724,0
game8/Clip7,253,3.607837299210287,20.518040553500555,0
game8/Clip7,254,3.9889690219710103,19.307742290402725,0
game8/Clip7,255,4.312496846720187,17.960109709722733,0
game8/Clip7,256,4.655552842572902,16.321617341142165,0
game8/Clip7,257,4.867073769900164,14.947492219953004,0
game8/Clip7,258,5.241539278061973,13.171729405836457,0
game8/Clip7,259,5.493140566354936,11.809171282577418,0
game8/Clip7,260,5.789917083169809,10.243556195340576,0
game8/Clip7,261,6.028291519110312,8.650090733963287,0
game8/Clip7,262,6.282972144558426,7.163222238545048,0
game8/Clip7,263,6.483065811362362,5.662059448899482,0
game8/Clip7,264,6.646380547414188,4.367226405495034,0
game8/Clip7,265,7.069591367236634,4.359983946522652,2
game8/Clip7,266,1.0002487946149086,25.446479185804627,0
game8/Clip7,267,1.0460814283382036,25.44654729510855,0
game8/Clip7,268,7.539573039745609,3.5342010401096755,0
game8/Clip7,269,7.7174525464309305,3.53102877306837,0
game8/Clip7,270,7.914942106858455,3.4276201234764643,0
game8/Clip7,271,8.111487567763678,3.324705819289303,0
game8/Clip7,272,7.957986559941677,1.621925965247599,0
game8/Clip7,273,8.508107589512381,2.924901450869452,0
game8/Clip7,274,8.648095709115296,2.6329905330830283,1
game8/Clip7,275,8.68024336835665,4.124567339739207,0
game8/Clip7,276,8.664961738749277,5.851210335112138,0
game8/Clip7,277,8.635008371125362,7.6129887331236805,0
game8/Clip7,278,8.575085654601288,9.266607084369921,0
game8/Clip7,279,8.553188251797101,10.76793954324314,0
game8/Clip7,280,8.515445977903076,12.223266406309412,0
game8/Clip7,281,8.506159333948107,13.297596429145713,0
game8/Clip7,282,,,0
game8/Clip7,283,8.35479567643617,15.427983258119164,0
game8/Clip7,284,8.28647918305392,16.475152060362202,0
game8/Clip7,285,8.24078589268491,17.38115834677999,0
game8/Clip7,286,8.178573748466247,18.129148029687737,0
game8/Clip7,287,8.141064001804502,18.704104889145434,0
game8/Clip7,288,8.046353937273874,19.094587587323204,0
game8/Clip7,289,7.9921295270519375,19.490522131062196,0
game8/Clip7,290,7.922725795190131,19.69079209688852,0
game8/Clip7,291,7.83874144528362,19.69109391902313,0
game8/Clip7,292,7.754769522523821,19.691395696497192,0
game8/Clip7,293,7.712788220462008,19.69154656848961,2
game8/Clip7,294,7.725258860854878,20.506199197641976,0
game8/Clip7,295,7.737061188430491,21.99149294274974,0
game8/Clip7,296,7.779659600694261,23.328971076876766,0
game8/Clip7,297,7.824296619017365,24.730456080827352,0
game8/Clip7,298,7.83973513748293,25.702618125366328,0
game8/Clip7,299,7.855681999420853,26.706790510179598,0
game8/Clip7,300,7.87216273241133,27.744580704572506,0
game8/Clip7,301,7.87270284035437,28.54596222129299,0
game8/Clip7,302,7.856682717579318,29.09154742684437,0
game8/Clip7,303,7.8403870555125525,29.64651646566713,0
game8/Clip7,304,7.823808683752366,30.211113534709174,0
game8/Clip7,305,7.773796479995059,30.210829709088358,1
game8/Clip7,306,7.772301774653394,31.96524538392594,0
game8/Clip7,307,7.77072486144195,33.81615283631817,0
game8/Clip7,308,7.365266178056108,29.08924338813548,0
game8/Clip7,309,7.419639357396944,28.274784210105988,0
game8/Clip7,310,7.784369163059146,40.41329360484946,0
game8/Clip7,311,7.704164961352218,42.36261624834701,0
game8/Clip7,312,7.619733280265574,44.414685644563455,0
game8/Clip7,313,7.593208264714059,46.57910102957481,0
game8/Clip7,314,7.500986522945985,48.86278677614817,0
game8/Clip7,315,7.469536162712577,51.27878614774527,0
game8/Clip7,316,7.368230690712431,53.83564987499725,0
game8/Clip7,317,7.2410079484004,55.99105463648583,0
game8/Clip7,318,7.107501051475494,58.25292540026596,0
game8/Clip7,319,6.948457423368571,60.022289393481095,0
game8/Clip7,320,6.801375241317567,62.4902725197393,0
game8/Clip7,321,6.687198777855521,63.771334298210576,0
game8/Clip7,322,6.5102390534185615,65.75682528673079,0
game8/Clip7,323,6.232265746857308,67.11912714409901,0
game8/Clip7,324,6.025817026467413,68.52139072940385,0
game8/Clip7,325,5.813678869335274,69.96229872940631,0
game8/Clip7,326,5.584410818930026,70.69273506860583,0
game8/Clip7,327,5.351989475137596,71.43321764003909,0
game8/Clip7,328,5.108470921496505,71.42296874708804,0
game8/Clip7,329,4.783942377487438,71.40931041076264,0
game8/Clip7,330,4.5406680276100095,71.39907179554278,0
game8/Clip7,331,4.214978699387342,70.636007227997,0
game8/Clip7,332,3.973878259185982,69.88728774520125,0
game8/Clip7,333,3.7362230297539787,69.14926710817784,0
game8/Clip7,334,3.427228976407199,67.71049160815006,0
game8/Clip7,335,3.126738401568286,66.31131103368678,0
game8/Clip7,336,2.8421419189566737,64.28869016810869,0
game8/Clip7,337,2.6515101997659034,61.72075329099639,0
game8/Clip7,338,2.388739662173755,59.876534496269244,0
game8/Clip7,339,2.147374717870485,57.52775988816058,0
game8/Clip7,340,1.9301896121667952,54.75301906182703,0
game8/Clip7,341,1.7256952506820524,52.140414243792875,0
game8/Clip7,342,1.5466571402303124,49.201128243289126,0
game8/Clip7,343,8.028482833547516,26.453078304533914,0
game8/Clip7,344,1.2371373232846568,43.46898970719851,0
game8/Clip7,345,1.1050166175759175,40.69534703756084,0
game8/Clip7,346,0.5301361008526426,0.6332065896736782,0
game8/Clip7,347,0.8283457863687615,35.366801681009406,0
game8/Clip7,348,0.7519670015633028,32.516669744064494,0
game8/Clip7,349,0.632373387120774,29.888535144958798,0
game8/Clip7,350,0.5690846010492813,27.458019650084786,0
game8/Clip7,351,0.4788765969777703,24.962805638285545,0
game8/Clip7,352,0.43928762208967104,22.659714892656915,0
game8/Clip7,353,0.3872752220822176,20.119613817854283,0
game8/Clip7,354,0.36687688539863483,17.980369902652566,0
game8/Clip7,355,0.32186666442714207,15.8287443585671,0
game8/Clip7,356,0.2924235307809506,13.686942433660324,0
game8/Clip7,357,0.300734067947208,11.718246950873747,0
game8/Clip7,358,0.27440473738971133,9.903116282150627,0
game8/Clip7,359,0.27148624343092215,7.976424308360933,0
game8/Clip7,360,0.2585540321694248,6.321940882111977,0
game8/Clip7,361,0.24626559657763625,4.476752362249667,0
game8/Clip7,362,0.2640635667549434,3.076221745808863,0
game8/Clip7,363,0.2800999379104607,1.5038211665410197,0
game8/Clip7,364,0.29486330959002316,0.05624091563707567,0
game8/Clip7,365,0.27556270454769066,-0.742226200984328,2
game8/Clip7,366,0.11822563424386304,-0.021595033223376272,0
game8/Clip7,367,-0.04580490835968743,0.7296934027224471,0
game8/Clip7,368,-0.2067597735501779,1.4250363217098985,0
game8/Clip7,369,-0.3352662831700591,2.0554768824102347,0
game8/Clip7,370,-0.4967506224306499,2.7084652741105786,0
game8/Clip7,371,-0.6521087605805573,3.286792160334836,0
game8/Clip7,372,-0.7705758237630983,3.7820369076857454,0
game8/Clip7,373,-0.9217775579480139,4.290645049862092,0
game8/Clip7,374,-1.0769458926045197,4.812595931177553,0
game8/Clip7,375,-1.2083519117780916,5.132992568038275,0
game8/Clip7,376,-1.3418506929296452,5.458491816664512,0
game8/Clip7,377,-1.4320373459372069,5.678386616728273,0
game8/Clip7,378,-1.5540296550116979,5.9011307080030155,0
game8/Clip7,379,-1.661890360278532,6.014128524540357,0
game8/Clip7,380,-1.7703209634607933,6.127723381676798,0
game8/Clip7,381,-1.8473515172172852,6.0170543915526835,0
game8/Clip7,382,-1.8931344480651626,5.906514013259899,0
game8/Clip7,383,-1.9693963688157499,5.797073921292932,0
game8/Clip7,384,-2.028977153722492,5.578529242656864,0
game8/Clip7,385,-2.041357097692561,5.25389982392362,0
game8/Clip7,386,-2.0675543627941524,4.829272813838525,0
game8/Clip7,387,-2.06352389496343,4.413066382743257,0
game8/Clip7,388,-2.088945861327521,4.006017546394683,0
game8/Clip7,389,-2.0538082307400947,3.4097779055868043,0
game8/Clip7,390,-2.048213591749944,2.832047273522846,0
game8/Clip7,391,-2.0147255912119104,2.2709705012436396,0
game8/Clip7,392,-1.9532475447085926,1.5479287129801527,0
game8/Clip7,393,-1.9211043852000407,0.852960955870182,0
game8/Clip7,394,-1.8636729504849086,0.18343084378959001,0
game8/Clip7,395,,,0
game8/Clip7,396,,,0
game8/Clip7,397,-10.391703521755641,26.40954078692126,0
game8/Clip7,398,-1.5462400827650766,-3.0268892209044393,0
game8/Clip7,399,-1.5019332856759682,-3.690773768568,2
game8/Clip7,400,-1.619028445664189,-3.293615215562824,0
game8/Clip7,401,-0.90503253517268,-0.24216778979681897,0
game8/Clip7,402,-0.863789541009501,-0.16269554324830618,0
game8/Clip7,403,-0.8599674999854527,-0.000949721906241322,0
game8/Clip7,404,-2.1549897569672773,-1.6728491525881508,0
game8/Clip7,405,-2.285657569581673,-1.373413387146626,0
game8/Clip7,406,-2.37881908367787,-1.1454849528900501,0
game8/Clip7,407,-2.4842289951463266,-0.9908976421402999,0
game8/Clip7,408,-2.564900673813176,-0.8354966967202162,0
game8/Clip7,409,-2.656971906212797,-0.7561514062166028,0
game8/Clip7,410,-2.723662197078242,-0.6770176659305974,0
game8/Clip7,411,-2.7856118937532726,-0.7533456549940637,0
game8/Clip7,412,-2.821608950243688,-0.8298800098084713,0
game8/Clip7,413,-2.842014182653678,-0.9830205523264218,0
game8/Clip7,414,-2.8876663536452063,-1.1342131562036826,0
game8/Clip7,415,-2.8922255562036883,-1.3598551225739661,0
game8/Clip7,416,-2.8967239565066847,-1.5824878915437124,0
game8/Clip7,417,-2.895817530561529,-1.9472063207385373,0
game8/Clip7,418,-2.870383947626574,-2.304568934629161,0
game8/Clip7,419,-2.845496006180054,-2.6542648399379702,0
game8/Clip7,420,-2.8163218150840397,-3.131307344427425,0
game8/Clip7,421,-2.7644205642492494,-3.595009613313987,0
game8/Clip8,0,,,0
game8/Clip8,1,,,0
game8/Clip8,2,2.98820589532456,10.414407549639808,0
game8/Clip8,3,2.9440036005241192,10.832156187748648,0
game8/Clip8,4,2.895567072526532,11.401037667463722,0
game8/Clip8,5,2.888663924997817,11.690583542236288,0
game8/Clip8,6,2.8459208028176315,11.98412742517183,0
game8/Clip8,7,2.806417537698937,12.132459500675335,0
game8/Clip8,8,2.770556399099409,12.132828838789035,0
game8/Clip8,9,2.774420494443637,11.984873175271986,0
game8/Clip8,10,2.742625119818936,11.83821704619652,0
game8/Clip8,11,2.7465519277624684,11.692102633737587,0
game8/Clip8,12,2.7543327195055722,11.402583556064856,0
game8/Clip8,13,2.7269314816064303,11.11701489837681,0
game8/Clip8,14,2.7077885344674253,10.555922962406045,0
game8/Clip8,15,2.719492840399544,10.143673532532564,0
game8/Clip8,16,2.700837245868494,9.60586569443444,0
game8/Clip8,17,3.1561619698412913,7.209035539132542,1
game8/Clip8,18,3.534470881362571,11.107971615533073,0
game8/Clip8,19,4.0631752332987014,12.26853435735651,0
game8/Clip8,20,4.656800282144408,13.489992680232156,0
game8/Clip8,21,5.160807256293705,14.448976867170996,0
game8/Clip8,22,5.641537535781133,15.277963954864548,0
game8/Clip8,23,6.014789257617886,15.962134291817948,0
game8/Clip8,24,6.3821700741028184,16.310254504065924,0
game8/Clip8,25,6.675667823530787,16.663900321186322,0
game8/Clip8,26,6.973394691007529,17.02264195219617,0
game8/Clip8,27,7.264022279504067,17.20314694792492,0
game8/Clip8,28,7.464296035867408,17.201987609295706,0
game8/Clip8,29,7.664640518979853,17.20082786124564,2
game8/Clip8,30,7.838359992142717,17.383422799383787,0
game8/Clip8,31,8.102741896319957,19.29151374625913,0
game8/Clip8,32,2.6171998699648245,2.650253346787118,0
game8/Clip8,33,2.664407087687631,2.9357386030267896,0
game8/Clip8,34,8.951496767218712,24.49295823089084,0
game8/Clip8,35,9.23455090936706,26.203575093730766,0
game8/Clip8,36,9.440059826655068,27.487030745855137,0
game8/Clip8,37,9.654386526756488,28.825555702710542,0
game8/Clip8,38,9.827259874241678,29.65680369281647,0
game8/Clip8,39,8.260653984949618,23.78880525778881,1
game8/Clip8,40,,,0
game8/Clip8,41,8.7203992943476,23.328605508545166,0
game8/Clip8,42,8.028482833547516,26.453078304533914,0
game8/Clip8,43,7.531724471005415,25.212250631503533,0
game8/Clip8,44,6.997885362116095,23.7887843436466,0
game8/Clip8,45,9.480989698758183,23.788825469151533,0
game8/Clip8,46,9.527989763664364,23.328291681561495,0
game8/Clip8,47,5.517462798611466,19.10500307563076,0
game8/Clip8,48,5.117189993605996,17.768922810324316,0
game8/Clip8,49,4.651128848374056,15.971530357472687,0
game8/Clip8,50,,,0
game8/Clip8,51,3.8453724440012937,12.723408563665801,0
game8/Clip8,52,3.4625361498424096,11.251363321420664,0
game8/Clip8,53,3.0770124519406603,9.46859216931371,0
game8/Clip8,54,2.811284610727219,8.064406641696895,0
game8/Clip8,55,2.4794172836658386,6.401742614854354,0
game8/Clip8,56,2.1979286964657607,4.969661018558078,0
game8/Clip8,57,-7.224752386521265,32.75779629273317,2
game8/Clip8,58,1.6827581782883294,3.9397598228017148,0
game8/Clip8,59,1.4528973738203312,3.8429286806231215,0
game8/Clip8,60,8.575483436968618,27.484203288016058,0
game8/Clip8,61,8.460875312782685,27.223194184428387,0
game8/Clip8,62,8.317532917710375,27.222758304794485,0
game8/Clip8,63,-7.073786995977952,32.45598240888877,0
game8/Clip8,64,0.28119033803238447,2.043597309309472,0
game8/Clip8,65,0.10490962538217866,1.5961367887049263,1
game8/Clip8,66,0.10340206574882344,2.138533421724133,0
game8/Clip8,67,0.17739611483344275,3.369401027313526,0
game8/Clip8,68,0.30681641952584504,4.789300307927275,0
game8/Clip8,69,0.4327036666017406,5.758704241310365,0
game8/Clip8,70,0.5236246785243132,6.894076513357915,0
game8/Clip8,71,0.6294510252038124,7.971409723369739,0
game8/Clip8,72,0.717116895247686,8.977084188703131,0
game8/Clip8,73,0.852571170086459,9.896005050036235,0
game8/Clip8,74,0.9243326584779361,10.855278352370922,0
game8/Clip8,75,1.0439917633251699,11.7103019745854,0
game8/Clip8,76,1.1412001230998552,12.447816838173567,0
game8/Clip8,77,1.2415499856431127,13.20916612290819,0
game8/Clip8,78,1.3538355177024133,13.835932008140754,0
game8/Clip8,79,1.4315608933490807,14.47967553654397,0
game8/Clip8,80,1.511375816245464,15.140725285832026,0
game8/Clip8,81,1.6095632734728758,15.477537352799711,0
game8/Clip8,82,1.701309311520892,15.991855577630146,0
game8/Clip8,83,1.7635285318387848,16.34064970133371,0
game8/Clip8,84,1.8658684155713527,16.69404512935333,0
game8/Clip8,85,,,0
game8/Clip8,86,2.002247923020242,17.2336061472751,0
game8/Clip8,87,2.0748972061391404,17.41585383400422,0
game8/Clip8,88,2.1545444335917185,17.41540565864735,0
game8/Clip8,89,2.2280023473741437,17.598966592909598,0
game8/Clip8,90,2.313872599674354,17.414509118240634,0
game8/Clip8,91,2.3479289184403025,17.59831130139379,2
game8/Clip8,92,2.3243872087438615,18.347487186817823,0
game8/Clip8,93,2.3412987602247863,19.11808442140281,0
game8/Clip8,94,2.3169708406584597,19.911415643734077,0
game8/Clip8,95,2.340450184032283,20.52168545155549,0
game8/Clip8,96,2.321784894925775,21.145785691111254,0
game8/Clip8,97,2.302696310487206,21.78403940649236,0
game8/Clip8,98,2.3332125789066964,22.217584729167807,0
game8/Clip8,99,2.320378719423049,22.657862666109992,0
game8/Clip8,100,2.320378719423049,22.657862666109992,0
game8/Clip8,101,2.357877188176427,22.880511353322657,0
game8/Clip8,102,2.357877188176427,22.880511353322657,0
game8/Clip8,103,2.439835022192287,23.104873793691453,1
game8/Clip8,104,2.566790318424333,23.33099678062798,0
game8/Clip8,105,,,0
game8/Clip8,106,,,0
game8/Clip8,107,,,0
game8/Clip8,108,3.4191756962999427,22.435592756721345,0
game8/Clip8,109,3.5521344539215707,22.215909382646963,0
game8/Clip8,110,3.7285906692564685,21.78153219739822,0
game8/Clip8,111,3.945626065784134,21.142012853958175,0
game8/Clip8,112,4.157358894213319,20.311179965030973,0
game8/Clip8,113,4.36301195356203,19.504203896732943,0
game8/Clip8,114,4.560852122141911,18.527731213676052,0
game8/Clip8,115,4.751820337951416,17.585176183478538,0
game8/Clip8,116,4.969091897491245,16.319553946237363,0
game8/Clip8,117,5.141777885422978,15.281710436146552,0
game8/Clip8,118,5.336616598100982,13.960952414398882,0
game8/Clip8,119,5.521594717132298,12.707036643757545,0
game8/Clip8,120,5.697442320525332,11.515014126290602,0
game8/Clip8,121,5.888141619562948,10.105459299426629,0
game8/Clip8,122,6.034214564560669,8.778302792951868,0
game8/Clip8,123,6.17202650659149,7.52620223771913,0
game8/Clip8,124,6.327535112861333,6.228015684457866,2
game8/Clip8,125,6.467598062858913,6.455633502733544,0
game8/Clip8,126,6.6339039186579996,6.568960129172423,0
game8/Clip8,127,6.8011850343588645,6.682951331816618,0
game8/Clip8,128,6.961175499455081,6.680540497687633,0
game8/Clip8,129,7.112535961734245,6.561698622875998,0
game8/Clip8,130,7.263098335495688,6.44348337363278,0
game8/Clip8,131,7.403457720275043,6.211364414299294,0
game8/Clip8,132,7.57382374542434,5.981237540138646,0
game8/Clip8,133,7.700938201065064,5.6426058986045335,0
game8/Clip8,134,7.815724842091776,5.200318166916792,0
game8/Clip8,135,7.958702121820007,4.766837400148471,0
game8/Clip8,136,8.057712991599518,4.2389318994862455,0
game8/Clip8,137,8.15417657060233,3.724608026940233,0
game8/Clip8,138,8.22652611506358,3.0274621051732695,0
game8/Clip8,139,7.939449037977873,1.7130826075128123,0
game8/Clip8,140,8.475498557406036,2.163631265790222,1
game8/Clip8,141,8.457411869708272,4.025328708632362,0
game8/Clip8,142,8.507557487966189,5.853693571562119,0
game8/Clip8,143,,,0
game8/Clip8,144,,,0
game8/Clip8,145,7.365336221525296,3.2393248273010533,0
game8/Clip8,146,8.215126681451741,12.528297775158098,0
game8/Clip8,147,8.188836962432198,13.93624783971134,0
game8/Clip8,148,8.083438917072845,15.429976790401282,0
game8/Clip8,149,8.009565445383945,16.476931152538217,0
game8/Clip8,150,7.932593627157705,17.567796100552865,0
game8/Clip8,151,7.8385466342060015,18.51254837986215,0
game8/Clip8,152,7.727526493522227,19.292993944586474,0
game8/Clip8,153,7.600015900463849,19.893367216886297,0
game8/Clip8,154,7.456888240841269,20.30109208452836,0
game8/Clip8,155,7.311670566232714,20.71477073556754,0
game8/Clip8,156,7.195382132145,20.9239912196076,0
game8/Clip8,157,7.035217458123299,21.134834488609375,0
game8/Clip8,158,6.906147538284638,21.135134370024907,0
game8/Clip8,159,6.777106991370887,21.135434183195297,0
game8/Clip8,160,6.638217729652008,20.92538911566636,0
game8/Clip8,161,6.50039407981834,20.71695559475822,2
game8/Clip8,162,6.424069440822384,20.92592640241261,0
game8/Clip8,163,6.401100528017706,22.43207319477468,0
game8/Clip8,164,6.3675537757203795,23.78877390401086,0
game8/Clip8,165,6.332393565850332,25.2107262064216,0
game8/Clip8,166,6.333122991067136,26.44907119203364,0
game8/Clip8,167,6.276363862831095,27.476684387730963,0
game8/Clip8,168,6.266296093262849,28.53920275614751,0
game8/Clip8,169,6.196978502460818,29.35969819854145,1
game8/Clip8,170,6.10756101244941,29.637544590392956,0
game8/Clip8,171,,,0
game8/Clip8,172,,,0
game8/Clip8,173,5.8422484951953795,24.25505907081475,0
game8/Clip8,174,5.321142362140964,27.47356048965509,0
game8/Clip8,175,5.168302525465765,26.955449642593024,0
game8/Clip8,176,4.9632409132971045,25.945065230023037,0
game8/Clip8,177,4.764807472337863,24.96733929898462,0
game8/Clip8,178,4.615318840195821,23.788744883262343,0
game8/Clip8,179,4.427628528530323,22.65578775116144,0
game8/Clip8,180,4.246166164142411,21.352815859674042,0
game8/Clip8,181,4.072758804071217,20.107682100329882,0
game8/Clip8,182,3.907233956773676,18.72299710740764,0
game8/Clip8,183,3.748956501903984,17.59065593794353,0
game8/Clip8,184,3.562561349808014,15.979030943114685,0
game8/Clip8,185,3.462644613244075,14.462955920429186,0
game8/Clip8,186,3.2587521431861823,13.035585720954629,0
game8/Clip8,187,3.1374459580334797,11.687924212416053,0
game8/Clip8,188,2.9943237910979006,10.140359042746327,0
game8/Clip8,189,2.860409676138377,8.692359585528875,0
game8/Clip8,190,2.741968168759961,7.096365917280467,0
game8/Clip8,191,2.6318904891626618,5.613074429850627,0
game8/Clip8,192,2.543888360417227,4.6463498687149025,2
game8/Clip8,193,2.4451812455011646,4.8591408611707525,0
game8/Clip8,194,2.3498540128571666,4.967131903405294,0
game8/Clip8,195,2.2235690855970547,5.076186057579359,0
game8/Clip8,196,2.1321858169362673,5.077698669498725,0
game8/Clip8,197,2.0460442445778906,4.972189453435593,0
game8/Clip8,198,1.9300870428242145,4.86776420344625,0
game8/Clip8,199,1.8449685238483755,4.763405534229647,0
game8/Clip8,200,1.7421414661490486,4.451153253943094,0
game8/Clip8,201,1.670660961541933,4.143329285329381,0
game8/Clip8,202,1.6064981988378684,3.739854917051199,1
game8/Clip8,203,1.5770904399969539,3.740376767778698,0
game8/Clip8,204,1.8638368202465248,4.97522267771165,0
game8/Clip8,205,2.201077237583959,6.29187786599932,0
game8/Clip8,206,2.417282025284071,7.21986143744635,0
game8/Clip8,207,2.7055183281731976,8.315117692951413,0
game8/Clip8,208,2.9784910558451823,9.338076589886123,0
game8/Clip8,209,3.2349105726209584,10.13745754119406,0
game8/Clip8,210,3.5330193502612244,11.250582899619163,0
game8/Clip8,211,3.7755294617455433,12.122478502191354,0
game8/Clip8,212,4.027400773474372,12.874469031651087,0
game8/Clip8,213,4.3246872047641745,13.650880638558247,0
game8/Clip8,214,4.516991099818961,14.291135981801148,0
game8/Clip8,215,4.790775822792375,14.948086857694499,0
game8/Clip8,216,4.991404705400161,15.45269253196912,0
game8/Clip8,217,5.235152642632056,15.967506242760859,0
game8/Clip8,218,5.439726334398965,16.31645670943734,0
game8/Clip8,219,5.692541184428127,16.84953929842606,0
game8/Clip8,220,6.198130804182726,22.877487144342695,0
game8/Clip8,221,6.463938664587272,22.87727782001187,0
game8/Clip8,222,6.2795844383039885,17.576828318245543,0
game8/Clip8,223,6.489644189380772,17.761648719749324,0
game8/Clip8,224,6.651328162531299,17.760791784873945,0
game8/Clip8,225,6.813058262275324,17.759934605524816,0
game8/Clip8,226,6.97483450835476,17.759077181597313,2
game8/Clip8,227,7.118165706307309,18.134416647590342,0
game8/Clip8,228,7.245731561127035,18.90229192170264,0
game8/Clip8,229,7.419006047802714,19.692602359986044,0
game8/Clip8,230,7.5417446545149165,20.30083264711439,0
game8/Clip8,231,7.710173992606742,20.922699634018866,0
game8/Clip8,232,7.824598006241245,21.34517066783371,0
game8/Clip8,233,8.250748613238343,22.429890057578792,0
game8/Clip8,234,8.278437718268075,22.209413317646675,0
game8/Clip8,235,8.383097339707735,22.429733846551468,0
game8/Clip8,236,8.399989533736242,22.651876344362357,0
game8/Clip8,237,8.505948593344142,22.875669732270488,0
game8/Clip8,238,,,1
game8/Clip8,239,,,0
game8/Clip8,240,7.693326600732457,21.99156148030631,0
game8/Clip8,241,7.448456808600506,21.5596739030612,0
game8/Clip8,242,7.26262641724391,21.34637130006489,0
game8/Clip8,243,6.992190887233036,21.13493445666545,0
game8/Clip8,244,6.7564612728318085,20.716265976891247,0
game8/Clip8,245,6.515028646154679,20.09977527528893,0
game8/Clip8,246,6.3206828849775345,19.496823481411127,0
game8/Clip8,247,6.1305935116585015,18.907077000985716,0
game8/Clip8,248,5.897076745934989,18.14048360568714,0
game8/Clip8,249,5.710256381891017,17.395397649299976,0
game8/Clip8,250,5.523406613284422,16.492904017459047,0
game8/Clip8,251,5.342924191649277,15.62116498668779,0
game8/Clip8,252,5.168489096148658,14.778634840502136,0
game8/Clip8,253,4.996561684447221,13.803865537845006,0
game8/Clip8,254,4.828640119018105,12.713804837547972,0
game8/Clip8,255,4.705913504587248,11.817484492081281,0
game8/Clip8,256,4.550961222755736,10.813758963770853,0
game8/Clip8,257,4.40017573393469,9.584562273177337,0
game8/Clip8,258,4.292096114312683,8.673256681903252,0
game8/Clip8,259,2.555833603504393,3.523664984068363,0
game8/Clip8,260,2.596371678925271,4.025207299253716,0
game8/Clip8,261,3.9315181158995434,5.372719249384051,0
game8/Clip8,262,3.843897525244066,4.208217359787183,0
game8/Clip8,263,3.78749513416152,3.601114836409778,2
game8/Clip8,264,3.758684637701138,3.5021077306893846,0
game8/Clip8,265,3.730023278473578,3.4036131342135616,0
game8/Clip8,266,3.7015099014573343,3.305627077757544,0
game8/Clip8,267,3.673143363527232,3.208145632978235,0
game8/Clip8,268,3.6467454201931626,2.9176238413704976,0
game8/Clip8,269,3.6207464676762533,2.631493131506128,0
game8/Clip8,270,3.623620577256783,2.3491151256179053,0
game8/Clip8,271,3.599184489024888,1.979657118371565,1
game8/Clip8,272,2.1882582055214113,5.184292255077764,0
game8/Clip8,273,3.2888878347438,5.1661789877478315,0
game8/Clip8,274,3.0650213687544205,6.973491492928781,0
game8/Clip8,275,2.860409676138377,8.692359585528875,0
game8/Clip8,276,2.654866315750387,10.008739093974114,0
game8/Clip8,277,2.4624351372294475,11.69513967079478,0
game8/Clip8,278,2.277458257478446,12.891324545738579,0
game8/Clip8,279,2.0828485889731305,14.149801509439365,0
game8/Clip8,280,1.8849549134579973,15.30612542502076,0
game8/Clip8,281,1.6934668529008883,16.165914640469097,0
game8/Clip8,282,1.4954022538161988,17.055232782601127,0
game8/Clip8,283,1.3399943413401028,17.788942176638052,0
game8/Clip8,284,1.1598459518227182,18.16402044997569,0
game8/Clip8,285,1.007107697409565,18.735938065759093,0
game8/Clip8,286,0.873708456483605,18.929634398056873,0
game8/Clip8,287,0.7393785312991803,19.12468208832446,0
game8/Clip8,288,0.6163420869251449,19.125188826091144,0
game8/Clip8,289,0.4933324826544726,19.1256954533142,0
game8/Clip8,290,0.38337479500770183,18.931738429433473,0
game8/Clip8,291,0.31491672360303535,18.73902676389227,0
game8/Clip8,292,0.22002495651159631,18.932439366800335,2
game8/Clip8,293,6.763536623421561,22.65348768659218,0
game8/Clip8,294,6.763536623421561,22.65348768659218,0
game8/Clip8,295,-0.36301185097319283,22.882654059999986,0
game8/Clip8,296,-0.53786468746354,24.019581457587876,0
game8/Clip8,297,-0.7196772843025705,25.201762580422024,0
game8/Clip8,298,-0.8889169808292245,26.18189559785262,0
game8/Clip8,299,-0.9960812864429862,26.938107915497618,0
game8/Clip8,300,-1.153288776012954,27.71297566154301,0
game8/Clip8,301,-1.292120156096574,28.24019431943746,0
game8/Clip8,302,-1.385119917744987,28.77646115119643,0
game8/Clip8,303,-1.5047472753624203,29.047655747709534,0
game8/Clip8,304,-1.6253749663642634,29.321118094793803,0
game8/Clip8,305,-1.67392514435087,29.320878643724363,0
game8/Clip8,306,-1.7710129359470157,29.320399803553386,0
game8/Clip8,307,-1.8195505506403595,29.320160414446516,0
game8/Clip8,308,-1.8914567813976062,29.045842634801563,0
game8/Clip8,309,-1.9146298543882356,28.774106330988435,0
game8/Clip8,310,-1.9376057468860735,28.504682240938127,0
game8/Clip8,311,-1.935471159080248,27.972831087087666,0
game8/Clip8,312,-1.9333721142222424,27.449835768427857,2
game8/Clip8,313,-2.055788896855938,28.23716218589327,0
game8/Clip8,314,-2.207700793167736,29.318246044725687,0
game8/Clip8,315,-2.414205111358468,30.436468761594885,0
game8/Clip8,316,-2.5488389588171603,31.300978267974916,0
game8/Clip8,317,-2.687058895031772,32.18851473138494,0
game8/Clip8,318,-2.7170017965550146,32.489768505892215,0
game8/Clip9,0,,,0
game8/Clip9,1,,,0
game8/Clip9,2,2.808138762699482,10.693805458764537,0
game8/Clip9,3,2.815382339660989,10.416449922706775,0
game8/Clip9,4,2.826084816137653,10.006653614045371,0
game8/Clip9,5,2.806216426555841,9.472018710302507,1
game8/Clip9,6,3.2972787546258,10.549028662156179,0
game8/Clip9,7,3.883693080987902,11.973303432968349,0
game8/Clip9,8,4.431919353607097,13.179306804132223,0
game8/Clip9,9,4.887575514783591,13.964841794447958,0
game8/Clip9,10,5.363261249161033,14.943625119811912,0
game8/Clip9,11,5.768776784096492,15.618100767206595,0
game8/Clip9,12,6.139094819573805,16.13596808161061,0
game8/Clip9,13,6.429788749618939,16.48708076946564,0
game8/Clip9,14,6.764390278741254,16.84299143438791,0
game8/Clip9,15,7.013284358092502,17.022404632157894,0
game8/Clip9,16,7.2239760121455845,17.20337876653934,0
game8/Clip9,17,7.424235627653462,17.202219509768277,0
game8/Clip9,18,7.611966264718947,17.018842827224955,2
game8/Clip9,19,7.797799259286419,17.942213181423103,0
game8/Clip9,20,8.033978854998438,19.490364359183257,0
game8/Clip9,21,8.225433314398135,20.92140687559434,0
game8/Clip9,22,7.411950779460871,24.73010713869159,0
game8/Clip9,23,8.840762658138075,24.256342801458043,0
game8/Clip9,24,9.052000298241252,25.70468232718593,0
game8/Clip9,25,9.251976474358589,26.96693788883614,0
game8/Clip9,26,9.437444683726332,28.015310539343634,0
game8/Clip9,27,9.629312691382053,29.09985851885634,1
game8/Clip9,28,7.869653446051557,24.021443996833288,0
game8/Clip9,29,7.9898240443769835,23.788800772267237,0
game8/Clip9,30,8.109081595373684,23.55792515373542,0
game8/Clip9,31,8.061828398573924,26.963589748330435,0
game8/Clip9,32,7.621581232429869,25.95017255420405,0
game8/Clip9,33,9.144123768553504,23.55773179950445,0
game8/Clip9,34,6.6273103969083555,23.55820196055352,0
game8/Clip9,35,6.129209074966292,22.21236732380889,0
game8/Clip9,36,5.605068961285713,20.719366806406317,0
game8/Clip9,37,5.195236258616785,19.501066412841418,0
game8/Clip9,38,,,0
game8/Clip9,39,4.3030289295668585,16.323937294699803,0
game8/Clip9,40,3.876857162126576,14.623673763971086,0
game8/Clip9,41,3.4765871191627866,13.188247953709345,0
game8/Clip9,42,3.1018989612414503,11.688304188363013,0
game8/Clip9,43,2.757591188918075,10.00748788186392,0
game8/Clip9,44,2.408994952781776,8.31917373325824,0
game8/Clip9,45,-7.326201677425537,33.371190066808936,0
game8/Clip9,46,-7.2752489440367185,33.06311408959648,0
game8/Clip9,47,1.547684213452497,3.7408985913150703,0
game8/Clip9,48,8.095731331134436,27.482634336019863,0
game8/Clip9,49,2.0665786964153074,33.14063594746756,0
game8/Clip9,50,0.5359999322402385,0.2982158672150569,2
game8/Clip9,51,-7.173431510785132,33.06395900741055,1
game8/Clip9,52,0.46780006682623687,0.7191942575039035,0
game8/Clip9,53,0.5896716559773688,2.0376526471212384,0
game8/Clip9,54,0.7836597672822749,3.7544564661336475,0
game8/Clip9,55,0.9740219620705365,5.529975320956303,0
game8/Clip9,56,1.126791741771822,6.885049953238153,0
game8/Clip9,57,1.340590245604313,8.58562114770875,0
game8/Clip9,58,1.491955152914467,10.022903614067003,0
game8/Clip9,59,1.689046980573766,11.558376442587841,0
game8/Clip9,60,1.8703881229828208,13.048769706934264,0
game8/Clip9,61,2.070188637445905,14.474418436298937,0
game8/Clip9,62,2.282291999058768,15.987852417136988,0
game8/Clip9,63,2.4388640651518227,17.231078677031853,0
game8/Clip9,64,2.6800113830990533,18.728473226305088,0
game8/Clip9,65,2.859769942945052,19.90956128326966,0
game8/Clip9,66,3.0512310673415026,20.934388675752405,0
game8/Clip9,67,3.2471574058756714,22.21632855818795,0
game8/Clip9,68,3.4566153261131354,23.104275090971758,0
game8/Clip9,69,3.6714343847901145,24.25412969698391,0
game8/Clip9,70,3.850180948693975,24.96637180640362,0
game8/Clip9,71,4.079590937738457,25.69621548611682,0
game8/Clip9,72,4.221031110409334,26.444079101525972,0
game8/Clip9,73,4.411785196454379,26.953321397911477,0
game8/Clip9,74,4.605782179146222,27.471221019388143,0
game8/Clip9,75,4.751892869080549,27.73365424142524,0
game8/Clip9,76,4.947356439628337,27.998539423490268,0
game8/Clip9,77,5.096229353119518,28.265559150816685,0
game8/Clip9,78,5.241163655797744,28.26613460996199,0
game8/Clip9,79,5.386135068189446,28.26671021645078,0
game8/Clip9,80,5.4765913819490875,28.000516190994333,0
game8/Clip9,81,5.614248683531851,27.73667401197046,0
game8/Clip9,82,5.758102418641721,27.737177754468423,0
game8/Clip9,83,5.791104131249984,27.215075868248377,0
game8/Clip9,84,5.878456796075372,26.957447458097754,0
game8/Clip9,85,5.995890441696106,26.19663947374153,0
game8/Clip9,86,6.081022542296918,25.947212762865917,0
game8/Clip9,87,6.148106111612629,25.210491965465817,0
game8/Clip9,88,6.2048614089957645,24.255214313472877,0
game8/Clip9,89,6.277563597328931,23.788772413581533,0
game8/Clip9,90,6.349144106508075,23.32952697046355,0
game8/Clip9,91,6.41032892909291,22.653835474463243,0
game8/Clip9,92,6.470125199021497,21.99347838954625,2
game8/Clip9,93,6.517968831120996,23.10247249835433,0
game8/Clip9,94,6.557602069568114,24.021153334697097,0
game8/Clip9,95,,,0
game8/Clip9,96,6.651516303623351,26.198043502314096,0
game8/Clip9,97,6.684375915178727,26.959714680556786,0
game8/Clip9,98,6.766102511558682,27.740707537580175,0
game8/Clip9,99,6.789441460977511,28.27228202024377,0
game8/Clip9,100,6.813178362394953,28.812920369664734,0
game8/Clip9,101,6.83732348153974,29.362856400970635,0
game8/Clip9,102,6.849552427765538,29.641386323069682,0
game8/Clip9,103,6.861887440294875,29.922332041159283,0
game8/Clip9,104,6.861887440294875,29.922332041159283,0
game8/Clip9,105,6.861887440294875,29.922332041159283,0
game8/Clip9,106,6.861887440294875,29.922332041159283,0
game8/Clip9,107,6.849552427765538,29.641386323069682,1
game8/Clip9,108,6.886610760321864,29.363099487445368,0
game8/Clip9,109,6.886349411685872,28.27266679158815,0
game8/Clip9,110,6.886096732416666,27.218405552909193,0
game8/Clip9,111,6.885852298186208,26.198545334915668,0
game8/Clip9,112,6.920013773383898,24.969619077728044,0
game8/Clip9,113,6.896435563782216,23.558151685800457,0
game8/Clip9,114,6.906680022730938,21.992794253659763,0
game8/Clip9,115,6.916393798492925,20.508525425088354,0
game8/Clip9,116,6.873775116309683,18.90388799411641,0
game8/Clip9,117,6.863686797267407,17.205464397787697,0
game8/Clip9,118,6.893015765834697,15.6100113131315,0
game8/Clip9,119,6.864170428364411,13.787425207836776,0
game8/Clip9,120,6.846272559462277,12.24023753518487,0
game8/Clip9,121,6.8385491025092895,10.368905434868786,0
game8/Clip9,122,6.80610676258013,8.768090871350456,0
game8/Clip9,123,6.79253036319072,7.036592348694282,0
game8/Clip9,124,6.74894032389489,5.436603687081176,0
game8/Clip9,125,6.7755757200237,4.05457062987834,2
game8/Clip9,126,6.828169764060696,3.95124726661253,0
game8/Clip9,127,6.880495556116745,3.8484508964194415,0
game8/Clip9,128,6.924974818233938,3.645476732435834,0
game8/Clip9,129,6.990845129180505,3.344887858895313,0
game8/Clip9,130,7.026478434199161,3.0493861667575572,0
game8/Clip9,131,7.075054170831265,2.5669185952506504,0
game8/Clip9,132,7.093911662558508,2.0969228942732716,0
game8/Clip9,133,7.132793128051399,1.5477401135676032,0
game8/Clip9,134,7.135297660206765,0.9278300967554889,0
game8/Clip9,135,7.157421249761358,0.24401027586496357,0
game8/Clip9,136,7.171379883166123,-0.4949127763135312,0
game8/Clip9,137,7.013444541321795,-0.16712247147161705,1
game8/Clip9,138,7.188996842102005,1.5466389992141787,0
game8/Clip9,139,7.159534545556985,3.243049107076457,0
game8/Clip9,140,7.110543006639276,4.887880262152569,0
game8/Clip9,141,7.0867979209302145,6.216265127260356,0
game8/Clip9,142,7.0373520356291746,7.758328893989099,0
game8/Clip9,143,6.991549519242373,9.024701180991078,0
game8/Clip9,144,6.934082840711195,10.229895706639972,0
game8/Clip9,145,6.8645142340445675,11.35759533176949,0
game8/Clip9,146,6.773811098469344,12.240974278760715,0
game8/Clip9,147,6.67962546704057,13.158270063361819,0
game8/Clip9,148,6.610836421508043,13.949915729018828,0
game8/Clip9,149,6.531365601057011,14.602207403157522,0
game8/Clip9,150,6.441585507625899,15.103030908856805,0
game8/Clip9,151,6.350001263956089,15.613918570348524,0
game8/Clip9,152,6.248889626902593,15.960521263805491,0
game8/Clip9,153,6.153779793242409,16.488854048678622,0
game8/Clip9,154,6.082090620355116,16.667620491073745,0
game8/Clip9,155,6.00991478872751,16.84760048145894,0
game8/Clip9,156,5.897433312378414,17.029043289039045,0
game8/Clip9,157,5.817813678397479,17.029516978993477,0
game8/Clip9,158,5.732203162325731,16.849297005700215,0
game8/Clip9,159,5.647195515301341,16.670346141023494,2
game8/Clip9,160,5.595601526115108,17.580565673489925,0
game8/Clip9,161,5.594456753687246,18.90937757434942,0
game8/Clip9,162,5.539636292885577,19.90040607614361,0
game8/Clip9,163,5.531227367238561,21.13832886342545,0
game8/Clip9,164,5.516637394050191,22.21320927262893,0
game8/Clip9,165,5.445685015915652,22.878079697214808,0
game8/Clip9,166,5.423369014072531,23.78875826629701,0
game8/Clip9,167,5.349349882433159,24.490666003288815,0
game8/Clip9,168,5.314293793865724,24.967920546002606,0
game8/Clip9,169,5.2786749015201675,25.452837114650855,0
game8/Clip9,170,5.242479542523165,25.94560171596243,0
game8/Clip9,171,5.154056223077848,26.194836678328883,0
game8/Clip9,172,5.107324329396162,26.194736601565914,0
game8/Clip9,173,5.111842389519433,26.44618460203535,1
game8/Clip9,174,5.220642660950203,27.2133411927764,0
game8/Clip9,175,5.326650782665128,27.735666910661052,0
game8/Clip9,176,5.434467121386532,28.266902118033144,0
game8/Clip9,177,5.592895047005706,28.807493563458287,0
game8/Clip9,178,5.704897337148521,29.357271238102282,0
game8/Clip9,179,5.811036252783394,29.63600930462663,0
game8/Clip9,180,5.976287919890612,30.20062861926087,0
game8/Clip9,181,6.125862797891617,30.201477475728257,0
game8/Clip9,182,6.2353091199142785,30.48773571912686,0
game8/Clip9,183,6.385605450465943,30.488626547835796,0
game8/Clip9,184,6.524922261598675,30.203742188968647,0
game8/Clip9,185,6.6746420260115435,30.20459186768485,0
game8/Clip9,186,6.812175937325587,29.922062342031627,0
game8/Clip9,187,6.899053070371976,29.641642617458402,0
game8/Clip9,188,7.021527714874379,29.087631747783135,0
game8/Clip9,189,7.155328982133941,28.814441971315212,0
game8/Clip9,190,7.260382375124759,28.007178903123442,0
game8/Clip9,191,7.424758906966836,27.480440028769337,0
game8/Clip9,192,7.524375624249831,26.705933264749994,0
game8/Clip9,193,7.606903729751411,25.70222166836083,0
game8/Clip9,194,7.701579016789785,24.970445817993077,0
game8/Clip9,195,7.779069653287489,24.021423929571302,0
game8/Clip9,196,7.839267935693715,22.876194744895496,0
game8/Clip9,197,7.940778185172852,21.77412573367165,0
game8/Clip9,198,7.995751925060573,20.71292842721887,0
game8/Clip9,199,8.075831268783926,19.49020657567072,0
game8/Clip9,200,8.11153866101771,18.319703517073023,0
game8/Clip9,201,8.171306569311211,17.01551508166586,0
game8/Clip9,202,8.228245549224868,15.773056356782732,0
game8/Clip9,203,8.230389972443351,14.42370846284877,0
game8/Clip9,204,8.269447377672602,13.143390595265346,0
game8/Clip9,205,8.306549340842752,11.927172925649183,0
game8/Clip9,206,2.439835022192287,23.104873793691453,0
game8/Clip9,207,2.439835022192287,23.104873793691453,0
game8/Clip9,208,2.439835022192287,23.104873793691453,0
game8/Clip9,209,2.3956686670072784,23.10489979981772,2
game8/Clip9,210,8.530540544829165,7.250311935800725,0
game8/Clip9,211,8.694655048684814,7.8584275164421085,0
game8/Clip9,212,8.835398542568697,8.231269189632634,0
game8/Clip9,213,8.959525440223814,8.739601734178795,0
game8/Clip9,214,9.090524100791663,8.997411778245644,0
game8/Clip9,215,9.238650005702318,9.390625354231863,0
game8/Clip9,216,9.373334788116342,9.656308772814253,0
game8/Clip9,217,9.493117284097,9.789729546068914,0
game8/Clip9,218,9.578983777584938,9.924401782537108,0
game8/Clip9,219,9.682971687009072,9.923135186360609,0
game8/Clip9,220,2.3515057654528757,23.10492580391041,0
game8/Clip9,221,2.3515057654528757,23.10492580391041,0
game8/Clip9,222,9.993596455797368,9.648606165964468,0
game8/Clip9,223,10.060711066379012,9.380223333317046,0
game8/Clip9,224,10.092963797603797,9.115413655128776,0
game8/Clip9,225,10.140639305807387,8.723975922402715,0
game8/Clip9,226,10.187489984015974,8.339310421275028,0
game8/Clip9,227,10.182494394604655,7.837584972054346,0
game8/Clip9,228,10.192728222073976,7.226133608696316,0
game8/Clip9,229,10.22007535556409,6.748966476159663,0
game8/Clip9,230,10.180609785904169,6.054064972642957,0
game8/Clip9,231,10.17365311827059,5.381231297528834,0
game8/Clip9,232,10.166918450944948,4.729869006550903,0
game8/Clip9,233,10.176631425703627,4.202476200373391,2
game8/Clip9,234,10.303748686409309,4.621002063563813,0
game8/Clip9,235,10.433620398226184,5.048596789806582,0
game8/Clip9,236,10.561943733059271,5.264873838231746,0
game8/Clip9,237,10.678529583811976,5.595043671057674,0
