clip,frame,player_id,real_x,real_y
game8/Clip1,0,player_bottom,7.855636250074516,-1.4271296051045337
game8/Clip1,0,player_top,3.311207288082193,23.63118906246057
game8/Clip1,1,player_bottom,7.856537070630277,-1.4231383344917579
game8/Clip1,1,player_top,3.2804646512587605,23.714816428521768
game8/Clip1,2,player_bottom,7.857028495706768,-1.4105485214848992
game8/Clip1,2,player_top,3.2733458985476918,23.705911368881303
game8/Clip1,3,player_bottom,7.857862613521448,-1.3829514577392095
game8/Clip1,3,player_top,3.242507294732125,23.659458964425607
game8/Clip1,4,player_bottom,7.861228773322858,-1.3166363939517791
game8/Clip1,4,player_top,3.200521669819454,23.611307546941642
game8/Clip1,5,player_bottom,7.85666802533623,-1.2556352719511736
game8/Clip1,5,player_top,3.147511935765686,23.560852297358764
game8/Clip1,6,player_bottom,7.834783716896135,-1.173157458548239
game8/Clip1,6,player_top,3.1196964037034802,23.474738760127252
game8/Clip1,7,player_bottom,7.784646070531652,-1.099886664411937
game8/Clip1,7,player_top,3.0906443806596533,23.338762121548534
game8/Clip1,8,player_bottom,7.731836915192145,-1.0575535700069358
game8/Clip1,8,player_top,3.0708664723439325,23.230402744637377
game8/Clip1,9,player_bottom,7.692677001415675,-1.0858366533324944
game8/Clip1,9,player_top,3.059508176941076,23.09028090932964
game8/Clip1,10,player_bottom,7.6719878930580006,-1.1308395242311235
game8/Clip1,10,player_top,3.0621171989821474,23.035773454172723
game8/Clip1,11,player_bottom,7.667887588504737,-1.139311127982091
game8/Clip1,11,player_top,3.0967365062570282,23.03298005725098
game8/Clip1,12,player_bottom,7.6745094149264474,-1.1351726524457069
game8/Clip1,12,player_top,3.175200717859299,23.038418155466807
game8/Clip1,13,player_bottom,7.697727199094712,-1.1165724851482322
game8/Clip1,13,player_top,3.2072430712769653,23.05930582491209
game8/Clip1,14,player_bottom,7.721036633782079,-1.097335669310662
game8/Clip1,14,player_top,3.2603835023568495,23.04887163580251
game8/Clip1,15,player_bottom,7.745885696119344,-1.0799487044649883
game8/Clip1,15,player_top,3.31267434458961,23.030133275487344
game8/Clip1,16,player_bottom,7.812509633446568,-1.0602549267992545
game8/Clip1,16,player_top,3.335559130066248,23.102338924011917
game8/Clip1,17,player_bottom,7.8506769058107615,-1.0540552223065836
game8/Clip1,17,player_top,3.3650422060405782,23.178474589433137
game8/Clip1,18,player_bottom,7.8961704902902605,-1.0461043202266713
game8/Clip1,18,player_top,3.405591491563884,23.27133636752832
game8/Clip1,19,player_bottom,7.9374116075705174,-1.0299950425147344
game8/Clip1,19,player_top,3.4068406711244448,23.145959666632997
game8/Clip1,20,player_bottom,8.057000163237776,-1.0186560823176942
game8/Clip1,20,player_top,3.398845810711559,23.098725440161836
game8/Clip1,21,player_bottom,8.169263574121157,-0.9936064615914004
game8/Clip1,21,player_top,3.388397380316507,23.0824565135671
game8/Clip1,22,player_bottom,8.268035512281605,-0.9870444248859925
game8/Clip1,22,player_top,3.3880639336607814,23.06757032769764
game8/Clip1,23,player_bottom,8.431733471900243,-0.9936053679362038
game8/Clip1,23,player_top,3.3784948994775523,23.0883662178705
game8/Clip1,24,player_bottom,8.507379423743693,-0.9681112843253916
game8/Clip1,24,player_top,3.3695572397488687,23.164593632012053
game8/Clip1,25,player_bottom,8.631676968044594,-0.5139859418308037
game8/Clip1,25,player_top,3.3646558640324447,23.333817937102797
game8/Clip1,26,player_bottom,8.758920048526088,-0.06630430757287212
game8/Clip1,26,player_top,3.360569484711542,23.417647132746474
game8/Clip1,27,player_bottom,8.864305983310595,0.1876701744910739
game8/Clip1,27,player_top,3.357503786315198,23.59188214201003
game8/Clip1,28,player_bottom,8.955501290913016,0.28214882146019865
game8/Clip1,28,player_top,3.3659025638325257,23.746985320992696
game8/Clip1,29,player_bottom,9.066146758721167,0.305222117836738
game8/Clip1,29,player_top,3.3665040419234225,23.91945242805526
game8/Clip1,30,player_bottom,9.194965063437145,0.11606927651981279
game8/Clip1,30,player_top,3.363569112664535,24.008655993526855
game8/Clip1,31,player_bottom,9.317913269376376,0.05269884182716859
game8/Clip1,31,player_top,3.3566361139498633,24.04601829494956
game8/Clip1,32,player_bottom,9.40827694785443,0.01645662264076788
game8/Clip1,32,player_top,3.351742529937892,24.101607439375943
game8/Clip1,33,player_bottom,9.469167315251397,0.016470321632980418
game8/Clip1,33,player_top,3.347193413577107,24.133121801858955
game8/Clip1,34,player_bottom,9.507903854580393,0.044054734672473846
game8/Clip1,34,player_top,3.3437611496691155,24.098930336337467
game8/Clip1,35,player_bottom,9.516092954914368,-0.005653242054918807
game8/Clip1,35,player_top,3.3830748661414836,24.027921494142834
game8/Clip1,36,player_bottom,9.520171091057405,-0.014400935827352142
game8/Clip1,36,player_top,3.4282330338330214,24.02920123561845
game8/Clip1,37,player_bottom,9.532787029064325,-0.041107541622453184
game8/Clip1,37,player_top,3.4803544751248703,24.008414499585612
game8/Clip1,38,player_bottom,9.539494688015134,-0.04119493885590805
game8/Clip1,38,player_top,3.5165554741121676,24.01970393910718
game8/Clip1,39,player_bottom,9.555047318336246,-0.0062222228341819695
game8/Clip1,39,player_top,3.531663524456087,23.972806369928787
game8/Clip1,40,player_bottom,9.532170490013696,-0.00022824876343478814
game8/Clip1,40,player_top,3.5156390307927237,24.10837030906754
game8/Clip1,41,player_bottom,9.527049557024098,0.04437176777957212
game8/Clip1,41,player_top,3.4948990579552586,24.22798396408241
game8/Clip1,42,player_bottom,9.481881299592,0.03924435029502617
game8/Clip1,42,player_top,3.4625984422324523,24.533999802175888
game8/Clip1,43,player_bottom,9.433100815459849,0.06640197500088701
game8/Clip1,43,player_top,3.417298861974472,24.785805710059563
game8/Clip1,44,player_bottom,9.328674964237493,0.08924292957057489
game8/Clip1,44,player_top,3.4160428359997925,24.944930843591226
game8/Clip1,45,player_bottom,9.232422763558729,0.014605894319676809
game8/Clip1,45,player_top,3.4273475901338224,25.054241725150586
game8/Clip1,46,player_bottom,9.073016669696953,0.06571390127469481
game8/Clip1,46,player_top,3.4366486505791394,25.096384173329263
game8/Clip1,47,player_bottom,8.95985249451254,0.086426373429206
game8/Clip1,47,player_top,3.438605846718131,25.095271360763682
game8/Clip1,48,player_bottom,8.880599105674278,0.09810341515411351
game8/Clip1,48,player_top,3.4292594618278285,25.08940956975101
game8/Clip1,49,player_bottom,8.809617249394872,0.11591747741375169
game8/Clip1,49,player_top,3.4315245567642534,25.073993872600433
game8/Clip1,50,player_bottom,8.684714166210384,0.15603915483916717
game8/Clip1,50,player_top,3.439113434534477,25.052880616329542
game8/Clip1,51,player_bottom,8.537441393861684,0.15833260218729128
game8/Clip1,51,player_top,3.4450912735509065,25.09345548913083
game8/Clip1,52,player_bottom,8.454077533836845,0.14197578843875708
game8/Clip1,52,player_top,3.4510026238681153,25.125788105441284
game8/Clip1,53,player_bottom,8.341194198058927,0.10249206443923622
game8/Clip1,53,player_top,3.4914515493210585,25.207765342775357
game8/Clip1,54,player_bottom,8.269096340674846,-0.036316911368063004
game8/Clip1,54,player_top,3.481161391934713,25.402113017228878
game8/Clip1,55,player_bottom,8.131283722467238,-0.1808774945199409
game8/Clip1,55,player_top,3.44668964066432,25.61502303932282
game8/Clip1,56,player_bottom,8.046281580971918,-0.24968833265537924
game8/Clip1,56,player_top,3.3657543786248083,26.011738447588357
game8/Clip1,57,player_bottom,7.92046477932507,-0.31426224548820325
game8/Clip1,57,player_top,3.3513087969471362,26.21317437870012
game8/Clip1,58,player_bottom,7.7545609079062086,-0.30697953533485944
game8/Clip1,58,player_top,3.352233200804774,26.34871397186464
game8/Clip1,59,player_bottom,7.597347282977104,-0.31928245561839785
game8/Clip1,59,player_top,3.292460933016045,26.511318605417284
game8/Clip1,60,player_bottom,7.470455837482687,-0.26973930372421134
game8/Clip1,60,player_top,3.3034653605515585,26.517876162780183
game8/Clip1,61,player_bottom,7.321272775071586,-0.06704010928804596
game8/Clip1,61,player_top,3.294818259066805,26.445455537485238
game8/Clip1,62,player_bottom,7.2265029330861115,-0.016801220987947712
game8/Clip1,62,player_top,3.2975517409652073,26.452548315048425
game8/Clip1,63,player_bottom,7.038051975976359,-0.23754914250877496
game8/Clip1,63,player_top,3.2818532063168937,26.443834334398005
game8/Clip1,64,player_bottom,6.904590577253426,-0.4173176584056298
game8/Clip1,64,player_top,3.2796755361312857,26.415692390819025
game8/Clip1,65,player_bottom,6.751749501956112,-0.540874058998099
game8/Clip1,65,player_top,3.277254339829611,26.413402236960025
game8/Clip1,66,player_bottom,6.621112180497291,-0.7086278254546186
game8/Clip1,66,player_top,3.265567368208461,26.442838093762628
game8/Clip1,67,player_bottom,6.505861541679441,-0.7930231081116751
game8/Clip1,67,player_top,3.273666938389019,26.51097621291896
game8/Clip1,68,player_bottom,6.423561674848477,-0.845519243598259
game8/Clip1,68,player_top,3.278946064140773,26.55984834835402
game8/Clip1,69,player_bottom,6.336465408499359,-0.8556733552814985
game8/Clip1,69,player_top,3.305758203795929,26.593142584749565
game8/Clip1,70,player_bottom,6.212204002487037,-0.8469694968892446
game8/Clip1,70,player_top,3.315620214222902,26.63967705134731
game8/Clip1,71,player_bottom,6.060730615984606,-0.8344688827976727
game8/Clip1,71,player_top,3.3265452094254275,26.78865297114897
game8/Clip1,72,player_bottom,5.918931855429544,-0.815007255575702
game8/Clip1,72,player_top,3.3258975436592877,26.92416022162105
game8/Clip1,73,player_bottom,5.810796998265626,-0.798330754621179
game8/Clip1,73,player_top,3.3136676206680824,27.037609296045243
game8/Clip1,74,player_bottom,5.688190452637523,-0.7837263546861345
game8/Clip1,74,player_top,3.325345348997858,27.11569024431812
game8/Clip1,75,player_bottom,5.602023775485914,-0.7468202971993859
game8/Clip1,75,player_top,3.3288207286480067,27.155926447167875
game8/Clip1,76,player_bottom,5.450715140751621,-0.7591376191921536
game8/Clip1,76,player_top,3.2871852413082148,27.12721665334068
game8/Clip1,77,player_bottom,5.338348022042063,-0.7931554850816086
game8/Clip1,77,player_top,3.2780541256743416,27.12483617217579
game8/Clip1,78,player_bottom,5.1945016454641655,-0.8373869623584522
game8/Clip1,78,player_top,3.287785602576835,27.109687352272708
game8/Clip1,79,player_bottom,5.09735204230419,-0.8373537705057013
game8/Clip1,79,player_top,3.2932018374616265,27.098109788526024
game8/Clip1,80,player_bottom,5.024553072195116,-0.8614154784918198
game8/Clip1,80,player_top,3.3173217712579013,27.085407265688563
game8/Clip1,81,player_bottom,4.946638187687872,-0.9134965656876163
game8/Clip1,81,player_top,3.347544022104718,27.067855998915366
game8/Clip1,82,player_bottom,4.865851769445195,-0.9595673766798569
game8/Clip1,82,player_top,3.3788541132248278,27.058714954885655
game8/Clip1,83,player_bottom,4.753392633020093,-0.9398633322544844
game8/Clip1,83,player_top,3.400221721845111,27.09093317081441
game8/Clip1,84,player_bottom,4.648821703005894,-0.9755185544387179
game8/Clip1,84,player_top,3.439229395743496,27.133465704781425
game8/Clip1,85,player_bottom,4.568716155936472,-1.0054965161986245
game8/Clip1,85,player_top,3.495765723327977,27.207747170400353
game8/Clip1,86,player_bottom,4.506754766772275,-1.0692565327056474
game8/Clip1,86,player_top,3.5408298934947715,27.254512734040134
game8/Clip1,87,player_bottom,4.465858561005284,-1.1059716929243355
game8/Clip1,87,player_top,3.5794606045168558,27.289675901159907
game8/Clip1,88,player_bottom,4.433496790867258,-1.1247719877351416
game8/Clip1,88,player_top,3.6061745261048777,27.26325783570929
game8/Clip1,89,player_bottom,4.397347417611268,-1.1342477148614436
game8/Clip1,89,player_top,3.647368527305417,27.351036193378754
game8/Clip1,90,player_bottom,4.352496377649288,-1.1277818218259021
game8/Clip1,90,player_top,3.6707309158120567,27.450823611430277
game8/Clip1,91,player_bottom,4.28405525632133,-1.1110270110438316
game8/Clip1,91,player_top,3.702615810823881,27.428858342343744
game8/Clip1,92,player_bottom,4.227401652519978,-1.1006544682190706
game8/Clip1,92,player_top,3.7431708791819394,27.387456903063114
game8/Clip1,93,player_bottom,4.178526328601228,-1.1001188340177994
game8/Clip1,93,player_top,3.775745027804687,27.38193474617547
game8/Clip1,94,player_bottom,4.122727983464499,-1.0988028131967682
game8/Clip1,94,player_top,3.8031817303670805,27.386994337901545
game8/Clip1,95,player_bottom,4.08071545536897,-1.0883983761011469
game8/Clip1,95,player_top,3.8207556800614566,27.373601872486393
game8/Clip1,96,player_bottom,4.050648131067685,-1.0856167950149618
game8/Clip1,96,player_top,3.8459675954147627,27.393048412871217
game8/Clip1,97,player_bottom,4.027021400717556,-1.0790138409287109
game8/Clip1,97,player_top,3.8648189846240837,27.4029424281517
game8/Clip1,98,player_bottom,4.002745882610621,-1.0703192849427048
game8/Clip1,98,player_top,3.9011365066261203,27.390336661893386
game8/Clip1,99,player_bottom,3.9662489187549284,-1.0598985597496509
game8/Clip1,99,player_top,3.9575187704304513,27.379899369674586
game8/Clip1,100,player_bottom,3.920504976201106,-1.071773292971029
game8/Clip1,100,player_top,4.006216949287314,27.395117348915107
game8/Clip1,101,player_bottom,3.8559294365537746,-1.0678583650922588
game8/Clip1,101,player_top,4.07096917006881,27.389116500262453
game8/Clip1,102,player_bottom,3.8120188820271967,-1.0857339784075286
game8/Clip1,102,player_top,4.1231685019974496,27.34313922950595
game8/Clip1,103,player_bottom,3.769184011314635,-1.1239508073904665
game8/Clip1,103,player_top,4.1818832948823035,27.322936778855325
game8/Clip1,104,player_bottom,3.7190313429528827,-1.1379842570589453
game8/Clip1,104,player_top,4.220781717203581,27.35325838045959
game8/Clip1,105,player_bottom,3.660305578459015,-1.1403790632241566
game8/Clip1,105,player_top,4.269192303297184,27.392278761703515
game8/Clip1,106,player_bottom,3.6110958157255517,-1.1402585441942201
game8/Clip1,106,player_top,4.31495352746002,27.419341102204964
game8/Clip1,107,player_bottom,3.578146886847705,-1.1441477552264598
game8/Clip1,107,player_top,4.359292548663955,27.45509117656075
game8/Clip1,108,player_bottom,3.5613669713198495,-1.1530066061947637
game8/Clip1,108,player_top,4.3941547484290515,27.482900778796804
game8/Clip1,109,player_bottom,3.551180541366178,-1.1688256966002504
game8/Clip1,109,player_top,4.421738856617014,27.489934732398112
game8/Clip1,110,player_bottom,3.5306163479866894,-1.1681779129054628
game8/Clip1,110,player_top,4.442574061513467,27.478503773962853
game8/Clip1,111,player_bottom,3.4982395138521807,-1.1650675644093793
game8/Clip1,111,player_top,4.476814319833769,27.461878455513585
game8/Clip1,112,player_bottom,3.45322193665255,-1.1599649416359639
game8/Clip1,112,player_top,4.503069473541221,27.50851895176911
game8/Clip1,113,player_bottom,3.3968526310290827,-1.163992218171524
game8/Clip1,113,player_top,4.527686355485364,27.545500289932466
game8/Clip1,114,player_bottom,3.3261940818833073,-1.1591859934713227
game8/Clip1,114,player_top,4.5624891239705665,27.58184011541565
game8/Clip1,115,player_bottom,3.2640646263590445,-1.1655877954621514
game8/Clip1,115,player_top,4.599628978866301,27.589924325537513
game8/Clip1,116,player_bottom,3.2164799120706897,-1.1852923806405966
game8/Clip1,116,player_top,4.651875874537469,27.58021004514828
game8/Clip1,117,player_bottom,3.169074315536713,-1.1968994575673086
game8/Clip1,117,player_top,4.6919943265885875,27.581347641846126
game8/Clip2,0,player_bottom,0.70548123376817,-1.5652388748295656
game8/Clip2,0,player_top,5.070583918816157,22.13082987894185
game8/Clip2,1,player_bottom,0.7319841275408832,-1.5734890057537259
game8/Clip2,1,player_top,5.084386414254948,22.147792108775462
game8/Clip2,2,player_bottom,0.7404336855507188,-1.6253112243944554
game8/Clip2,2,player_top,5.0951879481194124,22.15183916241697
game8/Clip2,3,player_bottom,0.7483253939005358,-1.623465421079359
game8/Clip2,3,player_top,5.096723988057981,22.163521004753292
game8/Clip2,4,player_bottom,0.7526139809958342,-1.6183051615887316
game8/Clip2,4,player_top,5.10926981735559,22.11096773629952
game8/Clip2,5,player_bottom,0.7562894212547999,-1.626143513285709
game8/Clip2,5,player_top,5.134274416481699,22.12096840400672
game8/Clip2,6,player_bottom,0.7450731311191824,-1.6064930755377111
game8/Clip2,6,player_top,5.1549780379712935,22.130526103532876
game8/Clip2,7,player_bottom,0.7193503646819575,-1.5828871253266497
game8/Clip2,7,player_top,5.190778961321543,22.11457793601926
game8/Clip2,8,player_bottom,0.6984347435724174,-1.5435695503676807
game8/Clip2,8,player_top,5.1973357007690035,22.146580056353617
game8/Clip2,9,player_bottom,0.6684319881942782,-1.490357142634689
game8/Clip2,9,player_top,5.20214848440466,22.177929873892655
game8/Clip2,10,player_bottom,0.6434176585003333,-1.412191191894022
game8/Clip2,10,player_top,5.189155952590548,22.269097550129633
game8/Clip2,11,player_bottom,0.5514448893146601,-1.3510892413238973
game8/Clip2,11,player_top,5.160471290619633,22.249791546326453
game8/Clip2,12,player_bottom,0.4760717319977874,-1.2749804022123365
game8/Clip2,12,player_top,5.16487384360408,22.213600857511402
game8/Clip2,13,player_bottom,0.398568390496172,-1.2338511627498618
game8/Clip2,13,player_top,5.167610340922862,22.21469820338572
game8/Clip2,14,player_bottom,0.3091884529855429,-1.1983432308544972
game8/Clip2,14,player_top,5.168868588648551,22.220506816695107
game8/Clip2,15,player_bottom,0.1931328027866851,-1.1773745360599999
game8/Clip2,15,player_top,5.168654670171715,22.212394347883002
game8/Clip2,16,player_bottom,0.05282223514591301,-1.175513769251224
game8/Clip2,16,player_top,5.185059552627787,22.26538336340864
game8/Clip2,17,player_bottom,-0.0933184328992824,-1.1741176723413393
game8/Clip2,17,player_top,5.2046082694079,22.30449170271868
game8/Clip2,18,player_bottom,-0.1530732826396961,-1.168647852920268
game8/Clip2,18,player_top,5.235574007774484,22.464726697976207
game8/Clip2,19,player_bottom,-0.1814619093515657,-1.1759279555502438
game8/Clip2,19,player_top,5.270515736674851,22.60398195216731
game8/Clip2,20,player_bottom,-0.34450924578996434,-0.6651797803904964
game8/Clip2,20,player_top,5.329194475559546,22.737911443757316
game8/Clip2,21,player_bottom,-0.5053381471022093,-0.24439161367633064
game8/Clip2,21,player_top,5.379290569389267,22.863822190304948
game8/Clip2,22,player_bottom,-0.6274642249086022,-0.1307488141118252
game8/Clip2,22,player_top,5.426519516065752,22.891300112117097
game8/Clip2,23,player_bottom,-0.7102824059735195,-0.0794513609635553
game8/Clip2,23,player_top,5.460366671712613,22.822591087813667
game8/Clip2,24,player_bottom,-0.7628604924198344,-0.06278064897962429
game8/Clip2,24,player_top,5.475852623287481,22.785540376855963
game8/Clip2,25,player_bottom,-0.8067825573265542,-0.12548112894316565
game8/Clip2,25,player_top,5.4849206674684945,22.8766464415132
game8/Clip2,26,player_bottom,-0.8801985623428831,-0.07903741836165397
game8/Clip2,26,player_top,5.510256571121469,22.834661389291995
game8/Clip2,27,player_bottom,-0.9674065816232807,-0.2596075199330688
game8/Clip2,27,player_top,5.5472307592072125,22.818739236907327
game8/Clip2,28,player_bottom,-1.0360394224023377,-0.22828298302999112
game8/Clip2,28,player_top,5.613629327621055,22.825189352849883
game8/Clip2,29,player_bottom,-1.0614319203806655,-0.27679805521838535
game8/Clip2,29,player_top,5.636215005391947,22.81111554027282
game8/Clip2,30,player_bottom,-1.0761126576052071,-0.2864053613668024
game8/Clip2,30,player_top,5.642413238391133,22.788892827903947
game8/Clip2,31,player_bottom,-1.0771672437931716,-0.318504595812897
game8/Clip2,31,player_top,5.621390642965906,22.80647310817537
game8/Clip2,32,player_bottom,-1.08199492237868,-0.2977549032974202
game8/Clip2,32,player_top,5.564289194503532,22.878439543281765
game8/Clip2,33,player_bottom,-1.0807817665911517,-0.2690101340597102
game8/Clip2,33,player_top,5.543427266362739,23.051618221082354
game8/Clip2,34,player_bottom,-1.0821288201884551,-0.25537837856430307
game8/Clip2,34,player_top,5.544751481356566,23.199711517951542
game8/Clip2,35,player_bottom,-1.0718996092823154,-0.2440980621300259
game8/Clip2,35,player_top,5.507166050278034,23.25553328849015
game8/Clip2,36,player_bottom,-1.0250618282450732,-0.21755765275974537
game8/Clip2,36,player_top,5.488527945521252,23.28834839502186
game8/Clip2,37,player_bottom,-0.9792453782328308,-0.17664364188206397
game8/Clip2,37,player_top,5.47066624506701,23.30447523623984
game8/Clip2,38,player_bottom,-0.9325508287215573,-0.10993840122806928
game8/Clip2,38,player_top,5.458974951467298,23.306626799283443
game8/Clip2,39,player_bottom,-0.8543327791446126,-0.0864568138123144
game8/Clip2,39,player_top,5.439462864939005,23.304640773541966
game8/Clip2,40,player_bottom,-0.7630447363553691,-0.08856570897709459
game8/Clip2,40,player_top,5.3577990407598355,23.244921499537348
game8/Clip2,41,player_bottom,-0.5972577192876647,-0.06900452665340075
game8/Clip2,41,player_top,5.344733169003673,23.221002026631908
game8/Clip2,42,player_bottom,-0.44215231940324745,-0.07068672529576663
game8/Clip2,42,player_top,5.352157369479139,23.30734382605595
game8/Clip2,43,player_bottom,-0.3438630504580469,-0.0704043547315987
game8/Clip2,43,player_top,5.357737239430973,23.250227948529936
game8/Clip2,44,player_bottom,-0.27583071413346744,-0.05810651537358707
game8/Clip2,44,player_top,5.426990476520358,23.219325245991406
game8/Clip2,45,player_bottom,-0.2139674277865607,0.08613876399441954
game8/Clip2,45,player_top,5.445591887280764,23.196550559160546
game8/Clip2,46,player_bottom,-0.1281910717897971,0.12611654700403274
game8/Clip2,46,player_top,5.416665609714809,23.178852490936567
game8/Clip2,47,player_bottom,0.014798615448439826,0.09348591920446558
game8/Clip2,47,player_top,5.373066986784344,23.162959487529704
game8/Clip2,48,player_bottom,0.20189210376766553,0.08003652385039099
game8/Clip2,48,player_top,5.389644933426305,23.168876196235267
game8/Clip2,49,player_bottom,0.40868117355904077,0.1163608613742253
game8/Clip2,49,player_top,5.380302394029893,23.16759266530468
game8/Clip2,50,player_bottom,0.544297380129858,0.12099823668591526
game8/Clip2,50,player_top,5.362778181861819,23.166052789322297
game8/Clip2,51,player_bottom,0.6608235928617195,0.018268788595980846
game8/Clip2,51,player_top,5.3620707999621375,23.20025650554387
game8/Clip2,52,player_bottom,0.7768565310332533,-0.08538816701327168
game8/Clip2,52,player_top,5.354791603368407,23.224814400939334
game8/Clip2,53,player_bottom,0.9199941041081944,-0.2236776147672527
game8/Clip2,53,player_top,5.387437094702775,23.236101411253117
game8/Clip2,54,player_bottom,1.1053230516157762,-0.2793774156910073
game8/Clip2,54,player_top,5.363523821234779,23.27605601925153
game8/Clip2,55,player_bottom,1.327126805156983,-0.2962679447538017
game8/Clip2,55,player_top,5.359676490520646,23.312641165337087
game8/Clip2,56,player_bottom,1.5378207632280323,-0.3035181622424351
game8/Clip2,56,player_top,5.322446160184649,23.292737563383035
game8/Clip2,57,player_bottom,1.6849808839074172,-0.3154600021216717
game8/Clip2,57,player_top,5.276642433872655,23.273866547051405
game8/Clip2,58,player_bottom,1.7889133762179472,-0.31555602180528647
game8/Clip2,58,player_top,5.23737605445486,23.267050414211187
game8/Clip2,59,player_bottom,1.9413041297991491,-0.28827905501268036
game8/Clip2,59,player_top,5.229731554142894,23.279390592497656
game8/Clip2,60,player_bottom,2.0926821583566486,-0.38897150421022947
game8/Clip2,60,player_top,5.14333240636898,23.25947630020891
game8/Clip2,61,player_bottom,2.249507312220175,-0.5393396686211852
game8/Clip2,61,player_top,5.086412988545975,23.242597655512867
game8/Clip2,62,player_bottom,2.400941240719574,-0.6258103225979239
game8/Clip2,62,player_top,5.048638841019671,23.235402708120883
game8/Clip2,63,player_bottom,2.552157752832989,-0.6492565537394768
game8/Clip2,63,player_top,4.998253100035556,23.226626088973664
game8/Clip2,64,player_bottom,2.766466594604986,-0.6693501049972681
game8/Clip2,64,player_top,4.941174450638194,23.19593322283311
game8/Clip2,65,player_bottom,2.903114847464196,-0.6865650759970104
game8/Clip2,65,player_top,4.882047311212671,23.20918588438774
game8/Clip2,66,player_bottom,3.036357606600215,-0.9497654691698157
game8/Clip2,66,player_top,4.826237347332397,23.215001998521238
game8/Clip2,67,player_bottom,3.144933228227814,-0.7849652579413144
game8/Clip2,67,player_top,4.787545959334957,23.111784447357973
game8/Clip2,68,player_bottom,3.2545311438190967,-0.9673654234211384
game8/Clip2,68,player_top,4.739980135484733,22.954908771478095
game8/Clip2,69,player_bottom,3.3997464382126905,-1.1686696700345762
game8/Clip2,69,player_top,4.680130224480412,22.81188222408105
game8/Clip2,70,player_bottom,3.5073903936136244,-1.3121825376540084
game8/Clip2,70,player_top,4.627005828848148,22.592147331076248
game8/Clip2,71,player_bottom,3.6018802688687415,-1.5025592114555306
game8/Clip2,71,player_top,4.58669728831905,22.4674238284568
game8/Clip2,72,player_bottom,3.6687720170299425,-1.5872366077028166
game8/Clip2,72,player_top,4.548568268381875,22.381694938128273
game8/Clip2,73,player_bottom,3.731582795877163,-1.6184261410676244
game8/Clip2,73,player_top,4.497817534071245,22.325692961298515
game8/Clip2,74,player_bottom,3.7903772011320385,-1.6372660308687788
game8/Clip2,74,player_top,4.4543679852692355,22.309421174264553
game8/Clip2,75,player_bottom,3.871145063067807,-1.6464754012675777
game8/Clip2,75,player_top,4.428437406375407,22.30933904937809
game8/Clip2,76,player_bottom,3.965198492051569,-1.639032075101497
game8/Clip2,76,player_top,4.410354367236537,22.334619415388747
game8/Clip2,77,player_bottom,4.046049421016076,-1.624190882124464
game8/Clip2,77,player_top,4.393268248231622,22.29707924865113
game8/Clip2,78,player_bottom,4.139051882006079,-1.6080647914713302
game8/Clip2,78,player_top,4.386930728441046,22.313681483294914
game8/Clip2,79,player_bottom,4.221881189524836,-1.6061669490844344
game8/Clip2,79,player_top,4.379627953884482,22.326080144467547
game8/Clip2,80,player_bottom,4.286747605419876,-1.6324676824458186
game8/Clip2,80,player_top,4.346486865071816,22.25316137743764
game8/Clip2,81,player_bottom,4.332534392096681,-1.6982098759032982
game8/Clip2,81,player_top,4.312079664140621,22.18991540707863
game8/Clip2,82,player_bottom,4.372750174257238,-1.7334881489622562
game8/Clip2,82,player_top,4.262957450267601,22.146390659539353
game8/Clip2,83,player_bottom,4.416590960365139,-1.7439226981924594
game8/Clip2,83,player_top,4.221999453218568,22.12438882555067
game8/Clip2,84,player_bottom,4.477623322105474,-1.7630540143510713
game8/Clip2,84,player_top,4.1831016120210744,22.122683146408097
game8/Clip2,85,player_bottom,4.547736034041518,-1.8213633844347406
game8/Clip2,85,player_top,4.158298697644033,22.102778307037447
game8/Clip2,86,player_bottom,4.588853788531871,-1.9141958257058524
game8/Clip2,86,player_top,4.145132883502526,22.096077416075637
game8/Clip2,87,player_bottom,4.638452238648591,-1.9965692256601881
game8/Clip2,87,player_top,4.1423357318737315,22.067055523228305
game8/Clip2,88,player_bottom,4.715245086604608,-2.0278906519331383
game8/Clip2,88,player_top,4.139966844506854,22.05920658537907
game8/Clip2,89,player_bottom,4.767452197064557,-2.075635466631933
game8/Clip2,89,player_top,4.129830845654929,22.081647492051246
game8/Clip2,90,player_bottom,4.801698907420947,-2.1145642322216744
game8/Clip2,90,player_top,4.111102050457846,22.12120896789583
game8/Clip2,91,player_bottom,4.849120975689937,-2.1196624177203494
game8/Clip2,91,player_top,4.080958926216513,22.066895498078907
game8/Clip2,92,player_bottom,4.9038276573570725,-2.1329563100013127
game8/Clip2,92,player_top,4.035690217681175,22.05572884858525
game8/Clip2,93,player_bottom,4.9488822638870005,-2.1426711370283757
game8/Clip2,93,player_top,3.989042144701914,22.0613190409464
game8/Clip2,94,player_bottom,4.997058144170964,-2.1407658712388806
game8/Clip2,94,player_top,3.9250118274051697,22.072630047216474
game8/Clip2,95,player_bottom,5.038270923140001,-2.1475453173497847
game8/Clip2,95,player_top,3.900706270299764,22.050451916020506
game8/Clip2,96,player_bottom,5.088634013661517,-2.1372004530037483
game8/Clip2,96,player_top,3.86805288475299,21.99282623864553
game8/Clip3,0,player_bottom,8.025309445740822,-2.690937446176041
game8/Clip3,0,player_top,3.138528780497587,22.88753161994442
game8/Clip3,1,player_bottom,8.028244917340455,-2.684202983322651
game8/Clip3,1,player_top,3.116313566593831,22.862883238223635
game8/Clip3,2,player_bottom,8.030264665078896,-2.6798880590156258
game8/Clip3,2,player_top,3.115436204220759,22.8624319478432
game8/Clip3,3,player_bottom,8.034064390093798,-2.678489230112786
game8/Clip3,3,player_top,3.114407615745635,22.877345476789444
game8/Clip3,4,player_bottom,8.037093398923549,-2.680226335557794
game8/Clip3,4,player_top,3.1077681082362645,22.88641019914216
game8/Clip3,5,player_bottom,8.034949574070517,-2.6741117304791415
game8/Clip3,5,player_top,3.1035315077576517,22.87094862482203
game8/Clip3,6,player_bottom,8.024888582854375,-2.66436031838063
game8/Clip3,6,player_top,3.105596506275097,22.885392822122828
game8/Clip3,7,player_bottom,8.00820339390029,-2.6564835279131027
game8/Clip3,7,player_top,3.110542910661711,22.865408923487045
game8/Clip3,8,player_bottom,7.989868964637264,-2.6555530480878677
game8/Clip3,8,player_top,3.1069521445601294,22.854113150768647
game8/Clip3,9,player_bottom,7.981968935832232,-2.6547033454130564
game8/Clip3,9,player_top,3.1013857010207433,22.85003760800163
game8/Clip3,10,player_bottom,7.981299060333752,-2.645850457625799
game8/Clip3,10,player_top,3.1037424593435965,22.851411559496174
game8/Clip3,11,player_bottom,7.981793516909457,-2.6184634702233294
game8/Clip3,11,player_top,3.1099313580077528,22.85644515103763
game8/Clip3,12,player_bottom,7.987423250930909,-2.573257965039787
game8/Clip3,12,player_top,3.1224026563525586,22.859714518160718
game8/Clip3,13,player_bottom,7.9936543384114636,-2.4866065738958456
game8/Clip3,13,player_top,3.155896292133541,22.888265808743576
game8/Clip3,14,player_bottom,7.9829579043194085,-2.395273415208366
game8/Clip3,14,player_top,3.1587429357148693,22.861075292850018
game8/Clip3,15,player_bottom,7.961920638974122,-2.28698094083162
game8/Clip3,15,player_top,3.1402414666479395,22.92338023483078
game8/Clip3,16,player_bottom,7.948801934814096,-2.155635527769399
game8/Clip3,16,player_top,3.143459909623475,23.016697678056623
game8/Clip3,17,player_bottom,7.94352814083811,-2.0590984428155283
game8/Clip3,17,player_top,3.1427875894675936,23.0930330969154
game8/Clip3,18,player_bottom,7.937135215459386,-1.9574100095766043
game8/Clip3,18,player_top,3.137077112024515,23.166093512107246
game8/Clip3,19,player_bottom,7.934222324795906,-1.8581921706080513
game8/Clip3,19,player_top,3.151574668666636,23.17911221227586
game8/Clip3,20,player_bottom,7.919518093191777,-1.7933529900850556
game8/Clip3,20,player_top,3.172618009334258,23.05969682187685
game8/Clip3,21,player_bottom,7.897036672560664,-1.7362446382511072
game8/Clip3,21,player_top,3.181435999412882,22.935848883578547
game8/Clip3,22,player_bottom,7.8804458840748275,-1.7274493830193347
game8/Clip3,22,player_top,3.1842055858892895,22.631107265312522
game8/Clip3,23,player_bottom,7.865644733284651,-1.768007648627401
game8/Clip3,23,player_top,3.1609552718405274,22.340309665369986
game8/Clip3,24,player_bottom,7.8938149404654805,-1.770189546498044
game8/Clip3,24,player_top,3.173052194574463,22.1428635545404
game8/Clip3,25,player_bottom,7.938856794829076,-1.7538965226657437
game8/Clip3,25,player_top,3.158746272770409,22.0740620923708
game8/Clip3,26,player_bottom,7.97729925592982,-1.7299976831720256
game8/Clip3,26,player_top,3.156418342554741,22.04182106534485
game8/Clip3,27,player_bottom,8.007715977568177,-1.6909166761043521
game8/Clip3,27,player_top,3.1488370897528455,22.038635089669203
game8/Clip3,28,player_bottom,8.066175561516758,-1.6422955509380386
game8/Clip3,28,player_top,3.136876622796627,22.04857206852737
game8/Clip3,29,player_bottom,8.109571883550798,-1.6225914199265283
game8/Clip3,29,player_top,3.121666791737652,22.06545782846084
game8/Clip3,30,player_bottom,8.176615947366686,-1.6091915056398958
game8/Clip3,30,player_top,3.124196225725218,22.07006987670083
game8/Clip3,31,player_bottom,8.29534767288881,-1.5922299661423445
game8/Clip3,31,player_top,3.1194998923201345,22.10005491661777
game8/Clip3,32,player_bottom,8.446551120473474,-1.592867158314427
game8/Clip3,32,player_top,3.095152645289566,21.983014800174484
game8/Clip3,33,player_bottom,8.603865583749574,-1.599278136888118
game8/Clip3,33,player_top,3.061976495758831,21.80652522501067
game8/Clip3,34,player_bottom,8.718171730362078,-1.5833451476214586
game8/Clip3,34,player_top,3.049444114555104,21.76008438311906
game8/Clip3,35,player_bottom,8.752552329294357,-1.5883661409367529
game8/Clip3,35,player_top,3.0422428999995637,21.694979796282446
game8/Clip3,36,player_bottom,8.712479486900609,-1.543497690282025
game8/Clip3,36,player_top,3.032430406136665,21.652692371676718
game8/Clip3,37,player_bottom,8.765634965494735,-1.45088190661466
game8/Clip3,37,player_top,3.019152327473216,21.658589209362265
game8/Clip3,38,player_bottom,8.830547501496916,-1.2959401593317146
game8/Clip3,38,player_top,3.0180204149662155,21.699521080534456
game8/Clip3,39,player_bottom,8.934530851997728,-1.0856442954709387
game8/Clip3,39,player_top,3.0107906292114444,21.755495769212242
game8/Clip3,40,player_bottom,9.02899953889237,-0.9645029595186978
game8/Clip3,40,player_top,2.9919869103671517,21.844938339792737
game8/Clip3,41,player_bottom,9.11342337647353,-0.8682204699295374
game8/Clip3,41,player_top,2.9693560464355624,21.96575233784186
game8/Clip3,42,player_bottom,9.20444419110446,-0.886779490309281
game8/Clip3,42,player_top,2.9568611396952753,22.104098736668668
game8/Clip3,43,player_bottom,9.266488659114575,-0.9017148908981006
game8/Clip3,43,player_top,2.933440727827852,22.16308486171566
game8/Clip3,44,player_bottom,9.282864100841774,-0.841830091822571
game8/Clip3,44,player_top,2.9240848787821325,22.184638820575046
game8/Clip3,45,player_bottom,9.279435260051022,-0.8026937893033872
game8/Clip3,45,player_top,2.9168071405584723,22.199083931384745
game8/Clip3,46,player_bottom,9.23813716977294,-0.798407430864382
game8/Clip3,46,player_top,2.90538771986587,22.204413040587454
game8/Clip3,47,player_bottom,9.264636829122246,-0.8367114545855409
game8/Clip3,47,player_top,2.886725415183634,22.2799593390494
game8/Clip3,48,player_bottom,9.27067176984857,-0.8793807999402606
game8/Clip3,48,player_top,2.820898839150781,22.39555319458454
game8/Clip3,49,player_bottom,9.269603231315463,-0.9717493540635724
game8/Clip3,49,player_top,2.6889088796127036,22.445788510472696
game8/Clip3,50,player_bottom,9.267035413451763,-1.0643786094546208
game8/Clip3,50,player_top,2.5343871496866006,22.469705224372728
game8/Clip3,51,player_bottom,9.267009222397986,-1.0983838111347706
game8/Clip3,51,player_top,2.4114069091582944,22.53989762274833
game8/Clip3,52,player_bottom,9.218046581603089,-1.1394526556958104
game8/Clip3,52,player_top,2.3364873997103763,22.4357320015831
game8/Clip3,53,player_bottom,9.231143641263971,-1.165212482739684
game8/Clip3,53,player_top,2.252826617005574,22.352016668085604
game8/Clip3,54,player_bottom,9.12739156642638,-1.1792315748513622
game8/Clip3,54,player_top,2.1766931966052745,22.32129559621991
game8/Clip3,55,player_bottom,9.039980016596248,-1.1827742262169991
game8/Clip3,55,player_top,2.1059422821832965,22.289393563335732
game8/Clip3,56,player_bottom,8.957992567262043,-1.1591193194781433
game8/Clip3,56,player_top,2.070916982869432,22.28494968592941
game8/Clip3,57,player_bottom,8.890111154942604,-1.1483532188017636
game8/Clip3,57,player_top,2.0280923115938743,22.348411964018172
game8/Clip3,58,player_bottom,8.847207721816018,-1.056297695590776
game8/Clip3,58,player_top,2.0255311253835844,22.40098750590195
game8/Clip3,59,player_bottom,8.765867842974652,-1.092885659528657
game8/Clip3,59,player_top,2.0190404144091034,22.343618277592974
game8/Clip3,60,player_bottom,8.515507696499728,-1.1787869112045812
game8/Clip3,60,player_top,2.014316540055897,22.361467782230456
game8/Clip3,61,player_bottom,8.392771067485949,-1.2297699443185899
game8/Clip3,61,player_top,2.0011733542155077,22.334247384796612
game8/Clip3,62,player_bottom,8.303748370450426,-1.240462654462647
game8/Clip3,62,player_top,1.9653778013331853,22.316403532349536
game8/Clip3,63,player_bottom,8.186683022254233,-1.4933690339057901
game8/Clip3,63,player_top,1.9898068287036308,22.32156041793242
game8/Clip3,64,player_bottom,8.076773621082635,-1.6635978881442792
game8/Clip3,64,player_top,1.9859515576207731,22.353403012839184
game8/Clip3,65,player_bottom,7.921792546310113,-1.7248739558778918
game8/Clip3,65,player_top,2.0114030742929447,22.32330866893459
game8/Clip3,66,player_bottom,7.784117882984446,-1.704619978752681
game8/Clip3,66,player_top,2.0368547459566586,22.31265350639226
game8/Clip3,67,player_bottom,7.630684391867119,-1.6787904380742793
game8/Clip3,67,player_top,2.047389671500648,22.217885934977524
game8/Clip3,68,player_bottom,7.491104286441864,-1.5565974601926635
game8/Clip3,68,player_top,2.0638879434022,22.076731162985414
game8/Clip3,69,player_bottom,7.326039814125385,-1.7020602448020654
game8/Clip3,69,player_top,2.0822867768081044,22.008248679477163
game8/Clip3,70,player_bottom,7.204783423366385,-1.7930601953284764
game8/Clip3,70,player_top,2.1063508137609097,21.95113558977522
game8/Clip3,71,player_bottom,7.073945614848851,-1.903928568131429
game8/Clip3,71,player_top,2.0990081871709205,21.912699087670934
game8/Clip3,72,player_bottom,6.935572291228276,-1.993364725855228
game8/Clip3,72,player_top,2.1057437130875365,21.875193529290566
game8/Clip3,73,player_bottom,6.816159586893376,-2.0976764636375655
game8/Clip3,73,player_top,2.1169254256339367,21.83328835334161
game8/Clip3,74,player_bottom,6.710839608456449,-2.1440463763816204
game8/Clip3,74,player_top,2.175173973028054,21.843920032467732
game8/Clip3,75,player_bottom,6.588413719850688,-2.1613177647005153
game8/Clip3,75,player_top,2.2259382896840845,21.857393275932985
game8/Clip3,76,player_bottom,6.446122184646342,-2.16397000969178
game8/Clip3,76,player_top,2.2345218102769726,21.884295622708084
game8/Clip3,77,player_bottom,6.2943176803907726,-2.153472224714489
game8/Clip3,77,player_top,2.284054853258759,21.918494579668966
game8/Clip3,78,player_bottom,6.1698225335709305,-2.1442817401589633
game8/Clip3,78,player_top,2.3648160952147634,21.911175241083182
game8/Clip3,79,player_bottom,6.030185862705802,-2.1240499939409867
game8/Clip3,79,player_top,2.425150997532295,22.029458757480555
game8/Clip3,80,player_bottom,5.8964303407033,-2.0611817272321646
game8/Clip3,80,player_top,2.4734799822426305,22.133482927334455
game8/Clip3,81,player_bottom,5.770165755041009,-2.048239852317139
game8/Clip3,81,player_top,2.5248659662020105,22.217266301986314
game8/Clip3,82,player_bottom,5.65512258004687,-2.0547504811431834
game8/Clip3,82,player_top,2.5579191147461913,22.245573815720697
game8/Clip3,83,player_bottom,5.532350435930549,-2.068475229472643
game8/Clip3,83,player_top,2.6050992977552565,22.251962131070982
game8/Clip3,84,player_bottom,5.410711303924571,-2.0984302296799062
game8/Clip3,84,player_top,2.69423545982706,22.2480935302767
game8/Clip3,85,player_bottom,5.278811271430027,-2.0184626373573678
game8/Clip3,85,player_top,2.7649732432400564,22.26553760157491
game8/Clip3,86,player_bottom,5.10631636432385,-2.057447247632951
game8/Clip3,86,player_top,2.8160831181457993,22.28941192547825
game8/Clip3,87,player_bottom,4.989052515481385,-2.0872147995094354
game8/Clip3,87,player_top,2.8930667740109497,22.40108862842561
game8/Clip3,88,player_bottom,4.923592168196982,-2.1143792461585047
game8/Clip3,88,player_top,3.0208024725969067,22.481983315767906
game8/Clip3,89,player_bottom,4.867863969088958,-2.1050929678228876
game8/Clip3,89,player_top,3.1038477516822547,22.54713761268388
game8/Clip3,90,player_bottom,4.801684389954246,-2.1025127947171
game8/Clip3,90,player_top,3.173360241138855,22.631067428959554
game8/Clip3,91,player_bottom,4.738417208396834,-2.0934885577231137
game8/Clip3,91,player_top,3.25808257648875,22.626286440766734
game8/Clip3,92,player_bottom,4.634601553501569,-2.087654982090413
game8/Clip3,92,player_top,3.3636086008321273,22.673257712487064
game8/Clip3,93,player_bottom,4.549245837726114,-2.087758556453586
game8/Clip3,93,player_top,3.5034993835094745,22.69219484821712
game8/Clip3,94,player_bottom,4.488257968482946,-2.0435002948679997
game8/Clip3,94,player_top,3.584991330097289,22.65386779729468
game8/Clip3,95,player_bottom,4.4502539894859225,-1.8560335915935147
game8/Clip3,95,player_top,3.6273550032389346,22.633743529328804
game8/Clip3,96,player_bottom,4.426061200201244,-1.6260396041206675
game8/Clip3,96,player_top,3.639522493688397,22.638748120798677
game8/Clip3,97,player_bottom,4.3905026785236165,-1.5069889607080598
game8/Clip3,97,player_top,3.65442810365352,22.681433136108883
game8/Clip3,98,player_bottom,4.3565175342453895,-1.4374722740984984
game8/Clip3,98,player_top,3.6924900039245183,22.733432369714414
game8/Clip3,99,player_bottom,4.285971470109427,-1.4000499585442987
game8/Clip3,99,player_top,3.758095631145874,22.77020704373953
game8/Clip3,100,player_bottom,4.263296291257239,-1.3715433293756665
game8/Clip3,100,player_top,3.793730093614149,22.766264616394384
game8/Clip3,101,player_bottom,4.238236920580191,-1.3594641724105334
game8/Clip3,101,player_top,3.8114155931922515,22.789329501290243
game8/Clip3,102,player_bottom,4.219418604098092,-1.323540980803038
game8/Clip3,102,player_top,3.829438986507936,22.839279193294406
game8/Clip3,103,player_bottom,4.249478435161775,-1.3211142607219062
game8/Clip3,103,player_top,3.8716963430664597,22.86547569922682
game8/Clip3,104,player_bottom,4.2758500451813095,-1.3859103339085486
game8/Clip3,104,player_top,3.908974169958272,22.93713612812403
game8/Clip3,105,player_bottom,4.3021493681157885,-1.4595420986839
game8/Clip3,105,player_top,3.9440843163057506,22.901027398004207
game8/Clip3,106,player_bottom,4.2842472204356685,-1.492118308457236
game8/Clip3,106,player_top,3.980683687760281,22.861283139401948
game8/Clip3,107,player_bottom,4.168038294170735,-1.4993518910035952
game8/Clip3,107,player_top,3.9913761470770313,22.85512175000539
game8/Clip3,108,player_bottom,4.113163103048784,-1.4844862028999692
game8/Clip3,108,player_top,3.9887267788681533,22.84364446059245
game8/Clip3,109,player_bottom,4.164726862255296,-1.4284445656272278
game8/Clip3,109,player_top,3.9849988249121737,22.845832820964972
game8/Clip3,110,player_bottom,4.124089663203277,-1.3133466639101945
game8/Clip3,110,player_top,3.9833596217170943,22.882252831354144
game8/Clip3,111,player_bottom,4.080849136845821,-1.24175534534749
game8/Clip3,111,player_top,4.020359671640226,22.938640647080224
game8/Clip3,112,player_bottom,4.045098891824108,-1.186371498726638
game8/Clip3,112,player_top,4.123527984404051,22.952052563461788
game8/Clip3,113,player_bottom,4.0031428554380835,-1.2009133789035402
game8/Clip3,113,player_top,4.25754902668283,22.945386574862262
game8/Clip3,114,player_bottom,3.9233375505584624,-1.2255357041594668
game8/Clip3,114,player_top,4.412743304756317,22.834172178152812
game8/Clip3,115,player_bottom,3.9035472794976576,-1.2599612136289033
game8/Clip3,115,player_top,4.55461951363088,22.864417137258496
game8/Clip3,116,player_bottom,3.88662219063793,-1.275808895345675
game8/Clip3,116,player_top,4.655079153137865,22.64533273137726
game8/Clip3,117,player_bottom,3.8653025004115653,-1.3056669277349102
game8/Clip3,117,player_top,4.726744489337102,22.477923632078213
game8/Clip3,118,player_bottom,3.854064423349569,-1.3241357840246852
game8/Clip3,118,player_top,4.812612476985758,22.434308279529795
game8/Clip3,119,player_bottom,3.832105619433963,-1.3429434463955414
game8/Clip3,119,player_top,4.907672116355522,22.419036904050188
game8/Clip3,120,player_bottom,3.828092945754252,-1.364052980371401
game8/Clip3,120,player_top,5.015608640290919,22.416476872873673
game8/Clip3,121,player_bottom,3.820118041022442,-1.3876550056200836
game8/Clip3,121,player_top,5.08867200599533,22.422267252522847
game8/Clip3,122,player_bottom,3.7996974074261343,-1.4338928854687636
game8/Clip3,122,player_top,5.139293189159759,22.46069681470241
game8/Clip3,123,player_bottom,3.7895907513470983,-1.5301756868066856
game8/Clip3,123,player_top,5.225837647415135,22.67776040794169
game8/Clip3,124,player_bottom,3.7793867093024933,-1.616583680647688
game8/Clip3,124,player_top,5.309941485402236,22.855844185249275
game8/Clip3,125,player_bottom,3.770753041902363,-1.738479532558504
game8/Clip3,125,player_top,5.404653280468443,23.06392670774743
game8/Clip3,126,player_bottom,3.750250558768143,-1.8781569861623348
game8/Clip3,126,player_top,5.477946958762428,23.223801516268516
game8/Clip3,127,player_bottom,3.7338947396437367,-2.0008014037378548
game8/Clip3,127,player_top,5.566586723238774,23.502684243784735
game8/Clip3,128,player_bottom,3.729346625222744,-2.0858876807370486
game8/Clip3,128,player_top,5.620176459043308,23.636727634603748
game8/Clip3,129,player_bottom,3.7324097431676786,-2.1880625978880395
game8/Clip3,129,player_top,5.672601931184111,23.759885324019304
game8/Clip3,130,player_bottom,3.736682571461001,-2.247236414837555
game8/Clip3,130,player_top,5.742152217535393,23.77794632281341
game8/Clip3,131,player_bottom,3.7372117584702393,-2.2853712194355897
game8/Clip3,131,player_top,5.772974403713783,23.77040432458622
game8/Clip3,132,player_bottom,3.732369435392541,-2.3077089645142284
game8/Clip3,132,player_top,5.817990833260185,23.773759074918214
game8/Clip3,133,player_bottom,3.724092199685177,-2.313145258712175
game8/Clip3,133,player_top,5.8773387049897865,23.776123107290037
game8/Clip3,134,player_bottom,3.7033256141944775,-2.320142000243535
game8/Clip3,134,player_top,5.9127038295792245,23.82369926976895
game8/Clip3,135,player_bottom,3.660467041149438,-2.329773771817579
game8/Clip3,135,player_top,5.95400401036076,23.790567412032992
game8/Clip3,136,player_bottom,3.620338972624427,-2.366701495097526
game8/Clip3,136,player_top,5.98160344403139,23.808556771398795
game8/Clip3,137,player_bottom,3.563915146194999,-2.415977743124217
game8/Clip3,137,player_top,5.9968808652117405,23.82895041971499
game8/Clip3,138,player_bottom,3.514916245730137,-2.4775983485100253
game8/Clip3,138,player_top,6.010008059585063,23.84668438155316
game8/Clip3,139,player_bottom,3.479691854689898,-2.5201867796169375
game8/Clip3,139,player_top,6.01972742455282,23.855097554283507
game8/Clip3,140,player_bottom,3.464159841866367,-2.5385185607092278
game8/Clip3,140,player_top,6.027098282624549,23.94373993542516
game8/Clip3,141,player_bottom,3.4597182321256095,-2.5232637948065535
game8/Clip3,141,player_top,6.037841183936975,24.065154070229916
game8/Clip3,142,player_bottom,3.4458119128155107,-2.4972422997900905
game8/Clip3,142,player_top,6.040222320506459,24.265608610802833
game8/Clip3,143,player_bottom,3.422785185787673,-2.486563471074904
game8/Clip3,143,player_top,6.0309477791382795,24.412658192516737
game8/Clip3,144,player_bottom,3.375174240326327,-2.526498055695202
game8/Clip3,144,player_top,6.019937832861614,24.565943917482187
game8/Clip3,145,player_bottom,3.315768727007918,-2.557398796580428
game8/Clip3,145,player_top,5.985983670553044,24.75689325481944
game8/Clip3,146,player_bottom,3.240478428838536,-2.6216065477897788
game8/Clip3,146,player_top,5.944937118636577,24.9406016069112
game8/Clip3,147,player_bottom,3.1861207139763437,-2.707492380462908
game8/Clip3,147,player_top,5.895212844401854,25.031391874159727
game8/Clip3,148,player_bottom,3.1527791755389885,-2.763517400335134
game8/Clip3,148,player_top,5.865825078593454,25.00898813435259
game8/Clip3,149,player_bottom,3.1426879177561813,-2.7378547792278476
game8/Clip3,149,player_top,5.8562118615734295,25.00162056243827
game8/Clip3,150,player_bottom,3.1313046234131896,-2.671197965848825
game8/Clip3,150,player_top,5.827028941787276,24.850343149248097
game8/Clip3,151,player_bottom,3.1165674425465846,-2.60226568569275
game8/Clip3,151,player_top,5.828380748512531,24.892833220851422
game8/Clip3,152,player_bottom,3.0823350323565015,-2.581544502114763
game8/Clip3,152,player_top,5.826516002027684,24.889871908217582
game8/Clip3,153,player_bottom,3.0675959554154666,-2.6233508207973713
game8/Clip3,153,player_top,5.82411472708263,24.890043504712352
game8/Clip3,154,player_bottom,3.0653756775579266,-2.711303900080385
game8/Clip3,154,player_top,5.782973228132362,24.89180662074088
game8/Clip3,155,player_bottom,3.0790605531018937,-2.813935955029007
game8/Clip3,155,player_top,5.716595800291663,24.89747494327942
game8/Clip3,156,player_bottom,3.092762124101113,-2.905744222467145
game8/Clip3,156,player_top,5.679020169820431,24.889931193595093
game8/Clip3,157,player_bottom,3.0946641277145948,-2.952364122233214
game8/Clip3,157,player_top,5.628958842602931,24.893910072868643
game8/Clip3,158,player_bottom,3.0860474730399727,-2.978386922165651
game8/Clip3,158,player_top,5.552582734879483,24.91977536245363
game8/Clip3,159,player_bottom,3.080155755709652,-2.9949288123711058
game8/Clip3,159,player_top,5.476106612169926,24.819389334213753
game8/Clip3,160,player_bottom,3.0557530371889534,-2.994120736669847
game8/Clip3,160,player_top,5.4206384177122615,24.713222118962513
game8/Clip3,161,player_bottom,3.0162951444220956,-2.9931068229907662
game8/Clip3,161,player_top,5.3766458855855594,24.604541499400906
game8/Clip3,162,player_bottom,2.953335772981449,-2.9965576729791406
game8/Clip3,162,player_top,5.336915295380389,24.472241697378113
game8/Clip3,163,player_bottom,2.8878442427613806,-2.9874597659388935
game8/Clip3,163,player_top,5.259473987284148,24.38913207069921
game8/Clip3,164,player_bottom,2.81573404888057,-2.988817685856914
game8/Clip3,164,player_top,5.182290451194822,24.30466739653559
game8/Clip3,165,player_bottom,2.7643880366114355,-2.985365132748578
game8/Clip3,165,player_top,5.103810996973415,24.282587505720862
game8/Clip3,166,player_bottom,2.7266734211677592,-2.9741137873421675
game8/Clip3,166,player_top,5.047255758510605,24.284938043294613
game8/Clip3,167,player_bottom,2.7011145833099843,-2.9700476568590783
game8/Clip3,167,player_top,5.008472037255828,24.300553331476355
game8/Clip3,168,player_bottom,2.68675243376418,-2.968191577481491
game8/Clip3,168,player_top,4.99220988265751,24.294505114075616
game8/Clip3,169,player_bottom,2.6851878088426337,-2.9671660305521423
game8/Clip3,169,player_top,4.97412013275419,24.28967346673665
game8/Clip3,170,player_bottom,2.672676678720346,-2.965824838073197
game8/Clip3,170,player_top,4.965659998778006,24.266608172863464
game8/Clip3,171,player_bottom,2.676661246516135,-2.964681227547463
game8/Clip3,171,player_top,4.9428518428096035,24.256488761241478
game8/Clip3,172,player_bottom,2.659487968933674,-2.939333534798133
game8/Clip3,172,player_top,4.892554101902567,24.230903713844157
game8/Clip3,173,player_bottom,2.616165550072817,-2.905630043580658
game8/Clip3,173,player_top,4.857656558710502,24.18174022155295
game8/Clip3,174,player_bottom,2.53877524461445,-2.7795182009816455
game8/Clip3,174,player_top,4.841828718467457,24.139116594105552
game8/Clip3,175,player_bottom,2.478923813264036,-2.6795529778195584
game8/Clip3,175,player_top,4.837994568867966,24.1184267280596
game8/Clip3,176,player_bottom,2.444496476263438,-2.5744261153797448
game8/Clip3,176,player_top,4.836360282570144,24.15019187253715
game8/Clip3,177,player_bottom,2.4515711972168694,-2.4401335574622522
game8/Clip3,177,player_top,4.831748998485323,24.134524526240508
game8/Clip3,178,player_bottom,2.473452273529269,-2.328076571114818
game8/Clip3,178,player_top,4.840220921641037,24.10323983192032
game8/Clip3,179,player_bottom,2.524467566813694,-2.263565984176463
game8/Clip3,179,player_top,4.851138091746938,23.98035414942898
game8/Clip3,180,player_bottom,2.5506391184081356,-2.246893762007333
game8/Clip3,180,player_top,4.848199815886238,23.765618294258577
game8/Clip3,181,player_bottom,2.5633446906672246,-2.2475168699844557
game8/Clip3,181,player_top,4.859106507595152,23.658391507987663
game8/Clip3,182,player_bottom,2.672160529519639,-2.2382159800204104
game8/Clip3,182,player_top,4.857271350150489,23.5844637082934
game8/Clip3,183,player_bottom,2.680933807447928,-2.2364113002813513
game8/Clip3,183,player_top,4.859232282969718,23.539704302180233
game8/Clip3,184,player_bottom,2.661778740770233,-2.2201170423769625
game8/Clip3,184,player_top,4.842354157842196,23.503798131737174
game8/Clip3,185,player_bottom,2.6532961987897217,-2.224458289746313
game8/Clip3,185,player_top,4.832707461138905,23.494150421432522
game8/Clip3,186,player_bottom,2.618447811513757,-2.1389785837972335
game8/Clip3,186,player_top,4.838611350339799,23.501867704472062
game8/Clip3,187,player_bottom,2.5541830208810605,-2.0069152884721064
game8/Clip3,187,player_top,4.901729405658961,23.517859745482166
game8/Clip3,188,player_bottom,2.487139102550366,-1.908926517204974
game8/Clip3,188,player_top,5.0010129854526,23.487383060249154
game8/Clip3,189,player_bottom,2.4313325195099584,-1.821123475132493
game8/Clip3,189,player_top,5.1255628970905365,23.477231944033566
game8/Clip3,190,player_bottom,2.409944699836132,-1.814876616585687
game8/Clip3,190,player_top,5.252701572590572,23.509867110201824
game8/Clip3,191,player_bottom,2.400134365184773,-1.8124531754297242
game8/Clip3,191,player_top,5.381043213779817,23.38844069782048
game8/Clip3,192,player_bottom,2.408354246816714,-1.832729530803186
game8/Clip3,192,player_top,5.4619197432491235,23.234719346617638
game8/Clip3,193,player_bottom,2.410749432157087,-1.8494746417107883
game8/Clip3,193,player_top,5.547321078926712,23.143512988296756
game8/Clip3,194,player_bottom,2.4237608994051323,-1.872998899155867
game8/Clip3,194,player_top,5.639636935710735,23.116600083621705
game8/Clip3,195,player_bottom,2.4663150329760968,-1.8827100502116234
game8/Clip3,195,player_top,5.76168197352582,23.10649518868049
game8/Clip3,196,player_bottom,2.526729297713992,-1.8842654685117537
game8/Clip3,196,player_top,5.849081923066221,23.13468229322433
game8/Clip3,197,player_bottom,2.6103504644104274,-1.9010544874201525
game8/Clip3,197,player_top,5.919365975395276,23.11368235631164
game8/Clip3,198,player_bottom,2.6886201424824074,-1.9074979421213216
game8/Clip3,198,player_top,5.989444389637829,23.190179999199916
game8/Clip3,199,player_bottom,2.712246410038798,-1.9466840312799565
game8/Clip3,199,player_top,6.052261685949973,23.24681754020824
game8/Clip3,200,player_bottom,2.7582198037570316,-2.005472343736015
game8/Clip3,200,player_top,6.122155124606494,23.446824773938875
game8/Clip3,201,player_bottom,2.836454428502456,-2.0802720869585825
game8/Clip3,201,player_top,6.175568666382781,23.521048327551124
game8/Clip3,202,player_bottom,2.9138553785365056,-2.127102798439184
game8/Clip3,202,player_top,6.247585798030989,23.58396583528831
game8/Clip3,203,player_bottom,2.9750377981363827,-2.155085036405063
game8/Clip3,203,player_top,6.270970781024594,23.546021165162166
game8/Clip3,204,player_bottom,3.028576000108136,-2.1538013279871153
game8/Clip3,204,player_top,6.281591354086545,23.50885252296527
game8/Clip3,205,player_bottom,3.0749054817166948,-2.21523700240133
game8/Clip3,205,player_top,6.339313082692031,23.557383354920702
game8/Clip3,206,player_bottom,3.0904333886600894,-2.275854094616552
game8/Clip3,206,player_top,6.408053353933476,23.603390286317985
game8/Clip3,207,player_bottom,3.1018867664128065,-2.3716581614859513
game8/Clip3,207,player_top,6.44939300868607,23.615004407838033
game8/Clip3,208,player_bottom,3.102429861753701,-2.4554280188726874
game8/Clip3,208,player_top,6.469270089353546,23.623553626229977
game8/Clip3,209,player_bottom,3.107187601818773,-2.4999779764832186
game8/Clip3,209,player_top,6.483252675425635,23.68473679187168
game8/Clip3,210,player_bottom,3.1114275756350547,-2.5220721782022775
game8/Clip3,210,player_top,6.500909779074759,23.719718462872127
game8/Clip3,211,player_bottom,3.1121673333311675,-2.508917116326958
game8/Clip3,211,player_top,6.517098387240612,23.781685460341706
game8/Clip3,212,player_bottom,3.108435732057302,-2.467351365295714
game8/Clip3,212,player_top,6.512378107358994,23.85563719019387
game8/Clip3,213,player_bottom,3.098962724483809,-2.4482207625945143
game8/Clip3,213,player_top,6.505550760163296,23.971642879575157
game8/Clip3,214,player_bottom,3.074935300843125,-2.4232733308428567
game8/Clip3,214,player_top,6.499749003623172,24.034698381507063
game8/Clip3,215,player_bottom,3.0203831570529847,-2.3823272759719925
game8/Clip3,215,player_top,6.4891474503079065,24.23167026353697
game8/Clip3,216,player_bottom,2.9658195265062366,-2.356021792097347
game8/Clip3,216,player_top,6.4613892518007585,24.302112734814077
game8/Clip3,217,player_bottom,2.9018196313341007,-2.35759292850798
game8/Clip3,217,player_top,6.413765659443489,24.51184564299819
game8/Clip3,218,player_bottom,2.833210494550819,-2.403017235170433
game8/Clip3,218,player_top,6.3672104192560015,24.768198839739814
game8/Clip3,219,player_bottom,2.7752107560607095,-2.4816707735795265
game8/Clip3,219,player_top,6.311264766572487,24.868696745903616
game8/Clip3,220,player_bottom,2.7379339366203492,-2.552924916838357
game8/Clip3,220,player_top,6.277576627577148,24.88427828486602
game8/Clip3,221,player_bottom,2.7121448506184365,-2.577145345672787
game8/Clip3,221,player_top,6.253551240288066,24.859933741341266
game8/Clip3,222,player_bottom,2.7016815181042197,-2.575759803285421
game8/Clip3,222,player_top,6.248602658083483,24.821704314967874
game8/Clip3,223,player_bottom,2.6934089708829947,-2.525885970225076
game8/Clip3,223,player_top,6.2453887753292205,24.840492960786957
game8/Clip3,224,player_bottom,2.6515080364477432,-2.4741036972486103
game8/Clip3,224,player_top,6.246501314899214,24.843678310409196
game8/Clip3,225,player_bottom,2.545338763278184,-2.420713151824786
game8/Clip3,225,player_top,6.25366735540087,24.841290883878084
game8/Clip3,226,player_bottom,2.420608482799505,-2.452412963440901
game8/Clip3,226,player_top,6.2524443097713975,24.8300199214818
game8/Clip3,227,player_bottom,2.339556305702203,-2.4805598823591675
game8/Clip3,227,player_top,6.247349250901114,24.86551190973759
game8/Clip3,228,player_bottom,2.2792435377861575,-2.5048284367376565
game8/Clip3,228,player_top,6.057580459961135,24.948868907867833
game8/Clip3,229,player_bottom,2.2328990524506556,-2.500371836496649
game8/Clip3,229,player_top,6.086890264058301,24.96692158108674
game8/Clip3,230,player_bottom,2.1948143430807274,-2.4532104206295813
game8/Clip3,230,player_top,5.940006004616101,24.983167506722772
game8/Clip3,231,player_bottom,2.1583597887443826,-2.382431308275966
game8/Clip3,231,player_top,5.9261489990097935,24.888563889111015
game8/Clip3,232,player_bottom,2.123133144274713,-2.2622052802898196
game8/Clip3,232,player_top,5.860029021061257,24.690566410782075
game8/Clip3,233,player_bottom,2.059430282471601,-2.0219999289096915
game8/Clip3,233,player_top,5.783807406574331,24.52263375491343
game8/Clip3,234,player_bottom,1.950332304611552,-1.9372149978686926
game8/Clip3,234,player_top,5.723776196674384,24.41533690776696
game8/Clip3,235,player_bottom,1.8332858029827517,-1.706518998921482
game8/Clip3,235,player_top,5.6423381000111155,24.324810731915708
game8/Clip3,236,player_bottom,1.7057016882747316,-1.917907328899231
game8/Clip3,236,player_top,5.567499417102829,24.2912056066513
game8/Clip3,237,player_bottom,1.6661574167633484,-2.010916751615322
game8/Clip3,237,player_top,5.504784485840425,24.274962712326523
game8/Clip3,238,player_bottom,1.6905365156602308,-2.0538606150997887
game8/Clip3,238,player_top,5.4498679525250555,24.257219244028143
game8/Clip3,239,player_bottom,1.6651396181133242,-2.06324896677214
game8/Clip3,239,player_top,5.41337313887974,24.260073128990943
game8/Clip3,240,player_bottom,1.6325653792603614,-2.0740999555193738
game8/Clip3,240,player_top,5.361340160367485,24.20005770023561
game8/Clip3,241,player_bottom,1.5268505932848004,-2.0571332545659136
game8/Clip3,241,player_top,5.315168106985046,24.136929072925028
game8/Clip3,242,player_bottom,1.4592683799541235,-2.0104403503903763
game8/Clip3,242,player_top,5.256486926049693,24.02035308675622
game8/Clip3,243,player_bottom,1.4219475054500657,-1.9752666873623603
game8/Clip3,243,player_top,5.193095020302233,24.00565897145318
game8/Clip3,244,player_bottom,1.4002328356490366,-1.9509445127444274
game8/Clip3,244,player_top,5.160456943570216,24.010878091737258
game8/Clip3,245,player_bottom,1.3556029752665717,-1.873371764282343
game8/Clip3,245,player_top,5.1481754879637665,24.003693495909282
game8/Clip3,246,player_bottom,1.2879347578586284,-1.5122763897104798
game8/Clip3,246,player_top,5.1422501660790365,24.007595751672557
game8/Clip3,247,player_bottom,1.2418402008905338,-1.2843062628738184
game8/Clip3,247,player_top,5.146491526873991,24.068733768178767
game8/Clip3,248,player_bottom,1.2268684764704654,-1.1883832620288761
game8/Clip3,248,player_top,5.140701493427575,24.127843773037583
game8/Clip3,249,player_bottom,1.2417366544901525,-1.1651340295839065
game8/Clip3,249,player_top,5.134042290506805,24.137395064476195
game8/Clip3,250,player_bottom,1.2602889433386253,-1.170487218833943
game8/Clip3,250,player_top,5.124289097065799,24.16339627195301
game8/Clip3,251,player_bottom,1.2709653794240665,-1.1714681671745175
game8/Clip3,251,player_top,5.100468758160015,24.18125840933439
game8/Clip3,252,player_bottom,1.2823860102087319,-1.2174739891674462
game8/Clip3,252,player_top,5.091793573976725,24.197253293327265
game8/Clip3,253,player_bottom,1.3038419385061821,-1.2441786192263284
game8/Clip3,253,player_top,5.103041268172598,24.193416755878026
game8/Clip3,254,player_bottom,1.3304048824489199,-1.2577768946240382
game8/Clip3,254,player_top,5.107242098394374,24.207458954309665
game8/Clip3,255,player_bottom,1.3865500845109895,-1.2417921001108303
game8/Clip3,255,player_top,5.087412348539402,24.199247298590414
game8/Clip3,256,player_bottom,1.4381439724026386,-1.2253180807835906
game8/Clip3,256,player_top,5.032316801725908,24.289798831366284
game8/Clip3,257,player_bottom,1.4776308569985357,-1.2191731993811463
game8/Clip3,257,player_top,4.929541056404349,24.463925871277358
game8/Clip3,258,player_bottom,1.5099856060350763,-1.202045278155312
game8/Clip3,258,player_top,4.794674565492324,24.570013929414664
game8/Clip3,259,player_bottom,1.532328846419533,-1.1547947966421375
game8/Clip3,259,player_top,4.594352664818585,24.593932034252134
game8/Clip3,260,player_bottom,1.619552294852804,-1.1473421856756911
game8/Clip3,260,player_top,4.436237613428734,24.550349357580018
game8/Clip3,261,player_bottom,1.7656400756398622,-1.1583074870914276
game8/Clip3,261,player_top,4.4230228393318844,24.519890568708714
game8/Clip3,262,player_bottom,1.9008978130365708,-1.1534151468892868
game8/Clip3,262,player_top,4.208982186027914,24.56167274020052
game8/Clip3,263,player_bottom,2.069028396751113,-1.0825464954339292
game8/Clip3,263,player_top,4.039234568716315,24.58216390858752
game8/Clip3,264,player_bottom,2.1807745779812673,-1.0871111621613603
game8/Clip3,264,player_top,3.875289043439756,24.510568873596856
game8/Clip3,265,player_bottom,2.260703336138141,-1.0527253479284662
game8/Clip3,265,player_top,3.7384995655222157,24.475422048722216
game8/Clip3,266,player_bottom,2.348531982739314,-1.248024688390323
game8/Clip3,266,player_top,3.603681433209836,24.44656911985548
game8/Clip3,267,player_bottom,2.433700391607742,-1.341193329646051
game8/Clip3,267,player_top,3.554581694901885,24.458995017415543
game8/Clip3,268,player_bottom,2.5280226080815353,-1.4293024620155763
game8/Clip3,268,player_top,3.469659849981216,24.401415907052144
game8/Clip3,269,player_bottom,2.6333503645141305,-1.471310816673675
game8/Clip3,269,player_top,3.390013757140031,24.3783842155047
game8/Clip3,270,player_bottom,2.7529828037646733,-1.4865068589843247
game8/Clip3,270,player_top,3.36295508370347,24.385807689910013
game8/Clip3,271,player_bottom,2.8336326168920483,-1.5235293637095597
game8/Clip3,271,player_top,3.3227413969340813,24.424927588727954
game8/Clip3,272,player_bottom,2.880842529385854,-1.6016658653261975
game8/Clip3,272,player_top,3.2780450380207857,24.487391759466664
game8/Clip3,273,player_bottom,2.9240954060408977,-1.6655162337319234
game8/Clip3,273,player_top,3.216457851120584,24.54025660097975
game8/Clip3,274,player_bottom,3.0225632685267763,-1.7024945869957466
game8/Clip3,274,player_top,3.075528999102275,24.597522654011488
game8/Clip3,275,player_bottom,3.1535424075362006,-1.6719604412383404
game8/Clip3,275,player_top,2.95650954331445,24.48008730194745
game8/Clip3,276,player_bottom,3.2526050132614497,-1.6675919547397344
game8/Clip3,276,player_top,2.8318982111265547,24.412512084020943
game8/Clip3,277,player_bottom,3.35466394295251,-1.7592929052630908
game8/Clip3,277,player_top,2.7882992917471827,24.359685668425104
game8/Clip3,278,player_bottom,3.457905624784383,-1.757404871998927
game8/Clip3,278,player_top,2.7502066656565227,24.242698678830838
game8/Clip3,279,player_bottom,3.540980925914971,-1.8235725759651247
game8/Clip3,279,player_top,2.636529798891822,24.14148379668347
game8/Clip3,280,player_bottom,3.655595053220468,-1.943195970737063
game8/Clip3,280,player_top,2.4886880845087007,24.124220243459334
game8/Clip3,281,player_bottom,3.7853885662993565,-2.0943792564056025
game8/Clip3,281,player_top,2.3478504721457663,24.099218409581397
game8/Clip3,282,player_bottom,3.88630458543934,-2.229875163885328
game8/Clip3,282,player_top,2.2582719878887514,24.08838665717948
game8/Clip3,283,player_bottom,3.988494634659305,-2.3106907843848847
game8/Clip3,283,player_top,2.1955458341392693,24.09117339129497
game8/Clip3,284,player_bottom,4.050664027059963,-2.346594437205389
game8/Clip3,284,player_top,2.170265299677327,24.11227492277667
game8/Clip3,285,player_bottom,4.08355696282452,-2.4053196678429503
game8/Clip3,285,player_top,2.1627674320191663,24.113266847815694
game8/Clip3,286,player_bottom,4.122831344549618,-2.4521104591597638
game8/Clip3,286,player_top,2.151845223838809,24.15373700666616
game8/Clip3,287,player_bottom,4.2120322018925185,-2.4681434860796503
game8/Clip3,287,player_top,2.13257989292634,24.11311183444801
game8/Clip3,288,player_bottom,4.378754725489835,-2.4726669311304112
game8/Clip3,288,player_top,2.0930511950641058,24.177638607337908
game8/Clip3,289,player_bottom,4.654737685915024,-2.4807891978993406
game8/Clip3,289,player_top,2.099037784008753,24.11862602288698
game8/Clip3,290,player_bottom,4.826468816656191,-2.4917229521170845
game8/Clip3,290,player_top,2.1079993618360096,24.059072466566604
game8/Clip3,291,player_bottom,4.942561614607068,-2.481037799540883
game8/Clip3,291,player_top,2.119667018575599,24.03340606450279
game8/Clip3,292,player_bottom,5.0505506328466145,-2.406098159257785
game8/Clip3,292,player_top,2.162386054693036,24.023420809340767
game8/Clip3,293,player_bottom,5.193247295184106,-2.3615633314504847
game8/Clip3,293,player_top,2.2055350871873296,24.02736554609316
game8/Clip3,294,player_bottom,5.339146878171891,-2.3515647075456494
game8/Clip3,294,player_top,2.267399049350031,24.020475978213266
game8/Clip3,295,player_bottom,5.563578405717554,-2.3486284509521043
game8/Clip3,295,player_top,2.3342871960538893,24.027043703246157
game8/Clip3,296,player_bottom,5.681014241320724,-2.3742525819316085
game8/Clip3,296,player_top,2.426849094372178,24.037159358825807
game8/Clip3,297,player_bottom,5.839139963528432,-2.417594234784148
game8/Clip3,297,player_top,2.4881427843462345,23.978482296717218
game8/Clip3,298,player_bottom,6.004758812384388,-2.402458295321649
game8/Clip3,298,player_top,2.520717755775634,23.76483609153689
game8/Clip3,299,player_bottom,6.130862892732873,-2.401528286839751
game8/Clip3,299,player_top,2.549926794147881,23.652999527400222
game8/Clip3,300,player_bottom,6.209610871170629,-2.5922986745272683
game8/Clip3,300,player_top,2.6146370477397487,23.553670118862687
game8/Clip3,301,player_bottom,6.287643747700022,-2.6693364261271655
game8/Clip3,301,player_top,2.7007989751794783,23.543810104177144
game8/Clip3,302,player_bottom,6.402159703029545,-2.6894582390921675
game8/Clip3,302,player_top,2.764071196457699,23.551027852267875
game8/Clip3,303,player_bottom,6.57567815738805,-2.699627236007553
game8/Clip3,303,player_top,2.7969623257757346,23.55080149554134
game8/Clip3,304,player_bottom,6.658159000667934,-2.7033858927108945
game8/Clip3,304,player_top,2.8114526220344676,23.555104412679555
game8/Clip3,305,player_bottom,6.76975447286509,-2.691763911090954
game8/Clip3,305,player_top,2.823853370785884,23.66679959227761
game8/Clip3,306,player_bottom,6.9140925722050035,-2.708914680903001
game8/Clip3,306,player_top,2.852348071207634,23.753280142865062
game8/Clip3,307,player_bottom,6.995945272013144,-2.7707264565610075
game8/Clip3,307,player_top,2.863257436131943,23.90403119021453
game8/Clip3,308,player_bottom,7.128805838782842,-2.7985689241488845
game8/Clip3,308,player_top,2.908344850856879,23.99312445479825
game8/Clip3,309,player_bottom,7.256594755846868,-2.8018808354395754
game8/Clip3,309,player_top,2.949891708461326,24.122246201812818
game8/Clip3,310,player_bottom,7.349234784075915,-2.857492136600926
game8/Clip3,310,player_top,2.9863307267568704,24.147391181639602
game8/Clip3,311,player_bottom,7.415854186417404,-2.9124055567980767
game8/Clip3,311,player_top,3.020121786689019,24.14372653880667
game8/Clip3,312,player_bottom,7.45512560624287,-2.9290870934963196
game8/Clip3,312,player_top,3.0265685772014725,24.165279468522645
game8/Clip3,313,player_bottom,7.487185952911063,-2.933730446285187
game8/Clip3,313,player_top,3.0329333861893732,24.1679100149849
game8/Clip3,314,player_bottom,7.505923437006011,-2.9369644734746125
game8/Clip3,314,player_top,3.0410933390965575,24.177474235105436
game8/Clip3,315,player_bottom,7.510305992333765,-2.935677530336417
game8/Clip3,315,player_top,3.081748037032102,24.187125046920087
game8/Clip3,316,player_bottom,7.522311608585453,-2.954577695754441
game8/Clip3,316,player_top,3.1616960378121677,24.29046392399799
game8/Clip3,317,player_bottom,7.51939060793555,-3.0022138050690836
game8/Clip3,317,player_top,3.2589618649534393,24.29233015079693
game8/Clip3,318,player_bottom,7.518628308722587,-3.0731786215867753
game8/Clip3,318,player_top,3.397822517163361,24.22846834965949
game8/Clip3,319,player_bottom,7.510406944599155,-3.1570590874570064
game8/Clip3,319,player_top,3.51087653987109,24.20943598576712
game8/Clip3,320,player_bottom,7.503402194481098,-3.2336206968943957
game8/Clip3,320,player_top,3.6245845977933775,24.04839541865667
game8/Clip3,321,player_bottom,7.472350135301696,-3.2843988870241168
game8/Clip3,321,player_top,3.7054818820694346,24.006827551600384
game8/Clip3,322,player_bottom,7.45734886691986,-3.3217243585510734
game8/Clip3,322,player_top,3.7448552598435265,23.981421634807017
game8/Clip3,323,player_bottom,7.401838703443569,-3.342933737001381
game8/Clip3,323,player_top,3.8008909680181664,23.95882194521151
game8/Clip3,324,player_bottom,7.289692386606538,-3.3477237643884488
game8/Clip3,324,player_top,3.9046707778415906,24.0255415552724
game8/Clip3,325,player_bottom,7.149575739601376,-3.344395076219354
game8/Clip3,325,player_top,3.9918772308238157,24.066033319895126
game8/Clip3,326,player_bottom,7.002266376026449,-3.346350676626959
game8/Clip3,326,player_top,4.0607687186015085,24.1139649112805
game8/Clip3,327,player_bottom,6.9112613969589125,-3.3378013040798837
game8/Clip3,327,player_top,4.103388186198568,23.99136075475762
game8/Clip3,328,player_bottom,6.822007073742899,-3.3090012280780456
game8/Clip3,328,player_top,4.142017833176864,23.949318516884706
game8/Clip3,329,player_bottom,6.716774260129068,-3.124610843174875
game8/Clip3,329,player_top,4.170437824080418,23.926252045271678
game8/Clip3,330,player_bottom,6.583523629115097,-3.126861071741558
game8/Clip3,330,player_top,4.191821541988107,24.10058400998543
game8/Clip3,331,player_bottom,6.463487942126575,-3.163253927793222
game8/Clip3,331,player_top,4.231710090495994,23.844201521463045
game8/Clip3,332,player_bottom,6.33201971064385,-3.1598465326756067
game8/Clip3,332,player_top,4.310209314004827,23.525756522044915
game8/Clip3,333,player_bottom,6.195155027785692,-3.151443193616208
game8/Clip3,333,player_top,4.373809757080914,23.373069842530278
game8/Clip3,334,player_bottom,6.097029497936714,-3.143038557688188
game8/Clip3,334,player_top,4.417084810310401,23.277140873876476
game8/Clip3,335,player_bottom,6.045389810316511,-3.154071624523401
game8/Clip3,335,player_top,4.43969925661339,23.26527144153617
game8/Clip3,336,player_bottom,5.9498559414136105,-3.15579267565581
game8/Clip3,336,player_top,4.457933091836341,23.20220584473055
game8/Clip3,337,player_bottom,5.811767562051292,-3.144994827989925
game8/Clip3,337,player_top,4.469745173093623,23.200879915547276
game8/Clip3,338,player_bottom,5.685270373683846,-3.137405193562292
game8/Clip3,338,player_top,4.475333071209926,23.21818017823134
game8/Clip3,339,player_bottom,5.569431308538708,-3.1516918065814874
game8/Clip3,339,player_top,4.489456497893624,23.212914854563554
game8/Clip3,340,player_bottom,5.455100263561144,-3.198973588395084
game8/Clip3,340,player_top,4.501042568084099,23.216164048270283
game8/Clip3,341,player_bottom,5.301662917291172,-3.2455440223242955
game8/Clip3,341,player_top,4.515646764349223,23.224585474844147
game8/Clip3,342,player_bottom,5.140932090494292,-3.2636160678750277
game8/Clip3,342,player_top,4.55333407244446,23.221226600095182
game8/Clip3,343,player_bottom,4.9701715789241545,-3.292160098690789
game8/Clip3,343,player_top,4.591840296643618,23.21711023341361
game8/Clip3,344,player_bottom,4.820263002664488,-3.300171498476255
game8/Clip3,344,player_top,4.614070964077334,23.212013399041915
game8/Clip3,345,player_bottom,4.7294804336870495,-3.38566873665268
game8/Clip3,345,player_top,4.631197814866644,23.236509819006795
game8/Clip3,346,player_bottom,4.6551952738456865,-3.4237505219893833
game8/Clip3,346,player_top,4.584068321083368,23.213295246255537
game8/Clip3,347,player_bottom,4.602491820270272,-3.42692285164446
game8/Clip3,347,player_top,4.563774845578044,23.210658870130338
game8/Clip3,348,player_bottom,4.573530941307396,-3.4191545323168464
game8/Clip3,348,player_top,4.554804616503201,23.185073104092737
game8/Clip3,349,player_bottom,4.566566814969378,-3.412177723814942
game8/Clip3,349,player_top,4.598993225819534,23.191832891333437
game8/Clip3,350,player_bottom,4.5704540174709996,-3.384345877042212
game8/Clip3,350,player_top,4.641947875381829,23.20597942580898
game8/Clip3,351,player_bottom,4.578391762809004,-3.3572885832698836
game8/Clip3,351,player_top,4.6552050301414,23.353813696972644
game8/Clip3,352,player_bottom,4.586004290045484,-3.342182507806279
game8/Clip3,352,player_top,4.649991604762654,23.3163313170377
game8/Clip3,353,player_bottom,4.592169882796575,-3.355588188408886
game8/Clip3,353,player_top,4.644507971432494,23.439330589232746
game8/Clip3,354,player_bottom,4.596899842785472,-3.3385054839811645
game8/Clip3,354,player_top,4.639358747277112,23.535097716919722
game8/Clip3,355,player_bottom,4.59819486214234,-3.302918342955351
game8/Clip3,355,player_top,4.633483070552351,23.504393738001454
game8/Clip3,356,player_bottom,4.6003274804729,-3.2590615430959544
game8/Clip3,356,player_top,4.635539963740762,23.46445135068868
game8/Clip3,357,player_bottom,4.5991813639418755,-3.2101652801108753
game8/Clip3,357,player_top,4.612997455329812,23.531473275904006
game8/Clip3,358,player_bottom,4.594175216532327,-3.163641997567841
game8/Clip3,358,player_top,4.571824380116932,23.477315816991215
game8/Clip3,359,player_bottom,4.591926443894028,-3.139007061724399
game8/Clip3,359,player_top,4.540482654659196,23.476619263123744
game8/Clip3,360,player_bottom,4.593761740810497,-3.125384493379855
game8/Clip3,360,player_top,4.527731594438756,23.39532125691692
game8/Clip3,361,player_bottom,4.592009491094658,-3.1282653092143393
game8/Clip3,361,player_top,4.520827029141951,23.33793001357524
game8/Clip3,362,player_bottom,4.589075461435797,-3.1304240279803572
game8/Clip3,362,player_top,4.513214400663819,23.315501497176232
game8/Clip3,363,player_bottom,4.588719925261196,-3.1366577565849707
game8/Clip3,363,player_top,4.4987322774319205,23.341860068331215
game8/Clip3,364,player_bottom,4.582491592849822,-3.14462416269103
game8/Clip3,364,player_top,4.4723023706621525,23.37168148081042
game8/Clip3,365,player_bottom,4.570665099541661,-3.151687896063812
game8/Clip3,365,player_top,4.446995217753086,23.391389814614506
game8/Clip3,366,player_bottom,4.566710658331676,-3.148852600317534
game8/Clip3,366,player_top,4.41472298179018,23.3674827836839
game8/Clip3,367,player_bottom,4.559635097799687,-3.1462359512479248
game8/Clip3,367,player_top,4.393932554154183,23.342653131068474
game8/Clip3,368,player_bottom,4.552819151739829,-3.1411698048134564
game8/Clip3,368,player_top,4.372587576223922,23.27530698770329
game8/Clip3,369,player_bottom,4.535787537230707,-3.137705567206619
game8/Clip3,369,player_top,4.361681738255115,23.17129424029846
game8/Clip3,370,player_bottom,4.506999906389623,-3.132227236136056
game8/Clip3,370,player_top,4.355679724114804,22.992817512465958
game8/Clip3,371,player_bottom,4.514453921304209,-3.135295928363573
game8/Clip3,371,player_top,4.348282120072199,22.857233359388236
game8/Clip3,372,player_bottom,4.504790262909168,-3.13508074533881
game8/Clip3,372,player_top,4.343092472989053,22.722196475441994
game8/Clip3,373,player_bottom,4.498202165058202,-3.1429816076281547
game8/Clip3,373,player_top,4.341099793450368,22.595378399126343
game8/Clip3,374,player_bottom,4.50127174244312,-3.137361494752148
game8/Clip3,374,player_top,4.33979205719971,22.540495904903732
game8/Clip3,375,player_bottom,4.503272074577739,-3.125406499966758
game8/Clip3,375,player_top,4.340307489252378,22.51026939280846
game8/Clip3,376,player_bottom,4.510247851545318,-3.0857399802875247
game8/Clip3,376,player_top,4.336640312202468,22.495505403580825
game8/Clip3,377,player_bottom,4.515720436901543,-3.0511451211046037
game8/Clip3,377,player_top,4.328604390588404,22.49442870019722
game8/Clip3,378,player_bottom,4.5172145100114545,-3.016418251157013
game8/Clip3,378,player_top,4.319195946669773,22.472495439097166
game8/Clip3,379,player_bottom,4.517894531733051,-2.998081306703872
game8/Clip3,379,player_top,4.306692733334061,22.404681492934433
game8/Clip3,380,player_bottom,4.512023002681912,-2.989051121816781
game8/Clip3,380,player_top,4.292689845468954,22.334634549583928
game8/Clip3,381,player_bottom,4.502168385328912,-2.982286200316267
game8/Clip3,381,player_top,4.2794743853066,22.291272387592176
game8/Clip3,382,player_bottom,4.4886925615487865,-2.9796223350061917
game8/Clip3,382,player_top,4.268170834259938,22.2583706846485
game8/Clip3,383,player_bottom,4.477360479336763,-2.979205249475438
game8/Clip3,383,player_top,4.263838268289018,22.275799453730148
game8/Clip3,384,player_bottom,4.454603024498354,-2.9791359686388414
game8/Clip3,384,player_top,4.252090593574781,22.299454751442664
game8/Clip3,385,player_bottom,4.41019669105856,-2.9738911683153604
game8/Clip3,385,player_top,4.246371219474663,22.31731361255615
game8/Clip3,386,player_bottom,4.348809639028905,-2.968582828434889
game8/Clip3,386,player_top,4.237144077341339,22.300426926700894
game8/Clip3,387,player_bottom,4.286805807558023,-2.9797874322690814
game8/Clip3,387,player_top,4.227564580047287,22.277530452506564
game8/Clip3,388,player_bottom,4.242947191970846,-2.9718864794573627
game8/Clip3,388,player_top,4.2226232805682296,22.2465963299165
game8/Clip3,389,player_bottom,4.231057162853601,-2.963590633881097
game8/Clip3,389,player_top,4.2186825494425575,22.193667287201134
game8/Clip3,390,player_bottom,4.2067947980385645,-2.9660046348796234
game8/Clip3,390,player_top,4.227512298694112,22.140058468430098
game8/Clip3,391,player_bottom,4.192295511941323,-2.9380217948334746
game8/Clip3,391,player_top,4.224357294056892,22.081537990300102
game8/Clip3,392,player_bottom,4.185234139015029,-2.9033848912102607
game8/Clip3,392,player_top,4.230302991980881,22.03316777296132
game8/Clip3,393,player_bottom,4.179248340584985,-2.8648634643462705
game8/Clip3,393,player_top,4.230336965763171,22.015844085425854
game8/Clip3,394,player_bottom,4.17767231137984,-2.8287693667318705
game8/Clip3,394,player_top,4.240715064175123,21.985274097299882
game8/Clip3,395,player_bottom,4.159357143941271,-2.7774397459309537
game8/Clip3,395,player_top,4.2403404062205965,21.963855586282936
game8/Clip3,396,player_bottom,4.125251789678327,-2.7507844275673894
game8/Clip3,396,player_top,4.2497951235829,21.93400643546834
game8/Clip3,397,player_bottom,4.068097972283198,-2.73998143830116
game8/Clip3,397,player_top,4.266360628488427,21.931195687178217
game8/Clip3,398,player_bottom,4.0122251148323,-2.7405876186036666
game8/Clip3,398,player_top,4.308190275510091,21.932184059988877
game8/Clip3,399,player_bottom,3.961017450236124,-2.741997186965723
game8/Clip3,399,player_top,4.341820330149432,21.93957980790799
game8/Clip3,400,player_bottom,3.9207096305028397,-2.742172820451434
game8/Clip3,400,player_top,4.365575912215586,21.92078814419739
game8/Clip3,401,player_bottom,3.897602226196829,-2.7367358627308365
game8/Clip3,401,player_top,4.388775817120364,21.921231149047237
game8/Clip3,402,player_bottom,3.8683972972991767,-2.731721632413449
game8/Clip3,402,player_top,4.400054546115367,21.923409212810625
game8/Clip3,403,player_bottom,3.84572030508137,-2.729628137814184
game8/Clip3,403,player_top,4.413017843051584,21.910806239988645
game8/Clip3,404,player_bottom,3.8200462247275624,-2.739101914494959
game8/Clip3,404,player_top,4.42261346190304,21.913386054003947
game8/Clip3,405,player_bottom,3.791025017479495,-2.7247509584797642
game8/Clip3,405,player_top,4.436397325173468,21.916122876841857
game8/Clip3,406,player_bottom,3.757085753580299,-2.7147811639199637
game8/Clip3,406,player_top,4.46244988047439,21.91696097838712
game8/Clip3,407,player_bottom,3.7376780134243366,-2.705443535200351
game8/Clip3,407,player_top,4.487684006247521,21.916065294013492
game8/Clip3,408,player_bottom,3.7214386833532296,-2.6937968864950155
game8/Clip3,408,player_top,4.504920851172439,21.915060420889645
game8/Clip3,409,player_bottom,3.6935625296794625,-2.6986334712629905
game8/Clip3,409,player_top,4.514638667273443,21.910117169666666
game8/Clip3,410,player_bottom,3.6678544492832175,-2.6800917995239772
game8/Clip3,410,player_top,4.519894537519349,21.908966870512298
game8/Clip3,411,player_bottom,3.638652263557623,-2.640910794044896
game8/Clip3,411,player_top,4.53311470908595,21.89925843063023
game8/Clip3,412,player_bottom,3.575860575457565,-2.6332189848958936
game8/Clip3,412,player_top,4.541308160305983,21.901213690532668
game8/Clip4,0,player_bottom,4.673173313177101,-1.866204761525575
game8/Clip4,0,player_top,0.6419361355944364,21.88565696959867
game8/Clip4,1,player_bottom,4.673173313177101,-1.866204761525575
game8/Clip4,1,player_top,0.6419361355944364,21.88565696959867
game8/Clip4,2,player_bottom,4.682608081646058,-1.8653494228910183
game8/Clip4,2,player_top,0.6417238606913772,21.88446159884333
game8/Clip4,3,player_bottom,4.703107038172382,-1.8670920745662885
game8/Clip4,3,player_top,0.6402585701413827,21.89242223326047
game8/Clip4,4,player_bottom,4.720663772564602,-1.8557623186496865
game8/Clip4,4,player_top,0.6406920935391813,21.89234254377218
game8/Clip4,5,player_bottom,4.748856364651737,-1.8429606567343106
game8/Clip4,5,player_top,0.6416411904117757,21.894896012612858
game8/Clip4,6,player_bottom,4.78235737006592,-1.792096438813574
game8/Clip4,6,player_top,0.643503315789989,21.889148070935523
game8/Clip4,7,player_bottom,4.801048713743192,-1.746400166108035
game8/Clip4,7,player_top,0.6446002276958305,21.905337456174248
game8/Clip4,8,player_bottom,4.8111453655396765,-1.684669729373382
game8/Clip4,8,player_top,0.6452635440125675,21.91315389937142
game8/Clip4,9,player_bottom,4.819900369507483,-1.6322282327415953
game8/Clip4,9,player_top,0.6457543423465871,21.90269726238323
game8/Clip4,10,player_bottom,4.8257140335614865,-1.5664058080506156
game8/Clip4,10,player_top,0.6484730662360606,21.8966402624975
game8/Clip4,11,player_bottom,4.837036911719688,-1.4718887411631563
game8/Clip4,11,player_top,0.6516838360046361,21.8835387210623
game8/Clip4,12,player_bottom,4.848688217367936,-1.4292630648190938
game8/Clip4,12,player_top,0.66587850763328,21.88828003663402
game8/Clip4,13,player_bottom,4.860651417549354,-1.4143656046162232
game8/Clip4,13,player_top,0.7255128749543154,21.908324731574368
game8/Clip4,14,player_bottom,4.870765510669321,-1.4136260850423477
game8/Clip4,14,player_top,0.8081552855495922,21.898476594047455
game8/Clip4,15,player_bottom,4.865340156146332,-1.409477831070953
game8/Clip4,15,player_top,0.9078484327656207,21.990536529344187
game8/Clip4,16,player_bottom,4.825709723377568,-1.406706048832575
game8/Clip4,16,player_top,0.9720499207416794,22.230934035638867
game8/Clip4,17,player_bottom,4.817492207770154,-1.411740084001719
game8/Clip4,17,player_top,1.0506091679513485,22.064843785442854
game8/Clip4,18,player_bottom,4.8152208627625255,-1.411104337050913
game8/Clip4,18,player_top,1.130235717886285,22.012818150486343
game8/Clip4,19,player_bottom,4.807901655640863,-1.2649693533223003
game8/Clip4,19,player_top,1.226548353099474,21.993540627873468
game8/Clip4,20,player_bottom,4.841014592735596,-1.1544315565746495
game8/Clip4,20,player_top,1.2660614922413596,21.9887788979801
game8/Clip4,21,player_bottom,4.891232685534221,-0.9104325637303341
game8/Clip4,21,player_top,1.287552654505684,21.986148543585905
game8/Clip4,22,player_bottom,4.941467911734303,-0.7481856332511275
game8/Clip4,22,player_top,1.313452888904088,21.95078944999585
game8/Clip4,23,player_bottom,4.988767556898679,-0.6287795044577409
game8/Clip4,23,player_top,1.3461896218740104,21.977377572845196
game8/Clip4,24,player_bottom,5.024071433754396,-0.517689725434644
game8/Clip4,24,player_top,1.4014243324338669,22.07906183693542
game8/Clip4,25,player_bottom,5.042680960222965,-0.5346393806415206
game8/Clip4,25,player_top,1.4709043336474272,22.16123515901306
game8/Clip4,26,player_bottom,5.0351877077592055,-0.6204360018363729
game8/Clip4,26,player_top,1.5395163044308353,22.210152887133972
game8/Clip4,27,player_bottom,5.0119336909029135,-0.6912876832882576
game8/Clip4,27,player_top,1.6135928871846215,22.164768766218355
game8/Clip4,28,player_bottom,4.965238727932991,-0.7113931971458544
game8/Clip4,28,player_top,1.66599584864122,22.148221435747907
game8/Clip4,29,player_bottom,4.913974281596882,-0.7103207891433477
game8/Clip4,29,player_top,1.6990434713332618,22.132663403977254
game8/Clip4,30,player_bottom,4.835474541632543,-0.7157640699424057
game8/Clip4,30,player_top,1.7088359889086693,22.11317019170113
game8/Clip4,31,player_bottom,4.778948088723683,-0.7122041074158394
game8/Clip4,31,player_top,1.7230086318135325,22.107809152058955
game8/Clip4,32,player_bottom,4.724762662949086,-0.7075740459931574
game8/Clip4,32,player_top,1.7647986294257623,22.12026220682844
game8/Clip4,33,player_bottom,4.699163949485937,-0.7092808975899698
game8/Clip4,33,player_top,1.823962924113288,22.130314789199556
game8/Clip4,34,player_bottom,4.66903602558753,-0.7146764118172656
game8/Clip4,34,player_top,1.8748747720022276,22.132248913900618
game8/Clip4,35,player_bottom,4.663360565033173,-0.7184361394549351
game8/Clip4,35,player_top,1.9034445614682254,22.104023676960296
game8/Clip4,36,player_bottom,4.6723967501623545,-0.7941690325382655
game8/Clip4,36,player_top,1.900691016829609,22.121909959302403
game8/Clip4,37,player_bottom,4.695717623167151,-0.8778314305326197
game8/Clip4,37,player_top,1.9233318378803448,22.15871311418573
game8/Clip4,38,player_bottom,4.706663145138128,-1.004767368193508
game8/Clip4,38,player_top,2.000856827841922,22.06858013862725
game8/Clip4,39,player_bottom,4.706623393547366,-1.1258167421752177
game8/Clip4,39,player_top,2.0671050211944584,21.855775083808087
game8/Clip4,40,player_bottom,4.7005192129780236,-1.2435397773270995
game8/Clip4,40,player_top,2.1782593651857933,21.749810136411913
game8/Clip4,41,player_bottom,4.690317512774908,-1.3474888490246506
game8/Clip4,41,player_top,2.2660340422031697,21.659953715183388
game8/Clip4,42,player_bottom,4.686568095770231,-1.4402363817558517
game8/Clip4,42,player_top,2.298557438259473,21.647667661503757
game8/Clip4,43,player_bottom,4.674401752408351,-1.4978436201009158
game8/Clip4,43,player_top,2.3035217588327757,21.63908478292405
game8/Clip4,44,player_bottom,4.681163071715416,-1.5606883106796694
game8/Clip4,44,player_top,2.250405750460786,21.677075707784233
game8/Clip4,45,player_bottom,4.6824038028850765,-1.5747855678073406
game8/Clip4,45,player_top,2.1875728916963277,21.703467886032552
game8/Clip4,46,player_bottom,4.686803647569366,-1.5818377615812595
game8/Clip4,46,player_top,2.177425175883159,21.751078844188616
game8/Clip4,47,player_bottom,4.68288454707085,-1.624016602454208
game8/Clip4,47,player_top,2.2347493173520445,22.148745915848053
game8/Clip4,48,player_bottom,4.686029140911919,-1.6370451184101162
game8/Clip4,48,player_top,2.309069485556034,22.32123952434499
game8/Clip4,49,player_bottom,4.710439286098965,-1.747966645438757
game8/Clip4,49,player_top,2.3509525243023353,22.37035094357019
game8/Clip4,50,player_bottom,4.73595016940788,-1.9031197416366759
game8/Clip4,50,player_top,2.3915378297518877,22.316813251317036
game8/Clip4,51,player_bottom,4.758712701500594,-2.0222643251087056
game8/Clip4,51,player_top,2.4518101637198457,21.970180792383836
game8/Clip4,52,player_bottom,4.768011168680577,-2.1069576301085853
game8/Clip4,52,player_top,2.4781979523471396,21.851330828595785
game8/Clip4,53,player_bottom,4.781485411419398,-2.1779036285262743
game8/Clip4,53,player_top,2.485377730788989,21.81308615835862
game8/Clip4,54,player_bottom,4.798178822757053,-2.2187969669466736
game8/Clip4,54,player_top,2.4814037742074686,21.801813074921302
game8/Clip4,55,player_bottom,4.792881597015352,-2.2892421278112836
game8/Clip4,55,player_top,2.4793727791774605,21.801777186801026
game8/Clip4,56,player_bottom,4.754419924453494,-2.398262196577963
game8/Clip4,56,player_top,2.480828561752127,21.830353727122407
game8/Clip4,57,player_bottom,4.690799970635867,-2.468882374499472
game8/Clip4,57,player_top,2.5012770793344594,21.88455868768707
game8/Clip4,58,player_bottom,4.521809426647773,-2.498344410886464
game8/Clip4,58,player_top,2.57271770528875,21.957004500990653
game8/Clip4,59,player_bottom,4.376834673280685,-2.5104335156059405
game8/Clip4,59,player_top,2.7328895741953905,22.02038288714797
game8/Clip4,60,player_bottom,4.323297926773238,-2.5261349308285665
game8/Clip4,60,player_top,2.8775626448252365,22.08158456515048
game8/Clip4,61,player_bottom,4.2640277484184095,-2.4672096743633816
game8/Clip4,61,player_top,3.009682988190319,22.03643858307288
game8/Clip4,62,player_bottom,4.1852605915366565,-2.369079664353928
game8/Clip4,62,player_top,3.121526343319601,21.941823142153982
game8/Clip4,63,player_bottom,4.030355353621745,-2.496160227218624
game8/Clip4,63,player_top,3.2220205386686165,21.871155012655006
game8/Clip4,64,player_bottom,3.8003756970825777,-2.5562895948468403
game8/Clip4,64,player_top,3.3381878397645806,21.83343390994519
game8/Clip4,65,player_bottom,3.6472357058339666,-2.5932974928268737
game8/Clip4,65,player_top,3.464791571767229,21.791667751127253
game8/Clip4,66,player_bottom,3.557139380220522,-2.7081836040446983
game8/Clip4,66,player_top,3.5789556402249922,21.78134174950491
game8/Clip4,67,player_bottom,3.433396038189516,-2.788631457201085
game8/Clip4,67,player_top,3.64722896457243,21.793696246067324
game8/Clip4,68,player_bottom,3.2759544153773237,-2.8241289163745478
game8/Clip4,68,player_top,3.717738377996254,21.818872559834553
game8/Clip4,69,player_bottom,3.1232483238236672,-2.884673965748546
game8/Clip4,69,player_top,3.800487952571723,21.826250512356122
game8/Clip4,70,player_bottom,3.0154731297726642,-3.086859828369898
game8/Clip4,70,player_top,3.880698199815291,21.69829794095417
game8/Clip4,71,player_bottom,2.9182996122643847,-3.196674885928733
game8/Clip4,71,player_top,3.9490734110555743,21.623101870671384
game8/Clip4,72,player_bottom,2.81859292682523,-3.234015445212049
game8/Clip4,72,player_top,4.064850666038865,21.57681951162806
game8/Clip4,73,player_bottom,2.713622741976125,-3.241159994020673
game8/Clip4,73,player_top,4.183627317785239,21.5814935190219
game8/Clip4,74,player_bottom,2.596280144993743,-3.22996943083636
game8/Clip4,74,player_top,4.2385753190008675,21.577377334324513
game8/Clip4,75,player_bottom,2.4832426110768444,-3.210248638253281
game8/Clip4,75,player_top,4.26278056058573,21.568602196174076
game8/Clip4,76,player_bottom,2.3598746942285262,-3.1947628096114555
game8/Clip4,76,player_top,4.2869250497481755,21.607492230392225
game8/Clip4,77,player_bottom,2.3118608337797557,-3.237775950713361
game8/Clip4,77,player_top,4.334114538490371,21.703211672114367
game8/Clip4,78,player_bottom,2.22614381189092,-3.344924795654247
game8/Clip4,78,player_top,4.40042382900716,21.781525104500464
game8/Clip4,79,player_bottom,2.178134654174096,-3.4605766668064253
game8/Clip4,79,player_top,4.462081114765049,21.814485955076744
game8/Clip4,80,player_bottom,2.0987512392646406,-3.603803343673853
game8/Clip4,80,player_top,4.548942341742658,21.845314412036743
game8/Clip4,81,player_bottom,2.037631836528112,-3.699961020039492
game8/Clip4,81,player_top,4.5998196240259785,21.847658010326423
game8/Clip4,82,player_bottom,2.0199124699644124,-3.7706598414260233
game8/Clip4,82,player_top,4.621553765787872,21.83812415495508
game8/Clip4,83,player_bottom,1.9988150753339793,-3.790399659274418
game8/Clip4,83,player_top,4.632339811001036,21.8395644637132
game8/Clip4,84,player_bottom,1.9875733190766656,-3.799003644575552
game8/Clip4,84,player_top,4.665930024604378,21.845158316144094
game8/Clip4,85,player_bottom,1.9799026331366898,-3.7902139525275826
game8/Clip4,85,player_top,4.732065208740301,21.842976691481958
game8/Clip4,86,player_bottom,1.9818715635787238,-3.766855742800409
game8/Clip4,86,player_top,4.836633055204891,21.838985203864393
game8/Clip4,87,player_bottom,1.9710078153667916,-3.72341144240951
game8/Clip4,87,player_top,4.985782971843711,21.826392065537995
game8/Clip4,88,player_bottom,1.9571967764360994,-3.683906087994967
game8/Clip4,88,player_top,5.108356126784892,21.822901748027753
game8/Clip4,89,player_bottom,1.93814796596925,-3.704772656445969
game8/Clip4,89,player_top,5.2008823935179995,21.81705188142572
game8/Clip4,90,player_bottom,1.9222087573271243,-3.7285068918457434
game8/Clip4,90,player_top,5.282478677353874,21.83589765853584
game8/Clip4,91,player_bottom,1.9232238594526083,-3.7768453411080194
game8/Clip4,91,player_top,5.364643297347028,21.7947127568419
game8/Clip4,92,player_bottom,1.9178649945915716,-3.793575715145831
game8/Clip4,92,player_top,5.448228586685754,21.869241610003048
game8/Clip4,93,player_bottom,1.948219931695035,-3.791856062561332
game8/Clip4,93,player_top,5.527451475062616,21.94645323598298
game8/Clip4,94,player_bottom,1.976133824313011,-3.776107909277779
game8/Clip4,94,player_top,5.612565563666431,22.07304491526952
game8/Clip4,95,player_bottom,2.003780822626344,-3.7408042132600547
game8/Clip4,95,player_top,5.712937331494513,22.31509169509499
game8/Clip4,96,player_bottom,2.039943860497902,-3.6415922867573944
game8/Clip4,96,player_top,5.811514890073139,22.453893606411793
game8/Clip4,97,player_bottom,2.1223787412079567,-3.5645469984419043
game8/Clip4,97,player_top,5.895057504815708,22.676999371060287
game8/Clip4,98,player_bottom,2.23096925200919,-3.5326756694004326
game8/Clip4,98,player_top,6.007449138441868,22.73807830059567
game8/Clip4,99,player_bottom,2.347092568070207,-3.459927962609465
game8/Clip4,99,player_top,6.101099536677937,22.763742929749515
game8/Clip4,100,player_bottom,2.4375387657652987,-3.438433469920898
game8/Clip4,100,player_top,6.204949568520571,22.793063589440557
game8/Clip4,101,player_bottom,2.5076504397052184,-3.4036742936913393
game8/Clip4,101,player_top,6.299085544138392,22.785952533922302
game8/Clip4,102,player_bottom,2.592684871477985,-3.363957061767117
game8/Clip4,102,player_top,6.412888609526035,22.875668053131378
game8/Clip4,103,player_bottom,2.7215246528479335,-3.3523044201296868
game8/Clip4,103,player_top,6.530767021150278,23.24725193988563
game8/Clip4,104,player_bottom,2.857969919438876,-3.374610110459006
game8/Clip4,104,player_top,6.623177610117592,23.277250836977533
game8/Clip4,105,player_bottom,2.973963140385573,-3.4271704170923685
game8/Clip4,105,player_top,6.677287296992896,23.469432632922384
game8/Clip4,106,player_bottom,3.0274362059224935,-3.461140905274316
game8/Clip4,106,player_top,6.752961834454824,23.572031631691242
game8/Clip4,107,player_bottom,3.0555561777410407,-3.5316818302496653
game8/Clip4,107,player_top,6.832236196474312,23.27019807473482
game8/Clip4,108,player_bottom,3.075578573296328,-3.586843431290649
game8/Clip4,108,player_top,6.9039255560870245,23.044361674298823
game8/Clip4,109,player_bottom,3.101031201111815,-3.6089020392936524
game8/Clip4,109,player_top,6.965731468762186,22.98940877769946
game8/Clip4,110,player_bottom,3.1397412718717526,-3.6006490290168536
game8/Clip4,110,player_top,7.008367304503108,22.983521105478186
game8/Clip4,111,player_bottom,3.189531485060646,-3.5844972347261272
game8/Clip4,111,player_top,6.9969529216888,23.003761190947603
game8/Clip4,112,player_bottom,3.2433230036353042,-3.633664392622101
game8/Clip4,112,player_top,7.023445105802324,23.17528002440914
game8/Clip4,113,player_bottom,3.2979552623897517,-3.696395907437746
game8/Clip4,113,player_top,7.03470200015773,23.229688996958167
game8/Clip4,114,player_bottom,3.341403788885549,-3.7745266063121576
game8/Clip4,114,player_top,7.259397637761087,23.221207384524917
game8/Clip4,115,player_bottom,3.3822584712240937,-3.8361963589058403
game8/Clip4,115,player_top,7.374037012099049,23.094240434783647
game8/Clip4,116,player_bottom,3.4033597435044864,-3.8820766125665456
game8/Clip4,116,player_top,7.396401968665751,22.86925166631056
game8/Clip4,117,player_bottom,3.4029156921286345,-3.912693213839652
game8/Clip4,117,player_top,7.484567237260763,22.659357884547244
game8/Clip4,118,player_bottom,3.400647404097623,-3.9323962411862508
game8/Clip4,118,player_top,7.551284264376117,22.55036537052215
game8/Clip4,119,player_bottom,3.3994397085281736,-3.9251368659713517
game8/Clip4,119,player_top,7.603605362441873,22.500543254831122
game8/Clip4,120,player_bottom,3.396478861961638,-3.9291573998263303
game8/Clip4,120,player_top,7.63079131517652,22.5081827439093
game8/Clip4,121,player_bottom,3.3762555977749815,-3.931052452748408
game8/Clip4,121,player_top,7.6054272404024825,22.527397563852382
game8/Clip4,122,player_bottom,3.3392496986530618,-3.94451428765648
game8/Clip4,122,player_top,7.699957305051766,22.640292823569894
game8/Clip4,123,player_bottom,3.3006586294056666,-3.970028565231423
game8/Clip4,123,player_top,7.833036453319284,22.7047267644121
game8/Clip4,124,player_bottom,3.2390687505363176,-4.008771336474783
game8/Clip4,124,player_top,7.941179743647567,22.7854443923691
game8/Clip4,125,player_bottom,3.192039679830868,-4.114638129737487
game8/Clip4,125,player_top,8.019442323490225,22.749034134353625
game8/Clip4,126,player_bottom,3.1498891829818048,-4.183721111771841
game8/Clip4,126,player_top,8.044475453454911,22.815666972029845
game8/Clip4,127,player_bottom,3.1482532195296584,-4.180841324781738
game8/Clip4,127,player_top,8.05448441038313,22.829827164442587
game8/Clip4,128,player_bottom,3.1466169602709733,-4.177961017083296
game8/Clip4,128,player_top,8.056873532010947,22.844141129730225
game8/Clip4,129,player_bottom,3.1449804051255144,-4.1750801885352615
game8/Clip4,129,player_top,8.056363136757113,22.847331623273625
game8/Clip4,130,player_bottom,3.143343554013016,-4.172198838996358
game8/Clip4,130,player_top,8.0525994631545,22.858974627430058
game8/Clip4,131,player_bottom,3.0611137314103334,-4.1720478824337945
game8/Clip4,131,player_top,8.05780293120501,22.932492421610643
game8/Clip4,132,player_bottom,2.9442474229233526,-4.171321568382005
game8/Clip4,132,player_top,8.059509570041959,23.11066802747875
game8/Clip5,0,player_bottom,2.7875541880954433,-1.594718070200364
game8/Clip5,0,player_top,4.253917483954002,30.892452673811825
game8/Clip5,1,player_bottom,2.7875541880954433,-1.594718070200364
game8/Clip5,1,player_top,4.253917483954002,30.892452673811825
game8/Clip5,2,player_bottom,2.797556912980696,-1.6030405415665794
game8/Clip5,2,player_top,4.2615699894342685,30.90583537531856
game8/Clip5,3,player_bottom,2.801044887917372,-1.6033078306050732
game8/Clip5,3,player_top,4.26226135232109,30.895552303499613
game8/Clip5,4,player_bottom,2.8086459560038395,-1.608846122560447
game8/Clip5,4,player_top,4.260031770726728,30.828743686016058
game8/Clip5,5,player_bottom,2.8270919682521884,-1.5718465381057238
game8/Clip5,5,player_top,4.260056113555034,30.80729983787391
game8/Clip5,6,player_bottom,2.844818582555296,-1.5534620828414987
game8/Clip5,6,player_top,4.258183493443757,30.823619926965616
game8/Clip5,7,player_bottom,2.8546774497754432,-1.5287285678806681
game8/Clip5,7,player_top,4.254937118586238,30.824474118241508
game8/Clip5,8,player_bottom,2.868463523443503,-1.4625373146409568
game8/Clip5,8,player_top,4.254673793181157,30.83705049498057
game8/Clip5,9,player_bottom,2.878867848733626,-1.4252577768015362
game8/Clip5,9,player_top,4.252770900205536,30.840175573082785
game8/Clip5,10,player_bottom,2.8912469867468924,-1.4074166803946386
game8/Clip5,10,player_top,4.252497659373842,30.84901198550185
game8/Clip5,11,player_bottom,2.9019875470562906,-1.3885389535975217
game8/Clip5,11,player_top,4.253760489454517,30.84995465747409
game8/Clip5,12,player_bottom,2.9121949227276995,-1.3444849900441969
game8/Clip5,12,player_top,4.252195119411188,30.802592231726567
game8/Clip5,13,player_bottom,2.9244286895354494,-1.3234928061139466
game8/Clip5,13,player_top,4.2523997586889015,30.78694275639706
game8/Clip5,14,player_bottom,2.9368070106127493,-1.3163909921113315
game8/Clip5,14,player_top,4.249369157309709,30.777394656880602
game8/Clip5,15,player_bottom,2.948784016789888,-1.3191053330111517
game8/Clip5,15,player_top,4.2471104235209065,30.779475506373238
game8/Clip5,16,player_bottom,2.9681870374891597,-1.324506150005671
game8/Clip5,16,player_top,4.245914632205355,30.776378811371394
game8/Clip5,17,player_bottom,2.985876039245012,-1.3225900704424798
game8/Clip5,17,player_top,4.244087499997419,30.783982072829275
game8/Clip5,18,player_bottom,2.96795140580105,-1.3285296163471563
game8/Clip5,18,player_top,4.244686809267499,30.789288144852584
game8/Clip5,19,player_bottom,2.968380527556869,-1.331504489051953
game8/Clip5,19,player_top,4.248473107883877,30.750641966774374
game8/Clip5,20,player_bottom,2.9505174959358724,-1.162753549746467
game8/Clip5,20,player_top,4.252117337689854,30.735273974797614
game8/Clip5,21,player_bottom,2.956217768794898,-1.009317394391668
game8/Clip5,21,player_top,4.2579971549655635,30.71323583687323
game8/Clip5,22,player_bottom,2.9962520658705616,-0.7958233066751859
game8/Clip5,22,player_top,4.26012216397923,30.69663295956429
game8/Clip5,23,player_bottom,3.043178777485304,-0.6152632879620017
game8/Clip5,23,player_top,4.26171841070836,30.68931871514405
game8/Clip5,24,player_bottom,3.1277445768139223,-0.4888351275889272
game8/Clip5,24,player_top,4.263931183889232,30.6803279020548
game8/Clip5,25,player_bottom,3.176951225312426,-0.3635300956319826
game8/Clip5,25,player_top,4.263138895848264,30.666492622147043
game8/Clip5,26,player_bottom,3.2036678199110535,-0.31779397687947447
game8/Clip5,26,player_top,4.264205813500442,30.64334634841423
game8/Clip5,27,player_bottom,3.2067784279860363,-0.4224877438956212
game8/Clip5,27,player_top,4.2527809653836925,30.603657327197148
game8/Clip5,28,player_bottom,3.1732308327242156,-0.4977787127706034
game8/Clip5,28,player_top,4.248723515106068,30.618327630014484
game8/Clip5,29,player_bottom,3.0988067509312547,-0.5151176595921962
game8/Clip5,29,player_top,4.246216209184443,30.607329143886645
game8/Clip5,30,player_bottom,3.0099829834475007,-0.5234517678880446
game8/Clip5,30,player_top,4.245146100770802,30.583457732299838
game8/Clip5,31,player_bottom,2.9553340507562758,-0.5274892528576811
game8/Clip5,31,player_top,4.24459476997275,30.574937140803257
game8/Clip5,32,player_bottom,2.9330268619270035,-0.5386826207495754
game8/Clip5,32,player_top,4.244599437777565,30.581244910245804
game8/Clip5,33,player_bottom,2.907026874670014,-0.5374032768394688
game8/Clip5,33,player_top,4.244151527353549,30.557512295364546
game8/Clip5,34,player_bottom,2.8920522488689144,-0.5306356618422494
game8/Clip5,34,player_top,4.245939807111168,30.5677118777917
game8/Clip5,35,player_bottom,2.855359351293973,-0.5296647098541547
game8/Clip5,35,player_top,4.2448933005505305,30.546790217940657
game8/Clip5,36,player_bottom,2.8365669144502776,-0.5318069809522084
game8/Clip5,36,player_top,4.243997231263004,30.530596586378554
game8/Clip5,37,player_bottom,2.8418934117371624,-0.8409509174591584
game8/Clip5,37,player_top,4.243852607349067,30.49040148305208
game8/Clip5,38,player_bottom,2.83528307575702,-0.9788476004731475
game8/Clip5,38,player_top,4.24383769203729,30.470380606406604
game8/Clip5,39,player_bottom,2.815584588335618,-1.0646293319790392
game8/Clip5,39,player_top,4.243544092947451,30.457486112148633
game8/Clip5,40,player_bottom,2.8098248742067717,-1.1578986633837214
game8/Clip5,40,player_top,4.244988070630755,30.43716001010394
game8/Clip5,41,player_bottom,2.805530315572423,-1.2552047486859117
game8/Clip5,41,player_top,4.245953700167188,30.408674741571907
game8/Clip5,42,player_bottom,2.7935631474277125,-1.3145707711000316
game8/Clip5,42,player_top,4.246394236534029,30.403503574751944
game8/Clip5,43,player_bottom,2.774568452389908,-1.3409777827740088
game8/Clip5,43,player_top,4.245156243371761,30.397017748787015
game8/Clip5,44,player_bottom,2.76419464483489,-1.3818108619300733
game8/Clip5,44,player_top,4.248689693414657,30.393904245362588
game8/Clip5,45,player_bottom,2.75312578591276,-1.4091185934416925
game8/Clip5,45,player_top,4.251049190834317,30.39101297399679
game8/Clip5,46,player_bottom,2.7429699843726536,-1.4414447120409357
game8/Clip5,46,player_top,4.242445113775131,30.376458594189284
game8/Clip5,47,player_bottom,2.7143995552310662,-1.4654969358652543
game8/Clip5,47,player_top,4.231348105057179,30.390108812468235
game8/Clip5,48,player_bottom,2.6750984441998575,-1.5185670624499075
game8/Clip5,48,player_top,4.218651558799758,30.403138173769758
game8/Clip5,49,player_bottom,2.6395890797303365,-1.603699598981397
game8/Clip5,49,player_top,4.1968402324053145,30.39726873936555
game8/Clip5,50,player_bottom,2.596233515848276,-1.754091053657634
game8/Clip5,50,player_top,4.1494658266391715,30.411882798516647
game8/Clip5,51,player_bottom,2.554050156048286,-1.9411123745696464
game8/Clip5,51,player_top,4.113020682409693,30.425829378139838
game8/Clip5,52,player_bottom,2.520186262807471,-2.0739238525516455
game8/Clip5,52,player_top,3.927074403068854,30.67379584551005
game8/Clip5,53,player_bottom,2.4964014293250583,-2.1536576508890626
game8/Clip5,53,player_top,3.8214369677957505,30.75276252152156
game8/Clip5,54,player_bottom,2.507601928887015,-2.1821790641329892
game8/Clip5,54,player_top,3.806476380885996,30.826152421365656
game8/Clip5,55,player_bottom,2.5354651118571443,-2.1949894402091084
game8/Clip5,55,player_top,3.7264830258023847,30.74702052244361
game8/Clip5,56,player_bottom,2.51465722331233,-2.242718289241326
game8/Clip5,56,player_top,3.6795941224555575,30.795901237822385
game8/Clip5,57,player_bottom,2.448300908174612,-2.2835012890670896
game8/Clip5,57,player_top,3.653028400002868,30.704103947012687
game8/Clip5,58,player_bottom,2.2671221789990392,-2.3082957570541054
game8/Clip5,58,player_top,3.613072872109149,30.589982727680933
game8/Clip5,59,player_bottom,2.1486629083719415,-2.301313282877913
game8/Clip5,59,player_top,3.5367805852347107,30.565189691119365
game8/Clip5,60,player_bottom,2.054382130300192,-2.2833226596181766
game8/Clip5,60,player_top,3.4718750264581977,30.625278289966346
game8/Clip5,61,player_bottom,1.9595313360198394,-2.2329721385014665
game8/Clip5,61,player_top,3.3696404869641343,30.532059972897095
game8/Clip5,62,player_bottom,1.840163205954818,-1.9940785533074754
game8/Clip5,62,player_top,3.2290329744158544,30.424253373976573
game8/Clip5,63,player_bottom,1.712237786177005,-1.9743191368995723
game8/Clip5,63,player_top,3.1039348325809906,30.326048217585644
game8/Clip5,64,player_bottom,1.568944056130633,-2.067729555274497
game8/Clip5,64,player_top,2.963021070590332,30.223183125808497
game8/Clip5,65,player_bottom,1.4558388477821036,-2.101659053727073
game8/Clip5,65,player_top,2.887662708591663,30.200119554520573
game8/Clip5,66,player_bottom,1.344604213599386,-2.0917976485524363
game8/Clip5,66,player_top,2.8045024858830567,30.205570668171443
game8/Clip5,67,player_bottom,1.2335054836587893,-2.085959680572679
game8/Clip5,67,player_top,2.7606393401069633,30.127434904806908
game8/Clip5,68,player_bottom,1.112145537130745,-2.1468109610750985
game8/Clip5,68,player_top,2.7103999888649524,30.141059456869584
game8/Clip5,69,player_bottom,1.0002901789041851,-2.212891933055297
game8/Clip5,69,player_top,2.638426498532219,30.2374536831968
game8/Clip5,70,player_bottom,0.9081984225705994,-2.2267597158205006
game8/Clip5,70,player_top,2.5837947010788573,30.310775817340062
game8/Clip5,71,player_bottom,0.8426095653354647,-2.3173431837026466
game8/Clip5,71,player_top,2.4745564129040694,30.317610824978757
game8/Clip5,72,player_bottom,0.7540711434925489,-2.357899426348498
game8/Clip5,72,player_top,2.3331001572813648,30.420133692718977
game8/Clip5,73,player_bottom,0.6819745352419759,-2.3706472560583918
game8/Clip5,73,player_top,2.247897168555122,30.4122219337877
game8/Clip5,74,player_bottom,0.6195808460224942,-2.3936138694284934
game8/Clip5,74,player_top,2.162726314011295,30.404313158764694
game8/Clip5,75,player_bottom,0.5805039078862777,-2.408071326482821
game8/Clip5,75,player_top,2.0775875754742703,30.396407365962236
game8/Clip5,76,player_bottom,0.5424848915843472,-2.4075080774773445
game8/Clip5,76,player_top,1.9924809347821388,30.38850455369386
game8/Clip5,77,player_bottom,0.49704707508057383,-2.398504047300027
game8/Clip5,77,player_top,1.9074063737866889,30.380604720274356
game8/Clip5,78,player_bottom,0.4308890523492324,-2.4044537731797573
game8/Clip5,78,player_top,1.82236387435338,30.372707864019787
game8/Clip5,79,player_bottom,0.3850785034847536,-2.4033537041467845
game8/Clip5,79,player_top,1.6674576262294356,30.358186718983344
game8/Clip5,80,player_bottom,0.3231176499452358,-2.3964918405151305
game8/Clip5,80,player_top,1.5971440668339278,30.257870358026793
game8/Clip5,81,player_bottom,0.2908100500617674,-2.39277716792438
game8/Clip5,81,player_top,1.4711670759526547,30.20362914871282
game8/Clip5,82,player_bottom,0.23995270193630708,-2.3920307388564934
game8/Clip5,82,player_top,1.3739822864487614,30.12620755272769
game8/Clip5,83,player_bottom,0.20673356525277367,-2.4093215717462857
game8/Clip5,83,player_top,1.31526858500984,30.217462186558752
game8/Clip5,84,player_bottom,0.18332805822558096,-2.44619118896107
game8/Clip5,84,player_top,1.2684633333772541,30.206013289440254
game8/Clip5,85,player_bottom,0.17604702229198985,-2.477645139770085
game8/Clip5,85,player_top,1.2336600691776147,29.934705840438262
game8/Clip5,86,player_bottom,0.17080708918992166,-2.51987924880514
game8/Clip5,86,player_top,1.2005271869530014,29.799166685006305
game8/Clip6,0,player_bottom,2.9346596824323132,-0.9075365455339074
game8/Clip6,0,player_top,7.8379305747080625,23.505315651112745
game8/Clip6,1,player_bottom,2.9346596824323132,-0.9075365455339074
game8/Clip6,1,player_top,7.8379305747080625,23.505315651112745
game8/Clip6,2,player_bottom,2.9457596255978706,-0.8949289493780795
game8/Clip6,2,player_top,7.834771522658898,23.501024948348075
game8/Clip6,3,player_bottom,2.9542570204313794,-0.736875383535699
game8/Clip6,3,player_top,7.8342102483662845,23.496772781110618
game8/Clip6,4,player_bottom,2.997171061389094,-0.6149586532739055
game8/Clip6,4,player_top,7.836064800453005,23.493787858698134
game8/Clip6,5,player_bottom,3.066911429551383,-0.49115818121355864
game8/Clip6,5,player_top,7.836674261222695,23.501019245119952
game8/Clip6,6,player_bottom,3.1236044276941244,-0.41629913736175866
game8/Clip6,6,player_top,7.827276769599047,23.486226072009213
game8/Clip6,7,player_bottom,3.1744830870722947,-0.3149361056337113
game8/Clip6,7,player_top,7.819310777899937,23.487286748763207
game8/Clip6,8,player_bottom,3.2036632928471347,-0.25566627791517976
game8/Clip6,8,player_top,7.812132184603212,23.488853000784538
game8/Clip6,9,player_bottom,3.2121426038239376,-0.24308136083577508
game8/Clip6,9,player_top,7.785884628918771,23.500789687588796
game8/Clip6,10,player_bottom,3.197139903157062,-0.23950515649866905
game8/Clip6,10,player_top,7.754617271223718,23.50425129472446
game8/Clip6,11,player_bottom,3.1818189093675704,-0.24808690513429885
game8/Clip6,11,player_top,7.738204092527545,23.519202076084557
game8/Clip6,12,player_bottom,3.1624320757497144,-0.2532463214593087
game8/Clip6,12,player_top,7.724618559685444,23.541550933606562
game8/Clip6,13,player_bottom,3.146648620749108,-0.2591360669979434
game8/Clip6,13,player_top,7.704701637539314,23.529449628602517
game8/Clip6,14,player_bottom,3.129317792960582,-0.25710124337044843
game8/Clip6,14,player_top,7.658164796523692,23.50777370561401
game8/Clip6,15,player_bottom,3.1290498254531913,-0.25170335647973974
game8/Clip6,15,player_top,7.641835859328931,23.507787984046068
game8/Clip6,16,player_bottom,3.130252162604043,-0.25710877997894077
game8/Clip6,16,player_top,7.675502583858427,23.49880986001679
game8/Clip6,17,player_bottom,3.1243835858452154,-0.254249934060494
game8/Clip6,17,player_top,7.708733437327858,23.507592176776026
game8/Clip6,18,player_bottom,3.139505925531858,-0.24111881687811249
game8/Clip6,18,player_top,7.797615284958577,23.514953426261417
game8/Clip6,19,player_bottom,3.1598588281316817,-0.2444996461158983
game8/Clip6,19,player_top,7.900877355554646,23.434516514877114
game8/Clip6,20,player_bottom,3.1788546012816656,-0.3384139120687883
game8/Clip6,20,player_top,7.982482078004293,23.282083837426242
game8/Clip6,21,player_bottom,3.1892257682411875,-0.556241809251061
game8/Clip6,21,player_top,8.063331183851778,23.221087311941794
game8/Clip6,22,player_bottom,3.1942086525481823,-0.7191783803377491
game8/Clip6,22,player_top,8.123064192362797,23.19074821261364
game8/Clip6,23,player_bottom,3.18932311063331,-0.8634306247529421
game8/Clip6,23,player_top,8.20630477060905,23.17823306019817
game8/Clip6,24,player_bottom,3.19352947092028,-1.0017063371411836
game8/Clip6,24,player_top,8.294376578453255,23.188109848956024
game8/Clip6,25,player_bottom,3.1911582231298112,-1.0842161280946698
game8/Clip6,25,player_top,8.331908663688852,23.213179127861284
game8/Clip6,26,player_bottom,3.189773378006538,-1.148185010034398
game8/Clip6,26,player_top,8.358018306268987,23.243535677019324
game8/Clip6,27,player_bottom,3.180595525758893,-1.1961011825508625
game8/Clip6,27,player_top,8.397504920812763,23.2553721027511
game8/Clip6,28,player_bottom,3.166283256572277,-1.2355665340538085
game8/Clip6,28,player_top,8.484521552300304,23.261330050355415
game8/Clip6,29,player_bottom,3.153615872541624,-1.2571979621388525
game8/Clip6,29,player_top,8.561066734963534,23.23519731053839
game8/Clip6,30,player_bottom,3.1480957949494788,-1.257675781341993
game8/Clip6,30,player_top,8.637494514605821,23.197328991657084
game8/Clip6,31,player_bottom,3.1437258475028074,-1.2730843674999905
game8/Clip6,31,player_top,8.726306467332964,23.30997419210802
game8/Clip6,32,player_bottom,3.093667693622879,-1.3108139156910923
game8/Clip6,32,player_top,8.781212420028794,23.291314714016682
game8/Clip6,33,player_bottom,3.0331980245193972,-1.4023330620489978
game8/Clip6,33,player_top,8.912506600232982,23.325508305818907
game8/Clip6,34,player_bottom,2.964829945616139,-1.5529468981130465
game8/Clip6,34,player_top,9.006116471124306,23.20409604116427
game8/Clip6,35,player_bottom,2.9013377806720957,-1.701383346123772
game8/Clip6,35,player_top,9.071549712088279,23.122388241005915
game8/Clip6,36,player_bottom,2.859843656712005,-1.826244322999326
game8/Clip6,36,player_top,9.109286840727357,23.073252195705773
game8/Clip6,37,player_bottom,2.849650887104248,-1.877124560918198
game8/Clip6,37,player_top,9.181359454127913,23.031144379607237
game8/Clip6,38,player_bottom,2.884392994541624,-1.8819690723043025
game8/Clip6,38,player_top,9.249510242071542,23.04195651003225
game8/Clip6,39,player_bottom,2.886602586198486,-1.899063266084805
game8/Clip6,39,player_top,9.302552363962294,23.054661980647758
game8/Clip6,40,player_bottom,2.8355327595963153,-1.9347476217859991
game8/Clip6,40,player_top,9.330395179242423,23.070357570179635
game8/Clip6,41,player_bottom,2.7066257166994943,-1.948090105965744
game8/Clip6,41,player_top,9.3445926963904,23.08603947538094
game8/Clip6,42,player_bottom,2.5397854224954557,-1.947700579161069
game8/Clip6,42,player_top,9.282748188448544,23.093013642952425
game8/Clip6,43,player_bottom,2.411963149301828,-1.9408301164486663
game8/Clip6,43,player_top,9.243525834114875,23.105318999536188
game8/Clip6,44,player_bottom,2.31893735503051,-1.9227909180591987
game8/Clip6,44,player_top,9.20692667829881,23.122221097472714
game8/Clip6,45,player_bottom,2.1734387813938087,-1.6352832110471236
game8/Clip6,45,player_top,9.160972862618932,23.256171610471576
game8/Clip6,46,player_bottom,1.9917571661042555,-1.6362456726661974
game8/Clip6,46,player_top,9.067590707974361,23.39182571192357
game8/Clip6,47,player_bottom,1.8524638479208781,-1.6689817827297202
game8/Clip6,47,player_top,8.94045263642496,23.341709946635646
game8/Clip6,48,player_bottom,1.6974840791509707,-1.6862343962422017
game8/Clip6,48,player_top,8.837349933590287,23.32496463219638
game8/Clip6,49,player_bottom,1.5708874199051497,-1.6927203242603062
game8/Clip6,49,player_top,8.76544212849672,23.809186211730328
game8/Clip6,50,player_bottom,1.4532941939771755,-1.6689433348396066
game8/Clip6,50,player_top,8.635642432932569,23.8266093479268
game8/Clip6,51,player_bottom,1.3033554562224539,-1.5602475321917604
game8/Clip6,51,player_top,8.495545391418174,23.558491850715743
game8/Clip6,52,player_bottom,1.167193582008948,-1.5865519023751549
game8/Clip6,52,player_top,8.407175343401468,23.47325425360376
game8/Clip6,53,player_bottom,0.959742441207848,-1.7753319178891263
game8/Clip6,53,player_top,8.325155268713628,23.4337986931241
game8/Clip6,54,player_bottom,0.8330342878665489,-1.851180995536088
game8/Clip6,54,player_top,8.174186839205039,23.392995492471137
game8/Clip6,55,player_bottom,0.6912390908363216,-1.868260385959139
game8/Clip6,55,player_top,8.049208578800688,23.32303847785114
game8/Clip6,56,player_bottom,0.4479162776158576,-1.874876384074525
game8/Clip6,56,player_top,7.938921467863872,23.241024232500834
game8/Clip6,57,player_bottom,0.311453776570206,-1.8776374932774171
game8/Clip6,57,player_top,7.849736933805246,23.192318655729395
game8/Clip6,58,player_bottom,0.17810064011342064,-1.8593818190063938
game8/Clip6,58,player_top,7.751794359964194,23.184080540392177
game8/Clip6,59,player_bottom,0.07832761708922414,-1.8645530243974053
game8/Clip6,59,player_top,7.642813025909806,23.189501981058164
game8/Clip6,60,player_bottom,-0.09687712982808248,-1.8229728289423126
game8/Clip6,60,player_top,7.476175561617623,23.18950583294578
game8/Clip6,61,player_bottom,-0.23654954255892932,-1.8032090248034962
game8/Clip6,61,player_top,7.347164995884198,23.12494670873494
game8/Clip6,62,player_bottom,-0.35289910434578703,-1.782655593465426
game8/Clip6,62,player_top,7.241173909397103,23.016949293532722
game8/Clip6,63,player_bottom,-0.4287110942420683,-1.7705276885569443
game8/Clip6,63,player_top,7.13866581642026,23.040265253348668
game8/Clip6,64,player_bottom,-0.47780153343546067,-1.772987952660121
game8/Clip6,64,player_top,7.034466135680071,23.04293466927232
game8/Clip6,65,player_bottom,-0.5363871411267519,-1.7699505957995372
game8/Clip6,65,player_top,6.916425035213034,23.040540827180152
game8/Clip6,66,player_bottom,-0.597115212249346,-1.7557570664854694
game8/Clip6,66,player_top,6.774507967262191,22.700975187680378
game8/Clip6,67,player_bottom,-0.6668493557834225,-1.7475894583666822
game8/Clip6,67,player_top,6.670409569080343,22.549021783976837
game8/Clip6,68,player_bottom,-0.739359590508313,-1.7422984719896772
game8/Clip6,68,player_top,6.595056588526281,22.46437139058605
game8/Clip6,69,player_bottom,-0.7866541270006394,-1.7444209912609778
game8/Clip6,69,player_top,6.518225587609416,22.419259760196127
game8/Clip6,70,player_bottom,-0.8300950281070308,-1.716561242966932
game8/Clip6,70,player_top,6.430679946019973,22.344011936393365
game8/Clip6,71,player_bottom,-0.888980488766903,-1.7011175657042117
game8/Clip6,71,player_top,6.35625795320624,22.338912224088357
game8/Clip6,72,player_bottom,-0.9548500914767181,-1.687576657851612
game8/Clip6,72,player_top,6.260337850367683,22.33549913371689
game8/Clip6,73,player_bottom,-1.0341387807035416,-1.7007500067006358
game8/Clip6,73,player_top,6.169530823369698,22.342499205575926
game8/Clip6,74,player_bottom,-1.1190669013882268,-1.7325675711960042
game8/Clip6,74,player_top,6.090094267038668,22.33049048194264
game8/Clip6,75,player_bottom,-1.1998374186442227,-1.739820089911231
game8/Clip6,75,player_top,6.0531130834606595,22.328579769996715
game8/Clip6,76,player_bottom,-1.2843525025835563,-1.744221328927376
game8/Clip6,76,player_top,6.020280655421304,22.333920539378262
game8/Clip6,77,player_bottom,-1.3346798290034287,-1.7370044909938427
game8/Clip6,77,player_top,5.989069773484564,22.32143983097564
game8/Clip6,78,player_bottom,-1.3597491831324642,-1.7349752939819292
game8/Clip6,78,player_top,5.957137462864702,22.34874000325947
game8/Clip6,79,player_bottom,-1.36738621944229,-1.7459851411756881
game8/Clip6,79,player_top,5.906994466315833,22.36698485851913
game8/Clip6,80,player_bottom,-1.3669656717786907,-1.7518079445379495
game8/Clip6,80,player_top,5.841609256536833,22.368782007538606
game8/Clip6,81,player_bottom,-1.3918766611353404,-1.750308768096478
game8/Clip6,81,player_top,5.785176130587058,22.42342191437982
game8/Clip6,82,player_bottom,-1.405932987393147,-1.7512844399017506
game8/Clip6,82,player_top,5.729236719411533,22.412233354337445
game8/Clip6,83,player_bottom,-1.443458754473094,-1.7488130496580376
game8/Clip6,83,player_top,5.683450456153565,22.426139495284975
game8/Clip6,84,player_bottom,-1.486717936999685,-1.7547942487565973
game8/Clip6,84,player_top,5.603019695873516,22.440113750703723
game8/Clip6,85,player_bottom,-1.5355529511784944,-1.7636536838039734
game8/Clip6,85,player_top,5.539014164261002,22.446026749028007
game8/Clip6,86,player_bottom,-1.5355529511784944,-1.7636536838039734
game8/Clip6,86,player_top,5.488995284093194,22.479492584715153
game8/Clip6,87,player_bottom,-1.5355529511784944,-1.7636536838039734
game8/Clip6,87,player_top,5.470914051143062,22.47384094020483
game8/Clip6,88,player_bottom,-1.5355529511784944,-1.7636536838039734
game8/Clip6,88,player_top,5.441356665336871,22.455129191252798
game8/Clip6,89,player_bottom,-1.5355529511784944,-1.7636536838039734
game8/Clip6,89,player_top,5.425445544671564,22.428098960170754
game8/Clip6,90,player_bottom,-1.5355529511784944,-1.7636536838039734
game8/Clip6,90,player_top,5.4043214775671515,22.440795092071454
game8/Clip6,91,player_bottom,-1.5355529511784944,-1.7636536838039734
game8/Clip6,91,player_top,5.3786101569479525,22.48884434303916
game8/Clip6,92,player_bottom,-1.5355529511784944,-1.7636536838039734
game8/Clip6,92,player_top,5.3362341480910205,22.476782648872014
game8/Clip6,93,player_bottom,-1.5355529511784944,-1.7636536838039734
game8/Clip6,93,player_top,5.2923906510481995,22.485972731145274
game8/Clip6,94,player_bottom,-1.5355529511784944,-1.7636536838039734
game8/Clip6,94,player_top,5.255409478482026,22.503197208021927
game8/Clip6,95,player_bottom,-1.5355529511784944,-1.7636536838039734
game8/Clip6,95,player_top,5.215561483571316,22.53192363459273
game8/Clip6,96,player_bottom,-1.5355529511784944,-1.7636536838039734
game8/Clip6,96,player_top,5.187655132521897,22.553908514901334
game8/Clip6,97,player_bottom,-1.5355529511784944,-1.7636536838039734
game8/Clip6,97,player_top,5.158554394518544,22.557571613423278
game8/Clip6,98,player_bottom,-1.5355529511784944,-1.7636536838039734
game8/Clip6,98,player_top,5.136242791245374,22.586398718642666
game8/Clip6,99,player_bottom,-1.5355529511784944,-1.7636536838039734
game8/Clip6,99,player_top,5.091603026021389,22.58291335762384
game8/Clip6,100,player_bottom,-1.5355529511784944,-1.7636536838039734
game8/Clip6,100,player_top,5.063199503725466,22.597576317147475
game8/Clip6,101,player_bottom,-1.5355529511784944,-1.7636536838039734
game8/Clip6,101,player_top,5.025928315770803,22.59313376020721
game8/Clip6,102,player_bottom,-1.5355529511784944,-1.7636536838039734
game8/Clip6,102,player_top,5.006343029632499,22.576761036469964
game8/Clip6,103,player_bottom,-1.5355529511784944,-1.7636536838039734
game8/Clip6,103,player_top,4.989867790653832,22.624276695265067
game8/Clip6,104,player_bottom,-1.5355529511784944,-1.7636536838039734
game8/Clip6,104,player_top,4.973579875397603,22.670842098172074
game8/Clip6,105,player_bottom,-1.5355529511784944,-1.7636536838039734
game8/Clip6,105,player_top,4.95394413607074,22.78876824294613
game8/Clip6,106,player_bottom,-1.5355529511784944,-1.7636536838039734
game8/Clip6,106,player_top,4.926749109545684,22.908582385213084
game8/Clip6,107,player_bottom,-1.5355529511784944,-1.7636536838039734
game8/Clip6,107,player_top,4.900587577889359,23.13208090830109
game8/Clip6,108,player_bottom,-1.5355529511784944,-1.7636536838039734
game8/Clip6,108,player_top,4.873706808946848,23.216299845160385
game8/Clip6,109,player_bottom,-1.5355529511784944,-1.7636536838039734
game8/Clip6,109,player_top,4.844844068469221,23.223721110131592
game8/Clip6,110,player_bottom,-1.5355529511784944,-1.7636536838039734
game8/Clip6,110,player_top,4.823375027408897,23.235464084433875
game8/Clip6,111,player_bottom,-1.5355529511784944,-1.7636536838039734
game8/Clip6,111,player_top,4.802838149065911,23.253046597502163
game8/Clip6,112,player_bottom,-1.5355529511784944,-1.7636536838039734
game8/Clip6,112,player_top,4.77696145256192,23.302571697270047
game8/Clip6,113,player_bottom,-1.5355529511784944,-1.7636536838039734
game8/Clip6,113,player_top,4.737693520680222,23.351966316037462
game8/Clip6,114,player_bottom,-1.5355529511784944,-1.7636536838039734
game8/Clip6,114,player_top,4.706088143464636,23.39713060408172
game8/Clip6,115,player_bottom,-1.5355529511784944,-1.7636536838039734
game8/Clip6,115,player_top,4.681737841399793,23.391342582187384
game8/Clip6,116,player_bottom,-1.5355529511784944,-1.7636536838039734
game8/Clip6,116,player_top,4.668810709633182,23.437473365196478
game8/Clip6,117,player_bottom,-1.5355529511784944,-1.7636536838039734
game8/Clip6,117,player_top,4.650575127563612,23.416353778197713
game8/Clip6,118,player_bottom,-1.5355529511784944,-1.7636536838039734
game8/Clip6,118,player_top,4.6461603493516295,23.423675998893657
game8/Clip6,119,player_bottom,-1.5355529511784944,-1.7636536838039734
game8/Clip6,119,player_top,4.635163860552754,23.452517132477706
game8/Clip6,120,player_bottom,-1.5355529511784944,-1.7636536838039734
game8/Clip6,120,player_top,4.62341094825397,23.525636495347573
game8/Clip6,121,player_bottom,-1.5355529511784944,-1.7636536838039734
game8/Clip6,121,player_top,4.611123867143083,23.68954904932495
game8/Clip6,122,player_bottom,-1.5355529511784944,-1.7636536838039734
game8/Clip6,122,player_top,4.597956741909046,23.825454942881944
game8/Clip6,123,player_bottom,-1.5355529511784944,-1.7636536838039734
game8/Clip6,123,player_top,4.581864442399595,23.918899513189178
game8/Clip6,124,player_bottom,-1.5355529511784944,-1.7636536838039734
game8/Clip6,124,player_top,4.572556700674179,23.975311630156366
game8/Clip6,125,player_bottom,-1.5355529511784944,-1.7636536838039734
game8/Clip6,125,player_top,4.566158110059391,24.037240451636876
game8/Clip6,126,player_bottom,-1.5355529511784944,-1.7636536838039734
game8/Clip6,126,player_top,4.558108637393417,24.037435878294776
game8/Clip6,127,player_bottom,-1.5355529511784944,-1.7636536838039734
game8/Clip6,127,player_top,4.549850577290452,24.081310267228158
game8/Clip6,128,player_bottom,-1.5355529511784944,-1.7636536838039734
game8/Clip6,128,player_top,4.541565490772577,24.12664519248006
game8/Clip6,129,player_bottom,-1.5355529511784944,-1.7636536838039734
game8/Clip6,129,player_top,4.5372489872546415,24.148356958575633
game8/Clip6,130,player_bottom,-1.5355529511784944,-1.7636536838039734
game8/Clip6,130,player_top,4.536891012733243,24.197244077620418
game8/Clip7,0,player_bottom,3.063080421151883,-1.0577091355333013
game8/Clip7,0,player_top,7.828306911421836,24.570880196838115
game8/Clip7,1,player_bottom,3.063080421151883,-1.0577091355333013
game8/Clip7,1,player_top,7.828306911421836,24.570880196838115
game8/Clip7,2,player_bottom,3.0454677732368673,-1.0546139330173452
game8/Clip7,2,player_top,7.827626118822943,24.575281407275625
game8/Clip7,3,player_bottom,3.0809739394856472,-1.069293549591588
game8/Clip7,3,player_top,7.827538321547151,24.572602135931703
game8/Clip7,4,player_bottom,3.096953063072672,-1.0661572865638411
game8/Clip7,4,player_top,7.827398195783566,24.573682041340028
game8/Clip7,5,player_bottom,3.108373986031312,-0.8776401264281596
game8/Clip7,5,player_top,7.827995081630941,24.56836268106467
game8/Clip7,6,player_bottom,3.125356672289255,-0.7485043486977981
game8/Clip7,6,player_top,7.82768011201072,24.55605852665623
game8/Clip7,7,player_bottom,3.1738746763761316,-0.6092338706950782
game8/Clip7,7,player_top,7.825477247809542,24.55787659413481
game8/Clip7,8,player_bottom,3.2339685748358034,-0.5993694799939495
game8/Clip7,8,player_top,7.818927131668938,24.551923891454724
game8/Clip7,9,player_bottom,3.2626293766555152,-0.5737826001086258
game8/Clip7,9,player_top,7.809133184453279,24.554518273966046
game8/Clip7,10,player_bottom,3.2780616576241117,-0.5578143675675349
game8/Clip7,10,player_top,7.756613521078012,24.572777040573513
game8/Clip7,11,player_bottom,3.263337198392257,-0.4681531536210029
game8/Clip7,11,player_top,7.691309447648866,24.601574365448535
game8/Clip7,12,player_bottom,3.240204823834892,-0.4568645239390239
game8/Clip7,12,player_top,7.638970799918633,24.48863365404888
game8/Clip7,13,player_bottom,3.229196151110221,-0.4579106835957403
game8/Clip7,13,player_top,7.612065562400993,24.458352359537646
game8/Clip7,14,player_bottom,3.225551047778059,-0.4584321357532215
game8/Clip7,14,player_top,7.6049068125511585,24.422297965785877
game8/Clip7,15,player_bottom,3.19855195647971,-0.45487003056008574
game8/Clip7,15,player_top,7.604732786564664,24.414792685201217
game8/Clip7,16,player_bottom,3.189925291829435,-0.4595060814071711
game8/Clip7,16,player_top,7.58015021716054,24.40147760502053
game8/Clip7,17,player_bottom,3.187759956589156,-0.46686148415024337
game8/Clip7,17,player_top,7.552711905953803,24.38952013393223
game8/Clip7,18,player_bottom,3.1913863806951355,-0.4731472352718372
game8/Clip7,18,player_top,7.451217599853435,24.392985234993432
game8/Clip7,19,player_bottom,3.2005361352210606,-0.47489940004505155
game8/Clip7,19,player_top,7.352548600462199,24.464270346467657
game8/Clip7,20,player_bottom,3.2144818958055326,-0.4563400343204334
game8/Clip7,20,player_top,7.268509235534193,24.511660877447127
game8/Clip7,21,player_bottom,3.2506880064657944,-0.46897082149144836
game8/Clip7,21,player_top,7.18872746363662,24.579819495140608
game8/Clip7,22,player_bottom,3.3081478702658664,-0.5282538201231678
game8/Clip7,22,player_top,7.118000573358744,24.5947545086511
game8/Clip7,23,player_bottom,3.3555065740313994,-0.5842557680191008
game8/Clip7,23,player_top,7.0528266488864695,24.686034489813053
game8/Clip7,24,player_bottom,3.376076724178808,-0.6445606521738595
game8/Clip7,24,player_top,6.889657826789686,24.509485672091714
game8/Clip7,25,player_bottom,3.393970105469567,-0.7462956989695382
game8/Clip7,25,player_top,6.757476042071971,24.3535524974764
game8/Clip7,26,player_bottom,3.406856504602184,-0.7873449799181882
game8/Clip7,26,player_top,6.625788329111901,24.38777962657572
game8/Clip7,27,player_bottom,3.4347753717465714,-0.8168989551187743
game8/Clip7,27,player_top,6.486312220969356,24.517100845811697
game8/Clip7,28,player_bottom,3.44642044525247,-0.8269410033679828
game8/Clip7,28,player_top,6.3594173479235465,24.608000711309938
game8/Clip7,29,player_bottom,3.458302590769542,-0.8337048439866158
game8/Clip7,29,player_top,6.287583569537008,24.84868383188963
game8/Clip7,30,player_bottom,3.4624165125122897,-0.850919383471584
game8/Clip7,30,player_top,6.209769491501182,24.605356832215847
game8/Clip7,31,player_bottom,3.4619237916059697,-0.9173694210385905
game8/Clip7,31,player_top,6.07514516238803,24.167774228510574
game8/Clip7,32,player_bottom,3.4631117759420413,-1.0070025705728554
game8/Clip7,32,player_top,5.760336275505275,23.792612910341
game8/Clip7,33,player_bottom,3.4763098719135055,-1.1221592287884377
game8/Clip7,33,player_top,5.613258740792466,23.638819194662418
game8/Clip7,34,player_bottom,3.4730807091342206,-1.2703076675072253
game8/Clip7,34,player_top,5.5281024630950135,23.608636135593265
game8/Clip7,35,player_bottom,3.481455631511665,-1.4059345498354465
game8/Clip7,35,player_top,5.464722013791396,23.581193127029103
game8/Clip7,36,player_bottom,3.4803266781535998,-1.6376564543277659
game8/Clip7,36,player_top,5.35879017122083,23.449734860533486
game8/Clip7,37,player_bottom,3.477640939668741,-1.778635126712854
game8/Clip7,37,player_top,5.167949723143577,23.524186921740316
game8/Clip7,38,player_bottom,3.48617086332574,-1.847872986551472
game8/Clip7,38,player_top,5.031579633485106,23.570364506978958
game8/Clip7,39,player_bottom,3.513198175026785,-1.8726999938903839
game8/Clip7,39,player_top,4.970988756524852,23.597920719178614
game8/Clip7,40,player_bottom,3.6078292504911715,-1.8743547295188812
game8/Clip7,40,player_top,4.9423883497609005,23.676976124898896
game8/Clip7,41,player_bottom,3.770454279513475,-1.8722155027674103
game8/Clip7,41,player_top,4.897397427695299,23.817774573375377
game8/Clip7,42,player_bottom,3.948265518689554,-1.8588736078112293
game8/Clip7,42,player_top,4.840927320274224,24.032271783271128
game8/Clip7,43,player_bottom,4.075852978398365,-1.751504195218332
game8/Clip7,43,player_top,4.779810472607018,24.18483352338118
game8/Clip7,44,player_bottom,4.164834375290284,-1.5563546459739148
game8/Clip7,44,player_top,4.725207900468166,24.317084442975908
game8/Clip7,45,player_bottom,4.252250268962707,-1.5629279622990728
game8/Clip7,45,player_top,4.622205266173982,24.372185385998687
game8/Clip7,46,player_bottom,4.302198128778586,-1.4527683073127964
game8/Clip7,46,player_top,4.570069166608197,24.3766347685463
game8/Clip7,47,player_bottom,4.399358183686177,-1.6262138117116312
game8/Clip7,47,player_top,4.549268674152704,24.36856003772218
game8/Clip7,48,player_bottom,4.479088604222589,-1.7710345703344357
game8/Clip7,48,player_top,4.5275123323947195,24.352893563758894
game8/Clip7,49,player_bottom,4.526688563566799,-1.853644825346916
game8/Clip7,49,player_top,4.485129337757425,24.359485787608854
game8/Clip7,50,player_bottom,4.568712872738188,-1.8896544929015762
game8/Clip7,50,player_top,4.437940478814288,24.360758620674666
game8/Clip7,51,player_bottom,4.572503990406542,-1.9010538954577085
game8/Clip7,51,player_top,4.400439821071373,24.37826988296303
game8/Clip7,52,player_bottom,4.577670659141373,-1.9007848933628588
game8/Clip7,52,player_top,4.360048297654301,24.377264709544626
game8/Clip7,53,player_bottom,4.600076977614759,-1.9005386572673995
game8/Clip7,53,player_top,4.332801350571403,24.343791241554168
game8/Clip7,54,player_bottom,4.621346152341452,-1.9070358447434457
game8/Clip7,54,player_top,4.323949810732017,24.32920116776267
game8/Clip7,55,player_bottom,4.628538507412793,-1.9147150177578554
game8/Clip7,55,player_top,4.324311354251599,24.333789542348036
game8/Clip7,56,player_bottom,4.622986984268207,-1.908390685477862
game8/Clip7,56,player_top,4.322561022092077,24.35567128288789
game8/Clip7,57,player_bottom,4.596970182103076,-1.9108257335462215
game8/Clip7,57,player_top,4.308333663061468,24.393400017247217
game8/Clip7,58,player_bottom,4.592501308777946,-1.9072994787273145
game8/Clip7,58,player_top,4.300205144573139,24.54008583319654
game8/Clip7,59,player_bottom,4.601529743999825,-1.8800281773813867
game8/Clip7,59,player_top,4.287455969765205,24.592944429737482
game8/Clip7,60,player_bottom,4.590570642558425,-1.8728154565031527
game8/Clip7,60,player_top,4.270481551337401,24.621222878627847
game8/Clip7,61,player_bottom,4.593564110906658,-1.8340525923822024
game8/Clip7,61,player_top,4.26526286719131,24.641237509122643
game8/Clip7,62,player_bottom,4.591339035500221,-1.8268540854052315
game8/Clip7,62,player_top,4.253278713081463,24.643058358926428
game8/Clip7,63,player_bottom,4.5888929014975215,-1.9018500116972312
game8/Clip7,63,player_top,4.253604817339095,24.652063721083117
game8/Clip7,64,player_bottom,4.58223247363741,-1.9662707257018615
game8/Clip7,64,player_top,4.282454043985709,24.64838868788686
game8/Clip7,65,player_bottom,4.576633484591934,-2.1751600993733318
game8/Clip7,65,player_top,4.285077451772585,24.66792496693449
game8/Clip7,66,player_bottom,4.57540589573502,-2.300514900130798
game8/Clip7,66,player_top,4.239131708930429,24.782148566580076
game8/Clip7,67,player_bottom,4.578669432614305,-2.393192199996847
game8/Clip7,67,player_top,3.9616247818801003,25.086211905378516
game8/Clip7,68,player_bottom,4.57980663972032,-2.455876217407562
game8/Clip7,68,player_top,3.848216072482829,25.22375601676074
game8/Clip7,69,player_bottom,4.568449168132457,-2.4757675618890684
game8/Clip7,69,player_top,3.771089853821782,25.268552192052233
game8/Clip7,70,player_bottom,4.539217784220923,-2.4843197876210197
game8/Clip7,70,player_top,3.70720808877182,25.20182016407937
game8/Clip7,71,player_bottom,4.503905634183198,-2.4669490401617318
game8/Clip7,71,player_top,3.6000385837215565,25.178572733108375
game8/Clip7,72,player_bottom,4.450143651413695,-2.447543411556874
game8/Clip7,72,player_top,3.5692739728408367,25.190976652901533
game8/Clip7,73,player_bottom,4.40429324881093,-2.417934235306941
game8/Clip7,73,player_top,3.4557014922553515,25.01153415513666
game8/Clip7,74,player_bottom,4.349433515068863,-2.4127097220431
game8/Clip7,74,player_top,3.3218614494142877,24.776405044428092
game8/Clip7,75,player_bottom,4.286222522932609,-2.3929927804961246
game8/Clip7,75,player_top,3.0897105076561586,24.66042865270483
game8/Clip7,76,player_bottom,4.2214198831954794,-2.398873343850705
game8/Clip7,76,player_top,2.9508428329988043,24.593478923955324
game8/Clip7,77,player_bottom,4.177256301940213,-2.436613455469139
game8/Clip7,77,player_top,2.773691226405984,24.60569354493241
game8/Clip7,78,player_bottom,4.157718687516075,-2.495379120374666
game8/Clip7,78,player_top,2.6521270002210797,24.679293760440856
game8/Clip7,79,player_bottom,4.1501722017908556,-2.532455240490063
game8/Clip7,79,player_top,2.549542178083156,24.670466680121578
game8/Clip7,80,player_bottom,4.154123112709706,-2.541143305710958
game8/Clip7,80,player_top,2.411859940234631,24.571236509512044
game8/Clip7,81,player_bottom,4.159783334885072,-2.529930308167311
game8/Clip7,81,player_top,2.340332657320388,24.427107081221706
game8/Clip7,82,player_bottom,4.1787941846384955,-2.5165129205170906
game8/Clip7,82,player_top,2.316490724950111,24.282341767880027
game8/Clip7,83,player_bottom,4.238847215030348,-2.5590630199845448
game8/Clip7,83,player_top,2.2709460383542024,24.001083077703647
game8/Clip7,84,player_bottom,4.316761137835183,-2.6137703706091244
game8/Clip7,84,player_top,2.210739086107186,24.04533036967736
game8/Clip7,85,player_bottom,4.368190330604382,-2.691682534851782
game8/Clip7,85,player_top,2.105431533998537,23.589369524098352
game8/Clip7,86,player_bottom,4.39276111908694,-2.7391038801546004
game8/Clip7,86,player_top,1.9967079488340438,23.37297250571578
game8/Clip7,87,player_bottom,4.402722407356192,-2.7483775507042103
game8/Clip7,87,player_top,1.9315498073975859,23.307874441131258
game8/Clip7,88,player_bottom,4.403380294766002,-2.7287665348046084
game8/Clip7,88,player_top,1.8573135385772,23.19359538594563
game8/Clip7,89,player_bottom,4.409882495417947,-2.6713912947368
game8/Clip7,89,player_top,1.7866396150992436,23.098847987707423
game8/Clip7,90,player_bottom,4.424296580513904,-2.6053655756762835
game8/Clip7,90,player_top,1.726028118726251,22.972984430588195
game8/Clip7,91,player_bottom,4.467041615299545,-2.4523773439763175
game8/Clip7,91,player_top,1.6837113169113214,22.93310677301885
game8/Clip7,92,player_bottom,4.5051807832018955,-2.377411405542248
game8/Clip7,92,player_top,1.6119596791060635,22.911422018732715
game8/Clip7,93,player_bottom,4.540100530581944,-2.331918055877896
game8/Clip7,93,player_top,1.5811257462352277,22.95257177691668
game8/Clip7,94,player_bottom,4.592728503368379,-2.3360694017141914
game8/Clip7,94,player_top,1.5442934362734877,22.941456098579472
game8/Clip7,95,player_bottom,4.642912283980007,-2.3670176602554434
game8/Clip7,95,player_top,1.5115103848381402,22.90698806055524
game8/Clip7,96,player_bottom,4.686613986411179,-2.4012251070432096
game8/Clip7,96,player_top,1.4963476085040108,22.958285176603894
game8/Clip7,97,player_bottom,4.715284709337427,-2.4604421986467573
game8/Clip7,97,player_top,1.4857995712650476,23.024251493135864
game8/Clip7,98,player_bottom,4.745737935947915,-2.4908144678621813
game8/Clip7,98,player_top,1.5083661189391697,22.965681583503688
game8/Clip7,99,player_bottom,4.758010102185311,-2.5031904015316178
game8/Clip7,99,player_top,1.5245849233126492,22.926063425236702
game8/Clip7,100,player_bottom,4.757467389845596,-2.4917497792340257
game8/Clip7,100,player_top,1.522481277974915,22.911950712770487
game8/Clip7,101,player_bottom,4.766343068879123,-2.4899855808101012
game8/Clip7,101,player_top,1.5454290990108968,22.783914861046984
game8/Clip7,102,player_bottom,4.827726727816374,-2.486297649079885
game8/Clip7,102,player_top,1.5611480301190108,22.787673939696727
game8/Clip7,103,player_bottom,4.9605392640570285,-2.470164580133191
game8/Clip7,103,player_top,1.612896969254586,22.647057295381675
game8/Clip7,104,player_bottom,5.117335742610206,-2.46272318583769
game8/Clip7,104,player_top,1.654908220105064,22.691162975861026
game8/Clip7,105,player_bottom,5.317458964693063,-2.4647516135078913
game8/Clip7,105,player_top,1.701402630722324,22.95534693619221
game8/Clip7,106,player_bottom,5.466070485949569,-2.46767696408581
game8/Clip7,106,player_top,1.7299015434077871,22.91024197090381
game8/Clip7,107,player_bottom,5.567471187896005,-2.4592626432035978
game8/Clip7,107,player_top,1.7539772333142092,22.817548227318696
game8/Clip7,108,player_bottom,5.673265766257364,-2.4655717863627706
game8/Clip7,108,player_top,1.8007661174764331,22.743144241077168
game8/Clip7,109,player_bottom,5.790590461141277,-2.4635022117431604
game8/Clip7,109,player_top,1.8647424473556005,22.756460546404004
game8/Clip7,110,player_bottom,5.913845667117679,-2.4018552160520605
game8/Clip7,110,player_top,1.935992217213735,22.735520797293805
game8/Clip7,111,player_bottom,6.046272340641268,-2.3615399870648495
game8/Clip7,111,player_top,2.0100192778045316,22.60935414724359
game8/Clip7,112,player_bottom,6.23130055375126,-2.2832350247925493
game8/Clip7,112,player_top,2.0622764320283284,22.55217189059653
game8/Clip7,113,player_bottom,6.402659610253771,-2.248390285881084
game8/Clip7,113,player_top,2.1257873487252517,22.529919146232146
game8/Clip7,114,player_bottom,6.600279897923763,-2.243114379551674
game8/Clip7,114,player_top,2.208145857845905,22.516243164801608
game8/Clip7,115,player_bottom,6.794014347759692,-2.250438765509621
game8/Clip7,115,player_top,2.293191896759813,22.49460464308676
game8/Clip7,116,player_bottom,6.926530141476074,-2.232884725259786
game8/Clip7,116,player_top,2.35148863487618,22.49036732185481
game8/Clip7,117,player_bottom,7.037079646927916,-2.192367228614581
game8/Clip7,117,player_top,2.3920254855348726,22.53118542279327
game8/Clip7,118,player_bottom,7.148089758448241,-2.1557699694771664
game8/Clip7,118,player_top,2.42309724967815,22.627542105492022
game8/Clip7,119,player_bottom,7.279286241846245,-2.0660768118850714
game8/Clip7,119,player_top,2.479569670711771,22.78508098124666
game8/Clip7,120,player_bottom,7.386897332165662,-2.0181115744703115
game8/Clip7,120,player_top,2.5316689174794647,22.981484677902447
game8/Clip7,121,player_bottom,7.488200164697815,-2.066644073159839
game8/Clip7,121,player_top,2.567908292028814,23.18073582979025
game8/Clip7,122,player_bottom,7.5903448214020015,-2.044086222899671
game8/Clip7,122,player_top,2.6033925747016604,23.278702147527397
game8/Clip7,123,player_bottom,7.661848666665,-2.026661449645178
game8/Clip7,123,player_top,2.6308273890824276,23.35146141207452
game8/Clip7,124,player_bottom,7.725215439431176,-1.9925515961445848
game8/Clip7,124,player_top,2.644378872621543,23.359850909995334
game8/Clip7,125,player_bottom,7.762487360059182,-1.9652622660438837
game8/Clip7,125,player_top,2.651842768674103,23.35936780130158
game8/Clip7,126,player_bottom,7.829289608360617,-1.9628228258370888
game8/Clip7,126,player_top,2.6666264046158803,23.354636839790622
game8/Clip7,127,player_bottom,7.9193702722884955,-1.9308307684961479
game8/Clip7,127,player_top,2.6754523982640306,23.411685217228484
game8/Clip7,128,player_bottom,7.933875444648788,-1.8927595013624752
game8/Clip7,128,player_top,2.6708016308254425,23.58588120825123
game8/Clip7,129,player_bottom,7.976924597706112,-1.8902557137611138
game8/Clip7,129,player_top,2.646407690240446,23.703953409169372
game8/Clip7,130,player_bottom,8.05944016137807,-1.8570243643959479
game8/Clip7,130,player_top,2.6538291965610945,23.92057086908069
game8/Clip7,131,player_bottom,8.182369020356877,-1.7625220968870308
game8/Clip7,131,player_top,2.634270745007343,24.08610871538832
game8/Clip7,132,player_bottom,8.309555559770166,-1.76701664308789
game8/Clip7,132,player_top,2.6223407698382357,24.182689176518885
game8/Clip7,133,player_bottom,8.42460752792007,-1.8458902111461744
game8/Clip7,133,player_top,2.61495089706763,24.273602803085367
game8/Clip7,134,player_bottom,8.510394241860121,-2.0581152887019547
game8/Clip7,134,player_top,2.609579062427486,24.315182269308387
game8/Clip7,135,player_bottom,8.610628225925005,-2.1881247312723717
game8/Clip7,135,player_top,2.605963320206438,24.317873135317846
game8/Clip7,136,player_bottom,8.68395222197832,-2.231131793364224
game8/Clip7,136,player_top,2.601849739285303,24.325256892350044
game8/Clip7,137,player_bottom,8.707712698098456,-2.264381765086803
game8/Clip7,137,player_top,2.598906125342834,24.338668059196696
game8/Clip7,138,player_bottom,8.705399557957437,-2.2852288630146136
game8/Clip7,138,player_top,2.5904326186883537,24.330281831836878
game8/Clip7,139,player_bottom,8.70851604334964,-2.2951186623044766
game8/Clip7,139,player_top,2.5587427795823054,24.355969086233067
game8/Clip7,140,player_bottom,8.691808111914742,-2.2843191784466224
game8/Clip7,140,player_top,2.4918918165472705,24.369562418837702
game8/Clip7,141,player_bottom,8.661379229791022,-2.2730880379842526
game8/Clip7,141,player_top,2.38717799288563,24.403125020450236
game8/Clip7,142,player_bottom,8.534752392397143,-2.288384866474529
game8/Clip7,142,player_top,2.3084138601981503,24.484321321953104
game8/Clip7,143,player_bottom,8.480448911918357,-2.3425678729157764
game8/Clip7,143,player_top,2.231205166514982,24.475992449059888
game8/Clip7,144,player_bottom,8.450065884412451,-2.3602935628884114
game8/Clip7,144,player_top,2.188581673004117,24.454355364348707
game8/Clip7,145,player_bottom,8.417445784822585,-2.3723952553056664
game8/Clip7,145,player_top,2.1197947108328896,24.446756801958223
game8/Clip7,146,player_bottom,8.374432714524158,-2.376031518361517
game8/Clip7,146,player_top,2.050011802017155,24.428437160704323
game8/Clip7,147,player_bottom,8.313701280466997,-2.3663481317016006
game8/Clip7,147,player_top,1.990828684095211,24.41318709563537
game8/Clip7,148,player_bottom,8.239615998673537,-2.2935125485153893
game8/Clip7,148,player_top,1.9581025561912353,24.39613346377165
game8/Clip7,149,player_bottom,8.137319958649712,-2.3234815378769693
game8/Clip7,149,player_top,1.9679311851727315,24.388920872058147
game8/Clip7,150,player_bottom,7.897158408482768,-2.3332005878122537
game8/Clip7,150,player_top,1.952855062905155,24.395283193576578
game8/Clip7,151,player_bottom,7.745619467635578,-2.344476061866019
game8/Clip7,151,player_top,1.8936449972455311,24.398366921630576
game8/Clip7,152,player_bottom,7.6496453010634005,-2.343185673124017
game8/Clip7,152,player_top,1.844886072398714,24.415665366055848
game8/Clip7,153,player_bottom,7.5404175630579084,-2.5387523049419167
game8/Clip7,153,player_top,1.8346285673388536,24.413624388356336
game8/Clip7,154,player_bottom,7.421916557489287,-2.627637287709641
game8/Clip7,154,player_top,1.852560909540267,24.42168079933287
game8/Clip7,155,player_bottom,7.344884698485,-2.7010339930624547
game8/Clip7,155,player_top,1.8382678984009955,24.47031157049322
game8/Clip7,156,player_bottom,7.2669903686350885,-2.7499160405146763
game8/Clip7,156,player_top,1.8113468611741288,24.48357486738377
game8/Clip7,157,player_bottom,7.130094518539201,-2.746863770551808
game8/Clip7,157,player_top,1.777009192408399,24.448806220325427
game8/Clip7,158,player_bottom,7.007345619546726,-2.725076527659538
game8/Clip7,158,player_top,1.7158930311246,24.634551621726082
game8/Clip7,159,player_bottom,6.900073688044945,-2.73712101108903
game8/Clip7,159,player_top,1.533946266815093,24.700898452085667
game8/Clip7,160,player_bottom,6.756315908733052,-2.7896537006788193
game8/Clip7,160,player_top,1.4777441359375683,24.858796552656646
game8/Clip7,161,player_bottom,6.68117153193291,-2.771829600499186
game8/Clip7,161,player_top,1.5658190786400785,24.827087879519397
game8/Clip7,162,player_bottom,6.590251883483091,-2.7818475837554164
game8/Clip7,162,player_top,1.6061815661786243,24.951883844201916
game8/Clip7,163,player_bottom,6.445625613416005,-2.9081166400680605
game8/Clip7,163,player_top,1.5502134028058137,25.030286791411402
game8/Clip7,164,player_bottom,6.278432070524414,-3.003511558133512
game8/Clip7,164,player_top,1.494459720006316,25.01514757148701
game8/Clip7,165,player_bottom,6.115065054754707,-3.0874118653938067
game8/Clip7,165,player_top,1.4464462027637046,25.01891473598678
game8/Clip7,166,player_bottom,5.985759169265169,-3.11380909044166
game8/Clip7,166,player_top,1.4233829134489693,24.992752162805836
game8/Clip7,167,player_bottom,5.925870696416216,-3.1395041130203345
game8/Clip7,167,player_top,1.397957751409715,24.985573152903047
game8/Clip7,168,player_bottom,5.89376757106026,-3.254334510852325
game8/Clip7,168,player_top,1.3744989560486143,25.02210943571498
game8/Clip7,169,player_bottom,5.849479709170688,-3.2992319936386334
game8/Clip7,169,player_top,1.3623530088861266,25.0107355301768
game8/Clip7,170,player_bottom,5.736496772872698,-3.346102103412066
game8/Clip7,170,player_top,1.3520368113132124,25.00926804706316
game8/Clip7,171,player_bottom,5.565906382224014,-3.363439904514129
game8/Clip7,171,player_top,1.3607292581156032,24.99021675911995
game8/Clip7,172,player_bottom,5.341868307290985,-3.355411587375724
game8/Clip7,172,player_top,1.388633826932155,25.00551881464096
game8/Clip7,173,player_bottom,5.233861241785032,-3.3428847269791513
game8/Clip7,173,player_top,1.4340168012914158,25.103806697995513
game8/Clip7,174,player_bottom,5.1265054178003115,-3.2338261173489924
game8/Clip7,174,player_top,1.5578610329780596,25.11788961082783
game8/Clip7,175,player_bottom,4.9712522569569995,-3.1630707190730494
game8/Clip7,175,player_top,1.6887649883404725,25.096266486646666
game8/Clip7,176,player_bottom,4.826528956376784,-3.2294885065309953
game8/Clip7,176,player_top,1.8309949538240635,25.100645778774883
game8/Clip7,177,player_bottom,4.6212138933068365,-3.2612047570448484
game8/Clip7,177,player_top,1.9622220577593916,25.009038346157
game8/Clip7,178,player_bottom,4.435470815384418,-3.291542420813391
game8/Clip7,178,player_top,2.0475127428928612,24.931933660497954
game8/Clip7,179,player_bottom,4.284416734690099,-3.3140431810987723
game8/Clip7,179,player_top,2.139150031868484,24.85582579130606
game8/Clip7,180,player_bottom,4.112797640637709,-3.2660355639773906
game8/Clip7,180,player_top,2.2719731118644977,24.724243207098258
game8/Clip7,181,player_bottom,3.9587547488135675,-3.31422116618914
game8/Clip7,181,player_top,2.3941678002999374,24.64931534020155
game8/Clip7,182,player_bottom,3.72039152305808,-3.350609346862628
game8/Clip7,182,player_top,2.4848761182406647,24.609399817331248
game8/Clip7,183,player_bottom,3.574485744370188,-3.3535995680606296
game8/Clip7,183,player_top,2.5991906086854932,24.607084050347755
game8/Clip7,184,player_bottom,3.410517239826107,-3.330658678550754
game8/Clip7,184,player_top,2.734654348870961,24.569134403408913
game8/Clip7,185,player_bottom,3.2841173793319594,-3.3386815156883505
game8/Clip7,185,player_top,2.820795228691521,24.531716099748387
game8/Clip7,186,player_bottom,3.132068587575032,-3.3435767028287287
game8/Clip7,186,player_top,2.878967471414652,24.529275450083144
game8/Clip7,187,player_bottom,2.9714786968373246,-3.321727239918269
game8/Clip7,187,player_top,3.007452113316484,24.554756025663774
game8/Clip7,188,player_bottom,2.837347301942693,-3.2864882049428252
game8/Clip7,188,player_top,3.081605882893004,24.54094299805795
game8/Clip7,189,player_bottom,2.719912552681949,-3.2094266339510646
game8/Clip7,189,player_top,3.1605384613882346,24.443233001672397
game8/Clip7,190,player_bottom,2.6183567161054198,-3.150670114955039
game8/Clip7,190,player_top,3.270804676069228,24.345242453820447
game8/Clip7,191,player_bottom,2.527647740502962,-3.10224097325832
game8/Clip7,191,player_top,3.4124683078621882,24.317997115001045
game8/Clip7,192,player_bottom,2.4532297602021833,-3.0786258127886685
game8/Clip7,192,player_top,3.5307600343952408,24.315512055185327
game8/Clip7,193,player_bottom,2.4092583269827816,-3.0430545988827857
game8/Clip7,193,player_top,3.6061168317062404,24.309590907944557
game8/Clip7,194,player_bottom,2.337263784351072,-3.021763847672445
game8/Clip7,194,player_top,3.639729293058725,24.330027237483687
game8/Clip7,195,player_bottom,2.2441787465896774,-3.0123492367593996
game8/Clip7,195,player_top,3.687268184443791,24.347120113789845
game8/Clip7,196,player_bottom,2.1478614879252844,-3.0183408373355975
game8/Clip7,196,player_top,3.7615856352245545,24.340520361119122
game8/Clip7,197,player_bottom,2.0518059241608197,-2.9841004091010355
game8/Clip7,197,player_top,3.8720870989058036,24.38223108675248
game8/Clip7,198,player_bottom,2.0338804665512304,-2.995827070659276
game8/Clip7,198,player_top,4.000158788590017,24.34772329282613
game8/Clip7,199,player_bottom,1.972330341587743,-3.0392346996742847
game8/Clip7,199,player_top,4.104990855979615,24.259141740425264
game8/Clip7,200,player_bottom,1.8952363593826964,-3.0316607909432545
game8/Clip7,200,player_top,4.183403129082273,24.18182892635199
game8/Clip7,201,player_bottom,1.8068797991261034,-3.031447375335029
game8/Clip7,201,player_top,4.227939785408848,24.157991549351056
game8/Clip7,202,player_bottom,1.683998067644023,-3.0092756036890416
game8/Clip7,202,player_top,4.279333270745392,24.153191295436798
game8/Clip7,203,player_bottom,1.59190615373348,-2.9929607949546173
game8/Clip7,203,player_top,4.315341258149773,24.148550371673693
game8/Clip7,204,player_bottom,1.5809542139513084,-3.0604334905753787
game8/Clip7,204,player_top,4.328014954901354,24.146579732762472
game8/Clip7,205,player_bottom,1.566923120242344,-3.0980119392738903
game8/Clip7,205,player_top,4.325157947515703,24.138573593485603
game8/Clip7,206,player_bottom,1.5285455659444962,-3.10624263363015
game8/Clip7,206,player_top,4.30108201553118,24.133051964399918
game8/Clip7,207,player_bottom,1.5088916447519376,-3.1094038840759977
game8/Clip7,207,player_top,4.26587671833508,24.12753877453225
game8/Clip7,208,player_bottom,1.4866057936694341,-3.101050634817762
game8/Clip7,208,player_top,4.224917204925048,24.115058984658898
game8/Clip7,209,player_bottom,1.4743258155513452,-3.095886470739545
game8/Clip7,209,player_top,4.188011910519901,24.120108524506517
game8/Clip7,210,player_bottom,1.477814177908462,-3.0536972039377015
game8/Clip7,210,player_top,4.153734454673597,24.118034353439192
game8/Clip7,211,player_bottom,1.4660243192333184,-3.021559410660386
game8/Clip7,211,player_top,4.110163542942262,24.139109822692106
game8/Clip7,212,player_bottom,1.4349622613023638,-2.9727736725083314
game8/Clip7,212,player_top,4.0242625986514415,24.214100414853345
game8/Clip7,213,player_bottom,1.4116612069313352,-2.9078663061399475
game8/Clip7,213,player_top,3.9133304086398737,24.269618521420977
game8/Clip7,214,player_bottom,1.3880564863838292,-2.906864004793286
game8/Clip7,214,player_top,3.7702564825299993,24.33831188928924
game8/Clip7,215,player_bottom,1.380720187090688,-2.903789693717749
game8/Clip7,215,player_top,3.607242190303257,24.350960085170783
game8/Clip7,216,player_bottom,1.4043358733200757,-2.94385549811294
game8/Clip7,216,player_top,3.4234881060762317,24.359778371546092
game8/Clip7,217,player_bottom,1.3770362170191508,-2.9597555640256066
game8/Clip7,217,player_top,3.3146982915301004,24.362068040374528
game8/Clip7,218,player_bottom,1.3822333224960552,-2.957302841344924
game8/Clip7,218,player_top,3.22020456003739,24.36193058602063
game8/Clip7,219,player_bottom,1.3970760177214723,-2.903379687188817
game8/Clip7,219,player_top,3.12927477702015,24.36026388491642
game8/Clip7,220,player_bottom,1.4244775953633038,-2.870771339842304
game8/Clip7,220,player_top,3.0290636275608667,24.33521531074436
game8/Clip7,221,player_bottom,1.455986224489135,-2.8459196230537596
game8/Clip7,221,player_top,2.8804538419581767,24.31787901679987
game8/Clip7,222,player_bottom,1.545327041099577,-2.8390891525319946
game8/Clip7,222,player_top,2.7280729281926517,24.300498214856155
game8/Clip7,223,player_bottom,1.6691225403138648,-2.8466290240961007
game8/Clip7,223,player_top,2.427142430953754,24.2084062007017
game8/Clip7,224,player_bottom,1.8154458958311985,-2.848836989620481
game8/Clip7,224,player_top,2.289666508248066,24.206921727439678
game8/Clip7,225,player_bottom,1.9436496099129847,-2.849402153348091
game8/Clip7,225,player_top,2.141230635303691,24.23628181451596
game8/Clip7,226,player_bottom,2.02413539773423,-2.830179044383224
game8/Clip7,226,player_top,2.0552424360277994,24.256348657027857
game8/Clip7,227,player_bottom,2.091682942132888,-2.7011186655246577
game8/Clip7,227,player_top,1.8850498356298262,24.33510896007427
game8/Clip7,228,player_bottom,2.1809790686637163,-2.621669761535956
game8/Clip7,228,player_top,1.728045394078501,24.636525963014723
game8/Clip7,229,player_bottom,2.294456607889107,-2.4795074021994163
game8/Clip7,229,player_top,1.4731866884326932,24.80984450983103
game8/Clip7,230,player_bottom,2.3882862891992755,-2.444941459816754
game8/Clip7,230,player_top,1.3047384018305501,24.940383027719
game8/Clip7,231,player_bottom,2.4782285399903685,-2.4298857592610803
game8/Clip7,231,player_top,1.1143473092564975,25.00121081765591
game8/Clip7,232,player_bottom,2.6178897660803138,-2.4054872548742434
game8/Clip7,232,player_top,0.9779362065178464,24.84741110653475
game8/Clip7,233,player_bottom,2.755522305626543,-2.4196956374002694
game8/Clip7,233,player_top,0.8591425525766151,24.731276153492132
game8/Clip7,234,player_bottom,2.8500729529710753,-2.3918711773907426
game8/Clip7,234,player_top,0.8123374886593473,24.640036040000666
game8/Clip7,235,player_bottom,2.9047255198709228,-2.3649538026606463
game8/Clip7,235,player_top,0.6462214624398,24.61984219550374
game8/Clip7,236,player_bottom,2.967496538145029,-2.343546500134247
game8/Clip7,236,player_top,0.5192546601248835,24.69378371598854
game8/Clip7,237,player_bottom,3.042134343840314,-2.3421322215269202
game8/Clip7,237,player_top,0.4420716735055981,24.83234620757046
game8/Clip7,238,player_bottom,3.1624773939923956,-2.323773937944973
game8/Clip7,238,player_top,0.3931823670337722,25.069070148328848
game8/Clip7,239,player_bottom,3.2959656378363253,-2.32104219927505
game8/Clip7,239,player_top,0.310468079080722,25.231231643547137
game8/Clip7,240,player_bottom,3.4262442303556533,-2.3211827565187835
game8/Clip7,240,player_top,0.19280932729748415,25.32801595440899
game8/Clip7,241,player_bottom,3.527075620262968,-2.3460576117108296
game8/Clip7,241,player_top,0.14308176330289177,25.45566248158039
game8/Clip7,242,player_bottom,3.626000752685951,-2.3747828346866875
game8/Clip7,242,player_top,0.12991686853835863,25.58595046373046
game8/Clip7,243,player_bottom,3.725517149282328,-2.3535762510842604
game8/Clip7,243,player_top,0.10013882701962826,25.852199138504364
game8/Clip7,244,player_bottom,3.8262495341277054,-2.3474032050416094
game8/Clip7,244,player_top,0.037533443390243615,26.110501727211943
game8/Clip7,245,player_bottom,3.9661803388896426,-2.4152991365786387
game8/Clip7,245,player_top,-0.03540785010142353,26.08788752382927
game8/Clip7,246,player_bottom,4.127523325066911,-2.5252222261240673
game8/Clip7,246,player_top,-0.08836778518796297,26.106850268318105
game8/Clip7,247,player_bottom,4.253165703322753,-2.5848549551987703
game8/Clip7,247,player_top,-0.11957567151239835,26.065584347376333
game8/Clip7,248,player_bottom,4.330482086535942,-2.601243478628841
game8/Clip7,248,player_top,-0.1779765554756933,26.052627055908452
game8/Clip7,249,player_bottom,4.386301908003949,-2.577211103949311
game8/Clip7,249,player_top,-0.24603588120154918,26.044322488435906
game8/Clip7,250,player_bottom,4.433641794772848,-2.507610341500664
game8/Clip7,250,player_top,-0.3021747624647066,26.06336958628368
game8/Clip7,251,player_bottom,4.5038581968568465,-2.482392078416303
game8/Clip7,251,player_top,-0.31354171762227956,26.070777111090617
game8/Clip7,252,player_bottom,4.627342637003691,-2.470038674400062
game8/Clip7,252,player_top,-0.34329948108318625,26.116130173445455
game8/Clip7,253,player_bottom,4.766840684147964,-2.4587229093223293
game8/Clip7,253,player_top,-0.35079174631302573,26.13104094653373
game8/Clip7,254,player_bottom,4.985709111045671,-2.4738458836457546
game8/Clip7,254,player_top,-0.32271995209508136,26.103893251295812
game8/Clip7,255,player_bottom,5.1275218605407415,-2.467790942352417
game8/Clip7,255,player_top,-0.28247258967457195,26.084919261476955
game8/Clip7,256,player_bottom,5.226810227764218,-2.4548646286758666
game8/Clip7,256,player_top,-0.2068044779257267,26.074680144577144
game8/Clip7,257,player_bottom,5.3814676959038,-2.4612754617815047
game8/Clip7,257,player_top,-0.12730926944503282,26.031819071779758
game8/Clip7,258,player_bottom,5.529229671545746,-2.3311847001346817
game8/Clip7,258,player_top,-0.1014864608300817,25.99545698358104
game8/Clip7,259,player_bottom,5.674594429188198,-2.0367791979760144
game8/Clip7,259,player_top,0.014949099939273286,26.01101276147434
game8/Clip7,260,player_bottom,5.837522367277708,-1.8486369336004504
game8/Clip7,260,player_top,0.14363779977901278,26.01007140304142
game8/Clip7,261,player_bottom,6.001774453473025,-1.85474993234305
game8/Clip7,261,player_top,0.2582339163981644,26.01286408970971
game8/Clip7,262,player_bottom,6.1519533558118775,-1.8452078047908516
game8/Clip7,262,player_top,0.4103247060354562,25.846033532037882
game8/Clip7,263,player_bottom,6.269510546717128,-1.766635886235686
game8/Clip7,263,player_top,0.5076937201793109,25.69150189516427
game8/Clip7,264,player_bottom,6.401535030403438,-1.7037243116574612
game8/Clip7,264,player_top,0.5954966480969988,25.495102545863862
game8/Clip7,265,player_bottom,6.500959276412911,-1.6754983068415208
game8/Clip7,265,player_top,0.742518334182733,25.348082984499428
game8/Clip7,266,player_bottom,6.603822489473303,-1.6476093126370133
game8/Clip7,266,player_top,0.87234899061087,25.172363817469513
game8/Clip7,267,player_bottom,6.667254079425599,-1.632550828038793
game8/Clip7,267,player_top,0.9792871829356017,25.087587598178782
game8/Clip7,268,player_bottom,6.745240709806264,-1.595218784934143
game8/Clip7,268,player_top,1.09686939950216,25.02591990338566
game8/Clip7,269,player_bottom,6.790110409219122,-1.5298506606687907
game8/Clip7,269,player_top,1.2748955966750974,24.99513021421166
game8/Clip7,270,player_bottom,6.815181482808444,-1.5183954816130698
game8/Clip7,270,player_top,1.3949094246059002,24.986360526316744
game8/Clip7,271,player_bottom,6.886268751207435,-1.497332505323372
game8/Clip7,271,player_top,1.4836003381211775,25.001952558417877
game8/Clip7,272,player_bottom,6.973394752946169,-1.485458117329765
game8/Clip7,272,player_top,1.549428415919745,25.013923835086683
game8/Clip7,273,player_bottom,7.065560004258382,-1.4669947299646493
game8/Clip7,273,player_top,1.5984656430653374,25.078683847043163
game8/Clip7,274,player_bottom,7.11364271138549,-1.4518768644575835
game8/Clip7,274,player_top,1.6562626102793891,25.163403837960992
game8/Clip7,275,player_bottom,7.154471042630658,-1.4282931861857935
game8/Clip7,275,player_top,1.730151730514473,25.277132960360138
game8/Clip7,276,player_bottom,7.187562674218707,-1.4634865252274152
game8/Clip7,276,player_top,1.8020777149954426,25.37376194522937
game8/Clip7,277,player_bottom,7.242558596619452,-1.3047407883053324
game8/Clip7,277,player_top,1.9039826887087272,25.433009002778952
game8/Clip7,278,player_bottom,7.316095845082341,-1.2070313145888056
game8/Clip7,278,player_top,1.9701481670920773,25.316461793941667
game8/Clip7,279,player_bottom,7.421185266666946,-1.107960061973244
game8/Clip7,279,player_top,2.086896916923083,25.248153908114976
game8/Clip7,280,player_bottom,7.522712298245023,-1.0331745284657334
game8/Clip7,280,player_top,2.158265792047192,25.207682469279877
game8/Clip7,281,player_bottom,7.6147186429058165,-0.7936231577847758
game8/Clip7,281,player_top,2.1992955978962603,25.18623115261846
game8/Clip7,282,player_bottom,7.715430834114312,-0.9364691533902829
game8/Clip7,282,player_top,2.2063990138677068,25.185583700869284
game8/Clip7,283,player_bottom,7.792692635837247,-1.1159474623359198
game8/Clip7,283,player_top,2.2313083224883017,25.25248547578984
game8/Clip7,284,player_bottom,7.861695655267908,-1.2335025190197593
game8/Clip7,284,player_top,2.2860385575575,25.28209588217062
game8/Clip7,285,player_bottom,7.9253161611289915,-1.2518907265841448
game8/Clip7,285,player_top,2.4059259203896457,25.360845161090705
game8/Clip7,286,player_bottom,7.958942620797362,-1.2614764185861131
game8/Clip7,286,player_top,2.5628849329628833,25.372578683960352
game8/Clip7,287,player_bottom,7.951619420003721,-1.282876586634437
game8/Clip7,287,player_top,2.7959121738264345,25.308810430794168
game8/Clip7,288,player_bottom,7.939332054543114,-1.2694585626990582
game8/Clip7,288,player_top,2.9292750926857556,25.31832389846275
game8/Clip7,289,player_bottom,7.910234428552618,-1.236546029332758
game8/Clip7,289,player_top,3.0129860618980864,25.34146451381703
game8/Clip7,290,player_bottom,7.911978344961234,-1.2255055279173956
game8/Clip7,290,player_top,3.1359403606045646,25.378830215011895
game8/Clip7,291,player_bottom,7.845725073677992,-1.2384537216532205
game8/Clip7,291,player_top,3.2725126526076114,25.415345499924257
game8/Clip7,292,player_bottom,7.699709595331631,-1.3042982294773213
game8/Clip7,292,player_top,3.4276766813301776,25.22727001130239
game8/Clip7,293,player_bottom,7.575115349699781,-1.3171681539618751
game8/Clip7,293,player_top,3.8101688082666354,25.194173038138924
game8/Clip7,294,player_bottom,7.499863272974575,-1.3208808312766394
game8/Clip7,294,player_top,3.9672980025040814,25.200920950932495
game8/Clip7,295,player_bottom,7.448113094211715,-1.3359902606519205
game8/Clip7,295,player_top,4.125961155611399,25.226969913755187
game8/Clip7,296,player_bottom,7.382310624181824,-1.2376646210212918
game8/Clip7,296,player_top,4.270624573759275,25.198191190240653
game8/Clip7,297,player_bottom,7.324197787983022,-1.121897532621364
game8/Clip7,297,player_top,4.424694084970925,25.217103528976462
game8/Clip7,298,player_bottom,7.167303866789518,-1.0319542647004125
game8/Clip7,298,player_top,4.588626900048267,25.204185743678476
game8/Clip7,299,player_bottom,7.021238782488625,-1.0401741259637693
game8/Clip7,299,player_top,4.757055177865571,25.266701632616034
game8/Clip7,300,player_bottom,6.910111148643301,-1.0570745222293496
game8/Clip7,300,player_top,4.938940456969484,25.47911546557842
game8/Clip7,301,player_bottom,6.7783298999574395,-1.0603945223421574
game8/Clip7,301,player_top,5.121054486732151,25.55024497666337
game8/Clip7,302,player_bottom,6.688124499439499,-1.0351692755626964
game8/Clip7,302,player_top,5.392071417857803,25.596188727854784
game8/Clip7,303,player_bottom,6.608120838317764,-0.9737564735175611
game8/Clip7,303,player_top,5.6511195685959,25.65369465706912
game8/Clip7,304,player_bottom,6.51179749792592,-0.9816576364025177
game8/Clip7,304,player_top,5.797763039127773,25.82181927876688
game8/Clip7,305,player_bottom,6.406375427962826,-0.968164692115042
game8/Clip7,305,player_top,6.01947052946944,25.86646195311389
game8/Clip7,306,player_bottom,6.242014438678295,-0.9451387456488549
game8/Clip7,306,player_top,6.206370606763712,25.97842187755142
game8/Clip7,307,player_bottom,6.089068310828942,-0.9090221182740895
game8/Clip7,307,player_top,6.320441399648802,26.023136586973475
game8/Clip7,308,player_bottom,5.989088982543784,-0.7233574434045672
game8/Clip7,308,player_top,6.47049633645072,26.050959114722065
game8/Clip7,309,player_bottom,5.8702249898317795,-0.6573081794444586
game8/Clip7,309,player_top,6.600223118611741,26.188656962921396
game8/Clip7,310,player_bottom,5.721228573914114,-0.733758937468751
game8/Clip7,310,player_top,6.746028789003966,26.19892320144904
game8/Clip7,311,player_bottom,5.560159451681374,-0.7858574434200292
game8/Clip7,311,player_top,6.86674398786239,26.10160099187835
game8/Clip7,312,player_bottom,5.380492774001887,-0.833416477893353
game8/Clip7,312,player_top,7.045839156685138,26.130831534975158
game8/Clip7,313,player_bottom,5.229810246579258,-0.8296447209159343
game8/Clip7,313,player_top,7.269439365556274,26.164132383208408
game8/Clip7,314,player_bottom,5.140526000906578,-0.7892969584059377
game8/Clip7,314,player_top,7.460372158351285,26.204274985623286
game8/Clip7,315,player_bottom,5.088892366053469,-0.6672924113374431
game8/Clip7,315,player_top,7.68763010443221,26.16698887274337
game8/Clip7,316,player_bottom,5.015747511887871,-0.5469422854440986
game8/Clip7,316,player_top,7.816789553618304,26.214016272059855
game8/Clip7,317,player_bottom,4.924477630858262,-0.46175780105101255
game8/Clip7,317,player_top,7.926154352758531,26.315866373968603
game8/Clip7,318,player_bottom,4.808946610403441,-0.3200287512381573
game8/Clip7,318,player_top,8.032050525213275,26.352754949983233
game8/Clip7,319,player_bottom,4.666777261031598,-0.03307691613035134
game8/Clip7,319,player_top,8.13575157876484,26.37029430622851
game8/Clip7,320,player_bottom,4.527868444938463,0.16782242899260458
game8/Clip7,320,player_top,8.219655929706928,26.313911541895635
game8/Clip7,321,player_bottom,4.358193363446071,0.27528536264623465
game8/Clip7,321,player_top,8.342717952608988,26.344842928654963
game8/Clip7,322,player_bottom,4.213653434022822,0.3038484576224533
game8/Clip7,322,player_top,8.366532956146132,26.31098516950432
game8/Clip7,323,player_bottom,4.134246199668104,0.37809158767147155
game8/Clip7,323,player_top,8.39721426775848,26.294223884429613
game8/Clip7,324,player_bottom,4.09303237434564,0.46754420078149933
game8/Clip7,324,player_top,8.432341345207123,26.36582221907793
game8/Clip7,325,player_bottom,4.032037931499302,0.5161247020313539
game8/Clip7,325,player_top,8.463845341529405,26.38201061770074
game8/Clip7,326,player_bottom,3.902971959386501,0.4565061950062358
game8/Clip7,326,player_top,8.567381829146257,26.374552997380206
game8/Clip7,327,player_bottom,3.7057844091047243,0.4335564488559167
game8/Clip7,327,player_top,8.636702723394947,26.45913412186104
game8/Clip7,328,player_bottom,3.5168329933892015,0.4433698478899399
game8/Clip7,328,player_top,8.683672202872627,26.54127838150243
game8/Clip7,329,player_bottom,3.3271896861925203,0.5382832857137437
game8/Clip7,329,player_top,8.713183159549846,26.626467415089177
game8/Clip7,330,player_bottom,3.185924915195021,0.511162747767774
game8/Clip7,330,player_top,8.736367279045128,26.68629259693753
game8/Clip7,331,player_bottom,3.0423437330720673,0.476987327659555
game8/Clip7,331,player_top,8.75459866427047,26.726496243913356
game8/Clip7,332,player_bottom,2.8926398249826057,0.41667116042641766
game8/Clip7,332,player_top,8.744715272577217,26.785524444663157
game8/Clip7,333,player_bottom,2.706282806240041,0.38044551163466667
game8/Clip7,333,player_top,8.721749937016915,26.809149248261388
game8/Clip7,334,player_bottom,2.5917134750254744,0.3769777761542943
game8/Clip7,334,player_top,8.69810811192964,26.79746870987317
game8/Clip7,335,player_bottom,2.5076177691347925,0.4074528822050679
game8/Clip7,335,player_top,8.660308617538254,26.781869242149394
game8/Clip7,336,player_bottom,2.448205185228593,0.353850462125152
game8/Clip7,336,player_top,8.596635656077627,26.783092642484554
game8/Clip7,337,player_bottom,2.3310879667778277,0.27284657391142386
game8/Clip7,337,player_top,8.52085280144661,26.74250160018765
game8/Clip7,338,player_bottom,2.1705007743880076,0.19553774651328237
game8/Clip7,338,player_top,8.421191345132305,26.727183658223826
game8/Clip7,339,player_bottom,2.009956896782903,0.18972326942594606
game8/Clip7,339,player_top,8.331406071552333,26.664187166509173
game8/Clip7,340,player_bottom,1.8521087881040568,0.217397418348095
game8/Clip7,340,player_top,8.23048229538129,26.50905843981328
game8/Clip7,341,player_bottom,1.722641960915502,0.2531771723507231
game8/Clip7,341,player_top,8.152243069402997,26.355429085999475
game8/Clip7,342,player_bottom,1.5765829620032223,0.21196846338320283
game8/Clip7,342,player_top,8.08065219566818,26.265012230466365
game8/Clip7,343,player_bottom,1.4673645861985947,-0.07116703895713003
game8/Clip7,343,player_top,7.995016216457468,26.136624006724002
game8/Clip7,344,player_bottom,1.3103966734081014,-0.18312767505162733
game8/Clip7,344,player_top,7.912634469503406,26.04256741574093
game8/Clip7,345,player_bottom,1.1508830629983944,-0.21818161030140773
game8/Clip7,345,player_top,7.85054965279054,26.020616279313813
game8/Clip7,346,player_bottom,1.0356079884818588,-0.2236114173579793
game8/Clip7,346,player_top,7.7919947829347045,26.03897292639452
game8/Clip7,347,player_bottom,0.9390209881557383,-0.26596625767081006
game8/Clip7,347,player_top,7.7356763828958846,26.049093187114803
game8/Clip7,348,player_bottom,0.822580392954208,-0.3390088944925448
game8/Clip7,348,player_top,7.677156085561626,26.02991972459408
game8/Clip7,349,player_bottom,0.6627330807171566,-0.4670589037242132
game8/Clip7,349,player_top,7.593764146491431,26.021928799199067
game8/Clip7,350,player_bottom,0.5594923864170854,-0.5599136564876421
game8/Clip7,350,player_top,7.5468883591513265,25.998596686250217
game8/Clip7,351,player_bottom,0.45410619124962665,-0.6298169404510342
game8/Clip7,351,player_top,7.505708069021542,25.95310625767549
game8/Clip7,352,player_bottom,0.31900709404319827,-0.5804915284484256
game8/Clip7,352,player_top,7.439624641426764,25.81286375544292
game8/Clip7,353,player_bottom,0.1740993365058379,-0.6355824816752362
game8/Clip7,353,player_top,7.361938327300699,25.747627264080755
game8/Clip7,354,player_bottom,0.09584281495905399,-1.029849506909615
game8/Clip7,354,player_top,7.2678019111122145,25.70118850645064
game8/Clip7,355,player_bottom,-0.01890330822460613,-1.2177192399455732
game8/Clip7,355,player_top,7.161525299836184,25.681286816583167
game8/Clip7,356,player_bottom,-0.08307478781413247,-1.2977281835854617
game8/Clip7,356,player_top,7.0787326878824,25.664944318667715
game8/Clip7,357,player_bottom,-0.1835888327215637,-1.3155974331667923
game8/Clip7,357,player_top,7.010000523019278,25.553677743187407
game8/Clip7,358,player_bottom,-0.3149747433574077,-1.361852704319302
game8/Clip7,358,player_top,6.954480375876366,25.534554292057027
game8/Clip7,359,player_bottom,-0.4585394531326149,-1.4327869293849549
game8/Clip7,359,player_top,6.904087492454536,25.6171465295136
game8/Clip7,360,player_bottom,-0.5751532479219544,-1.57048964889603
game8/Clip7,360,player_top,6.8475989248406774,25.65968470792073
game8/Clip7,361,player_bottom,-0.6844188256780013,-1.7317896463926212
game8/Clip7,361,player_top,6.769825935159612,25.432707592281595
game8/Clip7,362,player_bottom,-0.7721892236333573,-1.923687139786516
game8/Clip7,362,player_top,6.706354620931578,25.237114578886427
game8/Clip7,363,player_bottom,-0.8440696133017827,-2.097611150349891
game8/Clip7,363,player_top,6.646845085487662,25.159516956279674
game8/Clip7,364,player_bottom,-0.9445369840179075,-2.241292221336076
game8/Clip7,364,player_top,6.576395690843537,25.145452583402154
game8/Clip7,365,player_bottom,-1.0474610955847332,-2.430134783790905
game8/Clip7,365,player_top,6.505008709137255,25.10259121503471
game8/Clip7,366,player_bottom,-1.1646209181232834,-2.5608276667014085
game8/Clip7,366,player_top,6.408809751353512,25.091191671703466
game8/Clip7,367,player_bottom,-1.2519793787405455,-2.636844746968884
game8/Clip7,367,player_top,6.31843080575595,25.12431315717661
game8/Clip7,368,player_bottom,-1.31017679736867,-2.6729528557347813
game8/Clip7,368,player_top,6.242152213920597,25.137050370779452
game8/Clip7,369,player_bottom,-1.3503822521074769,-2.6890538022408506
game8/Clip7,369,player_top,6.183863795982263,25.1362671703635
game8/Clip7,370,player_bottom,-1.385684703063861,-2.690893959531135
game8/Clip7,370,player_top,6.131816488553049,25.150817777485976
game8/Clip7,371,player_bottom,-1.386576966214356,-2.6854618871096996
game8/Clip7,371,player_top,6.113091047563299,25.124892982589678
game8/Clip7,372,player_bottom,-1.38746952815999,-2.6800279956320576
game8/Clip7,372,player_top,6.100759957397179,25.119113634327668
game8/Clip7,373,player_bottom,-1.3883623890508747,-2.6745922841842993
game8/Clip7,373,player_top,6.1000849622001985,25.128927895098432
game8/Clip7,374,player_bottom,-1.3892555490372258,-2.669154751851951
game8/Clip7,374,player_top,6.091784581957945,25.15357933350572
game8/Clip7,375,player_bottom,-1.3901490082693564,-2.663715397719892
game8/Clip7,375,player_top,6.078204991530917,25.148047721540664
game8/Clip7,376,player_bottom,-1.3910427668976801,-2.6582742208724044
game8/Clip7,376,player_top,6.055513402712984,25.13337952465822
game8/Clip7,377,player_bottom,-1.3919368250727164,-2.652831220393154
game8/Clip7,377,player_top,6.018737247808473,25.115638828782302
game8/Clip7,378,player_bottom,-1.3928311829450768,-2.647386395365194
game8/Clip7,378,player_top,5.976668947951802,25.101084843426097
game8/Clip7,379,player_bottom,-1.3937258406654838,-2.641939744870952
game8/Clip7,379,player_top,5.94755654325161,25.073460928951796
game8/Clip7,380,player_bottom,-1.394620798384753,-2.6364912679922488
game8/Clip7,380,player_top,5.932927373494104,25.03375242621748
game8/Clip7,381,player_bottom,-1.3955160562538036,-2.6310409638102996
game8/Clip7,381,player_top,5.923730720108392,25.00449922882123
game8/Clip7,382,player_bottom,-1.3964116144236596,-2.6255888314056817
game8/Clip7,382,player_top,5.915157617727521,24.964219358333633
game8/Clip7,383,player_bottom,-1.3973074730454418,-2.620134869858373
game8/Clip7,383,player_top,5.906240709264478,24.94153575143587
game8/Clip7,384,player_bottom,-1.3982036322703741,-2.6146790782477147
game8/Clip7,384,player_top,5.898668319969696,24.93513529223999
game8/Clip7,385,player_bottom,-1.399100092249782,-2.6092214556524596
game8/Clip7,385,player_top,5.895831937461299,24.943321035185356
game8/Clip7,386,player_bottom,-1.3999968531350926,-2.603762001150712
game8/Clip7,386,player_top,5.8873125947691145,24.947247715200863
game8/Clip7,387,player_bottom,-1.4008939150778332,-2.5983007138199783
game8/Clip7,387,player_top,5.879685920333587,24.946724205144843
game8/Clip7,388,player_bottom,-1.401791278229637,-2.592837592737125
game8/Clip7,388,player_top,5.874687041091742,24.941807651880087
game8/Clip7,389,player_bottom,-1.4026889427422349,-2.5873726369784227
game8/Clip7,389,player_top,5.871748196528322,24.937712128271283
game8/Clip7,390,player_bottom,-1.4035869087674588,-2.58190584561951
game8/Clip7,390,player_top,5.869304460310619,24.938021432706616
game8/Clip7,391,player_bottom,-1.404485176457248,-2.5764372177353905
game8/Clip7,391,player_top,5.870575282686215,24.941651136678253
game8/Clip7,392,player_bottom,-1.4053837459636394,-2.5709667524004813
game8/Clip7,392,player_top,5.868811962867554,24.946856025911718
game8/Clip7,393,player_bottom,-1.4062826174387735,-2.56549444868853
game8/Clip7,393,player_top,5.875315620697621,24.944835383572006
game8/Clip7,394,player_bottom,-1.4071817910348932,-2.560020305672709
game8/Clip7,394,player_top,5.873875079717691,24.9469144944205
game8/Clip7,395,player_bottom,-1.4080812669043434,-2.554544322425533
game8/Clip7,395,player_top,5.8725724824277235,24.948483779365308
game8/Clip7,396,player_bottom,-1.4089810451995708,-2.5490664980189095
game8/Clip7,396,player_top,5.871990851278801,24.952547762158904
game8/Clip7,397,player_bottom,-1.4098811260731285,-2.543586831524123
game8/Clip7,397,player_top,5.874069736814149,24.950024863708364
game8/Clip7,398,player_bottom,-1.4107815096776648,-2.538105322011815
game8/Clip7,398,player_top,5.872097402853507,24.950483397694057
game8/Clip7,399,player_bottom,-1.4116821961659387,-2.5326219685520286
game8/Clip7,399,player_top,5.870248995976974,24.945650242658093
game8/Clip7,400,player_bottom,-1.4125831856908067,-2.5271367702141676
game8/Clip7,400,player_top,5.8632962765078505,24.946184274932172
game8/Clip7,401,player_bottom,-1.4134844784052298,-2.5216497260670003
game8/Clip7,401,player_top,5.856337447603041,24.95169828843014
game8/Clip7,402,player_bottom,-1.4143860744622732,-2.5161608351786833
game8/Clip7,402,player_top,5.848453227870527,24.95107532543451
game8/Clip7,403,player_bottom,-1.4152879740151025,-2.510670096616742
game8/Clip7,403,player_top,5.838603576456745,24.959571530741762
game8/Clip7,404,player_bottom,-1.4161901772169887,-2.5051775094480613
game8/Clip7,404,player_top,5.8238545921791545,24.952284653899387
game8/Clip7,405,player_bottom,-1.4170926842213036,-2.499683072738928
game8/Clip7,405,player_top,5.807902538406689,24.960904923694557
game8/Clip7,406,player_bottom,-1.4179954951815268,-2.4941867855549558
game8/Clip7,406,player_top,5.786928202150613,24.962432102227524
game8/Clip7,407,player_bottom,-1.377510338428658,-2.500368409854428
game8/Clip7,407,player_top,5.747342333433787,24.971062865242907
game8/Clip7,408,player_bottom,-1.3146154072445808,-2.50300209269484
game8/Clip7,408,player_top,5.703921902432483,24.937273238106254
game8/Clip7,409,player_bottom,-1.2707653797997274,-2.502355319107584
game8/Clip7,409,player_top,5.675844169405791,24.918197806046695
game8/Clip7,410,player_bottom,-1.2243064642919208,-2.478798624859613
game8/Clip7,410,player_top,5.66661113163493,24.89937944167609
game8/Clip7,411,player_bottom,-1.177816004978735,-2.471539609346129
game8/Clip7,411,player_top,5.658634760647522,24.874812721563877
game8/Clip7,412,player_bottom,-1.0962290624793278,-2.473779237517834
game8/Clip7,412,player_top,5.643554003439395,24.85392977973092
game8/Clip7,413,player_bottom,-1.0399659477878789,-2.459592225053403
game8/Clip7,413,player_top,5.630163047844806,24.84748588246323
game8/Clip7,414,player_bottom,-0.9959993019838713,-2.453059590820449
game8/Clip7,414,player_top,5.6292202882376765,24.82865315701362
game8/Clip7,415,player_bottom,-0.9726104307051682,-2.44619608861391
game8/Clip7,415,player_top,5.619179881388527,24.853376124471996
game8/Clip7,416,player_bottom,-0.9559806913829805,-2.4285684855768204
game8/Clip7,416,player_top,5.609087942707624,24.84551688762114
game8/Clip7,417,player_bottom,-0.9487659472282345,-2.4111915334614458
game8/Clip7,417,player_top,5.594957075024069,24.854894572588467
game8/Clip7,418,player_bottom,-0.9348961504156933,-2.401913876161139
game8/Clip7,418,player_top,5.5807579098032045,24.870284812588043
game8/Clip7,419,player_bottom,-0.9250784991047987,-2.341822651576264
game8/Clip7,419,player_top,5.532997161203049,24.88075319390773
game8/Clip7,420,player_bottom,-0.8980268067878573,-2.3110698477573264
game8/Clip7,420,player_top,5.489886425933818,24.885597895449877
game8/Clip7,421,player_bottom,-0.8710230151233418,-2.256833749640558
game8/Clip7,421,player_top,5.431251733929259,24.824133202656625
game8/Clip8,0,player_bottom,2.868183262711785,-1.4241795395937826
game8/Clip8,0,player_top,7.808987589532849,24.152475247852774
game8/Clip8,1,player_bottom,2.868183262711785,-1.4241795395937826
game8/Clip8,1,player_top,7.808987589532849,24.152475247852774
game8/Clip8,2,player_bottom,2.879656893304186,-1.3809617780944792
game8/Clip8,2,player_top,7.806256856150677,24.1569399680028
game8/Clip8,3,player_bottom,2.892995116422376,-1.330545239625055
game8/Clip8,3,player_top,7.803558440053343,24.161310465973532
game8/Clip8,4,player_bottom,2.9043132097754514,-1.2798486231924244
game8/Clip8,4,player_top,7.803261370751341,24.15405545216233
game8/Clip8,5,player_bottom,2.917599169005262,-1.2496512394571282
game8/Clip8,5,player_top,7.8027249513862,24.127760547594317
game8/Clip8,6,player_bottom,2.928540891488293,-1.2202199208621174
game8/Clip8,6,player_top,7.798476043074422,24.129043165500764
game8/Clip8,7,player_bottom,2.9352270461890253,-1.2017497622408762
game8/Clip8,7,player_top,7.797102216917602,24.13479617695779
game8/Clip8,8,player_bottom,2.952607087685001,-1.1951889632204173
game8/Clip8,8,player_top,7.798149265212873,24.147137011753216
game8/Clip8,9,player_bottom,2.9741139354911583,-1.202340827414508
game8/Clip8,9,player_top,7.8045477927926745,24.148860569252356
game8/Clip8,10,player_bottom,2.9873144020031823,-1.2080802822013552
game8/Clip8,10,player_top,7.804571285679837,24.150632216488845
game8/Clip8,11,player_bottom,2.9943614730655845,-1.2100570189161979
game8/Clip8,11,player_top,7.8038473119038345,24.13918261108397
game8/Clip8,12,player_bottom,2.9968575646503277,-1.2099466549162379
game8/Clip8,12,player_top,7.803151447116515,24.140382758860166
game8/Clip8,13,player_bottom,2.993758264486038,-1.1889913509341257
game8/Clip8,13,player_top,7.802750455355792,24.13591769756057
game8/Clip8,14,player_bottom,3.004292131951765,-1.06766472554103
game8/Clip8,14,player_top,7.803339289731482,24.136830138886207
game8/Clip8,15,player_bottom,3.062401617843878,-0.9603570631839564
game8/Clip8,15,player_top,7.802622747920704,24.1368424285771
game8/Clip8,16,player_bottom,3.103718757382728,-0.8441922971398272
game8/Clip8,16,player_top,7.801729944876811,24.140632751397984
game8/Clip8,17,player_bottom,3.1531341685735534,-0.7758847960287254
game8/Clip8,17,player_top,7.803049736624542,24.14484832771236
game8/Clip8,18,player_bottom,3.1948501160520597,-0.7373117617181026
game8/Clip8,18,player_top,7.798022394077818,24.135456482756748
game8/Clip8,19,player_bottom,3.2109482340754942,-0.6847693009511544
game8/Clip8,19,player_top,7.780077345470689,24.137475510018305
game8/Clip8,20,player_bottom,3.197566878901545,-0.6247868483915616
game8/Clip8,20,player_top,7.729193146251339,24.10854123139813
game8/Clip8,21,player_bottom,3.162824288031298,-0.5705437591453251
game8/Clip8,21,player_top,7.677449725423981,24.064512365675174
game8/Clip8,22,player_bottom,3.120367684140722,-0.5524213593375755
game8/Clip8,22,player_top,7.6514084792760695,24.014923864253788
game8/Clip8,23,player_bottom,3.0870737080370225,-0.5439917597183088
game8/Clip8,23,player_top,7.642927344716184,23.98710768680794
game8/Clip8,24,player_bottom,3.0757187721112373,-0.5395719802351681
game8/Clip8,24,player_top,7.641716122363542,23.97258131578908
game8/Clip8,25,player_bottom,3.0569325401872556,-0.5405646890807111
game8/Clip8,25,player_top,7.643132385504198,23.962528617929966
game8/Clip8,26,player_bottom,3.0166121301260413,-0.5588836611924591
game8/Clip8,26,player_top,7.66584434521506,23.939428303829846
game8/Clip8,27,player_bottom,3.005683868586136,-0.5619517788893531
game8/Clip8,27,player_top,7.694086048576969,23.853667792395438
game8/Clip8,28,player_bottom,2.993019822266125,-0.561773565804621
game8/Clip8,28,player_top,7.708391191997511,23.880049339256647
game8/Clip8,29,player_bottom,2.994292193335647,-0.5580083878379801
game8/Clip8,29,player_top,7.723668033974395,23.90106738676658
game8/Clip8,30,player_bottom,3.0212107500580596,-0.6080328577084296
game8/Clip8,30,player_top,7.752765372311434,23.887307186102387
game8/Clip8,31,player_bottom,3.0603558870368257,-0.647478723327039
game8/Clip8,31,player_top,7.8220013132699995,23.865734963907354
game8/Clip8,32,player_bottom,3.077349680300567,-0.6749915845053186
game8/Clip8,32,player_top,7.890714357389425,23.82146363694226
game8/Clip8,33,player_bottom,3.080643759118866,-0.7356604395572598
game8/Clip8,33,player_top,7.92770808028182,23.77171445161703
game8/Clip8,34,player_bottom,3.066371765359577,-0.8079060027033276
game8/Clip8,34,player_top,7.981065195248433,23.732107706677386
game8/Clip8,35,player_bottom,3.0571194373644355,-0.9534133086866315
game8/Clip8,35,player_top,8.045417495920745,23.72000454936594
game8/Clip8,36,player_bottom,3.0498573492877035,-1.003304968198205
game8/Clip8,36,player_top,8.14406763522816,23.663011823254454
game8/Clip8,37,player_bottom,3.0169992741826666,-1.0130845636530907
game8/Clip8,37,player_top,8.260280957152624,23.587661296343633
game8/Clip8,38,player_bottom,2.9888676451165703,-1.0114887736894171
game8/Clip8,38,player_top,8.391049675666101,23.475979811781315
game8/Clip8,39,player_bottom,2.9537441247070535,-1.0427820635290153
game8/Clip8,39,player_top,8.486362227682935,23.3313942242733
game8/Clip8,40,player_bottom,2.915175382911934,-1.120224986404698
game8/Clip8,40,player_top,8.548498445823432,23.084920871993965
game8/Clip8,41,player_bottom,2.851811987221853,-1.238743540471747
game8/Clip8,41,player_top,8.623240897793263,22.96641336162822
game8/Clip8,42,player_bottom,2.789425712304763,-1.399860353620166
game8/Clip8,42,player_top,8.684364527002774,22.84742773896033
game8/Clip8,43,player_bottom,2.7235150510253834,-1.5849376552950665
game8/Clip8,43,player_top,8.737847030303598,22.789495060189164
game8/Clip8,44,player_bottom,2.6579124519532735,-1.6921320876290113
game8/Clip8,44,player_top,8.819904918834819,22.701633304551137
game8/Clip8,45,player_bottom,2.6051773591221425,-1.783229350222083
game8/Clip8,45,player_top,8.916261444375172,22.65587420843563
game8/Clip8,46,player_bottom,2.5869340400469696,-1.8141674172133795
game8/Clip8,46,player_top,8.994532481666576,22.64211149210105
game8/Clip8,47,player_bottom,2.5846374688635945,-1.8013609687613366
game8/Clip8,47,player_top,9.075301983181824,22.62257429711719
game8/Clip8,48,player_bottom,2.588314465211297,-1.7819856839944568
game8/Clip8,48,player_top,9.107634713619213,22.562717774450306
game8/Clip8,49,player_bottom,2.5652099991004014,-1.7671835637542392
game8/Clip8,49,player_top,9.143791895426924,22.51460956426308
game8/Clip8,50,player_bottom,2.4385612727967887,-1.7390903961281354
game8/Clip8,50,player_top,9.164598122471004,22.490578583126105
game8/Clip8,51,player_bottom,2.289389564520986,-1.6942566994863983
game8/Clip8,51,player_top,9.159715546887764,22.4649618373723
game8/Clip8,52,player_bottom,2.156074095258668,-1.7214866526117028
game8/Clip8,52,player_top,9.143641639647093,22.449054007549435
game8/Clip8,53,player_bottom,2.0506776195211773,-1.7842932676696597
game8/Clip8,53,player_top,9.114461462719792,22.428061341341504
game8/Clip8,54,player_bottom,1.9627681284774237,-1.8324522639656005
game8/Clip8,54,player_top,9.086178943971875,22.41850871455225
game8/Clip8,55,player_bottom,1.8355060772245986,-1.8471995290861112
game8/Clip8,55,player_top,9.048412008277452,22.43629857106511
game8/Clip8,56,player_bottom,1.7270543980659583,-1.8378425438740962
game8/Clip8,56,player_top,8.98837082488677,22.449741674585272
game8/Clip8,57,player_bottom,1.6496622515934087,-1.8352673375810897
game8/Clip8,57,player_top,8.894219128550223,22.486647888972044
game8/Clip8,58,player_bottom,1.586025104737604,-1.8305899352782402
game8/Clip8,58,player_top,8.77755003051453,22.61354487303725
game8/Clip8,59,player_bottom,1.5120928325803658,-1.8156516016216493
game8/Clip8,59,player_top,8.623032160194224,22.67199712254347
game8/Clip8,60,player_bottom,1.4359606218219898,-1.799209982016644
game8/Clip8,60,player_top,8.521157897822189,22.72577830456007
game8/Clip8,61,player_bottom,1.4085167158636918,-1.7793912671048482
game8/Clip8,61,player_top,8.394803401705461,22.566918839459273
game8/Clip8,62,player_bottom,1.3358602758695994,-1.719460257410537
game8/Clip8,62,player_top,8.30862101424027,22.434693019973817
game8/Clip8,63,player_bottom,1.2638009917617818,-1.6809244559045482
game8/Clip8,63,player_top,8.209447030728612,22.41213555741922
game8/Clip8,64,player_bottom,1.215729790520205,-1.65092286416647
game8/Clip8,64,player_top,8.087328540861868,22.417665232478658
game8/Clip8,65,player_bottom,1.1612301863002843,-1.6153189873532963
game8/Clip8,65,player_top,8.013388669133349,22.354014763155217
game8/Clip8,66,player_bottom,1.1324758123192207,-1.4646577179041784
game8/Clip8,66,player_top,7.931173399175896,22.438342710088733
game8/Clip8,67,player_bottom,1.0810719432797145,-1.3680564226805283
game8/Clip8,67,player_top,7.816987545009634,22.566729000234908
game8/Clip8,68,player_bottom,1.0353587121927716,-1.3216353576965145
game8/Clip8,68,player_top,7.689858735098573,22.637552898893542
game8/Clip8,69,player_bottom,0.9875106011468889,-1.316968709906358
game8/Clip8,69,player_top,7.557474050432009,22.638072455948695
game8/Clip8,70,player_bottom,0.9674606079282297,-1.2959037312555626
game8/Clip8,70,player_top,7.416370468846237,22.45970511873329
game8/Clip8,71,player_bottom,0.8541486923743646,-1.2293596799521391
game8/Clip8,71,player_top,7.2866554318937,22.35619318468996
game8/Clip8,72,player_bottom,0.9135441857862175,-1.3361125904014632
game8/Clip8,72,player_top,7.149478019418474,22.306113839552555
game8/Clip8,73,player_bottom,0.9004003443214904,-1.293794821151612
game8/Clip8,73,player_top,7.05319918237362,22.29240838285753
game8/Clip8,74,player_bottom,0.8330794759068094,-1.292282874116562
game8/Clip8,74,player_top,7.00597596849882,22.25965272299064
game8/Clip8,75,player_bottom,0.7374674035515498,-1.3323343266994097
game8/Clip8,75,player_top,6.9515776241072045,22.308100367931036
game8/Clip8,76,player_bottom,0.6723640902800417,-1.3902659955072312
game8/Clip8,76,player_top,6.8889034153362285,22.514586040501086
game8/Clip8,77,player_bottom,0.6240416515597063,-1.490289032728479
game8/Clip8,77,player_top,6.612387359774012,22.820195612504822
game8/Clip8,78,player_bottom,0.616068300347422,-1.561122691366551
game8/Clip8,78,player_top,6.480595419307238,22.86114461200963
game8/Clip8,79,player_bottom,0.614349735351467,-1.5947637103395889
game8/Clip8,79,player_top,6.325003233339298,22.93907009486434
game8/Clip8,80,player_bottom,0.6078032111716181,-1.597390750417115
game8/Clip8,80,player_top,6.234944443345376,22.983779176722777
game8/Clip8,81,player_bottom,0.6224274614686531,-1.5879871715449472
game8/Clip8,81,player_top,6.118352674638502,23.013836472901122
game8/Clip8,82,player_bottom,0.6422546788781399,-1.56803553466522
game8/Clip8,82,player_top,5.9745717236673554,22.922616105790144
game8/Clip8,83,player_bottom,0.6649048465143208,-1.4916399900949286
game8/Clip8,83,player_top,5.790610773299455,22.855331389426706
game8/Clip8,84,player_bottom,0.6948103444251158,-1.3193653736311475
game8/Clip8,84,player_top,5.648983860699147,22.72871529794279
game8/Clip8,85,player_bottom,0.760464604158564,-1.254290946938118
game8/Clip8,85,player_top,5.466484753808392,22.63459693019189
game8/Clip8,86,player_bottom,0.8648995074197917,-1.2403358052360947
game8/Clip8,86,player_top,5.2582296970976845,22.598187201597085
game8/Clip8,87,player_bottom,1.0162119943387682,-1.2446336049413664
game8/Clip8,87,player_top,5.03655988823215,22.55645789169886
game8/Clip8,88,player_bottom,1.1031494000890665,-1.2331299804640496
game8/Clip8,88,player_top,4.850210512977945,22.508814019009613
game8/Clip8,89,player_bottom,1.189621294726345,-1.1667741562239966
game8/Clip8,89,player_top,4.7315886501739515,22.68225496875658
game8/Clip8,90,player_bottom,1.2749845469601366,-1.0674881427631253
game8/Clip8,90,player_top,4.570764822343826,22.690292912549253
game8/Clip8,91,player_bottom,1.3950842288496985,-1.0254229305836353
game8/Clip8,91,player_top,4.440115499261918,22.69431376264684
game8/Clip8,92,player_bottom,1.5637570472143403,-1.029485932369011
game8/Clip8,92,player_top,4.214020972285468,22.604749965402636
game8/Clip8,93,player_bottom,1.700217190069518,-1.030040656181319
game8/Clip8,93,player_top,4.043730484161718,22.581229193869962
game8/Clip8,94,player_bottom,1.8079060344286624,-1.0492729102092406
game8/Clip8,94,player_top,3.9538417400329795,22.348021394616207
game8/Clip8,95,player_bottom,1.9140059152305626,-1.0819495801642638
game8/Clip8,95,player_top,3.8904618131485202,22.46640849922842
game8/Clip8,96,player_bottom,2.0396703308646855,-1.103837907042384
game8/Clip8,96,player_top,3.818019021871129,22.448359725820616
game8/Clip8,97,player_bottom,2.137233143943423,-1.1205936790834032
game8/Clip8,97,player_top,3.69456247730251,22.031839717863757
game8/Clip8,98,player_bottom,2.220334927148036,-1.1595328533602014
game8/Clip8,98,player_top,3.6028616365547523,21.737804044748408
game8/Clip8,99,player_bottom,2.3152214930852257,-1.1749111584731817
game8/Clip8,99,player_top,3.5083757931554462,21.599768542657223
game8/Clip8,100,player_bottom,2.437494633634348,-1.1608399927174617
game8/Clip8,100,player_top,3.4341604847119727,21.52059660699253
game8/Clip8,101,player_bottom,2.5789876288104936,-1.1313250076824033
game8/Clip8,101,player_top,3.3674654394424643,21.400311492577334
game8/Clip8,102,player_bottom,2.7297020812037847,-1.1586811636640877
game8/Clip8,102,player_top,3.327203849012282,21.319763133783205
game8/Clip8,103,player_bottom,2.8601950778264555,-1.1825681337992082
game8/Clip8,103,player_top,3.2488456443293967,21.253402423454407
game8/Clip8,104,player_bottom,2.9726976085854226,-1.2437877113294016
game8/Clip8,104,player_top,3.1633019836878504,21.25305758260182
game8/Clip8,105,player_bottom,3.074386358512781,-1.1800110174011713
game8/Clip8,105,player_top,3.065052242351837,21.25247674570145
game8/Clip8,106,player_bottom,3.1973013491528812,-1.3278009374802506
game8/Clip8,106,player_top,2.9802988326870388,21.285152873858753
game8/Clip8,107,player_bottom,3.291646715615351,-1.415459523207443
game8/Clip8,107,player_top,2.8409216646542848,21.26996612617936
game8/Clip8,108,player_bottom,3.446230601960245,-1.5189453021667547
game8/Clip8,108,player_top,2.7399126180910125,21.278792605941607
game8/Clip8,109,player_bottom,3.55211298191384,-1.5756459161449987
game8/Clip8,109,player_top,2.669045472630467,21.28638902426424
game8/Clip8,110,player_bottom,3.6673626106497355,-1.6425422900695856
game8/Clip8,110,player_top,2.604235398006969,21.303379797539044
game8/Clip8,111,player_bottom,3.7252956221517275,-1.713497398686373
game8/Clip8,111,player_top,2.5342583688875493,21.304794916752712
game8/Clip8,112,player_bottom,3.7535142810051285,-1.7460847111167046
game8/Clip8,112,player_top,2.4766375679625035,21.310729128732156
game8/Clip8,113,player_bottom,3.8400444594814225,-1.7781030685127683
game8/Clip8,113,player_top,2.3979666131269153,21.332803604887797
game8/Clip8,114,player_bottom,3.9672441531479685,-1.7943683357383047
game8/Clip8,114,player_top,2.3553538810543087,21.362483171942177
game8/Clip8,115,player_bottom,4.171599679553068,-1.7936097571830631
game8/Clip8,115,player_top,2.3251104711595483,21.452127441726155
game8/Clip8,116,player_bottom,4.3453374316431495,-1.807267627489647
game8/Clip8,116,player_top,2.3034344109928373,21.574141607097747
game8/Clip8,117,player_bottom,4.448331765785488,-1.8072189695700296
game8/Clip8,117,player_top,2.250482944683951,21.762714014789054
game8/Clip8,118,player_bottom,4.5407241039361725,-1.7976881800635245
game8/Clip8,118,player_top,2.20228013501011,21.870265081325122
game8/Clip8,119,player_bottom,4.686187734305971,-1.7471070872406684
game8/Clip8,119,player_top,2.1603019392566507,21.954459699483028
game8/Clip8,120,player_bottom,4.8082801131332396,-1.6374274323578852
game8/Clip8,120,player_top,2.1240542607451816,22.08068711174889
game8/Clip8,121,player_bottom,4.936379178912128,-1.628488971320907
game8/Clip8,121,player_top,2.093812052375651,22.149636435732315
game8/Clip8,122,player_bottom,5.145063797031625,-1.5869327132241082
game8/Clip8,122,player_top,2.0905438616994867,22.165331243486236
game8/Clip8,123,player_bottom,5.315473608763787,-1.6307437693640863
game8/Clip8,123,player_top,2.1107658011958508,22.17544199198456
game8/Clip8,124,player_bottom,5.46666274731125,-1.6727674005978572
game8/Clip8,124,player_top,2.11980225733723,22.185589037102783
game8/Clip8,125,player_bottom,5.58504031698048,-1.7051580566695883
game8/Clip8,125,player_top,2.1181076475087055,22.184268191095725
game8/Clip8,126,player_bottom,5.691016782025727,-1.6983300826750003
game8/Clip8,126,player_top,2.1110623929504024,22.181027728071633
game8/Clip8,127,player_bottom,5.790068684825859,-1.6669638915370641
game8/Clip8,127,player_top,2.1063859071962034,22.205518319559182
game8/Clip8,128,player_bottom,5.901260703503544,-1.6183279461619184
game8/Clip8,128,player_top,2.1403143909986113,22.24084683244328
game8/Clip8,129,player_bottom,6.038710664195898,-1.2144883893749725
game8/Clip8,129,player_top,2.192978813712945,22.383724780387666
game8/Clip8,130,player_bottom,6.206471555034006,-1.0875406369748555
game8/Clip8,130,player_top,2.272736898918294,22.609682170170636
game8/Clip8,131,player_bottom,6.310496711385524,-0.9263843206455123
game8/Clip8,131,player_top,2.371344795206813,22.821273651115604
game8/Clip8,132,player_bottom,6.475548944021024,-0.8703428863015822
game8/Clip8,132,player_top,2.4458965334320903,22.913921000917668
game8/Clip8,133,player_bottom,6.50898892104812,-0.7946772115934869
game8/Clip8,133,player_top,2.5082415595377374,22.984481247042684
game8/Clip8,134,player_bottom,6.633584218638555,-0.7843435047675552
game8/Clip8,134,player_top,2.5644838579641354,22.98931991550468
game8/Clip8,135,player_bottom,6.751453217637776,-0.7570562379933837
game8/Clip8,135,player_top,2.641298928833203,22.81723025705343
game8/Clip8,136,player_bottom,6.843999664491278,-0.7262404475585954
game8/Clip8,136,player_top,2.6784463172087167,22.775115012513297
game8/Clip8,137,player_bottom,6.9371679231642895,-0.6806504619907607
game8/Clip8,137,player_top,2.6877838988767593,22.764206166742046
game8/Clip8,138,player_bottom,7.032028757785048,-0.5602960174597329
game8/Clip8,138,player_top,2.693535739943163,22.747015417235183
game8/Clip8,139,player_bottom,7.130344303322352,-0.3880093917851249
game8/Clip8,139,player_top,2.6935709427004006,22.7255956428919
game8/Clip8,140,player_bottom,7.223607943623522,-0.23705392933641994
game8/Clip8,140,player_top,2.6917912458947644,22.72951744588608
game8/Clip8,141,player_bottom,7.302144018744146,-0.0997509611595189
game8/Clip8,141,player_top,2.6904584854416864,22.746138560165104
game8/Clip8,142,player_bottom,7.367173884964051,-0.0032030447419424545
game8/Clip8,142,player_top,2.6912958119420427,22.85061170032878
game8/Clip8,143,player_bottom,7.4577077570923995,0.04805753069162155
game8/Clip8,143,player_top,2.696379224168888,22.938475196952222
game8/Clip8,144,player_bottom,7.564246930985123,0.10563884251699789
game8/Clip8,144,player_top,2.6822135052832463,23.019463152652797
game8/Clip8,145,player_bottom,7.653492275611427,0.16018505613704512
game8/Clip8,145,player_top,2.675098120566885,23.099022818141854
game8/Clip8,146,player_bottom,7.706044640042957,0.16165298509206585
game8/Clip8,146,player_top,2.684891183725324,23.094970970884987
game8/Clip8,147,player_bottom,7.73267293202513,0.1618101652493172
game8/Clip8,147,player_top,2.689591745009929,23.094528184383957
game8/Clip8,148,player_bottom,7.756563118550738,0.198704844016404
game8/Clip8,148,player_top,2.680630527584991,23.10233204716477
game8/Clip8,149,player_bottom,7.783213441137171,0.27291412649868335
game8/Clip8,149,player_top,2.6539240854835118,23.10619361638406
game8/Clip8,150,player_bottom,7.823288848787448,0.3713139592151513
game8/Clip8,150,player_top,2.671302587344998,23.131303076781876
game8/Clip8,151,player_bottom,7.834635800491533,0.43152610934261315
game8/Clip8,151,player_top,2.6972212144852117,23.167508741754723
game8/Clip8,152,player_bottom,7.839375427766568,0.46457952380332684
game8/Clip8,152,player_top,2.787254725257493,23.197046144412607
game8/Clip8,153,player_bottom,7.83639502719944,0.46112480264156824
game8/Clip8,153,player_top,2.9098925898648016,23.383300453628497
game8/Clip8,154,player_bottom,7.834846658520078,0.45911115422369875
game8/Clip8,154,player_top,3.081579004296652,23.412540168214814
game8/Clip8,155,player_bottom,7.818659315298544,0.46049611086267356
game8/Clip8,155,player_top,3.2207706889288295,23.452287239175753
game8/Clip8,156,player_bottom,7.829964455446837,0.47333204404895174
game8/Clip8,156,player_top,3.302881380694879,23.49416758539976
game8/Clip8,157,player_bottom,7.787679540674664,0.47452686560149737
game8/Clip8,157,player_top,3.3838189265869154,23.56666642878038
game8/Clip8,158,player_bottom,7.7098470932330505,0.44178021337938433
game8/Clip8,158,player_top,3.531164823099513,23.561008498861085
game8/Clip8,159,player_bottom,7.730157547319507,0.43104260085647744
game8/Clip8,159,player_top,3.682538374378959,23.50928211218456
game8/Clip8,160,player_bottom,7.593712828999902,0.42119044164863184
game8/Clip8,160,player_top,3.9752683392976267,23.497661630412473
game8/Clip8,161,player_bottom,7.4722407214737485,0.41297972371594777
game8/Clip8,161,player_top,4.1145081353596025,23.454232856874345
game8/Clip8,162,player_bottom,7.339661652314835,0.4082702533908778
game8/Clip8,162,player_top,4.221409720013947,23.42978884842128
game8/Clip8,163,player_bottom,7.25182906009648,0.43089800186850497
game8/Clip8,163,player_top,4.28795336428563,23.414338877183418
game8/Clip8,164,player_bottom,7.179360540865671,0.6143350308260392
game8/Clip8,164,player_top,4.44828696558384,23.40221129176293
game8/Clip8,165,player_bottom,7.065019335607108,0.499609089112382
game8/Clip8,165,player_top,4.587420201904194,23.41270787546908
game8/Clip8,166,player_bottom,6.970005980265708,0.49515783651996204
game8/Clip8,166,player_top,4.679637913836971,23.576153078188952
game8/Clip8,167,player_bottom,6.824980184612833,0.3690081814026307
game8/Clip8,167,player_top,4.803790684490067,23.672101241654826
game8/Clip8,168,player_bottom,6.747150411856892,0.28713096771784485
game8/Clip8,168,player_top,4.968237625008851,23.659546542689423
game8/Clip8,169,player_bottom,6.676368575840448,0.2641478496100527
game8/Clip8,169,player_top,5.158554389295178,23.732325154446652
game8/Clip8,170,player_bottom,6.594360674168094,0.23159759802071017
game8/Clip8,170,player_top,5.291034539975701,23.946226769623983
game8/Clip8,171,player_bottom,6.477348699727414,0.2151393659545633
game8/Clip8,171,player_top,5.423524677466719,24.191286801298006
game8/Clip8,172,player_bottom,6.333756939486049,0.20956580812384687
game8/Clip8,172,player_top,5.563387304152259,24.157027448509737
game8/Clip8,173,player_bottom,6.18851204842884,0.197870543771141
game8/Clip8,173,player_top,5.675355755804414,24.168473939449363
game8/Clip8,174,player_bottom,6.074491773893865,0.3575969899319935
game8/Clip8,174,player_top,5.742308398505354,24.133521556223055
game8/Clip8,175,player_bottom,5.950911455673228,0.4262266940951125
game8/Clip8,175,player_top,5.899265807635227,24.154408206641016
game8/Clip8,176,player_bottom,5.814734885150392,0.20720747895312286
game8/Clip8,176,player_top,6.071649670260903,24.152057749349456
game8/Clip8,177,player_bottom,5.702511427816269,0.07643179835007773
game8/Clip8,177,player_top,6.180339859837103,24.15814271703024
game8/Clip8,178,player_bottom,5.5723724175889,0.038956650834851926
game8/Clip8,178,player_top,6.277027636082492,24.118259097190077
game8/Clip8,179,player_bottom,5.4487777191533535,-0.04683816313676811
game8/Clip8,179,player_top,6.326386386889535,24.112800912890798
game8/Clip8,180,player_bottom,5.347259533804872,-0.13136551027095586
game8/Clip8,180,player_top,6.347694097933661,24.156337228719863
game8/Clip8,181,player_bottom,5.199488600889261,-0.19314092198928196
game8/Clip8,181,player_top,6.373859282415994,24.19171547309207
game8/Clip8,182,player_bottom,5.0324470464499145,-0.229245590151361
game8/Clip8,182,player_top,6.400838061578785,24.263388927556232
game8/Clip8,183,player_bottom,4.8668497996502555,-0.23008733204813225
game8/Clip8,183,player_top,6.425408519640832,24.30264380311626
game8/Clip8,184,player_bottom,4.734012170060891,-0.2392170759145244
game8/Clip8,184,player_top,6.443166816719387,24.348103725900156
game8/Clip8,185,player_bottom,4.597011816002971,-0.22000312406678948
game8/Clip8,185,player_top,6.462299738769142,24.3634177063566
game8/Clip8,186,player_bottom,4.451950564238364,-0.23480588199961344
game8/Clip8,186,player_top,6.476796932327395,24.38517781381193
game8/Clip8,187,player_bottom,4.291078488598112,-0.3348811864357025
game8/Clip8,187,player_top,6.482463820634317,24.407677805907532
game8/Clip8,188,player_bottom,4.146074717670108,-0.3911830413422758
game8/Clip8,188,player_top,6.47878294712975,24.42531992011871
game8/Clip8,189,player_bottom,3.9841693188961758,-0.46207373119349154
game8/Clip8,189,player_top,6.481818153553315,24.41644865687889
game8/Clip8,190,player_bottom,3.818501128341121,-0.5709483907860852
game8/Clip8,190,player_top,6.474680272761982,24.356909456674583
game8/Clip8,191,player_bottom,3.6791194029776766,-0.6692911401265469
game8/Clip8,191,player_top,6.462334651161604,24.162156965242236
game8/Clip8,192,player_bottom,3.577559114635707,-0.7412381402910987
game8/Clip8,192,player_top,6.440518215342017,24.086499474983004
game8/Clip8,193,player_bottom,3.457360009456902,-0.7370249943230835
game8/Clip8,193,player_top,6.38591549758948,24.066745420066553
game8/Clip8,194,player_bottom,3.3278329474207538,-0.7201478018405122
game8/Clip8,194,player_top,6.3040216605898,24.042748724768273
game8/Clip8,195,player_bottom,3.200122616557458,-0.6929448292821032
game8/Clip8,195,player_top,6.231811284368423,24.0263325002363
game8/Clip8,196,player_bottom,3.050436066321527,-0.6873396848306818
game8/Clip8,196,player_top,6.153511993301604,24.085379780448662
game8/Clip8,197,player_bottom,2.947148502299102,-0.6917624804826811
game8/Clip8,197,player_top,6.099872346340805,23.96175541524707
game8/Clip8,198,player_bottom,2.8660718140750316,-0.6786258063566319
game8/Clip8,198,player_top,6.057177934551569,23.803576899325616
game8/Clip8,199,player_bottom,2.8020734982935287,-0.6317933533054063
game8/Clip8,199,player_top,5.988110906166618,23.73581055231881
game8/Clip8,200,player_bottom,2.735910281984336,-0.5790747530562296
game8/Clip8,200,player_top,5.918956589684173,23.643453341871602
game8/Clip8,201,player_bottom,2.678502362533892,-0.5504671526758527
game8/Clip8,201,player_top,5.876825513485839,23.571751867412512
game8/Clip8,202,player_bottom,2.6098476705160794,-0.5274087001526125
game8/Clip8,202,player_top,5.8519032072700945,23.541845655209432
game8/Clip8,203,player_bottom,2.5532504409886263,-0.47953641380012413
game8/Clip8,203,player_top,5.826204465838531,23.492494855003663
game8/Clip8,204,player_bottom,2.498887929268429,-0.4626234793134326
game8/Clip8,204,player_top,5.778643913558316,23.482488835298412
game8/Clip8,205,player_bottom,2.448853054965852,-0.4579735457851424
game8/Clip8,205,player_top,5.686021253135989,23.365828620079093
game8/Clip8,206,player_bottom,2.453047759477581,-0.44253677791441803
game8/Clip8,206,player_top,5.603226746980247,23.187355741878083
game8/Clip8,207,player_bottom,2.339644466589863,-0.44865414351701305
game8/Clip8,207,player_top,5.540643836181472,22.981775308478078
game8/Clip8,208,player_bottom,2.3563109391078507,-0.4813207975851925
game8/Clip8,208,player_top,5.501441786246039,22.894773777029684
game8/Clip8,209,player_bottom,2.3647634181167656,-0.4960080567154803
game8/Clip8,209,player_top,5.4819667419062705,22.84832887816959
game8/Clip8,210,player_bottom,2.333204772478425,-0.5231071233054158
game8/Clip8,210,player_top,5.46618832913169,22.827016066615265
game8/Clip8,211,player_bottom,2.2718011961580626,-0.5603874043452317
game8/Clip8,211,player_top,5.453787848962672,22.78154345649999
game8/Clip8,212,player_bottom,2.1966349777481606,-0.5885353395607245
game8/Clip8,212,player_top,5.447360568074343,22.782721784289297
game8/Clip8,213,player_bottom,2.1167652506251735,-0.5999106728778022
game8/Clip8,213,player_top,5.452426637149789,22.768867596792646
game8/Clip8,214,player_bottom,2.0516487862631254,-0.6413943777116692
game8/Clip8,214,player_top,5.487174389247133,22.775639302208074
game8/Clip8,215,player_bottom,2.0102885292161146,-0.7135308671754406
game8/Clip8,215,player_top,5.544086769740759,22.74400544414327
game8/Clip8,216,player_bottom,1.9791935143770618,-0.7471477681650365
game8/Clip8,216,player_top,5.649708682235843,22.748209159330337
game8/Clip8,217,player_bottom,1.945983194343231,-0.7574091142107325
game8/Clip8,217,player_top,5.775128057911736,22.781177763557718
game8/Clip8,218,player_bottom,1.9840490931788413,-0.7755061074280688
game8/Clip8,218,player_top,5.926333578540094,22.81202218529616
game8/Clip8,219,player_bottom,2.001837031374383,-0.7797107851349256
game8/Clip8,219,player_top,6.00468138329994,22.80252545492948
game8/Clip8,220,player_bottom,2.0259851398494204,-0.792669683863914
game8/Clip8,220,player_top,6.057657193729297,22.662551539829728
game8/Clip8,221,player_bottom,2.072474964408988,-0.8283341136199404
game8/Clip8,221,player_top,6.119040149905499,22.681009998439563
game8/Clip8,222,player_bottom,2.092802065816081,-0.828879231409981
game8/Clip8,222,player_top,6.2119452935587445,22.509648906089687
game8/Clip8,223,player_bottom,2.1241811354405975,-0.8236768385124843
game8/Clip8,223,player_top,6.325466295135689,22.345491883705634
game8/Clip8,224,player_bottom,2.2485340554655178,-0.8788453285619169
game8/Clip8,224,player_top,6.515355687000686,22.33695053013698
game8/Clip8,225,player_bottom,2.308204889702799,-0.940484252319511
game8/Clip8,225,player_top,6.70646332315505,22.32884738332505
game8/Clip8,226,player_bottom,2.32934256041745,-1.013987529705221
game8/Clip8,226,player_top,6.8583797580993515,22.270976148805982
game8/Clip8,227,player_bottom,2.3868880563790174,-1.1063895734211981
game8/Clip8,227,player_top,6.976290535622627,22.260654491035915
game8/Clip8,228,player_bottom,2.4690917793108036,-1.170972409408972
game8/Clip8,228,player_top,7.0425958969840785,22.244910363100406
game8/Clip8,229,player_bottom,2.532351177204537,-1.3065951336027635
game8/Clip8,229,player_top,7.149329543650757,22.243352552735665
game8/Clip8,230,player_bottom,2.5851411103909556,-1.4334387784213396
game8/Clip8,230,player_top,7.258944595649497,22.046709453449537
game8/Clip8,231,player_bottom,2.6216991855114786,-1.5569739755185088
game8/Clip8,231,player_top,7.352669110257215,21.982693490414327
game8/Clip8,232,player_bottom,2.654778059970827,-1.6296948857506655
game8/Clip8,232,player_top,7.412839372193764,21.964988409370452
game8/Clip8,233,player_bottom,2.656485652533286,-1.6582452881690137
game8/Clip8,233,player_top,7.457569774572862,21.805487798160215
game8/Clip8,234,player_bottom,2.6468087462889978,-1.6670059563649724
game8/Clip8,234,player_top,7.487857675397005,21.861726265097147
game8/Clip8,235,player_bottom,2.631754566766969,-1.6664584302952343
game8/Clip8,235,player_top,7.514264366285426,21.989796721608403
game8/Clip8,236,player_bottom,2.6250383419514365,-1.645923664350488
game8/Clip8,236,player_top,7.54719949005779,22.04031378773135
game8/Clip8,237,player_bottom,2.6129134257699573,-1.6238789627083878
game8/Clip8,237,player_top,7.5695635456940185,22.048436944591177
game8/Clip8,238,player_bottom,2.5840882703336905,-1.6116239718658767
game8/Clip8,238,player_top,7.579829507736752,22.057998360875224
game8/Clip8,239,player_bottom,2.5558724223737963,-1.6336550162113286
game8/Clip8,239,player_top,7.587315033164708,22.097489751062437
game8/Clip8,240,player_bottom,2.532845904508481,-1.695148163074163
game8/Clip8,240,player_top,7.608979814744765,22.077815142805004
game8/Clip8,241,player_bottom,2.506862227129239,-1.7538397423021441
game8/Clip8,241,player_top,7.623242820009018,22.061529151670232
game8/Clip8,242,player_bottom,2.4949147667031735,-1.851293929797329
game8/Clip8,242,player_top,7.640996478346925,22.052203485203012
game8/Clip8,243,player_bottom,2.4884783576143614,-1.9188605905948861
game8/Clip8,243,player_top,7.65647289259644,22.057889389143195
game8/Clip8,244,player_bottom,2.486477679786462,-1.9296765793840522
game8/Clip8,244,player_top,7.679116563235507,22.062089743286297
game8/Clip8,245,player_bottom,2.4818697140707817,-1.9049508909605286
game8/Clip8,245,player_top,7.686315075189009,22.055312599791545
game8/Clip8,246,player_bottom,2.4674738928651476,-1.8814432394646392
game8/Clip8,246,player_top,7.694095218672016,22.034217438795086
game8/Clip8,247,player_bottom,2.3933937336265516,-1.8687190727488707
game8/Clip8,247,player_top,7.686599625050418,22.035408943980183
game8/Clip8,248,player_bottom,2.2928570690142904,-1.864955121238448
game8/Clip8,248,player_top,7.68000136937322,22.01897949449903
game8/Clip8,249,player_bottom,2.227288679852256,-1.8446300607537072
game8/Clip8,249,player_top,7.667077448818266,22.006968745229262
game8/Clip8,250,player_bottom,2.1766498523439446,-1.7919171653986712
game8/Clip8,250,player_top,7.584708639644281,21.9992818652281
game8/Clip8,251,player_bottom,2.1339005742458137,-1.7807410966845336
game8/Clip8,251,player_top,7.529111006896689,21.992088012589036
game8/Clip8,252,player_bottom,2.0916987152244015,-1.8133368945291495
game8/Clip8,252,player_top,7.49615048287595,21.994055548283455
game8/Clip8,253,player_bottom,2.0712152505398462,-1.8544959019812364
game8/Clip8,253,player_top,7.433334109497745,22.01644486301404
game8/Clip8,254,player_bottom,2.062696985271335,-1.8561653069273456
game8/Clip8,254,player_top,7.397304245998723,22.0498486420924
game8/Clip8,255,player_bottom,2.0712432196794834,-1.863062857781923
game8/Clip8,255,player_top,7.372696242588714,22.05887705956016
game8/Clip8,256,player_bottom,2.1116737992086496,-1.8484087730580245
game8/Clip8,256,player_top,7.3445400508694165,22.0484986841005
game8/Clip8,257,player_bottom,2.1564617340205987,-1.7322054921000964
game8/Clip8,257,player_top,7.228263751170332,22.160561850037663
game8/Clip8,258,player_bottom,2.1722739120137864,-1.3210091996788458
game8/Clip8,258,player_top,7.115811475271906,22.238716392431943
game8/Clip8,259,player_bottom,2.212775760513676,-1.125725622903592
game8/Clip8,259,player_top,7.016781733414983,22.297895753970547
game8/Clip8,260,player_bottom,2.2673578576428826,-0.9518209986121698
game8/Clip8,260,player_top,6.923904966341143,22.339165409226315
game8/Clip8,261,player_bottom,2.2850652073286355,-0.8211798826952386
game8/Clip8,261,player_top,6.818632824443954,22.399967710935982
game8/Clip8,262,player_bottom,2.392453083116027,-0.7848830920511989
game8/Clip8,262,player_top,6.722385956008602,22.432122224253465
game8/Clip8,263,player_bottom,2.498199187085001,-0.7702844314725645
game8/Clip8,263,player_top,6.633974594188404,22.334418013635304
game8/Clip8,264,player_bottom,2.599180650306803,-0.7677953679685678
game8/Clip8,264,player_top,6.552613190518302,22.298392517292108
game8/Clip8,265,player_bottom,2.621618735560824,-0.7659491742992853
game8/Clip8,265,player_top,6.4260509171866875,22.29271043685583
game8/Clip8,266,player_bottom,2.6082413908466067,-0.7651421733698023
game8/Clip8,266,player_top,6.273051170252571,22.264292874069763
game8/Clip8,267,player_bottom,2.5693656544980845,-0.7456950243804388
game8/Clip8,267,player_top,6.156224219493614,22.280462107259307
game8/Clip8,268,player_bottom,2.5679258631803266,-0.7228060636028939
game8/Clip8,268,player_top,6.108229562873312,22.292879793924097
game8/Clip8,269,player_bottom,2.5770801135525887,-0.6935892048611313
game8/Clip8,269,player_top,6.045356391957207,22.31671716243601
game8/Clip8,270,player_bottom,2.5930610858581495,-0.6663690200300212
game8/Clip8,270,player_top,5.971521598273112,22.37645310468572
game8/Clip8,271,player_bottom,2.60820990117499,-0.5798206081957777
game8/Clip8,271,player_top,5.8979553821673445,22.5380147871698
game8/Clip8,272,player_bottom,2.637137835130598,-0.46838955856432457
game8/Clip8,272,player_top,5.851734373254393,22.733855013222634
game8/Clip8,273,player_bottom,2.6626727071793583,-0.1374003772498284
game8/Clip8,273,player_top,5.7944110590778735,22.990079309287268
game8/Clip8,274,player_bottom,2.6962202430117017,0.03347499838199228
game8/Clip8,274,player_top,5.735586187839989,23.190422285972573
game8/Clip8,275,player_bottom,2.7338467999585365,0.14614933236431868
game8/Clip8,275,player_top,5.657692706398651,23.18438552607328
game8/Clip8,276,player_bottom,2.7729054121279093,0.15045277353205638
game8/Clip8,276,player_top,5.611505901713131,23.208364340561186
game8/Clip8,277,player_bottom,2.806965330190987,0.21382283361255472
game8/Clip8,277,player_top,5.554012138097478,23.250453150197156
game8/Clip8,278,player_bottom,2.84668677501185,0.2284716008655998
game8/Clip8,278,player_top,5.506111635870724,23.239624505984736
game8/Clip8,279,player_bottom,2.925439975509748,0.24203845937026489
game8/Clip8,279,player_top,5.479548819142205,23.242762612842736
game8/Clip8,280,player_bottom,3.022266959392642,0.22812247991958057
game8/Clip8,280,player_top,5.476788502884085,23.261200839616762
game8/Clip8,281,player_bottom,3.11229832462133,0.22717708534144682
game8/Clip8,281,player_top,5.462427499480558,23.29931280301556
game8/Clip8,282,player_bottom,3.104406349037426,0.23006329112891521
game8/Clip8,282,player_top,5.348534382337036,23.4515880385357
game8/Clip8,283,player_bottom,3.168661909729139,0.2558663228745807
game8/Clip8,283,player_top,5.203281478585906,23.674774139982798
game8/Clip8,284,player_bottom,3.2131525404141614,0.3271313194546798
game8/Clip8,284,player_top,5.062312286565004,23.73839653209423
game8/Clip8,285,player_bottom,3.2598952056027746,0.45946463750733135
game8/Clip8,285,player_top,4.891853825046254,23.78941425290629
game8/Clip8,286,player_bottom,3.2983916091034775,0.6466078811305898
game8/Clip8,286,player_top,4.733748900172655,23.842725962316067
game8/Clip8,287,player_bottom,3.3186908012550855,0.8504643189456242
game8/Clip8,287,player_top,4.5866200581970435,23.86394384864313
game8/Clip8,288,player_bottom,3.3310909445053793,0.994593797747368
game8/Clip8,288,player_top,4.456792227663635,23.847930391905642
game8/Clip8,289,player_bottom,3.359498150741596,1.0738375213243427
game8/Clip8,289,player_top,4.321002195410436,23.96820778896569
game8/Clip8,290,player_bottom,3.3897281342305408,1.1485513636490203
game8/Clip8,290,player_top,4.218482111326556,24.057044625543874
game8/Clip8,291,player_bottom,3.4065711637038314,1.2027094175562398
game8/Clip8,291,player_top,4.0835245330644385,23.944596889080078
game8/Clip8,292,player_bottom,3.401023285096434,1.3362117349595959
game8/Clip8,292,player_top,3.9597060579782055,23.9162995055198
game8/Clip8,293,player_bottom,3.4050669728303102,1.494888546924575
game8/Clip8,293,player_top,3.7711716329201947,23.895856338815104
game8/Clip8,294,player_bottom,3.446568302125664,1.6000767483234877
game8/Clip8,294,player_top,3.60776092016455,23.874876450816686
game8/Clip8,295,player_bottom,3.477580219359032,1.6727716249660023
game8/Clip8,295,player_top,3.4380358391472807,23.87571558052742
game8/Clip8,296,player_bottom,3.5004611899351668,1.8141211173802383
game8/Clip8,296,player_top,3.244404422623497,23.869351202765667
game8/Clip8,297,player_bottom,3.5072859811891317,1.9098175361574157
game8/Clip8,297,player_top,3.1252872908838314,23.853108632109233
game8/Clip8,298,player_bottom,3.509524473656027,1.9504176642062845
game8/Clip8,298,player_top,3.0329704628411847,23.892184146469127
game8/Clip8,299,player_bottom,3.506425616913552,2.021517326424425
game8/Clip8,299,player_top,2.9526253436745176,23.936840366427404
game8/Clip8,300,player_bottom,3.4967817269337647,2.0304779192783307
game8/Clip8,300,player_top,2.858453123317968,23.94731878505124
game8/Clip8,301,player_bottom,3.47797274068116,2.1034497504896064
game8/Clip8,301,player_top,2.75158574984124,24.04715955590142
game8/Clip8,302,player_bottom,3.476317358206753,2.1523835369628004
game8/Clip8,302,player_top,2.6550655572439266,24.074922521172677
game8/Clip8,303,player_bottom,3.4857222999320006,2.2422414585565225
game8/Clip8,303,player_top,2.5788793897777773,24.221715840274978
game8/Clip8,304,player_bottom,3.4964942788260776,2.339217582176166
game8/Clip8,304,player_top,2.4910489115672902,24.28604083335478
game8/Clip8,305,player_bottom,3.5037364509541873,2.423271201125636
game8/Clip8,305,player_top,2.420812798877864,24.347051135857033
game8/Clip8,306,player_bottom,3.50391000597707,2.5181386202933833
game8/Clip8,306,player_top,2.3432685093089374,24.34890490738518
game8/Clip8,307,player_bottom,3.4998872668684693,2.6221279800920465
game8/Clip8,307,player_top,2.2617230476452654,24.322554900556167
game8/Clip8,308,player_bottom,3.493846932099087,2.7213514565194687
game8/Clip8,308,player_top,2.179058416838365,24.319290494821995
game8/Clip8,309,player_bottom,3.488832112707852,2.792284869099424
game8/Clip8,309,player_top,2.0771430172513106,24.339296056919412
game8/Clip8,310,player_bottom,3.5127544420049603,2.833497934868886
game8/Clip8,310,player_top,2.0028910231169306,24.366086881576894
game8/Clip8,311,player_bottom,3.527013172605389,2.8642281224932584
game8/Clip8,311,player_top,1.9440684828392092,24.395427330911666
game8/Clip8,312,player_bottom,3.537723768441997,2.885308637837319
game8/Clip8,312,player_top,1.9148827587332018,24.41030410043421
game8/Clip8,313,player_bottom,3.5473647811833446,2.9000935656130022
game8/Clip8,313,player_top,1.8992326035695513,24.412340999594676
game8/Clip8,314,player_bottom,3.5531440835909276,2.941038117079967
game8/Clip8,314,player_top,1.8736502767714316,24.399565844740643
game8/Clip8,315,player_bottom,3.5526255687977626,2.9661173287363995
game8/Clip8,315,player_top,1.8322203325989148,24.435335615081154
game8/Clip8,316,player_bottom,3.560078460276248,3.0216170446802066
game8/Clip8,316,player_top,1.783620113040456,24.45832959687805
game8/Clip8,317,player_bottom,3.545061667411039,3.1288954995562404
game8/Clip8,317,player_top,1.730428434142322,24.459111983630173
game8/Clip8,318,player_bottom,3.5472683244556205,3.256538270615682
game8/Clip8,318,player_top,1.6985498764465128,24.456277706385848
game8/Clip9,0,player_bottom,2.962672574093114,-1.1459612617822281
game8/Clip9,0,player_top,7.831491221736028,24.161807054914057
game8/Clip9,1,player_bottom,2.962672574093114,-1.1459612617822281
game8/Clip9,1,player_top,7.831491221736028,24.161807054914057
game8/Clip9,2,player_bottom,2.9856434143485995,-1.0438214843010234
game8/Clip9,2,player_top,7.8324671781355315,24.16417784856768
game8/Clip9,3,player_bottom,3.0174920708327226,-0.8478814536736338
game8/Clip9,3,player_top,7.832372413401983,24.162301487038512
game8/Clip9,4,player_bottom,3.0735068487120394,-0.6762582527841832
game8/Clip9,4,player_top,7.831870862967372,24.159209569834058
game8/Clip9,5,player_bottom,3.1323840171812103,-0.5897543179989488
game8/Clip9,5,player_top,7.8325199736779965,24.162398216217877
game8/Clip9,6,player_bottom,3.1837081044932227,-0.5438736353720911
game8/Clip9,6,player_top,7.833057580920737,24.166992770123105
game8/Clip9,7,player_bottom,3.2064412666306157,-0.5025349125330965
game8/Clip9,7,player_top,7.82700658212828,24.17389245445228
game8/Clip9,8,player_bottom,3.215685713830121,-0.43060901137339685
game8/Clip9,8,player_top,7.7917344659477,24.18325530050539
game8/Clip9,9,player_bottom,3.22452039286925,-0.33249312116577207
game8/Clip9,9,player_top,7.737000829329819,24.148505199446642
game8/Clip9,10,player_bottom,3.229679212043067,-0.33109321102513994
game8/Clip9,10,player_top,7.68103740880776,24.07082653186778
game8/Clip9,11,player_bottom,3.2068489549434243,-0.34491678832919925
game8/Clip9,11,player_top,7.647887813051245,24.007649621379414
game8/Clip9,12,player_bottom,3.1892586980417126,-0.35636896675844104
game8/Clip9,12,player_top,7.636405072380643,23.989804285872022
game8/Clip9,13,player_bottom,3.173491896703347,-0.35750323112922266
game8/Clip9,13,player_top,7.636572294100983,23.990121100072297
game8/Clip9,14,player_bottom,3.154016687635606,-0.3583669895087858
game8/Clip9,14,player_top,7.637756821759716,23.961466241497586
game8/Clip9,15,player_bottom,3.1284540445543025,-0.34133086898550846
game8/Clip9,15,player_top,7.650983315619368,23.909527473577135
game8/Clip9,16,player_bottom,3.117170224766229,-0.3577225875896384
game8/Clip9,16,player_top,7.687502987586356,23.988945681263104
game8/Clip9,17,player_bottom,3.08979111832417,-0.31902987974419117
game8/Clip9,17,player_top,7.707620923204672,23.887726420270784
game8/Clip9,18,player_bottom,3.095326346485106,-0.34561082548233213
game8/Clip9,18,player_top,7.727409764746786,23.86368351537187
game8/Clip9,19,player_bottom,3.1058047066815617,-0.4100109422099523
game8/Clip9,19,player_top,7.766293079192198,23.84903515079328
game8/Clip9,20,player_bottom,3.1301770431848075,-0.4685226662094667
game8/Clip9,20,player_top,7.8214335407642,23.799775213472827
game8/Clip9,21,player_bottom,3.137143328405883,-0.5191130110146776
game8/Clip9,21,player_top,7.879399658647384,23.775541905151123
game8/Clip9,22,player_bottom,3.1209277098814447,-0.5896621843248196
game8/Clip9,22,player_top,7.928604380234016,23.737193966738808
game8/Clip9,23,player_bottom,3.0840268512663025,-0.6844067914794859
game8/Clip9,23,player_top,7.982094525758199,23.69258204160212
game8/Clip9,24,player_bottom,3.0682404435137185,-0.7608260973947437
game8/Clip9,24,player_top,8.018380937825837,23.69092113023994
game8/Clip9,25,player_bottom,3.0608453263366786,-0.8113691112139342
game8/Clip9,25,player_top,8.08023127093875,23.680247019528235
game8/Clip9,26,player_bottom,3.036053251212933,-0.866900937531874
game8/Clip9,26,player_top,8.161379682266103,23.629745677908712
game8/Clip9,27,player_bottom,2.9888577566328434,-0.89163225217828
game8/Clip9,27,player_top,8.22418260923791,23.583625591871627
game8/Clip9,28,player_bottom,2.9334309514103833,-0.885169996360228
game8/Clip9,28,player_top,8.283946534920481,23.539502131700083
game8/Clip9,29,player_bottom,2.8727219964365314,-0.895106260849773
game8/Clip9,29,player_top,8.31839162728483,23.367169935899142
game8/Clip9,30,player_bottom,2.816185179738471,-1.01857379607494
game8/Clip9,30,player_top,8.369592234589042,23.249936254599017
game8/Clip9,31,player_bottom,2.7394241851727217,-1.123515295374939
game8/Clip9,31,player_top,8.43323856477285,23.221534815529864
game8/Clip9,32,player_bottom,2.662063585630987,-1.3086035976419075
game8/Clip9,32,player_top,8.521043109598258,23.166483218998223
game8/Clip9,33,player_bottom,2.5893745663640764,-1.468924494405337
game8/Clip9,33,player_top,8.604439691490018,22.874103637154704
game8/Clip9,34,player_bottom,2.5167182430774204,-1.595293424775026
game8/Clip9,34,player_top,8.66481564572769,22.756780945946243
game8/Clip9,35,player_bottom,2.4728828588606104,-1.638031067599118
game8/Clip9,35,player_top,8.708372424536314,22.72435548408338
game8/Clip9,36,player_bottom,2.45028625993306,-1.626353940303842
game8/Clip9,36,player_top,8.726680691904505,22.68799797235377
game8/Clip9,37,player_bottom,2.443194768544409,-1.5924292894023009
game8/Clip9,37,player_top,8.737641148989445,22.676459720072618
game8/Clip9,38,player_bottom,2.4002825130578525,-1.5508146778237035
game8/Clip9,38,player_top,8.752292223578058,22.64680676106066
game8/Clip9,39,player_bottom,2.2877853036009825,-1.5217439729243913
game8/Clip9,39,player_top,8.747218517088545,22.638792665954156
game8/Clip9,40,player_bottom,2.146845834016088,-1.523093110755258
game8/Clip9,40,player_top,8.728431570169127,22.631490228626365
game8/Clip9,41,player_bottom,2.0065258698002757,-1.5729968487769397
game8/Clip9,41,player_top,8.689715792644336,22.62621471677673
game8/Clip9,42,player_bottom,1.8664370858632813,-1.6375687718953116
game8/Clip9,42,player_top,8.6568855147968,22.64876610042457
game8/Clip9,43,player_bottom,1.7628757227504193,-1.6708660015966539
game8/Clip9,43,player_top,8.594934083048944,22.686164040607473
game8/Clip9,44,player_bottom,1.7092573521294205,-1.7185387770525467
game8/Clip9,44,player_top,8.499647043735857,22.712107465587994
game8/Clip9,45,player_bottom,1.627475709912331,-1.7969402078934145
game8/Clip9,45,player_top,8.362496924086596,22.73145651839154
game8/Clip9,46,player_bottom,1.578589998756498,-1.8277401251915937
game8/Clip9,46,player_top,8.260507689849936,22.739384524366717
game8/Clip9,47,player_bottom,1.5381033530475043,-1.8334174818607478
game8/Clip9,47,player_top,8.183096284151523,22.797451150098407
game8/Clip9,48,player_bottom,1.4846457882196726,-1.8274641596323589
game8/Clip9,48,player_top,8.137455674341755,23.360789911653377
game8/Clip9,49,player_bottom,1.442852443952511,-1.8409463028589215
game8/Clip9,49,player_top,8.004478467719819,22.863352684458487
game8/Clip9,50,player_bottom,1.38735358887119,-1.8316388128971608
game8/Clip9,50,player_top,7.861896552228849,22.785150963769983
game8/Clip9,51,player_bottom,1.3377279397923838,-1.8303205073511708
game8/Clip9,51,player_top,7.72509058771582,22.710542303882914
game8/Clip9,52,player_bottom,1.3649500413350546,-1.8251077568469958
game8/Clip9,52,player_top,7.650790365397999,22.66102523330264
game8/Clip9,53,player_bottom,1.3645252844529145,-1.8142986035987538
game8/Clip9,53,player_top,7.654529775475552,22.613640456438887
game8/Clip9,54,player_bottom,1.3619857493155023,-1.817969341858049
game8/Clip9,54,player_top,7.607729515492844,22.676936586122405
game8/Clip9,55,player_bottom,1.3418831357618322,-1.8165972331390048
game8/Clip9,55,player_top,7.461246938708191,22.894053074877725
game8/Clip9,56,player_bottom,1.3406384644663256,-1.8167415223591459
game8/Clip9,56,player_top,7.316409936403579,22.78153134263683
game8/Clip9,57,player_bottom,1.4227464427837744,-1.8074975966616604
game8/Clip9,57,player_top,7.179514974457849,22.62955597436648
game8/Clip9,58,player_bottom,1.4860874542763653,-1.803829176433796
game8/Clip9,58,player_top,7.010018701250911,22.480338958958185
game8/Clip9,59,player_bottom,1.5431160452532218,-1.7935122110425945
game8/Clip9,59,player_top,6.873021933435339,22.398539385812825
game8/Clip9,60,player_bottom,1.5918824857478224,-1.7681830772068443
game8/Clip9,60,player_top,6.817127125148419,22.406178436005415
game8/Clip9,61,player_bottom,1.6577003953331189,-1.7648263547984226
game8/Clip9,61,player_top,6.791308118288693,22.381958088704756
game8/Clip9,62,player_bottom,1.7329838020815418,-1.80944156840473
game8/Clip9,62,player_top,6.772387373348916,22.404276523779668
game8/Clip9,63,player_bottom,1.7529193989381484,-1.8465321587889603
game8/Clip9,63,player_top,6.717226503484359,22.44946220313094
game8/Clip9,64,player_bottom,1.7776928341114708,-1.8646191103451708
game8/Clip9,64,player_top,6.6436600882051895,22.544480602867846
game8/Clip9,65,player_bottom,1.810384466966907,-1.8689411911299014
game8/Clip9,65,player_top,6.548851510534259,22.68427662778463
game8/Clip9,66,player_bottom,1.8540180509379127,-1.8723309508055428
game8/Clip9,66,player_top,6.412873981168692,22.554909891026334
game8/Clip9,67,player_bottom,1.9534103566980228,-1.8640036097849615
game8/Clip9,67,player_top,6.334296605245729,22.458019411072677
game8/Clip9,68,player_bottom,1.976330611577045,-1.8538135731780079
game8/Clip9,68,player_top,6.263854791490031,22.47985550081036
game8/Clip9,69,player_bottom,2.0111259197600577,-1.8565507130358616
game8/Clip9,69,player_top,6.206489779625039,22.467619612183768
game8/Clip9,70,player_bottom,2.093646142888532,-1.8949567234697688
game8/Clip9,70,player_top,6.158189998286771,22.469951245319677
game8/Clip9,71,player_bottom,2.197646534022292,-1.9214148512471216
game8/Clip9,71,player_top,6.15101716915093,22.45977824541114
game8/Clip9,72,player_bottom,2.3109054570311756,-1.948529926297837
game8/Clip9,72,player_top,6.104061705421008,22.481635823302703
game8/Clip9,73,player_bottom,2.3807364640485864,-1.8220157080775004
game8/Clip9,73,player_top,6.111458560421976,22.466276228591713
game8/Clip9,74,player_bottom,2.4380903808257233,-1.9208150953163163
game8/Clip9,74,player_top,6.070743145014382,22.440919743191607
game8/Clip9,75,player_bottom,2.4686281456636596,-2.0706210492016495
game8/Clip9,75,player_top,6.032115256617654,22.548724529870537
game8/Clip9,76,player_bottom,2.488857477580071,-2.1621098065496165
game8/Clip9,76,player_top,6.022566497778047,22.680953147696208
game8/Clip9,77,player_bottom,2.5704905261173194,-2.239745373399388
game8/Clip9,77,player_top,6.0345214112033485,23.000132577065738
game8/Clip9,78,player_bottom,2.683268248280554,-2.288890102010432
game8/Clip9,78,player_top,6.060680477151049,23.239735574594988
game8/Clip9,79,player_bottom,2.810533612342369,-2.299105400371906
game8/Clip9,79,player_top,6.101054520102288,23.384753912840853
game8/Clip9,80,player_bottom,2.9102411521447604,-2.308425632941231
game8/Clip9,80,player_top,6.137459361028394,23.585114659072538
game8/Clip9,81,player_bottom,2.981690882575642,-2.310076664467769
game8/Clip9,81,player_top,6.1751783071010795,23.71402358482784
game8/Clip9,82,player_bottom,3.028546108286984,-2.3235589470292286
game8/Clip9,82,player_top,6.205986606341499,23.78340844569895
game8/Clip9,83,player_bottom,3.051367626600841,-2.3554027907218082
game8/Clip9,83,player_top,6.246479666389144,23.81089077622792
game8/Clip9,84,player_bottom,3.092994858112841,-2.3868889289121937
game8/Clip9,84,player_top,6.277616191490006,23.78536518367965
game8/Clip9,85,player_bottom,3.155749957553159,-2.398563885238733
game8/Clip9,85,player_top,6.284862720526573,23.743694464665776
game8/Clip9,86,player_bottom,3.22349100907178,-2.394082891166964
game8/Clip9,86,player_top,6.295649997932747,23.89084844941468
game8/Clip9,87,player_bottom,3.260409515733834,-2.37229868268912
game8/Clip9,87,player_top,6.309343846241009,24.062466184342476
game8/Clip9,88,player_bottom,3.293340581353362,-2.3758731368177965
game8/Clip9,88,player_top,6.3206741630279275,24.253036353983425
game8/Clip9,89,player_bottom,3.3343156212126006,-2.415231682367999
game8/Clip9,89,player_top,6.320924685425749,24.36210165750808
game8/Clip9,90,player_bottom,3.3837710538409156,-2.452558090967461
game8/Clip9,90,player_top,6.3255228271182276,24.44885841548143
game8/Clip9,91,player_bottom,3.4424977253769113,-2.5168951138249867
game8/Clip9,91,player_top,6.3144225088028305,24.445750499201875
game8/Clip9,92,player_bottom,3.5019390689258545,-2.5651187638228836
game8/Clip9,92,player_top,6.335201504668204,24.452861389018416
game8/Clip9,93,player_bottom,3.5544676559031925,-2.5740615687934927
game8/Clip9,93,player_top,6.308157483858489,24.448389486190823
game8/Clip9,94,player_bottom,3.577587796064285,-2.590823055270713
game8/Clip9,94,player_top,6.276634166600803,24.263455064622608
game8/Clip9,95,player_bottom,3.596597788744494,-2.649131532178455
game8/Clip9,95,player_top,6.27502494993412,24.411078391807255
game8/Clip9,96,player_bottom,3.627856199699189,-2.7261066369979803
game8/Clip9,96,player_top,6.243056222874495,24.41474378061005
game8/Clip9,97,player_bottom,3.642678439231803,-2.848298196404428
game8/Clip9,97,player_top,6.206338287678716,24.7692649759888
game8/Clip9,98,player_bottom,3.651135787468206,-2.94342861336962
game8/Clip9,98,player_top,6.141605412263891,24.611358424561693
game8/Clip9,99,player_bottom,3.6368424604667564,-3.0076364136360736
game8/Clip9,99,player_top,6.082446742574708,24.418959681227097
game8/Clip9,100,player_bottom,3.6268983052170713,-3.065957754694134
game8/Clip9,100,player_top,6.037893519230729,24.339241035842626
game8/Clip9,101,player_bottom,3.62086200056022,-3.0969762877026965
game8/Clip9,101,player_top,5.992855974277291,24.215186649958007
game8/Clip9,102,player_bottom,3.6171384979845245,-3.102341961612424
game8/Clip9,102,player_top,5.951140268132906,24.107875233403433
game8/Clip9,103,player_bottom,3.6205067530135158,-3.0796250182350917
game8/Clip9,103,player_top,5.909151683961748,23.99841270815106
game8/Clip9,104,player_bottom,3.613421246718249,-3.048146553962602
game8/Clip9,104,player_top,5.875122724267161,23.94250313565419
game8/Clip9,105,player_bottom,3.5854036792824377,-3.021682594302588
game8/Clip9,105,player_top,5.839145602756461,23.923535825407594
game8/Clip9,106,player_bottom,3.5510813158324583,-3.0179805168876146
game8/Clip9,106,player_top,5.814274963943326,23.886302944711677
game8/Clip9,107,player_bottom,3.5051058313998187,-3.0046235874866527
game8/Clip9,107,player_top,5.819789237032243,23.899706681681366
game8/Clip9,108,player_bottom,3.455581093941273,-3.0170504314780846
game8/Clip9,108,player_top,5.782494886644609,23.91413910149549
game8/Clip9,109,player_bottom,3.3949706412026375,-3.0216495519940345
game8/Clip9,109,player_top,5.727929785787717,23.933132217595066
game8/Clip9,110,player_bottom,3.338517380856279,-3.103931681387636
game8/Clip9,110,player_top,5.652732456416281,23.936554457260264
game8/Clip9,111,player_bottom,3.288335827877466,-3.1813577344768142
game8/Clip9,111,player_top,5.627898584836562,23.936150033192988
game8/Clip9,112,player_bottom,3.25484567026213,-3.2353383887227642
game8/Clip9,112,player_top,5.600359160218196,23.92337584555475
game8/Clip9,113,player_bottom,3.2300698606350893,-3.2660626291233803
game8/Clip9,113,player_top,5.575211378289239,23.899074759259776
game8/Clip9,114,player_bottom,3.2170580585151547,-3.27439978065068
game8/Clip9,114,player_top,5.562336362456125,23.874480865057755
game8/Clip9,115,player_bottom,3.218912333428834,-3.2698520152786643
game8/Clip9,115,player_top,5.5370150275206145,23.900317185583763
game8/Clip9,116,player_bottom,3.2443011332884577,-3.259399222402155
game8/Clip9,116,player_top,5.529745989044088,23.933422818307122
game8/Clip9,117,player_bottom,3.2861304499979096,-3.2553307908012132
game8/Clip9,117,player_top,5.5076253023517365,23.956237658272737
game8/Clip9,118,player_bottom,3.364686533897239,-3.2684301121443164
game8/Clip9,118,player_top,5.475719351267292,23.966789523108417
game8/Clip9,119,player_bottom,3.5069228490740794,-3.2722705024635563
game8/Clip9,119,player_top,5.4567163771565355,23.885903379365924
game8/Clip9,120,player_bottom,3.6916613717756177,-3.2754493047661497
game8/Clip9,120,player_top,5.450145739263309,23.843880203338177
game8/Clip9,121,player_bottom,3.8495329947537935,-3.283098616700462
game8/Clip9,121,player_top,5.4298936455468745,23.83138541684509
game8/Clip9,122,player_bottom,3.9662140655364526,-3.2924121177546244
game8/Clip9,122,player_top,5.3917466385733475,23.82989584528096
game8/Clip9,123,player_bottom,4.036700306606361,-3.2867518034661907
game8/Clip9,123,player_top,5.331291763704314,23.809115405175238
game8/Clip9,124,player_bottom,4.129160916062156,-3.2563372319462873
game8/Clip9,124,player_top,5.272947737307723,23.791433559692873
game8/Clip9,125,player_bottom,4.234199914193173,-3.1841056928054035
game8/Clip9,125,player_top,5.21832950309111,23.81527755083016
game8/Clip9,126,player_bottom,4.304604514936955,-3.1964742437396096
game8/Clip9,126,player_top,5.1536697983693145,23.742644728301112
game8/Clip9,127,player_bottom,4.374970799686195,-3.2088360633902715
game8/Clip9,127,player_top,5.090358848271954,23.585740880865373
game8/Clip9,128,player_bottom,4.445298799711209,-3.221191157250902
game8/Clip9,128,player_top,4.998110963534397,23.548109252832415
game8/Clip9,129,player_bottom,4.5155885462482965,-3.233539530809049
game8/Clip9,129,player_top,4.935450482924578,23.508753946951103
game8/Clip9,130,player_bottom,4.585840070499783,-3.245881189546267
game8/Clip9,130,player_top,4.878884232680986,23.4810663796209
game8/Clip9,131,player_bottom,4.65605340363407,-3.2582161389381716
game8/Clip9,131,player_top,4.81436561352533,23.482581735092428
game8/Clip9,132,player_bottom,4.726228576785678,-3.2705443844544106
game8/Clip9,132,player_top,4.780361586565926,23.470327931105373
game8/Clip9,133,player_bottom,4.796365621055297,-3.2828659315587037
game8/Clip9,133,player_top,4.76643559204355,23.471726981799826
game8/Clip9,134,player_bottom,4.866464567509828,-3.2951807857088142
game8/Clip9,134,player_top,4.739869351327435,23.438870646499335
game8/Clip9,135,player_bottom,4.936525447182429,-3.307488952356608
game8/Clip9,135,player_top,4.7064091091909175,23.45577941738706
game8/Clip9,136,player_bottom,5.00654829107257,-3.319790436948002
game8/Clip9,136,player_top,4.636401350976127,23.517679532226758
game8/Clip9,137,player_bottom,5.076533130146061,-3.3320852449230207
game8/Clip9,137,player_top,4.558843829722873,23.56439767987097
game8/Clip9,138,player_bottom,5.146479995335114,-3.344373381715771
game8/Clip9,138,player_top,4.509904275368457,23.615385251034173
game8/Clip9,139,player_bottom,5.2163889175383815,-3.356654852754479
game8/Clip9,139,player_top,4.448496672483155,23.771422052184246
game8/Clip9,140,player_bottom,5.286259927620998,-3.3689296634614627
game8/Clip9,140,player_top,4.365176422723991,23.855928989824132
game8/Clip9,141,player_bottom,5.356093056414641,-3.381197819253187
game8/Clip9,141,player_top,4.281374251904158,24.012402901979538
game8/Clip9,142,player_bottom,5.425888334717556,-3.39345932554023
game8/Clip9,142,player_top,4.209517835633648,24.12522862742542
game8/Clip9,143,player_bottom,5.495645793294614,-3.405714187727302
game8/Clip9,143,player_top,4.1550709517255875,24.224633299029176
game8/Clip9,144,player_bottom,5.565365462877355,-3.417962411213269
game8/Clip9,144,player_top,4.129144522005766,24.232007776858286
game8/Clip9,145,player_bottom,5.635047374164034,-3.4302040013911332
game8/Clip9,145,player_top,4.116680577026732,24.21272626000004
game8/Clip9,146,player_bottom,5.704691557819657,-3.4424389636480828
game8/Clip9,146,player_top,4.104831478311495,24.213467047402812
game8/Clip9,147,player_bottom,5.774298044476045,-3.454667303365447
game8/Clip9,147,player_top,4.096971804868055,24.244444917126128
game8/Clip9,148,player_bottom,5.843866864731859,-3.4668890259187517
game8/Clip9,148,player_top,4.053205397052256,24.29487846515647
game8/Clip9,149,player_bottom,5.9133980491526525,-3.479104136677687
game8/Clip9,149,player_top,4.0114350096228755,24.336945068560254
game8/Clip9,150,player_bottom,5.982891628270919,-3.491312641006156
game8/Clip9,150,player_top,4.000797259913217,24.33851569539058
game8/Clip9,151,player_bottom,6.052347632586138,-3.503514544262237
game8/Clip9,151,player_top,4.008175118349109,24.342861827079155
game8/Clip9,152,player_bottom,6.121766092564811,-3.515709851798242
game8/Clip9,152,player_top,4.0389551660092815,24.38510796873942
game8/Clip9,153,player_bottom,6.19114703864051,-3.5278985689606848
game8/Clip9,153,player_top,4.067880566957661,24.325927184444385
game8/Clip9,154,player_bottom,6.260490501213928,-3.5400807010902957
game8/Clip9,154,player_top,4.098143562779178,24.221665283578215
game8/Clip9,155,player_bottom,6.32979651065292,-3.552256253522051
game8/Clip9,155,player_top,4.146861381016614,23.985001893969763
game8/Clip9,156,player_bottom,6.399065097292538,-3.5644252315851497
game8/Clip9,156,player_top,4.1639717951878294,23.83462415257355
game8/Clip9,157,player_bottom,6.468296291435086,-3.5765876406030483
game8/Clip9,157,player_top,4.160233656386993,23.774473960865414
game8/Clip9,158,player_bottom,6.421120588964602,-3.574459002423291
game8/Clip9,158,player_top,4.176590833055272,23.73901412083778
game8/Clip9,159,player_bottom,6.35378458488418,-3.5619692085586094
game8/Clip9,159,player_top,4.190897626882016,23.718774848242347
game8/Clip9,160,player_bottom,6.270896621159686,-3.534792417220607
game8/Clip9,160,player_top,4.200843299909534,23.686685653016415
game8/Clip9,161,player_bottom,6.2174404268893655,-3.5036687426718998
game8/Clip9,161,player_top,4.244431499679371,23.62080237763347
game8/Clip9,162,player_bottom,6.172870260029224,-3.4433648578642377
game8/Clip9,162,player_top,4.307409479640926,23.661086775943108
game8/Clip9,163,player_bottom,6.112612683416434,-3.403147916626772
game8/Clip9,163,player_top,4.3207384283020795,23.6787847987781
game8/Clip9,164,player_bottom,6.051053759059827,-3.4088243176383366
game8/Clip9,164,player_top,4.326873800538699,23.49536776171544
game8/Clip9,165,player_bottom,5.96440867436575,-3.4106473870622556
game8/Clip9,165,player_top,4.3369963175412085,23.312041442930344
game8/Clip9,166,player_bottom,5.882619763578541,-3.4178734322158473
game8/Clip9,166,player_top,4.3640977572749,23.04533555454901
game8/Clip9,167,player_bottom,5.835376159714458,-3.3861438918342777
game8/Clip9,167,player_top,4.368647606076585,22.714596483582138
game8/Clip9,168,player_bottom,5.811671190403667,-3.3351448240304724
game8/Clip9,168,player_top,4.360948359398743,22.494348401976247
game8/Clip9,169,player_bottom,5.787298075208498,-3.2904553939363903
game8/Clip9,169,player_top,4.359811584588147,22.308005449340737
game8/Clip9,170,player_bottom,5.731092423948521,-3.2470427183466115
game8/Clip9,170,player_top,4.351712523144738,22.207945642771563
game8/Clip9,171,player_bottom,5.623529960112087,-3.220410702861312
game8/Clip9,171,player_top,4.338406961009886,22.157419345348124
game8/Clip9,172,player_bottom,5.488652686340751,-3.171970421449709
game8/Clip9,172,player_top,4.362660997001126,22.148273113506445
game8/Clip9,173,player_bottom,5.331696913807702,-3.1194319045833723
game8/Clip9,173,player_top,4.357043957394591,22.148854199430694
game8/Clip9,174,player_bottom,5.207468506175512,-3.105189703253636
game8/Clip9,174,player_top,4.35367305499963,22.151939281255668
game8/Clip9,175,player_bottom,5.111475605629238,-3.08886519800441
game8/Clip9,175,player_top,4.358985621917976,22.145091908501787
game8/Clip9,176,player_bottom,4.98920444706591,-3.143398829407983
game8/Clip9,176,player_top,4.3436051120205565,22.143443468957667
game8/Clip9,177,player_bottom,4.87550953937195,-3.1643743412345544
game8/Clip9,177,player_top,4.339291448898694,22.137068279259072
game8/Clip9,178,player_bottom,4.738743043954834,-3.388508826747572
game8/Clip9,178,player_top,4.274557304866493,22.09362651362187
game8/Clip9,179,player_bottom,4.594912931315825,-3.467233876282962
game8/Clip9,179,player_top,4.2500766467307045,22.095213887463167
game8/Clip9,180,player_bottom,4.471585269908139,-3.491325787604378
game8/Clip9,180,player_top,4.284735891079313,22.110404228181995
game8/Clip9,181,player_bottom,4.389700952869657,-3.4777852039560693
game8/Clip9,181,player_top,4.308813441870058,22.14052417447152
game8/Clip9,182,player_bottom,4.3689333540628486,-3.404763177684007
game8/Clip9,182,player_top,4.320914673008826,22.164775091842007
game8/Clip9,183,player_bottom,4.319589344991483,-3.2319481623689192
game8/Clip9,183,player_top,4.324586872578245,22.18430683527053
game8/Clip9,184,player_bottom,4.267867792527125,-3.14982728279949
game8/Clip9,184,player_top,4.329726895719686,22.20937149064002
game8/Clip9,185,player_bottom,4.228346573822426,-3.0937096350307196
game8/Clip9,185,player_top,4.32674365265733,22.20646451097799
game8/Clip9,186,player_bottom,4.200508243563344,-3.043866850153975
game8/Clip9,186,player_top,4.3319788409990005,22.215699060856398
game8/Clip9,187,player_bottom,4.184380994073818,-2.974040492633598
game8/Clip9,187,player_top,4.327536306713649,22.217665411108676
game8/Clip9,188,player_bottom,4.1754634777083455,-2.9147011891105707
game8/Clip9,188,player_top,4.335538457842871,22.237154135766634
game8/Clip9,189,player_bottom,4.154152076083103,-2.802412269936575
game8/Clip9,189,player_top,4.32241421376233,22.251919738714122
game8/Clip9,190,player_bottom,4.12899072904095,-2.659165328567153
game8/Clip9,190,player_top,4.2918906806345944,22.288690025781026
game8/Clip9,191,player_bottom,4.10776071894661,-2.477141382693797
game8/Clip9,191,player_top,4.298112090780063,22.283655706335054
game8/Clip9,192,player_bottom,4.081580673865253,-2.312493615754577
game8/Clip9,192,player_top,4.2952345179566995,22.290463342152425
game8/Clip9,193,player_bottom,4.049611876119684,-2.148230576987259
game8/Clip9,193,player_top,4.2909425100335365,22.264288484000065
game8/Clip9,194,player_bottom,4.017319942303695,-2.02318634010114
game8/Clip9,194,player_top,4.253734000270996,22.281377885577253
game8/Clip9,195,player_bottom,3.983490737732609,-1.894134858271071
game8/Clip9,195,player_top,4.225246022159034,22.382652430393417
game8/Clip9,196,player_bottom,3.9404968251487813,-1.7643703483741147
game8/Clip9,196,player_top,4.202140460411323,22.420803633220824
game8/Clip9,197,player_bottom,3.8994976487905895,-1.689216615877559
game8/Clip9,197,player_top,4.183624253464802,22.450598444500653
game8/Clip9,198,player_bottom,3.8619026108554553,-1.6681165715332238
game8/Clip9,198,player_top,4.174743748346332,22.480312699347532
game8/Clip9,199,player_bottom,3.8256300172217395,-1.6526072692439087
game8/Clip9,199,player_top,4.160300575732809,22.496152440343185
game8/Clip9,200,player_bottom,3.786713364757527,-1.644712325023078
game8/Clip9,200,player_top,4.133266046997344,22.487118494599283
game8/Clip9,201,player_bottom,3.7596262408936956,-1.6392550332030842
game8/Clip9,201,player_top,4.104108974687476,22.51361210427444
game8/Clip9,202,player_bottom,3.7412907477115054,-1.6210395319524202
game8/Clip9,202,player_top,4.064242935698593,22.500171502128197
game8/Clip9,203,player_bottom,3.718920794229902,-1.6008077712515283
game8/Clip9,203,player_top,4.0286230238131315,22.41092701792897
game8/Clip9,204,player_bottom,3.7024884547147474,-1.5872665395435848
game8/Clip9,204,player_top,4.014809960524462,22.29721533816851
game8/Clip9,205,player_bottom,3.6852697001817942,-1.5517728585958275
game8/Clip9,205,player_top,4.009095239948059,22.231872352826127
game8/Clip9,206,player_bottom,3.6859295555175735,-1.4418288214624568
game8/Clip9,206,player_top,4.004140373857497,22.198107882981297
game8/Clip9,207,player_bottom,3.6847413846968657,-1.338751336541
game8/Clip9,207,player_top,4.001693735567696,22.148902038934068
game8/Clip9,208,player_bottom,3.6789790646241376,-1.258484391191532
game8/Clip9,208,player_top,3.9906266847987126,22.06283407581804
game8/Clip9,209,player_bottom,3.672985703908711,-1.1751228728068333
game8/Clip9,209,player_top,4.002487920464965,21.971534447227494
game8/Clip9,210,player_bottom,3.6707140257912823,-1.1383856123317386
game8/Clip9,210,player_top,3.972777733195771,21.932742089368347
game8/Clip9,211,player_bottom,3.666148802025237,-1.1195233153958803
game8/Clip9,211,player_top,3.9176013483172056,21.956921896610297
game8/Clip9,212,player_bottom,3.6665562133962473,-1.0902256640413555
game8/Clip9,212,player_top,3.8623023214186802,21.92790492802196
game8/Clip9,213,player_bottom,3.6683144408420407,-1.0780418228392756
game8/Clip9,213,player_top,3.8048641925678948,21.956725541543747
game8/Clip9,214,player_bottom,3.674402145043362,-1.0721975493022848
game8/Clip9,214,player_top,3.7499453939740857,21.980666999900787
game8/Clip9,215,player_bottom,3.6818670572631818,-1.085785751087978
game8/Clip9,215,player_top,3.7119997733644903,22.015302182268464
game8/Clip9,216,player_bottom,3.6908390439888805,-1.0424266013330201
game8/Clip9,216,player_top,3.678460617988187,22.050234017291512
game8/Clip9,217,player_bottom,3.690634353186794,-1.0260579581207943
game8/Clip9,217,player_top,3.6472919421573247,22.00139970062256
game8/Clip9,218,player_bottom,3.6951415710058875,-1.0161880595227604
game8/Clip9,218,player_top,3.605869913261077,21.951497582284404
game8/Clip9,219,player_bottom,3.719776202975122,-1.012965118054239
game8/Clip9,219,player_top,3.5457140284180135,21.943235785984
game8/Clip9,220,player_bottom,3.7444659012461323,-1.013092758086791
game8/Clip9,220,player_top,3.494428416818495,21.91854613604983
game8/Clip9,221,player_bottom,3.7695917322033474,-1.0096619975943035
game8/Clip9,221,player_top,3.4525385932081596,21.90003158804206
game8/Clip9,222,player_bottom,3.7931553063804087,-1.0002051988490865
game8/Clip9,222,player_top,3.4208426259508236,21.89264874487064
game8/Clip9,223,player_bottom,3.8077893175326425,-0.9939249087974188
game8/Clip9,223,player_top,3.4026933137767634,21.893482187478913
game8/Clip9,224,player_bottom,3.821508985828414,-0.9960490388683535
game8/Clip9,224,player_top,3.3927006073865664,21.889334076241816
game8/Clip9,225,player_bottom,3.8306226915774415,-0.9909258883906185
game8/Clip9,225,player_top,3.3814013475130458,21.88599190320068
game8/Clip9,226,player_bottom,3.830319546038398,-0.9809127749737422
game8/Clip9,226,player_top,3.3750427334057043,21.906495943736005
game8/Clip9,227,player_bottom,3.823831988862632,-0.9895326508964797
game8/Clip9,227,player_top,3.351888877251644,21.908834576446505
game8/Clip9,228,player_bottom,3.8384265126316808,-0.9731077304408678
game8/Clip9,228,player_top,3.3068202296949756,21.947007456569064
game8/Clip9,229,player_bottom,3.846368658637926,-0.961742747772653
game8/Clip9,229,player_top,3.238826082528565,21.962580877436647
game8/Clip9,230,player_bottom,3.851424123453308,-0.9519976945608046
game8/Clip9,230,player_top,3.1679410820643974,21.94581710990733
game8/Clip9,231,player_bottom,3.856999079804303,-0.9345825072956903
game8/Clip9,231,player_top,3.0786191291073304,21.97494807135118
game8/Clip9,232,player_bottom,3.8790800204388303,-0.9279199009642265
game8/Clip9,232,player_top,3.0245572668822773,21.964148344762815
game8/Clip9,233,player_bottom,3.8933720915608756,-0.9183085610474979
game8/Clip9,233,player_top,2.9780916488872227,21.969489395291237
game8/Clip9,234,player_bottom,3.9239831205340474,-0.912345057607997
game8/Clip9,234,player_top,2.9340485043953373,21.9776630346158
game8/Clip9,235,player_bottom,3.969860201837932,-0.9048587783447908
game8/Clip9,235,player_top,2.880179857294201,21.99577496626956
game8/Clip9,236,player_bottom,4.015609456934023,-0.9030567273158119
game8/Clip9,236,player_top,2.826487506473909,21.98317000272935
game8/Clip9,237,player_bottom,4.079010368189394,-0.9010583133256568
game8/Clip9,237,player_top,2.797929032275887,21.971857629729293
