clip,frame,player_id,player_label,foot_x,foot_y,bbox_x1,bbox_y1,bbox_x2,bbox_y2,confidence
game8/Clip1,0,1,player_bottom,931.3873901367188,615.4384765625,887.68798828125,488.1149597167969,975.0867919921875,615.4384765625,0.913383960723877
game8/Clip1,0,2,player_top,601.70751953125,237.36875915527344,583.458251953125,166.71360778808594,619.956787109375,237.36875915527344,0.7803881764411926
game8/Clip1,1,1,player_bottom,931.4234619140625,615.3333740234375,887.0552978515625,486.0284118652344,975.7916259765625,615.3333740234375,0.9125868678092957
game8/Clip1,1,2,player_top,600.3758544921875,236.641357421875,581.957275390625,165.1181182861328,618.7944946289062,236.641357421875,0.7956948280334473
game8/Clip1,2,1,player_bottom,931.351318359375,615.0040893554688,886.2446899414062,483.44195556640625,976.4579467773438,615.0040893554688,0.9040353298187256
game8/Clip1,2,2,player_top,600.0517578125,236.71937561035156,580.2929077148438,159.56959533691406,619.8106689453125,236.71937561035156,0.7820670008659363
game8/Clip1,3,1,player_bottom,931.1715087890625,614.280517578125,885.4149169921875,480.5672607421875,976.9281616210938,614.280517578125,0.9045233130455017
game8/Clip1,3,2,player_top,598.643310546875,237.11952209472656,577.2367553710938,152.9442901611328,620.0499267578125,237.11952209472656,0.7597082853317261
game8/Clip1,4,1,player_bottom,930.848876953125,612.5455322265625,885.0208740234375,478.2509765625,976.6768188476562,612.5455322265625,0.902722954750061
game8/Clip1,4,2,player_top,596.734375,237.53872680664062,574.3269653320312,148.84080505371094,619.141845703125,237.53872680664062,0.8022127747535706
game8/Clip1,5,1,player_bottom,929.9645385742188,610.9623413085938,884.1549072265625,476.19781494140625,975.774169921875,610.9623413085938,0.9085040092468262
game8/Clip1,5,2,player_top,594.323486328125,237.97886657714844,571.7799682617188,148.49713134765625,616.866943359375,237.97886657714844,0.8209118247032166
game8/Clip1,6,1,player_bottom,927.5728759765625,608.8377075195312,882.4049682617188,475.4428405761719,972.7408447265625,608.8377075195312,0.9105105996131897
game8/Clip1,6,2,player_top,593.017822265625,238.73390197753906,572.8946533203125,159.6506805419922,613.1409301757812,238.73390197753906,0.7748285531997681
game8/Clip1,7,1,player_bottom,923.1135864257812,606.9757080078125,878.7092895507812,475.7151794433594,967.5178833007812,606.9757080078125,0.9120029807090759
game8/Clip1,7,2,player_top,591.6156005859375,239.92938232421875,572.5689086914062,166.38917541503906,610.6622314453125,239.92938232421875,0.775213897228241
game8/Clip1,8,1,player_bottom,918.72607421875,605.9166259765625,875.0042114257812,477.2169189453125,962.447998046875,605.9166259765625,0.9126320481300354
game8/Clip1,8,2,player_top,590.6492309570312,240.88597106933594,572.15869140625,171.1477813720703,609.1397705078125,240.88597106933594,0.7551299929618835
game8/Clip1,9,1,player_bottom,915.97216796875,606.6657104492188,872.3884887695312,479.19805908203125,959.5558471679688,606.6657104492188,0.9116170406341553
game8/Clip1,9,2,player_top,590.03515625,242.12612915039062,571.40234375,173.2934112548828,608.6679077148438,242.12612915039062,0.8231260776519775
game8/Clip1,10,1,player_bottom,914.762451171875,607.838623046875,870.9922485351562,480.80023193359375,958.53271484375,607.838623046875,0.907742977142334
game8/Clip1,10,2,player_top,590.114013671875,242.6102294921875,571.6734619140625,175.78762817382812,608.5545654296875,242.6102294921875,0.7535817623138428
game8/Clip1,11,1,player_bottom,914.5178833007812,608.0584716796875,871.1459350585938,483.37457275390625,957.8898315429688,608.0584716796875,0.9058360457420349
game8/Clip1,11,2,player_top,591.6792602539062,242.6359100341797,573.5294189453125,178.092041015625,609.8291015625,242.6359100341797,0.7742690443992615
game8/Clip1,12,1,player_bottom,914.9907836914062,607.9476318359375,871.5960693359375,484.56585693359375,958.385498046875,607.9476318359375,0.9098504185676575
game8/Clip1,12,2,player_top,595.235595703125,242.58486938476562,577.3492431640625,179.95831298828125,613.1220092773438,242.58486938476562,0.7891108393669128
game8/Clip1,13,1,player_bottom,916.6123046875,607.4546508789062,872.5389404296875,483.798583984375,960.6856689453125,607.4546508789062,0.8986705541610718
game8/Clip1,13,2,player_top,596.6986083984375,242.4000701904297,578.7969970703125,180.10104370117188,614.6002197265625,242.4000701904297,0.7195978164672852
game8/Clip1,14,1,player_bottom,918.2319946289062,606.9454345703125,873.2222290039062,482.80712890625,963.2417602539062,606.9454345703125,0.8976408243179321
game8/Clip1,14,2,player_top,599.097900390625,242.49285888671875,580.878662109375,179.0066375732422,617.317138671875,242.49285888671875,0.6707116961479187
game8/Clip1,15,1,player_bottom,919.9818115234375,606.484619140625,873.6549682617188,481.31964111328125,966.3086547851562,606.484619140625,0.8699468970298767
game8/Clip1,15,2,player_top,601.4547119140625,242.66029357910156,582.9361572265625,177.95542907714844,619.9733276367188,242.66029357910156,0.7109832167625427
game8/Clip1,16,1,player_bottom,924.9017944335938,605.9422607421875,877.910400390625,482.44305419921875,971.8931884765625,605.9422607421875,0.891415536403656
game8/Clip1,16,2,player_top,602.5306396484375,242.0205078125,584.1536254882812,177.06703186035156,620.90771484375,242.0205078125,0.5661469101905823
game8/Clip1,17,1,player_bottom,927.7672119140625,605.759521484375,878.8322143554688,478.9868469238281,976.7022094726562,605.759521484375,0.8449338674545288
game8/Clip1,17,2,player_top,603.8995971679688,241.34475708007812,585.4763793945312,175.2407684326172,622.3228149414062,241.34475708007812,0.6938519477844238
game8/Clip1,18,1,player_bottom,931.16455078125,605.5307006835938,882.5907592773438,480.3743591308594,979.73828125,605.5307006835938,0.8416398763656616
game8/Clip1,18,2,player_top,605.7726440429688,240.5215606689453,587.668701171875,175.04696655273438,623.8765869140625,240.5215606689453,0.7550460696220398
game8/Clip1,19,1,player_bottom,934.1600341796875,605.0933227539062,883.343017578125,474.8271484375,984.9769897460938,605.0933227539062,0.8718879818916321
game8/Clip1,19,2,player_top,605.7705078125,241.62953186035156,587.6483154296875,175.00474548339844,623.8926391601562,241.62953186035156,0.7752342820167542
game8/Clip1,20,1,player_bottom,943.1574096679688,604.7340087890625,891.2515258789062,470.9551696777344,995.0632934570312,604.7340087890625,0.8278394341468811
game8/Clip1,20,2,player_top,605.3853759765625,242.0487060546875,587.5064697265625,175.17263793945312,623.2642822265625,242.0487060546875,0.7746891379356384
game8/Clip1,21,1,player_bottom,951.4327392578125,604.033447265625,899.8692626953125,467.6163024902344,1002.9961547851562,604.033447265625,0.5153722167015076
game8/Clip1,21,2,player_top,604.904541015625,242.19442749023438,587.2764282226562,175.0061798095703,622.53271484375,242.19442749023438,0.7907671332359314
game8/Clip1,22,1,player_bottom,958.905029296875,603.8114013671875,907.3020629882812,463.23455810546875,1010.508056640625,603.8114013671875,0.7323342561721802
game8/Clip1,22,2,player_top,604.883056640625,242.32424926757812,587.5817260742188,175.41412353515625,622.1844482421875,242.32424926757812,0.7740787863731384
game8/Clip1,23,1,player_bottom,971.4295654296875,603.8877563476562,920.6539916992188,459.66943359375,1022.205078125,603.8877563476562,0.7980976700782776
game8/Clip1,23,2,player_top,604.4605102539062,242.13966369628906,587.363525390625,174.8784637451172,621.5574951171875,242.13966369628906,0.7725442051887512
game8/Clip1,24,1,player_bottom,976.9295043945312,603.1963500976562,927.4302978515625,455.7687072753906,1026.4287109375,603.1963500976562,0.8428826928138733
game8/Clip1,24,2,player_top,604.0939331054688,241.46743774414062,587.014892578125,173.15707397460938,621.1729736328125,241.46743774414062,0.774420976638794
game8/Clip1,25,1,player_bottom,981.758544921875,591.6986694335938,937.4697875976562,454.2334289550781,1026.04736328125,591.6986694335938,0.833198070526123
game8/Clip1,25,2,player_top,603.956787109375,239.97314453125,586.8536987304688,170.47206115722656,621.0599365234375,239.97314453125,0.7540223002433777
game8/Clip1,26,1,player_bottom,986.74609375,580.6585083007812,947.2781372070312,454.3288269042969,1026.2139892578125,580.6585083007812,0.8253480195999146
game8/Clip1,26,2,player_top,603.8150634765625,239.23614501953125,586.887451171875,169.73941040039062,620.7426147460938,239.23614501953125,0.764268159866333
game8/Clip1,27,1,player_bottom,991.9556274414062,574.4986572265625,954.64697265625,451.644287109375,1029.2642822265625,574.4986572265625,0.7312949299812317
game8/Clip1,27,2,player_top,603.7633666992188,237.71092224121094,587.3262939453125,169.86572265625,620.200439453125,237.71092224121094,0.7814244627952576
game8/Clip1,28,1,player_bottom,997.678466796875,572.2031860351562,962.1528930664062,452.3002014160156,1033.2039794921875,572.2031860351562,0.6828687191009521
game8/Clip1,28,2,player_top,604.2144775390625,236.3624267578125,587.9425659179688,169.95025634765625,620.4863891601562,236.3624267578125,0.8057811260223389
game8/Clip1,29,1,player_bottom,1005.5316162109375,571.60400390625,969.7439575195312,448.6004333496094,1041.3193359375,571.60400390625,0.8207449913024902
game8/Clip1,29,2,player_top,604.3251342773438,234.86988830566406,587.9542846679688,169.64682006835938,620.6959838867188,234.86988830566406,0.8122851848602295
game8/Clip1,30,1,player_bottom,1016.982421875,576.044921875,979.2368774414062,444.96624755859375,1054.7279052734375,576.044921875,0.8552728295326233
game8/Clip1,30,2,player_top,604.2381591796875,234.10015869140625,587.5750732421875,169.71865844726562,620.9013061523438,234.10015869140625,0.8276559710502625
game8/Clip1,31,1,player_bottom,1026.7142333984375,577.502685546875,988.8917846679688,446.7186279296875,1064.53662109375,577.502685546875,0.8762638568878174
game8/Clip1,31,2,player_top,603.9473266601562,233.78102111816406,586.8530883789062,169.45323181152344,621.0415649414062,233.78102111816406,0.8300600647926331
game8/Clip1,32,1,player_bottom,1033.771484375,578.3275756835938,995.765869140625,448.1239929199219,1071.7772216796875,578.3275756835938,0.8899834752082825
game8/Clip1,32,2,player_top,603.7572021484375,233.30335998535156,586.7415161132812,170.87744140625,620.7728271484375,233.30335998535156,0.826088547706604
game8/Clip1,33,1,player_bottom,1038.255615234375,578.295166015625,1000.409423828125,450.1471252441406,1076.1016845703125,578.295166015625,0.8852185606956482
game8/Clip1,33,2,player_top,603.570068359375,233.03207397460938,586.433837890625,171.6937255859375,620.706298828125,233.03207397460938,0.8342859148979187
game8/Clip1,34,1,player_bottom,1040.78857421875,577.6146850585938,1003.47119140625,452.67425537109375,1078.1060791015625,577.6146850585938,0.8847476840019226
game8/Clip1,34,2,player_top,603.3984375,233.32493591308594,585.742919921875,171.61302185058594,621.0540161132812,233.32493591308594,0.8410363793373108
game8/Clip1,35,1,player_bottom,1041.963623046875,578.8109741210938,1004.1229858398438,452.72186279296875,1079.80419921875,578.8109741210938,0.8912580609321594
game8/Clip1,35,2,player_top,605.1134033203125,233.9351806640625,587.0011596679688,171.8433837890625,623.2256469726562,233.9351806640625,0.8334395289421082
game8/Clip1,36,1,player_bottom,1042.3681640625,579.0169067382812,1005.1669921875,456.2146301269531,1079.5693359375,579.0169067382812,0.8588484525680542
game8/Clip1,36,2,player_top,607.122314453125,233.9257049560547,588.9677124023438,172.24009704589844,625.27685546875,233.9257049560547,0.8175823092460632
game8/Clip1,37,1,player_bottom,1043.605712890625,579.6532592773438,1005.628662109375,454.2731628417969,1081.5826416015625,579.6532592773438,0.8486918807029724
game8/Clip1,37,2,player_top,609.4342041015625,234.10354614257812,590.886474609375,170.3309783935547,627.98193359375,234.10354614257812,0.7736786007881165
game8/Clip1,38,1,player_bottom,1044.1048583984375,579.654541015625,1005.8989868164062,453.560791015625,1082.3106689453125,579.654541015625,0.8267552256584167
game8/Clip1,38,2,player_top,611.050048828125,234.00643920898438,592.6300659179688,169.74855041503906,629.469970703125,234.00643920898438,0.7387415766716003
game8/Clip1,39,1,player_bottom,1044.84228515625,578.8046264648438,1007.339111328125,455.0551452636719,1082.3455810546875,578.8046264648438,0.8471116423606873
game8/Clip1,39,2,player_top,611.7058715820312,234.4116973876953,593.0771484375,168.30215454101562,630.3345947265625,234.4116973876953,0.7580639719963074
game8/Clip1,40,1,player_bottom,1043.093505859375,578.6682739257812,1001.4603271484375,440.02191162109375,1084.726806640625,578.6682739257812,0.8001180291175842
game8/Clip1,40,2,player_top,611.0436401367188,233.24612426757812,592.6976318359375,167.00250244140625,629.3896484375,233.24612426757812,0.7893303036689758
game8/Clip1,41,1,player_bottom,1042.19677734375,577.5985107421875,1003.187744140625,448.8946533203125,1081.2059326171875,577.5985107421875,0.7766293287277222
game8/Clip1,41,2,player_top,610.1680908203125,232.22171020507812,592.1175537109375,166.06695556640625,628.2186279296875,232.22171020507812,0.7739130854606628
game8/Clip1,42,1,player_bottom,1038.9317626953125,577.7427978515625,1000.9720458984375,454.65374755859375,1076.8914794921875,577.7427978515625,0.8334981799125671
game8/Clip1,42,2,player_top,608.858642578125,229.6237335205078,591.2196655273438,164.6851043701172,626.4976196289062,229.6237335205078,0.8272531032562256
game8/Clip1,43,1,player_bottom,1035.035400390625,577.1159057617188,997.4024047851562,457.2408447265625,1072.6683349609375,577.1159057617188,0.8486095666885376
game8/Clip1,43,2,player_top,606.966796875,227.50559997558594,589.1202392578125,161.9829864501953,624.8134155273438,227.50559997558594,0.7261639833450317
game8/Clip1,44,1,player_bottom,1027.1083984375,576.6211547851562,988.5855102539062,457.0061950683594,1065.63134765625,576.6211547851562,0.8132230639457703
game8/Clip1,44,2,player_top,606.9798583984375,226.1748046875,589.26416015625,161.02345275878906,624.6954956054688,226.1748046875,0.7824521660804749
game8/Clip1,45,1,player_bottom,1020.84375,578.4627685546875,981.1259155273438,456.8291931152344,1060.5616455078125,578.4627685546875,0.8564622402191162
game8/Clip1,45,2,player_top,607.5223999023438,225.26307678222656,589.9239501953125,160.2798309326172,625.120849609375,225.26307678222656,0.779679536819458
game8/Clip1,46,1,player_bottom,1008.5540771484375,577.313232421875,968.4938354492188,455.7401123046875,1048.6142578125,577.313232421875,0.8668065667152405
game8/Clip1,46,2,player_top,607.9459838867188,224.9148712158203,589.835693359375,157.62002563476562,626.0562744140625,224.9148712158203,0.745890736579895
game8/Clip1,47,1,player_bottom,1000.0092163085938,576.874755859375,959.4471435546875,454.5364990234375,1040.5712890625,576.874755859375,0.8633549809455872
game8/Clip1,47,2,player_top,608.032470703125,224.92552185058594,590.0794067382812,158.48098754882812,625.985595703125,224.92552185058594,0.7754851579666138
game8/Clip1,48,1,player_bottom,994.0582885742188,576.633056640625,952.7750244140625,452.7200622558594,1035.341552734375,576.633056640625,0.8565430045127869
game8/Clip1,48,2,player_top,607.6245727539062,224.97328186035156,589.5391235351562,158.27218627929688,625.7100219726562,224.97328186035156,0.732125997543335
game8/Clip1,49,1,player_bottom,988.660400390625,576.241455078125,946.8463745117188,451.9105224609375,1030.4744873046875,576.241455078125,0.8341281414031982
game8/Clip1,49,2,player_top,607.7180786132812,225.10231018066406,589.3928833007812,157.7449188232422,626.0432739257812,225.10231018066406,0.7364556193351746
game8/Clip1,50,1,player_bottom,979.08154296875,575.352294921875,936.4471435546875,451.5965270996094,1021.7158813476562,575.352294921875,0.770936131477356
game8/Clip1,50,2,player_top,608.0382080078125,225.2792510986328,589.6049194335938,157.61082458496094,626.4715576171875,225.2792510986328,0.7695388793945312
game8/Clip1,51,1,player_bottom,968.2064819335938,575.3626098632812,926.97021484375,451.78607177734375,1009.4427490234375,575.3626098632812,0.5828246474266052
game8/Clip1,51,2,player_top,608.3156127929688,224.9414520263672,589.5716552734375,155.2313690185547,627.0595703125,224.9414520263672,0.7775261402130127
game8/Clip1,52,1,player_bottom,962.2437133789062,575.7950439453125,922.2891235351562,453.75347900390625,1002.1983032226562,575.7950439453125,0.8509683609008789
game8/Clip1,52,2,player_top,608.5855712890625,224.67263793945312,589.9716796875,154.2805633544922,627.1994018554688,224.67263793945312,0.7557491064071655
game8/Clip1,53,1,player_bottom,954.2999267578125,576.7982177734375,915.0969848632812,455.2933044433594,993.5029296875,576.7982177734375,0.8454267382621765
game8/Clip1,53,2,player_top,610.3826904296875,223.99459838867188,592.2086181640625,152.86251831054688,628.5568237304688,223.99459838867188,0.7471328973770142
game8/Clip1,54,1,player_bottom,950.23095703125,580.1799926757812,910.5880126953125,455.67669677734375,989.8738403320312,580.1799926757812,0.8648557066917419
game8/Clip1,54,2,player_top,610.0078735351562,222.3944854736328,592.149658203125,150.27926635742188,627.8660888671875,222.3944854736328,0.7374162077903748
game8/Clip1,55,1,player_bottom,941.298828125,583.7606811523438,900.0665283203125,455.10003662109375,982.5311889648438,583.7606811523438,0.8770323991775513
game8/Clip1,55,2,player_top,608.594970703125,220.65257263183594,591.1416015625,148.17921447753906,626.0482788085938,220.65257263183594,0.7209657430648804
game8/Clip1,56,1,player_bottom,935.5728759765625,585.4857177734375,894.0028076171875,455.2931823730469,977.1430053710938,585.4857177734375,0.8801326751708984
game8/Clip1,56,2,player_top,605.2669677734375,217.438232421875,588.0256958007812,145.7313232421875,622.5082397460938,217.438232421875,0.7206087708473206
game8/Clip1,57,1,player_bottom,926.742431640625,587.1358642578125,884.5506591796875,454.1269836425781,968.9342651367188,587.1358642578125,0.770290195941925
game8/Clip1,57,2,player_top,604.7378540039062,215.8221893310547,587.3638916015625,142.53562927246094,622.11181640625,215.8221893310547,0.6676356196403503
game8/Clip1,58,1,player_bottom,914.297119140625,587.0422973632812,871.4572143554688,451.6786804199219,957.1370239257812,587.0422973632812,0.8118013739585876
game8/Clip1,58,2,player_top,604.8392333984375,214.74102783203125,587.7230224609375,141.0666046142578,621.9554443359375,214.74102783203125,0.766804039478302
game8/Clip1,59,1,player_bottom,902.6524658203125,587.4259643554688,861.4278564453125,453.3578186035156,943.8770751953125,587.4259643554688,0.7169405221939087
game8/Clip1,59,2,player_top,602.3610229492188,213.44947814941406,585.3051147460938,140.32080078125,619.4169311523438,213.44947814941406,0.800556480884552
game8/Clip1,60,1,player_bottom,892.796142578125,586.2730102539062,852.5484008789062,451.87176513671875,933.0439453125,586.2730102539062,0.5720393657684326
game8/Clip1,60,2,player_top,602.833984375,213.3955841064453,586.06982421875,140.64466857910156,619.5982055664062,213.3955841064453,0.7672570943832397
game8/Clip1,61,1,player_bottom,880.2303466796875,581.4037475585938,841.6906127929688,451.4063720703125,918.77001953125,581.4037475585938,0.8058338761329651
game8/Clip1,61,2,player_top,602.4278564453125,213.96885681152344,585.5743408203125,140.5092010498047,619.2813110351562,213.96885681152344,0.7399766445159912
game8/Clip1,62,1,player_bottom,872.8485717773438,580.2325439453125,836.0820922851562,451.90545654296875,909.6150512695312,580.2325439453125,0.7912598848342896
game8/Clip1,62,2,player_top,602.542724609375,213.9141845703125,585.583740234375,139.37908935546875,619.5016479492188,213.9141845703125,0.6786139607429504
game8/Clip1,63,1,player_bottom,860.2971801757812,585.705322265625,824.8355102539062,459.2809753417969,895.7588500976562,585.705322265625,0.7810509204864502
game8/Clip1,63,2,player_top,601.8712158203125,213.9839324951172,584.9050903320312,139.39675903320312,618.8372802734375,213.9839324951172,0.7302791476249695
game8/Clip1,64,1,player_bottom,851.4517822265625,590.214111328125,816.3349609375,461.36151123046875,886.5686645507812,590.214111328125,0.7512441873550415
game8/Clip1,64,2,player_top,601.7654418945312,214.20538330078125,584.5772094726562,138.06155395507812,618.9536743164062,214.20538330078125,0.7470991611480713
game8/Clip1,65,1,player_bottom,840.7047119140625,593.367919921875,805.1755981445312,463.41290283203125,876.23388671875,593.367919921875,0.7700783014297485
game8/Clip1,65,2,player_top,601.660400390625,214.2250518798828,584.490966796875,137.50624084472656,618.8298950195312,214.2250518798828,0.7730644941329956
game8/Clip1,66,1,player_bottom,831.8134155273438,597.6508178710938,794.46826171875,462.40216064453125,869.1585693359375,597.6508178710938,0.9043528437614441
game8/Clip1,66,2,player_top,601.174560546875,213.99156188964844,584.4210205078125,138.60618591308594,617.9281616210938,213.99156188964844,0.7594035267829895
game8/Clip1,67,1,player_bottom,823.541748046875,599.8485717773438,784.9088745117188,463.35986328125,862.1746826171875,599.8485717773438,0.8969494104385376
game8/Clip1,67,2,player_top,601.558349609375,213.45193481445312,585.5772705078125,140.88125610351562,617.5394287109375,213.45193481445312,0.7056782841682434
game8/Clip1,68,1,player_bottom,817.5676879882812,601.2243041992188,778.6161499023438,465.6334533691406,856.5192260742188,601.2243041992188,0.8915799260139465
game8/Clip1,68,2,player_top,601.8094482421875,213.06573486328125,586.096435546875,140.91357421875,617.5223999023438,213.06573486328125,0.6676822900772095
game8/Clip1,69,1,player_bottom,810.9891357421875,601.5350341796875,772.1318969726562,465.8772277832031,849.8463745117188,601.5350341796875,0.8814224600791931
game8/Clip1,69,2,player_top,602.9681396484375,212.8031005859375,587.5359497070312,140.60397338867188,618.400390625,212.8031005859375,0.6675524711608887
game8/Clip1,70,1,player_bottom,801.4785766601562,601.3828125,763.6871337890625,467.5713195800781,839.27001953125,601.3828125,0.8231083154678345
game8/Clip1,70,2,player_top,603.4102783203125,212.43618774414062,587.8128662109375,137.9080047607422,619.0077514648438,212.43618774414062,0.6633186936378479
game8/Clip1,71,1,player_bottom,789.873779296875,601.14599609375,752.2435302734375,462.8697814941406,827.5039672851562,601.14599609375,0.7996690273284912
game8/Clip1,71,2,player_top,603.945556640625,211.26559448242188,588.9166870117188,138.10101318359375,618.9744873046875,211.26559448242188,0.6711796522140503
game8/Clip1,72,1,player_bottom,778.98876953125,600.7294311523438,742.0529174804688,458.4896545410156,815.9246826171875,600.7294311523438,0.804070770740509
game8/Clip1,72,2,player_top,603.9810791015625,210.20407104492188,589.2073974609375,137.1061248779297,618.7548217773438,210.20407104492188,0.6993285417556763
game8/Clip1,73,1,player_bottom,770.6827392578125,600.3643798828125,734.55615234375,455.5577697753906,806.809326171875,600.3643798828125,0.8076213002204895
game8/Clip1,73,2,player_top,603.517333984375,209.32049560546875,589.1201171875,137.42007446289062,617.91455078125,209.32049560546875,0.6802895069122314
game8/Clip1,74,1,player_bottom,761.2896728515625,600.06201171875,725.8687744140625,454.0417785644531,796.7105102539062,600.06201171875,0.8533775210380554
game8/Clip1,74,2,player_top,604.0468139648438,208.71156311035156,589.9879150390625,137.56150817871094,618.105712890625,208.71156311035156,0.7175485491752625
game8/Clip1,75,1,player_bottom,754.5916748046875,599.1729125976562,720.3026123046875,453.9066467285156,788.8806762695312,599.1729125976562,0.6713420152664185
game8/Clip1,75,2,player_top,604.210205078125,208.3984832763672,590.4021606445312,138.0085906982422,618.018310546875,208.3984832763672,0.7189356088638306
game8/Clip1,76,1,player_bottom,743.11669921875,599.569580078125,709.1253051757812,455.25445556640625,777.108154296875,599.569580078125,0.8703426718711853
game8/Clip1,76,2,player_top,602.4368896484375,208.6207733154297,588.4413452148438,138.38916015625,616.432373046875,208.6207733154297,0.7389112710952759
game8/Clip1,77,1,player_bottom,734.6585083007812,600.4967041015625,702.1846313476562,462.8636169433594,767.1323852539062,600.4967041015625,0.8674323558807373
game8/Clip1,77,2,player_top,602.0499877929688,208.6407928466797,587.8758544921875,138.44007873535156,616.22412109375,208.6407928466797,0.7287788391113281
game8/Clip1,78,1,player_bottom,723.8031005859375,601.7006225585938,691.3292846679688,464.7572326660156,756.2769165039062,601.7006225585938,0.8948147296905518
game8/Clip1,78,2,player_top,602.4559326171875,208.75865173339844,587.9720458984375,137.42068481445312,616.9398193359375,208.75865173339844,0.7306980490684509
game8/Clip1,79,1,player_bottom,716.38232421875,601.7525634765625,685.2261962890625,469.4331970214844,747.5385131835938,601.7525634765625,0.8686369061470032
game8/Clip1,79,2,player_top,602.6802978515625,208.8476104736328,587.9328002929688,136.59580993652344,617.427734375,208.8476104736328,0.745864987373352
game8/Clip1,80,1,player_bottom,710.8711547851562,602.4088745117188,679.5736083984375,466.1014404296875,742.168701171875,602.4088745117188,0.8565072417259216
game8/Clip1,80,2,player_top,603.6978759765625,208.94703674316406,589.04248046875,137.48768615722656,618.3532104492188,208.94703674316406,0.7402253150939941
game8/Clip1,81,1,player_bottom,705.0209350585938,603.7822875976562,674.142333984375,464.1148376464844,735.8995361328125,603.7822875976562,0.8361298441886902
game8/Clip1,81,2,player_top,604.9667358398438,209.08331298828125,589.9861450195312,136.1202392578125,619.9473266601562,209.08331298828125,0.7809455394744873
game8/Clip1,82,1,player_bottom,698.919189453125,605.0087280273438,668.5936279296875,462.4936218261719,729.2446899414062,605.0087280273438,0.8451992273330688
game8/Clip1,82,2,player_top,606.28515625,209.1535186767578,591.0518798828125,134.9773712158203,621.5183715820312,209.1535186767578,0.789656937122345
game8/Clip1,83,1,player_bottom,690.25341796875,604.5677490234375,660.4983520507812,461.33489990234375,720.0084228515625,604.5677490234375,0.760596513748169
game8/Clip1,83,2,player_top,607.2019653320312,208.90602111816406,592.0211791992188,135.54653930664062,622.3827514648438,208.90602111816406,0.7590686678886414
game8/Clip1,84,1,player_bottom,682.2816162109375,605.5443725585938,652.4638061523438,461.1230163574219,712.0994262695312,605.5443725585938,0.8446751832962036
game8/Clip1,84,2,player_top,608.869384765625,208.57772827148438,593.52783203125,134.31207275390625,624.2109375,208.57772827148438,0.7347195744514465
game8/Clip1,85,1,player_bottom,676.16357421875,606.3612060546875,646.1771850585938,461.6402587890625,706.14990234375,606.3612060546875,0.8776868581771851
game8/Clip1,85,2,player_top,611.284912109375,208.00381469726562,596.0244750976562,133.520263671875,626.5452880859375,208.00381469726562,0.7867980599403381
game8/Clip1,86,1,player_bottom,671.468994140625,608.040283203125,641.3506469726562,463.1243896484375,701.58740234375,608.040283203125,0.8898174166679382
game8/Clip1,86,2,player_top,613.2015991210938,207.64125061035156,598.1471557617188,133.29861450195312,628.2560424804688,207.64125061035156,0.7867329120635986
game8/Clip1,87,1,player_bottom,668.3553466796875,609.0160522460938,638.4212646484375,464.9111633300781,698.2893676757812,609.0160522460938,0.8734543323516846
game8/Clip1,87,2,player_top,614.842529296875,207.37001037597656,600.0423583984375,133.53131103515625,629.6427001953125,207.37001037597656,0.733339250087738
game8/Clip1,88,1,player_bottom,665.8758544921875,609.52294921875,636.3130493164062,466.30462646484375,695.4386596679688,609.52294921875,0.8700147867202759
game8/Clip1,88,2,player_top,615.9609375,207.575439453125,601.3453369140625,133.75059509277344,630.5765991210938,207.575439453125,0.6736867427825928
game8/Clip1,89,1,player_bottom,663.09375,609.7886352539062,634.10791015625,466.8427429199219,692.0795288085938,609.7886352539062,0.8661713600158691
game8/Clip1,89,2,player_top,617.7191162109375,206.8975372314453,603.6171875,134.763427734375,631.8211059570312,206.8975372314453,0.6921563148498535
game8/Clip1,90,1,player_bottom,659.6238403320312,609.6455688476562,631.546142578125,467.26116943359375,687.7015380859375,609.6455688476562,0.8448901772499084
game8/Clip1,90,2,player_top,618.7257080078125,206.1324005126953,604.9618530273438,135.434814453125,632.4895629882812,206.1324005126953,0.751581072807312
game8/Clip1,91,1,player_bottom,654.32568359375,609.2490234375,627.4277954101562,467.2024230957031,681.2235107421875,609.2490234375,0.8209146857261658
game8/Clip1,91,2,player_top,620.0621337890625,206.3024444580078,606.1871337890625,135.4292449951172,633.9370727539062,206.3024444580078,0.7404150366783142
game8/Clip1,92,1,player_bottom,649.9456787109375,609.01416015625,623.8749389648438,465.9279479980469,676.0164184570312,609.01416015625,0.8239903450012207
game8/Clip1,92,2,player_top,621.7590942382812,206.62167358398438,607.671142578125,135.60739135742188,635.8470458984375,206.62167358398438,0.7525714635848999
game8/Clip1,93,1,player_bottom,646.171875,609.0275268554688,620.646728515625,464.7388000488281,671.6969604492188,609.0275268554688,0.8314219117164612
game8/Clip1,93,2,player_top,623.1292724609375,206.66513061523438,609.0090942382812,137.4413604736328,637.2494506835938,206.66513061523438,0.8002210259437561
game8/Clip1,94,1,player_bottom,641.8614501953125,609.0259399414062,616.6686401367188,464.5711975097656,667.0543212890625,609.0259399414062,0.8637198805809021
game8/Clip1,94,2,player_top,624.2832641601562,206.6270294189453,609.8967895507812,138.0380096435547,638.6697387695312,206.6270294189453,0.8056756854057312
game8/Clip1,95,1,player_bottom,638.6141357421875,608.7791748046875,613.5824584960938,464.71795654296875,663.6458129882812,608.7791748046875,0.8771670460700989
game8/Clip1,95,2,player_top,625.02197265625,206.73178100585938,610.4032592773438,138.53799438476562,639.640625,206.73178100585938,0.8075546622276306
game8/Clip1,96,1,player_bottom,636.2925415039062,608.723876953125,611.43701171875,465.72442626953125,661.1480712890625,608.723876953125,0.8759604692459106
game8/Clip1,96,2,player_top,626.08544921875,206.58187866210938,611.2179565429688,138.8504180908203,640.9530029296875,206.58187866210938,0.811424732208252
game8/Clip1,97,1,player_bottom,634.4686279296875,608.5675048828125,609.7752685546875,466.6820068359375,659.1619873046875,608.5675048828125,0.8870890140533447
game8/Clip1,97,2,player_top,626.8795166015625,206.505126953125,611.6644287109375,138.70016479492188,642.0946044921875,206.505126953125,0.8229904770851135
game8/Clip1,98,1,player_bottom,632.594482421875,608.3548583984375,608.3204345703125,468.0179748535156,656.8685302734375,608.3548583984375,0.879684567451477
game8/Clip1,98,2,player_top,628.405029296875,206.604736328125,612.9234008789062,138.7001953125,643.88671875,206.604736328125,0.7864981293678284
game8/Clip1,99,1,player_bottom,629.73193359375,608.1710815429688,605.7142944335938,468.0926513671875,653.7495727539062,608.1710815429688,0.8547194600105286
game8/Clip1,99,2,player_top,630.7777099609375,206.6841278076172,615.2518920898438,138.9954376220703,646.303466796875,206.6841278076172,0.7305084466934204
game8/Clip1,100,1,player_bottom,626.22607421875,608.4616088867188,602.5479736328125,468.60235595703125,649.9041748046875,608.4616088867188,0.8571574091911316
game8/Clip1,100,2,player_top,632.82666015625,206.56893920898438,617.3229370117188,139.0051727294922,648.330322265625,206.56893920898438,0.7538777589797974
game8/Clip1,101,1,player_bottom,621.2527465820312,608.3843383789062,598.1002197265625,468.8981628417969,644.4052734375,608.3843383789062,0.851378858089447
game8/Clip1,101,2,player_top,635.5501708984375,206.6163787841797,620.118896484375,138.7576446533203,650.9815063476562,206.6163787841797,0.7449644804000854
game8/Clip1,102,1,player_bottom,617.8562622070312,608.8695068359375,595.0176391601562,468.83026123046875,640.6948852539062,608.8695068359375,0.8502629399299622
game8/Clip1,102,2,player_top,637.7493286132812,206.97003173828125,622.4921875,138.3530731201172,653.0064697265625,206.97003173828125,0.6767308115959167
game8/Clip1,103,1,player_bottom,614.5286865234375,609.8831176757812,591.7313842773438,468.4721984863281,637.325927734375,609.8831176757812,0.8485696315765381
game8/Clip1,103,2,player_top,640.22265625,207.13003540039062,625.332275390625,137.884521484375,655.1129760742188,207.13003540039062,0.6028372645378113
game8/Clip1,104,1,player_bottom,610.6378173828125,610.2742309570312,587.5781860351562,468.27203369140625,633.6974487304688,610.2742309570312,0.8894193768501282
game8/Clip1,104,2,player_top,641.8555908203125,206.89588928222656,627.259521484375,137.08204650878906,656.4517211914062,206.89588928222656,0.7173076272010803
game8/Clip1,105,1,player_bottom,606.090087890625,610.370361328125,582.4988403320312,468.96197509765625,629.6813354492188,610.370361328125,0.8785218596458435
game8/Clip1,105,2,player_top,643.8837280273438,206.59872436523438,629.578369140625,136.9043426513672,658.1890869140625,206.59872436523438,0.7159557938575745
game8/Clip1,106,1,player_bottom,602.28125,610.3950805664062,577.8818969726562,469.3585510253906,626.6806640625,610.3950805664062,0.8835474252700806
game8/Clip1,106,2,player_top,645.8030395507812,206.3887481689453,631.5272827148438,136.39501953125,660.0787963867188,206.3887481689453,0.7582570314407349
game8/Clip1,107,1,player_bottom,599.724609375,610.5159301757812,574.5088500976562,470.6634826660156,624.9404296875,610.5159301757812,0.8733711838722229
game8/Clip1,107,2,player_top,647.6578369140625,206.11669921875,633.4457397460938,136.9375457763672,661.869873046875,206.11669921875,0.7994471192359924
game8/Clip1,108,1,player_bottom,598.41552734375,610.7574462890625,572.3652954101562,471.3843078613281,624.4657592773438,610.7574462890625,0.8913988471031189
game8/Clip1,108,2,player_top,649.114501953125,205.90504455566406,634.6593017578125,136.400146484375,663.5697631835938,205.90504455566406,0.7901874780654907
game8/Clip1,109,1,player_bottom,597.6097412109375,611.17529296875,570.8601684570312,472.5458984375,624.3593139648438,611.17529296875,0.8869447112083435
game8/Clip1,109,2,player_top,650.269775390625,205.8520050048828,635.4450073242188,135.81419372558594,665.0946044921875,205.8520050048828,0.81104576587677
game8/Clip1,110,1,player_bottom,596.0164794921875,611.1690063476562,568.8355712890625,473.36102294921875,623.1974487304688,611.1690063476562,0.8697600960731506
game8/Clip1,110,2,player_top,651.1468505859375,205.94021606445312,636.072998046875,136.0583953857422,666.2207641601562,205.94021606445312,0.7801378965377808
game8/Clip1,111,1,player_bottom,593.5093994140625,611.1044921875,566.186767578125,474.0438232421875,620.8320922851562,611.1044921875,0.8745014667510986
game8/Clip1,111,2,player_top,652.5889892578125,206.06842041015625,636.7483520507812,133.89578247070312,668.4295654296875,206.06842041015625,0.7632567286491394
game8/Clip1,112,1,player_bottom,590.0248413085938,610.9974975585938,562.8179931640625,474.4104919433594,617.231689453125,610.9974975585938,0.8612579107284546
game8/Clip1,112,2,player_top,653.6761474609375,205.71144104003906,637.457763671875,132.394287109375,669.8944702148438,205.71144104003906,0.7486300468444824
game8/Clip1,113,1,player_bottom,585.6488647460938,611.135986328125,558.7037963867188,474.5746154785156,612.5939331054688,611.135986328125,0.8258012533187866
game8/Clip1,113,2,player_top,654.696044921875,205.42684936523438,638.3405151367188,131.7593536376953,671.051513671875,205.42684936523438,0.7551336884498596
game8/Clip1,114,1,player_bottom,580.1763916015625,611.0502319335938,553.6193237304688,474.54254150390625,606.7333984375,611.0502319335938,0.8505945205688477
game8/Clip1,114,2,player_top,656.1414794921875,205.15097045898438,640.277099609375,133.38987731933594,672.005859375,205.15097045898438,0.7247478365898132
game8/Clip1,115,1,player_bottom,575.346435546875,611.2533569335938,549.428466796875,475.0317687988281,601.2644653320312,611.2533569335938,0.8533836007118225
game8/Clip1,115,2,player_top,657.6943359375,205.08839416503906,642.221923828125,134.05165100097656,673.166748046875,205.08839416503906,0.7665777206420898
game8/Clip1,116,1,player_bottom,571.6173095703125,611.7953491210938,546.179931640625,475.1754150390625,597.0546264648438,611.7953491210938,0.8633815050125122
game8/Clip1,116,2,player_top,659.8865966796875,205.16592407226562,644.8641357421875,134.4938201904297,674.9089965820312,205.16592407226562,0.7001416087150574
game8/Clip1,117,1,player_bottom,567.9148559570312,612.130859375,542.8901977539062,475.5787658691406,592.9395141601562,612.130859375,0.8699056506156921
game8/Clip1,117,2,player_top,661.5675659179688,205.1595458984375,647.1061401367188,135.33067321777344,676.0289916992188,205.1595458984375,0.65928715467453
game8/Clip2,0,20,player_bottom,374.8502197265625,623.534912109375,329.3995666503906,495.5302734375,420.3009033203125,623.534912109375,0.9121880531311035
game8/Clip2,0,21,player_top,682.2301025390625,250.61181640625,667.18701171875,184.4488525390625,697.2731323242188,250.61181640625,0.7737681269645691
game8/Clip2,1,20,player_bottom,374.8502197265625,623.534912109375,329.3995666503906,495.5302734375,420.3009033203125,623.534912109375,0.9121880531311035
game8/Clip2,1,21,player_top,682.2301025390625,250.61181640625,667.18701171875,184.4488525390625,697.2731323242188,250.61181640625,0.7737681269645691
game8/Clip2,2,20,player_bottom,375.13812255859375,624.9094848632812,329.5223388671875,496.62939453125,420.7538757324219,624.9094848632812,0.9165461659431458
game8/Clip2,2,21,player_top,682.722412109375,250.57630920410156,668.3612670898438,187.43809509277344,697.0836181640625,250.57630920410156,0.7825287580490112
game8/Clip2,3,20,player_bottom,375.8359375,624.875732421875,330.85076904296875,498.6519775390625,420.82110595703125,624.875732421875,0.9107487201690674
game8/Clip2,3,21,player_top,682.8065185546875,250.4629364013672,668.925537109375,189.44142150878906,696.6874389648438,250.4629364013672,0.7803134918212891
game8/Clip2,4,20,player_bottom,376.2470703125,624.7337646484375,331.6014709472656,499.81207275390625,420.89263916015625,624.7337646484375,0.9046592116355896
game8/Clip2,4,21,player_top,683.446044921875,250.95132446289062,669.5985107421875,190.0270233154297,697.2935180664062,250.95132446289062,0.7280575633049011
game8/Clip2,5,20,player_bottom,376.4921875,624.9481201171875,331.59442138671875,499.6872863769531,421.3899230957031,624.9481201171875,0.899050235748291
game8/Clip2,5,21,player_top,684.5958251953125,250.85516357421875,670.6456298828125,189.5166015625,698.5460205078125,250.85516357421875,0.7875484824180603
game8/Clip2,6,20,player_bottom,375.75518798828125,624.4188842773438,330.87225341796875,499.7961730957031,420.63812255859375,624.4188842773438,0.8962059020996094
game8/Clip2,6,21,player_top,685.537841796875,250.76760864257812,671.3045654296875,188.1105194091797,699.7711791992188,250.76760864257812,0.7926887273788452
game8/Clip2,7,20,player_bottom,373.8984680175781,623.7984008789062,328.6391906738281,499.2049865722656,419.1577453613281,623.7984008789062,0.9063658118247986
game8/Clip2,7,21,player_top,687.197509765625,250.91090393066406,672.5918579101562,186.58740234375,701.8031616210938,250.91090393066406,0.760166585445404
game8/Clip2,8,20,player_bottom,372.5517578125,622.7554931640625,326.2545471191406,496.45556640625,418.8489990234375,622.7554931640625,0.9142111539840698
game8/Clip2,8,21,player_top,687.4650268554688,250.61593627929688,672.6854858398438,185.43580627441406,702.2445678710938,250.61593627929688,0.7578058838844299
game8/Clip2,9,20,player_bottom,370.5968017578125,621.345458984375,323.2610168457031,493.68975830078125,417.9325866699219,621.345458984375,0.9100855588912964
game8/Clip2,9,21,player_top,687.6519775390625,250.32728576660156,672.60107421875,183.91722106933594,702.7028198242188,250.32728576660156,0.7646028995513916
game8/Clip2,10,20,player_bottom,369.24053955078125,619.2728881835938,321.7572937011719,492.0343933105469,416.72381591796875,619.2728881835938,0.8973966240882874
game8/Clip2,10,21,player_top,686.9692993164062,249.49388122558594,672.0591430664062,183.73794555664062,701.8794555664062,249.49388122558594,0.7596604228019714
game8/Clip2,11,20,player_bottom,362.4818115234375,617.70361328125,314.8921203613281,491.31036376953125,410.0715026855469,617.70361328125,0.8738765716552734
game8/Clip2,11,21,player_top,685.6727294921875,249.66990661621094,670.643310546875,183.25347900390625,700.7021484375,249.66990661621094,0.7400833368301392
game8/Clip2,12,20,player_bottom,357.17529296875,615.733154296875,309.4400634765625,489.59033203125,404.9105529785156,615.733154296875,0.8804580569267273
game8/Clip2,12,21,player_top,685.9078369140625,250.00108337402344,670.6199340820312,183.38023376464844,701.1956787109375,250.00108337402344,0.8099680542945862
game8/Clip2,13,20,player_bottom,351.43475341796875,614.6950073242188,302.5841064453125,485.9897155761719,400.2854309082031,614.6950073242188,0.9001947641372681
game8/Clip2,13,21,player_top,686.031982421875,249.9912109375,670.57177734375,183.54637145996094,701.4921875,249.9912109375,0.8184987902641296
game8/Clip2,14,20,player_bottom,344.72772216796875,613.8136596679688,295.04962158203125,483.2969970703125,394.40582275390625,613.8136596679688,0.8844828605651855
game8/Clip2,14,21,player_top,686.08447265625,249.9356231689453,670.402099609375,183.37843322753906,701.7667846679688,249.9356231689453,0.8432167768478394
game8/Clip2,15,20,player_bottom,335.8197021484375,613.3317260742188,284.2092590332031,477.394287109375,387.43017578125,613.3317260742188,0.8782339692115784
game8/Clip2,15,21,player_top,686.0809326171875,250.01051330566406,670.132568359375,183.0524139404297,702.029296875,250.01051330566406,0.8440209627151489
game8/Clip2,16,20,player_bottom,324.8398742675781,613.362548828125,272.8707580566406,475.6733093261719,376.8089904785156,613.362548828125,0.7808120250701904
game8/Clip2,16,21,player_top,686.7813110351562,249.52890014648438,670.35009765625,180.74496459960938,703.2125244140625,249.52890014648438,0.8381761908531189
game8/Clip2,17,20,player_bottom,313.394775390625,613.4132690429688,261.86798095703125,473.4017333984375,364.92156982421875,613.4132690429688,0.8448835611343384
game8/Clip2,17,21,player_top,687.6390991210938,249.17198181152344,670.99658203125,179.31072998046875,704.2816162109375,249.17198181152344,0.8323683142662048
game8/Clip2,18,20,player_bottom,308.76715087890625,613.3045043945312,258.7757873535156,472.14959716796875,358.7585144042969,613.3045043945312,0.7050938010215759
game8/Clip2,18,21,player_top,688.8974609375,247.71728515625,672.3197631835938,177.7478790283203,705.4751586914062,247.71728515625,0.8290148973464966
game8/Clip2,19,20,player_bottom,306.4706115722656,613.5150756835938,257.17138671875,469.4203796386719,355.76983642578125,613.5150756835938,0.7967163324356079
game8/Clip2,19,21,player_top,690.3492431640625,246.45765686035156,674.0237426757812,177.3175048828125,706.6746826171875,246.45765686035156,0.8099526166915894
game8/Clip2,20,20,player_bottom,298.73773193359375,600.3646240234375,254.54263305664062,466.4688720703125,342.9328308105469,600.3646240234375,0.8563735485076904
game8/Clip2,20,21,player_top,692.87744140625,245.2527313232422,676.6026000976562,176.7660369873047,709.1522216796875,245.2527313232422,0.827183187007904
game8/Clip2,21,20,player_bottom,290.5101318359375,589.8355712890625,250.9302215576172,465.6404113769531,330.0900573730469,589.8355712890625,0.8650582432746887
game8/Clip2,21,21,player_top,695.0144653320312,244.1275634765625,678.7003173828125,176.7432098388672,711.32861328125,244.1275634765625,0.8279630541801453
game8/Clip2,22,20,player_bottom,282.3314208984375,587.0759887695312,245.47445678710938,467.3197021484375,319.18841552734375,587.0759887695312,0.841606855392456
game8/Clip2,22,21,player_top,697.11962890625,243.88064575195312,680.6207275390625,177.58570861816406,713.6185913085938,243.88064575195312,0.8499848246574402
game8/Clip2,23,20,player_bottom,276.549560546875,585.849365234375,242.05259704589844,469.06182861328125,311.0465393066406,585.849365234375,0.8456432223320007
game8/Clip2,23,21,player_top,698.72705078125,244.49325561523438,681.8983154296875,178.6644287109375,715.5557861328125,244.49325561523438,0.8617647886276245
game8/Clip2,24,20,player_bottom,272.7247009277344,585.4680786132812,238.5045623779297,464.8654479980469,306.9448547363281,585.4680786132812,0.8469668030738831
game8/Clip2,24,21,player_top,699.4710693359375,244.82762145996094,682.461669921875,179.95387268066406,716.4804077148438,244.82762145996094,0.8703665137290955
game8/Clip2,25,20,player_bottom,268.7300109863281,587.047607421875,236.28985595703125,469.0562438964844,301.170166015625,587.047607421875,0.8284963965415955
game8/Clip2,25,21,player_top,699.7772216796875,244.012939453125,682.738525390625,180.72169494628906,716.81591796875,244.012939453125,0.8651328086853027
game8/Clip2,26,20,player_bottom,263.6310119628906,585.9345703125,232.73216247558594,471.7154541015625,294.52984619140625,585.9345703125,0.7183007597923279
game8/Clip2,26,21,player_top,700.97119140625,244.38690185546875,683.1839599609375,180.8540802001953,718.7584228515625,244.38690185546875,0.8737497925758362
game8/Clip2,27,20,player_bottom,255.02655029296875,590.4705810546875,223.0640106201172,473.10113525390625,286.9891052246094,590.4705810546875,0.8283972144126892
game8/Clip2,27,21,player_top,702.6602783203125,244.52926635742188,684.3359985351562,180.6668701171875,720.9844970703125,244.52926635742188,0.8380013704299927
game8/Clip2,28,20,player_bottom,250.12335205078125,589.7234497070312,217.81846618652344,473.8137512207031,282.42822265625,589.7234497070312,0.8692000508308411
game8/Clip2,28,21,player_top,705.658935546875,244.47039794921875,687.1283569335938,180.15676879882812,724.1895751953125,244.47039794921875,0.8434120416641235
game8/Clip2,29,20,player_bottom,247.64498901367188,590.948486328125,214.42393493652344,474.5020446777344,280.8660583496094,590.948486328125,0.8987060785293579
game8/Clip2,29,21,player_top,706.6990966796875,244.59593200683594,687.9146728515625,179.48681640625,725.4834594726562,244.59593200683594,0.8425769805908203
game8/Clip2,30,20,player_bottom,246.41552734375,591.1973266601562,212.6781463623047,475.36932373046875,280.1529235839844,591.1973266601562,0.9041451215744019
game8/Clip2,30,21,player_top,707.0078735351562,244.7954559326172,687.8871459960938,178.51829528808594,726.1286010742188,244.7954559326172,0.8232160210609436
game8/Clip2,31,20,player_bottom,245.97567749023438,591.9987182617188,211.5105743408203,475.6261901855469,280.4407958984375,591.9987182617188,0.9038345813751221
game8/Clip2,31,21,player_top,706.032958984375,244.63807678222656,686.7053833007812,178.23870849609375,725.3604736328125,244.63807678222656,0.8104041814804077
game8/Clip2,32,20,player_bottom,245.83761596679688,591.4854736328125,210.9232635498047,475.3146667480469,280.751953125,591.4854736328125,0.8878772258758545
game8/Clip2,32,21,player_top,703.3616943359375,243.99679565429688,683.6388549804688,177.49038696289062,723.0845947265625,243.99679565429688,0.765557587146759
game8/Clip2,33,20,player_bottom,246.2513427734375,590.7640991210938,210.89559936523438,474.7125244140625,281.6070861816406,590.7640991210938,0.8979721665382385
game8/Clip2,33,21,player_top,702.2145385742188,242.4564971923828,682.4491577148438,176.21340942382812,721.9799194335938,242.4564971923828,0.7003394961357117
game8/Clip2,34,20,player_bottom,246.30242919921875,590.423828125,210.44459533691406,473.9384460449219,282.1602783203125,590.423828125,0.9005653858184814
game8/Clip2,34,21,player_top,702.0955810546875,241.1474151611328,682.8051147460938,175.80108642578125,721.385986328125,241.1474151611328,0.6814098954200745
game8/Clip2,35,20,player_bottom,247.2110137939453,590.1376342773438,210.61984252929688,472.6197204589844,283.80218505859375,590.1376342773438,0.90230393409729
game8/Clip2,35,21,player_top,700.3397216796875,240.65670776367188,680.7471313476562,173.69004821777344,719.932373046875,240.65670776367188,0.7358596920967102
game8/Clip2,36,20,player_bottom,251.08639526367188,589.4485473632812,212.9969940185547,469.5043640136719,289.17578125,589.4485473632812,0.900861918926239
game8/Clip2,36,21,player_top,699.4668579101562,240.36648559570312,679.7667236328125,172.0290069580078,719.1669921875,240.36648559570312,0.79860919713974
game8/Clip2,37,20,player_bottom,255.0341796875,588.4061889648438,215.71633911132812,467.90386962890625,294.3520202636719,588.4061889648438,0.8640843629837036
game8/Clip2,37,21,player_top,698.647216796875,240.22462463378906,679.6406860351562,173.21746826171875,717.6536865234375,240.22462463378906,0.7479726076126099
game8/Clip2,38,20,player_bottom,259.3157043457031,586.7276611328125,218.5962371826172,465.6106262207031,300.0351867675781,586.7276611328125,0.846291720867157
game8/Clip2,38,21,player_top,698.1192016601562,240.2063751220703,679.4111328125,173.40652465820312,716.8272705078125,240.2063751220703,0.7559886574745178
game8/Clip2,39,20,player_bottom,265.5240783691406,586.10546875,223.8155975341797,464.45745849609375,307.2325439453125,586.10546875,0.8720985054969788
game8/Clip2,39,21,player_top,697.2454833984375,240.22335815429688,678.9295043945312,174.4781036376953,715.5614013671875,240.22335815429688,0.7706708312034607
game8/Clip2,40,20,player_bottom,272.4515380859375,586.1104125976562,230.17718505859375,464.7651672363281,314.7259216308594,586.1104125976562,0.8288410305976868
game8/Clip2,40,21,player_top,693.6424560546875,240.74903869628906,674.5280151367188,172.93482971191406,712.7568969726562,240.74903869628906,0.7558114528656006
game8/Clip2,41,20,player_bottom,285.26373291015625,585.5393676757812,243.55967712402344,465.7061767578125,326.9678039550781,585.5393676757812,0.799973726272583
game8/Clip2,41,21,player_top,693.0795288085938,240.9590301513672,674.16796875,174.3614044189453,711.9910888671875,240.9590301513672,0.7840157747268677
game8/Clip2,42,20,player_bottom,297.0367126464844,585.4998779296875,255.27505493164062,463.87579345703125,338.7983703613281,585.4998779296875,0.8683053851127625
game8/Clip2,42,21,player_top,693.322509765625,240.2001953125,673.6373291015625,170.61666870117188,713.0076293945312,240.2001953125,0.6689271330833435
game8/Clip2,43,20,player_bottom,304.50677490234375,585.4441528320312,263.7792663574219,467.085693359375,345.2342834472656,585.4441528320312,0.8397511839866638
game8/Clip2,43,21,player_top,693.6331787109375,240.70201110839844,674.979736328125,175.11647033691406,712.2866821289062,240.70201110839844,0.79463791847229
game8/Clip2,44,20,player_bottom,309.7904052734375,585.104736328125,268.32513427734375,464.88702392578125,351.2556457519531,585.104736328125,0.8797146677970886
game8/Clip2,44,21,player_top,696.779052734375,240.9737548828125,678.7807006835938,176.38941955566406,714.7774047851562,240.9737548828125,0.774138331413269
game8/Clip2,45,20,player_bottom,315.7991638183594,581.5324096679688,275.14825439453125,464.9675598144531,356.4500732421875,581.5324096679688,0.8125598430633545
game8/Clip2,45,21,player_top,697.6402587890625,241.17323303222656,679.8321533203125,175.95249938964844,715.4484252929688,241.17323303222656,0.7557137608528137
game8/Clip2,46,20,player_bottom,322.6390686035156,580.5117797851562,281.5977783203125,464.010986328125,363.68035888671875,580.5117797851562,0.8741892576217651
game8/Clip2,46,21,player_top,696.354736328125,241.32826232910156,678.5250854492188,175.4268035888672,714.1843872070312,241.32826232910156,0.7871043086051941
game8/Clip2,47,20,player_bottom,333.1492004394531,581.2340087890625,292.16455078125,464.579833984375,374.13385009765625,581.2340087890625,0.855731189250946
game8/Clip2,47,21,player_top,694.412353515625,241.47152709960938,676.08154296875,173.66920471191406,712.7431640625,241.47152709960938,0.8044458031654358
game8/Clip2,48,20,player_bottom,347.16790771484375,581.4647827148438,306.8485107421875,465.1382751464844,387.4873352050781,581.4647827148438,0.8171380162239075
game8/Clip2,48,21,player_top,695.1539306640625,241.41859436035156,676.760986328125,171.96017456054688,713.5469360351562,241.41859436035156,0.76655113697052
game8/Clip2,49,20,player_bottom,363.05792236328125,580.4720458984375,326.3490905761719,471.942138671875,399.7667541503906,580.4720458984375,0.7110510468482971
game8/Clip2,49,21,player_top,694.734375,241.4300537109375,676.4077758789062,170.4330291748047,713.0609741210938,241.4300537109375,0.8105744123458862
game8/Clip2,50,20,player_bottom,373.3087463378906,580.2899169921875,336.7889099121094,470.9487609863281,409.8285827636719,580.2899169921875,0.7669430375099182
game8/Clip2,50,21,player_top,693.9482421875,241.4439697265625,675.6941528320312,168.7229766845703,712.2023315429688,241.4439697265625,0.7439546585083008
game8/Clip2,51,20,player_bottom,381.3597412109375,582.7413330078125,343.419189453125,468.6421813964844,419.3003234863281,582.7413330078125,0.8462293148040771
game8/Clip2,51,21,player_top,693.8803100585938,241.1425018310547,675.020263671875,163.45541381835938,712.7403564453125,241.1425018310547,0.7979943752288818
game8/Clip2,52,20,player_bottom,389.4027404785156,585.226806640625,349.9759826660156,467.09954833984375,428.8294982910156,585.226806640625,0.8485642075538635
game8/Clip2,52,21,player_top,693.528076171875,240.92535400390625,674.8897705078125,161.439697265625,712.1663818359375,240.92535400390625,0.7650862336158752
game8/Clip2,53,20,player_bottom,399.315673828125,588.5743408203125,358.7745361328125,467.0736083984375,439.8568420410156,588.5743408203125,0.8567444086074829
game8/Clip2,53,21,player_top,694.9818115234375,240.82569885253906,676.1343383789062,158.45166015625,713.829345703125,240.82569885253906,0.8228275179862976
game8/Clip2,54,20,player_bottom,413.0621337890625,589.8611450195312,372.40386962890625,468.7098693847656,453.7204284667969,589.8611450195312,0.7924364805221558
game8/Clip2,54,21,player_top,693.865478515625,240.47415161132812,677.085693359375,165.54937744140625,710.6452026367188,240.47415161132812,0.7445785403251648
game8/Clip2,55,20,player_bottom,429.8316650390625,590.1629638671875,389.5319519042969,470.8300476074219,470.13140869140625,590.1629638671875,0.7536212801933289
game8/Clip2,55,21,player_top,693.6536865234375,240.15005493164062,677.7998657226562,168.4516143798828,709.5074462890625,240.15005493164062,0.7808340787887573
game8/Clip2,56,20,player_bottom,445.8133239746094,590.231201171875,406.4437255859375,471.47967529296875,485.18292236328125,590.231201171875,0.7694047689437866
game8/Clip2,56,21,player_top,692.0037841796875,240.3268585205078,676.8389892578125,170.80389404296875,707.1685180664062,240.3268585205078,0.6769498586654663
game8/Clip2,57,20,player_bottom,456.9446105957031,590.4486083984375,417.986083984375,472.7041015625,495.90313720703125,590.4486083984375,0.8633931875228882
game8/Clip2,57,21,player_top,689.9653930664062,240.49310302734375,675.5972900390625,173.81246948242188,704.33349609375,240.49310302734375,0.7010797262191772
game8/Clip2,58,20,player_bottom,464.847412109375,590.3968505859375,425.3503112792969,471.5361633300781,504.344482421875,590.3968505859375,0.8878458142280579
game8/Clip2,58,21,player_top,688.2081298828125,240.55433654785156,674.2220458984375,175.62582397460938,702.1942749023438,240.55433654785156,0.7326306700706482
game8/Clip2,59,20,player_bottom,476.556884765625,589.63720703125,436.1498718261719,471.3577575683594,516.9639282226562,589.63720703125,0.8662451505661011
game8/Clip2,59,21,player_top,687.851806640625,240.4445343017578,673.8373413085938,177.1455841064453,701.8662719726562,240.4445343017578,0.749365508556366
game8/Clip2,60,20,player_bottom,487.62615966796875,592.0660400390625,445.4047546386719,473.0328369140625,529.8475341796875,592.0660400390625,0.9074249267578125
game8/Clip2,60,21,player_top,683.988525390625,240.62197875976562,669.5592041015625,177.8900146484375,698.4178466796875,240.62197875976562,0.822023868560791
game8/Clip2,61,20,player_bottom,498.97723388671875,595.7581787109375,454.9292297363281,476.3716735839844,543.0252685546875,595.7581787109375,0.8862128257751465
game8/Clip2,61,21,player_top,681.44287109375,240.76995849609375,666.43896484375,178.0658416748047,696.4468383789062,240.76995849609375,0.8201263546943665
game8/Clip2,62,20,player_bottom,510.2406005859375,597.8624877929688,465.7129821777344,479.6834716796875,554.7681884765625,597.8624877929688,0.8832268714904785
game8/Clip2,62,21,player_top,679.7505493164062,240.83355712890625,663.9198608398438,177.2967987060547,695.5812377929688,240.83355712890625,0.8278742432594299
game8/Clip2,63,20,player_bottom,521.7423095703125,598.3727416992188,477.7239990234375,480.802001953125,565.7606201171875,598.3727416992188,0.845186710357666
game8/Clip2,63,21,player_top,677.4927978515625,240.90982055664062,661.0939331054688,176.39178466796875,693.8916015625,240.90982055664062,0.8301827907562256
game8/Clip2,64,20,player_bottom,538.0922241210938,598.7640380859375,495.5876770019531,481.4928894042969,580.5968017578125,598.7640380859375,0.7943885326385498
game8/Clip2,64,21,player_top,674.9512329101562,241.1818084716797,658.0280151367188,174.76211547851562,691.8744506835938,241.1818084716797,0.7947941422462463
game8/Clip2,65,20,player_bottom,548.516357421875,599.1241455078125,507.285400390625,481.4871826171875,589.747314453125,599.1241455078125,0.799578845500946
game8/Clip2,65,21,player_top,672.2794799804688,241.06298828125,655.367919921875,173.946533203125,689.1910400390625,241.06298828125,0.8032728433609009
game8/Clip2,66,20,player_bottom,558.1475219726562,605.7847900390625,516.1353759765625,480.50567626953125,600.15966796875,605.7847900390625,0.8297972679138184
game8/Clip2,66,21,player_top,669.7621459960938,241.01356506347656,653.0997314453125,173.59130859375,686.424560546875,241.01356506347656,0.8140581846237183
game8/Clip2,67,20,player_bottom,566.8404541015625,601.4986572265625,527.4576416015625,479.69146728515625,606.2232666015625,601.4986572265625,0.8719850778579712
game8/Clip2,67,21,player_top,668.0828857421875,241.92640686035156,651.9671630859375,175.22215270996094,684.1986694335938,241.92640686035156,0.7948943376541138
game8/Clip2,68,20,player_bottom,574.9735107421875,606.1573486328125,535.0670166015625,479.48516845703125,614.8800048828125,606.1573486328125,0.7498856782913208
game8/Clip2,68,21,player_top,666.0269775390625,243.3192901611328,650.1793823242188,176.61062622070312,681.8746337890625,243.3192901611328,0.7942001223564148
game8/Clip2,69,20,player_bottom,585.8766479492188,611.2713012695312,544.5103149414062,478.617919921875,627.2429809570312,611.2713012695312,0.8900923132896423
game8/Clip2,69,21,player_top,663.3958129882812,244.5990447998047,647.6388549804688,177.63079833984375,679.1527709960938,244.5990447998047,0.8010445237159729
game8/Clip2,70,20,player_bottom,594.0552978515625,614.9597778320312,552.1148681640625,479.3284606933594,635.9957885742188,614.9597778320312,0.8792696595191956
game8/Clip2,70,21,player_top,661.0963134765625,246.5729217529297,645.27734375,178.52127075195312,676.9152221679688,246.5729217529297,0.7939746975898743
game8/Clip2,71,20,player_bottom,601.2296142578125,619.935791015625,558.7333374023438,481.0898742675781,643.725830078125,619.935791015625,0.9024919867515564
game8/Clip2,71,21,player_top,659.3189697265625,247.69972229003906,643.580322265625,178.93638610839844,675.0576171875,247.69972229003906,0.7936583161354065
game8/Clip2,72,20,player_bottom,606.3995361328125,622.1544799804688,564.517333984375,482.6046447753906,648.28173828125,622.1544799804688,0.8858184814453125
game8/Clip2,72,21,player_top,657.6162109375,248.47691345214844,641.906982421875,179.03863525390625,673.3255004882812,248.47691345214844,0.7917317748069763
game8/Clip2,73,20,player_bottom,611.306884765625,622.9495849609375,570.619873046875,483.3144836425781,651.993896484375,622.9495849609375,0.8709027171134949
game8/Clip2,73,21,player_top,655.31982421875,248.9879150390625,639.6036987304688,179.32627868652344,671.035888671875,248.9879150390625,0.7977758049964905
game8/Clip2,74,20,player_bottom,615.91259765625,623.4172973632812,576.6777954101562,483.3474426269531,655.1473388671875,623.4172973632812,0.8518183827400208
game8/Clip2,74,21,player_top,653.338134765625,249.13729858398438,637.5073852539062,178.20989990234375,669.1688842773438,249.13729858398438,0.8122618794441223
game8/Clip2,75,20,player_bottom,622.2537841796875,623.61572265625,584.37060546875,482.2292785644531,660.1370239257812,623.61572265625,0.8178350925445557
game8/Clip2,75,21,player_top,652.152099609375,249.13763427734375,636.3568115234375,177.17721557617188,667.9473266601562,249.13763427734375,0.7857890725135803
game8/Clip2,76,20,player_bottom,629.64111328125,623.3602905273438,593.2584838867188,480.8028259277344,666.023681640625,623.3602905273438,0.8337939977645874
game8/Clip2,76,21,player_top,651.3175048828125,248.9070587158203,635.426513671875,174.9466552734375,667.20849609375,248.9070587158203,0.7705206274986267
game8/Clip2,77,20,player_bottom,635.9886474609375,622.9132080078125,600.9776000976562,479.6244812011719,670.999755859375,622.9132080078125,0.8607937097549438
game8/Clip2,77,21,player_top,650.5473022460938,249.24830627441406,634.4995727539062,172.7828369140625,666.5950317382812,249.24830627441406,0.790183961391449
game8/Clip2,78,20,player_bottom,643.2799072265625,622.4241333007812,609.2402954101562,478.80560302734375,677.3194580078125,622.4241333007812,0.8459378480911255
game8/Clip2,78,21,player_top,650.2520141601562,249.09678649902344,634.1752319335938,170.4242706298828,666.3287963867188,249.09678649902344,0.78652423620224
game8/Clip2,79,20,player_bottom,649.77001953125,622.32568359375,616.471435546875,479.46417236328125,683.068603515625,622.32568359375,0.8600938320159912
game8/Clip2,79,21,player_top,649.9144287109375,248.98385620117188,634.1538696289062,169.82537841796875,665.6749267578125,248.98385620117188,0.7739582061767578
game8/Clip2,80,20,player_bottom,654.8702392578125,622.9910888671875,621.8853149414062,479.80560302734375,687.8551025390625,622.9910888671875,0.8923395276069641
game8/Clip2,80,21,player_top,648.4172973632812,249.6495361328125,632.7985229492188,169.6570281982422,664.0360717773438,249.6495361328125,0.7549178600311279
game8/Clip2,81,20,player_bottom,658.5121459960938,624.7275390625,625.9103393554688,480.8801574707031,691.1139526367188,624.7275390625,0.891750693321228
game8/Clip2,81,21,player_top,646.8570556640625,250.22760009765625,631.2960815429688,169.04405212402344,662.41796875,250.22760009765625,0.7664399743080139
game8/Clip2,82,20,player_bottom,661.7025756835938,625.6504516601562,630.078125,482.9986267089844,693.3270263671875,625.6504516601562,0.8877399563789368
game8/Clip2,82,21,player_top,644.6143798828125,250.62802124023438,628.9631958007812,168.4775390625,660.2655029296875,250.62802124023438,0.7905762791633606
game8/Clip2,83,20,player_bottom,665.1616821289062,625.9056396484375,634.873291015625,485.1727294921875,695.4500732421875,625.9056396484375,0.8741727471351624
game8/Clip2,83,21,player_top,642.73828125,250.82965087890625,627.3737182617188,170.37742614746094,658.1028442382812,250.82965087890625,0.781918466091156
game8/Clip2,84,20,player_bottom,669.9825439453125,626.3853759765625,640.8705444335938,486.71600341796875,699.094482421875,626.3853759765625,0.8008595108985901
game8/Clip2,84,21,player_top,640.9523315429688,250.8450164794922,625.9580078125,173.4530792236328,655.9466552734375,250.8450164794922,0.7835158109664917
game8/Clip2,85,20,player_bottom,675.5729370117188,627.9171752929688,646.9038696289062,486.4933776855469,704.2420043945312,627.9171752929688,0.8370951414108276
game8/Clip2,85,21,player_top,639.8171997070312,251.0282440185547,624.73095703125,174.44786071777344,654.9034423828125,251.0282440185547,0.787428617477417
game8/Clip2,86,20,player_bottom,678.9397583007812,630.4066162109375,650.3340454101562,485.84674072265625,707.5454711914062,630.4066162109375,0.8254830241203308
game8/Clip2,86,21,player_top,639.213134765625,251.08981323242188,623.8099975585938,174.18661499023438,654.6162109375,251.08981323242188,0.7878629565238953
game8/Clip2,87,20,player_bottom,682.9825439453125,632.623046875,654.413818359375,485.08038330078125,711.5512084960938,632.623046875,0.8365296721458435
game8/Clip2,87,21,player_top,639.0872802734375,251.3554229736328,623.3055419921875,173.22218322753906,654.8690795898438,251.3554229736328,0.8104451894760132
game8/Clip2,88,20,player_bottom,689.1168212890625,633.4325561523438,660.6676025390625,484.87432861328125,717.5660400390625,633.4325561523438,0.8661267161369324
game8/Clip2,88,21,player_top,638.9796142578125,251.4282989501953,622.987548828125,172.7316131591797,654.9716796875,251.4282989501953,0.8173438906669617
game8/Clip2,89,20,player_bottom,693.3399658203125,634.7111206054688,664.8168334960938,485.0872497558594,721.8631591796875,634.7111206054688,0.8865275382995605
game8/Clip2,89,21,player_top,638.51318359375,251.2218017578125,622.5443725585938,173.1953582763672,654.48193359375,251.2218017578125,0.800682544708252
game8/Clip2,90,20,player_bottom,696.1331787109375,635.7592163085938,667.9254760742188,486.9950866699219,724.3408203125,635.7592163085938,0.866526186466217
game8/Clip2,90,21,player_top,637.648193359375,250.8606414794922,621.6912841796875,173.12648010253906,653.6050415039062,250.8606414794922,0.7894566059112549
game8/Clip2,91,20,player_bottom,699.9113159179688,635.8712768554688,672.210205078125,489.27581787109375,727.6124267578125,635.8712768554688,0.8657236695289612
game8/Clip2,91,21,player_top,636.266357421875,251.3599853515625,620.1722412109375,172.36578369140625,652.3604736328125,251.3599853515625,0.72553551197052
game8/Clip2,92,20,player_bottom,704.2872314453125,636.2036743164062,676.9611206054688,490.8827819824219,731.6133422851562,636.2036743164062,0.8173497915267944
game8/Clip2,92,21,player_top,634.1851806640625,251.4625701904297,618.3513793945312,172.83604431152344,650.01904296875,251.4625701904297,0.7779741883277893
game8/Clip2,93,20,player_bottom,707.8831176757812,636.434326171875,681.1653442382812,492.016845703125,734.6008911132812,636.434326171875,0.8063424825668335
game8/Clip2,93,21,player_top,632.0404052734375,251.41275024414062,616.7476196289062,174.0320281982422,647.333251953125,251.41275024414062,0.7469717860221863
game8/Clip2,94,20,player_bottom,711.7061767578125,636.3552856445312,685.3712768554688,492.6994323730469,738.0410766601562,636.3552856445312,0.7863479852676392
game8/Clip2,94,21,player_top,629.096923828125,251.307861328125,614.1489868164062,174.1039581298828,644.0448608398438,251.307861328125,0.711505115032196
game8/Clip2,95,20,player_bottom,715.0020141601562,636.51708984375,689.2401123046875,493.46246337890625,740.763916015625,636.51708984375,0.7570191621780396
game8/Clip2,95,21,player_top,627.9771728515625,251.51254272460938,613.3552856445312,175.01710510253906,642.59912109375,251.51254272460938,0.7613859176635742
game8/Clip2,96,20,player_bottom,718.9751586914062,636.2008056640625,693.49609375,493.2314758300781,744.4542236328125,636.2008056640625,0.8118113875389099
game8/Clip2,96,21,player_top,626.4688720703125,252.04324340820312,612.0073852539062,175.8468017578125,640.930419921875,252.04324340820312,0.7167651057243347
game8/Clip3,0,30,player_bottom,956.6810302734375,649.5911254882812,919.1240844726562,515.94775390625,994.2379760742188,649.5911254882812,0.9091997742652893
game8/Clip3,0,31,player_top,592.5220336914062,244.1333770751953,578.3348999023438,138.31993103027344,606.7091674804688,244.1333770751953,0.8001737594604492
game8/Clip3,1,30,player_bottom,956.6810302734375,649.5911254882812,919.1240844726562,515.94775390625,994.2379760742188,649.5911254882812,0.9091997742652893
game8/Clip3,1,31,player_top,592.5220336914062,244.1333770751953,578.3348999023438,138.31993103027344,606.7091674804688,244.1333770751953,0.8001737594604492
game8/Clip3,2,30,player_bottom,956.7994384765625,649.4678955078125,918.9398803710938,514.6798706054688,994.6590576171875,649.4678955078125,0.9077904224395752
game8/Clip3,2,31,player_top,592.4767456054688,244.140380859375,578.4157104492188,139.42027282714844,606.5377807617188,244.140380859375,0.8103759288787842
game8/Clip3,3,30,player_bottom,957.099853515625,649.418701171875,918.9987182617188,513.6275024414062,995.2010498046875,649.418701171875,0.9096899032592773
game8/Clip3,3,31,player_top,592.4170532226562,244.00997924804688,578.7283325195312,142.28919982910156,606.1057739257812,244.00997924804688,0.7907288670539856
game8/Clip3,4,30,player_bottom,957.3624267578125,649.4627075195312,919.1580810546875,513.07568359375,995.5667114257812,649.4627075195312,0.9130555987358093
game8/Clip3,4,31,player_top,592.1022338867188,243.93377685546875,578.6775512695312,144.47811889648438,605.5269165039062,243.93377685546875,0.8035587072372437
game8/Clip3,5,30,player_bottom,957.12646484375,649.2871704101562,918.9539794921875,512.8162841796875,995.2988891601562,649.2871704101562,0.9102864265441895
game8/Clip3,5,31,player_top,591.8895263671875,244.0757598876953,578.5596923828125,145.7537384033203,605.2194213867188,244.0757598876953,0.7991320490837097
game8/Clip3,6,30,player_bottom,956.2182006835938,649.0145263671875,918.0974731445312,512.73046875,994.3389282226562,649.0145263671875,0.9114845395088196
game8/Clip3,6,31,player_top,591.9888916015625,243.94607543945312,578.6691284179688,146.3333740234375,605.3086547851562,243.94607543945312,0.7891764640808105
game8/Clip3,7,30,player_bottom,954.8016967773438,648.8037719726562,916.8475952148438,513.4230346679688,992.7557983398438,648.8037719726562,0.9069128036499023
game8/Clip3,7,31,player_top,592.1998291015625,244.12696838378906,579.0145874023438,148.401611328125,605.3850708007812,244.12696838378906,0.7880578637123108
game8/Clip3,8,30,player_bottom,953.3259887695312,648.7896728515625,915.4310913085938,514.4812622070312,991.2208862304688,648.7896728515625,0.9044473171234131
game8/Clip3,8,31,player_top,592.0255737304688,244.22901916503906,579.0897216796875,151.33119201660156,604.96142578125,244.22901916503906,0.7597847580909729
game8/Clip3,9,30,player_bottom,952.6890258789062,648.7705078125,914.8547973632812,515.6680908203125,990.5232543945312,648.7705078125,0.9049134254455566
game8/Clip3,9,31,player_top,591.76708984375,244.26385498046875,579.0484008789062,153.9621124267578,604.4857177734375,244.26385498046875,0.7248813509941101
game8/Clip3,10,30,player_bottom,952.551025390625,648.5209350585938,914.59765625,515.9937744140625,990.50439453125,648.5209350585938,0.9082031846046448
game8/Clip3,10,31,player_top,591.8745727539062,244.25291442871094,580.2023315429688,162.87774658203125,603.5468139648438,244.25291442871094,0.692720353603363
game8/Clip3,11,30,player_bottom,952.3243408203125,647.7476806640625,914.0738525390625,515.047607421875,990.5747680664062,647.7476806640625,0.8993040323257446
game8/Clip3,11,31,player_top,592.1588745117188,244.208984375,580.0745239257812,161.1041717529297,604.2432250976562,244.208984375,0.692928671836853
game8/Clip3,12,30,player_bottom,952.3353881835938,646.4712524414062,913.6544189453125,513.078369140625,991.016357421875,646.4712524414062,0.8991501927375793
game8/Clip3,12,31,player_top,592.7269287109375,244.1796112060547,580.907958984375,163.70111083984375,604.5459594726562,244.1796112060547,0.7769107222557068
game8/Clip3,13,30,player_bottom,951.989990234375,644.037353515625,912.9641723632812,509.8966979980469,991.0158081054688,644.037353515625,0.8985610008239746
game8/Clip3,13,31,player_top,594.26806640625,243.92431640625,582.2017822265625,162.06430053710938,606.3343505859375,243.92431640625,0.819375216960907
game8/Clip3,14,30,player_bottom,950.2572021484375,641.5005493164062,910.8519897460938,505.56524658203125,989.6624145507812,641.5005493164062,0.8924375772476196
game8/Clip3,14,31,player_top,594.3780517578125,244.16671752929688,582.1326904296875,160.85958862304688,606.6233520507812,244.16671752929688,0.8060082197189331
game8/Clip3,15,30,player_bottom,947.5540771484375,638.512451171875,908.2915649414062,501.6195983886719,986.816650390625,638.512451171875,0.8944982290267944
game8/Clip3,15,31,player_top,593.577392578125,243.6099853515625,580.6730346679688,155.41845703125,606.4817504882812,243.6099853515625,0.79023277759552
game8/Clip3,16,30,player_bottom,945.275146484375,634.9056396484375,906.5484008789062,498.08514404296875,984.001953125,634.9056396484375,0.9019282460212708
game8/Clip3,16,31,player_top,593.7880859375,242.77761840820312,580.3704223632812,151.47381591796875,607.2056884765625,242.77761840820312,0.7942289710044861
game8/Clip3,17,30,player_bottom,943.955810546875,632.273193359375,906.0057373046875,496.3759765625,981.9058837890625,632.273193359375,0.9110311269760132
game8/Clip3,17,31,player_top,593.8062744140625,242.0996551513672,579.498291015625,145.54441833496094,608.1142578125,242.0996551513672,0.777564525604248
game8/Clip3,18,30,player_bottom,942.50830078125,629.5175170898438,905.2903442382812,495.4203186035156,979.7261962890625,629.5175170898438,0.9102916717529297
game8/Clip3,18,31,player_top,593.596435546875,241.45199584960938,579.4873046875,148.2273712158203,607.70556640625,241.45199584960938,0.7571395039558411
game8/Clip3,19,30,player_bottom,941.36328125,626.840576171875,904.67041015625,495.2171325683594,978.05615234375,626.840576171875,0.9025120735168457
game8/Clip3,19,31,player_top,594.2598876953125,241.33773803710938,580.6474609375,155.046142578125,607.8723754882812,241.33773803710938,0.7497226595878601
game8/Clip3,20,30,player_bottom,939.622802734375,625.1090698242188,903.3145751953125,496.50958251953125,975.9309692382812,625.1090698242188,0.9173775911331177
game8/Clip3,20,31,player_top,595.1343994140625,242.39666748046875,581.0789184570312,156.37091064453125,609.1898193359375,242.39666748046875,0.7712955474853516
game8/Clip3,21,30,player_bottom,937.3533935546875,623.5946044921875,901.3997802734375,498.78216552734375,973.3070068359375,623.5946044921875,0.9109627604484558
game8/Clip3,21,31,player_top,595.4518432617188,243.5008087158203,581.0985107421875,158.6245574951172,609.80517578125,243.5008087158203,0.762087345123291
game8/Clip3,22,30,player_bottom,935.98291015625,623.37109375,900.23388671875,502.2557373046875,971.7319946289062,623.37109375,0.9046650528907776
game8/Clip3,22,31,player_top,595.3806762695312,246.23403930664062,580.2844848632812,159.15541076660156,610.4768676757812,246.23403930664062,0.7096375226974487
game8/Clip3,23,30,player_bottom,935.1966552734375,624.4655151367188,899.316650390625,505.9017333984375,971.07666015625,624.4655151367188,0.8849119544029236
game8/Clip3,23,31,player_top,594.1276245117188,248.87059020996094,579.3834228515625,165.33316040039062,608.871826171875,248.87059020996094,0.7054631114006042
game8/Clip3,24,30,player_bottom,937.409912109375,624.506591796875,901.164306640625,508.7922058105469,973.655517578125,624.506591796875,0.8918158411979675
game8/Clip3,24,31,player_top,594.5510864257812,250.6750946044922,579.6218872070312,167.39585876464844,609.4802856445312,250.6750946044922,0.5599009990692139
game8/Clip3,25,30,player_bottom,940.7664184570312,624.0421752929688,903.354248046875,509.588134765625,978.1785888671875,624.0421752929688,0.8885042071342468
game8/Clip3,25,31,player_top,593.8455810546875,251.3067169189453,578.902099609375,169.97625732421875,608.7890625,251.3067169189453,0.7393608689308167
game8/Clip3,26,30,player_bottom,943.5390014648438,623.3817749023438,904.516845703125,508.994384765625,982.5611572265625,623.3817749023438,0.8849276304244995
game8/Clip3,26,31,player_top,593.7152709960938,251.60317993164062,578.7188720703125,172.06785583496094,608.711669921875,251.60317993164062,0.7433862090110779
game8/Clip3,27,30,player_bottom,945.540283203125,622.3203125,905.0480346679688,508.0574035644531,986.032470703125,622.3203125,0.8821728229522705
game8/Clip3,27,31,player_top,593.363525390625,251.63433837890625,579.0447998046875,177.67611694335938,607.6823120117188,251.63433837890625,0.7743566632270813
game8/Clip3,28,30,player_bottom,949.6253051757812,620.9957885742188,907.6470947265625,506.2186279296875,991.603515625,620.9957885742188,0.882291316986084
game8/Clip3,28,31,player_top,592.8196411132812,251.54212951660156,578.6935424804688,180.6219940185547,606.9457397460938,251.54212951660156,0.8178756833076477
game8/Clip3,29,30,player_bottom,952.7994384765625,620.4448852539062,909.8766479492188,505.1200866699219,995.72216796875,620.4448852539062,0.8799059391021729
game8/Clip3,29,31,player_top,592.1302490234375,251.38674926757812,577.90087890625,181.5973358154297,606.359619140625,251.38674926757812,0.8192099928855896
game8/Clip3,30,30,player_bottom,957.8646240234375,620.0513916015625,914.2459716796875,503.52752685546875,1001.4833374023438,620.0513916015625,0.8771927356719971
game8/Clip3,30,31,player_top,592.2496948242188,251.3440704345703,577.580322265625,181.0730743408203,606.9190673828125,251.3440704345703,0.8359235525131226
game8/Clip3,31,30,player_bottom,966.8892822265625,619.5299682617188,923.1881103515625,502.7799377441406,1010.5905151367188,619.5299682617188,0.8846408128738403
game8/Clip3,31,31,player_top,592.05517578125,251.06805419921875,576.956298828125,179.927734375,607.1539916992188,251.06805419921875,0.812255859375
game8/Clip3,32,30,player_bottom,978.591064453125,619.4571533203125,934.4432983398438,501.2514343261719,1022.7388305664062,619.4571533203125,0.8924617171287537
game8/Clip3,32,31,player_top,590.8473510742188,252.14573669433594,574.915771484375,178.28074645996094,606.7789306640625,252.14573669433594,0.84611976146698
game8/Clip3,33,30,player_bottom,990.8173217773438,619.5357666015625,946.4395751953125,499.1339111328125,1035.195068359375,619.5357666015625,0.8284773230552673
game8/Clip3,33,31,player_top,589.18310546875,253.7781982421875,572.4431762695312,177.6007843017578,605.9229736328125,253.7781982421875,0.7958032488822937
game8/Clip3,34,30,player_bottom,999.4810791015625,619.0482177734375,955.6890258789062,496.9681091308594,1043.273193359375,619.0482177734375,0.8059014678001404
game8/Clip3,34,31,player_top,588.5678100585938,254.2101287841797,571.3434448242188,177.5062713623047,605.7921752929688,254.2101287841797,0.8402422666549683
game8/Clip3,35,30,player_bottom,1002.190185546875,619.1610717773438,959.47607421875,494.4862976074219,1044.904296875,619.1610717773438,0.747764527797699
game8/Clip3,35,31,player_top,588.182861328125,254.817626953125,570.596923828125,177.97625732421875,605.768798828125,254.817626953125,0.8347305655479431
game8/Clip3,36,30,player_bottom,998.6072387695312,618.0000610351562,956.617919921875,492.02734375,1040.5965576171875,618.0000610351562,0.7899515628814697
game8/Clip3,36,31,player_top,587.6948852539062,255.20928955078125,569.7443237304688,178.20086669921875,605.6454467773438,255.20928955078125,0.8328019380569458
game8/Clip3,37,30,player_bottom,1001.700439453125,615.53369140625,961.5255126953125,491.9972839355469,1041.8753662109375,615.53369140625,0.834453821182251
game8/Clip3,37,31,player_top,587.0833740234375,255.15670776367188,568.7860107421875,177.68699645996094,605.3807373046875,255.15670776367188,0.8500280380249023
game8/Clip3,38,30,player_bottom,1004.9947509765625,611.4534301757812,964.401611328125,482.50128173828125,1045.587890625,611.4534301757812,0.784054160118103
game8/Clip3,38,31,player_top,587.0640869140625,254.77528381347656,568.5712280273438,177.4807891845703,605.556884765625,254.77528381347656,0.8538395166397095
game8/Clip3,39,30,player_bottom,1010.6245727539062,605.9652709960938,973.9886474609375,487.13287353515625,1047.260498046875,605.9652709960938,0.8486043810844421
game8/Clip3,39,31,player_top,586.77490234375,254.25392150878906,568.0896606445312,177.26393127441406,605.4601440429688,254.25392150878906,0.8577269315719604
game8/Clip3,40,30,player_bottom,1016.4542236328125,602.8131713867188,981.8934936523438,487.4814147949219,1051.014892578125,602.8131713867188,0.6769073009490967
game8/Clip3,40,31,player_top,585.9771728515625,253.423095703125,567.1797485351562,177.5867919921875,604.774658203125,253.423095703125,0.8785431981086731
game8/Clip3,41,30,player_bottom,1021.766357421875,600.3165893554688,988.3859252929688,487.7912292480469,1055.146728515625,600.3165893554688,0.6792320609092712
game8/Clip3,41,31,player_top,585.0315551757812,252.304931640625,566.1151123046875,178.41099548339844,603.947998046875,252.304931640625,0.8829463124275208
game8/Clip3,42,30,player_bottom,1028.865478515625,600.7403564453125,994.9041748046875,486.4631652832031,1062.8267822265625,600.7403564453125,0.8005313873291016
game8/Clip3,42,31,player_top,584.5721435546875,251.0323944091797,565.2177734375,178.9033966064453,603.9264526367188,251.0323944091797,0.8825637698173523
game8/Clip3,43,30,player_bottom,1033.7222900390625,601.083984375,999.5379638671875,485.0649719238281,1067.9066162109375,601.083984375,0.782055139541626
game8/Clip3,43,31,player_top,583.545166015625,250.4900360107422,563.4364013671875,178.91981506347656,603.6539916992188,250.4900360107422,0.8676491379737854
game8/Clip3,44,30,player_bottom,1034.2626953125,599.5585327148438,1000.45068359375,483.95123291015625,1068.0748291015625,599.5585327148438,0.795120120048523
game8/Clip3,44,31,player_top,583.13232421875,250.29428100585938,562.3023681640625,179.11685180664062,603.9622802734375,250.29428100585938,0.8848704099655151
game8/Clip3,45,30,player_bottom,1033.548828125,598.5737915039062,999.99169921875,483.3543701171875,1067.10595703125,598.5737915039062,0.850514829158783
game8/Clip3,45,31,player_top,582.8112182617188,250.1619110107422,561.1759033203125,178.82113647460938,604.446533203125,250.1619110107422,0.8858913779258728
game8/Clip3,46,30,player_bottom,1030.390625,598.488037109375,997.0914916992188,483.62921142578125,1063.6898193359375,598.488037109375,0.7422754764556885
game8/Clip3,46,31,player_top,582.2911987304688,250.11199951171875,559.7874145507812,178.1521453857422,604.7949829101562,250.11199951171875,0.8840370178222656
game8/Clip3,47,30,player_bottom,1032.8291015625,599.4423828125,998.9656372070312,485.3370056152344,1066.692626953125,599.4423828125,0.8552215099334717
game8/Clip3,47,31,player_top,581.500732421875,249.4224090576172,558.2741088867188,176.79469299316406,604.7274169921875,249.4224090576172,0.8747611045837402
game8/Clip3,48,30,player_bottom,1033.779052734375,600.515380859375,999.6812744140625,488.2781677246094,1067.876953125,600.515380859375,0.8499420881271362
game8/Clip3,48,31,player_top,578.5877685546875,248.36972045898438,555.3597412109375,176.14524841308594,601.8157958984375,248.36972045898438,0.863874614238739
game8/Clip3,49,30,player_bottom,1034.771484375,602.8645629882812,1000.3106689453125,491.54681396484375,1069.232177734375,602.8645629882812,0.849254310131073
game8/Clip3,49,31,player_top,572.5936279296875,247.91444396972656,549.4940185546875,175.8978271484375,595.6932983398438,247.91444396972656,0.8556434512138367
game8/Clip3,50,30,player_bottom,1035.6630859375,605.2308349609375,1000.7365112304688,493.831787109375,1070.589599609375,605.2308349609375,0.8518606424331665
game8/Clip3,50,31,player_top,565.545654296875,247.7009735107422,542.7894287109375,175.78192138671875,588.3018188476562,247.7009735107422,0.7682247161865234
game8/Clip3,51,30,player_bottom,1036.05615234375,606.10302734375,1000.7457275390625,494.3206787109375,1071.3665771484375,606.10302734375,0.8477804064750671
game8/Clip3,51,31,player_top,560.0050048828125,247.0653076171875,537.6703491210938,175.7462615966797,582.339599609375,247.0653076171875,0.7826979756355286
game8/Clip3,52,30,player_bottom,1032.8134765625,607.1852416992188,996.2994995117188,493.5354919433594,1069.3275146484375,607.1852416992188,0.8073639273643494
game8/Clip3,52,31,player_top,556.4405517578125,248.01077270507812,534.2415161132812,176.33297729492188,578.6396484375,248.01077270507812,0.8142821192741394
game8/Clip3,53,30,player_bottom,1034.1141357421875,607.8402709960938,996.9412231445312,493.2919616699219,1071.2869873046875,607.8402709960938,0.8693712949752808
game8/Clip3,53,31,player_top,552.4921264648438,248.7733612060547,530.2305297851562,176.74661254882812,574.7537231445312,248.7733612060547,0.8380180597305298
game8/Clip3,54,30,player_bottom,1026.36328125,608.260498046875,989.1463623046875,493.40582275390625,1063.580078125,608.260498046875,0.7709243893623352
game8/Clip3,54,31,player_top,548.9561767578125,249.0540008544922,526.6941528320312,177.6116180419922,571.21826171875,249.0540008544922,0.793307900428772
game8/Clip3,55,30,player_bottom,1019.7430419921875,608.40185546875,982.8917236328125,493.6045227050781,1056.5943603515625,608.40185546875,0.8431820869445801
game8/Clip3,55,31,player_top,545.6534423828125,249.3471221923828,522.9719848632812,177.24746704101562,568.3349609375,249.3471221923828,0.8161323070526123
game8/Clip3,56,30,player_bottom,1013.2263793945312,607.8382568359375,976.3201904296875,492.95892333984375,1050.132568359375,607.8382568359375,0.8584287762641907
game8/Clip3,56,31,player_top,544.0376586914062,249.388671875,521.7174682617188,178.09864807128906,566.3578491210938,249.388671875,0.8213443160057068
game8/Clip3,57,30,player_bottom,1007.9344482421875,607.599853515625,970.4165649414062,492.0211181640625,1045.4522705078125,607.599853515625,0.8331729769706726
game8/Clip3,57,31,player_top,542.16796875,248.80763244628906,520.3418579101562,178.96240234375,563.9940795898438,248.80763244628906,0.8351325988769531
game8/Clip3,58,30,player_bottom,1003.6666259765625,605.26123046875,966.050537109375,491.48101806640625,1041.28271484375,605.26123046875,0.8084539771080017
game8/Clip3,58,31,player_top,542.1346435546875,248.3282012939453,520.8529663085938,179.05194091796875,563.416259765625,248.3282012939453,0.8204270601272583
game8/Clip3,59,30,player_bottom,997.8697509765625,606.244140625,959.49560546875,491.18927001953125,1036.243896484375,606.244140625,0.8458470106124878
game8/Clip3,59,31,player_top,541.7469482421875,248.85162353515625,520.7872314453125,179.4002227783203,562.7067260742188,248.85162353515625,0.8306847810745239
game8/Clip3,60,30,player_bottom,979.6708984375,608.5968017578125,942.1799926757812,491.6709899902344,1017.1617431640625,608.5968017578125,0.7633509635925293
game8/Clip3,60,31,player_top,541.557861328125,248.69041442871094,520.9308471679688,179.30001831054688,562.1848754882812,248.69041442871094,0.8269822597503662
game8/Clip3,61,30,player_bottom,970.78955078125,609.9845581054688,934.167724609375,493.5597229003906,1007.411376953125,609.9845581054688,0.7970095276832581
game8/Clip3,61,31,player_top,540.9110717773438,248.93832397460938,520.39208984375,179.09898376464844,561.4300537109375,248.93832397460938,0.827413022518158
game8/Clip3,62,30,player_bottom,964.087158203125,610.3137817382812,928.175048828125,494.6356201171875,999.9992065429688,610.3137817382812,0.8168113827705383
game8/Clip3,62,31,player_top,539.23779296875,249.10006713867188,518.5921020507812,178.8013153076172,559.883544921875,249.10006713867188,0.8123542666435242
game8/Clip3,63,30,player_bottom,957.5308227539062,616.9893188476562,919.5497436523438,494.0708923339844,995.5119018554688,616.9893188476562,0.8607500195503235
game8/Clip3,63,31,player_top,540.3673706054688,249.05357360839844,519.7760620117188,178.16641235351562,560.9586791992188,249.05357360839844,0.7729610800743103
game8/Clip3,64,30,player_bottom,950.6456298828125,621.55615234375,911.0993041992188,493.0103454589844,990.1919555664062,621.55615234375,0.8390686511993408
game8/Clip3,64,31,player_top,540.241943359375,248.76382446289062,519.6846923828125,177.84466552734375,560.7991943359375,248.76382446289062,0.7714855670928955
game8/Clip3,65,30,player_bottom,939.177978515625,623.27978515625,899.8236083984375,492.40753173828125,978.5323486328125,623.27978515625,0.8324562311172485
game8/Clip3,65,31,player_top,541.363037109375,249.0377655029297,520.8282470703125,177.13681030273438,561.8978271484375,249.0377655029297,0.8102274537086487
game8/Clip3,66,30,player_bottom,928.2821044921875,622.8221435546875,889.817138671875,491.5497131347656,966.7470703125,622.8221435546875,0.7305125594139099
game8/Clip3,66,31,player_top,542.5158081054688,249.13314819335938,521.8607788085938,176.54190063476562,563.1708374023438,249.13314819335938,0.8010553121566772
game8/Clip3,67,30,player_bottom,916.13916015625,622.2197265625,878.9078979492188,491.37261962890625,953.3704223632812,622.2197265625,0.7900131344795227
game8/Clip3,67,31,player_top,542.8505859375,250.00070190429688,522.0206298828125,177.10487365722656,563.6806030273438,250.00070190429688,0.8268198370933533
game8/Clip3,68,30,player_bottom,904.3062744140625,619.0625610351562,869.4088134765625,493.1204833984375,939.2037963867188,619.0625610351562,0.8051459789276123
game8/Clip3,68,31,player_top,543.3880615234375,251.2963409423828,522.2723999023438,177.68829345703125,564.5037231445312,251.2963409423828,0.8359732031822205
game8/Clip3,69,30,player_bottom,892.6356201171875,623.02734375,858.4193725585938,495.3205261230469,926.8519287109375,623.02734375,0.7866700291633606
game8/Clip3,69,31,player_top,544.13134765625,251.92843627929688,522.8451538085938,178.34190368652344,565.4175415039062,251.92843627929688,0.849587619304657
game8/Clip3,70,30,player_bottom,883.8759765625,625.53759765625,850.6809692382812,498.05987548828125,917.0709838867188,625.53759765625,0.8151208162307739
game8/Clip3,70,31,player_top,545.1539306640625,252.4543914794922,523.741455078125,179.3243408203125,566.56640625,252.4543914794922,0.8346238136291504
game8/Clip3,71,30,player_bottom,874.4517211914062,628.6004638671875,841.2002563476562,500.85565185546875,907.7031860351562,628.6004638671875,0.8256206512451172
game8/Clip3,71,31,player_top,544.755126953125,252.8107147216797,523.0309448242188,179.46728515625,566.479248046875,252.8107147216797,0.8112900257110596
game8/Clip3,72,30,player_bottom,864.2291259765625,631.1112060546875,829.9652099609375,502.5001525878906,898.4929809570312,631.1112060546875,0.8693895936012268
game8/Clip3,72,31,player_top,545.008544921875,253.15609741210938,522.734619140625,179.17173767089844,567.2825317382812,253.15609741210938,0.8478723168373108
game8/Clip3,73,30,player_bottom,855.5371704101562,634.0336303710938,820.3170166015625,504.189453125,890.75732421875,634.0336303710938,0.9085081219673157
game8/Clip3,73,31,player_top,545.4625854492188,253.54530334472656,522.671630859375,179.00218200683594,568.2535400390625,253.54530334472656,0.8501613736152649
game8/Clip3,74,30,player_bottom,847.527099609375,635.368896484375,812.2963256835938,505.4343566894531,882.7579345703125,635.368896484375,0.8668714761734009
game8/Clip3,74,31,player_top,548.1773681640625,253.4464111328125,524.8819580078125,177.74172973632812,571.4728393554688,253.4464111328125,0.8489267230033875
game8/Clip3,75,30,player_bottom,837.955322265625,635.921630859375,803.6505737304688,506.3268737792969,872.2601318359375,635.921630859375,0.8680207133293152
game8/Clip3,75,31,player_top,550.5468139648438,253.31976318359375,526.7329711914062,176.13552856445312,574.3606567382812,253.31976318359375,0.8703558444976807
game8/Clip3,76,30,player_bottom,826.7128295898438,636.0844116210938,793.6296997070312,506.6934814453125,859.7959594726562,636.0844116210938,0.8657213449478149
game8/Clip3,76,31,player_top,550.98388671875,253.07131958007812,526.833984375,173.94305419921875,575.1337890625,253.07131958007812,0.8371439576148987
game8/Clip3,77,30,player_bottom,814.636962890625,635.8888549804688,782.249267578125,506.3908996582031,847.0247192382812,635.8888549804688,0.7825683951377869
game8/Clip3,77,31,player_top,553.3245849609375,252.75413513183594,529.2010498046875,172.7116241455078,577.4481811523438,252.75413513183594,0.8144410848617554
game8/Clip3,78,30,player_bottom,804.7313232421875,635.70849609375,772.40673828125,505.7324523925781,837.055908203125,635.70849609375,0.8571402430534363
game8/Clip3,78,31,player_top,557.0482177734375,252.82058715820312,533.0208129882812,171.8782501220703,581.0755615234375,252.82058715820312,0.7937039136886597
game8/Clip3,79,30,player_bottom,793.5850830078125,635.244140625,760.4461669921875,504.43316650390625,826.7240600585938,635.244140625,0.7923946380615234
game8/Clip3,79,31,player_top,559.9887084960938,251.72715759277344,536.9044799804688,171.610595703125,583.0729370117188,251.72715759277344,0.8263512253761292
game8/Clip3,80,30,player_bottom,782.7061767578125,633.6060180664062,749.1275024414062,504.00213623046875,816.2847900390625,633.6060180664062,0.8897731900215149
game8/Clip3,80,31,player_top,562.348388671875,250.76870727539062,540.2864990234375,171.8935089111328,584.4102783203125,250.76870727539062,0.8248050212860107
game8/Clip3,81,30,player_bottom,772.6710205078125,633.3317260742188,738.9288940429688,504.7752990722656,806.4130859375,633.3317260742188,0.8717153072357178
game8/Clip3,81,31,player_top,564.8115844726562,250.00021362304688,543.3817138671875,172.2183380126953,586.241455078125,250.00021362304688,0.8203859329223633
game8/Clip3,82,30,player_bottom,763.601318359375,633.5831298828125,730.231201171875,506.2032165527344,796.971435546875,633.5831298828125,0.8777555823326111
game8/Clip3,82,31,player_top,566.3651123046875,249.7422637939453,545.2626953125,172.5349578857422,587.467529296875,249.7422637939453,0.8474996089935303
game8/Clip3,83,30,player_bottom,753.9405517578125,634.0368041992188,721.643798828125,507.20318603515625,786.2373046875,634.0368041992188,0.8369067311286926
game8/Clip3,83,31,player_top,568.54150390625,249.68255615234375,547.3543701171875,172.4342498779297,589.7286376953125,249.68255615234375,0.8531395196914673
game8/Clip3,84,30,player_bottom,744.4124145507812,634.933837890625,713.2960205078125,507.7477111816406,775.52880859375,634.933837890625,0.8161603808403015
game8/Clip3,84,31,player_top,572.6312866210938,249.71673583984375,550.8790893554688,172.40017700195312,594.3834838867188,249.71673583984375,0.868038535118103
game8/Clip3,85,30,player_bottom,733.7118530273438,632.822998046875,703.76318359375,507.2120361328125,763.6605224609375,632.822998046875,0.8005779385566711
game8/Clip3,85,31,player_top,575.8985595703125,249.55625915527344,553.2864990234375,171.45452880859375,598.5106201171875,249.55625915527344,0.8795666098594666
game8/Clip3,86,30,player_bottom,720.1676025390625,633.999755859375,690.0728759765625,507.6773376464844,750.2623291015625,633.999755859375,0.8578208088874817
game8/Clip3,86,31,player_top,578.2664794921875,249.33734130859375,554.9678344726562,170.761962890625,601.5650634765625,249.33734130859375,0.8724136352539062
game8/Clip3,87,30,player_bottom,710.947265625,634.8886108398438,680.8958129882812,508.0162048339844,740.9986572265625,634.8886108398438,0.8681669235229492
game8/Clip3,87,31,player_top,581.8980712890625,248.3188018798828,558.5723266601562,170.323974609375,605.2238159179688,248.3188018798828,0.8413795828819275
game8/Clip3,88,30,player_bottom,705.8140869140625,635.6771850585938,675.8814086914062,507.2911071777344,735.7467041015625,635.6771850585938,0.8633711338043213
game8/Clip3,88,31,player_top,587.8140258789062,247.5825958251953,564.994384765625,170.0223846435547,610.6336669921875,247.5825958251953,0.811310887336731
game8/Clip3,89,30,player_bottom,701.3677368164062,635.4544067382812,672.1713256835938,507.005615234375,730.5641479492188,635.4544067382812,0.8140227794647217
game8/Clip3,89,31,player_top,591.65576171875,246.9913787841797,569.5252075195312,169.77230834960938,613.786376953125,246.9913787841797,0.7884945869445801
game8/Clip3,90,30,player_bottom,696.1083374023438,635.4268188476562,667.2672729492188,505.3980712890625,724.9494018554688,635.4268188476562,0.8648405075073242
game8/Clip3,90,31,player_top,594.88525390625,246.23178100585938,573.787353515625,169.9966278076172,615.9830932617188,246.23178100585938,0.768038272857666
game8/Clip3,91,30,player_bottom,691.066650390625,635.2180786132812,662.4354248046875,502.8907470703125,719.6978149414062,635.2180786132812,0.8150530457496643
game8/Clip3,91,31,player_top,598.7454833984375,246.27536010742188,578.3123168945312,170.12562561035156,619.1786499023438,246.27536010742188,0.7979257702827454
game8/Clip3,92,30,player_bottom,682.8140869140625,635.11767578125,654.1827392578125,500.622314453125,711.4453735351562,635.11767578125,0.8183560967445374
game8/Clip3,92,31,player_top,603.5791015625,245.85218811035156,583.6278076171875,170.606689453125,623.5303955078125,245.85218811035156,0.8333296775817871
game8/Clip3,93,30,player_bottom,676.038330078125,635.1792602539062,646.744140625,496.9222106933594,705.3324584960938,635.1792602539062,0.8576940298080444
game8/Clip3,93,31,player_top,609.9544067382812,245.68165588378906,589.5972900390625,170.00648498535156,630.3115234375,245.68165588378906,0.8553068041801453
game8/Clip3,94,30,player_bottom,671.1401977539062,633.9993286132812,641.6336059570312,494.455322265625,700.6467895507812,633.9993286132812,0.8657539486885071
game8/Clip3,94,31,player_top,613.6531982421875,246.0247039794922,592.8598022460938,170.49391174316406,634.4465942382812,246.0247039794922,0.863222599029541
game8/Clip3,95,30,player_bottom,667.9263916015625,628.9129638671875,639.3391723632812,492.6650390625,696.513671875,628.9129638671875,0.8177966475486755
game8/Clip3,95,31,player_top,615.5768432617188,246.20559692382812,594.40283203125,171.2959747314453,636.7508544921875,246.20559692382812,0.879288911819458
game8/Clip3,96,30,player_bottom,665.7913818359375,622.736328125,638.5525512695312,491.8115539550781,693.0302124023438,622.736328125,0.8125588297843933
game8/Clip3,96,31,player_top,616.1323852539062,246.16043090820312,594.6514892578125,172.10675048828125,637.61328125,246.16043090820312,0.8854874968528748
game8/Clip3,97,30,player_bottom,662.8968505859375,619.583984375,636.8912353515625,492.0416259765625,688.9025268554688,619.583984375,0.800600528717041
game8/Clip3,97,31,player_top,616.8237915039062,245.77536010742188,595.0856323242188,172.3296661376953,638.5619506835938,245.77536010742188,0.8723549842834473
game8/Clip3,98,30,player_bottom,660.1829833984375,617.7611083984375,634.6787109375,491.253173828125,685.6871948242188,617.7611083984375,0.8026816844940186
game8/Clip3,98,31,player_top,618.568603515625,245.3096160888672,596.86328125,172.52236938476562,640.27392578125,245.3096160888672,0.8641378879547119
game8/Clip3,99,30,player_bottom,654.658447265625,616.8145751953125,629.24267578125,489.5968322753906,680.0742797851562,616.8145751953125,0.8538651466369629
game8/Clip3,99,31,player_top,621.55908203125,244.9767608642578,599.9208984375,171.58181762695312,643.197265625,244.9767608642578,0.8288227319717407
game8/Clip3,100,30,player_bottom,652.8748779296875,616.075439453125,627.6547241210938,487.5527038574219,678.0950927734375,616.075439453125,0.7979893088340759
game8/Clip3,100,31,player_top,623.177001953125,245.01150512695312,601.5481567382812,170.4867401123047,644.805908203125,245.01150512695312,0.8311378955841064
game8/Clip3,101,30,player_bottom,650.9200439453125,615.7722778320312,625.8214721679688,484.9682312011719,676.0186767578125,615.7722778320312,0.8545881509780884
game8/Clip3,101,31,player_top,623.983642578125,244.8041534423828,602.4590454101562,169.32391357421875,645.5082397460938,244.8041534423828,0.8372386693954468
game8/Clip3,102,30,player_bottom,649.4395751953125,614.8364868164062,624.837158203125,483.7120666503906,674.0420532226562,614.8364868164062,0.7886019349098206
game8/Clip3,102,31,player_top,624.810302734375,244.35740661621094,603.6046752929688,169.2369842529297,646.015869140625,244.35740661621094,0.8424362540245056
game8/Clip3,103,30,player_bottom,651.7723388671875,614.7542724609375,627.0904541015625,482.73138427734375,676.4542846679688,614.7542724609375,0.733823835849762
game8/Clip3,103,31,player_top,626.730712890625,244.12326049804688,605.5866088867188,169.4437255859375,647.874755859375,244.12326049804688,0.8488041758537292
game8/Clip3,104,30,player_bottom,653.854248046875,616.446044921875,628.932861328125,483.4943542480469,678.775634765625,616.446044921875,0.6665775775909424
game8/Clip3,104,31,player_top,628.425537109375,243.48365783691406,607.2257080078125,169.91184997558594,649.6254272460938,243.48365783691406,0.8609383702278137
game8/Clip3,105,30,player_bottom,655.958984375,618.3807373046875,630.5719604492188,484.54925537109375,681.3460693359375,618.3807373046875,0.6253314018249512
game8/Clip3,105,31,player_top,630.0145263671875,243.80551147460938,608.6087646484375,171.5715789794922,651.4202880859375,243.80551147460938,0.85942143201828
game8/Clip3,106,30,player_bottom,654.58544921875,619.2523803710938,628.8933715820312,485.1692199707031,680.2774658203125,619.2523803710938,0.7215403914451599
game8/Clip3,106,31,player_top,631.6717529296875,244.1604766845703,609.8207397460938,172.67538452148438,653.5227661132812,244.1604766845703,0.8405284881591797
game8/Clip3,107,30,player_bottom,645.5114135742188,619.5142211914062,620.5860595703125,485.32366943359375,670.436767578125,619.5142211914062,0.42961326241493225
game8/Clip3,107,31,player_top,632.157958984375,244.21505737304688,609.8785400390625,173.4722900390625,654.4374389648438,244.21505737304688,0.8598229289054871
game8/Clip3,108,30,player_bottom,641.2184448242188,619.1503295898438,616.8156127929688,483.8783264160156,665.6212768554688,619.1503295898438,0.45964929461479187
game8/Clip3,108,31,player_top,632.0372314453125,244.31834411621094,608.9976806640625,172.7830047607422,655.0768432617188,244.31834411621094,0.8589881062507629
game8/Clip3,109,30,player_bottom,645.2142333984375,617.6353759765625,620.1194458007812,481.359619140625,670.3089599609375,617.6353759765625,0.5637791752815247
game8/Clip3,109,31,player_top,631.867431640625,244.30052185058594,608.6742553710938,173.8367156982422,655.0606689453125,244.30052185058594,0.8755143880844116
game8/Clip3,110,30,player_bottom,642.017578125,614.6263427734375,617.1358642578125,480.85723876953125,666.8992919921875,614.6263427734375,0.7386401891708374
game8/Clip3,110,31,player_top,631.7930908203125,243.97384643554688,608.2296142578125,173.75045776367188,655.3565063476562,243.97384643554688,0.8762097954750061
game8/Clip3,111,30,player_bottom,638.646728515625,612.7747192382812,613.4589233398438,480.3647766113281,663.8345947265625,612.7747192382812,0.8082292079925537
game8/Clip3,111,31,player_top,633.47021484375,243.4690704345703,609.8605346679688,173.80055236816406,657.079833984375,243.4690704345703,0.8557206988334656
game8/Clip3,112,30,player_bottom,635.8687744140625,611.3483276367188,609.9844970703125,480.1575622558594,661.7529907226562,611.3483276367188,0.8322932720184326
game8/Clip3,112,31,player_top,638.140869140625,243.34854125976562,614.4075927734375,173.04983520507812,661.8740844726562,243.34854125976562,0.8577732443809509
game8/Clip3,113,30,player_bottom,632.62353515625,611.7498779296875,606.0570068359375,482.3173828125,659.1900024414062,611.7498779296875,0.827644944190979
game8/Clip3,113,31,player_top,644.2073974609375,243.40841674804688,620.7476196289062,172.6989288330078,667.6671752929688,243.40841674804688,0.8423565030097961
game8/Clip3,114,30,player_bottom,626.431396484375,612.4422607421875,599.8489990234375,486.56756591796875,653.0137939453125,612.4422607421875,0.8222609162330627
game8/Clip3,114,31,player_top,651.2662353515625,244.39877319335938,628.2446899414062,172.99765014648438,674.287841796875,244.39877319335938,0.8040944933891296
game8/Clip3,115,30,player_bottom,624.890869140625,613.3521728515625,598.0859375,490.3624267578125,651.6957397460938,613.3521728515625,0.8445470333099365
game8/Clip3,115,31,player_top,657.683349609375,244.1283416748047,635.6875610351562,173.25852966308594,679.67919921875,244.1283416748047,0.7770359516143799
game8/Clip3,116,30,player_bottom,623.5717163085938,613.7765502929688,596.6657104492188,493.207275390625,650.4777221679688,613.7765502929688,0.8630444407463074
game8/Clip3,116,31,player_top,662.345458984375,246.09193420410156,640.6543579101562,173.57835388183594,684.03662109375,246.09193420410156,0.78760826587677
game8/Clip3,117,30,player_bottom,621.91748046875,614.5733642578125,594.6947021484375,494.253173828125,649.1403198242188,614.5733642578125,0.8071662783622742
game8/Clip3,117,31,player_top,665.6990356445312,247.6025848388672,644.2296142578125,173.7349395751953,687.16845703125,247.6025848388672,0.8137860298156738
game8/Clip3,118,30,player_bottom,621.028076171875,615.0653076171875,593.3380126953125,493.8522644042969,648.7181396484375,615.0653076171875,0.8609158992767334
game8/Clip3,118,31,player_top,669.6412353515625,247.996337890625,648.5355834960938,173.60691833496094,690.7468872070312,247.996337890625,0.7816663980484009
game8/Clip3,119,30,player_bottom,619.3099365234375,615.5719604492188,591.2040405273438,492.138671875,647.415771484375,615.5719604492188,0.8852803707122803
game8/Clip3,119,31,player_top,673.986328125,248.13406372070312,653.29052734375,173.70156860351562,694.6821899414062,248.13406372070312,0.8222666382789612
game8/Clip3,120,30,player_bottom,618.9890747070312,616.1265258789062,590.5431518554688,490.3909912109375,647.4349975585938,616.1265258789062,0.8831679224967957
game8/Clip3,120,31,player_top,678.9127807617188,248.15609741210938,658.28662109375,172.81765747070312,699.5389404296875,248.15609741210938,0.8227635025978088
game8/Clip3,121,30,player_bottom,618.3568115234375,616.7584838867188,589.7792358398438,489.0089111328125,646.9344482421875,616.7584838867188,0.8788409233093262
game8/Clip3,121,31,player_top,682.23974609375,248.1023712158203,661.5029907226562,171.47108459472656,702.9765625,248.1023712158203,0.8046925067901611
game8/Clip3,122,30,player_bottom,616.744384765625,617.9884643554688,588.3765869140625,488.794189453125,645.1121826171875,617.9884643554688,0.8681936860084534
game8/Clip3,122,31,player_top,684.5150756835938,247.75357055664062,663.768310546875,170.10191345214844,705.2618408203125,247.75357055664062,0.8144197463989258
game8/Clip3,123,30,player_bottom,615.90625,620.555419921875,587.6643676757812,489.45501708984375,644.148193359375,620.555419921875,0.87074214220047
game8/Clip3,123,31,player_top,688.2489624023438,245.79302978515625,667.9199829101562,168.5614013671875,708.5779418945312,245.79302978515625,0.8046420812606812
game8/Clip3,124,30,player_bottom,615.06005859375,622.87158203125,587.2772216796875,491.3162536621094,642.8428344726562,622.87158203125,0.8708055019378662
game8/Clip3,124,31,player_top,691.8822631835938,244.19781494140625,671.8573608398438,167.26780700683594,711.9071655273438,244.19781494140625,0.8276367783546448
game8/Clip3,125,30,player_bottom,614.315673828125,626.1522216796875,587.0338134765625,494.39501953125,641.5974731445312,626.1522216796875,0.860675573348999
game8/Clip3,125,31,player_top,695.941650390625,242.3461151123047,676.1928100585938,165.88143920898438,715.6905517578125,242.3461151123047,0.8246520161628723
game8/Clip3,126,30,player_bottom,612.6145629882812,629.9448852539062,585.7687377929688,497.1310729980469,639.4603881835938,629.9448852539062,0.8726686835289001
game8/Clip3,126,31,player_top,699.06298828125,240.93313598632812,679.5086669921875,165.48037719726562,718.6172485351562,240.93313598632812,0.8112660646438599
game8/Clip3,127,30,player_bottom,611.2420654296875,633.3030395507812,584.9690551757812,500.25360107421875,637.5150756835938,633.3030395507812,0.8858657479286194
game8/Clip3,127,31,player_top,702.7119140625,238.4858856201172,683.5405883789062,165.50015258789062,721.8831787109375,238.4858856201172,0.805354118347168
game8/Clip3,128,30,player_bottom,610.8256225585938,635.6436157226562,585.030517578125,502.5369873046875,636.6207275390625,635.6436157226562,0.8856855630874634
game8/Clip3,128,31,player_top,704.9443969726562,237.31800842285156,685.8267822265625,165.05075073242188,724.06201171875,237.31800842285156,0.7553198337554932
game8/Clip3,129,30,player_bottom,611.0018310546875,638.4581298828125,585.2857055664062,503.9876403808594,636.7178955078125,638.4581298828125,0.8846832513809204
game8/Clip3,129,31,player_top,707.1285400390625,236.25267028808594,688.31005859375,165.06895446777344,725.947021484375,236.25267028808594,0.7902033925056458
game8/Clip3,130,30,player_bottom,611.3050537109375,640.103271484375,585.7427978515625,505.32659912109375,636.8673095703125,640.103271484375,0.8841702938079834
game8/Clip3,130,31,player_top,710.1907348632812,236.09405517578125,691.103759765625,163.83326721191406,729.2777099609375,236.09405517578125,0.7260355949401855
game8/Clip3,131,30,player_bottom,611.322509765625,641.1683959960938,585.80712890625,505.714111328125,636.8379516601562,641.1683959960938,0.8880958557128906
game8/Clip3,131,31,player_top,711.5783081054688,236.1591796875,692.653076171875,163.9883575439453,730.5035400390625,236.1591796875,0.7465080618858337
game8/Clip3,132,30,player_bottom,610.9193115234375,641.7942504882812,585.3682250976562,505.2104797363281,636.4703979492188,641.7942504882812,0.8838699460029602
game8/Clip3,132,31,player_top,713.5795288085938,236.12925720214844,693.8031005859375,159.54837036132812,733.35595703125,236.12925720214844,0.7329787611961365
game8/Clip3,133,30,player_bottom,610.2523803710938,641.9545288085938,584.7151489257812,504.46270751953125,635.7896118164062,641.9545288085938,0.8860652446746826
game8/Clip3,133,31,player_top,716.2241821289062,236.1093292236328,697.2530517578125,162.15818786621094,735.1953125,236.1093292236328,0.6575442552566528
game8/Clip3,134,30,player_bottom,608.5812377929688,642.1656494140625,582.9793701171875,503.7887878417969,634.18310546875,642.1656494140625,0.868988573551178
game8/Clip3,134,31,player_top,717.7301025390625,235.69825744628906,699.7763061523438,164.99359130859375,735.6838989257812,235.69825744628906,0.7528977394104004
game8/Clip3,135,30,player_bottom,605.1353759765625,642.4579467773438,579.4141235351562,504.51226806640625,630.856689453125,642.4579467773438,0.8634765148162842
game8/Clip3,135,31,player_top,719.6105346679688,235.98440551757812,701.9710693359375,165.60572814941406,737.25,235.98440551757812,0.7562292218208313
game8/Clip3,136,30,player_bottom,601.8800048828125,643.5161743164062,575.7996215820312,505.7308349609375,627.9603271484375,643.5161743164062,0.8801509737968445
game8/Clip3,136,31,player_top,720.8094482421875,235.8289337158203,703.4667358398438,166.15260314941406,738.152099609375,235.8289337158203,0.7575232982635498
game8/Clip3,137,30,player_bottom,597.2923583984375,644.9354248046875,570.706298828125,507.812255859375,623.8783569335938,644.9354248046875,0.8874683976173401
game8/Clip3,137,31,player_top,721.4586181640625,235.65406799316406,704.07958984375,165.21409606933594,738.837646484375,235.65406799316406,0.7492742538452148
game8/Clip3,138,30,player_bottom,593.2755126953125,646.702392578125,566.046875,510.3655700683594,620.5042114257812,646.702392578125,0.9071770310401917
game8/Clip3,138,31,player_top,722.015869140625,235.49798583984375,704.6376342773438,164.27999877929688,739.3941650390625,235.49798583984375,0.7827498912811279
game8/Clip3,139,30,player_bottom,590.378662109375,647.92919921875,562.5584716796875,511.9876403808594,618.1988525390625,647.92919921875,0.9047710299491882
game8/Clip3,139,31,player_top,722.4346923828125,235.42724609375,704.8685913085938,162.8568572998047,740.000732421875,235.42724609375,0.8119471669197083
game8/Clip3,140,30,player_bottom,589.0992431640625,648.4590454101562,560.7579345703125,512.3901977539062,617.4404907226562,648.4590454101562,0.9042948484420776
game8/Clip3,140,31,player_top,722.6278686523438,234.66131591796875,704.9998168945312,161.4086151123047,740.2559204101562,234.66131591796875,0.8238027691841125
game8/Clip3,141,30,player_bottom,588.7611083984375,648.0296630859375,559.8092041015625,511.21630859375,617.7130126953125,648.0296630859375,0.90102618932724
game8/Clip3,141,31,player_top,722.91845703125,233.62049865722656,705.1148681640625,159.6585693359375,740.7221069335938,233.62049865722656,0.811597466468811
game8/Clip3,142,30,player_bottom,587.6747436523438,647.302001953125,558.129638671875,509.7839660644531,617.2198486328125,647.302001953125,0.8939180970191956
game8/Clip3,142,31,player_top,722.720458984375,231.90830993652344,704.8870239257812,157.68653869628906,740.5538330078125,231.90830993652344,0.7978509664535522
game8/Clip3,143,30,player_bottom,585.830322265625,647.015380859375,555.765380859375,509.1554260253906,615.895263671875,647.015380859375,0.8952250480651855
game8/Clip3,143,31,player_top,722.091064453125,230.66183471679688,704.2823486328125,156.18556213378906,739.8997802734375,230.66183471679688,0.8186461925506592
game8/Clip3,144,30,player_bottom,581.9254150390625,648.175048828125,551.2493286132812,509.93255615234375,612.6015014648438,648.175048828125,0.8943155407905579
game8/Clip3,144,31,player_top,721.3784790039062,229.36856079101562,703.573974609375,155.2606201171875,739.1829833984375,229.36856079101562,0.813619077205658
game8/Clip3,145,30,player_bottom,577.0724487304688,649.0928344726562,546.0021362304688,512.0245361328125,608.1427612304688,649.0928344726562,0.9089130163192749
game8/Clip3,145,31,player_top,719.611083984375,227.76573181152344,701.6187133789062,154.58058166503906,737.6034545898438,227.76573181152344,0.8492863178253174
game8/Clip3,146,30,player_bottom,570.8583984375,650.9667358398438,539.3890991210938,515.1929321289062,602.32763671875,650.9667358398438,0.9082632660865784
game8/Clip3,146,31,player_top,717.5547485351562,226.23272705078125,699.0133056640625,153.20263671875,736.09619140625,226.23272705078125,0.8595246076583862
game8/Clip3,147,30,player_bottom,566.2769775390625,653.45849609375,534.5117797851562,519.9744262695312,598.042236328125,653.45849609375,0.9026610851287842
game8/Clip3,147,31,player_top,715.2620239257812,225.47833251953125,696.0591430664062,152.75914001464844,734.4649047851562,225.47833251953125,0.8444983959197998
game8/Clip3,148,30,player_bottom,563.4456176757812,655.08837890625,531.3949584960938,524.1983642578125,595.4962768554688,655.08837890625,0.906484067440033
game8/Clip3,148,31,player_top,714.012939453125,225.66383361816406,694.0738525390625,152.46739196777344,733.9520263671875,225.66383361816406,0.8712659478187561
game8/Clip3,149,30,player_bottom,562.6781005859375,654.3572998046875,530.7044067382812,527.6681518554688,594.6517333984375,654.3572998046875,0.9069889187812805
game8/Clip3,149,31,player_top,713.60205078125,225.724853515625,693.0174560546875,152.21083068847656,734.1865844726562,225.724853515625,0.8747418522834778
game8/Clip3,150,30,player_bottom,561.8973388671875,652.4571533203125,529.7987670898438,528.9826049804688,593.995849609375,652.4571533203125,0.9052591919898987
game8/Clip3,150,31,player_top,712.5282592773438,226.98678588867188,690.9456176757812,151.8385772705078,734.1109008789062,226.98678588867188,0.8594526052474976
game8/Clip3,151,30,player_bottom,560.8543701171875,650.5005493164062,528.6236572265625,529.6110229492188,593.0850830078125,650.5005493164062,0.9073418974876404
game8/Clip3,151,31,player_top,712.5321044921875,226.630615234375,690.5037841796875,151.68719482421875,734.5604248046875,226.630615234375,0.8644333481788635
game8/Clip3,152,30,player_bottom,558.1267700195312,649.9327392578125,525.4293823242188,530.9548950195312,590.8241577148438,649.9327392578125,0.9078249931335449
game8/Clip3,152,31,player_top,712.4553833007812,226.65496826171875,689.7372436523438,150.5713348388672,735.1735229492188,226.65496826171875,0.8597081303596497
game8/Clip3,153,30,player_bottom,556.835205078125,651.1324462890625,522.9556884765625,532.1061401367188,590.7147216796875,651.1324462890625,0.9115775227546692
game8/Clip3,153,31,player_top,712.351318359375,226.65292358398438,689.0071411132812,149.6765594482422,735.6954345703125,226.65292358398438,0.863126814365387
game8/Clip3,154,30,player_bottom,556.447021484375,653.6461181640625,521.0731201171875,532.78076171875,591.8208618164062,653.6461181640625,0.9113960862159729
game8/Clip3,154,31,player_top,710.550537109375,226.63751220703125,686.6392211914062,149.03216552734375,734.4617919921875,226.63751220703125,0.8654625415802002
game8/Clip3,155,30,player_bottom,557.3204956054688,656.5878295898438,520.5671997070312,533.2463989257812,594.0737915039062,656.5878295898438,0.911346971988678
game8/Clip3,155,31,player_top,707.64599609375,226.58995056152344,683.3573608398438,148.226318359375,731.9345703125,226.58995056152344,0.8574420213699341
game8/Clip3,156,30,player_bottom,558.228515625,659.23388671875,520.3480224609375,533.6329345703125,596.1090698242188,659.23388671875,0.9033475518226624
game8/Clip3,156,31,player_top,706.0128173828125,226.65281677246094,681.8428955078125,147.8944854736328,730.1827392578125,226.65281677246094,0.8663357496261597
game8/Clip3,157,30,player_bottom,558.276123046875,660.587158203125,519.5198974609375,533.3589477539062,597.0324096679688,660.587158203125,0.9106336832046509
game8/Clip3,157,31,player_top,703.8209228515625,226.61773681640625,679.8965454101562,146.8211669921875,727.745361328125,226.61773681640625,0.8514264225959778
game8/Clip3,158,30,player_bottom,557.509033203125,661.3507690429688,517.7068481445312,531.0859375,597.3112182617188,661.3507690429688,0.9015874862670898
game8/Clip3,158,31,player_top,700.455078125,226.40069580078125,677.2000732421875,146.17318725585938,723.7101440429688,226.40069580078125,0.8128877282142639
game8/Clip3,159,30,player_bottom,556.9860229492188,661.8362426757812,516.5347290039062,529.43310546875,597.4373168945312,661.8362426757812,0.9020408987998962
game8/Clip3,159,31,player_top,697.2220458984375,227.2388153076172,674.578369140625,145.8279571533203,719.8657836914062,227.2388153076172,0.8088119626045227
game8/Clip3,160,30,player_bottom,554.985595703125,661.8298950195312,514.3387451171875,527.9921875,595.6325073242188,661.8298950195312,0.8847191333770752
game8/Clip3,160,31,player_top,694.904541015625,228.12698364257812,672.9140625,145.5574493408203,716.8950805664062,228.12698364257812,0.7949917912483215
game8/Clip3,161,30,player_bottom,551.75048828125,661.828369140625,511.313720703125,526.4945068359375,592.187255859375,661.828369140625,0.8999751210212708
game8/Clip3,161,31,player_top,693.0853881835938,229.04161071777344,671.9112548828125,146.1138916015625,714.259521484375,229.04161071777344,0.7886511087417603
game8/Clip3,162,30,player_bottom,546.5714111328125,661.9723510742188,506.5457458496094,525.3609619140625,586.5970458984375,661.9723510742188,0.8841565847396851
game8/Clip3,162,31,player_top,691.470703125,230.15769958496094,671.21533203125,147.7347869873047,711.7261352539062,230.15769958496094,0.7927680015563965
game8/Clip3,163,30,player_bottom,541.2205200195312,661.7510375976562,501.9462585449219,524.0792236328125,580.4947509765625,661.7510375976562,0.8855574131011963
game8/Clip3,163,31,player_top,688.1389770507812,230.8594512939453,668.7845458984375,150.6576385498047,707.493408203125,230.8594512939453,0.8063262701034546
game8/Clip3,164,30,player_bottom,535.2957763671875,661.840087890625,497.0274658203125,523.8524169921875,573.5640258789062,661.840087890625,0.8463199138641357
game8/Clip3,164,31,player_top,684.8095703125,231.57151794433594,665.9127807617188,152.9383087158203,703.7064208984375,231.57151794433594,0.8386254906654358
game8/Clip3,165,30,player_bottom,531.090087890625,661.7760009765625,493.8980407714844,523.19140625,568.2821044921875,661.7760009765625,0.8465379476547241
game8/Clip3,165,31,player_top,681.36279296875,231.75987243652344,662.2161865234375,152.0903778076172,700.5093383789062,231.75987243652344,0.8450810313224792
game8/Clip3,166,30,player_bottom,528.0293579101562,661.4741821289062,491.4931945800781,519.8309326171875,564.5655517578125,661.4741821289062,0.8202276825904846
game8/Clip3,166,31,player_top,678.863037109375,231.74163818359375,659.7193603515625,152.18032836914062,698.0067749023438,231.74163818359375,0.860733687877655
game8/Clip3,167,30,player_bottom,525.9439697265625,661.3734130859375,490.08245849609375,515.6499633789062,561.8054809570312,661.3734130859375,0.8056400418281555
game8/Clip3,167,31,player_top,677.137451171875,231.60897827148438,658.1863403320312,152.820068359375,696.088623046875,231.60897827148438,0.8709297180175781
game8/Clip3,168,30,player_bottom,524.7703247070312,661.3268432617188,489.4969787597656,511.218505859375,560.0436401367188,661.3268432617188,0.7826240062713623
game8/Clip3,168,31,player_top,676.4246826171875,231.6595458984375,657.5428466796875,152.91773986816406,695.3065185546875,231.6595458984375,0.8705976605415344
game8/Clip3,169,30,player_bottom,524.6470947265625,661.3021240234375,490.7643127441406,511.0421142578125,558.5298461914062,661.3021240234375,0.8061987161636353
game8/Clip3,169,31,player_top,675.6281127929688,231.7006378173828,656.837646484375,152.9371795654297,694.4185791015625,231.7006378173828,0.8485257029533386
game8/Clip3,170,30,player_bottom,523.6273803710938,661.2704467773438,490.99835205078125,510.63250732421875,556.2564086914062,661.2704467773438,0.7993985414505005
game8/Clip3,170,31,player_top,675.2705078125,231.8981170654297,656.6408081054688,153.37139892578125,693.9002075195312,231.8981170654297,0.8499069809913635
game8/Clip3,171,30,player_bottom,523.9558715820312,661.2339477539062,492.33984375,510.1189880371094,555.5718994140625,661.2339477539062,0.7973622679710388
game8/Clip3,171,31,player_top,674.268310546875,231.98458862304688,655.8770141601562,154.32766723632812,692.6595458984375,231.98458862304688,0.8430295586585999
game8/Clip3,172,30,player_bottom,522.6337280273438,660.5081787109375,492.1598205566406,509.81549072265625,553.107666015625,660.5081787109375,0.766861081123352
game8/Clip3,172,31,player_top,672.0623779296875,232.20193481445312,653.8207397460938,155.0818634033203,690.303955078125,232.20193481445312,0.846447229385376
game8/Clip3,173,30,player_bottom,519.1998291015625,659.5579833984375,490.1900634765625,511.34197998046875,548.2095947265625,659.5579833984375,0.7548151016235352
game8/Clip3,173,31,player_top,670.548828125,232.6213836669922,652.3577270507812,155.61712646484375,688.739990234375,232.6213836669922,0.8497384786605835
game8/Clip3,174,30,player_bottom,513.3225708007812,655.9622802734375,485.4222717285156,511.3381652832031,541.222900390625,655.9622802734375,0.8320872187614441
game8/Clip3,174,31,player_top,669.8753662109375,232.9862060546875,651.7564086914062,156.2198944091797,687.9942626953125,232.9862060546875,0.8522546887397766
game8/Clip3,175,30,player_bottom,508.8243408203125,653.1348266601562,481.13916015625,509.2801513671875,536.509521484375,653.1348266601562,0.7934848666191101
game8/Clip3,175,31,player_top,669.7198486328125,233.16305541992188,651.6270751953125,156.39695739746094,687.8125610351562,233.16305541992188,0.8582445979118347
game8/Clip3,176,30,player_bottom,506.4271240234375,650.15380859375,478.7408752441406,506.1912536621094,534.1133422851562,650.15380859375,0.8629855513572693
game8/Clip3,176,31,player_top,669.6273193359375,232.89022827148438,651.6101684570312,156.4827423095703,687.6444702148438,232.89022827148438,0.857774019241333
game8/Clip3,177,30,player_bottom,507.51904296875,646.3443603515625,480.4286804199219,504.3498840332031,534.609375,646.3443603515625,0.8546212911605835
game8/Clip3,177,31,player_top,669.43359375,233.02491760253906,651.4452514648438,157.0438232421875,687.421875,233.02491760253906,0.8568092584609985
game8/Clip3,178,30,player_bottom,509.7105407714844,643.177001953125,483.11566162109375,502.2477722167969,536.305419921875,643.177001953125,0.8683801889419556
game8/Clip3,178,31,player_top,669.8280029296875,233.29196166992188,651.6465454101562,157.83168029785156,688.0093994140625,233.29196166992188,0.8682562112808228
game8/Clip3,179,30,player_bottom,514.0472412109375,641.3394165039062,487.9122619628906,501.1143493652344,540.1822509765625,641.3394165039062,0.8150131702423096
game8/Clip3,179,31,player_top,670.3902587890625,234.3455810546875,651.7139282226562,158.79180908203125,689.0665283203125,234.3455810546875,0.8787084817886353
game8/Clip3,180,30,player_bottom,516.203857421875,640.85888671875,490.6103515625,501.4092712402344,541.7974243164062,640.85888671875,0.7388152480125427
game8/Clip3,180,31,player_top,670.3961181640625,236.1988067626953,651.0078125,160.53578186035156,689.784423828125,236.1988067626953,0.8873814940452576
game8/Clip3,181,30,player_bottom,517.1845092773438,640.8672485351562,492.0259094238281,502.03045654296875,542.3431396484375,640.8672485351562,0.598672091960907
game8/Clip3,181,31,player_top,670.9521484375,237.1298065185547,651.0107421875,162.20834350585938,690.8935546875,237.1298065185547,0.8935570120811462
game8/Clip3,182,30,player_bottom,525.9867553710938,640.5379028320312,499.95452880859375,502.27484130859375,552.0189819335938,640.5379028320312,0.7746924161911011
game8/Clip3,182,31,player_top,670.9169311523438,237.77169799804688,650.485595703125,163.58412170410156,691.3482666015625,237.77169799804688,0.8931390047073364
game8/Clip3,183,30,player_bottom,526.7022705078125,640.4839477539062,500.0270080566406,501.5395812988281,553.3775024414062,640.4839477539062,0.8395876288414001
game8/Clip3,183,31,player_top,671.033447265625,238.1634063720703,650.1090698242188,164.46026611328125,691.957763671875,238.1634063720703,0.8945183753967285
game8/Clip3,184,30,player_bottom,525.219482421875,640.0415649414062,497.8251953125,499.6722412109375,552.6138305664062,640.0415649414062,0.8352445363998413
game8/Clip3,184,31,player_top,670.30126953125,238.47781372070312,648.9326782226562,164.7164764404297,691.6697998046875,238.47781372070312,0.8941355347633362
game8/Clip3,185,30,player_bottom,524.5296630859375,640.1653442382812,495.7811584472656,495.6435241699219,553.2781982421875,640.1653442382812,0.8484852313995361
game8/Clip3,185,31,player_top,669.87646484375,238.5624542236328,648.0205688476562,164.4511260986328,691.7322998046875,238.5624542236328,0.8921003937721252
game8/Clip3,186,30,player_bottom,522.024658203125,637.8104248046875,492.4793701171875,493.6673889160156,551.5698852539062,637.8104248046875,0.877289891242981
game8/Clip3,186,31,player_top,670.13525390625,238.4948272705078,647.8546142578125,164.015869140625,692.4158935546875,238.4948272705078,0.8732463717460632
game8/Clip3,187,30,player_bottom,517.3427124023438,634.2079467773438,487.2525329589844,493.9434509277344,547.4329223632812,634.2079467773438,0.8675559163093567
game8/Clip3,187,31,player_top,672.951416015625,238.35496520996094,650.29345703125,162.96092224121094,695.609375,238.35496520996094,0.8434866666793823
game8/Clip3,188,30,player_bottom,512.3465576171875,631.5667724609375,482.00335693359375,496.4063720703125,542.6898193359375,631.5667724609375,0.8437657952308655
game8/Clip3,188,31,player_top,677.4163818359375,238.62039184570312,654.5044555664062,161.81796264648438,700.3283081054688,238.62039184570312,0.8554978966712952
game8/Clip3,189,30,player_bottom,508.24542236328125,629.2107543945312,477.7265930175781,500.21990966796875,538.7642822265625,629.2107543945312,0.8774839639663696
game8/Clip3,189,31,player_top,683.0032348632812,238.71102905273438,660.6129760742188,162.36940002441406,705.3934936523438,238.71102905273438,0.8531350493431091
game8/Clip3,190,30,player_bottom,506.57403564453125,629.0531616210938,475.1488952636719,502.9407958984375,537.9991455078125,629.0531616210938,0.8864555954933167
game8/Clip3,190,31,player_top,688.663818359375,238.42396545410156,667.0016479492188,162.6510772705078,710.3259887695312,238.42396545410156,0.8281692862510681
game8/Clip3,191,30,player_bottom,505.8033142089844,628.9918823242188,474.07208251953125,508.1123046875,537.5345458984375,628.9918823242188,0.886938750743866
game8/Clip3,191,31,player_top,694.5344848632812,239.4860382080078,673.660888671875,164.0443878173828,715.4080810546875,239.4860382080078,0.823645293712616
game8/Clip3,192,30,player_bottom,506.37750244140625,629.5375366210938,473.8070068359375,511.5444641113281,538.947998046875,629.5375366210938,0.8876410126686096
game8/Clip3,192,31,player_top,698.3316650390625,240.83694458007812,678.1857299804688,165.79849243164062,718.4775390625,240.83694458007812,0.8055986166000366
game8/Clip3,193,30,player_bottom,506.50299072265625,629.989013671875,472.9304504394531,513.4812622070312,540.0755004882812,629.989013671875,0.8993513584136963
game8/Clip3,193,31,player_top,702.2781372070312,241.6406707763672,682.9058837890625,167.78109741210938,721.650390625,241.6406707763672,0.8211886286735535
game8/Clip3,194,30,player_bottom,507.44525146484375,630.6226806640625,472.2197570800781,512.4622192382812,542.6707763671875,630.6226806640625,0.8862923979759216
game8/Clip3,194,31,player_top,706.4638671875,241.87904357910156,687.417724609375,168.71243286132812,725.5100708007812,241.87904357910156,0.843414843082428
game8/Clip3,195,30,player_bottom,510.7919006347656,630.8641967773438,473.9041748046875,509.6543884277344,547.6796264648438,630.8641967773438,0.8943300843238831
game8/Clip3,195,31,player_top,711.9719848632812,241.96778869628906,692.5984497070312,169.10511779785156,731.3455200195312,241.96778869628906,0.8691921234130859
game8/Clip3,196,30,player_bottom,515.587646484375,630.8685302734375,477.6025390625,506.8233642578125,553.5726928710938,630.8685302734375,0.8751488327980042
game8/Clip3,196,31,player_top,715.8655395507812,241.71583557128906,696.0228881835938,169.12322998046875,735.7081909179688,241.71583557128906,0.8580831289291382
game8/Clip3,197,30,player_bottom,522.1746826171875,631.2745971679688,483.63372802734375,503.8639831542969,560.7156982421875,631.2745971679688,0.8880059719085693
game8/Clip3,197,31,player_top,719.0601806640625,241.90325927734375,698.7129516601562,168.61842346191406,739.407470703125,241.90325927734375,0.8433324694633484
game8/Clip3,198,30,player_bottom,528.3731689453125,631.4021606445312,490.33477783203125,502.0583190917969,566.4115600585938,631.4021606445312,0.8872490525245667
game8/Clip3,198,31,player_top,722.0941772460938,241.22805786132812,701.7557373046875,168.2366180419922,742.4326171875,241.22805786132812,0.8376080989837646
game8/Clip3,199,30,player_bottom,530.1295166015625,632.4611206054688,492.9795227050781,501.31903076171875,567.2794799804688,632.4611206054688,0.8782830834388733
game8/Clip3,199,31,player_top,724.828125,240.73092651367188,704.7136840820312,167.99993896484375,744.9425659179688,240.73092651367188,0.7974691987037659
game8/Clip3,200,30,player_bottom,533.6116943359375,634.0422973632812,497.2428283691406,501.62530517578125,569.9805297851562,634.0422973632812,0.8831268548965454
game8/Clip3,200,31,player_top,727.640625,238.9727020263672,707.8956909179688,167.74041748046875,747.3855590820312,238.9727020263672,0.8016093969345093
game8/Clip3,201,30,player_bottom,539.6327514648438,636.0526733398438,503.7768249511719,503.11468505859375,575.4887084960938,636.0526733398438,0.878835141658783
game8/Clip3,201,31,player_top,729.9075317382812,238.3246612548828,710.3671264648438,167.9137420654297,749.4479370117188,238.3246612548828,0.7061065435409546
game8/Clip3,202,30,player_bottom,545.6893310546875,637.2966918945312,510.1590576171875,504.6700744628906,581.2196044921875,637.2966918945312,0.8914965391159058
game8/Clip3,202,31,player_top,733.0120849609375,237.77572631835938,713.3766479492188,167.65516662597656,752.6474609375,237.77572631835938,0.7373480200767517
game8/Clip3,203,30,player_bottom,550.5106201171875,638.033935546875,515.2838134765625,505.9620361328125,585.7374877929688,638.033935546875,0.8968839049339294
game8/Clip3,203,31,player_top,734.1334228515625,238.1068115234375,714.3512573242188,167.51901245117188,753.9156494140625,238.1068115234375,0.7639128565788269
game8/Clip3,204,30,player_bottom,554.796875,637.9642333984375,519.7241821289062,506.4265441894531,589.86962890625,637.9642333984375,0.9059277176856995
game8/Clip3,204,31,player_top,734.664306640625,238.42906188964844,714.6602783203125,166.65541076660156,754.6682739257812,238.42906188964844,0.7057883739471436
game8/Clip3,205,30,player_bottom,558.3607177734375,639.63916015625,523.1071166992188,507.69488525390625,593.6143798828125,639.63916015625,0.9003700017929077
game8/Clip3,205,31,player_top,737.1556396484375,238.0050506591797,717.0521850585938,165.3852996826172,757.2590942382812,238.0050506591797,0.7382125854492188
game8/Clip3,206,30,player_bottom,559.4708862304688,641.3173828125,524.1516723632812,510.1230163574219,594.7901000976562,641.3173828125,0.9149749875068665
game8/Clip3,206,31,player_top,740.1377563476562,237.60617065429688,719.9901733398438,164.47694396972656,760.2853393554688,237.60617065429688,0.788780689239502
game8/Clip3,207,30,player_bottom,560.17822265625,643.9907836914062,524.31884765625,512.4617309570312,596.0376586914062,643.9907836914062,0.9151947498321533
game8/Clip3,207,31,player_top,741.958984375,237.50363159179688,722.1878051757812,165.3151397705078,761.7301025390625,237.50363159179688,0.7521247863769531
game8/Clip3,208,30,player_bottom,560.0352783203125,646.3477172851562,524.0077514648438,516.127197265625,596.0628662109375,646.3477172851562,0.9200568199157715
game8/Clip3,208,31,player_top,742.8285522460938,237.42990112304688,723.5556640625,166.24630737304688,762.1014404296875,237.42990112304688,0.770135760307312
game8/Clip3,209,30,player_bottom,560.3214111328125,647.6023559570312,524.3876953125,519.0367431640625,596.2551879882812,647.6023559570312,0.9184898138046265
game8/Clip3,209,31,player_top,743.33642578125,236.89930725097656,724.6524658203125,167.03038024902344,762.0203247070312,236.89930725097656,0.7833957672119141
game8/Clip3,210,30,player_bottom,560.614501953125,648.22607421875,524.4473266601562,519.8323364257812,596.7816162109375,648.22607421875,0.913369357585907
game8/Clip3,210,31,player_top,744.0570068359375,236.59661865234375,725.4962768554688,166.22476196289062,762.61767578125,236.59661865234375,0.7638579607009888
game8/Clip3,211,30,player_bottom,560.7027587890625,647.8536376953125,523.8861694335938,517.9383544921875,597.519287109375,647.8536376953125,0.9156231880187988
game8/Clip3,211,31,player_top,744.6598510742188,236.06179809570312,726.210693359375,165.36724853515625,763.1090087890625,236.06179809570312,0.8022850155830383
game8/Clip3,212,30,player_bottom,560.4954223632812,646.6823120117188,522.9435424804688,514.5830688476562,598.0473022460938,646.6823120117188,0.9109770059585571
game8/Clip3,212,31,player_top,744.3099975585938,235.42237854003906,725.9463500976562,164.46986389160156,762.6736450195312,235.42237854003906,0.8196418285369873
game8/Clip3,213,30,player_bottom,559.7740478515625,646.1473999023438,521.608642578125,511.73748779296875,597.939453125,646.1473999023438,0.906745195388794
game8/Clip3,213,31,player_top,743.7882690429688,234.4237823486328,725.4044189453125,163.13047790527344,762.172119140625,234.4237823486328,0.8183194994926453
game8/Clip3,214,30,player_bottom,557.8917236328125,645.458740234375,519.2484741210938,508.7242431640625,596.5350341796875,645.458740234375,0.9046823978424072
game8/Clip3,214,31,player_top,743.4137573242188,233.88246154785156,724.7362060546875,161.30853271484375,762.09130859375,233.88246154785156,0.8200508952140808
game8/Clip3,215,30,player_bottom,553.5909423828125,644.34375,515.1742553710938,507.3221130371094,592.0076293945312,644.34375,0.898295521736145
game8/Clip3,215,31,player_top,742.58056640625,232.2000274658203,724.0712280273438,160.19627380371094,761.08984375,232.2000274658203,0.7868223190307617
game8/Clip3,216,30,player_bottom,549.2646484375,643.6406860351562,511.2066345214844,506.9200744628906,587.3226318359375,643.6406860351562,0.8928642868995667
game8/Clip3,216,31,player_top,741.2273559570312,231.60142517089844,722.4536743164062,158.87164306640625,760.0010375976562,231.60142517089844,0.8543603420257568
game8/Clip3,217,30,player_bottom,544.107421875,643.7279052734375,506.4389953613281,508.0043640136719,581.7758178710938,643.7279052734375,0.8997077941894531
game8/Clip3,217,31,player_top,738.75634765625,229.82679748535156,719.7850341796875,157.3188934326172,757.7276000976562,229.82679748535156,0.8457571864128113
game8/Clip3,218,30,player_bottom,538.4515380859375,645.0484619140625,501.1492919921875,510.7264404296875,575.7537841796875,645.0484619140625,0.9056690335273743
game8/Clip3,218,31,player_top,736.2681884765625,227.67437744140625,717.0625610351562,155.8794403076172,755.4738159179688,227.67437744140625,0.870340883731842
game8/Clip3,219,30,player_bottom,533.536376953125,647.30322265625,496.5701904296875,514.9589233398438,570.5025024414062,647.30322265625,0.9143508076667786
game8/Clip3,219,31,player_top,733.653076171875,226.8341827392578,713.831298828125,154.82205200195312,753.4747924804688,226.8341827392578,0.8562661409378052
game8/Clip3,220,30,player_bottom,530.296630859375,649.3472290039062,493.4571838378906,519.280517578125,567.1361083984375,649.3472290039062,0.9107171297073364
game8/Clip3,220,31,player_top,732.1576538085938,226.7033233642578,711.6558837890625,154.59375,752.659423828125,226.7033233642578,0.8484172224998474
game8/Clip3,221,30,player_bottom,528.1298828125,650.0527954101562,491.32379150390625,522.2930297851562,564.93603515625,650.0527954101562,0.9083724617958069
game8/Clip3,221,31,player_top,731.1484375,226.90679931640625,709.533447265625,152.87803649902344,752.7633666992188,226.90679931640625,0.8656398057937622
game8/Clip3,222,30,player_bottom,527.2872924804688,650.0203857421875,490.1392517089844,523.058837890625,564.4353637695312,650.0203857421875,0.9128895998001099
game8/Clip3,222,31,player_top,730.994873046875,227.22705078125,708.7844848632812,153.13539123535156,753.205322265625,227.22705078125,0.873619019985199
game8/Clip3,223,30,player_bottom,526.7794799804688,648.6099243164062,489.2159118652344,522.0968627929688,564.3430786132812,648.6099243164062,0.9118866920471191
game8/Clip3,223,31,player_top,730.822265625,227.0705108642578,708.4532470703125,154.33197021484375,753.1912841796875,227.0705108642578,0.8514449596405029
game8/Clip3,224,30,player_bottom,523.5604248046875,647.1705932617188,485.7730712890625,520.7067260742188,561.3478393554688,647.1705932617188,0.9054874777793884
game8/Clip3,224,31,player_top,730.8654174804688,227.04429626464844,707.5985107421875,152.85589599609375,754.13232421875,227.04429626464844,0.871001660823822
game8/Clip3,225,30,player_bottom,515.1668090820312,645.73681640625,477.92333984375,520.2222290039062,552.4102783203125,645.73681640625,0.8699190020561218
game8/Clip3,225,31,player_top,731.181884765625,227.06402587890625,707.24072265625,152.08627319335938,755.1231079101562,227.06402587890625,0.869453489780426
game8/Clip3,226,30,player_bottom,504.9661560058594,646.7093505859375,467.99981689453125,519.31494140625,541.9324951171875,646.7093505859375,0.8748064041137695
game8/Clip3,226,31,player_top,731.14697265625,227.1550750732422,706.528564453125,151.2713623046875,755.7654418945312,227.1550750732422,0.8578643798828125
game8/Clip3,227,30,player_bottom,498.2933349609375,647.556884765625,461.7356262207031,518.75537109375,534.8510131835938,647.556884765625,0.8583171367645264
game8/Clip3,227,31,player_top,730.8674926757812,226.85980224609375,705.7468872070312,150.30078125,755.9880981445312,226.85980224609375,0.8436155915260315
game8/Clip3,228,30,player_bottom,493.3058166503906,648.2849731445312,457.19891357421875,518.0504150390625,529.4127197265625,648.2849731445312,0.8879303336143494
game8/Clip3,228,31,player_top,722.457763671875,226.16323852539062,698.052734375,149.50173950195312,746.86279296875,226.16323852539062,0.6900957226753235
game8/Clip3,229,30,player_bottom,489.5705871582031,648.1890258789062,453.8502197265625,516.8900756835938,525.2909545898438,648.1890258789062,0.8779718279838562
game8/Clip3,229,31,player_top,723.7077026367188,226.01438903808594,699.3023681640625,148.87518310546875,748.113037109375,226.01438903808594,0.8437820076942444
game8/Clip3,230,30,player_bottom,486.69635009765625,646.88037109375,451.67352294921875,515.1597290039062,521.7191772460938,646.88037109375,0.8653401136398315
game8/Clip3,230,31,player_top,717.27880859375,225.87879943847656,693.6978149414062,147.91763305664062,740.8597412109375,225.87879943847656,0.7242842316627502
game8/Clip3,231,30,player_bottom,484.0704345703125,644.906494140625,449.6976623535156,513.4613647460938,518.4431762695312,644.906494140625,0.8753336668014526
game8/Clip3,231,31,player_top,716.8076171875,226.66644287109375,693.3660888671875,147.11289978027344,740.2491455078125,226.66644287109375,0.8312702775001526
game8/Clip3,232,30,player_bottom,481.78021240234375,641.5596923828125,448.01153564453125,512.48486328125,515.5488891601562,641.5596923828125,0.8788261413574219
game8/Clip3,232,31,player_top,714.188720703125,228.3204803466797,691.0545654296875,146.94764709472656,737.3228759765625,228.3204803466797,0.8240281343460083
game8/Clip3,233,30,player_bottom,477.7901306152344,634.936767578125,445.181884765625,511.4275817871094,510.39837646484375,634.936767578125,0.8606473207473755
game8/Clip3,233,31,player_top,711.0681762695312,229.73074340820312,688.453125,146.86001586914062,733.6832275390625,229.73074340820312,0.8042091131210327
game8/Clip3,234,30,player_bottom,469.4919128417969,632.6742553710938,436.5466003417969,509.99957275390625,502.4372253417969,632.6742553710938,0.8074765205383301
game8/Clip3,234,31,player_top,708.5655517578125,230.6399688720703,686.7672729492188,147.3023223876953,730.3638305664062,230.6399688720703,0.8033926486968994
game8/Clip3,235,30,player_bottom,461.35272216796875,626.4705810546875,429.1038513183594,510.9407958984375,493.6015930175781,626.4705810546875,0.7614194750785828
game8/Clip3,235,31,player_top,705.089599609375,231.4075469970703,684.0785522460938,149.13043212890625,726.1006469726562,231.4075469970703,0.8391100764274597
game8/Clip3,236,30,player_bottom,450.06988525390625,632.2936401367188,416.3892517089844,512.5220336914062,483.75048828125,632.2936401367188,0.6395989060401917
game8/Clip3,236,31,player_top,701.8282470703125,231.6923828125,681.3526000976562,150.82485961914062,722.3038330078125,231.6923828125,0.8558844923973083
game8/Clip3,237,30,player_bottom,446.39117431640625,634.8768310546875,411.36334228515625,511.7367858886719,481.4190368652344,634.8768310546875,0.5779824256896973
game8/Clip3,237,31,player_top,699.0776977539062,231.829833984375,678.77099609375,152.0210723876953,719.3843994140625,231.829833984375,0.8680482506752014
game8/Clip3,238,30,player_bottom,448.1022644042969,636.044677734375,410.00042724609375,505.3095703125,486.2041015625,636.044677734375,0.662516713142395
game8/Clip3,238,31,player_top,696.673095703125,231.9812469482422,676.2520141601562,152.44448852539062,717.0941162109375,231.9812469482422,0.8847180604934692
game8/Clip3,239,30,player_bottom,446.03094482421875,636.3221435546875,408.4740295410156,509.80963134765625,483.5878601074219,636.3221435546875,0.7308432459831238
game8/Clip3,239,31,player_top,695.057861328125,231.95672607421875,674.6674194335938,153.01084899902344,715.4483032226562,231.95672607421875,0.8785714507102966
game8/Clip3,240,30,player_bottom,443.35919189453125,636.6439208984375,405.0592956542969,509.528564453125,481.6590576171875,636.6439208984375,0.6075947284698486
game8/Clip3,240,31,player_top,692.8193359375,232.46713256835938,672.4642944335938,153.21481323242188,713.1744384765625,232.46713256835938,0.8575844168663025
game8/Clip3,241,30,player_bottom,434.9848937988281,636.2418212890625,398.1371765136719,512.8148193359375,471.8326110839844,636.2418212890625,0.850992739200592
game8/Clip3,241,31,player_top,690.8395385742188,233.00650024414062,670.87744140625,154.49705505371094,710.8016357421875,233.00650024414062,0.8460476398468018
game8/Clip3,242,30,player_bottom,429.85943603515625,634.9886474609375,394.1343078613281,513.6626586914062,465.5845642089844,634.9886474609375,0.8955517411231995
game8/Clip3,242,31,player_top,688.351318359375,234.0039520263672,668.5673828125,155.9156494140625,708.1353149414062,234.0039520263672,0.8745868802070618
game8/Clip3,243,30,player_bottom,427.0914306640625,634.0487060546875,391.5587158203125,511.6628112792969,462.6241760253906,634.0487060546875,0.8999770879745483
game8/Clip3,243,31,player_top,685.5526123046875,234.13192749023438,665.8331909179688,156.73492431640625,705.2720947265625,234.13192749023438,0.8733206987380981
game8/Clip3,244,30,player_bottom,425.51568603515625,633.3945922851562,388.82196044921875,506.59527587890625,462.20941162109375,633.3945922851562,0.8546034693717957
game8/Clip3,244,31,player_top,684.0997314453125,234.08602905273438,664.4057006835938,157.41737365722656,703.7938232421875,234.08602905273438,0.8630096316337585
game8/Clip3,245,30,player_bottom,422.43994140625,631.2959594726562,385.010498046875,502.5521545410156,459.8694152832031,631.2959594726562,0.8520210385322571
game8/Clip3,245,31,player_top,683.56103515625,234.14744567871094,663.8352661132812,157.87562561035156,703.2867431640625,234.14744567871094,0.8685151934623718
game8/Clip3,246,30,player_bottom,419.369384765625,621.5750732421875,383.0967102050781,498.3775329589844,455.64202880859375,621.5750732421875,0.8600881099700928
game8/Clip3,246,31,player_top,683.2938232421875,234.11419677734375,663.5592651367188,158.25930786132812,703.0284423828125,234.11419677734375,0.8847626447677612
game8/Clip3,247,30,player_bottom,417.2008056640625,615.5449829101562,381.7626037597656,495.9573059082031,452.6390075683594,615.5449829101562,0.8903229832649231
game8/Clip3,247,31,player_top,683.4293212890625,233.5894775390625,663.7007446289062,158.2417755126953,703.157958984375,233.5894775390625,0.8785722851753235
game8/Clip3,248,30,player_bottom,416.6414794921875,613.0286865234375,381.5795593261719,495.0862731933594,451.70343017578125,613.0286865234375,0.8901664614677429
game8/Clip3,248,31,player_top,683.123046875,233.08444213867188,663.3599853515625,158.14376831054688,702.8860473632812,233.08444213867188,0.8722104430198669
game8/Clip3,249,30,player_bottom,417.951171875,612.41015625,383.0738525390625,494.5155944824219,452.8284606933594,612.41015625,0.8891883492469788
game8/Clip3,249,31,player_top,682.8196411132812,233.0004425048828,662.7977905273438,158.40562438964844,702.8414916992188,233.0004425048828,0.8740333914756775
game8/Clip3,250,30,player_bottom,419.3663330078125,612.5411376953125,384.9635009765625,494.1485595703125,453.7691955566406,612.5411376953125,0.8892517685890198
game8/Clip3,250,31,player_top,682.3681030273438,232.7779541015625,662.1408081054688,159.4373016357422,702.5953979492188,232.7779541015625,0.8701643347740173
game8/Clip3,251,30,player_bottom,420.1931457519531,612.5578002929688,386.52386474609375,494.2347412109375,453.8624267578125,612.5578002929688,0.8824262619018555
game8/Clip3,251,31,player_top,681.2982788085938,232.62660217285156,660.6378173828125,160.35247802734375,701.958740234375,232.62660217285156,0.8762792348861694
game8/Clip3,252,30,player_bottom,420.79632568359375,613.7611083984375,387.7355041503906,494.7076110839844,453.85711669921875,613.7611083984375,0.8785457611083984
game8/Clip3,252,31,player_top,680.90087890625,232.49090576171875,659.7548217773438,160.99691772460938,702.0469970703125,232.49090576171875,0.8800126314163208
game8/Clip3,253,30,player_bottom,422.30743408203125,614.4478759765625,390.1645812988281,496.04449462890625,454.4503173828125,614.4478759765625,0.8454424738883972
game8/Clip3,253,31,player_top,681.400634765625,232.52256774902344,659.656005859375,160.9426727294922,703.145263671875,232.52256774902344,0.8877841830253601
game8/Clip3,254,30,player_bottom,424.30242919921875,614.7925415039062,393.1162109375,498.102783203125,455.4886169433594,614.7925415039062,0.8827030062675476
game8/Clip3,254,31,player_top,681.5753784179688,232.40359497070312,659.252197265625,160.4296875,703.8985595703125,232.40359497070312,0.8896501064300537
game8/Clip3,255,30,player_bottom,428.793212890625,614.3399658203125,398.16302490234375,500.3060302734375,459.42340087890625,614.3399658203125,0.8955304026603699
game8/Clip3,255,31,player_top,680.704833984375,232.47189331054688,657.4906005859375,158.98464965820312,703.9191284179688,232.47189331054688,0.8692439794540405
game8/Clip3,256,30,player_bottom,432.92657470703125,613.8765258789062,402.3084411621094,501.64599609375,463.5447082519531,613.8765258789062,0.9008175730705261
game8/Clip3,256,31,player_top,678.197998046875,231.7001953125,654.6561279296875,158.27395629882812,701.7398071289062,231.7001953125,0.8331747055053711
game8/Clip3,257,30,player_bottom,436.04840087890625,613.6912841796875,404.834716796875,501.624267578125,467.2620544433594,613.6912841796875,0.8963134288787842
game8/Clip3,257,31,player_top,673.5372314453125,230.2225799560547,649.8486328125,157.7894287109375,697.2258911132812,230.2225799560547,0.7977513670921326
game8/Clip3,258,30,player_bottom,438.6739196777344,613.22412109375,406.4766540527344,500.34747314453125,470.8711853027344,613.22412109375,0.9103346467018127
game8/Clip3,258,31,player_top,667.532470703125,229.3266143798828,644.049072265625,158.028076171875,691.0159301757812,229.3266143798828,0.7471454739570618
game8/Clip3,259,30,player_bottom,440.68719482421875,611.970703125,407.5484313964844,498.1828918457031,473.8259582519531,611.970703125,0.8990152478218079
game8/Clip3,259,31,player_top,658.708984375,229.1254119873047,634.8402709960938,156.7877197265625,682.5777587890625,229.1254119873047,0.760692834854126
game8/Clip3,260,30,player_bottom,447.5208740234375,611.72802734375,413.19879150390625,496.9283142089844,481.84295654296875,611.72802734375,0.8318585753440857
game8/Clip3,260,31,player_top,651.767822265625,229.48959350585938,627.9166259765625,156.90789794921875,675.6190795898438,229.48959350585938,0.6442471742630005
game8/Clip3,261,30,player_bottom,458.83758544921875,611.928955078125,423.5836486816406,495.58978271484375,494.091552734375,611.928955078125,0.7830612659454346
game8/Clip3,261,31,player_top,651.1962890625,229.74761962890625,627.8750610351562,157.5426483154297,674.517578125,229.74761962890625,0.6486772298812866
game8/Clip3,262,30,player_bottom,469.4098205566406,611.72021484375,433.65838623046875,493.70037841796875,505.1612548828125,611.72021484375,0.7699952125549316
game8/Clip3,262,31,player_top,641.758544921875,229.39395141601562,617.6383666992188,155.33082580566406,665.878662109375,229.39395141601562,0.8250613212585449
game8/Clip3,263,30,player_bottom,482.8204345703125,609.7747192382812,447.7786865234375,491.50726318359375,517.8621826171875,609.7747192382812,0.8507081270217896
game8/Clip3,263,31,player_top,634.282470703125,229.22169494628906,609.9182739257812,154.8655242919922,658.6466674804688,229.22169494628906,0.8158423900604248
game8/Clip3,264,30,player_bottom,491.4819030761719,609.8319091796875,456.904296875,490.04888916015625,526.0595092773438,609.8319091796875,0.8677353858947754
game8/Clip3,264,31,player_top,627.0550537109375,229.82321166992188,602.5726928710938,155.38653564453125,651.537353515625,229.82321166992188,0.8293419480323792
game8/Clip3,265,30,player_bottom,497.82574462890625,608.8892822265625,464.2655944824219,489.3934326171875,531.3859252929688,608.8892822265625,0.8270866274833679
game8/Clip3,265,31,player_top,621.0145263671875,230.1221160888672,596.7000732421875,156.2224578857422,645.3289184570312,230.1221160888672,0.835443913936615
game8/Clip3,266,30,player_bottom,503.8978271484375,613.9398193359375,470.13262939453125,489.9564514160156,537.6630249023438,613.9398193359375,0.8747081756591797
game8/Clip3,266,31,player_top,615.0540161132812,230.36474609375,590.5306396484375,156.4711456298828,639.577392578125,230.36474609375,0.782279372215271
game8/Clip3,267,30,player_bottom,510.20263671875,616.3405151367188,477.2892150878906,491.7981262207031,543.1160888671875,616.3405151367188,0.8574819564819336
game8/Clip3,267,31,player_top,612.8898315429688,230.2587127685547,588.3173828125,155.58697509765625,637.4622802734375,230.2587127685547,0.8334275484085083
game8/Clip3,268,30,player_bottom,517.276123046875,618.6214599609375,485.0849609375,494.056640625,549.46728515625,618.6214599609375,0.845729410648346
game8/Clip3,268,31,player_top,609.116455078125,230.74610900878906,584.2230224609375,154.83624267578125,634.0098266601562,230.74610900878906,0.8489053845405579
game8/Clip3,269,30,player_bottom,525.38720703125,619.6787109375,493.4699401855469,496.1280822753906,557.3045043945312,619.6787109375,0.8250656127929688
game8/Clip3,269,31,player_top,605.5830688476562,230.94126892089844,580.7930908203125,155.30613708496094,630.373046875,230.94126892089844,0.8306036591529846
game8/Clip3,270,30,player_bottom,534.7305297851562,620.0128173828125,502.6933288574219,498.0648498535156,566.7677001953125,620.0128173828125,0.9061305522918701
game8/Clip3,270,31,player_top,604.3896484375,230.8783416748047,579.7302856445312,155.50885009765625,629.0490112304688,230.8783416748047,0.8740081787109375
game8/Clip3,271,30,player_bottom,540.9583129882812,620.9508056640625,508.0869140625,498.8288879394531,573.8297119140625,620.9508056640625,0.9127206206321716
game8/Clip3,271,31,player_top,602.630126953125,230.5470428466797,578.2981567382812,156.29644775390625,626.9620361328125,230.5470428466797,0.8406829237937927
game8/Clip3,272,30,player_bottom,544.4572143554688,623.0126953125,510.29766845703125,498.7483215332031,578.6167602539062,623.0126953125,0.9069536328315735
game8/Clip3,272,31,player_top,600.6895751953125,230.01834106445312,576.7437744140625,156.512939453125,624.6353149414062,230.01834106445312,0.8468529582023621
game8/Clip3,273,30,player_bottom,547.7005615234375,624.7001342773438,512.6537475585938,498.1311950683594,582.7474365234375,624.7001342773438,0.9036805629730225
game8/Clip3,273,31,player_top,598.0010986328125,229.5692138671875,574.4306030273438,155.91387939453125,621.5715942382812,229.5692138671875,0.8423427939414978
game8/Clip3,274,30,player_bottom,555.3766479492188,625.6373291015625,519.9837036132812,496.4117736816406,590.7695922851562,625.6373291015625,0.8877670764923096
game8/Clip3,274,31,player_top,591.8178100585938,229.0842742919922,568.3610229492188,155.0576934814453,615.2745971679688,229.0842742919922,0.8120647668838501
game8/Clip3,275,30,player_bottom,565.7685546875,624.7346801757812,530.963134765625,494.59954833984375,600.5739135742188,624.7346801757812,0.8622554540634155
game8/Clip3,275,31,player_top,586.4705810546875,230.07745361328125,562.7011108398438,153.65769958496094,610.2401123046875,230.07745361328125,0.705821692943573
game8/Clip3,276,30,player_bottom,573.5814208984375,624.5576782226562,539.2276611328125,493.08203125,607.9352416992188,624.5576782226562,0.8252724409103394
game8/Clip3,276,31,player_top,580.9093017578125,230.64712524414062,556.9712524414062,152.3887176513672,604.847412109375,230.64712524414062,0.8292882442474365
game8/Clip3,277,30,player_bottom,581.4786376953125,626.9658813476562,547.270263671875,492.52337646484375,615.68701171875,626.9658813476562,0.8165966868400574
game8/Clip3,277,31,player_top,578.933837890625,231.09637451171875,555.4823608398438,151.93093872070312,602.3853759765625,231.09637451171875,0.7620906829833984
game8/Clip3,278,30,player_bottom,589.6287231445312,626.8536987304688,556.5675659179688,492.8516540527344,622.6898803710938,626.8536987304688,0.8477508425712585
game8/Clip3,278,31,player_top,577.138671875,232.0943603515625,553.7247924804688,151.62655639648438,600.552490234375,232.0943603515625,0.8149130940437317
game8/Clip3,279,30,player_bottom,596.10986328125,628.5958251953125,563.7451782226562,494.59454345703125,628.474609375,628.5958251953125,0.8290061354637146
game8/Clip3,279,31,player_top,571.984130859375,232.95973205566406,548.333984375,151.82318115234375,595.6343383789062,232.95973205566406,0.8062103390693665
game8/Clip3,280,30,player_bottom,605.0714111328125,631.7786865234375,572.85400390625,497.78839111328125,637.2887573242188,631.7786865234375,0.8621124029159546
game8/Clip3,280,31,player_top,565.3914794921875,233.1062469482422,541.823974609375,153.43899536132812,588.9590454101562,233.1062469482422,0.8531784415245056
game8/Clip3,281,30,player_bottom,615.2825927734375,635.8458862304688,582.939697265625,502.3268127441406,647.62548828125,635.8458862304688,0.8794841766357422
game8/Clip3,281,31,player_top,559.092529296875,233.3209228515625,535.6593017578125,155.83856201171875,582.5257568359375,233.3209228515625,0.859923243522644
game8/Clip3,282,30,player_bottom,623.2774658203125,639.5296020507812,590.7286376953125,507.7787780761719,655.8262329101562,639.5296020507812,0.8761640787124634
game8/Clip3,282,31,player_top,555.0891723632812,233.41436767578125,531.3590087890625,156.08140563964844,578.8193359375,233.41436767578125,0.8652411103248596
game8/Clip3,283,30,player_bottom,631.4425048828125,641.712646484375,598.0426025390625,512.3861694335938,664.8423461914062,641.712646484375,0.8855056166648865
game8/Clip3,283,31,player_top,552.2996826171875,233.38934326171875,528.3430786132812,156.24710083007812,576.25634765625,233.38934326171875,0.8685175180435181
game8/Clip3,284,30,player_bottom,636.4288330078125,642.6736450195312,601.9937133789062,515.8004150390625,670.8638916015625,642.6736450195312,0.9114376902580261
game8/Clip3,284,31,player_top,551.2025146484375,233.20916748046875,527.285400390625,157.3885498046875,575.1195678710938,233.20916748046875,0.8593965768814087
game8/Clip3,285,30,player_bottom,639.077392578125,644.2977905273438,603.110107421875,517.1421508789062,675.044677734375,644.2977905273438,0.902877151966095
game8/Clip3,285,31,player_top,550.8705444335938,233.2005615234375,527.0279541015625,158.77279663085938,574.713134765625,233.2005615234375,0.8365707993507385
game8/Clip3,286,30,player_bottom,642.2470703125,645.5875244140625,604.8812866210938,517.5889892578125,679.6129150390625,645.5875244140625,0.895980179309845
game8/Clip3,286,31,player_top,550.4400634765625,232.85293579101562,525.8623657226562,156.68875122070312,575.0177612304688,232.85293579101562,0.8621752858161926
game8/Clip3,287,30,player_bottom,649.42822265625,645.9813842773438,611.665771484375,519.0211181640625,687.1906127929688,645.9813842773438,0.8700652718544006
game8/Clip3,287,31,player_top,549.5247802734375,233.20111083984375,524.6903686523438,156.4109344482422,574.3591918945312,233.20111083984375,0.8607012629508972
game8/Clip3,288,30,player_bottom,662.841552734375,645.9998168945312,624.8692016601562,519.6155395507812,700.81396484375,645.9998168945312,0.8631182312965393
game8/Clip3,288,31,player_top,547.8575439453125,232.64784240722656,523.4761352539062,156.8455047607422,572.2389526367188,232.64784240722656,0.872734785079956
game8/Clip3,289,30,player_bottom,685.041259765625,646.048583984375,647.612548828125,519.2325439453125,722.469970703125,646.048583984375,0.8176409006118774
game8/Clip3,289,31,player_top,548.0396728515625,233.1527099609375,523.349365234375,156.04315185546875,572.72998046875,233.1527099609375,0.8781045079231262
game8/Clip3,290,30,player_bottom,698.8585205078125,646.2445068359375,661.3193969726562,518.2771606445312,736.3975830078125,646.2445068359375,0.8693591356277466
game8/Clip3,290,31,player_top,548.3548583984375,233.6660614013672,523.6138916015625,156.16641235351562,573.0957641601562,233.6660614013672,0.8758431673049927
game8/Clip3,291,30,player_bottom,708.15771484375,645.8668823242188,670.5228271484375,518.16796875,745.7926635742188,645.8668823242188,0.8647642135620117
game8/Clip3,291,31,player_top,548.838623046875,233.88613891601562,523.8414916992188,155.40391540527344,573.835693359375,233.88613891601562,0.87490314245224
game8/Clip3,292,30,player_bottom,716.6319580078125,643.693359375,679.0166625976562,517.5224609375,754.2472534179688,643.693359375,0.8755481839179993
game8/Clip3,292,31,player_top,550.729736328125,233.9711456298828,525.3978271484375,154.06495666503906,576.0617065429688,233.9711456298828,0.8695170283317566
game8/Clip3,293,30,player_bottom,727.9240112304688,642.3560180664062,690.4678344726562,517.775634765625,765.3801879882812,642.3560180664062,0.8678779602050781
game8/Clip3,293,31,player_top,552.659423828125,233.93736267089844,527.2664794921875,153.09645080566406,578.0523071289062,233.93736267089844,0.8440289497375488
game8/Clip3,294,30,player_bottom,739.548828125,641.9842529296875,703.0895385742188,518.8231811523438,776.0081176757812,641.9842529296875,0.8375558853149414
game8/Clip3,294,31,player_top,555.4035034179688,233.9971466064453,530.1309814453125,152.16806030273438,580.676025390625,233.9971466064453,0.8001052737236023
game8/Clip3,295,30,player_bottom,757.4609375,641.75732421875,722.4121704101562,520.4411010742188,792.5096435546875,641.75732421875,0.7794891595840454
game8/Clip3,295,31,player_top,558.39892578125,233.94081115722656,533.5926513671875,151.74679565429688,583.2052612304688,233.94081115722656,0.797654926776886
game8/Clip3,296,30,player_bottom,766.833984375,642.5479736328125,733.002197265625,522.1248779296875,800.6658325195312,642.5479736328125,0.8081790208816528
game8/Clip3,296,31,player_top,562.5321044921875,233.853759765625,538.284423828125,151.47962951660156,586.77978515625,233.853759765625,0.7972440123558044
game8/Clip3,297,30,player_bottom,779.7159423828125,643.5630493164062,744.3043823242188,518.3699340820312,815.1275024414062,643.5630493164062,0.8134608268737793
game8/Clip3,297,31,player_top,565.2022094726562,234.35951232910156,541.7323608398438,151.7693634033203,588.6720581054688,234.35951232910156,0.8014118075370789
game8/Clip3,298,30,player_bottom,792.895263671875,642.9952392578125,756.7910766601562,520.7998046875,828.9994506835938,642.9952392578125,0.8752058148384094
game8/Clip3,298,31,player_top,566.414306640625,236.20545959472656,543.5518188476562,152.5272979736328,589.27685546875,236.20545959472656,0.8169552087783813
game8/Clip3,299,30,player_bottom,802.966552734375,642.8766479492188,766.3300170898438,526.2626953125,839.60302734375,642.8766479492188,0.8983163833618164
game8/Clip3,299,31,player_top,567.5987548828125,237.17755126953125,545.5498657226562,153.77108764648438,589.6475830078125,237.17755126953125,0.8210187554359436
game8/Clip3,300,30,player_bottom,810.2845458984375,648.1749267578125,771.1234741210938,529.7225952148438,849.445556640625,648.1749267578125,0.8901327252388
game8/Clip3,300,31,player_top,570.3934326171875,238.04515075683594,548.7426147460938,155.04794311523438,592.0442504882812,238.04515075683594,0.8176090121269226
game8/Clip3,301,30,player_bottom,816.98095703125,650.30224609375,776.4678344726562,531.9193115234375,857.4940795898438,650.30224609375,0.8989020586013794
game8/Clip3,301,31,player_top,574.2560424804688,238.13360595703125,552.5851440429688,155.56045532226562,595.9269409179688,238.13360595703125,0.8566329479217529
game8/Clip3,302,30,player_bottom,826.3065185546875,650.797119140625,785.6578979492188,532.816650390625,866.9551391601562,650.797119140625,0.883439302444458
game8/Clip3,302,31,player_top,577.10595703125,238.06765747070312,555.38623046875,156.66522216796875,598.8256225585938,238.06765747070312,0.8738979697227478
game8/Clip3,303,30,player_bottom,840.3211059570312,650.97119140625,800.42529296875,531.5625610351562,880.2169189453125,650.97119140625,0.82686448097229
game8/Clip3,303,31,player_top,578.58203125,238.0701904296875,556.7376098632812,157.2950897216797,600.426513671875,238.0701904296875,0.8701519966125488
game8/Clip3,304,30,player_bottom,846.9781494140625,651.0247192382812,807.8904418945312,531.0025634765625,886.0657958984375,651.0247192382812,0.7863460779190063
game8/Clip3,304,31,player_top,579.2366333007812,238.03378295898438,557.1820678710938,157.2526092529297,601.2911987304688,238.03378295898438,0.8710181713104248
game8/Clip3,305,30,player_bottom,855.8690185546875,650.6194458007812,817.8214721679688,530.3837280273438,893.91650390625,650.6194458007812,0.7719870805740356
game8/Clip3,305,31,player_top,579.8942260742188,237.05838012695312,557.9544677734375,157.33412170410156,601.833984375,237.05838012695312,0.8730411529541016
game8/Clip3,306,30,player_bottom,867.5860595703125,651.0108032226562,829.67822265625,527.106689453125,905.4938354492188,651.0108032226562,0.6360413432121277
game8/Clip3,306,31,player_top,581.2486572265625,236.3074951171875,559.3129272460938,157.2738037109375,603.1843872070312,236.3074951171875,0.8720285892486572
game8/Clip3,307,30,player_bottom,874.6207885742188,652.7145385742188,831.2164306640625,508.8370666503906,918.025146484375,652.7145385742188,0.8525292277336121
game8/Clip3,307,31,player_top,581.8629150390625,234.9998779296875,560.3914184570312,157.6444549560547,603.33447265625,234.9998779296875,0.8659752011299133
game8/Clip3,308,30,player_bottom,885.5257568359375,653.4207153320312,844.1600341796875,518.3920288085938,926.8914794921875,653.4207153320312,0.8552142977714539
game8/Clip3,308,31,player_top,583.9493408203125,234.2337646484375,562.7083740234375,158.71250915527344,605.1902465820312,234.2337646484375,0.8756176233291626
game8/Clip3,309,30,player_bottom,895.8389892578125,653.4306030273438,855.7476196289062,525.630126953125,935.930419921875,653.4306030273438,0.8835487365722656
game8/Clip3,309,31,player_top,585.9046020507812,233.125,564.81982421875,159.9060821533203,606.9893798828125,233.125,0.8550187945365906
game8/Clip3,310,30,player_bottom,903.7579956054688,654.9569702148438,864.0053100585938,530.2738647460938,943.5106811523438,654.9569702148438,0.8863566517829895
game8/Clip3,310,31,player_top,587.5450439453125,232.91085815429688,566.1820068359375,160.9627227783203,608.9080810546875,232.91085815429688,0.8869543671607971
game8/Clip3,311,30,player_bottom,909.5946044921875,656.4845581054688,870.1131591796875,533.021240234375,949.0761108398438,656.4845581054688,0.8793140649795532
game8/Clip3,311,31,player_top,589.044677734375,232.94119262695312,567.2986450195312,162.12759399414062,610.790771484375,232.94119262695312,0.878013551235199
game8/Clip3,312,30,player_bottom,912.9057006835938,656.943115234375,873.5164794921875,533.9393920898438,952.294921875,656.943115234375,0.8775509595870972
game8/Clip3,312,31,player_top,589.3460693359375,232.75733947753906,567.1637573242188,162.48838806152344,611.5284423828125,232.75733947753906,0.8712494373321533
game8/Clip3,313,30,player_bottom,915.533935546875,657.0521240234375,876.0756225585938,533.377685546875,954.9923095703125,657.0521240234375,0.8980065584182739
game8/Clip3,313,31,player_top,589.630126953125,232.73431396484375,566.6558227539062,161.66600036621094,612.6044921875,232.73431396484375,0.8756828904151917
game8/Clip3,314,30,player_bottom,917.0759887695312,657.1320190429688,877.2197875976562,531.4075317382812,956.9321899414062,657.1320190429688,0.884649932384491
game8/Clip3,314,31,player_top,589.9998779296875,232.65219116210938,566.1857299804688,160.26336669921875,613.8140258789062,232.65219116210938,0.8723353743553162
game8/Clip3,315,30,player_bottom,917.4205322265625,657.0919189453125,877.3558959960938,530.1220092773438,957.485107421875,657.0919189453125,0.8932850956916809
game8/Clip3,315,31,player_top,591.812744140625,232.56893920898438,567.4791870117188,158.7508544921875,616.146240234375,232.56893920898438,0.8658607602119446
game8/Clip3,316,30,player_bottom,918.55712890625,657.6278076171875,878.5726318359375,530.050048828125,958.5416259765625,657.6278076171875,0.8784758448600769
game8/Clip3,316,31,player_top,595.4285888671875,231.68702697753906,571.3458862304688,157.6470489501953,619.5113525390625,231.68702697753906,0.8301391005516052
game8/Clip3,317,30,player_bottom,918.7418212890625,659.0027465820312,879.1197509765625,532.2695922851562,958.3638916015625,659.0027465820312,0.8921579718589783
game8/Clip3,317,31,player_top,599.73974609375,231.67160034179688,576.0252685546875,157.00416564941406,623.4542236328125,231.67160034179688,0.8514304757118225
game8/Clip3,318,30,player_bottom,919.3082275390625,661.0563354492188,879.7803344726562,535.0602416992188,958.8360595703125,661.0563354492188,0.8993934988975525
game8/Clip3,318,31,player_top,605.86572265625,232.21725463867188,582.8656616210938,157.18685913085938,628.86572265625,232.21725463867188,0.8195846080780029
game8/Clip3,319,30,player_bottom,919.388916015625,663.501708984375,879.7811889648438,538.5328369140625,958.9967041015625,663.501708984375,0.8917986750602722
game8/Clip3,319,31,player_top,610.8694458007812,232.37969970703125,588.7122802734375,157.9726104736328,633.026611328125,232.37969970703125,0.8037974834442139
game8/Clip3,320,30,player_bottom,919.5006103515625,665.744140625,879.7960205078125,541.5364990234375,959.2051391601562,665.744140625,0.8855963945388794
game8/Clip3,320,31,player_top,615.865966796875,233.76071166992188,593.5938720703125,157.79556274414062,638.1381225585938,233.76071166992188,0.8111835718154907
game8/Clip3,321,30,player_bottom,917.420654296875,667.255615234375,877.1113891601562,542.9586791992188,957.72998046875,667.255615234375,0.8661892414093018
game8/Clip3,321,31,player_top,619.4512939453125,234.11856079101562,597.5794677734375,158.8686981201172,641.3231201171875,234.11856079101562,0.7851826548576355
game8/Clip3,322,30,player_bottom,916.522705078125,668.365234375,875.4262084960938,542.95947265625,957.6192016601562,668.365234375,0.894363284111023
game8/Clip3,322,31,player_top,621.19921875,234.33547973632812,599.6856079101562,159.67198181152344,642.712890625,234.33547973632812,0.8273541927337646
game8/Clip3,323,30,player_bottom,912.17236328125,669.0299072265625,870.2014770507812,542.1509399414062,954.143310546875,669.0299072265625,0.9007461071014404
game8/Clip3,323,31,player_top,623.6865234375,234.529541015625,602.4595947265625,160.33694458007812,644.9135131835938,234.529541015625,0.8061772584915161
game8/Clip3,324,30,player_bottom,903.036865234375,669.2510375976562,860.4057006835938,541.7567749023438,945.6680908203125,669.2510375976562,0.9010165333747864
game8/Clip3,324,31,player_top,628.3135986328125,233.956298828125,607.2802734375,160.5360565185547,649.346923828125,233.956298828125,0.8077293038368225
game8/Clip3,325,30,player_bottom,891.5400390625,669.251708984375,848.4378662109375,540.1231079101562,934.6422729492188,669.251708984375,0.8768921494483948
game8/Clip3,325,31,player_top,632.1925659179688,233.61080932617188,611.4179077148438,161.6042938232422,652.9672241210938,233.61080932617188,0.8229252099990845
game8/Clip3,326,30,player_bottom,879.4915771484375,669.4109497070312,836.2550659179688,538.0408935546875,922.7281494140625,669.4109497070312,0.8862444162368774
game8/Clip3,326,31,player_top,635.2508544921875,233.20010375976562,614.6765747070312,161.82138061523438,655.8251342773438,233.20010375976562,0.7953322529792786
game8/Clip3,327,30,player_bottom,871.9735107421875,669.2223510742188,828.6875610351562,535.8782348632812,915.2593994140625,669.2223510742188,0.8778842687606812
game8/Clip3,327,31,player_top,637.1513671875,234.25296020507812,615.4685668945312,157.8873291015625,658.834228515625,234.25296020507812,0.8198497891426086
game8/Clip3,328,30,player_bottom,864.451904296875,668.4351806640625,821.6505126953125,533.9935913085938,907.2532958984375,668.4351806640625,0.8592934012413025
game8/Clip3,328,31,player_top,638.873291015625,234.6136932373047,617.0985107421875,156.53152465820312,660.6480712890625,234.6136932373047,0.8122974038124084
game8/Clip3,329,30,player_bottom,854.55712890625,663.1055908203125,814.3046875,533.1974487304688,894.8096313476562,663.1055908203125,0.8443036079406738
game8/Clip3,329,31,player_top,640.1412353515625,234.81646728515625,619.23583984375,158.44686889648438,661.0466918945312,234.81646728515625,0.762466549873352
game8/Clip3,330,30,player_bottom,843.71875,663.2625122070312,805.1168823242188,533.9539184570312,882.320556640625,663.2625122070312,0.8545717597007751
game8/Clip3,330,31,player_top,641.0675659179688,233.3153076171875,621.6294555664062,160.84645080566406,660.5056762695312,233.3153076171875,0.7369934916496277
game8/Clip3,331,30,player_bottom,834.1632080078125,664.4088745117188,796.9381713867188,535.052490234375,871.3882446289062,664.4088745117188,0.8617724776268005
game8/Clip3,331,31,player_top,642.8818359375,235.52072143554688,622.8585815429688,159.06561279296875,662.905029296875,235.52072143554688,0.7403455972671509
game8/Clip3,332,30,player_bottom,823.4141845703125,664.4002075195312,787.3257446289062,535.8087768554688,859.5025634765625,664.4002075195312,0.8542379140853882
game8/Clip3,332,31,player_top,646.4539794921875,238.28744506835938,626.58154296875,161.81932067871094,666.3264770507812,238.28744506835938,0.7973052263259888
game8/Clip3,333,30,player_bottom,812.1951293945312,664.2495727539062,775.8795776367188,535.5144653320312,848.5106811523438,664.2495727539062,0.9038840532302856
game8/Clip3,333,31,player_top,649.345947265625,239.62342834472656,629.9647827148438,165.10646057128906,668.72705078125,239.62342834472656,0.7985294461250305
game8/Clip3,334,30,player_bottom,804.1390380859375,664.0740966796875,766.7859497070312,533.760009765625,841.4921264648438,664.0740966796875,0.9046817421913147
game8/Clip3,334,31,player_top,651.31884765625,240.46783447265625,632.63427734375,169.1901092529297,670.0033569335938,240.46783447265625,0.8113166689872742
game8/Clip3,335,30,player_bottom,799.9815063476562,664.4304809570312,761.6690673828125,532.1915893554688,838.2939453125,664.4304809570312,0.9069536924362183
game8/Clip3,335,31,player_top,652.3395385742188,240.57159423828125,634.0632934570312,171.57131958007812,670.6157836914062,240.57159423828125,0.8183385729789734
game8/Clip3,336,30,player_bottom,792.1844482421875,664.5473022460938,753.6057739257812,529.9824829101562,830.7631225585938,664.5473022460938,0.8837568759918213
game8/Clip3,336,31,player_top,653.1837768554688,241.12522888183594,634.6989135742188,172.01487731933594,671.6686401367188,241.12522888183594,0.8152281641960144
game8/Clip3,337,30,player_bottom,780.8477783203125,664.3256225585938,742.6797485351562,527.902587890625,819.015869140625,664.3256225585938,0.8698328733444214
game8/Clip3,337,31,player_top,653.7166748046875,241.13856506347656,635.0517578125,171.9656524658203,672.381591796875,241.13856506347656,0.8139887452125549
game8/Clip3,338,30,player_bottom,770.478271484375,664.1921997070312,732.907958984375,525.9905395507812,808.0485229492188,664.1921997070312,0.863438606262207
game8/Clip3,338,31,player_top,653.963134765625,240.98655700683594,635.2157592773438,172.06312561035156,672.7105102539062,240.98655700683594,0.8211952447891235
game8/Clip3,339,30,player_bottom,761.0651245117188,664.6895751953125,724.1438598632812,524.9669799804688,797.9863891601562,664.6895751953125,0.8726155161857605
game8/Clip3,339,31,player_top,654.6009521484375,241.03260803222656,635.6998901367188,171.50830078125,673.501953125,241.03260803222656,0.7994699478149414
game8/Clip3,340,30,player_bottom,751.88623046875,666.1582641601562,715.6141357421875,525.725830078125,788.1582641601562,666.1582641601562,0.8463277220726013
game8/Clip3,340,31,player_top,655.122802734375,241.00401306152344,636.1542358398438,170.9703369140625,674.0914306640625,241.00401306152344,0.7896478772163391
game8/Clip3,341,30,player_bottom,739.4633178710938,667.6343383789062,703.6104125976562,527.1683349609375,775.3162231445312,667.6343383789062,0.8666816353797913
game8/Clip3,341,31,player_top,655.775146484375,240.93003845214844,636.28759765625,168.161865234375,675.2626953125,240.93003845214844,0.7109889984130859
game8/Clip3,342,30,player_bottom,726.3153076171875,668.2821655273438,690.8861083984375,530.2152099609375,761.7445678710938,668.2821655273438,0.8648320436477661
game8/Clip3,342,31,player_top,657.4737548828125,240.95916748046875,637.8547973632812,166.23561096191406,677.0926513671875,240.95916748046875,0.7960087656974792
game8/Clip3,343,30,player_bottom,712.347412109375,669.2455444335938,676.9049682617188,534.094970703125,747.7899169921875,669.2455444335938,0.8909677267074585
game8/Clip3,343,31,player_top,659.2086181640625,240.99542236328125,639.820068359375,165.08900451660156,678.59716796875,240.99542236328125,0.7668535709381104
game8/Clip3,344,30,player_bottom,700.0194702148438,669.5889282226562,664.8801879882812,539.771240234375,735.1587524414062,669.5889282226562,0.9195610284805298
game8/Clip3,344,31,player_top,660.214111328125,241.03929138183594,641.0631713867188,163.77780151367188,679.3650512695312,241.03929138183594,0.7207000851631165
game8/Clip3,345,30,player_bottom,692.6996459960938,672.1924438476562,657.5452880859375,546.0580444335938,727.85400390625,672.1924438476562,0.8957535028457642
game8/Clip3,345,31,player_top,660.97216796875,240.82369995117188,642.298583984375,162.952392578125,679.645751953125,240.82369995117188,0.734030544757843
game8/Clip3,346,30,player_bottom,686.6243896484375,673.3805541992188,652.0899658203125,551.7274169921875,721.1588745117188,673.3805541992188,0.9030208587646484
game8/Clip3,346,31,player_top,658.86328125,241.02740478515625,640.2166748046875,162.32557678222656,677.5098266601562,241.02740478515625,0.7155990600585938
game8/Clip3,347,30,player_bottom,682.269287109375,673.5155029296875,648.4134521484375,555.1429443359375,716.1251220703125,673.5155029296875,0.8967773914337158
game8/Clip3,347,31,player_top,657.94970703125,241.0530548095703,639.3029174804688,161.50228881835938,676.5964965820312,241.0530548095703,0.8148280382156372
game8/Clip3,348,30,player_bottom,679.8615112304688,673.3049926757812,646.3079223632812,556.3666381835938,713.4151000976562,673.3049926757812,0.8947436213493347
game8/Clip3,348,31,player_top,657.5546875,241.2805633544922,638.67236328125,160.22100830078125,676.4369506835938,241.2805633544922,0.7937111854553223
game8/Clip3,349,30,player_bottom,679.2747802734375,673.1000366210938,645.63671875,556.263427734375,712.9127807617188,673.1000366210938,0.8958344459533691
game8/Clip3,349,31,player_top,659.542236328125,241.21990966796875,640.7815551757812,158.8224639892578,678.302978515625,241.21990966796875,0.7408276796340942
game8/Clip3,350,30,player_bottom,679.5538940429688,672.2673950195312,645.884521484375,555.8280029296875,713.2232666015625,672.2673950195312,0.8906717896461487
game8/Clip3,350,31,player_top,661.470458984375,241.0941925048828,643.1375122070312,158.0402069091797,679.8033447265625,241.0941925048828,0.7524069547653198
game8/Clip3,351,30,player_bottom,680.1702880859375,671.4568481445312,646.3099365234375,555.0186767578125,714.0306396484375,671.4568481445312,0.8906219601631165
game8/Clip3,351,31,player_top,661.994140625,239.79476928710938,644.30615234375,157.0706787109375,679.6820678710938,239.79476928710938,0.7596362233161926
game8/Clip3,352,30,player_bottom,680.7776489257812,671.0017700195312,646.4907836914062,553.7616577148438,715.0645141601562,671.0017700195312,0.897314727306366
game8/Clip3,352,31,player_top,661.7785034179688,240.12393188476562,644.1912231445312,154.91232299804688,679.3657836914062,240.12393188476562,0.7893543839454651
game8/Clip3,353,30,player_bottom,681.3060913085938,671.3961791992188,646.3325805664062,552.1754150390625,716.2796020507812,671.3961791992188,0.9014600515365601
game8/Clip3,353,31,player_top,661.4714965820312,239.0432586669922,644.361328125,153.6097412109375,678.5816650390625,239.0432586669922,0.779748797416687
game8/Clip3,354,30,player_bottom,681.67041015625,670.885498046875,646.2420043945312,550.442138671875,717.0988159179688,670.885498046875,0.893651008605957
game8/Clip3,354,31,player_top,661.1942749023438,238.202880859375,644.5559692382812,152.83999633789062,677.8325805664062,238.202880859375,0.7804480195045471
game8/Clip3,355,30,player_bottom,681.722900390625,669.8278198242188,646.0499267578125,548.8790893554688,717.3958740234375,669.8278198242188,0.8936475515365601
game8/Clip3,355,31,player_top,660.9462890625,238.4713897705078,644.6425170898438,152.89352416992188,677.25,238.4713897705078,0.8054006099700928
game8/Clip3,356,30,player_bottom,681.8316650390625,668.5286865234375,645.9566040039062,547.0883178710938,717.7066650390625,668.5286865234375,0.8969292640686035
game8/Clip3,356,31,player_top,661.057861328125,238.82180786132812,645.063720703125,153.5345916748047,677.0520629882812,238.82180786132812,0.8436617255210876
game8/Clip3,357,30,player_bottom,681.662353515625,667.0875244140625,645.7244262695312,545.5697631835938,717.6002807617188,667.0875244140625,0.9033033847808838
game8/Clip3,357,31,player_top,660.015380859375,238.23631286621094,644.4456176757812,155.37814331054688,675.5850830078125,238.23631286621094,0.8566743731498718
game8/Clip3,358,30,player_bottom,681.1822509765625,665.7236328125,645.3161010742188,544.4964599609375,717.04833984375,665.7236328125,0.8968810439109802
game8/Clip3,358,31,player_top,658.1949462890625,238.70944213867188,642.701171875,157.7043914794922,673.688720703125,238.70944213867188,0.8483169674873352
game8/Clip3,359,30,player_bottom,680.9591064453125,664.9998168945312,645.0592651367188,543.1504516601562,716.85888671875,664.9998168945312,0.9002916812896729
game8/Clip3,359,31,player_top,656.790283203125,238.71400451660156,641.1945190429688,159.24606323242188,672.385986328125,238.71400451660156,0.864931583404541
game8/Clip3,360,30,player_bottom,681.0887451171875,664.6001586914062,645.1287231445312,541.466552734375,717.048828125,664.6001586914062,0.8902759552001953
game8/Clip3,360,31,player_top,656.2510986328125,239.427490234375,640.4132080078125,160.52926635742188,672.0889892578125,239.427490234375,0.8550108671188354
game8/Clip3,361,30,player_bottom,680.9481201171875,664.684814453125,644.8954467773438,539.8430786132812,717.000732421875,664.684814453125,0.8902445435523987
game8/Clip3,361,31,player_top,655.963623046875,239.93157958984375,639.8348999023438,161.31529235839844,672.0923461914062,239.93157958984375,0.8586061596870422
game8/Clip3,362,30,player_bottom,680.7638549804688,664.7191772460938,644.6826171875,538.0372924804688,716.8450927734375,664.7191772460938,0.8933205008506775
game8/Clip3,362,31,player_top,655.6290283203125,240.12884521484375,639.240234375,161.75946044921875,672.0178833007812,240.12884521484375,0.8555126786231995
game8/Clip3,363,30,player_bottom,680.7098999023438,664.9224243164062,644.8294067382812,536.86669921875,716.5903930664062,664.9224243164062,0.8910683393478394
game8/Clip3,363,31,player_top,654.9694213867188,239.8971405029297,638.4835205078125,161.90823364257812,671.455322265625,239.8971405029297,0.833734393119812
game8/Clip3,364,30,player_bottom,680.1998291015625,665.1702270507812,644.5472412109375,535.6017456054688,715.8524780273438,665.1702270507812,0.8863874673843384
game8/Clip3,364,31,player_top,653.7709350585938,239.63552856445312,637.2967529296875,161.6337127685547,670.2451171875,239.63552856445312,0.8312199115753174
game8/Clip3,365,30,player_bottom,679.233642578125,665.3853759765625,643.7636108398438,534.2542114257812,714.7036743164062,665.3853759765625,0.8857287168502808
game8/Clip3,365,31,player_top,652.6268310546875,239.46292114257812,636.2266845703125,161.0939483642578,669.0269165039062,239.46292114257812,0.8331764340400696
game8/Clip3,366,30,player_bottom,678.9033813476562,665.3068237304688,643.75048828125,533.0769653320312,714.0562744140625,665.3068237304688,0.8886085748672485
game8/Clip3,366,31,player_top,651.18603515625,239.67295837402344,634.8040161132812,160.03042602539062,667.5680541992188,239.67295837402344,0.8285326957702637
game8/Clip3,367,30,player_bottom,678.31787109375,665.237060546875,643.4735717773438,531.9403686523438,713.1622314453125,665.237060546875,0.8856735229492188
game8/Clip3,367,31,player_top,650.2601318359375,239.89089965820312,633.8067626953125,158.38853454589844,666.7134399414062,239.89089965820312,0.8222775459289551
game8/Clip3,368,30,player_bottom,677.7523193359375,665.092529296875,643.1436157226562,530.6239013671875,712.3609619140625,665.092529296875,0.887738049030304
game8/Clip3,368,31,player_top,649.3198852539062,240.48382568359375,632.7886352539062,157.1080322265625,665.8511352539062,240.48382568359375,0.8183407187461853
game8/Clip3,369,30,player_bottom,676.350830078125,665.0021362304688,642.0364990234375,529.4776611328125,710.6652221679688,665.0021362304688,0.8838832378387451
game8/Clip3,369,31,player_top,648.8570556640625,241.40301513671875,632.3407592773438,156.56964111328125,665.373291015625,241.40301513671875,0.8268198370933533
game8/Clip3,370,30,player_bottom,673.9794921875,664.8601684570312,640.0012817382812,528.109619140625,707.9577026367188,664.8601684570312,0.8796817064285278
game8/Clip3,370,31,player_top,648.6355590820312,242.9860076904297,632.0914306640625,156.34844970703125,665.1796875,242.9860076904297,0.8249557614326477
game8/Clip3,371,30,player_bottom,674.5914916992188,664.9481201171875,640.6586303710938,526.9891357421875,708.5243530273438,664.9481201171875,0.871716320514679
game8/Clip3,371,31,player_top,648.3377685546875,244.1942138671875,631.9129638671875,156.50267028808594,664.7626342773438,244.1942138671875,0.8161776065826416
game8/Clip3,372,30,player_bottom,673.8031005859375,664.9483032226562,639.7860107421875,525.513916015625,707.8202514648438,664.9483032226562,0.8577680587768555
game8/Clip3,372,31,player_top,648.1383056640625,245.40408325195312,631.8487548828125,157.04127502441406,664.4279174804688,245.40408325195312,0.8249483704566956
game8/Clip3,373,30,player_bottom,673.27001953125,665.1835327148438,639.1786499023438,524.1491088867188,707.3613891601562,665.1835327148438,0.8823327422142029
game8/Clip3,373,31,player_top,648.0813598632812,246.5445098876953,631.993896484375,157.83432006835938,664.1688232421875,246.5445098876953,0.823686420917511
game8/Clip3,374,30,player_bottom,673.5176391601562,665.0150756835938,639.3429565429688,522.9769897460938,707.6923217773438,665.0150756835938,0.8879786133766174
game8/Clip3,374,31,player_top,648.0355834960938,247.0392608642578,632.1580200195312,158.3515625,663.9131469726562,247.0392608642578,0.8363705277442932
game8/Clip3,375,30,player_bottom,673.6658935546875,664.6649780273438,639.5017700195312,522.3375854492188,707.8300170898438,664.6649780273438,0.8786501288414001
game8/Clip3,375,31,player_top,648.0676879882812,247.31185913085938,632.463134765625,159.05284118652344,663.6722412109375,247.31185913085938,0.8237505555152893
game8/Clip3,376,30,player_bottom,674.1853637695312,663.5000610351562,640.128173828125,522.211181640625,708.2425537109375,663.5000610351562,0.8743810653686523
game8/Clip3,376,31,player_top,647.9039916992188,247.44786071777344,632.4614868164062,159.00650024414062,663.3464965820312,247.44786071777344,0.8179336190223694
game8/Clip3,377,30,player_bottom,674.5886840820312,662.4850463867188,640.5222778320312,522.1818237304688,708.6550903320312,662.4850463867188,0.8874284029006958
game8/Clip3,377,31,player_top,647.5374755859375,247.457275390625,632.0852661132812,158.00045776367188,662.9896850585938,247.457275390625,0.828522801399231
game8/Clip3,378,30,player_bottom,674.667236328125,661.4711303710938,640.5947265625,522.092529296875,708.7396850585938,661.4711303710938,0.8863868117332458
game8/Clip3,378,31,player_top,647.1153564453125,247.65579223632812,631.63916015625,157.3724822998047,662.5914916992188,247.65579223632812,0.8311465382575989
game8/Clip3,379,30,player_bottom,674.699951171875,660.9398193359375,640.5459594726562,522.1756591796875,708.85400390625,660.9398193359375,0.8761014938354492
game8/Clip3,379,31,player_top,646.560302734375,248.26882934570312,631.0707397460938,157.36558532714844,662.0498657226562,248.26882934570312,0.8174794316291809
game8/Clip3,380,30,player_bottom,674.2086181640625,660.68017578125,639.898193359375,521.859375,708.5191040039062,660.68017578125,0.8832529187202454
game8/Clip3,380,31,player_top,645.9365234375,248.90695190429688,630.4290771484375,157.35379028320312,661.4440307617188,248.90695190429688,0.8007944226264954
game8/Clip3,381,30,player_bottom,673.3961181640625,660.4904174804688,638.9846801757812,521.25244140625,707.8076171875,660.4904174804688,0.883736789226532
game8/Clip3,381,31,player_top,645.342041015625,249.3025665283203,629.9517211914062,158.0207061767578,660.732421875,249.3025665283203,0.7986852526664734
game8/Clip3,382,30,player_bottom,672.290771484375,660.4224243164062,638.0452270507812,521.193359375,706.5362548828125,660.4224243164062,0.8823279738426208
game8/Clip3,382,31,player_top,644.8298950195312,249.6040496826172,629.5670776367188,158.6737518310547,660.0927124023438,249.6040496826172,0.794360876083374
game8/Clip3,383,30,player_bottom,671.3626708984375,660.4181518554688,637.2877807617188,521.2589721679688,705.4375610351562,660.4181518554688,0.8602353930473328
game8/Clip3,383,31,player_top,644.628173828125,249.4458770751953,629.79833984375,160.43978881835938,659.4579467773438,249.4458770751953,0.7788214087486267
game8/Clip3,384,30,player_bottom,669.503662109375,660.432373046875,635.759521484375,521.1552124023438,703.2477416992188,660.432373046875,0.8828893303871155
game8/Clip3,384,31,player_top,644.0855712890625,249.22816467285156,629.5989990234375,161.5839080810547,658.5722045898438,249.22816467285156,0.7503616213798523
game8/Clip3,385,30,player_bottom,665.8750610351562,660.3120727539062,632.5270385742188,521.5347290039062,699.2230834960938,660.3120727539062,0.888044536113739
game8/Clip3,385,31,player_top,643.8218994140625,249.0645294189453,629.465087890625,161.60865783691406,658.1787719726562,249.0645294189453,0.7451586723327637
game8/Clip3,386,30,player_bottom,660.8588256835938,660.1990966796875,627.8410034179688,521.4255981445312,693.8766479492188,660.1990966796875,0.8816537261009216
game8/Clip3,386,31,player_top,643.4017333984375,249.21987915039062,629.1093139648438,161.63160705566406,657.6942138671875,249.21987915039062,0.7614948153495789
game8/Clip3,387,30,player_bottom,655.802734375,660.5662231445312,623.1098022460938,522.0423583984375,688.49560546875,660.5662231445312,0.8830858469009399
game8/Clip3,387,31,player_top,642.9674072265625,249.4271240234375,628.6383666992188,161.32716369628906,657.2964477539062,249.4271240234375,0.7732105255126953
game8/Clip3,388,30,player_bottom,652.2144775390625,660.3661499023438,619.8786010742188,521.8834228515625,684.5503540039062,660.3661499023438,0.8785938620567322
game8/Clip3,388,31,player_top,642.7496337890625,249.70904541015625,628.3704223632812,161.03329467773438,657.12890625,249.70904541015625,0.7717069387435913
game8/Clip3,389,30,player_bottom,651.2354736328125,660.1361694335938,619.4072875976562,522.3363647460938,683.0635986328125,660.1361694335938,0.8555641770362854
game8/Clip3,389,31,player_top,642.5763549804688,250.19415283203125,628.0526123046875,160.4628143310547,657.10009765625,250.19415283203125,0.7751362323760986
game8/Clip3,390,30,player_bottom,649.256591796875,660.2212524414062,617.5953979492188,522.7311401367188,680.917724609375,660.2212524414062,0.8710220456123352
game8/Clip3,390,31,player_top,642.989990234375,250.68692016601562,628.4169311523438,160.19232177734375,657.5630493164062,250.68692016601562,0.7840821743011475
game8/Clip3,391,30,player_bottom,648.0582275390625,659.4173583984375,616.600341796875,522.8294677734375,679.5160522460938,659.4173583984375,0.8708736896514893
game8/Clip3,391,31,player_top,642.8564453125,251.2232666015625,628.2687377929688,160.4072723388672,657.4441528320312,251.2232666015625,0.7855189442634583
game8/Clip3,392,30,player_bottom,647.4678344726562,658.4194946289062,616.3460693359375,523.3958740234375,678.589599609375,658.4194946289062,0.8911828398704529
game8/Clip3,392,31,player_top,643.1394653320312,251.6659393310547,628.685302734375,161.32742309570312,657.5936279296875,251.6659393310547,0.7704283595085144
game8/Clip3,393,30,player_bottom,646.962158203125,657.3096923828125,616.0003662109375,523.1741333007812,677.9240112304688,657.3096923828125,0.8920237421989441
game8/Clip3,393,31,player_top,643.1416015625,251.8288116455078,628.74951171875,161.8249053955078,657.5336303710938,251.8288116455078,0.7693807482719421
game8/Clip3,394,30,player_bottom,646.897216796875,656.3383178710938,616.0075073242188,523.1021728515625,677.7869873046875,656.3383178710938,0.8945842981338501
game8/Clip3,394,31,player_top,643.6246948242188,252.10830688476562,629.2918090820312,162.20668029785156,657.9575805664062,252.10830688476562,0.755466639995575
game8/Clip3,395,30,player_bottom,645.33740234375,654.8309936523438,614.63916015625,522.882568359375,676.0355834960938,654.8309936523438,0.8928824067115784
game8/Clip3,395,31,player_top,643.6118774414062,252.30569458007812,629.2898559570312,162.54644775390625,657.9338989257812,252.30569458007812,0.7809261083602905
game8/Clip3,396,30,player_bottom,642.5408935546875,654.07470703125,611.9683837890625,522.7684936523438,673.1134033203125,654.07470703125,0.8912754654884338
game8/Clip3,396,31,player_top,644.0507202148438,252.5799102783203,629.7335205078125,162.7266845703125,658.367919921875,252.5799102783203,0.7999191284179688
game8/Clip3,397,30,player_bottom,637.8924560546875,653.7994384765625,607.5112915039062,522.2496337890625,668.2735595703125,653.7994384765625,0.8919923901557922
game8/Clip3,397,31,player_top,644.8148803710938,252.60667419433594,630.517578125,162.71298217773438,659.1121826171875,252.60667419433594,0.7889997959136963
game8/Clip3,398,30,player_bottom,633.3546142578125,653.8496704101562,603.2916259765625,521.882080078125,663.4176635742188,653.8496704101562,0.8833343982696533
game8/Clip3,398,31,player_top,646.740966796875,252.59788513183594,632.4202270507812,162.39659118652344,661.061767578125,252.59788513183594,0.7892841100692749
game8/Clip3,399,30,player_bottom,629.19775390625,653.9266967773438,599.7002563476562,522.1535034179688,658.6953125,653.9266967773438,0.8675411939620972
game8/Clip3,399,31,player_top,648.289306640625,252.52774047851562,634.005615234375,162.3145294189453,662.572998046875,252.52774047851562,0.802467942237854
game8/Clip3,400,30,player_bottom,625.9241943359375,653.957763671875,596.9544677734375,522.2511596679688,654.8938598632812,653.957763671875,0.8781273365020752
game8/Clip3,400,31,player_top,649.38916015625,252.7008514404297,635.1681518554688,162.43386840820312,663.6101684570312,252.7008514404297,0.7985045313835144
game8/Clip3,401,30,player_bottom,624.0478515625,653.8206787109375,595.4330444335938,522.10546875,652.66259765625,653.8206787109375,0.8702827095985413
game8/Clip3,401,31,player_top,650.4570922851562,252.6945343017578,636.2931518554688,162.47152709960938,664.6210327148438,252.6945343017578,0.8057309985160828
game8/Clip3,402,30,player_bottom,621.6767578125,653.6972045898438,593.3650512695312,521.8350830078125,649.9884643554688,653.6972045898438,0.8554602265357971
game8/Clip3,402,31,player_top,650.9755859375,252.67340087890625,636.8790283203125,162.73475646972656,665.0720825195312,252.67340087890625,0.8108211159706116
game8/Clip3,403,30,player_bottom,619.8369140625,653.6532592773438,591.6967163085938,521.3692016601562,647.97705078125,653.6532592773438,0.8529624938964844
game8/Clip3,403,31,player_top,651.578369140625,252.79092407226562,637.4647216796875,162.76104736328125,665.6920776367188,252.79092407226562,0.8238583207130432
game8/Clip3,404,30,player_bottom,617.7469482421875,653.938232421875,589.6250610351562,521.194091796875,645.868896484375,653.938232421875,0.8579424023628235
game8/Clip3,404,31,player_top,652.0183715820312,252.7698516845703,637.9111938476562,162.89349365234375,666.1255493164062,252.7698516845703,0.8229731321334839
game8/Clip3,405,30,player_bottom,615.3980712890625,653.5481567382812,587.3211059570312,521.15869140625,643.4749755859375,653.5481567382812,0.8678508400917053
game8/Clip3,405,31,player_top,652.6522827148438,252.7428741455078,638.5055541992188,162.93289184570312,666.7990112304688,252.7428741455078,0.8146561980247498
game8/Clip3,406,30,player_bottom,612.646484375,653.2821044921875,584.455078125,520.69091796875,640.837890625,653.2821044921875,0.8431116938591003
game8/Clip3,406,31,player_top,653.8519287109375,252.73280334472656,639.543701171875,162.4668426513672,668.1600952148438,252.73280334472656,0.8247741460800171
game8/Clip3,407,30,player_bottom,611.081298828125,653.0263061523438,582.8596801757812,520.6770629882812,639.3029174804688,653.0263061523438,0.8500370979309082
game8/Clip3,407,31,player_top,655.015380859375,252.7437744140625,640.5194702148438,162.02365112304688,669.5112915039062,252.7437744140625,0.8241777420043945
game8/Clip3,408,30,player_bottom,609.7730712890625,652.7086791992188,581.455322265625,520.1421508789062,638.0908203125,652.7086791992188,0.8577263355255127
game8/Clip3,408,31,player_top,655.810302734375,252.74920654296875,641.1477661132812,161.917724609375,670.4728393554688,252.74920654296875,0.8392271399497986
game8/Clip3,409,30,player_bottom,607.5010375976562,652.8624267578125,579.1585083007812,519.3656616210938,635.8435668945312,652.8624267578125,0.797261118888855
game8/Clip3,409,31,player_top,656.26025390625,252.7990264892578,641.5127563476562,162.25411987304688,671.0077514648438,252.7990264892578,0.8315353989601135
game8/Clip3,410,30,player_bottom,605.4326171875,652.3502197265625,577.3007202148438,518.5022583007812,633.5645751953125,652.3502197265625,0.8409749269485474
game8/Clip3,410,31,player_top,656.5013427734375,252.8093719482422,641.6676635742188,162.3731231689453,671.3350219726562,252.8093719482422,0.8369046449661255
game8/Clip3,411,30,player_bottom,603.1011962890625,651.2512817382812,575.401611328125,517.7249755859375,630.8008422851562,651.2512817382812,0.8409345149993896
game8/Clip3,411,31,player_top,657.11376953125,252.89576721191406,642.0927734375,162.09449768066406,672.134765625,252.89576721191406,0.8444748520851135
game8/Clip3,412,30,player_bottom,598.0225830078125,651.0731201171875,570.8818359375,516.9642333984375,625.1632690429688,651.0731201171875,0.8671494722366333
game8/Clip3,412,31,player_top,657.4910888671875,252.87779235839844,642.289794921875,161.6971435546875,672.6923217773438,252.87779235839844,0.8269092440605164
game8/Clip4,0,58,player_bottom,685.525634765625,629.0545043945312,659.6363525390625,494.74444580078125,711.4149169921875,629.0545043945312,0.8585425615310669
game8/Clip4,0,57,player_top,477.189453125,253.08425903320312,451.826904296875,184.42404174804688,502.5520324707031,253.08425903320312,0.8753331303596497
game8/Clip4,1,58,player_bottom,685.525634765625,629.0545043945312,659.6363525390625,494.74444580078125,711.4149169921875,629.0545043945312,0.8585425615310669
game8/Clip4,1,57,player_top,477.189453125,253.08425903320312,451.826904296875,184.42404174804688,502.5520324707031,253.08425903320312,0.8753331303596497
game8/Clip4,2,58,player_bottom,686.268310546875,629.0244140625,660.477783203125,495.3124694824219,712.0588989257812,629.0244140625,0.8645174503326416
game8/Clip4,2,57,player_top,477.1766357421875,253.09378051757812,451.7405090332031,184.21742248535156,502.61273193359375,253.09378051757812,0.8754183650016785
game8/Clip4,3,58,player_bottom,687.8885498046875,629.0598754882812,661.7315063476562,493.72711181640625,714.045654296875,629.0598754882812,0.8395939469337463
game8/Clip4,3,57,player_top,477.130859375,253.01963806152344,451.6584167480469,184.03411865234375,502.603271484375,253.01963806152344,0.8745107650756836
game8/Clip4,4,58,player_bottom,689.25390625,628.7398681640625,663.4098510742188,495.7818298339844,715.0979614257812,628.7398681640625,0.8862259387969971
game8/Clip4,4,57,player_top,477.1502990722656,253.01953125,451.6724853515625,184.00241088867188,502.62811279296875,253.01953125,0.874331533908844
game8/Clip4,5,58,player_bottom,691.4539794921875,628.3778686523438,665.5992431640625,496.22509765625,717.3087768554688,628.3778686523438,0.8601678609848022
game8/Clip4,5,57,player_top,477.20111083984375,252.99612426757812,451.6620178222656,183.76512145996094,502.7402038574219,252.99612426757812,0.8723700046539307
game8/Clip4,6,58,player_bottom,694.0006103515625,626.9826049804688,668.6873779296875,498.6454772949219,719.3139038085938,626.9826049804688,0.8847123384475708
game8/Clip4,6,57,player_top,477.2713317871094,253.04945373535156,451.59063720703125,183.33497619628906,502.9520263671875,253.04945373535156,0.8794676661491394
game8/Clip4,7,58,player_bottom,695.3844604492188,625.7390747070312,669.997314453125,498.2850646972656,720.7716064453125,625.7390747070312,0.8266159892082214
game8/Clip4,7,57,player_top,477.36639404296875,252.89988708496094,451.62945556640625,182.87890625,503.1033020019531,252.89988708496094,0.8795951008796692
game8/Clip4,8,58,player_bottom,696.0616455078125,624.0741577148438,670.4947509765625,497.19580078125,721.6285400390625,624.0741577148438,0.8782991766929626
game8/Clip4,8,57,player_top,477.4173278808594,252.82781982421875,451.5023498535156,182.07550048828125,503.3323059082031,252.82781982421875,0.8819577693939209
game8/Clip4,9,58,player_bottom,696.6480712890625,622.6659545898438,670.6204833984375,495.4169921875,722.6756591796875,622.6659545898438,0.8624488711357117
game8/Clip4,9,57,player_top,477.41204833984375,252.9239044189453,451.23553466796875,181.1970672607422,503.5885314941406,252.9239044189453,0.8886568546295166
game8/Clip4,10,58,player_bottom,696.978515625,620.9043579101562,670.9577026367188,495.9534912109375,722.999267578125,620.9043579101562,0.8421297669410706
game8/Clip4,10,57,player_top,477.5218505859375,252.97930908203125,451.015869140625,179.9300079345703,504.02783203125,252.97930908203125,0.8877042531967163
game8/Clip4,11,58,player_bottom,697.681884765625,618.3880004882812,671.4766235351562,495.0929260253906,723.8870849609375,618.3880004882812,0.826107382774353
game8/Clip4,11,57,player_top,477.6360168457031,253.1016387939453,450.78179931640625,178.4479522705078,504.490234375,253.1016387939453,0.8650858998298645
game8/Clip4,12,58,player_bottom,698.508056640625,617.2557983398438,671.7344970703125,493.9308776855469,725.2815551757812,617.2557983398438,0.7462627291679382
game8/Clip4,12,57,player_top,478.3077392578125,253.05789184570312,450.9329528808594,175.9181671142578,505.68255615234375,253.05789184570312,0.8644425272941589
game8/Clip4,13,58,player_bottom,699.410888671875,616.8549194335938,673.5700073242188,501.390625,725.2518310546875,616.8549194335938,0.8771464228630066
game8/Clip4,13,57,player_top,481.131103515625,252.87184143066406,454.0503845214844,174.70089721679688,508.2117919921875,252.87184143066406,0.8186360001564026
game8/Clip4,14,58,player_bottom,700.1966552734375,616.8221435546875,670.0635375976562,482.7184753417969,730.329833984375,616.8221435546875,0.6651713252067566
game8/Clip4,14,57,player_top,484.9341125488281,252.96176147460938,458.57025146484375,174.2999725341797,511.2979736328125,252.96176147460938,0.8037428855895996
game8/Clip4,15,58,player_bottom,699.766357421875,616.7181396484375,667.7922973632812,474.8673095703125,731.740478515625,616.7181396484375,0.5734298825263977
game8/Clip4,15,57,player_top,489.78955078125,252.10740661621094,464.9587707519531,174.65086364746094,514.6203002929688,252.10740661621094,0.7795166373252869
game8/Clip4,16,58,player_bottom,696.6798095703125,616.6722412109375,663.8899536132812,473.19647216796875,729.4696655273438,616.6722412109375,0.5686752200126648
game8/Clip4,16,57,player_top,493.3499755859375,249.89852905273438,470.0819396972656,174.52792358398438,516.6179809570312,249.89852905273438,0.7983270287513733
game8/Clip4,17,58,player_bottom,696.0450439453125,616.8088989257812,665.7811889648438,486.5937805175781,726.308837890625,616.8088989257812,0.715843141078949
game8/Clip4,17,57,player_top,496.57623291015625,251.42037963867188,473.7249450683594,174.799560546875,519.427490234375,251.42037963867188,0.846008837223053
game8/Clip4,18,58,player_bottom,695.8662719726562,616.7947998046875,666.730712890625,491.1217346191406,725.0018310546875,616.7947998046875,0.8797099590301514
game8/Clip4,18,57,player_top,500.1361083984375,251.8976593017578,477.7117614746094,175.17538452148438,522.5604248046875,251.8976593017578,0.8038505911827087
game8/Clip4,19,58,player_bottom,695.0276489257812,612.9600219726562,666.5008544921875,490.2509765625,723.554443359375,612.9600219726562,0.8739343285560608
game8/Clip4,19,57,player_top,504.5483093261719,252.07577514648438,482.15582275390625,175.5266571044922,526.9407958984375,252.07577514648438,0.8429959416389465
game8/Clip4,20,58,player_bottom,697.3802490234375,610.0611572265625,667.6246948242188,482.4463806152344,727.1357421875,610.0611572265625,0.8171991109848022
game8/Clip4,20,57,player_top,506.36419677734375,252.1180877685547,484.0088806152344,175.6624298095703,528.7195434570312,252.1180877685547,0.8494715690612793
game8/Clip4,21,58,player_bottom,700.7684326171875,603.7344970703125,669.2053833007812,469.4825439453125,732.33154296875,603.7344970703125,0.8517082333564758
game8/Clip4,21,57,player_top,507.3537292480469,252.1426239013672,484.8182373046875,175.2087860107422,529.8892211914062,252.1426239013672,0.8693679571151733
game8/Clip4,22,58,player_bottom,704.279541015625,599.5725708007812,670.34814453125,456.2499084472656,738.2109375,599.5725708007812,0.8793521523475647
game8/Clip4,22,57,player_top,508.47479248046875,252.46804809570312,485.8817443847656,175.19265747070312,531.06787109375,252.46804809570312,0.8624550700187683
game8/Clip4,23,58,player_bottom,707.6282958984375,596.5264282226562,673.9835815429688,457.3193359375,741.27294921875,596.5264282226562,0.8655070662498474
game8/Clip4,23,57,player_top,510.0467529296875,252.22181701660156,487.6894836425781,175.16322326660156,532.404052734375,252.22181701660156,0.8367083668708801
game8/Clip4,24,58,player_bottom,710.0618896484375,593.7169189453125,676.915771484375,460.6730651855469,743.2080688476562,593.7169189453125,0.9131233096122742
game8/Clip4,24,57,player_top,512.8155517578125,251.2831573486328,490.86474609375,175.1759033203125,534.7664184570312,251.2831573486328,0.848058819770813
game8/Clip4,25,58,player_bottom,711.5098266601562,594.1299438476562,680.12841796875,473.97979736328125,742.8912353515625,594.1299438476562,0.9028599262237549
game8/Clip4,25,57,player_top,516.19189453125,250.52732849121094,494.6058044433594,175.56626892089844,537.7779541015625,250.52732849121094,0.873454213142395
game8/Clip4,26,58,player_bottom,711.1358032226562,596.2904052734375,680.0260009765625,481.9101257324219,742.24560546875,596.2904052734375,0.912382185459137
game8/Clip4,26,57,player_top,519.4545288085938,250.0768585205078,497.9507751464844,176.30174255371094,540.9583129882812,250.0768585205078,0.8587234020233154
game8/Clip4,27,58,player_bottom,709.5279541015625,598.0918579101562,678.2955932617188,486.9671325683594,740.7603149414062,598.0918579101562,0.9042994379997253
game8/Clip4,27,57,player_top,522.77880859375,250.49325561523438,500.9111022949219,177.20135498046875,544.646484375,250.49325561523438,0.8581673502922058
game8/Clip4,28,58,player_bottom,706.0152587890625,598.6249389648438,674.9411010742188,491.5069885253906,737.0894775390625,598.6249389648438,0.8841966390609741
game8/Clip4,28,57,player_top,525.1638793945312,250.64500427246094,502.9266357421875,178.28988647460938,547.401123046875,250.64500427246094,0.8806156516075134
game8/Clip4,29,58,player_bottom,702.1080322265625,598.6264038085938,671.2449340820312,494.587890625,732.9711303710938,598.6264038085938,0.8808035254478455
game8/Clip4,29,57,player_top,526.65771484375,250.7886962890625,503.8345031738281,178.8086395263672,549.4808959960938,250.7886962890625,0.8931956887245178
game8/Clip4,30,58,player_bottom,696.1373291015625,598.8074951171875,665.1160888671875,496.12799072265625,727.1585083007812,598.8074951171875,0.8684767484664917
game8/Clip4,30,57,player_top,527.0737915039062,250.96664428710938,503.5933837890625,178.86793518066406,550.55419921875,250.96664428710938,0.8914394378662109
game8/Clip4,31,58,player_bottom,691.822998046875,598.7476196289062,660.5128173828125,496.1129455566406,723.1331787109375,598.7476196289062,0.8333104252815247
game8/Clip4,31,57,player_top,527.7177124023438,251.0164031982422,503.6136474609375,178.86949157714844,551.82177734375,251.0164031982422,0.8925504088401794
game8/Clip4,32,58,player_bottom,687.6881713867188,598.66064453125,655.85986328125,494.7935485839844,719.5164794921875,598.66064453125,0.8697301149368286
game8/Clip4,32,57,player_top,529.6688842773438,250.90069580078125,505.2436828613281,178.63079833984375,554.0941162109375,250.90069580078125,0.8808784484863281
game8/Clip4,33,58,player_bottom,685.738037109375,598.7178955078125,653.7207641601562,493.4617004394531,717.7553100585938,598.7178955078125,0.8562568426132202
game8/Clip4,33,57,player_top,532.411865234375,250.80722045898438,507.846923828125,177.80552673339844,556.976806640625,250.80722045898438,0.8606323003768921
game8/Clip4,34,58,player_bottom,683.447998046875,598.8704223632812,651.242431640625,491.46551513671875,715.6536254882812,598.8704223632812,0.8610204458236694
game8/Clip4,34,57,player_top,534.763427734375,250.7886199951172,510.17633056640625,177.14166259765625,559.3505249023438,250.7886199951172,0.8304504752159119
game8/Clip4,35,58,player_bottom,683.0213623046875,598.96875,651.05908203125,490.40667724609375,714.9835815429688,598.96875,0.8469156622886658
game8/Clip4,35,57,player_top,536.0304565429688,251.0469207763672,511.2703552246094,176.63941955566406,560.79052734375,251.0469207763672,0.7843340635299683
game8/Clip4,36,58,player_bottom,683.823486328125,600.8848266601562,651.9916381835938,490.05670166015625,715.6553344726562,600.8848266601562,0.8096279501914978
game8/Clip4,36,57,player_top,535.9339599609375,250.88189697265625,510.7102355957031,176.31675720214844,561.15771484375,250.88189697265625,0.8301652073860168
game8/Clip4,37,58,player_bottom,685.731201171875,603.0070190429688,654.4468383789062,490.3251037597656,717.0155029296875,603.0070190429688,0.8339384198188782
game8/Clip4,37,57,player_top,537.0408325195312,250.54458618164062,511.1873474121094,175.92091369628906,562.8943481445312,250.54458618164062,0.8221468925476074
game8/Clip4,38,58,player_bottom,686.7719116210938,606.2637329101562,655.8228149414062,491.2222595214844,717.7210083007812,606.2637329101562,0.8622493743896484
game8/Clip4,38,57,player_top,540.467529296875,251.3701934814453,514.0050659179688,176.3125762939453,566.9300537109375,251.3701934814453,0.8146713376045227
game8/Clip4,39,58,player_bottom,686.9605712890625,609.39306640625,656.31689453125,493.0891418457031,717.6043090820312,609.39306640625,0.8620986938476562
game8/Clip4,39,57,player_top,543.1910400390625,253.33547973632812,515.3949584960938,175.46559143066406,570.987060546875,253.33547973632812,0.8547350168228149
game8/Clip4,40,58,player_bottom,686.67529296875,612.4619750976562,656.1635131835938,494.921142578125,717.1871337890625,612.4619750976562,0.8716495633125305
game8/Clip4,40,57,player_top,548.1805419921875,254.3191680908203,520.2960815429688,175.394775390625,576.06494140625,254.3191680908203,0.855935275554657
game8/Clip4,41,58,player_bottom,686.0489501953125,615.1927490234375,655.42333984375,495.69122314453125,716.6746215820312,615.1927490234375,0.8538499474525452
game8/Clip4,41,57,player_top,552.125,255.15768432617188,524.0292358398438,173.984130859375,580.2208251953125,255.15768432617188,0.8691841959953308
game8/Clip4,42,58,player_bottom,685.904296875,617.6410522460938,655.1708984375,496.07049560546875,716.6376342773438,617.6410522460938,0.8601046800613403
game8/Clip4,42,57,player_top,553.6173095703125,255.26998901367188,525.5320434570312,172.5423583984375,581.7025146484375,255.26998901367188,0.8429446816444397
game8/Clip4,43,58,player_bottom,685.0440673828125,619.172119140625,654.179931640625,495.65185546875,715.908203125,619.172119140625,0.8578667640686035
game8/Clip4,43,57,player_top,553.8359375,255.35195922851562,525.9090576171875,171.69642639160156,581.7628784179688,255.35195922851562,0.8587909936904907
game8/Clip4,44,58,player_bottom,685.6695556640625,620.8404541015625,654.5574951171875,494.6129455566406,716.7816162109375,620.8404541015625,0.8383758068084717
game8/Clip4,44,57,player_top,551.4219970703125,254.99627685546875,522.8311767578125,168.85626220703125,580.0127563476562,254.99627685546875,0.8687881231307983
game8/Clip4,45,58,player_bottom,685.7891845703125,621.213623046875,654.7196044921875,493.8872375488281,716.8588256835938,621.213623046875,0.8467975854873657
game8/Clip4,45,57,player_top,548.5440673828125,254.75131225585938,519.1765747070312,166.41342163085938,577.9115600585938,254.75131225585938,0.8865134716033936
game8/Clip4,46,58,player_bottom,686.1441650390625,621.3994750976562,655.2537231445312,493.3644104003906,717.03466796875,621.3994750976562,0.8453353047370911
game8/Clip4,46,57,player_top,548.143798828125,254.30906677246094,518.59423828125,165.172119140625,577.6934204101562,254.30906677246094,0.873253345489502
game8/Clip4,47,58,player_bottom,685.90478515625,622.5264892578125,654.8856811523438,493.06048583984375,716.923828125,622.5264892578125,0.88079434633255
game8/Clip4,47,57,player_top,551.371337890625,250.63238525390625,523.4098510742188,165.18402099609375,579.3328247070312,250.63238525390625,0.8582395911216736
game8/Clip4,48,58,player_bottom,686.171875,622.8735961914062,655.2919921875,493.7247619628906,717.0518188476562,622.8735961914062,0.8853685855865479
game8/Clip4,48,57,player_top,555.0292358398438,249.05426025390625,527.8958740234375,165.44654846191406,582.16259765625,249.05426025390625,0.8777649998664856
game8/Clip4,49,58,player_bottom,688.26953125,625.8350219726562,657.0816040039062,496.6756591796875,719.4573974609375,625.8350219726562,0.9052380323410034
game8/Clip4,49,57,player_top,557.017333984375,248.60565185546875,530.3735961914062,166.51768493652344,583.6610107421875,248.60565185546875,0.8763028383255005
game8/Clip4,50,58,player_bottom,690.541748046875,630.01611328125,658.7682495117188,501.133056640625,722.315185546875,630.01611328125,0.9052001237869263
game8/Clip4,50,57,player_top,558.8106079101562,249.09228515625,532.4249267578125,168.1973419189453,585.1962890625,249.09228515625,0.8861951231956482
game8/Clip4,51,58,player_bottom,692.55078125,633.2504272460938,660.4205322265625,507.06158447265625,724.6810913085938,633.2504272460938,0.895076334476471
game8/Clip4,51,57,player_top,561.14501953125,252.27403259277344,534.1697387695312,170.36907958984375,588.120361328125,252.27403259277344,0.8829400539398193
game8/Clip4,52,58,player_bottom,693.4434814453125,635.5718383789062,661.2161865234375,512.9694213867188,725.6708374023438,635.5718383789062,0.8995635509490967
game8/Clip4,52,57,player_top,562.2176513671875,253.37255859375,535.3303833007812,172.88983154296875,589.1048583984375,253.37255859375,0.8810746073722839
game8/Clip4,53,58,player_bottom,694.6478271484375,637.51953125,662.3723754882812,518.052001953125,726.92333984375,637.51953125,0.8994265794754028
game8/Clip4,53,57,player_top,562.5020141601562,253.72628784179688,535.9244384765625,175.44544982910156,589.07958984375,253.72628784179688,0.8885779976844788
game8/Clip4,54,58,player_bottom,696.0557861328125,638.6385498046875,663.680908203125,521.2747192382812,728.4306030273438,638.6385498046875,0.8958110809326172
game8/Clip4,54,57,player_top,562.302978515625,253.83192443847656,535.8509521484375,177.05006408691406,588.7549438476562,253.83192443847656,0.8871833682060242
game8/Clip4,55,58,player_bottom,695.7679443359375,640.5997924804688,662.3795776367188,521.912353515625,729.1563110351562,640.5997924804688,0.8944137096405029
game8/Clip4,55,57,player_top,562.2098999023438,253.83242797851562,535.50341796875,177.2406463623047,588.9163818359375,253.83242797851562,0.8883591890335083
game8/Clip4,56,58,player_bottom,692.891845703125,643.6651611328125,657.5571899414062,520.8915405273438,728.2264404296875,643.6651611328125,0.8560415506362915
game8/Clip4,56,57,player_top,562.3131103515625,253.5673065185547,535.220703125,176.5633544921875,589.4055786132812,253.5673065185547,0.8920943737030029
game8/Clip4,57,58,player_bottom,687.9138793945312,645.6881103515625,651.4241943359375,520.8695678710938,724.403564453125,645.6881103515625,0.8494521379470825
game8/Clip4,57,57,player_top,563.323486328125,253.06375122070312,536.0255126953125,175.7572479248047,590.6213989257812,253.06375122070312,0.8828227519989014
game8/Clip4,58,58,player_bottom,674.3712768554688,646.6297607421875,638.2595825195312,521.6456298828125,710.4829711914062,646.6297607421875,0.8237411379814148
game8/Clip4,58,57,player_top,566.7115478515625,252.39328002929688,539.7726440429688,175.6199188232422,593.6504516601562,252.39328002929688,0.8590478897094727
game8/Clip4,59,58,player_bottom,662.7279663085938,647.0653686523438,626.234619140625,522.0115356445312,699.2213134765625,647.0653686523438,0.8216644525527954
game8/Clip4,59,57,player_top,574.1731567382812,251.80557250976562,547.98486328125,174.91758728027344,600.3614501953125,251.80557250976562,0.7990010976791382
game8/Clip4,60,58,player_bottom,658.4251098632812,647.5439453125,621.76318359375,522.5311889648438,695.0870361328125,647.5439453125,0.8204631209373474
game8/Clip4,60,57,player_top,580.8997802734375,251.23822021484375,555.8782348632812,174.57122802734375,605.9212646484375,251.23822021484375,0.7889903783798218
game8/Clip4,61,58,player_bottom,653.6089477539062,645.919921875,617.1234130859375,522.549560546875,690.094482421875,645.919921875,0.8887791037559509
game8/Clip4,61,57,player_top,586.9476318359375,251.65370178222656,562.8862915039062,174.31253051757812,611.0089721679688,251.65370178222656,0.7732940912246704
game8/Clip4,62,58,player_bottom,647.2294921875,643.2167358398438,611.2699584960938,522.7178344726562,683.1890258789062,643.2167358398438,0.8893846273422241
game8/Clip4,62,57,player_top,592.0341186523438,252.52452087402344,568.7906494140625,174.4535369873047,615.277587890625,252.52452087402344,0.7397730946540833
game8/Clip4,63,58,player_bottom,634.8120727539062,646.8906860351562,597.8954467773438,523.2815551757812,671.7286987304688,646.8906860351562,0.8054232001304626
game8/Clip4,63,57,player_top,596.6279296875,253.17694091796875,574.2890625,174.72451782226562,618.9668579101562,253.17694091796875,0.7828235030174255
game8/Clip4,64,58,player_bottom,616.2467041015625,648.7410278320312,580.5415649414062,525.5819091796875,651.951904296875,648.7410278320312,0.8032137751579285
game8/Clip4,64,57,player_top,601.9713134765625,253.52581787109375,580.4263916015625,175.4086151123047,623.5162963867188,253.52581787109375,0.7905428409576416
game8/Clip4,65,58,player_bottom,603.840576171875,649.8921508789062,568.7092895507812,527.9505004882812,638.9718017578125,649.8921508789062,0.8655102252960205
game8/Clip4,65,57,player_top,607.80517578125,253.90985107421875,586.5606689453125,175.6713409423828,629.0496826171875,253.90985107421875,0.8068346381187439
game8/Clip4,66,58,player_bottom,596.4224853515625,653.2218017578125,564.0411376953125,543.3087158203125,628.8038330078125,653.2218017578125,0.841403603553772
game8/Clip4,66,57,player_top,613.0823974609375,254.00450134277344,591.76611328125,175.7093505859375,634.3986206054688,254.00450134277344,0.8555429577827454
game8/Clip4,67,58,player_bottom,586.2542724609375,655.623291015625,550.6202392578125,538.1520385742188,621.8882446289062,655.623291015625,0.8649199604988098
game8/Clip4,67,57,player_top,616.2420654296875,253.88839721679688,594.7050170898438,175.29763793945312,637.779052734375,253.88839721679688,0.8592435121536255
game8/Clip4,68,58,player_bottom,573.36328125,656.74951171875,534.886962890625,536.5614013671875,611.839599609375,656.74951171875,0.8909026980400085
game8/Clip4,68,57,player_top,619.5079956054688,253.65333557128906,598.0835571289062,175.326171875,640.9324340820312,253.65333557128906,0.8334611654281616
game8/Clip4,69,58,player_bottom,560.7686767578125,658.6010131835938,520.2178344726562,538.9039916992188,601.3195190429688,658.6010131835938,0.9018129110336304
game8/Clip4,69,57,player_top,623.3319091796875,253.58352661132812,602.27783203125,174.95819091796875,644.3859252929688,253.58352661132812,0.8134927749633789
game8/Clip4,70,58,player_bottom,551.4419555664062,664.571533203125,507.7298278808594,540.8094482421875,595.154052734375,664.571533203125,0.8993226289749146
game8/Clip4,70,57,player_top,627.02294921875,254.77102661132812,606.5574951171875,176.98321533203125,647.4884033203125,254.77102661132812,0.809116542339325
game8/Clip4,71,58,player_bottom,543.137451171875,667.87255859375,497.95263671875,543.039794921875,588.3222045898438,667.87255859375,0.8948752284049988
game8/Clip4,71,57,player_top,630.1834106445312,255.4706268310547,610.1088256835938,178.1442413330078,650.2579956054688,255.4706268310547,0.8078853487968445
game8/Clip4,72,58,player_bottom,534.7819213867188,669.0470581054688,489.5514221191406,544.8021850585938,580.012451171875,669.0470581054688,0.9001117944717407
game8/Clip4,72,57,player_top,635.5507202148438,255.9008331298828,615.3648681640625,178.4251251220703,655.736572265625,255.9008331298828,0.8346139788627625
game8/Clip4,73,58,player_bottom,526.0728759765625,669.3331298828125,481.2779235839844,545.6102905273438,570.8677978515625,669.3331298828125,0.887010395526886
game8/Clip4,73,57,player_top,641.054931640625,255.8565673828125,620.6190185546875,178.6320037841797,661.4908447265625,255.8565673828125,0.8432824015617371
game8/Clip4,74,58,player_bottom,516.392578125,669.0869750976562,472.674072265625,545.8448486328125,560.1111450195312,669.0869750976562,0.8650438785552979
game8/Clip4,74,57,player_top,643.603759765625,255.8921356201172,622.915283203125,178.57443237304688,664.292236328125,255.8921356201172,0.8467594385147095
game8/Clip4,75,58,player_bottom,507.1095275878906,668.5833740234375,465.08111572265625,545.599365234375,549.137939453125,668.5833740234375,0.8657980561256409
game8/Clip4,75,57,player_top,644.7269287109375,255.97320556640625,623.797607421875,178.43197631835938,665.65625,255.97320556640625,0.8581641912460327
game8/Clip4,76,58,player_bottom,496.9618835449219,668.209716796875,456.07159423828125,543.521240234375,537.8521728515625,668.209716796875,0.8145725131034851
game8/Clip4,76,57,player_top,645.8363647460938,255.61093139648438,624.9940795898438,178.8991241455078,666.6786499023438,255.61093139648438,0.8644152283668518
game8/Clip4,77,58,player_bottom,492.78515625,669.515380859375,452.971435546875,545.521240234375,532.598876953125,669.515380859375,0.7759092450141907
game8/Clip4,77,57,player_top,647.998779296875,254.71795654296875,627.6060180664062,179.47085571289062,668.3916015625,254.71795654296875,0.8379539847373962
game8/Clip4,78,58,player_bottom,485.18963623046875,672.767822265625,446.0090637207031,546.901611328125,524.3701782226562,672.767822265625,0.8240189552307129
game8/Clip4,78,57,player_top,651.039794921875,253.99021911621094,631.13427734375,180.39825439453125,670.9452514648438,253.99021911621094,0.8159105181694031
game8/Clip4,79,58,player_bottom,480.63250732421875,676.2721557617188,440.5811462402344,547.439453125,520.6838989257812,676.2721557617188,0.4062671661376953
game8/Clip4,79,57,player_top,653.873291015625,253.68301391601562,633.9965209960938,180.7489013671875,673.7501220703125,253.68301391601562,0.8445890545845032
game8/Clip4,80,58,player_bottom,473.28912353515625,680.6613159179688,432.2177429199219,550.19970703125,514.3605346679688,680.6613159179688,0.726272463798523
game8/Clip4,80,57,player_top,657.8668212890625,253.39532470703125,637.4561767578125,180.5466766357422,678.2774658203125,253.39532470703125,0.8591768741607666
game8/Clip4,81,58,player_bottom,467.65008544921875,683.6332397460938,425.5413818359375,551.7261962890625,509.7588195800781,683.6332397460938,0.8613256216049194
game8/Clip4,81,57,player_top,660.212158203125,253.37200927734375,639.3116455078125,181.2245635986328,681.1126098632812,253.37200927734375,0.8677822351455688
game8/Clip4,82,58,player_bottom,465.7845458984375,685.8146362304688,421.9082946777344,549.4835815429688,509.6607971191406,685.8146362304688,0.8776639699935913
game8/Clip4,82,57,player_top,661.2203369140625,253.4598846435547,639.6964111328125,181.29116821289062,682.7443237304688,253.4598846435547,0.8767189979553223
game8/Clip4,83,58,player_bottom,463.89898681640625,686.4378051757812,419.80010986328125,550.20556640625,507.99786376953125,686.4378051757812,0.858910322189331
game8/Clip4,83,57,player_top,661.717041015625,253.44664001464844,639.4620361328125,180.55551147460938,683.9721069335938,253.44664001464844,0.8762460350990295
game8/Clip4,84,58,player_bottom,462.9010314941406,686.7109375,418.3542785644531,549.4723510742188,507.4477844238281,686.7109375,0.8614129424095154
game8/Clip4,84,57,player_top,663.263916015625,253.39463806152344,640.5089111328125,179.73216247558594,686.0189819335938,253.39463806152344,0.85931795835495
game8/Clip4,85,58,player_bottom,462.30133056640625,686.4456787109375,417.93975830078125,549.9584350585938,506.66290283203125,686.4456787109375,0.8689488768577576
game8/Clip4,85,57,player_top,666.3146362304688,253.4144744873047,643.7102661132812,180.2454376220703,688.9190063476562,253.4144744873047,0.8689828515052795
game8/Clip4,86,58,player_bottom,462.5970458984375,685.7257080078125,418.1991882324219,549.5222778320312,506.9949035644531,685.7257080078125,0.8817477822303772
game8/Clip4,86,57,player_top,671.1344604492188,253.45016479492188,648.6976928710938,180.16885375976562,693.5712280273438,253.45016479492188,0.8430481553077698
game8/Clip4,87,58,player_bottom,461.9190368652344,684.4024658203125,417.84881591796875,550.2329711914062,505.9892578125,684.4024658203125,0.877193808555603
game8/Clip4,87,57,player_top,678.0162353515625,253.56240844726562,656.0924682617188,180.10125732421875,699.9400024414062,253.56240844726562,0.8131751418113708
game8/Clip4,88,58,player_bottom,460.9723815917969,683.2041015625,416.9773864746094,550.7544555664062,504.9673767089844,683.2041015625,0.8742744326591492
game8/Clip4,88,57,player_top,683.6676025390625,253.5935821533203,662.3602905273438,180.07064819335938,704.974853515625,253.5935821533203,0.8077068328857422
game8/Clip4,89,58,player_bottom,459.254638671875,683.8554077148438,415.1522521972656,552.25146484375,503.35699462890625,683.8554077148438,0.8741888999938965
game8/Clip4,89,57,player_top,687.9365234375,253.64767456054688,667.0636596679688,179.60897827148438,708.809326171875,253.64767456054688,0.7986164689064026
game8/Clip4,90,58,player_bottom,457.77301025390625,684.594970703125,413.5369873046875,553.8079833984375,502.0090026855469,684.594970703125,0.8686095476150513
game8/Clip4,90,57,player_top,691.6764526367188,253.47032165527344,671.1612548828125,178.66531372070312,712.191650390625,253.47032165527344,0.7824372053146362
game8/Clip4,91,58,player_bottom,457.5809631347656,686.0771484375,413.2095947265625,556.2056274414062,501.95233154296875,686.0771484375,0.8682109117507935
game8/Clip4,91,57,player_top,695.5052490234375,253.8500213623047,674.9388427734375,176.9626007080078,716.0716552734375,253.8500213623047,0.8228054046630859
game8/Clip4,92,58,player_bottom,457.0294189453125,686.5946655273438,412.8391418457031,558.2967529296875,501.2196960449219,686.5946655273438,0.8896726965904236
game8/Clip4,92,57,player_top,699.2698974609375,253.15969848632812,678.8980102539062,175.4703369140625,719.641845703125,253.15969848632812,0.8054688572883606
game8/Clip4,93,58,player_bottom,459.6131286621094,686.5202026367188,414.8525390625,558.688720703125,504.37371826171875,686.5202026367188,0.901431143283844
game8/Clip4,93,57,player_top,702.8199462890625,252.4449005126953,682.6298217773438,174.22381591796875,723.010009765625,252.4449005126953,0.8171805739402771
game8/Clip4,94,58,player_bottom,462.0615234375,686.013427734375,416.2503662109375,557.4732055664062,507.8727111816406,686.013427734375,0.9164929986000061
game8/Clip4,94,57,player_top,706.5682373046875,251.28106689453125,686.863037109375,174.16758728027344,726.2733764648438,251.28106689453125,0.7204053401947021
game8/Clip4,95,58,player_bottom,464.584716796875,684.9131469726562,417.4392395019531,554.9801635742188,511.7301940917969,684.9131469726562,0.9050551652908325
game8/Clip4,95,57,player_top,710.8374633789062,249.06922912597656,691.65771484375,173.0623016357422,730.0172119140625,249.06922912597656,0.7845245003700256
game8/Clip4,96,58,player_bottom,468.15423583984375,681.8538818359375,420.39453125,552.0886840820312,515.9139404296875,681.8538818359375,0.894229531288147
game8/Clip4,96,57,player_top,715.1365356445312,247.80909729003906,695.9526977539062,171.4430389404297,734.3203735351562,247.80909729003906,0.8110328912734985
game8/Clip4,97,58,player_bottom,475.4701232910156,679.4511108398438,427.61627197265625,549.5685424804688,523.323974609375,679.4511108398438,0.880490779876709
game8/Clip4,97,57,player_top,718.6055908203125,245.79820251464844,699.5753173828125,170.34324645996094,737.6358032226562,245.79820251464844,0.8424443602561951
game8/Clip4,98,58,player_bottom,484.7186279296875,678.4036254882812,437.0820007324219,546.9969482421875,532.355224609375,678.4036254882812,0.8787899613380432
game8/Clip4,98,57,player_top,723.6046142578125,245.24668884277344,704.918701171875,171.1861114501953,742.2905883789062,245.24668884277344,0.7515496611595154
game8/Clip4,99,58,player_bottom,494.75469970703125,676.1281127929688,448.6138610839844,544.926025390625,540.8955688476562,676.1281127929688,0.8816326856613159
game8/Clip4,99,57,player_top,727.8021240234375,245.0140838623047,708.9785766601562,170.3824462890625,746.625732421875,245.0140838623047,0.7456773519515991
game8/Clip4,100,58,player_bottom,502.3924560546875,675.4177856445312,457.7770690917969,543.5562133789062,547.0078735351562,675.4177856445312,0.8814148902893066
game8/Clip4,100,57,player_top,732.4542846679688,244.7524871826172,713.6685180664062,170.07797241210938,751.2400512695312,244.7524871826172,0.7574395537376404
game8/Clip4,101,58,player_bottom,508.3759460449219,674.3260498046875,465.7835693359375,543.3646240234375,550.9683227539062,674.3260498046875,0.8814799785614014
game8/Clip4,101,57,player_top,736.720703125,244.81478881835938,717.7595825195312,169.54693603515625,755.6818237304688,244.81478881835938,0.7926403284072876
game8/Clip4,102,58,player_bottom,515.60595703125,673.0779418945312,474.8673095703125,543.9890747070312,556.3445434570312,673.0779418945312,0.8702760934829712
game8/Clip4,102,57,player_top,741.6984252929688,244.01254272460938,722.6873779296875,169.5331573486328,760.70947265625,244.01254272460938,0.809455156326294
game8/Clip4,103,58,player_bottom,526.2972412109375,672.5493774414062,486.83026123046875,545.5480346679688,565.7642822265625,672.5493774414062,0.8877382278442383
game8/Clip4,103,57,player_top,746.2987060546875,240.7212371826172,728.1929321289062,170.9749755859375,764.404541015625,240.7212371826172,0.6706416606903076
game8/Clip4,104,58,player_bottom,537.6026611328125,673.1716918945312,498.6973876953125,547.71240234375,576.5078735351562,673.1716918945312,0.8936735391616821
game8/Clip4,104,57,player_top,750.379150390625,240.45803833007812,732.748291015625,172.78170776367188,768.0099487304688,240.45803833007812,0.6337686777114868
game8/Clip4,105,58,player_bottom,547.109130859375,674.681396484375,507.75994873046875,549.0081176757812,586.4583129882812,674.681396484375,0.9029542803764343
game8/Clip4,105,57,player_top,752.4134521484375,238.77490234375,734.6807861328125,171.51072692871094,770.1461181640625,238.77490234375,0.6399707794189453
game8/Clip4,106,58,player_bottom,551.4766845703125,675.6674194335938,511.6865234375,550.1692504882812,591.2669067382812,675.6674194335938,0.908286988735199
game8/Clip4,106,57,player_top,755.578369140625,237.87879943847656,737.4609375,170.6201934814453,773.6957397460938,237.87879943847656,0.705830991268158
game8/Clip4,107,58,player_bottom,553.6433715820312,677.774658203125,512.9710083007812,550.6471557617188,594.3157348632812,677.774658203125,0.9117829203605652
game8/Clip4,107,57,player_top,759.7587890625,240.5184783935547,740.2453002929688,170.46575927734375,779.272216796875,240.5184783935547,0.8266328573226929
game8/Clip4,108,58,player_bottom,555.18115234375,679.42822265625,513.6425170898438,549.7837524414062,596.7197265625,679.42822265625,0.9058862328529358
game8/Clip4,108,57,player_top,763.475341796875,242.5093536376953,742.7688598632812,170.02915954589844,784.181884765625,242.5093536376953,0.8167123794555664
game8/Clip4,109,58,player_bottom,557.2548217773438,680.0784912109375,515.2417602539062,548.3738403320312,599.2678833007812,680.0784912109375,0.9001424312591553
game8/Clip4,109,57,player_top,766.3815307617188,242.99822998046875,745.78271484375,172.42562866210938,786.9803466796875,242.99822998046875,0.7938432693481445
game8/Clip4,110,58,player_bottom,560.51123046875,679.8004150390625,518.5341186523438,546.3131713867188,602.48828125,679.8004150390625,0.906980574131012
game8/Clip4,110,57,player_top,768.3140869140625,243.0508575439453,747.61767578125,173.1310272216797,789.0105590820312,243.0508575439453,0.7045753598213196
game8/Clip4,111,58,player_bottom,564.70947265625,679.2750244140625,523.265380859375,544.713134765625,606.1535034179688,679.2750244140625,0.8944587707519531
game8/Clip4,111,57,player_top,767.7548828125,242.8716278076172,746.2586059570312,172.31787109375,789.251220703125,242.8716278076172,0.745013415813446
game8/Clip4,112,58,player_bottom,569.1058349609375,680.7245483398438,527.8536987304688,543.724853515625,610.35791015625,680.7245483398438,0.8928906917572021
game8/Clip4,112,57,player_top,768.5670166015625,241.35653686523438,746.4674682617188,171.20985412597656,790.6665649414062,241.35653686523438,0.6170147061347961
game8/Clip4,113,58,player_bottom,573.5589599609375,682.5910034179688,532.5462036132812,543.8571166992188,614.5716552734375,682.5910034179688,0.9071254134178162
game8/Clip4,113,57,player_top,768.9305419921875,240.8753662109375,745.2427978515625,168.1658477783203,792.6183471679688,240.8753662109375,0.46083611249923706
game8/Clip4,114,58,player_bottom,577.0633544921875,684.945556640625,536.2728271484375,545.1981811523438,617.8538208007812,684.945556640625,0.9035567045211792
game8/Clip4,114,57,player_top,779.0179443359375,240.94845581054688,755.4459838867188,168.1625213623047,802.58984375,240.94845581054688,0.5737444162368774
game8/Clip4,115,58,player_bottom,580.3930053710938,686.806884765625,539.900390625,547.8220825195312,620.8856201171875,686.806884765625,0.9028940200805664
game8/Clip4,115,57,player_top,784.4808349609375,242.06539916992188,760.7273559570312,168.24647521972656,808.2343139648438,242.06539916992188,0.686593234539032
game8/Clip4,116,58,player_bottom,582.094482421875,688.2034301757812,542.1807250976562,551.3409423828125,622.0082397460938,688.2034301757812,0.9051682949066162
game8/Clip4,116,57,player_top,786.072998046875,244.06643676757812,761.8977661132812,169.01885986328125,810.248291015625,244.06643676757812,0.8319985866546631
game8/Clip4,117,58,player_bottom,582.0084228515625,689.1484375,542.5443115234375,553.7639770507812,621.4724731445312,689.1484375,0.9074633121490479
game8/Clip4,117,57,player_top,790.6134033203125,245.93922424316406,766.4119873046875,169.9725799560547,814.8148803710938,245.93922424316406,0.8028186559677124
game8/Clip4,118,58,player_bottom,581.7843017578125,689.7589721679688,542.3922729492188,554.52783203125,621.1763916015625,689.7589721679688,0.9093468189239502
game8/Clip4,118,57,player_top,793.9331665039062,246.91879272460938,769.3541259765625,168.82704162597656,818.51220703125,246.91879272460938,0.7958461046218872
game8/Clip4,119,58,player_bottom,581.695068359375,689.5343627929688,542.14697265625,553.5546875,621.2431030273438,689.5343627929688,0.9050679802894592
game8/Clip4,119,57,player_top,796.4437255859375,247.3681640625,771.7179565429688,167.35955810546875,821.16943359375,247.3681640625,0.8034939765930176
game8/Clip4,120,58,player_bottom,581.43701171875,689.6622314453125,541.3173217773438,551.2363891601562,621.556640625,689.6622314453125,0.9138898849487305
game8/Clip4,120,57,player_top,797.6541748046875,247.29954528808594,772.7146606445312,164.91445922851562,822.5936279296875,247.29954528808594,0.8133461475372314
game8/Clip4,121,58,player_bottom,579.726318359375,689.736083984375,539.1417236328125,549.6986083984375,620.3108520507812,689.736083984375,0.9191185832023621
game8/Clip4,121,57,player_top,796.4501342773438,247.1263885498047,770.482666015625,160.14378356933594,822.4176025390625,247.1263885498047,0.8261137008666992
game8/Clip4,122,58,player_bottom,576.575927734375,690.1786499023438,535.6054077148438,549.31005859375,617.54638671875,690.1786499023438,0.9014589190483093
game8/Clip4,122,57,player_top,800.4019165039062,246.11001586914062,775.1466674804688,160.06698608398438,825.6571655273438,246.11001586914062,0.731227457523346
game8/Clip4,123,58,player_bottom,573.2679443359375,690.9991455078125,531.9561157226562,550.685791015625,614.5797729492188,690.9991455078125,0.898705244064331
game8/Clip4,123,57,player_top,806.2275390625,245.53176879882812,780.9576416015625,157.58636474609375,831.4974365234375,245.53176879882812,0.8074291944503784
game8/Clip4,124,58,player_bottom,567.9774780273438,692.2465209960938,526.6592407226562,553.09326171875,609.2957153320312,692.2465209960938,0.907891035079956
game8/Clip4,124,57,player_top,810.864990234375,244.8065948486328,786.0088500976562,157.09786987304688,835.72119140625,244.8065948486328,0.8218358159065247
game8/Clip4,125,58,player_bottom,563.7607421875,695.587158203125,522.335693359375,557.5233154296875,605.1857299804688,695.587158203125,0.9061806797981262
game8/Clip4,125,57,player_top,814.5075073242188,245.1337890625,790.0645141601562,158.4646453857422,838.9505004882812,245.1337890625,0.8450067043304443
game8/Clip4,126,58,player_bottom,560.0146484375,697.7886352539062,518.822265625,562.2929077148438,601.2069702148438,697.7886352539062,0.9175979495048523
game8/Clip4,126,57,player_top,815.4252319335938,244.53968811035156,791.4746704101562,159.6140594482422,839.3757934570312,244.53968811035156,0.8594645857810974
game8/Clip4,127,58,player_bottom,559.8810882568359,697.6994781494141,518.5552368164062,563.3084869384766,601.2068939208984,697.6994781494141,0.9103662818670273
game8/Clip4,127,57,player_top,815.8333129882812,244.41244506835938,792.1299438476562,160.62033081054688,839.5366821289062,244.41244506835938,0.8608372211456299
game8/Clip4,128,58,player_bottom,559.7475280761719,697.6103210449219,518.2882080078125,564.3240661621094,601.2068176269531,697.6103210449219,0.9031346142292023
game8/Clip4,128,57,player_top,815.8974609375,244.28448486328125,792.1728515625,160.6075439453125,839.6221313476562,244.28448486328125,0.8663915991783142
game8/Clip4,129,58,player_bottom,559.6139678955078,697.5211639404297,518.0211791992188,565.3396453857422,601.2067413330078,697.5211639404297,0.8959029465913773
game8/Clip4,129,57,player_top,815.86279296875,244.25779724121094,791.9027709960938,159.74008178710938,839.8228149414062,244.25779724121094,0.8629868030548096
game8/Clip4,130,58,player_bottom,559.4804077148438,697.4320068359375,517.754150390625,566.355224609375,601.2066650390625,697.4320068359375,0.8886712789535522
game8/Clip4,130,57,player_top,815.656982421875,244.15249633789062,791.3856201171875,158.14019775390625,839.9283447265625,244.15249633789062,0.8669132590293884
game8/Clip4,131,58,player_bottom,552.4744873046875,697.4891967773438,510.3922119140625,565.8428344726562,594.5567626953125,697.4891967773438,0.8882148265838623
game8/Clip4,131,57,player_top,815.6607055664062,243.49859619140625,791.3627319335938,157.14540100097656,839.9586791992188,243.49859619140625,0.8610566258430481
game8/Clip4,132,58,player_bottom,542.5208740234375,697.5594482421875,500.75531005859375,565.95068359375,584.286376953125,697.5594482421875,0.8982177972793579
game8/Clip4,132,57,player_top,815.177734375,241.92022705078125,791.2717895507812,156.6509246826172,839.083740234375,241.92022705078125,0.8503667116165161
game8/Clip5,0,72,player_bottom,537.13427734375,622.882568359375,501.65301513671875,489.91363525390625,572.6155395507812,622.882568359375,0.829383909702301
game8/Clip5,0,73,player_top,642.6876220703125,181.1105194091797,624.4990234375,116.49356079101562,660.8762817382812,181.1105194091797,0.7669883966445923
game8/Clip5,1,72,player_bottom,537.13427734375,622.882568359375,501.65301513671875,489.91363525390625,572.6155395507812,622.882568359375,0.829383909702301
game8/Clip5,1,73,player_top,642.6876220703125,181.1105194091797,624.4990234375,116.49356079101562,660.8762817382812,181.1105194091797,0.7669883966445923
game8/Clip5,2,72,player_bottom,537.8946533203125,623.098876953125,500.93701171875,484.3104553222656,574.8523559570312,623.098876953125,0.8147516250610352
game8/Clip5,2,73,player_top,642.9915771484375,181.01907348632812,624.7739868164062,116.27595520019531,661.2091674804688,181.01907348632812,0.7522600293159485
game8/Clip5,3,72,player_bottom,538.174072265625,623.1055297851562,502.38519287109375,488.52874755859375,573.9630126953125,623.1055297851562,0.894629716873169
game8/Clip5,3,73,player_top,643.019775390625,181.0894317626953,624.6407470703125,115.73187255859375,661.3988647460938,181.0894317626953,0.7608551383018494
game8/Clip5,4,72,player_bottom,538.7570190429688,623.2466430664062,503.6235046386719,490.9624938964844,573.8905639648438,623.2466430664062,0.8972474932670593
game8/Clip5,4,73,player_top,642.9415283203125,181.5496826171875,624.4530639648438,115.72596740722656,661.4300537109375,181.5496826171875,0.7719477415084839
game8/Clip5,5,72,player_bottom,540.3116455078125,622.2451782226562,505.7391357421875,491.9171447753906,574.8840942382812,622.2451782226562,0.8866119384765625
game8/Clip5,5,73,player_top,642.9451904296875,181.69764709472656,624.6729125976562,116.62226867675781,661.2174072265625,181.69764709472656,0.7675751447677612
game8/Clip5,6,72,player_bottom,541.7549438476562,621.7424926757812,507.7886657714844,493.5476379394531,575.7212524414062,621.7424926757812,0.8839293718338013
game8/Clip5,6,73,player_top,642.8689575195312,181.58457946777344,624.6102294921875,116.52513122558594,661.127685546875,181.58457946777344,0.7680604457855225
game8/Clip5,7,72,player_bottom,542.5965576171875,621.0785522460938,509.16607666015625,495.1599426269531,576.027099609375,621.0785522460938,0.8767431974411011
game8/Clip5,7,73,player_top,642.740234375,181.5794677734375,624.5867919921875,116.9066162109375,660.8936157226562,181.5794677734375,0.7684227824211121
game8/Clip5,8,72,player_bottom,543.8555297851562,619.3078002929688,510.71820068359375,495.1783752441406,576.9928588867188,619.3078002929688,0.8886460661888123
game8/Clip5,8,73,player_top,642.727294921875,181.49066162109375,624.6273193359375,117.02547454833984,660.8272705078125,181.49066162109375,0.7691599726676941
game8/Clip5,9,72,player_bottom,544.7689819335938,618.3114624023438,510.26495361328125,489.4023132324219,579.2730102539062,618.3114624023438,0.7348671555519104
game8/Clip5,9,73,player_top,642.6495361328125,181.46974182128906,624.6596069335938,117.47518157958984,660.6395263671875,181.46974182128906,0.7717264890670776
game8/Clip5,10,72,player_bottom,545.7828369140625,617.8287353515625,506.6761169433594,470.4665832519531,584.8895874023438,617.8287353515625,0.8934757709503174
game8/Clip5,10,73,player_top,642.638427734375,181.41014099121094,624.7152709960938,117.7436294555664,660.5616455078125,181.41014099121094,0.774821400642395
game8/Clip5,11,72,player_bottom,546.671630859375,617.3230590820312,506.3606262207031,464.4176025390625,586.9826049804688,617.3230590820312,0.8912990689277649
game8/Clip5,11,73,player_top,642.6885986328125,181.40176391601562,624.6477661132812,117.33646392822266,660.7294921875,181.40176391601562,0.7560226321220398
game8/Clip5,12,72,player_bottom,547.5816650390625,616.152587890625,507.62115478515625,464.0342712402344,587.5421752929688,616.152587890625,0.8751663565635681
game8/Clip5,12,73,player_top,642.6348876953125,181.72996520996094,624.508544921875,117.4139633178711,660.76123046875,181.72996520996094,0.7683694958686829
game8/Clip5,13,72,player_bottom,548.5885009765625,615.5927734375,512.5899658203125,480.23699951171875,584.5870971679688,615.5927734375,0.799580991268158
game8/Clip5,13,73,player_top,642.6445922851562,181.8380126953125,624.4937744140625,117.4768295288086,660.79541015625,181.8380126953125,0.7548872828483582
game8/Clip5,14,72,player_bottom,549.5726318359375,615.398681640625,514.7550048828125,485.86029052734375,584.3902587890625,615.398681640625,0.7639864683151245
game8/Clip5,14,73,player_top,642.524658203125,181.9032745361328,624.3301391601562,117.47078704833984,660.71923828125,181.9032745361328,0.7722254395484924
game8/Clip5,15,72,player_bottom,550.4991455078125,615.4636840820312,516.7344970703125,491.4549255371094,584.2638549804688,615.4636840820312,0.743156909942627
game8/Clip5,15,73,player_top,642.4337158203125,181.8906707763672,624.268310546875,117.68017578125,660.5990600585938,181.8906707763672,0.7752909660339355
game8/Clip5,16,72,player_bottom,552.0006103515625,615.5939331054688,516.8505249023438,486.3128662109375,587.150634765625,615.5939331054688,0.8633783459663391
game8/Clip5,16,73,player_top,642.386962890625,181.91299438476562,624.1910400390625,117.70751953125,660.5829467773438,181.91299438476562,0.7763479948043823
game8/Clip5,17,72,player_bottom,553.3861083984375,615.5317993164062,520.247802734375,494.0448303222656,586.5244140625,615.5317993164062,0.8745768666267395
game8/Clip5,17,73,player_top,642.3134155273438,181.85861206054688,624.0799560546875,117.66121673583984,660.546875,181.85861206054688,0.7799222469329834
game8/Clip5,18,72,player_bottom,551.973388671875,615.69921875,519.3265991210938,496.3128356933594,584.6201782226562,615.69921875,0.8750120997428894
game8/Clip5,18,73,player_top,642.3360595703125,181.82093811035156,624.0756225585938,117.66374206542969,660.596435546875,181.82093811035156,0.7845303416252136
game8/Clip5,19,72,player_bottom,551.9990234375,615.7782592773438,519.219970703125,494.421630859375,584.778076171875,615.7782592773438,0.8646149039268494
game8/Clip5,19,73,player_top,642.4926147460938,182.08969116210938,624.09375,117.4076919555664,660.8914794921875,182.08969116210938,0.7870149612426758
game8/Clip5,20,72,player_bottom,551.01220703125,611.365234375,518.6815795898438,489.5097961425781,583.3427734375,611.365234375,0.811800479888916
game8/Clip5,20,73,player_top,642.6399536132812,182.19537353515625,624.2627563476562,117.53638458251953,661.0171508789062,182.19537353515625,0.7727445960044861
game8/Clip5,21,72,player_bottom,551.8197631835938,607.3701171875,519.4125366210938,483.4937438964844,584.2269897460938,607.3701171875,0.8393748998641968
game8/Clip5,21,73,player_top,642.879150390625,182.34901428222656,624.5166015625,117.60633087158203,661.2417602539062,182.34901428222656,0.7725464105606079
game8/Clip5,22,72,player_bottom,555.4005126953125,601.8582153320312,521.7356567382812,470.7310485839844,589.0653076171875,601.8582153320312,0.7729007005691528
game8/Clip5,22,73,player_top,642.9653930664062,182.4640655517578,624.7603759765625,118.19148254394531,661.17041015625,182.4640655517578,0.7676362991333008
game8/Clip5,23,72,player_bottom,559.3902587890625,597.243408203125,525.2085571289062,462.1485595703125,593.5719604492188,597.243408203125,0.8671699166297913
game8/Clip5,23,73,player_top,643.03076171875,182.5150604248047,624.8992919921875,118.43243408203125,661.1622924804688,182.5150604248047,0.7602909207344055
game8/Clip5,24,72,player_bottom,566.0964965820312,594.013427734375,533.4490356445312,466.5277404785156,598.7439575195312,594.013427734375,0.8603127598762512
game8/Clip5,24,73,player_top,643.12158203125,182.57716369628906,625.0332641601562,118.5746078491211,661.2098999023438,182.57716369628906,0.7659768462181091
game8/Clip5,25,72,player_bottom,570.0685424804688,590.8555297851562,539.0564575195312,471.9778747558594,601.0806274414062,590.8555297851562,0.8825531005859375
game8/Clip5,25,73,player_top,643.09130859375,182.6732177734375,624.9307861328125,118.31748962402344,661.2517700195312,182.6732177734375,0.7667794227600098
game8/Clip5,26,72,player_bottom,572.1736450195312,589.7005004882812,541.9223022460938,476.6833190917969,602.4249877929688,589.7005004882812,0.8949897289276123
game8/Clip5,26,73,player_top,643.1384887695312,182.83438110351562,625.0074462890625,118.42913055419922,661.26953125,182.83438110351562,0.7516734600067139
game8/Clip5,27,72,player_bottom,572.226318359375,592.3076782226562,541.7838134765625,480.9485168457031,602.6688232421875,592.3076782226562,0.9003567695617676
game8/Clip5,27,73,player_top,642.6885986328125,183.11184692382812,624.8901977539062,120.14320373535156,660.4869384765625,183.11184692382812,0.7680392265319824
game8/Clip5,28,72,player_bottom,569.5401000976562,594.2123413085938,539.310791015625,485.1979675292969,599.7694091796875,594.2123413085938,0.8974418640136719
game8/Clip5,28,73,player_top,642.5242919921875,183.00880432128906,624.8016357421875,120.51805114746094,660.2468872070312,183.00880432128906,0.7758045792579651
game8/Clip5,29,72,player_bottom,563.8431396484375,594.6890869140625,534.3276977539062,489.236083984375,593.3585205078125,594.6890869140625,0.9032449126243591
game8/Clip5,29,73,player_top,642.4249267578125,183.08468627929688,624.776611328125,121.02670288085938,660.0731811523438,183.08468627929688,0.7859999537467957
game8/Clip5,30,72,player_bottom,557.0584716796875,594.94482421875,528.29052734375,491.8502197265625,585.8263549804688,594.94482421875,0.8826909065246582
game8/Clip5,30,73,player_top,642.3854370117188,183.25230407714844,624.72119140625,121.37315368652344,660.0496826171875,183.25230407714844,0.7652348279953003
game8/Clip5,31,72,player_bottom,552.8834838867188,595.0759887695312,524.3784790039062,493.1055603027344,581.3884887695312,595.0759887695312,0.8812747001647949
game8/Clip5,31,73,player_top,642.3637084960938,183.31216430664062,624.6138305664062,121.32608032226562,660.1135864257812,183.31216430664062,0.7708337903022766
game8/Clip5,32,72,player_bottom,551.15673828125,595.3716430664062,522.6304321289062,493.2235412597656,579.68310546875,595.3716430664062,0.8721507787704468
game8/Clip5,32,73,player_top,642.363037109375,183.2648468017578,624.6781005859375,121.75443267822266,660.0479125976562,183.2648468017578,0.7652051448822021
game8/Clip5,33,72,player_bottom,549.1780395507812,595.3526000976562,520.6677856445312,492.90472412109375,577.6882934570312,595.3526000976562,0.8266832828521729
game8/Clip5,33,73,player_top,642.34912109375,183.4307098388672,624.57421875,121.77632141113281,660.1240844726562,183.4307098388672,0.7529172301292419
game8/Clip5,34,72,player_bottom,548.0506591796875,595.1903076171875,519.3683471679688,491.43255615234375,576.7329711914062,595.1903076171875,0.8525943160057068
game8/Clip5,34,73,player_top,642.418701171875,183.36000061035156,624.4972534179688,121.2607192993164,660.3402099609375,183.36000061035156,0.7541831135749817
game8/Clip5,35,72,player_bottom,545.2564697265625,595.1863403320312,516.5223388671875,490.2212219238281,573.9905395507812,595.1863403320312,0.8721707463264465
game8/Clip5,35,73,player_top,642.3805541992188,183.5076904296875,624.3695678710938,121.12920379638672,660.3915405273438,183.5076904296875,0.759641170501709
game8/Clip5,36,72,player_bottom,543.818115234375,595.2503662109375,515.3179321289062,489.5526123046875,572.3182983398438,595.2503662109375,0.8629679083824158
game8/Clip5,36,73,player_top,642.3457641601562,183.6194305419922,624.3502197265625,121.35208129882812,660.34130859375,183.6194305419922,0.7577460408210754
game8/Clip5,37,72,player_bottom,543.42333984375,603.0988159179688,513.5531005859375,489.2464294433594,573.2935180664062,603.0988159179688,0.852523922920227
game8/Clip5,37,73,player_top,642.3468017578125,183.89932250976562,624.38330078125,121.86689758300781,660.3103637695312,183.89932250976562,0.7571079134941101
game8/Clip5,38,72,player_bottom,542.550537109375,606.6507568359375,512.7361450195312,490.0808410644531,572.3648681640625,606.6507568359375,0.828392505645752
game8/Clip5,38,73,player_top,642.3491821289062,184.03680419921875,624.4141235351562,122.22764587402344,660.2842407226562,184.03680419921875,0.7476736903190613
game8/Clip5,39,72,player_bottom,540.7974853515625,608.8817138671875,511.46136474609375,491.4618835449219,570.133544921875,608.8817138671875,0.8167102336883545
game8/Clip5,39,73,player_top,642.3387451171875,184.1281280517578,624.517822265625,122.91561889648438,660.1597290039062,184.1281280517578,0.7262933254241943
game8/Clip5,40,72,player_bottom,540.097900390625,611.31298828125,511.20098876953125,492.8890075683594,568.994873046875,611.31298828125,0.8541024923324585
game8/Clip5,40,73,player_top,642.3995971679688,184.2705078125,624.534423828125,123.016357421875,660.2647705078125,184.2705078125,0.736224889755249
game8/Clip5,41,72,player_bottom,539.498291015625,613.861572265625,510.96728515625,494.0151672363281,568.0293579101562,613.861572265625,0.8521034121513367
game8/Clip5,41,73,player_top,642.44287109375,184.4704132080078,624.4777221679688,122.87608337402344,660.4080810546875,184.4704132080078,0.7278941869735718
game8/Clip5,42,72,player_bottom,538.40087890625,615.4324340820312,510.2537841796875,494.33880615234375,566.5479125976562,615.4324340820312,0.8602546453475952
game8/Clip5,42,73,player_top,642.4606323242188,184.50662231445312,624.5410766601562,123.15168762207031,660.3801879882812,184.50662231445312,0.7301514148712158
game8/Clip5,43,72,player_bottom,536.842529296875,616.1429443359375,509.0233459472656,494.3785400390625,564.6616821289062,616.1429443359375,0.8653659224510193
game8/Clip5,43,73,player_top,642.412353515625,184.5498809814453,624.28271484375,122.4638671875,660.5420532226562,184.5498809814453,0.7558609247207642
game8/Clip5,44,72,player_bottom,535.9130859375,617.2335815429688,508.2413024902344,493.8819580078125,563.5848999023438,617.2335815429688,0.8655967712402344
game8/Clip5,44,73,player_top,642.553955078125,184.57176208496094,624.3796997070312,122.24383544921875,660.7281494140625,184.57176208496094,0.7467684149742126
game8/Clip5,45,72,player_bottom,534.9683837890625,617.9630737304688,507.50897216796875,493.56109619140625,562.427734375,617.9630737304688,0.8634556531906128
game8/Clip5,45,73,player_top,642.6484375,184.5933837890625,624.5050048828125,122.29708099365234,660.7918090820312,184.5933837890625,0.7284648418426514
game8/Clip5,46,72,player_bottom,534.0787963867188,618.8209838867188,506.855712890625,493.425048828125,561.3018798828125,618.8209838867188,0.8627088069915771
game8/Clip5,46,73,player_top,642.306396484375,184.6940460205078,623.9810791015625,121.83859252929688,660.6317749023438,184.6940460205078,0.7082645893096924
game8/Clip5,47,72,player_bottom,531.7701416015625,619.4735107421875,504.6515197753906,493.3125305175781,558.8887939453125,619.4735107421875,0.8695802092552185
game8/Clip5,47,73,player_top,641.8594970703125,184.5977020263672,622.21630859375,116.69469451904297,661.5026245117188,184.5977020263672,0.7429812550544739
game8/Clip5,48,72,player_bottom,528.5235595703125,620.9100952148438,501.3887634277344,494.1086120605469,555.6583862304688,620.9100952148438,0.870995819568634
game8/Clip5,48,73,player_top,641.3478393554688,184.5069580078125,621.9364624023438,117.52583312988281,660.7592163085938,184.5069580078125,0.7755236029624939
game8/Clip5,49,72,player_bottom,525.4600219726562,623.210693359375,498.12579345703125,496.2101745605469,552.7942504882812,623.210693359375,0.8842372298240662
game8/Clip5,49,73,player_top,640.473876953125,184.54788208007812,621.3727416992188,119.31149291992188,659.5750732421875,184.54788208007812,0.7562981247901917
game8/Clip5,50,72,player_bottom,521.5467529296875,627.289306640625,493.52642822265625,499.5310974121094,549.567138671875,627.289306640625,0.8959652185440063
game8/Clip5,50,73,player_top,638.572509765625,184.44190979003906,619.2428588867188,119.56813049316406,657.902099609375,184.44190979003906,0.7792296409606934
game8/Clip5,51,72,player_bottom,517.5614013671875,632.406494140625,488.6045837402344,503.7530822753906,546.5181884765625,632.406494140625,0.8847150206565857
game8/Clip5,51,73,player_top,637.1088256835938,184.34420776367188,617.39697265625,119.4440689086914,656.8206787109375,184.34420776367188,0.588019609451294
game8/Clip5,52,72,player_bottom,514.3915405273438,636.0778198242188,484.8003845214844,509.3824157714844,543.982666015625,636.0778198242188,0.896851658821106
game8/Clip5,52,73,player_top,629.6630859375,182.6083984375,610.8279418945312,119.10356140136719,648.4982299804688,182.6083984375,0.5374366044998169
game8/Clip5,53,72,player_bottom,512.1988525390625,638.300048828125,482.0097351074219,513.9761962890625,542.387939453125,638.300048828125,0.9067628383636475
game8/Clip5,53,73,player_top,625.449462890625,182.0574951171875,606.9793701171875,118.59410858154297,643.9196166992188,182.0574951171875,0.6378083825111389
game8/Clip5,54,72,player_bottom,512.9921875,639.0839233398438,482.3934326171875,516.7423095703125,543.5909423828125,639.0839233398438,0.9067783355712891
game8/Clip5,54,73,player_top,624.8603515625,181.5482940673828,606.8048706054688,119.4275894165039,642.9158935546875,181.5482940673828,0.5763123631477356
game8/Clip5,55,72,player_bottom,515.18115234375,639.4219360351562,483.7760009765625,516.1356811523438,546.5863647460938,639.4219360351562,0.8949437141418457
game8/Clip5,55,73,player_top,621.6580810546875,182.09303283691406,603.5176391601562,119.38341522216797,639.798583984375,182.09303283691406,0.6228700280189514
game8/Clip5,56,72,player_bottom,513.338134765625,640.7647705078125,480.6850280761719,515.2767944335938,545.9912109375,640.7647705078125,0.8946403861045837
game8/Clip5,56,73,player_top,619.7930908203125,181.7537078857422,599.7567138671875,111.75220489501953,639.8295288085938,181.7537078857422,0.48928481340408325
game8/Clip5,57,72,player_bottom,507.84930419921875,641.9442749023438,474.094482421875,515.0706787109375,541.6041259765625,641.9442749023438,0.864210307598114
game8/Clip5,57,73,player_top,618.712158203125,182.38961791992188,598.8377075195312,112.62279510498047,638.586669921875,182.38961791992188,0.6412662863731384
game8/Clip5,58,72,player_bottom,493.16790771484375,642.7552490234375,459.7434997558594,515.5931396484375,526.5923461914062,642.7552490234375,0.8307696580886841
game8/Clip5,58,73,player_top,617.0889892578125,183.1796112060547,597.557373046875,115.06327819824219,636.6206665039062,183.1796112060547,0.6971908211708069
game8/Clip5,59,72,player_bottom,483.65631103515625,642.6380004882812,450.41455078125,515.7860717773438,516.8980712890625,642.6380004882812,0.8848255276679993
game8/Clip5,59,73,player_top,614.026123046875,183.34854125976562,594.1943969726562,115.63829040527344,633.8578491210938,183.34854125976562,0.7280279397964478
game8/Clip5,60,72,player_bottom,476.1453552246094,642.1942749023438,442.8833923339844,515.7446899414062,509.4073181152344,642.1942749023438,0.8971247673034668
game8/Clip5,60,73,player_top,611.445556640625,182.92709350585938,591.173583984375,115.76602172851562,631.7174682617188,182.92709350585938,0.7019798159599304
game8/Clip5,61,72,player_bottom,468.75775146484375,640.848388671875,435.5952453613281,516.487548828125,501.92022705078125,640.848388671875,0.8881374001502991
game8/Clip5,61,73,player_top,607.320556640625,183.5719451904297,586.12890625,114.03620147705078,628.5122680664062,183.5719451904297,0.5790343284606934
game8/Clip5,62,72,player_bottom,460.4112243652344,634.307373046875,428.3998718261719,517.3434448242188,492.4225769042969,634.307373046875,0.8712174892425537
game8/Clip5,62,73,player_top,601.6295166015625,184.31813049316406,580.3580322265625,113.28907012939453,622.9010009765625,184.31813049316406,0.4286726713180542
game8/Clip5,63,72,player_bottom,450.30023193359375,633.8414916992188,417.3191223144531,519.6417846679688,483.2813720703125,633.8414916992188,0.8133726119995117
game8/Clip5,63,73,player_top,596.552001953125,185.00201416015625,575.85009765625,113.75469970703125,617.2539672851562,185.00201416015625,0.5620201230049133
game8/Clip5,64,72,player_bottom,438.3025207519531,636.5057983398438,403.63323974609375,521.5220947265625,472.9718017578125,636.5057983398438,0.8772488832473755
game8/Clip5,64,73,player_top,590.814697265625,185.71876525878906,570.9738159179688,114.81522369384766,610.655517578125,185.71876525878906,0.6158292889595032
game8/Clip5,65,72,player_bottom,429.02197265625,637.5198364257812,393.48516845703125,523.365234375,464.5588073730469,637.5198364257812,0.8772745728492737
game8/Clip5,65,73,player_top,587.7618408203125,185.87925720214844,568.5174560546875,114.39029693603516,607.0062255859375,185.87925720214844,0.4711083471775055
game8/Clip5,66,72,player_bottom,420.15692138671875,637.3165893554688,384.965576171875,525.0276489257812,455.3482360839844,637.3165893554688,0.8604034185409546
game8/Clip5,66,73,player_top,585.3179931640625,186.17063903808594,566.3352966308594,114.54265975952148,604.3006591796875,186.17063903808594,0.48864974081516266
game8/Clip5,67,72,player_bottom,411.2791442871094,637.2249755859375,376.3443298339844,524.6531982421875,446.2139587402344,637.2249755859375,0.8121342062950134
game8/Clip5,67,73,player_top,582.8741455078125,186.46202087402344,564.1531372070312,114.69502258300781,601.5950927734375,186.46202087402344,0.5061911344528198
game8/Clip5,68,72,player_bottom,401.1083984375,638.9912109375,366.3339538574219,524.0790405273438,435.8828430175781,638.9912109375,0.86374431848526
game8/Clip5,68,73,player_top,580.6925048828125,186.23789978027344,562.447265625,114.60749816894531,598.937744140625,186.23789978027344,0.4791865944862366
game8/Clip5,69,72,player_bottom,391.62493896484375,640.906982421875,357.08929443359375,523.1433715820312,426.16058349609375,640.906982421875,0.8596515655517578
game8/Clip5,69,73,player_top,577.7823486328125,185.51478576660156,559.3856201171875,112.82609558105469,596.1790161132812,185.51478576660156,0.5605039000511169
game8/Clip5,70,72,player_bottom,384.0898742675781,641.3546752929688,349.85491943359375,520.958740234375,418.3248291015625,641.3546752929688,0.852634847164154
game8/Clip5,70,73,player_top,575.6151123046875,184.9925079345703,557.0396728515625,111.6607666015625,594.1905517578125,184.9925079345703,0.7158907055854797
game8/Clip5,71,72,player_bottom,378.0968017578125,643.9337158203125,343.4515075683594,518.3837890625,412.7420654296875,643.9337158203125,0.8383810520172119
game8/Clip5,71,73,player_top,571.204345703125,184.94725036621094,552.4053955078125,112.2534408569336,590.0033569335938,184.94725036621094,0.5477716326713562
game8/Clip5,72,72,player_bottom,370.60247802734375,645.1333618164062,335.5758361816406,516.7015380859375,405.62908935546875,645.1333618164062,0.8890260457992554
game8/Clip5,72,73,player_top,565.6015014648438,184.23260498046875,546.3524169921875,112.41957092285156,584.8505859375,184.23260498046875,0.591579020023346
game8/Clip5,73,72,player_bottom,364.65167236328125,645.5392456054688,329.39263916015625,515.826904296875,399.9106750488281,645.5392456054688,0.8888381123542786
game8/Clip5,73,73,player_top,562.1663106282552,184.29559071858725,543.0099080403646,112.33263270060222,581.3227132161459,184.29559071858725,0.5616423189640045
game8/Clip5,74,72,player_bottom,359.39569091796875,646.2291870117188,324.21405029296875,516.397216796875,394.57733154296875,646.2291870117188,0.8907795548439026
game8/Clip5,74,73,player_top,558.7311197916666,184.35857645670572,539.6673990885416,112.24569447835286,577.7948404947916,184.35857645670572,0.5317056179046631
game8/Clip5,75,72,player_bottom,356.1024475097656,646.663330078125,321.2678527832031,516.8750610351562,390.9370422363281,646.663330078125,0.8966565728187561
game8/Clip5,75,73,player_top,555.2959289550781,184.42156219482422,536.3248901367188,112.15875625610352,574.2669677734375,184.42156219482422,0.5017689168453217
game8/Clip5,76,72,player_bottom,353.01873779296875,646.67333984375,318.9065856933594,517.7073364257812,387.13092041015625,646.67333984375,0.8934932947158813
game8/Clip5,76,73,player_top,551.8607381184896,184.48454793294272,532.9823811848959,112.07181803385417,570.7390950520834,184.48454793294272,0.4718322157859802
game8/Clip5,77,72,player_bottom,349.4056396484375,646.4459228515625,316.0951843261719,517.6298828125,382.716064453125,646.4459228515625,0.8863819241523743
game8/Clip5,77,73,player_top,548.425547281901,184.5475336710612,529.6398722330729,111.98487981160481,567.2112223307291,184.5475336710612,0.4418955147266388
game8/Clip5,78,72,player_bottom,343.977294921875,646.6587524414062,311.1038818359375,516.4193725585938,376.8507080078125,646.6587524414062,0.8571513891220093
game8/Clip5,78,73,player_top,544.9903564453125,184.6105194091797,526.29736328125,111.89794158935547,563.683349609375,184.6105194091797,0.41195881366729736
game8/Clip5,79,72,player_bottom,340.2633972167969,646.6581420898438,308.411865234375,515.467041015625,372.11492919921875,646.6581420898438,0.8317230343818665
game8/Clip5,79,73,player_top,538.7381591796875,184.7201690673828,520.9791259765625,111.13648986816406,556.4971923828125,184.7201690673828,0.5339981317520142
game8/Clip5,80,72,player_bottom,335.29034423828125,646.5048217773438,304.43646240234375,514.4529418945312,366.14422607421875,646.5048217773438,0.8227413892745972
game8/Clip5,80,73,player_top,535.7523193359375,185.4280548095703,518.5830688476562,110.52168273925781,552.9215698242188,185.4280548095703,0.5748535394668579
game8/Clip5,81,72,player_bottom,332.69879150390625,646.422119140625,302.82763671875,513.2586669921875,362.5699462890625,646.422119140625,0.8240548372268677
game8/Clip5,81,73,player_top,530.5809936523438,185.80641174316406,513.1107788085938,108.96503448486328,548.0512084960938,185.80641174316406,0.6633235216140747
game8/Clip5,82,72,player_bottom,328.57257080078125,646.4331665039062,299.240234375,512.287353515625,357.9049072265625,646.4331665039062,0.8590447306632996
game8/Clip5,82,73,player_top,526.526611328125,186.3485565185547,508.754638671875,109.47425079345703,544.2986450195312,186.3485565185547,0.7333865761756897
game8/Clip5,83,72,player_bottom,325.70904541015625,646.9444580078125,296.7931823730469,512.6517333984375,354.62493896484375,646.9444580078125,0.8586733341217041
game8/Clip5,83,73,player_top,524.3009033203125,185.70188903808594,506.47625732421875,110.59748840332031,542.1256103515625,185.70188903808594,0.7312837243080139
game8/Clip5,84,72,player_bottom,323.4566955566406,648.0038452148438,294.6811828613281,513.23681640625,352.2322082519531,648.0038452148438,0.8473448157310486
game8/Clip5,84,73,player_top,522.389404296875,185.7803955078125,504.286376953125,112.1288833618164,540.4923706054688,185.7803955078125,0.7077592611312866
game8/Clip5,85,72,player_bottom,322.5626220703125,648.9026489257812,294.0526428222656,514.5154418945312,351.07257080078125,648.9026489257812,0.8455787301063538
game8/Clip5,85,73,player_top,520.5159912109375,187.69955444335938,501.415283203125,112.56580352783203,539.6166381835938,187.69955444335938,0.7276049256324768
game8/Clip5,86,72,player_bottom,321.72894287109375,650.1079711914062,293.41998291015625,515.3676147460938,350.0379333496094,650.1079711914062,0.8493043780326843
game8/Clip5,86,73,player_top,518.9345703125,188.66580200195312,499.1734619140625,112.79255676269531,538.6956176757812,188.66580200195312,0.7874125242233276
game8/Clip6,0,79,player_bottom,550.3984375,604.7564086914062,520.657470703125,480.6687316894531,580.1393432617188,604.7564086914062,0.8557008504867554
game8/Clip6,0,78,player_top,804.0878295898438,238.4559783935547,778.7139282226562,168.3870391845703,829.4617309570312,238.4559783935547,0.8485622406005859
game8/Clip6,1,79,player_bottom,550.3984375,604.7564086914062,520.657470703125,480.6687316894531,580.1393432617188,604.7564086914062,0.8557008504867554
game8/Clip6,1,78,player_top,804.0878295898438,238.4559783935547,778.7139282226562,168.3870391845703,829.4617309570312,238.4559783935547,0.8485622406005859
game8/Clip6,2,79,player_bottom,551.2880249023438,604.4236450195312,521.5556640625,480.167724609375,581.0203857421875,604.4236450195312,0.8560707569122314
game8/Clip6,2,78,player_top,803.960693359375,238.4974365234375,778.751953125,168.90591430664062,829.1694946289062,238.4974365234375,0.852959394454956
game8/Clip6,3,79,player_bottom,552.314453125,600.3775634765625,522.2477416992188,474.22265625,582.381103515625,600.3775634765625,0.8121334910392761
game8/Clip6,3,78,player_top,803.9481201171875,238.5337371826172,778.7958374023438,169.13063049316406,829.100341796875,238.5337371826172,0.8530271649360657
game8/Clip6,4,79,player_bottom,555.876708984375,597.2586669921875,525.1694946289062,467.16168212890625,586.5839233398438,597.2586669921875,0.8283974528312683
game8/Clip6,4,78,player_top,804.0390014648438,238.56124877929688,778.8272705078125,169.02536010742188,829.250732421875,238.56124877929688,0.8537740707397461
game8/Clip6,5,79,player_bottom,561.4622802734375,594.1024169921875,528.5075073242188,452.9952087402344,594.4171142578125,594.1024169921875,0.7930954694747925
game8/Clip6,5,78,player_top,804.0445556640625,238.49700927734375,778.5769653320312,168.23321533203125,829.51220703125,238.49700927734375,0.8591167330741882
game8/Clip6,6,79,player_bottom,565.9235229492188,592.2005615234375,530.7103881835938,438.9395446777344,601.1366577148438,592.2005615234375,0.8427147269248962
game8/Clip6,6,78,player_top,803.668701171875,238.62550354003906,777.6084594726562,166.67837524414062,829.72900390625,238.62550354003906,0.8635089993476868
game8/Clip6,7,79,player_bottom,569.9681396484375,589.6475830078125,538.7407836914062,452.6795349121094,601.1954956054688,589.6475830078125,0.8461923599243164
game8/Clip6,7,78,player_top,803.3118896484375,238.615966796875,776.8843383789062,165.58395385742188,829.7394409179688,238.615966796875,0.8723177909851074
game8/Clip6,8,79,player_bottom,572.2811889648438,588.1600341796875,543.3238525390625,460.05975341796875,601.238525390625,588.1600341796875,0.8709828853607178
game8/Clip6,8,78,player_top,802.9876708984375,238.6022491455078,776.225830078125,164.48355102539062,829.74951171875,238.6022491455078,0.8606023788452148
game8/Clip6,9,79,player_bottom,572.94482421875,587.8461303710938,545.515380859375,465.3609924316406,600.3743286132812,587.8461303710938,0.8757688403129578
game8/Clip6,9,78,player_top,801.7821044921875,238.4981689453125,774.8262939453125,163.9790802001953,828.7378540039062,238.4981689453125,0.8587886691093445
game8/Clip6,10,79,player_bottom,571.81787109375,587.765869140625,545.6525268554688,469.77587890625,597.983154296875,587.765869140625,0.8597602844238281
game8/Clip6,10,78,player_top,800.38037109375,238.46804809570312,773.1409912109375,163.50531005859375,827.6197509765625,238.46804809570312,0.8183302283287048
game8/Clip6,11,79,player_bottom,570.6458740234375,587.9865112304688,545.6217041015625,474.5530700683594,595.6701049804688,587.9865112304688,0.8573274612426758
game8/Clip6,11,78,player_top,799.60693359375,238.33993530273438,772.585205078125,164.47537231445312,826.6287231445312,238.33993530273438,0.8329882621765137
game8/Clip6,12,79,player_bottom,569.1707763671875,588.124267578125,545.1993408203125,479.4814453125,593.1422729492188,588.124267578125,0.8690625429153442
game8/Clip6,12,78,player_top,798.9384765625,238.14407348632812,772.4133911132812,166.2312774658203,825.4635620117188,238.14407348632812,0.8543611168861389
game8/Clip6,13,79,player_bottom,567.96630859375,588.2777099609375,544.8310546875,483.4577331542969,591.1016235351562,588.2777099609375,0.8738452196121216
game8/Clip6,13,78,player_top,798.0850830078125,238.248779296875,771.601318359375,166.8455352783203,824.56884765625,238.248779296875,0.8492385149002075
game8/Clip6,14,79,player_bottom,566.660888671875,588.2347412109375,543.9427490234375,485.5189208984375,589.3790283203125,588.2347412109375,0.8572969436645508
game8/Clip6,14,78,player_top,796.073974609375,238.43740844726562,769.7120971679688,167.12635803222656,822.435791015625,238.43740844726562,0.828061580657959
game8/Clip6,15,79,player_bottom,566.651123046875,588.1026611328125,543.9484252929688,485.8238525390625,589.3538818359375,588.1026611328125,0.837859034538269
game8/Clip6,15,78,player_top,795.3442993164062,238.43739318847656,768.7659912109375,166.11795043945312,821.922607421875,238.43739318847656,0.83531254529953
game8/Clip6,16,79,player_bottom,566.726806640625,588.2344360351562,543.6114501953125,484.86273193359375,589.8422241210938,588.2344360351562,0.820888102054596
game8/Clip6,16,78,player_top,796.8677978515625,238.5136260986328,768.8458862304688,161.8209228515625,824.8897705078125,238.5136260986328,0.8171126246452332
game8/Clip6,17,79,player_bottom,566.2962646484375,588.1669921875,542.6029663085938,483.430419921875,589.989501953125,588.1669921875,0.8609678745269775
game8/Clip6,17,78,player_top,798.3255615234375,238.43812561035156,770.2315063476562,160.61160278320312,826.4196166992188,238.43812561035156,0.8511900305747986
game8/Clip6,18,79,player_bottom,567.4608154296875,587.8358154296875,543.4295654296875,481.9841003417969,591.4920043945312,587.8358154296875,0.8868972659111023
game8/Clip6,18,78,player_top,802.2625732421875,238.37234497070312,774.9700317382812,161.12701416015625,829.5550537109375,238.37234497070312,0.8224415183067322
game8/Clip6,19,79,player_bottom,568.9898681640625,587.9076538085938,544.7679443359375,480.793701171875,593.2118530273438,587.9076538085938,0.8588516712188721
game8/Clip6,19,78,player_top,807.1005859375,239.07542419433594,780.1688842773438,161.0101318359375,834.0323486328125,239.07542419433594,0.8234269618988037
game8/Clip6,20,79,player_bottom,570.2566528320312,590.2262573242188,545.644775390625,480.31549072265625,594.8685302734375,590.2262573242188,0.8578460216522217
game8/Clip6,20,78,player_top,811.2031860351562,240.41017150878906,785.1495361328125,162.6553955078125,837.2568359375,240.41017150878906,0.8036607503890991
game8/Clip6,21,79,player_bottom,570.6544189453125,595.67431640625,545.114501953125,480.1337890625,596.1943359375,595.67431640625,0.8296165466308594
game8/Clip6,21,78,player_top,814.9996948242188,240.94619750976562,789.0357666015625,162.2846221923828,840.963623046875,240.94619750976562,0.7673863172531128
game8/Clip6,22,79,player_bottom,570.741943359375,599.79443359375,544.8783569335938,480.9109191894531,596.6055908203125,599.79443359375,0.856621503829956
game8/Clip6,22,78,player_top,817.7706298828125,241.21258544921875,790.0379028320312,155.9578094482422,845.5033569335938,241.21258544921875,0.8522970080375671
game8/Clip6,23,79,player_bottom,570.1043701171875,603.4813232421875,543.9432983398438,482.1109924316406,596.265380859375,603.4813232421875,0.8523015379905701
game8/Clip6,23,78,player_top,821.5401000976562,241.32333374023438,793.2041625976562,154.33860778808594,849.8760375976562,241.32333374023438,0.8390825986862183
game8/Clip6,24,79,player_bottom,570.1734619140625,607.0369262695312,543.7850952148438,483.7130126953125,596.5618286132812,607.0369262695312,0.8565024137496948
game8/Clip6,24,78,player_top,825.4473876953125,241.23646545410156,797.53857421875,157.0809326171875,853.356201171875,241.23646545410156,0.8469133973121643
game8/Clip6,25,79,player_bottom,569.8389892578125,609.177001953125,543.4122924804688,484.9490051269531,596.265625,609.177001953125,0.8597770929336548
game8/Clip6,25,78,player_top,827.04443359375,241.01498413085938,799.69873046875,159.9897918701172,854.3900756835938,241.01498413085938,0.885356068611145
game8/Clip6,26,79,player_bottom,569.61376953125,610.8426513671875,543.0753784179688,485.3911437988281,596.1521606445312,610.8426513671875,0.856386125087738
game8/Clip6,26,78,player_top,828.1131591796875,240.7481689453125,800.8327026367188,161.08851623535156,855.3935546875,240.7481689453125,0.8796806335449219
game8/Clip6,27,79,player_bottom,568.8118896484375,612.0991821289062,542.1551513671875,485.52960205078125,595.4685668945312,612.0991821289062,0.8572264313697815
game8/Clip6,27,78,player_top,829.837646484375,240.64407348632812,802.2645874023438,160.65098571777344,857.4107666015625,240.64407348632812,0.8782170414924622
game8/Clip6,28,79,player_bottom,567.6234741210938,613.14013671875,540.7767333984375,485.00634765625,594.47021484375,613.14013671875,0.8629119396209717
game8/Clip6,28,78,player_top,833.7054443359375,240.59336853027344,805.5623779296875,159.0579071044922,861.8485107421875,240.59336853027344,0.8692423105239868
game8/Clip6,29,79,player_bottom,566.597412109375,613.716064453125,539.6693115234375,484.2915954589844,593.5255737304688,613.716064453125,0.8719537854194641
game8/Clip6,29,78,player_top,837.2183227539062,240.8208465576172,808.411865234375,156.57814025878906,866.0247802734375,240.8208465576172,0.8166033029556274
game8/Clip6,30,79,player_bottom,566.165283203125,613.7317504882812,539.27392578125,484.05169677734375,593.0567016601562,613.7317504882812,0.8712491393089294
game8/Clip6,30,78,player_top,840.7671508789062,241.15243530273438,811.8985595703125,155.54165649414062,869.6357421875,241.15243530273438,0.8413934111595154
game8/Clip6,31,79,player_bottom,565.7950439453125,614.1403198242188,538.8499145507812,484.3714294433594,592.7401123046875,614.1403198242188,0.8835965991020203
game8/Clip6,31,78,player_top,844.3319091796875,240.16395568847656,815.7723999023438,154.34571838378906,872.8914794921875,240.16395568847656,0.8709308505058289
game8/Clip6,32,79,player_bottom,561.8175048828125,615.1602783203125,534.357666015625,485.34765625,589.2774047851562,615.1602783203125,0.8881949782371521
game8/Clip6,32,78,player_top,846.848388671875,240.32644653320312,818.6142578125,154.40370178222656,875.08251953125,240.32644653320312,0.8796260952949524
game8/Clip6,33,79,player_bottom,556.8968505859375,617.6105346679688,528.6934814453125,488.0499572753906,585.1002197265625,617.6105346679688,0.9080662727355957
game8/Clip6,33,78,player_top,852.5800170898438,240.02940368652344,824.0584716796875,154.28048706054688,881.1015625,240.02940368652344,0.849830150604248
game8/Clip6,34,79,player_bottom,551.1873168945312,621.6605834960938,522.0363159179688,491.34112548828125,580.3383178710938,621.6605834960938,0.9069761633872986
game8/Clip6,34,78,player_top,857.2176513671875,241.0929718017578,828.19970703125,155.3592529296875,886.2355346679688,241.0929718017578,0.842718243598938
game8/Clip6,35,79,player_bottom,545.813720703125,625.6812744140625,515.6146850585938,495.8836669921875,576.0128173828125,625.6812744140625,0.9192169904708862
game8/Clip6,35,78,player_top,860.4573364257812,241.81112670898438,831.0103149414062,155.81602478027344,889.9043579101562,241.81112670898438,0.7628480195999146
game8/Clip6,36,79,player_bottom,542.2002563476562,629.0845336914062,511.08441162109375,500.77984619140625,573.3161010742188,629.0845336914062,0.9124041199684143
game8/Clip6,36,78,player_top,862.3392944335938,242.24493408203125,833.7244262695312,160.16793823242188,890.9541625976562,242.24493408203125,0.8378045558929443
game8/Clip6,37,79,player_bottom,541.250732421875,630.475341796875,509.66595458984375,505.1659851074219,572.83544921875,630.475341796875,0.8981992602348328
game8/Clip6,37,78,player_top,865.7352905273438,242.61627197265625,837.77490234375,162.53292846679688,893.6956787109375,242.61627197265625,0.814819872379303
game8/Clip6,38,79,player_bottom,543.9959716796875,630.585693359375,512.0411987304688,506.7738952636719,575.9507446289062,630.585693359375,0.908100962638855
game8/Clip6,38,78,player_top,868.74365234375,242.5196533203125,841.6806030273438,164.66934204101562,895.8067626953125,242.5196533203125,0.8200604319572449
game8/Clip6,39,79,player_bottom,544.1251831054688,631.0507202148438,511.20166015625,506.2863464355469,577.0487060546875,631.0507202148438,0.9022583365440369
game8/Clip6,39,78,player_top,871.0673828125,242.40762329101562,845.0426635742188,166.87905883789062,897.092041015625,242.40762329101562,0.8315925002098083
game8/Clip6,40,79,player_bottom,539.9713745117188,632.0565185546875,505.6539611816406,505.8578186035156,574.2887573242188,632.0565185546875,0.87868332862854
game8/Clip6,40,78,player_top,872.247802734375,242.26844787597656,846.5660400390625,166.81869506835938,897.9296264648438,242.26844787597656,0.8136568069458008
game8/Clip6,41,79,player_bottom,529.6737060546875,632.5021362304688,495.05419921875,506.92529296875,564.2932739257812,632.5021362304688,0.8349813222885132
game8/Clip6,41,78,player_top,872.8179931640625,242.13015747070312,846.8336181640625,164.56297302246094,898.8024291992188,242.13015747070312,0.750257670879364
game8/Clip6,42,79,player_bottom,516.3968505859375,632.5958862304688,481.6408386230469,506.82464599609375,551.15283203125,632.5958862304688,0.8661424517631531
game8/Clip6,42,78,player_top,870.0220336914062,242.06871032714844,840.8869018554688,153.94610595703125,899.1571655273438,242.06871032714844,0.7651242613792419
game8/Clip6,43,79,player_bottom,506.2511291503906,632.4874267578125,471.51519775390625,506.8880310058594,540.987060546875,632.4874267578125,0.8807920217514038
game8/Clip6,43,78,player_top,868.21826171875,241.9604949951172,837.787109375,148.80018615722656,898.6494750976562,241.9604949951172,0.7922959327697754
game8/Clip6,44,79,player_bottom,498.917724609375,632.0496215820312,463.8927307128906,506.2698669433594,533.9426879882812,632.0496215820312,0.8914129137992859
game8/Clip6,44,78,player_top,866.5125732421875,241.81063842773438,836.2090454101562,148.25611877441406,896.8160400390625,241.81063842773438,0.6751602292060852
game8/Clip6,45,79,player_bottom,488.58441162109375,624.3411865234375,455.3433532714844,506.26702880859375,521.8255004882812,624.3411865234375,0.8460502028465271
game8/Clip6,45,78,player_top,863.928955078125,240.6331024169922,836.5299072265625,156.42727661132812,891.3279418945312,240.6331024169922,0.7407399415969849
game8/Clip6,46,79,player_bottom,474.231201171875,624.47802734375,441.35992431640625,506.6423034667969,507.1025085449219,624.47802734375,0.7345329523086548
game8/Clip6,46,78,player_top,859.2399291992188,239.44549560546875,832.5658569335938,156.3240966796875,885.9140014648438,239.44549560546875,0.7590527534484863
game8/Clip6,47,79,player_bottom,463.0594787597656,625.4434814453125,430.91326904296875,507.80352783203125,495.2056884765625,625.4434814453125,0.8092294335365295
game8/Clip6,47,78,player_top,853.7655029296875,239.88668823242188,827.9234008789062,157.13720703125,879.607666015625,239.88668823242188,0.7761003375053406
game8/Clip6,48,79,player_bottom,450.7039489746094,626.0023193359375,418.49322509765625,510.3633728027344,482.9146728515625,626.0023193359375,0.8879325985908508
game8/Clip6,48,78,player_top,849.2304077148438,240.03482055664062,824.3319091796875,158.03048706054688,874.12890625,240.03482055664062,0.8170338869094849
game8/Clip6,49,79,player_bottom,440.6405334472656,626.2547607421875,407.556640625,512.0651245117188,473.72442626953125,626.2547607421875,0.8787527680397034
game8/Clip6,49,78,player_top,844.2794189453125,235.82460021972656,821.1346435546875,157.73667907714844,867.4241333007812,235.82460021972656,0.7870936393737793
game8/Clip6,50,79,player_bottom,431.4678955078125,625.6853637695312,397.1146545410156,513.5758666992188,465.8211364746094,625.6853637695312,0.867651641368866
game8/Clip6,50,78,player_top,838.4744873046875,235.67970275878906,816.4789428710938,158.6982421875,860.469970703125,235.67970275878906,0.7604358196258545
game8/Clip6,51,79,player_bottom,420.27630615234375,622.850830078125,384.2950134277344,514.2653198242188,456.25762939453125,622.850830078125,0.8085227012634277
game8/Clip6,51,78,player_top,833.1813354492188,237.99818420410156,811.6305541992188,159.47967529296875,854.7321166992188,237.99818420410156,0.765131413936615
game8/Clip6,52,79,player_bottom,409.34808349609375,623.6423950195312,371.5486755371094,515.7950439453125,447.1474609375,623.6423950195312,0.8375869989395142
game8/Clip6,52,78,player_top,829.5388793945312,238.73863220214844,808.8590698242188,161.1383819580078,850.2186889648438,238.73863220214844,0.7916397452354431
game8/Clip6,53,79,player_bottom,391.5750427246094,628.8713989257812,350.5292663574219,518.0463256835938,432.6208190917969,628.8713989257812,0.8876000642776489
game8/Clip6,53,78,player_top,826.0145263671875,239.08203125,806.0321044921875,163.52761840820312,845.9970092773438,239.08203125,0.807269275188446
game8/Clip6,54,79,player_bottom,380.9144592285156,631.0172729492188,338.50006103515625,520.398681640625,423.328857421875,631.0172729492188,0.8563210368156433
game8/Clip6,54,78,player_top,819.4189453125,239.4408416748047,799.0569458007812,164.75848388671875,839.7809448242188,239.4408416748047,0.832829475402832
game8/Clip6,55,79,player_bottom,369.4582214355469,631.5718383789062,326.9630432128906,521.5208740234375,411.9533996582031,631.5718383789062,0.8773334622383118
game8/Clip6,55,78,player_top,814.0628051757812,240.05136108398438,792.7018432617188,165.2479705810547,835.4237670898438,240.05136108398438,0.8398255705833435
game8/Clip6,56,79,player_bottom,349.9736328125,631.906005859375,308.9289855957031,521.4728393554688,391.01824951171875,631.906005859375,0.5902538299560547
game8/Clip6,56,78,player_top,809.381103515625,240.77130126953125,786.2621459960938,163.6962890625,832.5000610351562,240.77130126953125,0.8220261335372925
game8/Clip6,57,79,player_bottom,339.0270690917969,632.060791015625,298.90875244140625,520.4957275390625,379.1453857421875,632.060791015625,0.8707140684127808
game8/Clip6,57,78,player_top,805.5315551757812,241.20208740234375,781.6015014648438,164.1495361328125,829.4616088867188,241.20208740234375,0.8348817825317383
game8/Clip6,58,79,player_bottom,328.5237121582031,631.6461791992188,288.7298278808594,516.2882080078125,368.3175964355469,631.6461791992188,0.8734562397003174
game8/Clip6,58,78,player_top,801.1699829101562,241.2740478515625,776.8267211914062,163.99696350097656,825.5132446289062,241.2740478515625,0.8207415342330933
game8/Clip6,59,79,player_bottom,320.496337890625,631.8491821289062,281.36114501953125,514.2525024414062,359.6315612792969,631.8491821289062,0.8576285243034363
game8/Clip6,59,78,player_top,796.2738037109375,241.2244110107422,771.8529663085938,162.7487335205078,820.6946411132812,241.2244110107422,0.8574857115745544
game8/Clip6,60,79,player_bottom,306.88287353515625,630.8245849609375,267.3399353027344,512.0179443359375,346.42584228515625,630.8245849609375,0.8835528492927551
game8/Clip6,60,78,player_top,788.8067626953125,241.2262725830078,765.2223510742188,162.18031311035156,812.3911743164062,241.2262725830078,0.8072375655174255
game8/Clip6,61,79,player_bottom,295.9134826660156,630.370361328125,254.98008728027344,509.0270080566406,336.84686279296875,630.370361328125,0.8977875113487244
game8/Clip6,61,78,player_top,783.1917114257812,241.79388427734375,760.3234252929688,161.61331176757812,806.0599975585938,241.79388427734375,0.7957120537757874
game8/Clip6,62,79,player_bottom,286.821533203125,629.881103515625,244.72344970703125,507.5278015136719,328.9195861816406,629.881103515625,0.9103971719741821
game8/Clip6,62,78,player_top,778.7042236328125,242.75198364257812,756.3804931640625,160.68247985839844,801.0280151367188,242.75198364257812,0.7780831456184387
game8/Clip6,63,79,player_bottom,280.8887939453125,629.5968627929688,237.91868591308594,506.7138366699219,323.8589172363281,629.5968627929688,0.9169396758079529
game8/Clip6,63,78,player_top,774.0384521484375,242.54563903808594,752.7603149414062,160.8533477783203,795.3165283203125,242.54563903808594,0.7637379765510559
game8/Clip6,64,79,player_bottom,276.9393310546875,629.6946411132812,233.356689453125,505.81292724609375,320.5220031738281,629.6946411132812,0.9144906401634216
game8/Clip6,64,78,player_top,769.3474731445312,242.5218048095703,748.84521484375,160.91015625,789.8497314453125,242.5218048095703,0.7646122574806213
game8/Clip6,65,79,player_bottom,272.291259765625,629.6477661132812,228.17013549804688,503.26043701171875,316.4123840332031,629.6477661132812,0.9064717888832092
game8/Clip6,65,78,player_top,764.0464477539062,242.5418701171875,743.9652709960938,160.4648895263672,784.1276245117188,242.5418701171875,0.7888914942741394
game8/Clip6,66,79,player_bottom,267.58929443359375,629.2979736328125,223.4009552001953,500.1058044433594,311.77764892578125,629.2979736328125,0.8995909094810486
game8/Clip6,66,78,player_top,758.3944702148438,245.57220458984375,737.8677368164062,160.15896606445312,778.9212036132812,245.57220458984375,0.8150052428245544
game8/Clip6,67,79,player_bottom,262.1078186035156,629.11865234375,218.31533813476562,496.8037109375,305.9002990722656,629.11865234375,0.8888317942619324
game8/Clip6,67,78,player_top,754.001220703125,246.9392547607422,733.799072265625,160.7082061767578,774.2033081054688,246.9392547607422,0.8284538388252258
game8/Clip6,68,79,player_bottom,256.3705749511719,629.0189819335938,213.38197326660156,492.9957580566406,299.3591613769531,629.0189819335938,0.8467257618904114
game8/Clip6,68,78,player_top,750.7542724609375,247.70787048339844,731.0558471679688,161.31570434570312,770.4526977539062,247.70787048339844,0.8153684735298157
game8/Clip6,69,79,player_bottom,252.56747436523438,629.1058349609375,210.66624450683594,489.5920104980469,294.4687194824219,629.1058349609375,0.836357593536377
game8/Clip6,69,78,player_top,747.3524169921875,248.11553955078125,728.041259765625,161.35227966308594,766.6635131835938,248.11553955078125,0.8074368834495544
game8/Clip6,70,79,player_bottom,249.41796875,628.3743286132812,209.14991760253906,487.1986999511719,289.68603515625,628.3743286132812,0.834844172000885
game8/Clip6,70,78,player_top,743.5150756835938,248.7961883544922,724.3496704101562,160.6383819580078,762.6804809570312,248.7961883544922,0.8344031572341919
game8/Clip6,71,79,player_bottom,244.8931884765625,627.9898681640625,205.9746856689453,485.3666687011719,283.8116760253906,627.9898681640625,0.8293206095695496
game8/Clip6,71,78,player_top,740.133544921875,248.8422393798828,721.1698608398438,160.0326690673828,759.09716796875,248.8422393798828,0.8490452766418457
game8/Clip6,72,79,player_bottom,239.79197692871094,627.6615600585938,202.49417114257812,485.81524658203125,277.08978271484375,627.6615600585938,0.821025013923645
game8/Clip6,72,78,player_top,735.76904296875,248.87628173828125,716.90380859375,159.56752014160156,754.6342163085938,248.87628173828125,0.8639746308326721
game8/Clip6,73,79,player_bottom,233.3017578125,628.068359375,197.3591766357422,488.03216552734375,269.2443542480469,628.068359375,0.8717054128646851
game8/Clip6,73,78,player_top,731.6178588867188,248.81332397460938,712.5648803710938,159.02908325195312,750.6708374023438,248.81332397460938,0.8775057792663574
game8/Clip6,74,79,player_bottom,226.1262664794922,628.9876098632812,190.9609375,490.2713317871094,261.2915954589844,628.9876098632812,0.8953964710235596
game8/Clip6,74,78,player_top,728.0186767578125,248.92283630371094,708.649169921875,159.04701232910156,747.38818359375,248.92283630371094,0.8633233308792114
game8/Clip6,75,79,player_bottom,219.5726318359375,629.2337036132812,185.2224578857422,493.4546813964844,253.92279052734375,629.2337036132812,0.8990288376808167
game8/Clip6,75,78,player_top,726.334716796875,248.94190979003906,706.5921630859375,158.47996520996094,746.0772705078125,248.94190979003906,0.8658260107040405
game8/Clip6,76,79,player_bottom,212.75344848632812,629.4083251953125,178.7114715576172,496.11468505859375,246.79541015625,629.4083251953125,0.9023631811141968
game8/Clip6,76,78,player_top,724.8292846679688,248.892578125,705.0797729492188,159.09254455566406,744.5787963867188,248.892578125,0.8518194556236267
game8/Clip6,77,79,player_bottom,208.81411743164062,629.2433471679688,174.69566345214844,497.5797424316406,242.93258666992188,629.2433471679688,0.902559757232666
game8/Clip6,77,78,player_top,723.42578125,249.00791931152344,703.6566162109375,159.19041442871094,743.1948852539062,249.00791931152344,0.8535615801811218
game8/Clip6,78,79,player_bottom,206.83377075195312,629.2025146484375,172.28140258789062,497.85736083984375,241.38612365722656,629.2025146484375,0.9087313413619995
game8/Clip6,78,78,player_top,721.9271850585938,248.75953674316406,702.390380859375,159.23849487304688,741.4639892578125,248.75953674316406,0.8355117440223694
game8/Clip6,79,79,player_bottom,206.0800323486328,629.5050659179688,171.00906372070312,497.7997131347656,241.1510009765625,629.5050659179688,0.9021124839782715
game8/Clip6,79,78,player_top,719.6131591796875,248.5953369140625,700.3982543945312,158.50869750976562,738.8280029296875,248.5953369140625,0.7941626310348511
game8/Clip6,80,79,player_bottom,206.03854370117188,629.666748046875,170.34439086914062,497.150634765625,241.7327117919922,629.666748046875,0.9075027704238892
game8/Clip6,80,78,player_top,716.6295166015625,248.58013916015625,697.8101196289062,157.5579376220703,735.4489135742188,248.58013916015625,0.7981548309326172
game8/Clip6,81,79,player_bottom,204.06146240234375,629.6419677734375,168.34066772460938,497.26104736328125,239.78225708007812,629.6419677734375,0.8929065465927124
game8/Clip6,81,78,player_top,713.9817504882812,248.0857391357422,695.8403930664062,157.4310760498047,732.1231079101562,248.0857391357422,0.7468680739402771
game8/Clip6,82,79,player_bottom,202.92388916015625,629.6768188476562,167.12054443359375,496.7712097167969,238.7272186279297,629.6768188476562,0.8943222761154175
game8/Clip6,82,78,player_top,711.4493408203125,248.1866455078125,693.7450561523438,157.0994873046875,729.1536865234375,248.1866455078125,0.7913788557052612
game8/Clip6,83,79,player_bottom,199.94859313964844,629.6324462890625,164.50697326660156,496.6672668457031,235.3902130126953,629.6324462890625,0.8705514669418335
game8/Clip6,83,78,player_top,709.3449096679688,248.06076049804688,692.1257934570312,157.3534393310547,726.5640258789062,248.06076049804688,0.7787186503410339
game8/Clip6,84,79,player_bottom,196.40359497070312,629.8216552734375,161.6173858642578,496.8238830566406,231.18978881835938,629.8216552734375,0.8609124422073364
game8/Clip6,84,78,player_top,705.6627807617188,247.9353485107422,688.5157470703125,157.0329132080078,722.809814453125,247.9353485107422,0.8305088877677917
game8/Clip6,85,79,player_bottom,192.37142944335938,630.093994140625,158.5040283203125,496.7442321777344,226.2388458251953,630.093994140625,0.8509411215782166
game8/Clip6,85,78,player_top,702.74169921875,247.8813018798828,685.5233154296875,156.73162841796875,719.9600219726562,247.8813018798828,0.8169838786125183
game8/Clip6,86,79,player_bottom,192.37142944335938,630.093994140625,158.5040283203125,496.7442321777344,226.2388458251953,630.093994140625,0.8509411215782166
game8/Clip6,86,78,player_top,700.4225463867188,247.57913208007812,683.0786743164062,156.85995483398438,717.7664184570312,247.57913208007812,0.8375772833824158
game8/Clip6,87,79,player_bottom,192.37142944335938,630.093994140625,158.5040283203125,496.7442321777344,226.2388458251953,630.093994140625,0.8509411215782166
game8/Clip6,87,78,player_top,699.6011962890625,247.63133239746094,682.0660400390625,156.8990478515625,717.1363525390625,247.63133239746094,0.8414967060089111
game8/Clip6,88,79,player_bottom,192.37142944335938,630.093994140625,158.5040283203125,496.7442321777344,226.2388458251953,630.093994140625,0.8509411215782166
game8/Clip6,88,78,player_top,698.27734375,247.80368041992188,680.4392700195312,157.2054443359375,716.1153564453125,247.80368041992188,0.8704056739807129
game8/Clip6,89,79,player_bottom,192.37142944335938,630.093994140625,158.5040283203125,496.7442321777344,226.2388458251953,630.093994140625,0.8509411215782166
game8/Clip6,89,78,player_top,697.5857543945312,248.04759216308594,679.3909301757812,157.21128845214844,715.7805786132812,248.04759216308594,0.8885616064071655
game8/Clip6,90,79,player_bottom,192.37142944335938,630.093994140625,158.5040283203125,496.7442321777344,226.2388458251953,630.093994140625,0.8509411215782166
game8/Clip6,90,78,player_top,696.6099853515625,247.93276977539062,678.3330078125,157.45904541015625,714.886962890625,247.93276977539062,0.8841441869735718
game8/Clip6,91,79,player_bottom,192.37142944335938,630.093994140625,158.5040283203125,496.7442321777344,226.2388458251953,630.093994140625,0.8509411215782166
game8/Clip6,91,78,player_top,695.38671875,247.4965362548828,677.1962280273438,157.46141052246094,713.5771484375,247.4965362548828,0.8703028559684753
game8/Clip6,92,79,player_bottom,192.37142944335938,630.093994140625,158.5040283203125,496.7442321777344,226.2388458251953,630.093994140625,0.8509411215782166
game8/Clip6,92,78,player_top,693.4700927734375,247.6065673828125,675.2979125976562,156.71173095703125,711.6422119140625,247.6065673828125,0.8547863364219666
game8/Clip6,93,79,player_bottom,192.37142944335938,630.093994140625,158.5040283203125,496.7442321777344,226.2388458251953,630.093994140625,0.8509411215782166
game8/Clip6,93,78,player_top,691.4642333984375,247.52511596679688,673.5149536132812,156.1718292236328,709.41357421875,247.52511596679688,0.8398160934448242
game8/Clip6,94,79,player_bottom,192.37142944335938,630.093994140625,158.5040283203125,496.7442321777344,226.2388458251953,630.093994140625,0.8509411215782166
game8/Clip6,94,78,player_top,689.76220703125,247.36927795410156,672.1348266601562,155.9478302001953,707.3896484375,247.36927795410156,0.8175028562545776
game8/Clip6,95,79,player_bottom,192.37142944335938,630.093994140625,158.5040283203125,496.7442321777344,226.2388458251953,630.093994140625,0.8509411215782166
game8/Clip6,95,78,player_top,687.9207763671875,247.1094512939453,670.5517578125,155.410888671875,705.289794921875,247.1094512939453,0.8159161806106567
game8/Clip6,96,79,player_bottom,192.37142944335938,630.093994140625,158.5040283203125,496.7442321777344,226.2388458251953,630.093994140625,0.8509411215782166
game8/Clip6,96,78,player_top,686.6328125,246.91110229492188,669.5323486328125,155.19798278808594,703.7332153320312,246.91110229492188,0.8069078922271729
game8/Clip6,97,79,player_bottom,192.37142944335938,630.093994140625,158.5040283203125,496.7442321777344,226.2388458251953,630.093994140625,0.8509411215782166
game8/Clip6,97,78,player_top,685.3050537109375,246.87841796875,668.5285034179688,155.2259521484375,702.0816040039062,246.87841796875,0.7565070390701294
game8/Clip6,98,79,player_bottom,192.37142944335938,630.093994140625,158.5040283203125,496.7442321777344,226.2388458251953,630.093994140625,0.8509411215782166
game8/Clip6,98,78,player_top,684.263427734375,246.61830139160156,667.8116455078125,155.00221252441406,700.7152099609375,246.61830139160156,0.7858319878578186
game8/Clip6,99,79,player_bottom,192.37142944335938,630.093994140625,158.5040283203125,496.7442321777344,226.2388458251953,630.093994140625,0.8509411215782166
game8/Clip6,99,78,player_top,682.237060546875,246.65036010742188,665.9974975585938,155.02418518066406,698.4766235351562,246.65036010742188,0.8208941221237183
game8/Clip6,100,79,player_bottom,192.37142944335938,630.093994140625,158.5040283203125,496.7442321777344,226.2388458251953,630.093994140625,0.8509411215782166
game8/Clip6,100,78,player_top,680.933349609375,246.518798828125,664.884033203125,155.39093017578125,696.9827270507812,246.518798828125,0.8412657976150513
game8/Clip6,101,79,player_bottom,192.37142944335938,630.093994140625,158.5040283203125,496.7442321777344,226.2388458251953,630.093994140625,0.8509411215782166
game8/Clip6,101,78,player_top,679.2423095703125,246.5613250732422,663.2684936523438,155.59567260742188,695.2161254882812,246.5613250732422,0.828289270401001
game8/Clip6,102,79,player_bottom,192.37142944335938,630.093994140625,158.5040283203125,496.7442321777344,226.2388458251953,630.093994140625,0.8509411215782166
game8/Clip6,102,78,player_top,678.3638916015625,246.7073974609375,662.4386596679688,155.69351196289062,694.2890625,246.7073974609375,0.8196057081222534
game8/Clip6,103,79,player_bottom,192.37142944335938,630.093994140625,158.5040283203125,496.7442321777344,226.2388458251953,630.093994140625,0.8509411215782166
game8/Clip6,103,78,player_top,677.5767822265625,246.281005859375,661.7914428710938,155.66651916503906,693.3621826171875,246.281005859375,0.8199300765991211
game8/Clip6,104,79,player_bottom,192.37142944335938,630.093994140625,158.5040283203125,496.7442321777344,226.2388458251953,630.093994140625,0.8509411215782166
game8/Clip6,104,78,player_top,676.8018798828125,245.8587646484375,661.096435546875,155.02511596679688,692.50732421875,245.8587646484375,0.815498948097229
game8/Clip6,105,79,player_bottom,192.37142944335938,630.093994140625,158.5040283203125,496.7442321777344,226.2388458251953,630.093994140625,0.8509411215782166
game8/Clip6,105,78,player_top,675.8226318359375,244.80030822753906,660.3741455078125,154.71177673339844,691.2710571289062,244.80030822753906,0.8060190677642822
game8/Clip6,106,79,player_bottom,192.37142944335938,630.093994140625,158.5040283203125,496.7442321777344,226.2388458251953,630.093994140625,0.8509411215782166
game8/Clip6,106,78,player_top,674.5023193359375,243.73046875,659.3333129882812,154.21644592285156,689.6713256835938,243.73046875,0.812126874923706
game8/Clip6,107,79,player_bottom,192.37142944335938,630.093994140625,158.5040283203125,496.7442321777344,226.2388458251953,630.093994140625,0.8509411215782166
game8/Clip6,107,78,player_top,673.1646728515625,241.74612426757812,658.3203125,153.58921813964844,688.0090942382812,241.74612426757812,0.8128592371940613
game8/Clip6,108,79,player_bottom,192.37142944335938,630.093994140625,158.5040283203125,496.7442321777344,226.2388458251953,630.093994140625,0.8509411215782166
game8/Clip6,108,78,player_top,671.89697265625,241.0018768310547,657.1710205078125,153.0678253173828,686.6229248046875,241.0018768310547,0.8203932642936707
game8/Clip6,109,79,player_bottom,192.37142944335938,630.093994140625,158.5040283203125,496.7442321777344,226.2388458251953,630.093994140625,0.8509411215782166
game8/Clip6,109,78,player_top,670.5924072265625,240.93614196777344,655.8746337890625,152.4947052001953,685.3101196289062,240.93614196777344,0.8134934902191162
game8/Clip6,110,79,player_bottom,192.37142944335938,630.093994140625,158.5040283203125,496.7442321777344,226.2388458251953,630.093994140625,0.8509411215782166
game8/Clip6,110,78,player_top,669.6200561523438,240.8344268798828,654.9586791992188,152.14569091796875,684.2814331054688,240.8344268798828,0.8316017389297485
game8/Clip6,111,79,player_bottom,192.37142944335938,630.093994140625,158.5040283203125,496.7442321777344,226.2388458251953,630.093994140625,0.8509411215782166
game8/Clip6,111,78,player_top,668.6846923828125,240.67926025390625,654.0662841796875,151.7875518798828,683.3031005859375,240.67926025390625,0.8419801592826843
game8/Clip6,112,79,player_bottom,192.37142944335938,630.093994140625,158.5040283203125,496.7442321777344,226.2388458251953,630.093994140625,0.8509411215782166
game8/Clip6,112,78,player_top,667.4917602539062,240.24301147460938,652.9085083007812,151.4215545654297,682.0750122070312,240.24301147460938,0.8199869990348816
game8/Clip6,113,79,player_bottom,192.37142944335938,630.093994140625,158.5040283203125,496.7442321777344,226.2388458251953,630.093994140625,0.8509411215782166
game8/Clip6,113,78,player_top,665.700439453125,239.80833435058594,651.0681762695312,151.13478088378906,680.3327026367188,239.80833435058594,0.8151089549064636
game8/Clip6,114,79,player_bottom,192.37142944335938,630.093994140625,158.5040283203125,496.7442321777344,226.2388458251953,630.093994140625,0.8509411215782166
game8/Clip6,114,78,player_top,664.2560424804688,239.41188049316406,649.5653076171875,151.09547424316406,678.94677734375,239.41188049316406,0.8200684189796448
game8/Clip6,115,79,player_bottom,192.37142944335938,630.093994140625,158.5040283203125,496.7442321777344,226.2388458251953,630.093994140625,0.8509411215782166
game8/Clip6,115,78,player_top,663.1688232421875,239.46371459960938,648.3815307617188,151.1685333251953,677.9560546875,239.46371459960938,0.805860698223114
game8/Clip6,116,79,player_bottom,192.37142944335938,630.093994140625,158.5040283203125,496.7442321777344,226.2388458251953,630.093994140625,0.8509411215782166
game8/Clip6,116,78,player_top,662.5631103515625,239.0595245361328,647.7175903320312,150.74789428710938,677.4086303710938,239.0595245361328,0.7982531785964966
game8/Clip6,117,79,player_bottom,192.37142944335938,630.093994140625,158.5040283203125,496.7442321777344,226.2388458251953,630.093994140625,0.8509411215782166
game8/Clip6,117,78,player_top,661.756103515625,239.24363708496094,646.7904052734375,150.63075256347656,676.7218627929688,239.24363708496094,0.7892698645591736
game8/Clip6,118,79,player_bottom,192.37142944335938,630.093994140625,158.5040283203125,496.7442321777344,226.2388458251953,630.093994140625,0.8509411215782166
game8/Clip6,118,78,player_top,661.5518798828125,239.18026733398438,646.581298828125,150.23681640625,676.5223999023438,239.18026733398438,0.7926392555236816
game8/Clip6,119,79,player_bottom,192.37142944335938,630.093994140625,158.5040283203125,496.7442321777344,226.2388458251953,630.093994140625,0.8509411215782166
game8/Clip6,119,78,player_top,661.044189453125,238.92791748046875,646.00341796875,148.802490234375,676.0850219726562,238.92791748046875,0.8066715598106384
game8/Clip6,120,79,player_bottom,192.37142944335938,630.093994140625,158.5040283203125,496.7442321777344,226.2388458251953,630.093994140625,0.8509411215782166
game8/Clip6,120,78,player_top,660.4842529296875,238.28787231445312,645.5552978515625,147.9126739501953,675.4132080078125,238.28787231445312,0.8140854239463806
game8/Clip6,121,79,player_bottom,192.37142944335938,630.093994140625,158.5040283203125,496.7442321777344,226.2388458251953,630.093994140625,0.8509411215782166
game8/Clip6,121,78,player_top,659.858642578125,236.86167907714844,645.1571044921875,147.16883850097656,674.5602416992188,236.86167907714844,0.819317638874054
game8/Clip6,122,79,player_bottom,192.37142944335938,630.093994140625,158.5040283203125,496.7442321777344,226.2388458251953,630.093994140625,0.8509411215782166
game8/Clip6,122,78,player_top,659.210693359375,235.68309020996094,644.7516479492188,146.84339904785156,673.6697387695312,235.68309020996094,0.8112682700157166
game8/Clip6,123,79,player_bottom,192.37142944335938,630.093994140625,158.5040283203125,496.7442321777344,226.2388458251953,630.093994140625,0.8509411215782166
game8/Clip6,123,78,player_top,658.4517822265625,234.8763427734375,644.0521240234375,146.0338134765625,672.8515014648438,234.8763427734375,0.8198871612548828
game8/Clip6,124,79,player_bottom,192.37142944335938,630.093994140625,158.5040283203125,496.7442321777344,226.2388458251953,630.093994140625,0.8509411215782166
game8/Clip6,124,78,player_top,658.0140380859375,234.39039611816406,643.5892333984375,144.9729766845703,672.4389038085938,234.39039611816406,0.8198851346969604
game8/Clip6,125,79,player_bottom,192.37142944335938,630.093994140625,158.5040283203125,496.7442321777344,226.2388458251953,630.093994140625,0.8509411215782166
game8/Clip6,125,78,player_top,657.7034912109375,233.85813903808594,643.340576171875,144.57418823242188,672.0663452148438,233.85813903808594,0.8203485012054443
game8/Clip6,126,79,player_bottom,192.37142944335938,630.093994140625,158.5040283203125,496.7442321777344,226.2388458251953,630.093994140625,0.8509411215782166
game8/Clip6,126,78,player_top,657.3458251953125,233.8566436767578,642.9846801757812,144.19432067871094,671.70703125,233.8566436767578,0.8152874708175659
game8/Clip6,127,79,player_bottom,192.37142944335938,630.093994140625,158.5040283203125,496.7442321777344,226.2388458251953,630.093994140625,0.8509411215782166
game8/Clip6,127,78,player_top,656.961181640625,233.48062133789062,642.6843872070312,144.03109741210938,671.2379150390625,233.48062133789062,0.8170101046562195
game8/Clip6,128,79,player_bottom,192.37142944335938,630.093994140625,158.5040283203125,496.7442321777344,226.2388458251953,630.093994140625,0.8509411215782166
game8/Clip6,128,78,player_top,656.574462890625,233.0911102294922,642.3677978515625,143.8064727783203,670.7811279296875,233.0911102294922,0.8140391111373901
game8/Clip6,129,79,player_bottom,192.37142944335938,630.093994140625,158.5040283203125,496.7442321777344,226.2388458251953,630.093994140625,0.8509411215782166
game8/Clip6,129,78,player_top,656.3751220703125,232.90545654296875,642.1934204101562,143.6870880126953,670.556884765625,232.90545654296875,0.8152565360069275
game8/Clip6,130,79,player_bottom,192.37142944335938,630.093994140625,158.5040283203125,496.7442321777344,226.2388458251953,630.093994140625,0.8509411215782166
game8/Clip6,130,78,player_top,656.3399658203125,232.4862060546875,642.2158813476562,143.6757354736328,670.4639892578125,232.4862060546875,0.8221537470817566
game8/Clip7,0,93,player_bottom,559.9805908203125,608.5628051757812,532.2464599609375,484.1443176269531,587.7147827148438,608.5628051757812,0.7830321192741394
game8/Clip7,0,92,player_top,800.6197509765625,229.33590698242188,775.28369140625,160.21913146972656,825.9557495117188,229.33590698242188,0.8760804533958435
game8/Clip7,1,93,player_bottom,559.9805908203125,608.5628051757812,532.2464599609375,484.1443176269531,587.7147827148438,608.5628051757812,0.7830321192741394
game8/Clip7,1,92,player_top,800.6197509765625,229.33590698242188,775.28369140625,160.21913146972656,825.9557495117188,229.33590698242188,0.8760804533958435
game8/Clip7,2,93,player_bottom,558.6175537109375,608.4925537109375,531.4699096679688,487.3876953125,585.7652587890625,608.4925537109375,0.7127934694290161
game8/Clip7,2,92,player_top,800.5784912109375,229.3002166748047,775.3140869140625,160.3927001953125,825.8428344726562,229.3002166748047,0.8713454008102417
game8/Clip7,3,93,player_bottom,561.3375244140625,608.8529052734375,533.9359130859375,486.9816589355469,588.7391357421875,608.8529052734375,0.7841694355010986
game8/Clip7,3,92,player_top,800.5826416015625,229.32325744628906,775.2647705078125,160.28250122070312,825.9004516601562,229.32325744628906,0.8741950392723083
game8/Clip7,4,93,player_bottom,562.5825805664062,608.7607421875,534.294189453125,482.8365478515625,590.8709716796875,608.7607421875,0.8777658343315125
game8/Clip7,4,92,player_top,800.5733642578125,229.31369018554688,775.297119140625,160.4125518798828,825.849609375,229.31369018554688,0.8752926588058472
game8/Clip7,5,93,player_bottom,563.8474731445312,603.8868408203125,535.5960693359375,477.84588623046875,592.098876953125,603.8868408203125,0.8791294097900391
game8/Clip7,5,92,player_top,800.61376953125,229.35861206054688,775.1303100585938,159.87445068359375,826.0972900390625,229.35861206054688,0.8735021352767944
game8/Clip7,6,93,player_bottom,565.4078369140625,600.5767822265625,535.312744140625,465.2333984375,595.5028686523438,600.5767822265625,0.8125713467597961
game8/Clip7,6,92,player_top,800.6354370117188,229.46311950683594,774.9172973632812,159.28509521484375,826.3535766601562,229.46311950683594,0.8698097467422485
game8/Clip7,7,93,player_bottom,569.3875732421875,597.0205078125,538.3280639648438,456.2152099609375,600.4470825195312,597.0205078125,0.8674726486206055
game8/Clip7,7,92,player_top,800.5322875976562,229.44686889648438,774.185302734375,157.36636352539062,826.8792724609375,229.44686889648438,0.8685701489448547
game8/Clip7,8,93,player_bottom,573.990966796875,596.7364501953125,541.7029418945312,448.712158203125,606.2789916992188,596.7364501953125,0.8742818832397461
game8/Clip7,8,92,player_top,800.2611694335938,229.49649047851562,773.5711059570312,156.21116638183594,826.9512329101562,229.49649047851562,0.8627820611000061
game8/Clip7,9,93,player_bottom,576.2200927734375,596.0769653320312,544.732666015625,449.9266357421875,607.7074584960938,596.0769653320312,0.8217669725418091
game8/Clip7,9,92,player_top,799.8255615234375,229.4739227294922,772.7296752929688,154.81768798828125,826.9215087890625,229.4739227294922,0.85884028673172
game8/Clip7,10,93,player_bottom,577.4228515625,595.6734619140625,548.886962890625,462.5148620605469,605.9586791992188,595.6734619140625,0.8673703074455261
game8/Clip7,10,92,player_top,797.4791259765625,229.3201446533203,770.2398681640625,154.4250030517578,824.7183837890625,229.3201446533203,0.8526288866996765
game8/Clip7,11,93,player_bottom,576.4464111328125,593.4246826171875,550.228271484375,470.13653564453125,602.6644897460938,593.4246826171875,0.8665643334388733
game8/Clip7,11,92,player_top,794.5428466796875,229.0774688720703,767.3726196289062,154.77529907226562,821.7130126953125,229.0774688720703,0.8570235967636108
game8/Clip7,12,93,player_bottom,574.7078857421875,593.151611328125,550.18115234375,476.7117614746094,599.234619140625,593.151611328125,0.8770041465759277
game8/Clip7,12,92,player_top,792.553466796875,230.0282440185547,765.3251342773438,156.28213500976562,819.78173828125,230.0282440185547,0.8465183973312378
game8/Clip7,13,93,player_bottom,573.8687744140625,593.181884765625,550.458251953125,481.58013916015625,597.2793579101562,593.181884765625,0.8658560514450073
game8/Clip7,13,92,player_top,791.4563598632812,230.2831573486328,764.4442749023438,158.00611877441406,818.4684448242188,230.2831573486328,0.8383226990699768
game8/Clip7,14,93,player_bottom,573.5913696289062,593.20068359375,551.069580078125,486.1037292480469,596.1131591796875,593.20068359375,0.8575083613395691
game8/Clip7,14,92,player_top,791.2371826171875,230.58822631835938,763.953125,158.4352264404297,818.521240234375,230.58822631835938,0.8692482113838196
game8/Clip7,15,93,player_bottom,571.5494995117188,593.1239013671875,549.239013671875,488.66632080078125,593.8599853515625,593.1239013671875,0.8200084567070007
game8/Clip7,15,92,player_top,791.2503662109375,230.6512451171875,764.6226196289062,161.33364868164062,817.8781127929688,230.6512451171875,0.8527000546455383
game8/Clip7,16,93,player_bottom,570.880859375,593.238037109375,548.3765258789062,489.50408935546875,593.3851928710938,593.238037109375,0.8251172304153442
game8/Clip7,16,92,player_top,790.2081909179688,230.7657012939453,763.2396850585938,161.8976287841797,817.1766967773438,230.7657012939453,0.8528046011924744
game8/Clip7,17,93,player_bottom,570.703125,593.4275512695312,547.8008422851562,489.0306701660156,593.6054077148438,593.4275512695312,0.8085049390792847
game8/Clip7,17,92,player_top,789.0338134765625,230.86575317382812,761.6907348632812,162.57742309570312,816.3768920898438,230.86575317382812,0.8782661557197571
game8/Clip7,18,93,player_bottom,570.9677734375,593.5841674804688,547.3335571289062,486.7765808105469,594.6019287109375,593.5841674804688,0.8168593645095825
game8/Clip7,18,92,player_top,784.5698852539062,230.8358917236328,756.1771850585938,162.26092529296875,812.9625854492188,230.8358917236328,0.8193289041519165
game8/Clip7,19,93,player_bottom,571.6607666015625,593.6239624023438,547.357421875,484.50628662109375,595.9640502929688,593.6239624023438,0.8454218506813049
game8/Clip7,19,92,player_top,780.0584716796875,230.232421875,749.95361328125,160.01075744628906,810.163330078125,230.232421875,0.8498647809028625
game8/Clip7,20,93,player_bottom,572.7552490234375,593.15185546875,548.139404296875,483.0346984863281,597.3710327148438,593.15185546875,0.8474324345588684
game8/Clip7,20,92,player_top,776.2561645507812,229.83290100097656,745.3792114257812,159.78016662597656,807.1331176757812,229.83290100097656,0.8803537487983704
game8/Clip7,21,93,player_bottom,575.4816284179688,593.448974609375,550.7162475585938,482.113525390625,600.2470092773438,593.448974609375,0.8421182632446289
game8/Clip7,21,92,player_top,772.599365234375,229.25962829589844,740.83642578125,157.94912719726562,804.3623046875,229.25962829589844,0.878335177898407
game8/Clip7,22,93,player_bottom,579.7623901367188,594.9068603515625,554.6535034179688,481.74627685546875,604.8712768554688,594.9068603515625,0.8322073817253113
game8/Clip7,22,92,player_top,769.4664916992188,229.13478088378906,737.350830078125,156.94686889648438,801.5821533203125,229.13478088378906,0.8680900931358337
game8/Clip7,23,93,player_bottom,583.2859497070312,596.2936401367188,557.907470703125,481.8312683105469,608.6644287109375,596.2936401367188,0.8558410406112671
game8/Clip7,23,92,player_top,766.4088134765625,228.36691284179688,735.791015625,158.98196411132812,797.026611328125,228.36691284179688,0.8107295632362366
game8/Clip7,24,93,player_bottom,584.7716064453125,597.8038330078125,559.0076293945312,482.5009765625,610.5355224609375,597.8038330078125,0.8586980104446411
game8/Clip7,24,92,player_top,759.6456298828125,229.84982299804688,727.6942749023438,155.9743194580078,791.5970458984375,229.84982299804688,0.8056625127792358
game8/Clip7,25,93,player_bottom,586.003662109375,600.3760986328125,559.8269653320312,483.6152648925781,612.180419921875,600.3760986328125,0.8763198852539062
game8/Clip7,25,92,player_top,754.1632080078125,231.16603088378906,721.94921875,154.48226928710938,786.3772583007812,231.16603088378906,0.7967316508293152
game8/Clip7,26,93,player_bottom,586.9342041015625,601.4143676757812,560.5313110351562,483.546142578125,613.337158203125,601.4143676757812,0.8910415172576904
game8/Clip7,26,92,player_top,748.3031005859375,230.87074279785156,716.3218994140625,152.12155151367188,780.2842407226562,230.87074279785156,0.7998607754707336
game8/Clip7,27,93,player_bottom,589.037109375,602.15283203125,562.635009765625,483.3473205566406,615.4392700195312,602.15283203125,0.8736799955368042
game8/Clip7,27,92,player_top,741.9320068359375,229.7828826904297,710.6477661132812,150.9761199951172,773.2162475585938,229.7828826904297,0.7976012229919434
game8/Clip7,28,93,player_bottom,589.91943359375,602.4030151367188,563.5037231445312,482.7137145996094,616.335205078125,602.4030151367188,0.874820351600647
game8/Clip7,28,92,player_top,736.20458984375,229.017822265625,705.3885498046875,150.57412719726562,767.0206298828125,229.017822265625,0.7448120713233948
game8/Clip7,29,93,player_bottom,590.8202514648438,602.572265625,564.41357421875,482.3175048828125,617.2269287109375,602.572265625,0.878481388092041
game8/Clip7,29,92,player_top,732.651611328125,227.02114868164062,702.7869873046875,151.10614013671875,762.5162353515625,227.02114868164062,0.7555546760559082
game8/Clip7,30,93,player_bottom,591.1155395507812,603.009033203125,564.6932983398438,482.22021484375,617.5377807617188,603.009033203125,0.886665940284729
game8/Clip7,30,92,player_top,729.646484375,229.0447998046875,699.587890625,152.7584686279297,759.7051391601562,229.0447998046875,0.848895251750946
game8/Clip7,31,93,player_bottom,590.9952392578125,604.71337890625,564.1889038085938,483.0242004394531,617.801513671875,604.71337890625,0.8925179243087769
game8/Clip7,31,92,player_top,724.41015625,232.74269104003906,693.5911865234375,154.01724243164062,755.2291870117188,232.74269104003906,0.5669742226600647
game8/Clip7,32,93,player_bottom,590.978759765625,607.02294921875,563.6337890625,484.7249450683594,618.3237915039062,607.02294921875,0.8998253345489502
game8/Clip7,32,92,player_top,710.99169921875,235.96630859375,680.992919921875,155.7471923828125,740.9904174804688,235.96630859375,0.726909339427948
game8/Clip7,33,93,player_bottom,591.85791015625,610.0009155273438,563.6424560546875,487.8647766113281,620.0734252929688,610.0009155273438,0.9047682881355286
game8/Clip7,33,92,player_top,704.6348266601562,237.3017120361328,675.8995971679688,156.68093872070312,733.3700561523438,237.3017120361328,0.6890323758125305
game8/Clip7,34,93,player_bottom,591.4304809570312,613.873291015625,562.0245361328125,492.7728576660156,620.83642578125,613.873291015625,0.9096537828445435
game8/Clip7,34,92,player_top,700.870361328125,237.56317138671875,673.9934692382812,157.9405975341797,727.747314453125,237.56317138671875,0.7920047640800476
game8/Clip7,35,93,player_bottom,591.9213256835938,617.4431762695312,561.2125244140625,497.2821960449219,622.630126953125,617.4431762695312,0.9087681770324707
game8/Clip7,35,92,player_top,698.069580078125,237.80165100097656,672.5877685546875,158.398681640625,723.5514526367188,237.80165100097656,0.794533371925354
game8/Clip7,36,93,player_bottom,591.5465087890625,623.6158447265625,559.1497802734375,501.81201171875,623.9432983398438,623.6158447265625,0.9201006293296814
game8/Clip7,36,92,player_top,693.47314453125,238.94961547851562,669.9660034179688,162.9958953857422,716.9802856445312,238.94961547851562,0.6956548094749451
game8/Clip7,37,93,player_bottom,591.1593017578125,627.4154663085938,557.4335327148438,504.7348937988281,624.8851318359375,627.4154663085938,0.9006072282791138
game8/Clip7,37,92,player_top,684.8602294921875,238.30105590820312,660.9369506835938,159.9025421142578,708.7835083007812,238.30105590820312,0.825305163860321
game8/Clip7,38,93,player_bottom,591.74853515625,629.2875366210938,556.8543090820312,506.2148742675781,626.6427612304688,629.2875366210938,0.9043483734130859
game8/Clip7,38,92,player_top,678.722900390625,237.8989715576172,654.4599609375,158.40667724609375,702.9859008789062,237.8989715576172,0.8436316251754761
game8/Clip7,39,93,player_bottom,593.857666015625,629.9448852539062,558.1578369140625,506.44091796875,629.5574340820312,629.9448852539062,0.8993743062019348
game8/Clip7,39,92,player_top,675.9927978515625,237.65744018554688,651.6161499023438,157.79588317871094,700.3694458007812,237.65744018554688,0.8580749034881592
game8/Clip7,40,93,player_bottom,601.3480224609375,629.9317016601562,565.2306518554688,506.0344543457031,637.4654541015625,629.9317016601562,0.8987866044044495
game8/Clip7,40,92,player_top,674.6571044921875,236.96697998046875,650.332763671875,156.92926025390625,698.9815063476562,236.96697998046875,0.8640347123146057
game8/Clip7,41,93,player_bottom,614.218017578125,629.7739868164062,578.17919921875,505.61859130859375,650.2568359375,629.7739868164062,0.8132358193397522
game8/Clip7,41,92,player_top,672.5537109375,235.74688720703125,648.7323608398438,156.40513610839844,696.375,235.74688720703125,0.856564462184906
game8/Clip7,42,93,player_bottom,628.2825927734375,629.302490234375,593.0097045898438,505.1733703613281,663.555419921875,629.302490234375,0.8580091595649719
game8/Clip7,42,92,player_top,669.905029296875,233.90013122558594,646.9712524414062,156.07235717773438,692.8388061523438,233.90013122558594,0.8541972041130066
game8/Clip7,43,93,player_bottom,638.3472900390625,626.317138671875,604.257568359375,505.2335205078125,672.4369506835938,626.317138671875,0.8643672466278076
game8/Clip7,43,92,player_top,667.1044921875,232.5947265625,644.882568359375,156.04290771484375,689.3263549804688,232.5947265625,0.8373460173606873
game8/Clip7,44,93,player_bottom,645.281005859375,621.0323486328125,613.0615234375,506.11968994140625,677.5004272460938,621.0323486328125,0.881154477596283
game8/Clip7,44,92,player_top,664.6143188476562,231.46780395507812,642.9999389648438,156.0590362548828,686.2286987304688,231.46780395507812,0.825611412525177
game8/Clip7,45,93,player_bottom,652.1253051757812,621.15185546875,619.9633178710938,506.3255615234375,684.2872924804688,621.15185546875,0.8451998829841614
game8/Clip7,45,92,player_top,660.037109375,230.99830627441406,638.4072875976562,156.12612915039062,681.6669921875,230.99830627441406,0.8177691698074341
game8/Clip7,46,93,player_bottom,655.9615478515625,618.1994018554688,625.25634765625,508.5133972167969,686.666748046875,618.1994018554688,0.8337048292160034
game8/Clip7,46,92,player_top,657.7333374023438,230.96157836914062,636.0061645507812,156.48733520507812,679.4605102539062,230.96157836914062,0.8620761036872864
game8/Clip7,47,93,player_bottom,663.6923828125,622.7598266601562,632.0444946289062,510.6705322265625,695.34033203125,622.7598266601562,0.7561706900596619
game8/Clip7,47,92,player_top,656.818115234375,231.0293426513672,634.8773193359375,156.52587890625,678.7589721679688,231.0293426513672,0.869511067867279
game8/Clip7,48,93,player_bottom,670.101806640625,626.5979614257812,636.0082397460938,506.0419616699219,704.1953125,626.5979614257812,0.7742837071418762
game8/Clip7,48,92,player_top,655.8643798828125,231.16278076171875,633.7423706054688,156.54591369628906,677.9863891601562,231.16278076171875,0.8710436224937439
game8/Clip7,49,93,player_bottom,673.9508666992188,628.802978515625,637.413818359375,497.97393798828125,710.4879150390625,628.802978515625,0.856601893901825
game8/Clip7,49,92,player_top,653.989990234375,231.1077880859375,631.8694458007812,156.2172393798828,676.1105346679688,231.1077880859375,0.8674340844154358
game8/Clip7,50,93,player_bottom,677.3114013671875,629.7542724609375,641.015380859375,498.814208984375,713.6074829101562,629.7542724609375,0.8774036765098572
game8/Clip7,50,92,player_top,651.9052734375,231.09567260742188,630.0093383789062,155.96963500976562,673.8011474609375,231.09567260742188,0.8529470562934875
game8/Clip7,51,93,player_bottom,677.6296997070312,630.060546875,644.4199829101562,510.166259765625,710.8394165039062,630.060546875,0.88295978307724
game8/Clip7,51,92,player_top,650.2425537109375,230.9459991455078,628.5426635742188,155.83920288085938,671.9424438476562,230.9459991455078,0.8513127565383911
game8/Clip7,52,93,player_bottom,678.037109375,630.0537719726562,645.9964599609375,513.872314453125,710.0778198242188,630.0537719726562,0.8930432796478271
game8/Clip7,52,92,player_top,648.4598388671875,230.95486450195312,626.8970947265625,156.24867248535156,670.0225219726562,230.95486450195312,0.8721126317977905
game8/Clip7,53,93,player_bottom,679.8068237304688,630.0311279296875,648.1954345703125,513.8734130859375,711.418212890625,630.0311279296875,0.880499541759491
game8/Clip7,53,92,player_top,647.2640380859375,231.2387237548828,625.4393920898438,155.8529510498047,669.088623046875,231.2387237548828,0.8698788285255432
game8/Clip7,54,93,player_bottom,681.4967041015625,630.1951904296875,649.6815185546875,511.75396728515625,713.3118896484375,630.1951904296875,0.8302100300788879
game8/Clip7,54,92,player_top,646.8757934570312,231.36346435546875,624.9402465820312,155.97845458984375,668.8113403320312,231.36346435546875,0.870786190032959
game8/Clip7,55,93,player_bottom,682.0762939453125,630.3999633789062,650.0641479492188,508.9630126953125,714.08837890625,630.3999633789062,0.8381026387214661
game8/Clip7,55,92,player_top,646.8914794921875,231.3242645263672,624.8441772460938,155.85362243652344,668.938720703125,231.3242645263672,0.8733440637588501
game8/Clip7,56,93,player_bottom,681.62255859375,630.231201171875,649.2737426757812,505.38031005859375,713.9713134765625,630.231201171875,0.8097687363624573
game8/Clip7,56,92,player_top,646.8087158203125,231.13829040527344,624.6990966796875,155.6511993408203,668.9183349609375,231.13829040527344,0.8784691095352173
game8/Clip7,57,93,player_bottom,679.575439453125,630.3133544921875,646.1764526367188,499.4749450683594,712.9744262695312,630.3133544921875,0.8305143117904663
game8/Clip7,57,92,player_top,646.1731567382812,230.8173065185547,624.0330200195312,155.35284423828125,668.3132934570312,230.8173065185547,0.8678563833236694
game8/Clip7,58,93,player_bottom,679.2181396484375,630.2186279296875,644.4185180664062,491.0873107910156,714.017822265625,630.2186279296875,0.8505254983901978
game8/Clip7,58,92,player_top,645.7813720703125,229.57810974121094,623.8812866210938,155.30401611328125,667.6814575195312,229.57810974121094,0.8747434020042419
game8/Clip7,59,93,player_bottom,679.8946533203125,629.4730834960938,646.0952758789062,492.29132080078125,713.6940307617188,629.4730834960938,0.8700101375579834
game8/Clip7,59,92,player_top,645.2091064453125,229.12985229492188,623.39990234375,155.85276794433594,667.0183715820312,229.12985229492188,0.8736873865127563
game8/Clip7,60,93,player_bottom,679.0209350585938,629.2850952148438,645.8614501953125,494.063232421875,712.180419921875,629.2850952148438,0.8757017254829407
game8/Clip7,60,92,player_top,644.456787109375,228.8922576904297,622.4558715820312,156.19570922851562,666.4576416015625,228.8922576904297,0.8786764144897461
game8/Clip7,61,93,player_bottom,679.2017211914062,628.2316284179688,646.4805297851562,495.0977783203125,711.9229125976562,628.2316284179688,0.9093335866928101
game8/Clip7,61,92,player_top,644.221923828125,228.7240753173828,621.9564819335938,156.81141662597656,666.4874267578125,228.7240753173828,0.8746548295021057
game8/Clip7,62,93,player_bottom,679.016357421875,628.037353515625,646.5103149414062,497.6320495605469,711.5223999023438,628.037353515625,0.8980170488357544
game8/Clip7,62,92,player_top,643.6953125,228.7073516845703,620.9512939453125,156.90283203125,666.4393310546875,228.7073516845703,0.8898237943649292
game8/Clip7,63,93,player_bottom,678.9268188476562,630.0736694335938,646.2279052734375,501.25689697265625,711.625732421875,630.0736694335938,0.9049286246299744
game8/Clip7,63,92,player_top,643.708251953125,228.6312255859375,620.615234375,157.14073181152344,666.8012084960938,228.6312255859375,0.8906435966491699
game8/Clip7,64,93,player_bottom,678.489501953125,631.832763671875,645.656005859375,504.880859375,711.3229370117188,631.832763671875,0.9195234179496765
game8/Clip7,64,92,player_top,644.977783203125,228.66355895996094,621.5438842773438,156.76681518554688,668.4116821289062,228.66355895996094,0.8665313124656677
game8/Clip7,65,93,player_bottom,678.3328857421875,637.5731201171875,644.355224609375,507.72491455078125,712.310546875,637.5731201171875,0.9163113832473755
game8/Clip7,65,92,player_top,645.087890625,228.49908447265625,620.948974609375,154.9322967529297,669.226806640625,228.49908447265625,0.8612085580825806
game8/Clip7,66,93,player_bottom,678.4097900390625,641.0517578125,643.7791748046875,509.984619140625,713.0404052734375,641.0517578125,0.9101466536521912
game8/Clip7,66,92,player_top,643.048828125,227.5410614013672,619.0325927734375,155.05462646484375,667.0651245117188,227.5410614013672,0.8598589897155762
game8/Clip7,67,93,player_bottom,678.7984008789062,643.63818359375,643.54541015625,511.0042419433594,714.0513916015625,643.63818359375,0.884188711643219
game8/Clip7,67,92,player_top,630.8815307617188,225.0055389404297,608.1563110351562,154.31832885742188,653.6067504882812,225.0055389404297,0.6626632809638977
game8/Clip7,68,93,player_bottom,678.9796142578125,645.3955688476562,643.1634521484375,511.1990966796875,714.7957153320312,645.3955688476562,0.8890292644500732
game8/Clip7,68,92,player_top,625.939697265625,223.86599731445312,604.68408203125,157.0657196044922,647.1953735351562,223.86599731445312,0.6272401809692383
game8/Clip7,69,93,player_bottom,678.0955810546875,645.962890625,641.935546875,510.4757080078125,714.255615234375,645.962890625,0.8706867694854736
game8/Clip7,69,92,player_top,622.5807495117188,223.4954376220703,602.035888671875,158.5455322265625,643.1256103515625,223.4954376220703,0.6187714338302612
game8/Clip7,70,93,player_bottom,675.7564697265625,646.22265625,639.5520629882812,509.0327453613281,711.9609375,646.22265625,0.8644083142280579
game8/Clip7,70,92,player_top,619.79345703125,224.04537963867188,598.5743408203125,156.89906311035156,641.0126342773438,224.04537963867188,0.6903880834579468
game8/Clip7,71,93,player_bottom,672.89404296875,645.7565307617188,636.8778686523438,506.6153869628906,708.91015625,645.7565307617188,0.8760701417922974
game8/Clip7,71,92,player_top,615.1116333007812,224.23687744140625,592.7578735351562,154.46331787109375,637.4653930664062,224.23687744140625,0.7338471412658691
game8/Clip7,72,93,player_bottom,668.5518798828125,645.2466430664062,633.0447387695312,504.5755615234375,704.05908203125,645.2466430664062,0.8676654696464539
game8/Clip7,72,92,player_top,613.7711181640625,224.132568359375,590.9692993164062,153.02432250976562,636.5728759765625,224.132568359375,0.7818127274513245
game8/Clip7,73,93,player_bottom,664.84033203125,644.4453735351562,630.2280883789062,503.0246276855469,699.4525756835938,644.4453735351562,0.8603832721710205
game8/Clip7,73,92,player_top,608.746826171875,225.62001037597656,585.2244262695312,152.3873748779297,632.269287109375,225.62001037597656,0.821304202079773
game8/Clip7,74,93,player_bottom,660.430908203125,644.3362426757812,626.819091796875,502.6819763183594,694.042724609375,644.3362426757812,0.853621780872345
game8/Clip7,74,92,player_top,602.770263671875,227.58143615722656,578.385986328125,151.8040008544922,627.1546020507812,227.58143615722656,0.7330785989761353
game8/Clip7,75,93,player_bottom,655.34326171875,643.8225708007812,622.7313232421875,503.7999267578125,687.9551391601562,643.8225708007812,0.8703866600990295
game8/Clip7,75,92,player_top,592.4886474609375,228.55328369140625,567.8191528320312,152.94119262695312,617.158203125,228.55328369140625,0.8346161842346191
game8/Clip7,76,93,player_bottom,650.14599609375,644.028564453125,618.0875244140625,505.83660888671875,682.2045288085938,644.028564453125,0.8874125480651855
game8/Clip7,76,92,player_top,586.3048095703125,229.11886596679688,562.0409545898438,154.19357299804688,610.568603515625,229.11886596679688,0.6537445783615112
game8/Clip7,77,93,player_bottom,646.6166381835938,645.1165771484375,614.9631958007812,509.47869873046875,678.2700805664062,645.1165771484375,0.8889484405517578
game8/Clip7,77,92,player_top,578.5081787109375,229.0155792236328,554.152099609375,153.5238494873047,602.8641967773438,229.0155792236328,0.8226925730705261
game8/Clip7,78,93,player_bottom,645.0687255859375,646.784423828125,613.491455078125,512.5331420898438,676.6459350585938,646.784423828125,0.8941989541053772
game8/Clip7,78,92,player_top,573.22021484375,228.39431762695312,549.4609375,154.68817138671875,596.9795532226562,228.39431762695312,0.7520485520362854
game8/Clip7,79,93,player_bottom,644.4747924804688,647.8369140625,612.987548828125,514.8775024414062,675.9620361328125,647.8369140625,0.8995071053504944
game8/Clip7,79,92,player_top,568.692626953125,228.46707153320312,544.8128662109375,154.14810180664062,592.5723876953125,228.46707153320312,0.8399897217750549
game8/Clip7,80,93,player_bottom,644.7969360351562,648.0789794921875,613.1151733398438,515.4293823242188,676.4786987304688,648.0789794921875,0.8969007730484009
game8/Clip7,80,92,player_top,562.503662109375,229.3032684326172,538.5436401367188,156.0215606689453,586.4637451171875,229.3032684326172,0.7401783466339111
game8/Clip7,81,93,player_bottom,645.248046875,647.7586059570312,613.2606811523438,514.77197265625,677.2354736328125,647.7586059570312,0.8994019627571106
game8/Clip7,81,92,player_top,559.1663818359375,230.52218627929688,535.20751953125,157.5877685546875,583.125244140625,230.52218627929688,0.7428548336029053
game8/Clip7,82,93,player_bottom,646.7750244140625,647.3648681640625,614.280517578125,513.7491455078125,679.2695922851562,647.3648681640625,0.9006413817405701
game8/Clip7,82,92,player_top,557.929931640625,231.75384521484375,534.8172607421875,160.59046936035156,581.0426635742188,231.75384521484375,0.8114950656890869
game8/Clip7,83,93,player_bottom,651.635986328125,648.5308837890625,618.4461669921875,512.9170532226562,684.8257446289062,648.5308837890625,0.9017471075057983
game8/Clip7,83,92,player_top,555.5411376953125,234.1654510498047,532.708984375,162.59425354003906,578.3733520507812,234.1654510498047,0.7527945041656494
game8/Clip7,84,93,player_bottom,657.9635009765625,650.0298461914062,624.622802734375,513.6258544921875,691.30419921875,650.0298461914062,0.9026301503181458
game8/Clip7,84,92,player_top,552.915771484375,233.78817749023438,531.620361328125,165.55519104003906,574.2112426757812,233.78817749023438,0.753393292427063
game8/Clip7,85,93,player_bottom,662.1871337890625,652.2144165039062,628.6447143554688,514.8760375976562,695.7294921875,652.2144165039062,0.915622353553772
game8/Clip7,85,92,player_top,547.562255859375,237.73899841308594,526.1669921875,168.3101806640625,568.95751953125,237.73899841308594,0.7911880612373352
game8/Clip7,86,93,player_bottom,664.2237548828125,653.5518188476562,630.6281127929688,516.2938842773438,697.8193969726562,653.5518188476562,0.9065377116203308
game8/Clip7,86,92,player_top,542.34228515625,239.63372802734375,521.4598999023438,171.47840881347656,563.224609375,239.63372802734375,0.7729957103729248
game8/Clip7,87,93,player_bottom,665.03955078125,653.8108520507812,631.4051513671875,516.7896118164062,698.6739501953125,653.8108520507812,0.8950737714767456
game8/Clip7,87,92,player_top,539.092041015625,240.35130310058594,518.6348876953125,173.99647521972656,559.5492553710938,240.35130310058594,0.7462357878684998
game8/Clip7,88,93,player_bottom,665.0731201171875,653.249755859375,631.2086181640625,515.5166015625,698.9376220703125,653.249755859375,0.9018611311912537
game8/Clip7,88,92,player_top,535.680419921875,241.26950073242188,515.6516723632812,178.02589416503906,555.7091674804688,241.26950073242188,0.757901668548584
game8/Clip7,89,93,player_bottom,665.542236328125,651.6070556640625,631.5797119140625,513.2398681640625,699.5046997070312,651.6070556640625,0.9019477367401123
game8/Clip7,89,92,player_top,532.36767578125,242.07479858398438,511.33819580078125,177.41502380371094,553.397216796875,242.07479858398438,0.8459808230400085
game8/Clip7,90,93,player_bottom,666.6393432617188,649.7210693359375,632.50244140625,510.17767333984375,700.7762451171875,649.7210693359375,0.8814247846603394
game8/Clip7,90,92,player_top,529.4164428710938,243.1836395263672,507.5265197753906,177.79466247558594,551.306396484375,243.1836395263672,0.8458954095840454
game8/Clip7,91,93,player_bottom,669.915283203125,645.3720703125,636.4567260742188,507.75347900390625,703.3738403320312,645.3720703125,0.8856968283653259
game8/Clip7,91,92,player_top,527.431884765625,243.53536987304688,505.26947021484375,179.1316375732422,549.5942993164062,243.53536987304688,0.8333866000175476
game8/Clip7,92,93,player_bottom,672.88720703125,643.2434692382812,639.7448120117188,506.821533203125,706.0296020507812,643.2434692382812,0.9000447392463684
game8/Clip7,92,92,player_top,524.125732421875,243.72731018066406,502.00518798828125,181.5308074951172,546.2462768554688,243.72731018066406,0.8632590770721436
game8/Clip7,93,93,player_bottom,675.6258544921875,641.94921875,642.5670776367188,506.8746032714844,708.6846313476562,641.94921875,0.9036418199539185
game8/Clip7,93,92,player_top,522.7947387695312,243.36160278320312,501.0013122558594,183.1044921875,544.5881958007812,243.36160278320312,0.7638463973999023
game8/Clip7,94,93,player_bottom,679.845458984375,642.0313720703125,646.4205322265625,507.8717956542969,713.2703857421875,642.0313720703125,0.9071659445762634
game8/Clip7,94,92,player_top,521.1005859375,243.46092224121094,499.3116149902344,184.08877563476562,542.8895263671875,243.46092224121094,0.823244571685791
game8/Clip7,95,93,player_bottom,683.9076538085938,642.8639526367188,650.17578125,510.83551025390625,717.6395263671875,642.8639526367188,0.9057319760322571
game8/Clip7,95,92,player_top,519.54296875,243.76942443847656,498.904296875,188.11195373535156,540.1815795898438,243.76942443847656,0.7513006925582886
game8/Clip7,96,93,player_bottom,687.4628295898438,643.7909545898438,653.5107421875,515.7430419921875,721.4149169921875,643.7909545898438,0.9114934206008911
game8/Clip7,96,92,player_top,518.9515380859375,243.3106231689453,498.0958251953125,187.03639221191406,539.8071899414062,243.3106231689453,0.7388224005699158
game8/Clip7,97,93,player_bottom,689.863037109375,645.4362182617188,655.4384155273438,520.8637084960938,724.2876586914062,645.4362182617188,0.9174221158027649
game8/Clip7,97,92,player_top,518.6032104492188,242.71873474121094,498.9140930175781,189.8834228515625,538.2922973632812,242.71873474121094,0.769559383392334
game8/Clip7,98,93,player_bottom,692.365966796875,646.2709350585938,657.3121337890625,525.360595703125,727.4198608398438,646.2709350585938,0.9008519053459167
game8/Clip7,98,92,player_top,519.5145263671875,243.2423095703125,498.8372802734375,187.02345275878906,540.1917724609375,243.2423095703125,0.779485821723938
game8/Clip7,99,93,player_bottom,693.3782348632812,646.6126708984375,657.3392944335938,527.8594360351562,729.4171752929688,646.6126708984375,0.8988074660301208
game8/Clip7,99,92,player_top,520.1751708984375,243.59571838378906,498.84893798828125,184.5390625,541.50146484375,243.59571838378906,0.7862734794616699
game8/Clip7,100,93,player_bottom,693.311279296875,646.2891845703125,656.1592407226562,528.495849609375,730.4632568359375,646.2891845703125,0.9079278707504272
game8/Clip7,100,92,player_top,520.0518798828125,243.72296142578125,499.3285827636719,185.0719757080078,540.7752075195312,243.72296142578125,0.7810981869697571
game8/Clip7,101,93,player_bottom,694.0203247070312,646.2342529296875,655.7628173828125,528.635986328125,732.27783203125,646.2342529296875,0.9073226451873779
game8/Clip7,101,92,player_top,520.8486328125,244.87307739257812,499.5692138671875,183.53233337402344,542.1280517578125,244.87307739257812,0.779687225818634
game8/Clip7,102,93,player_bottom,698.9445190429688,646.0912475585938,660.033935546875,528.8716430664062,737.8551025390625,646.0912475585938,0.8942104578018188
game8/Clip7,102,92,player_top,521.5711669921875,244.836669921875,499.93133544921875,181.41827392578125,543.2109985351562,244.836669921875,0.7880293726921082
game8/Clip7,103,93,player_bottom,709.57421875,645.5494995117188,670.6898803710938,529.7581176757812,748.45849609375,645.5494995117188,0.8812132477760315
game8/Clip7,103,92,player_top,523.6673583984375,246.10560607910156,501.44366455078125,179.46112060546875,545.89111328125,246.10560607910156,0.7941038608551025
game8/Clip7,104,93,player_bottom,722.134521484375,645.2364501953125,683.3923950195312,529.82861328125,760.8766479492188,645.2364501953125,0.8908347487449646
game8/Clip7,104,92,player_top,525.6683959960938,245.70596313476562,503.53546142578125,177.5087890625,547.8013305664062,245.70596313476562,0.7900975346565247
game8/Clip7,105,93,player_bottom,738.1805419921875,645.1641845703125,699.968994140625,529.7551879882812,776.3921508789062,645.1641845703125,0.8187721371650696
game8/Clip7,105,92,player_top,528.271240234375,243.33633422851562,507.17626953125,176.22630310058594,549.3661499023438,243.33633422851562,0.7843172550201416
game8/Clip7,106,93,player_bottom,750.1046752929688,645.1505737304688,712.05224609375,528.7704467773438,788.1571044921875,645.1505737304688,0.8565754890441895
game8/Clip7,106,92,player_top,529.486572265625,243.73887634277344,508.29541015625,174.44381713867188,550.6777954101562,243.73887634277344,0.8118035793304443
game8/Clip7,107,93,player_bottom,758.1951904296875,644.8482055664062,719.8026123046875,527.7213745117188,796.5878295898438,644.8482055664062,0.8645608425140381
game8/Clip7,107,92,player_top,530.4164428710938,244.57069396972656,509.19390869140625,173.70497131347656,551.6389770507812,244.57069396972656,0.8165481090545654
game8/Clip7,108,93,player_bottom,766.692138671875,644.9584350585938,726.5803833007812,524.4706420898438,806.8038940429688,644.9584350585938,0.8726966381072998
game8/Clip7,108,92,player_top,532.4175415039062,245.23719787597656,511.2156677246094,172.6298065185547,553.619384765625,245.23719787597656,0.7998896837234497
game8/Clip7,109,93,player_bottom,776.0738525390625,644.8231811523438,733.906005859375,521.351806640625,818.2417602539062,644.8231811523438,0.8937927484512329
game8/Clip7,109,92,player_top,535.3597412109375,245.11569213867188,514.6936645507812,171.97525024414062,556.0257568359375,245.11569213867188,0.7864625453948975
game8/Clip7,110,93,player_bottom,785.6497802734375,643.0172729492188,742.0983276367188,518.6471557617188,829.2012939453125,643.0172729492188,0.8917712569236755
game8/Clip7,110,92,player_top,538.5760498046875,245.3053436279297,518.5950317382812,171.83062744140625,558.55712890625,245.3053436279297,0.7872648239135742
game8/Clip7,111,93,player_bottom,796.020751953125,641.8084106445312,751.915283203125,518.2587280273438,840.1262817382812,641.8084106445312,0.8851304650306702
game8/Clip7,111,92,player_top,541.7533569335938,246.44064331054688,522.0673217773438,171.62571716308594,561.4393920898438,246.44064331054688,0.7904003262519836
game8/Clip7,112,93,player_bottom,810.3447265625,639.51416015625,766.4783325195312,518.0327758789062,854.2111206054688,639.51416015625,0.8605843782424927
game8/Clip7,112,92,player_top,544.0518798828125,246.9576873779297,524.8170166015625,171.7539520263672,563.2867431640625,246.9576873779297,0.7914051413536072
game8/Clip7,113,93,player_bottom,823.7579956054688,638.4400024414062,779.4943237304688,515.0308837890625,868.0216674804688,638.4400024414062,0.8491160869598389
game8/Clip7,113,92,player_top,546.9266357421875,247.15786743164062,527.8447265625,171.67062377929688,566.008544921875,247.15786743164062,0.8073286414146423
game8/Clip7,114,93,player_bottom,839.40234375,638.1708984375,796.0122680664062,514.6993408203125,882.7924194335938,638.1708984375,0.8218562006950378
game8/Clip7,114,92,player_top,550.6759033203125,247.2806396484375,531.290771484375,171.259765625,570.06103515625,247.2806396484375,0.8408027291297913
game8/Clip7,115,93,player_bottom,854.8072509765625,638.2493286132812,812.8417358398438,516.0154418945312,896.7728271484375,638.2493286132812,0.8531320095062256
game8/Clip7,115,92,player_top,554.5380859375,247.47735595703125,534.4398193359375,170.56259155273438,574.6362915039062,247.47735595703125,0.8502055406570435
game8/Clip7,116,93,player_bottom,865.1881713867188,637.6796875,823.6885986328125,514.9915771484375,906.687744140625,637.6796875,0.8532193899154663
game8/Clip7,116,92,player_top,557.2005615234375,247.51475524902344,536.3209228515625,169.5637969970703,578.0801391601562,247.51475524902344,0.849245548248291
game8/Clip7,117,93,player_bottom,873.6538696289062,636.4940795898438,833.0227661132812,516.6080932617188,914.2849731445312,636.4940795898438,0.842947244644165
game8/Clip7,117,92,player_top,559.1072387695312,247.1434326171875,537.7697143554688,168.96780395507812,580.4447631835938,247.1434326171875,0.8746219873428345
game8/Clip7,118,93,player_bottom,882.1488037109375,635.4176635742188,841.5089721679688,517.4437255859375,922.7886352539062,635.4176635742188,0.8932248950004578
game8/Clip7,118,92,player_top,560.6495361328125,246.2729034423828,539.0980224609375,168.0855712890625,582.2011108398438,246.2729034423828,0.8652399778366089
game8/Clip7,119,93,player_bottom,891.8023681640625,632.8826293945312,850.9922485351562,517.60986328125,932.6124267578125,632.8826293945312,0.884146511554718
game8/Clip7,119,92,player_top,563.4173583984375,244.8543243408203,542.1318359375,167.29830932617188,584.7029418945312,244.8543243408203,0.8514794111251831
game8/Clip7,120,93,player_bottom,899.8853759765625,631.5083618164062,857.5487670898438,516.20654296875,942.2219848632812,631.5083618164062,0.8427626490592957
game8/Clip7,120,92,player_top,566.0162353515625,243.0972137451172,545.170166015625,166.045654296875,586.8623657226562,243.0972137451172,0.8274853825569153
game8/Clip7,121,93,player_bottom,908.246337890625,632.765625,863.8573608398438,516.3016357421875,952.6353759765625,632.765625,0.8798550963401794
game8/Clip7,121,92,player_top,567.8828125,241.32618713378906,547.2186279296875,163.9761505126953,588.5470581054688,241.32618713378906,0.8327522277832031
game8/Clip7,122,93,player_bottom,916.083740234375,632.0880737304688,870.109619140625,515.7933959960938,962.0579223632812,632.0880737304688,0.8497388958930969
game8/Clip7,122,92,player_top,569.592529296875,240.45977783203125,549.3270263671875,163.85586547851562,589.8580322265625,240.45977783203125,0.8210266828536987
game8/Clip7,123,93,player_bottom,921.5489501953125,631.5703735351562,874.2577514648438,514.9765014648438,968.8401489257812,631.5703735351562,0.8928715586662292
game8/Clip7,123,92,player_top,570.9076538085938,239.8184051513672,550.667724609375,162.83908081054688,591.1475830078125,239.8184051513672,0.8501951694488525
game8/Clip7,124,93,player_bottom,926.2224731445312,630.6044921875,878.9736328125,516.130126953125,973.4713134765625,630.6044921875,0.9056509137153625
game8/Clip7,124,92,player_top,571.5277099609375,239.74513244628906,551.3258056640625,162.30712890625,591.7296752929688,239.74513244628906,0.8466136455535889
game8/Clip7,125,93,player_bottom,928.9036254882812,629.8407592773438,880.781982421875,514.37548828125,977.0252685546875,629.8407592773438,0.9042017459869385
game8/Clip7,125,92,player_top,571.86474609375,239.749267578125,551.7880859375,161.98541259765625,591.94140625,239.749267578125,0.8463204503059387
game8/Clip7,126,93,player_bottom,934.1114501953125,629.7347412109375,884.4944458007812,511.4947814941406,983.728515625,629.7347412109375,0.8760109543800354
game8/Clip7,126,92,player_top,572.5262451171875,239.79147338867188,552.5957641601562,161.60191345214844,592.4567260742188,239.79147338867188,0.8427481651306152
game8/Clip7,127,93,player_bottom,940.8722534179688,628.8140258789062,890.3352661132812,507.9458312988281,991.4092407226562,628.8140258789062,0.8491865396499634
game8/Clip7,127,92,player_top,572.9815673828125,239.28758239746094,553.3635864257812,161.15797424316406,592.5995483398438,239.28758239746094,0.8344728350639343
game8/Clip7,128,93,player_bottom,941.6581420898438,627.7767944335938,890.976806640625,504.16650390625,992.3394775390625,627.7767944335938,0.8918084502220154
game8/Clip7,128,92,player_top,573.058349609375,237.9718475341797,553.81494140625,160.5193328857422,592.3016967773438,237.9718475341797,0.8300135135650635
game8/Clip7,129,93,player_bottom,945.0013427734375,627.6852416992188,892.0040893554688,494.73590087890625,997.99853515625,627.6852416992188,0.8319123983383179
game8/Clip7,129,92,player_top,572.0146484375,236.81275939941406,552.9161987304688,160.36392211914062,591.1131591796875,236.81275939941406,0.8475942611694336
game8/Clip7,130,93,player_bottom,951.13037109375,626.7386474609375,897.744384765625,489.676025390625,1004.5162963867188,626.7386474609375,0.8667117357254028
game8/Clip7,130,92,player_top,572.5443115234375,234.88644409179688,553.5658569335938,159.530517578125,591.5228271484375,234.88644409179688,0.8512682914733887
game8/Clip7,131,93,player_bottom,959.797119140625,624.1299438476562,909.7258911132812,495.0890808105469,1009.8682861328125,624.1299438476562,0.9002572894096375
game8/Clip7,131,92,player_top,571.834716796875,233.4450225830078,552.7371826171875,159.24923706054688,590.9321899414062,233.4450225830078,0.8567363619804382
game8/Clip7,132,93,player_bottom,969.7329711914062,624.1719360351562,920.8073120117188,497.65496826171875,1018.6586303710938,624.1719360351562,0.9030560851097107
game8/Clip7,132,92,player_top,571.4022216796875,232.60910034179688,552.0604858398438,159.57627868652344,590.7440185546875,232.60910034179688,0.8704283833503723
game8/Clip7,133,93,player_bottom,979.4901123046875,626.21728515625,931.1065063476562,500.106689453125,1027.873779296875,626.21728515625,0.8902941346168518
game8/Clip7,133,92,player_top,571.1668090820312,231.82901000976562,551.5250854492188,160.22116088867188,590.8085327148438,231.82901000976562,0.8702850341796875
game8/Clip7,134,93,player_bottom,988.4261474609375,631.9014282226562,939.8399658203125,503.5839538574219,1037.0123291015625,631.9014282226562,0.8905574679374695
game8/Clip7,134,92,player_top,570.970703125,231.47421264648438,550.9992065429688,161.33763122558594,590.942138671875,231.47421264648438,0.8772891163825989
game8/Clip7,135,93,player_bottom,997.7039794921875,635.3871459960938,950.185302734375,507.7821960449219,1045.22265625,635.3871459960938,0.881984531879425
game8/Clip7,135,92,player_top,570.814208984375,231.4501190185547,550.4730224609375,162.4408416748047,591.1554565429688,231.4501190185547,0.8757622838020325
game8/Clip7,136,93,player_bottom,1003.9525146484375,636.5223999023438,957.8787231445312,510.5609436035156,1050.0263671875,636.5223999023438,0.8771919012069702
game8/Clip7,136,92,player_top,570.63916015625,231.38888549804688,549.8987426757812,163.2626495361328,591.379638671875,231.38888549804688,0.8779458999633789
game8/Clip7,137,93,player_bottom,1006.19921875,637.422119140625,961.28125,512.70263671875,1051.1171875,637.422119140625,0.8868051171302795
game8/Clip7,137,92,player_top,570.521728515625,231.2744598388672,549.294189453125,163.4560546875,591.749267578125,231.2744598388672,0.8760202527046204
game8/Clip7,138,93,player_bottom,1006.2510986328125,637.997802734375,961.9550170898438,513.6574096679688,1050.547119140625,637.997802734375,0.8803168535232544
game8/Clip7,138,92,player_top,570.137939453125,231.34652709960938,548.1966552734375,162.6475372314453,592.0792846679688,231.34652709960938,0.8673384785652161
game8/Clip7,139,93,player_bottom,1006.6067504882812,638.269775390625,962.5599365234375,513.3157958984375,1050.653564453125,638.269775390625,0.8887073993682861
game8/Clip7,139,92,player_top,568.7603759765625,231.1273651123047,546.2234497070312,161.0576629638672,591.2973022460938,231.1273651123047,0.8637961745262146
game8/Clip7,140,93,player_bottom,1005.1673583984375,637.9807739257812,961.388427734375,512.5036010742188,1048.9462890625,637.9807739257812,0.8888169527053833
game8/Clip7,140,92,player_top,565.8126220703125,231.01220703125,543.1954345703125,160.34201049804688,588.4297485351562,231.01220703125,0.8341115117073059
game8/Clip7,141,93,player_bottom,1002.6422119140625,637.6888427734375,959.3539428710938,511.98516845703125,1045.9305419921875,637.6888427734375,0.8903208374977112
game8/Clip7,141,92,player_top,561.2130126953125,230.72557067871094,538.7650146484375,159.75857543945312,583.6609497070312,230.72557067871094,0.8254989385604858
game8/Clip7,142,93,player_bottom,992.8154296875,638.1921997070312,950.36279296875,512.301025390625,1035.26806640625,638.1921997070312,0.5509814620018005
game8/Clip7,142,92,player_top,557.826416015625,230.03736877441406,536.0866088867188,159.61573791503906,579.5662231445312,230.03736877441406,0.7684733271598816
game8/Clip7,143,93,player_bottom,989.1163330078125,639.7235717773438,947.4872436523438,513.995849609375,1030.745361328125,639.7235717773438,0.8051614761352539
game8/Clip7,143,92,player_top,554.3995361328125,230.10679626464844,532.9586181640625,159.5758819580078,575.8404541015625,230.10679626464844,0.7637426853179932
game8/Clip7,144,93,player_bottom,986.9053955078125,640.2364501953125,946.6588745117188,516.8627319335938,1027.1519775390625,640.2364501953125,0.8675073385238647
game8/Clip7,144,92,player_top,552.4840087890625,230.2889862060547,531.2824096679688,159.44203186035156,573.6856079101562,230.2889862060547,0.7662789225578308
game8/Clip7,145,93,player_bottom,984.4547119140625,640.5911865234375,945.12451171875,519.2281494140625,1023.784912109375,640.5911865234375,0.8690219521522522
game8/Clip7,145,92,player_top,549.4273681640625,230.35244750976562,528.0971069335938,158.6623077392578,570.7576293945312,230.35244750976562,0.798304557800293
game8/Clip7,146,93,player_bottom,981.0896606445312,640.7192993164062,941.7798461914062,519.6834716796875,1020.3994750976562,640.7192993164062,0.8675561547279358
game8/Clip7,146,92,player_top,546.3092041015625,230.50872802734375,524.910888671875,158.99732971191406,567.7075805664062,230.50872802734375,0.8489203453063965
game8/Clip7,147,93,player_bottom,976.1827392578125,640.4906616210938,936.2608642578125,518.5228881835938,1016.1045532226562,640.4906616210938,0.863943874835968
game8/Clip7,147,92,player_top,543.6646728515625,230.6381072998047,521.9865112304688,159.05999755859375,565.3428955078125,230.6381072998047,0.8505529165267944
game8/Clip7,148,93,player_bottom,969.5755615234375,638.5202026367188,929.604248046875,517.813720703125,1009.546875,638.5202026367188,0.8650710582733154
game8/Clip7,148,92,player_top,542.1886596679688,230.78330993652344,519.9199829101562,158.23390197753906,564.4573364257812,230.78330993652344,0.8284024000167847
game8/Clip7,149,93,player_bottom,961.78759765625,639.4112548828125,921.2921752929688,517.9794311523438,1002.2830200195312,639.4112548828125,0.8466270565986633
game8/Clip7,149,92,player_top,542.6124267578125,230.84481811523438,520.099853515625,157.99432373046875,565.1250610351562,230.84481811523438,0.838373601436615
game8/Clip7,150,93,player_bottom,942.871826171875,639.8348999023438,903.7982177734375,518.1336669921875,981.9453735351562,639.8348999023438,0.7624529600143433
game8/Clip7,150,92,player_top,541.952392578125,230.79119873046875,519.1423950195312,157.52345275878906,564.7623901367188,230.79119873046875,0.7968704104423523
game8/Clip7,151,93,player_bottom,930.9716186523438,640.2446899414062,893.8112182617188,520.4313354492188,968.1320190429688,640.2446899414062,0.7962469458580017
game8/Clip7,151,92,player_top,539.3319091796875,230.76510620117188,515.83837890625,156.3421173095703,562.825439453125,230.76510620117188,0.8395748734474182
game8/Clip7,152,93,player_bottom,923.3541259765625,640.2703857421875,887.5234375,521.6608276367188,959.1847534179688,640.2703857421875,0.8648471236228943
game8/Clip7,152,92,player_top,537.2001953125,230.6172332763672,513.4060668945312,156.5384521484375,560.9943237304688,230.6172332763672,0.849945604801178
game8/Clip7,153,93,player_bottom,916.377685546875,645.7954711914062,879.4940795898438,521.8800048828125,953.2612915039062,645.7954711914062,0.8623241186141968
game8/Clip7,153,92,player_top,536.7423706054688,230.63296508789062,512.4676513671875,155.40443420410156,561.01708984375,230.63296508789062,0.8485357165336609
game8/Clip7,154,93,player_bottom,907.6663818359375,648.3760375976562,869.3929443359375,520.7611083984375,945.9398193359375,648.3760375976562,0.8952411413192749
game8/Clip7,154,92,player_top,537.5509033203125,230.56507873535156,513.2923583984375,154.9718017578125,561.8093872070312,230.56507873535156,0.843204140663147
game8/Clip7,155,93,player_bottom,902.1055908203125,650.5020141601562,862.3687744140625,519.0113525390625,941.8424072265625,650.5020141601562,0.9081349968910217
game8/Clip7,155,92,player_top,536.9961547851562,230.15289306640625,512.8335571289062,154.5491180419922,561.1587524414062,230.15289306640625,0.8621792793273926
game8/Clip7,156,93,player_bottom,896.25146484375,651.9424438476562,855.9189453125,517.2437133789062,936.5840454101562,651.9424438476562,0.8955621719360352
game8/Clip7,156,92,player_top,535.82568359375,230.0396728515625,511.1973571777344,152.29595947265625,560.4539794921875,230.0396728515625,0.8750351071357727
game8/Clip7,157,93,player_bottom,885.229736328125,651.9465942382812,844.7815551757812,514.84423828125,925.6779174804688,651.9465942382812,0.8406532406806946
game8/Clip7,157,92,player_top,534.2462768554688,230.3354034423828,509.2784118652344,149.99594116210938,559.214111328125,230.3354034423828,0.8361430168151855
game8/Clip7,158,93,player_bottom,875.1981201171875,651.40966796875,835.5525512695312,512.4423217773438,914.84375,651.40966796875,0.8648415207862854
game8/Clip7,158,92,player_top,531.8526611328125,228.76397705078125,506.7978820800781,146.364501953125,556.9074096679688,228.76397705078125,0.8125466108322144
game8/Clip7,159,93,player_bottom,866.6607666015625,651.8213500976562,827.6928100585938,510.5952453613281,905.6287231445312,651.8213500976562,0.8165759444236755
game8/Clip7,159,92,player_top,523.9317626953125,228.2078857421875,498.3214111328125,144.4239044189453,549.5420532226562,228.2078857421875,0.7949445843696594
game8/Clip7,160,93,player_bottom,855.4608154296875,653.4151611328125,816.6959228515625,510.2330017089844,894.2257080078125,653.4151611328125,0.8088685870170593
game8/Clip7,160,92,player_top,521.746337890625,226.8795623779297,496.13690185546875,143.22560119628906,547.3558349609375,226.8795623779297,0.8281127214431763
game8/Clip7,161,93,player_bottom,849.28369140625,652.9568481445312,811.95166015625,511.0318603515625,886.6156616210938,652.9568481445312,0.8334149122238159
game8/Clip7,161,92,player_top,525.5682373046875,227.14492797851562,500.00787353515625,142.0822296142578,551.1286010742188,227.14492797851562,0.8511288166046143
game8/Clip7,162,93,player_bottom,842.0188598632812,653.3038940429688,805.8225708007812,512.7186279296875,878.2151489257812,653.3038940429688,0.8221129775047302
game8/Clip7,162,92,player_top,527.5653076171875,226.10296630859375,502.6147766113281,142.0910186767578,552.5158081054688,226.10296630859375,0.854410707950592
game8/Clip7,163,93,player_bottom,831.13037109375,657.0203247070312,795.2518310546875,516.0379028320312,867.0089721679688,657.0203247070312,0.8816187977790833
game8/Clip7,163,92,player_top,525.2457275390625,225.44561767578125,500.2485046386719,142.29931640625,550.2429809570312,225.44561767578125,0.8632369637489319
game8/Clip7,164,93,player_bottom,818.1385498046875,659.886474609375,782.394775390625,520.5880126953125,853.88232421875,659.886474609375,0.8840320110321045
game8/Clip7,164,92,player_top,522.7702026367188,225.57217407226562,497.3479919433594,142.85556030273438,548.1923828125,225.57217407226562,0.8776291012763977
game8/Clip7,165,93,player_bottom,805.3126831054688,662.4366455078125,769.495849609375,525.7262573242188,841.1295166015625,662.4366455078125,0.8920085430145264
game8/Clip7,165,92,player_top,520.668701171875,225.54067993164062,495.0807189941406,144.46485900878906,546.2567138671875,225.54067993164062,0.8935667276382446
game8/Clip7,166,93,player_bottom,794.9053955078125,663.2955322265625,758.9368896484375,530.2984619140625,830.8739013671875,663.2955322265625,0.908945620059967
game8/Clip7,166,92,player_top,519.6068725585938,225.7603302001953,493.8509521484375,145.9409942626953,545.36279296875,225.7603302001953,0.8968818783760071
game8/Clip7,167,93,player_bottom,790.14599609375,664.0889892578125,753.2406616210938,531.9740600585938,827.0513305664062,664.0889892578125,0.9156400561332703
game8/Clip7,167,92,player_top,518.4766235351562,225.81878662109375,492.49725341796875,146.67019653320312,544.4559936523438,225.81878662109375,0.8876913785934448
game8/Clip7,168,93,player_bottom,788.079833984375,667.4782104492188,749.5550537109375,532.4880981445312,826.6046142578125,667.4782104492188,0.8973802924156189
game8/Clip7,168,92,player_top,517.516845703125,225.51390075683594,491.5838623046875,147.5117950439453,543.4498291015625,225.51390075683594,0.8858550786972046
game8/Clip7,169,93,player_bottom,784.6607666015625,668.8340454101562,745.7621459960938,533.6019287109375,823.5593872070312,668.8340454101562,0.8824560642242432
game8/Clip7,169,92,player_top,516.9609375,225.60836791992188,491.054931640625,148.5283660888672,542.8668823242188,225.60836791992188,0.8871805667877197
game8/Clip7,170,93,player_bottom,775.590087890625,670.3003540039062,736.4798583984375,534.599365234375,814.7002563476562,670.3003540039062,0.6605187058448792
game8/Clip7,170,92,player_top,516.5045776367188,225.6201934814453,490.6447448730469,149.29478454589844,542.3644409179688,225.6201934814453,0.8794212937355042
game8/Clip7,171,93,player_bottom,761.6214599609375,670.9351196289062,723.0704345703125,535.2022094726562,800.1725463867188,670.9351196289062,0.8521779775619507
game8/Clip7,171,92,player_top,516.8489990234375,225.77890014648438,490.6605529785156,149.03524780273438,543.0374145507812,225.77890014648438,0.8590218424797058
game8/Clip7,172,93,player_bottom,743.15625,670.8557739257812,705.3880615234375,535.8340454101562,780.9244995117188,670.8557739257812,0.8090324401855469
game8/Clip7,172,92,player_top,518.105712890625,225.64996337890625,491.92816162109375,149.4720001220703,544.283203125,225.64996337890625,0.8262269496917725
game8/Clip7,173,93,player_bottom,734.20751953125,670.5599975585938,696.6853637695312,534.8002319335938,771.7296752929688,670.5599975585938,0.877048909664154
game8/Clip7,173,92,player_top,520.285400390625,224.83212280273438,494.69024658203125,150.1312713623047,545.880615234375,224.83212280273438,0.825213611125946
game8/Clip7,174,93,player_bottom,725.045654296875,667.4210205078125,688.0780029296875,534.14111328125,762.0133666992188,667.4210205078125,0.8659008741378784
game8/Clip7,174,92,player_top,525.7386474609375,224.72007751464844,500.31280517578125,150.03822326660156,551.1644897460938,224.72007751464844,0.8360209465026855
game8/Clip7,175,93,player_bottom,712.11376953125,665.4445190429688,675.6188354492188,534.2708740234375,748.6087036132812,665.4445190429688,0.8402167558670044
game8/Clip7,175,92,player_top,531.4398803710938,224.90126037597656,505.94354248046875,149.01303100585938,556.9362182617188,224.90126037597656,0.8128516674041748
game8/Clip7,176,93,player_bottom,700.3837890625,667.5003051757812,663.894775390625,534.3910522460938,736.8728637695312,667.5003051757812,0.7112399339675903
game8/Clip7,176,92,player_top,537.6803588867188,224.86761474609375,512.8190307617188,148.98635864257812,562.5416870117188,224.86761474609375,0.8300156593322754
game8/Clip7,177,93,player_bottom,683.5551147460938,668.5794067382812,648.1385498046875,535.2144165039062,718.9716796875,668.5794067382812,0.7868578433990479
game8/Clip7,177,92,player_top,543.293212890625,225.62908935546875,518.788330078125,148.7404022216797,567.798095703125,225.62908935546875,0.7807135581970215
game8/Clip7,178,93,player_bottom,668.2894287109375,669.6063842773438,633.3631591796875,535.7108764648438,703.2157592773438,669.6063842773438,0.8433969020843506
game8/Clip7,178,92,player_top,546.9248046875,226.2718963623047,523.0667114257812,149.05271911621094,570.7828369140625,226.2718963623047,0.7259204387664795
game8/Clip7,179,93,player_bottom,655.8480224609375,670.3805541992188,620.375244140625,535.5320434570312,691.3207397460938,670.3805541992188,0.8859187960624695
game8/Clip7,179,92,player_top,550.84716796875,226.90753173828125,527.553955078125,149.5137939453125,574.1403198242188,226.90753173828125,0.771879255771637
game8/Clip7,180,93,player_bottom,641.6590576171875,669.0772705078125,605.3175048828125,535.1715698242188,678.0005493164062,669.0772705078125,0.9040112495422363
game8/Clip7,180,92,player_top,556.5225219726562,228.01292419433594,533.2899780273438,148.26925659179688,579.7550659179688,228.01292419433594,0.7340379953384399
game8/Clip7,181,93,player_bottom,628.9447021484375,670.6162719726562,591.6331176757812,535.9334106445312,666.2562255859375,670.6162719726562,0.8848718404769897
game8/Clip7,181,92,player_top,561.8169555664062,228.6436309814453,539.311767578125,147.83071899414062,584.3221435546875,228.6436309814453,0.7625542879104614
game8/Clip7,182,93,player_bottom,609.209228515625,671.869140625,573.3014526367188,538.1638793945312,645.1170043945312,671.869140625,0.6224898099899292
game8/Clip7,182,92,player_top,565.7724609375,228.9809112548828,544.3914794921875,148.6474151611328,587.1535034179688,228.9809112548828,0.7773357033729553
game8/Clip7,183,93,player_bottom,597.1207885742188,672.058349609375,562.2647094726562,539.5640869140625,631.9768676757812,672.058349609375,0.7906222343444824
game8/Clip7,183,92,player_top,570.8170776367188,228.9998779296875,550.301025390625,149.88754272460938,591.3331298828125,228.9998779296875,0.792022705078125
game8/Clip7,184,93,player_bottom,583.5665893554688,671.4951171875,550.1420288085938,540.96630859375,616.9911499023438,671.4951171875,0.828521192073822
game8/Clip7,184,92,player_top,576.7564086914062,229.32241821289062,556.1304321289062,150.0764923095703,597.3823852539062,229.32241821289062,0.8617760539054871
game8/Clip7,185,93,player_bottom,573.0787353515625,671.824951171875,539.4932250976562,539.3726196289062,606.6641845703125,671.824951171875,0.8602840900421143
game8/Clip7,185,92,player_top,580.52685546875,229.6400909423828,559.6629638671875,150.40179443359375,601.3907470703125,229.6400909423828,0.8620343804359436
game8/Clip7,186,93,player_bottom,560.45947265625,672.0787963867188,525.6533813476562,537.9556274414062,595.265625,672.0787963867188,0.8670941591262817
game8/Clip7,186,92,player_top,583.0931396484375,229.66033935546875,561.9926147460938,150.10804748535156,604.1937255859375,229.66033935546875,0.8582860231399536
game8/Clip7,187,93,player_bottom,547.1942138671875,671.5437622070312,510.94451904296875,536.2319946289062,583.44384765625,671.5437622070312,0.894500732421875
game8/Clip7,187,92,player_top,588.7879638671875,229.4464874267578,568.3160400390625,150.13348388671875,609.2598876953125,229.4464874267578,0.8080935478210449
game8/Clip7,188,93,player_bottom,536.1737060546875,670.5912475585938,498.576416015625,535.1923828125,573.7709350585938,670.5912475585938,0.9088432788848877
game8/Clip7,188,92,player_top,592.0505981445312,229.5614013671875,572.3307495117188,150.66619873046875,611.7704467773438,229.5614013671875,0.782011091709137
game8/Clip7,189,93,player_bottom,526.6966552734375,668.38916015625,488.84661865234375,536.8566284179688,564.5467529296875,668.38916015625,0.9006005525588989
game8/Clip7,189,92,player_top,595.472900390625,230.38783264160156,576.3339233398438,151.33872985839844,614.61181640625,230.38783264160156,0.7918216586112976
game8/Clip7,190,93,player_bottom,518.5059814453125,666.7238159179688,480.70458984375,539.1844482421875,556.307373046875,666.7238159179688,0.8643270134925842
game8/Clip7,190,92,player_top,600.29296875,231.2229766845703,581.4075927734375,151.50485229492188,619.1783447265625,231.2229766845703,0.8047265410423279
game8/Clip7,191,93,player_bottom,511.19732666015625,665.3611450195312,473.3158264160156,539.4000244140625,549.078857421875,665.3611450195312,0.8934003114700317
game8/Clip7,191,92,player_top,606.5515747070312,231.45489501953125,587.693115234375,151.66134643554688,625.4100341796875,231.45489501953125,0.8292415738105774
game8/Clip7,192,93,player_bottom,505.15582275390625,664.72119140625,466.7893371582031,538.150634765625,543.5223388671875,664.72119140625,0.8695499300956726
game8/Clip7,192,92,player_top,611.78759765625,231.476806640625,592.8282470703125,151.7901611328125,630.7469482421875,231.476806640625,0.8636266589164734
game8/Clip7,193,93,player_bottom,501.6740417480469,663.7093505859375,463.29388427734375,535.7857666015625,540.05419921875,663.7093505859375,0.8898537158966064
game8/Clip7,193,92,player_top,615.1226196289062,231.5260009765625,595.8106689453125,151.24790954589844,634.4345703125,231.5260009765625,0.8718957901000977
game8/Clip7,194,93,player_bottom,495.8355407714844,663.13623046875,457.6260986328125,533.0173950195312,534.0449829101562,663.13623046875,0.8928840160369873
game8/Clip7,194,92,player_top,616.6148681640625,231.35264587402344,597.1968994140625,151.89952087402344,636.0327758789062,231.35264587402344,0.863050103187561
game8/Clip7,195,93,player_bottom,488.21209716796875,662.9254150390625,450.2306823730469,531.0545043945312,526.1934814453125,662.9254150390625,0.8781234622001648
game8/Clip7,195,92,player_top,618.7239379882812,231.20765686035156,599.3265991210938,152.6231231689453,638.1212768554688,231.20765686035156,0.8452236652374268
game8/Clip7,196,93,player_bottom,480.25189208984375,663.1639404296875,442.6415710449219,529.9032592773438,517.8621826171875,663.1639404296875,0.8841023445129395
game8/Clip7,196,92,player_top,622.0103759765625,231.26321411132812,602.9580688476562,153.35531616210938,641.0626220703125,231.26321411132812,0.827976405620575
game8/Clip7,197,93,player_bottom,472.5058898925781,662.2326049804688,435.4497985839844,527.7757568359375,509.5619812011719,662.2326049804688,0.8240928053855896
game8/Clip7,197,92,player_top,626.900146484375,230.90879821777344,608.1854858398438,154.1033935546875,645.6148071289062,230.90879821777344,0.8262645602226257
game8/Clip7,198,93,player_bottom,470.950927734375,662.5860595703125,432.34771728515625,521.042236328125,509.5541076660156,662.5860595703125,0.6536064147949219
game8/Clip7,198,92,player_top,632.5597534179688,231.2039031982422,613.8914794921875,155.8291473388672,651.22802734375,231.2039031982422,0.8309677839279175
game8/Clip7,199,93,player_bottom,465.67242431640625,663.9004516601562,425.78973388671875,514.8668212890625,505.5550842285156,663.9004516601562,0.7406284213066101
game8/Clip7,199,92,player_top,637.377197265625,232.07208251953125,618.46435546875,157.81956481933594,656.2901000976562,232.07208251953125,0.8579866886138916
game8/Clip7,200,93,player_bottom,459.3575134277344,663.7343139648438,419.6803894042969,512.4076538085938,499.0346374511719,663.7343139648438,0.8204732537269592
game8/Clip7,200,92,player_top,640.7474365234375,232.65858459472656,621.5795288085938,159.49610900878906,659.9154052734375,232.65858459472656,0.8658974766731262
game8/Clip7,201,93,player_bottom,452.07391357421875,663.7886352539062,411.8788757324219,510.1274719238281,492.2689514160156,663.7886352539062,0.8456029891967773
game8/Clip7,201,92,player_top,642.68359375,232.83692932128906,623.2783813476562,160.25790405273438,662.0888061523438,232.83692932128906,0.8552489876747131
game8/Clip7,202,93,player_bottom,442.0663146972656,663.2232666015625,402.2148132324219,512.629638671875,481.9178161621094,663.2232666015625,0.8727972507476807
game8/Clip7,202,92,player_top,644.9483642578125,232.86843872070312,625.4989624023438,160.4945526123047,664.3977661132812,232.86843872070312,0.8439531326293945
game8/Clip7,203,93,player_bottom,434.5735168457031,662.8115234375,396.375244140625,522.445068359375,472.77178955078125,662.8115234375,0.8952798247337341
game8/Clip7,203,92,player_top,646.5400390625,232.90478515625,627.3069458007812,161.39532470703125,665.7730712890625,232.90478515625,0.8321057558059692
game8/Clip7,204,93,player_bottom,433.2472229003906,664.7966918945312,394.29974365234375,525.8795776367188,472.1947021484375,664.7966918945312,0.9097282886505127
game8/Clip7,204,92,player_top,647.101318359375,232.91944885253906,628.2897338867188,163.16806030273438,665.912841796875,232.91944885253906,0.8192718625068665
game8/Clip7,205,93,player_bottom,431.85333251953125,665.9117431640625,392.662109375,529.4719848632812,471.0445251464844,665.9117431640625,0.8880574107170105
game8/Clip7,205,92,player_top,646.9754638671875,232.98890686035156,628.3086547851562,164.0680694580078,665.6422119140625,232.98890686035156,0.8159221410751343
game8/Clip7,206,93,player_bottom,428.62677001953125,666.1804809570312,389.8939514160156,533.1832275390625,467.3595886230469,666.1804809570312,0.9004166126251221
game8/Clip7,206,92,player_top,645.9075927734375,233.03480529785156,626.8837280273438,163.30783081054688,664.931396484375,233.03480529785156,0.833257794380188
game8/Clip7,207,93,player_bottom,426.9775085449219,666.2879638671875,388.55487060546875,535.760009765625,465.400146484375,666.2879638671875,0.8904910087585449
game8/Clip7,207,92,player_top,644.3478393554688,233.08181762695312,624.9743041992188,163.2075653076172,663.7213745117188,233.08181762695312,0.8363463282585144
game8/Clip7,208,93,player_bottom,425.1852722167969,666.0597534179688,386.7636413574219,536.2271728515625,463.6069030761719,666.0597534179688,0.8877756595611572
game8/Clip7,208,92,player_top,642.53369140625,233.18899536132812,622.40478515625,161.9989776611328,662.6625366210938,233.18899536132812,0.8619468212127686
game8/Clip7,209,93,player_bottom,424.20147705078125,665.9155883789062,385.12225341796875,534.4202880859375,463.2807312011719,665.9155883789062,0.8878785967826843
game8/Clip7,209,92,player_top,640.893798828125,233.1466827392578,620.3286743164062,162.28175354003906,661.458984375,233.1466827392578,0.8558664321899414
game8/Clip7,210,93,player_bottom,424.7647705078125,664.669677734375,384.94622802734375,531.0332641601562,464.58331298828125,664.669677734375,0.8768065571784973
game8/Clip7,210,92,player_top,639.373779296875,233.1651153564453,618.2587890625,162.49099731445312,660.4887084960938,233.1651153564453,0.8635841012001038
game8/Clip7,211,93,player_bottom,424.0027770996094,663.7340087890625,383.6411437988281,528.81494140625,464.3644104003906,663.7340087890625,0.8701549768447876
game8/Clip7,211,92,player_top,637.439697265625,232.98231506347656,615.4152221679688,161.48678588867188,659.464111328125,232.98231506347656,0.8722991943359375
game8/Clip7,212,93,player_bottom,421.76397705078125,662.3255615234375,381.4424133300781,527.4053955078125,462.0855407714844,662.3255615234375,0.8850727677345276
game8/Clip7,212,92,player_top,633.62890625,232.340576171875,610.8277587890625,160.71568298339844,656.4301147460938,232.340576171875,0.773447573184967
game8/Clip7,213,93,player_bottom,420.2718505859375,660.4505615234375,380.1476135253906,527.1307983398438,460.3961181640625,660.4505615234375,0.8877028226852417
game8/Clip7,213,92,player_top,628.7158203125,231.86727905273438,604.9791259765625,159.37887573242188,652.4524536132812,231.86727905273438,0.8507218360900879
game8/Clip7,214,93,player_bottom,418.3331604003906,660.4374389648438,378.11578369140625,527.9232177734375,458.550537109375,660.4374389648438,0.8917974233627319
game8/Clip7,214,92,player_top,622.392333984375,231.28269958496094,598.2216796875,159.2448272705078,646.5630493164062,231.28269958496094,0.8424370288848877
game8/Clip7,215,93,player_bottom,417.75390625,660.3529052734375,377.5080871582031,530.0137939453125,457.999755859375,660.3529052734375,0.8795493841171265
game8/Clip7,215,92,player_top,615.1781616210938,231.17410278320312,590.9437866210938,159.9980010986328,639.4125366210938,231.17410278320312,0.6609140634536743
game8/Clip7,216,93,player_bottom,419.41607666015625,661.5044555664062,378.7743835449219,532.7723388671875,460.0577392578125,661.5044555664062,0.8759738206863403
game8/Clip7,216,92,player_top,607.0550537109375,231.0985870361328,582.5262451171875,159.26902770996094,631.5838623046875,231.0985870361328,0.8137980103492737
game8/Clip7,217,93,player_bottom,417.0712890625,661.9890747070312,376.5052490234375,534.8002319335938,457.6373596191406,661.9890747070312,0.8932820558547974
game8/Clip7,217,92,player_top,602.2427978515625,231.0802001953125,577.5747680664062,159.79745483398438,626.910888671875,231.0802001953125,0.8260248899459839
game8/Clip7,218,93,player_bottom,417.520263671875,661.9131469726562,376.4117736816406,534.5574340820312,458.62872314453125,661.9131469726562,0.8879730105400085
game8/Clip7,218,92,player_top,598.0616455078125,231.08111572265625,572.4874267578125,158.58230590820312,623.6358032226562,231.08111572265625,0.8656509518623352
game8/Clip7,219,93,player_bottom,419.10235595703125,660.32861328125,377.3951416015625,533.0485229492188,460.8095397949219,660.32861328125,0.9031015634536743
game8/Clip7,219,92,player_top,594.03515625,231.092529296875,567.5992431640625,158.04266357421875,620.4711303710938,231.092529296875,0.8622365593910217
game8/Clip7,220,93,player_bottom,421.5693359375,659.361083984375,378.8464660644531,530.8074340820312,464.29217529296875,659.361083984375,0.8954061269760132
game8/Clip7,220,92,player_top,589.5804443359375,231.30442810058594,561.99609375,157.0894775390625,617.1647338867188,231.30442810058594,0.8628853559494019
game8/Clip7,221,93,player_bottom,424.3204650878906,658.6195678710938,380.8174743652344,528.9208984375,467.8234558105469,658.6195678710938,0.8770882487297058
game8/Clip7,221,92,player_top,582.981689453125,231.4535369873047,554.5853881835938,156.25039672851562,611.3779296875,231.4535369873047,0.8693786859512329
game8/Clip7,222,93,player_bottom,431.69769287109375,658.3595581054688,387.9435729980469,528.0054931640625,475.4517822265625,658.3595581054688,0.8856037855148315
game8/Clip7,222,92,player_top,576.2097778320312,231.6006317138672,547.8148193359375,156.91473388671875,604.604736328125,231.6006317138672,0.7575942873954773
game8/Clip7,223,93,player_bottom,441.8121337890625,658.4953002929688,398.0673522949219,526.9126586914062,485.5569152832031,658.4953002929688,0.8946847319602966
game8/Clip7,223,92,player_top,562.7548217773438,232.38662719726562,535.057373046875,156.96286010742188,590.4522705078125,232.38662719726562,0.665876030921936
game8/Clip7,224,93,player_bottom,453.8045959472656,658.4591064453125,410.351806640625,524.8645629882812,497.25738525390625,658.4591064453125,0.8341772556304932
game8/Clip7,224,92,player_top,556.6434936523438,232.39898681640625,530.1122436523438,157.49462890625,583.1747436523438,232.39898681640625,0.7141528725624084
game8/Clip7,225,93,player_bottom,464.3148193359375,658.3871459960938,421.5335693359375,522.80078125,507.0960388183594,658.3871459960938,0.8843106627464294
game8/Clip7,225,92,player_top,550.0840454101562,232.14630126953125,523.7699584960938,156.59158325195312,576.3981323242188,232.14630126953125,0.8056929707527161
game8/Clip7,226,93,player_bottom,471.0085754394531,657.7753295898438,428.9482421875,520.7212524414062,513.0689086914062,657.7753295898438,0.8786212205886841
game8/Clip7,226,92,player_top,546.2958984375,231.97413635253906,519.8377685546875,155.10360717773438,572.7540893554688,231.97413635253906,0.7873550057411194
game8/Clip7,227,93,player_bottom,477.16351318359375,654.0123901367188,436.7196960449219,519.063720703125,517.6073608398438,654.0123901367188,0.8615999817848206
game8/Clip7,227,92,player_top,538.8563232421875,231.30226135253906,512.1339111328125,153.801513671875,565.5787353515625,231.30226135253906,0.8381956815719604
game8/Clip7,228,93,player_bottom,484.8126220703125,651.6726684570312,446.0523681640625,518.9774169921875,523.5728759765625,651.6726684570312,0.8595712184906006
game8/Clip7,228,92,player_top,532.3941040039062,228.7470245361328,506.1883850097656,153.17787170410156,558.599853515625,228.7470245361328,0.8752294778823853
game8/Clip7,229,93,player_bottom,494.6487121582031,647.5573120117188,458.6102294921875,519.9043579101562,530.6871948242188,647.5573120117188,0.8491166830062866
game8/Clip7,229,92,player_top,521.4599609375,227.2875213623047,496.21136474609375,152.70941162109375,546.70849609375,227.2875213623047,0.6694855093955994
game8/Clip7,230,93,player_bottom,502.38336181640625,646.5199584960938,468.1439514160156,521.5571899414062,536.6227416992188,646.5199584960938,0.8532531261444092
game8/Clip7,230,92,player_top,514.2891845703125,226.1952362060547,489.8243103027344,153.61154174804688,538.7540283203125,226.1952362060547,0.6906355023384094
game8/Clip7,231,93,player_bottom,509.7113037109375,646.0367431640625,476.872314453125,522.7080078125,542.55029296875,646.0367431640625,0.8619809150695801
game8/Clip7,231,92,player_top,506.0451965332031,225.68544006347656,481.52191162109375,152.32102966308594,530.5684814453125,225.68544006347656,0.7670598030090332
game8/Clip7,232,93,player_bottom,521.0748901367188,645.2565307617188,488.7955017089844,523.2925415039062,553.3543090820312,645.2565307617188,0.8828756809234619
game8/Clip7,232,92,player_top,499.70947265625,226.9698028564453,474.8467712402344,151.4832763671875,524.5722045898438,226.9698028564453,0.724420428276062
game8/Clip7,233,93,player_bottom,532.136474609375,645.5674438476562,498.9195556640625,523.0476684570312,565.3533325195312,645.5674438476562,0.8970375657081604
game8/Clip7,233,92,player_top,494.20477294921875,227.94398498535156,468.5002746582031,148.4174041748047,519.9093017578125,227.94398498535156,0.8027909994125366
game8/Clip7,234,93,player_bottom,539.8438720703125,644.7213745117188,505.2206115722656,521.4561157226562,574.4671630859375,644.7213745117188,0.9073338508605957
game8/Clip7,234,92,player_top,491.92047119140625,228.71177673339844,467.06781005859375,149.01287841796875,516.7731323242188,228.71177673339844,0.793461799621582
game8/Clip7,235,93,player_bottom,544.32177734375,643.9285278320312,508.08172607421875,519.0691528320312,580.5618286132812,643.9285278320312,0.9060575366020203
game8/Clip7,235,92,player_top,484.5199890136719,228.88319396972656,460.3339538574219,149.97206115722656,508.7060241699219,228.88319396972656,0.7777917981147766
game8/Clip7,236,93,player_bottom,549.4320068359375,643.2882690429688,512.1288452148438,516.9163208007812,586.735107421875,643.2882690429688,0.8770782351493835
game8/Clip7,236,92,player_top,479.0899658203125,228.25852966308594,455.54620361328125,150.07723999023438,502.6337585449219,228.25852966308594,0.7866110801696777
game8/Clip7,237,93,player_bottom,555.44091796875,643.2025146484375,517.4717407226562,514.1653442382812,593.4100341796875,643.2025146484375,0.8596087694168091
game8/Clip7,237,92,player_top,476.03955078125,227.092041015625,453.3928527832031,150.1072235107422,498.6862487792969,227.092041015625,0.8030290007591248
game8/Clip7,238,93,player_bottom,565.1556396484375,642.6138305664062,526.97021484375,510.7967834472656,603.341064453125,642.6138305664062,0.868614137172699
game8/Clip7,238,92,player_top,474.5076904296875,225.11083984375,452.6874084472656,149.2657928466797,496.32794189453125,225.11083984375,0.76201993227005
game8/Clip7,239,93,player_bottom,575.8828125,642.4483032226562,537.4818725585938,506.58172607421875,614.28369140625,642.4483032226562,0.818409264087677
game8/Clip7,239,92,player_top,471.30865478515625,223.76451110839844,449.92242431640625,147.9768524169922,492.6949157714844,223.76451110839844,0.6519420742988586
game8/Clip7,240,93,player_bottom,586.3450927734375,642.367919921875,548.310546875,503.41558837890625,624.3795776367188,642.367919921875,0.851786732673645
game8/Clip7,240,92,player_top,466.4156799316406,222.9665985107422,444.3999328613281,144.5238800048828,488.4314270019531,222.9665985107422,0.644724428653717
game8/Clip7,241,93,player_bottom,594.410888671875,643.001953125,557.0413208007812,501.91339111328125,631.7803955078125,643.001953125,0.8443359732627869
game8/Clip7,241,92,player_top,464.59405517578125,221.91107177734375,442.0002136230469,140.863525390625,487.1878662109375,221.91107177734375,0.7608145475387573
game8/Clip7,242,93,player_bottom,602.32861328125,643.7402954101562,565.5703735351562,501.31884765625,639.0869140625,643.7402954101562,0.8401638269424438
game8/Clip7,242,92,player_top,464.379638671875,220.84219360351562,442.1733703613281,139.88572692871094,486.5859375,220.84219360351562,0.7303252220153809
game8/Clip7,243,93,player_bottom,610.34130859375,643.0718383789062,574.9053955078125,501.9021911621094,645.7772216796875,643.0718383789062,0.840169370174408
game8/Clip7,243,92,player_top,463.827392578125,218.6774444580078,441.5238952636719,137.0818634033203,486.1308898925781,218.6774444580078,0.7910013198852539
game8/Clip7,244,93,player_bottom,618.4256591796875,642.836669921875,584.1608276367188,504.3667297363281,652.6905517578125,642.836669921875,0.8361501693725586
game8/Clip7,244,92,player_top,461.83526611328125,216.5871124267578,438.3529357910156,131.52383422851562,485.31756591796875,216.5871124267578,0.7549620866775513
game8/Clip7,245,93,player_bottom,629.6455078125,644.6524658203125,595.7674560546875,508.5390930175781,663.5235595703125,644.6524658203125,0.8590399026870728
game8/Clip7,245,92,player_top,458.6188049316406,216.7664794921875,435.6219787597656,136.93544006347656,481.6156311035156,216.7664794921875,0.8294264078140259
game8/Clip7,246,93,player_bottom,642.6431884765625,647.6463012695312,608.687255859375,513.2003784179688,676.59912109375,647.6463012695312,0.9059998989105225
game8/Clip7,246,92,player_top,456.38275146484375,216.6132049560547,432.6162109375,136.95843505859375,480.1492919921875,216.6132049560547,0.8273957371711731
game8/Clip7,247,93,player_bottom,652.8054809570312,649.251953125,618.3078002929688,517.9536743164062,687.3031616210938,649.251953125,0.910282552242279
game8/Clip7,247,92,player_top,454.9122314453125,216.94680786132812,430.45611572265625,137.23521423339844,479.3683166503906,216.94680786132812,0.8150554895401001
game8/Clip7,248,93,player_bottom,659.059814453125,649.6658325195312,623.586669921875,520.97021484375,694.532958984375,649.6658325195312,0.9118466377258301
game8/Clip7,248,92,player_top,452.34661865234375,217.05091857910156,428.3133544921875,140.32066345214844,476.3798522949219,217.05091857910156,0.8256931304931641
game8/Clip7,249,93,player_bottom,663.5438232421875,648.9481811523438,626.5970458984375,521.6129760742188,700.4906616210938,648.9481811523438,0.9112845063209534
game8/Clip7,249,92,player_top,449.37603759765625,217.11773681640625,426.0475769042969,143.47186279296875,472.7044982910156,217.11773681640625,0.8538659811019897
game8/Clip7,250,93,player_bottom,667.2896728515625,646.949951171875,629.2593994140625,521.8248291015625,705.3198852539062,646.949951171875,0.8937612175941467
game8/Clip7,250,92,player_top,447.002685546875,216.96168518066406,424.20758056640625,145.11190795898438,469.79779052734375,216.96168518066406,0.776587188243866
game8/Clip7,251,93,player_bottom,672.9097900390625,646.1936645507812,634.3220825195312,522.973876953125,711.4974365234375,646.1936645507812,0.9027448892593384
game8/Clip7,251,92,player_top,446.53436279296875,216.90284729003906,423.86669921875,145.51651000976562,469.2020568847656,216.90284729003906,0.8166335225105286
game8/Clip7,252,93,player_bottom,682.8175048828125,645.7638549804688,644.3274536132812,523.1270141601562,721.3076171875,645.7638549804688,0.874876856803894
game8/Clip7,252,92,player_top,445.38726806640625,216.53578186035156,423.0185546875,145.7654266357422,467.7559509277344,216.53578186035156,0.8180630803108215
game8/Clip7,253,93,player_bottom,694.000732421875,645.354248046875,656.08984375,522.4495239257812,731.9116821289062,645.354248046875,0.8272265195846558
game8/Clip7,253,92,player_top,445.1083984375,216.41705322265625,422.8228759765625,145.60536193847656,467.3938903808594,216.41705322265625,0.8087208271026611
game8/Clip7,254,93,player_bottom,711.60107421875,645.636962890625,674.6536865234375,521.1187133789062,748.5484008789062,645.636962890625,0.7816705107688904
game8/Clip7,254,92,player_top,446.2373962402344,216.63656616210938,423.6010437011719,144.7284698486328,468.8737487792969,216.63656616210938,0.7984011769294739
game8/Clip7,255,93,player_bottom,722.964111328125,645.3731079101562,686.4423828125,518.6965942382812,759.4859008789062,645.3731079101562,0.852625846862793
game8/Clip7,255,92,player_top,447.920654296875,216.79025268554688,425.2262268066406,145.4480438232422,470.6151123046875,216.79025268554688,0.7441308498382568
game8/Clip7,256,93,player_bottom,730.8895263671875,644.9462890625,694.3057861328125,515.5863647460938,767.4732055664062,644.9462890625,0.8368282914161682
game8/Clip7,256,92,player_top,451.1694030761719,216.87355041503906,427.7768859863281,144.95501708984375,474.5619201660156,216.87355041503906,0.7314854860305786
game8/Clip7,257,93,player_bottom,743.3037109375,645.0263061523438,705.7780151367188,513.2354736328125,780.8294677734375,645.0263061523438,0.8892435431480408
game8/Clip7,257,92,player_top,454.48370361328125,217.22030639648438,430.10687255859375,144.20082092285156,478.86053466796875,217.22030639648438,0.7518421411514282
game8/Clip7,258,93,player_bottom,754.656005859375,641.2907104492188,717.5242309570312,512.2172241210938,791.7877197265625,641.2907104492188,0.8796771168708801
game8/Clip7,258,92,player_top,455.4927978515625,217.51031494140625,431.2681579589844,144.96359252929688,479.7174072265625,217.51031494140625,0.6431514024734497
game8/Clip7,259,93,player_bottom,765.0675659179688,633.0640869140625,729.8862915039062,511.22027587890625,800.2488403320312,633.0640869140625,0.872277021408081
game8/Clip7,259,92,player_top,460.580810546875,217.38882446289062,436.54144287109375,145.72885131835938,484.62017822265625,217.38882446289062,0.7446146011352539
game8/Clip7,260,93,player_bottom,777.123046875,627.8604736328125,743.231201171875,509.37689208984375,811.0149536132812,627.8604736328125,0.8679448366165161
game8/Clip7,260,92,player_top,466.1496276855469,217.3993377685547,442.2071533203125,145.5853729248047,490.09210205078125,217.3993377685547,0.8288031220436096
game8/Clip7,261,93,player_bottom,790.050048828125,627.9295043945312,756.7374877929688,508.6913146972656,823.362548828125,627.9295043945312,0.8534990549087524
game8/Clip7,261,92,player_top,471.11993408203125,217.37892150878906,447.55517578125,145.1663055419922,494.6846618652344,217.37892150878906,0.6782427430152893
game8/Clip7,262,93,player_bottom,801.7916259765625,627.580810546875,768.9925537109375,507.5923156738281,834.5906372070312,627.580810546875,0.8512692451477051
game8/Clip7,262,92,player_top,477.2752685546875,218.73101806640625,453.6497497558594,144.39939880371094,500.9007873535156,218.73101806640625,0.7841870188713074
game8/Clip7,263,93,player_bottom,810.5870361328125,625.393798828125,778.6436157226562,507.6129150390625,842.5304565429688,625.393798828125,0.7820780873298645
game8/Clip7,263,92,player_top,481.1139831542969,219.9893341064453,457.34149169921875,143.28573608398438,504.886474609375,219.9893341064453,0.7713697552680969
game8/Clip7,264,93,player_bottom,820.5678100585938,623.6267700195312,788.751708984375,508.3898010253906,852.3839111328125,623.6267700195312,0.8531765341758728
game8/Clip7,264,92,player_top,484.45281982421875,221.59622192382812,460.89202880859375,143.87301635742188,508.01361083984375,221.59622192382812,0.7605850100517273
game8/Clip7,265,93,player_bottom,828.16650390625,622.81396484375,793.9132080078125,501.04449462890625,862.4197387695312,622.81396484375,0.8369975686073303
game8/Clip7,265,92,player_top,490.52020263671875,222.8035888671875,467.6166687011719,144.36019897460938,513.4237670898438,222.8035888671875,0.7370267510414124
game8/Clip7,266,93,player_bottom,836.0199584960938,622.0084228515625,800.669677734375,499.4764099121094,871.3702392578125,622.0084228515625,0.8644529581069946
game8/Clip7,266,92,player_top,495.7981872558594,224.26019287109375,473.53717041015625,145.22122192382812,518.0592041015625,224.26019287109375,0.786971390247345
game8/Clip7,267,93,player_bottom,840.8680419921875,621.5700073242188,804.1025390625,498.02642822265625,877.6334838867188,621.5700073242188,0.8651317358016968
game8/Clip7,267,92,player_top,500.2992248535156,224.96607971191406,479.23138427734375,147.01780700683594,521.3670654296875,224.96607971191406,0.7845108509063721
game8/Clip7,268,93,player_bottom,846.7021484375,620.5321044921875,809.1129760742188,498.1733093261719,884.2913208007812,620.5321044921875,0.8806261420249939
game8/Clip7,268,92,player_top,505.32989501953125,225.47898864746094,485.3343811035156,148.7412109375,525.3253784179688,225.47898864746094,0.7709434628486633
game8/Clip7,269,93,player_bottom,849.5311279296875,618.7623901367188,812.2324829101562,501.0171813964844,886.829833984375,618.7623901367188,0.8949694037437439
game8/Clip7,269,92,player_top,513.0889892578125,225.7374267578125,493.300048828125,149.4547576904297,532.8778686523438,225.7374267578125,0.8297225832939148
game8/Clip7,270,93,player_bottom,851.556884765625,618.4487915039062,813.5000610351562,500.63275146484375,889.6137084960938,618.4487915039062,0.9023125171661377
game8/Clip7,270,92,player_top,518.3462524414062,225.80963134765625,498.2893371582031,149.46453857421875,538.4031982421875,225.80963134765625,0.8482363820075989
game8/Clip7,271,93,player_bottom,856.982177734375,617.8528442382812,817.7344970703125,498.1933288574219,896.2299194335938,617.8528442382812,0.8849216103553772
game8/Clip7,271,92,player_top,522.2706298828125,225.68206787109375,501.58447265625,148.72311401367188,542.9567260742188,225.68206787109375,0.8758561015129089
game8/Clip7,272,93,player_bottom,863.6148681640625,617.4893188476562,822.9281616210938,494.0166015625,904.3015747070312,617.4893188476562,0.7438746690750122
game8/Clip7,272,92,player_top,525.18359375,225.5831756591797,504.05718994140625,148.08753967285156,546.3099365234375,225.5831756591797,0.8866648077964783
game8/Clip7,273,93,player_bottom,870.6624755859375,616.9487915039062,829.14794921875,490.10638427734375,912.1769409179688,616.9487915039062,0.8797921538352966
game8/Clip7,273,92,player_top,527.4492797851562,225.04261779785156,506.1861572265625,147.45388793945312,548.71240234375,225.04261779785156,0.8691558241844177
game8/Clip7,274,93,player_bottom,874.28857421875,616.5221557617188,832.2365112304688,485.4610595703125,916.3406982421875,616.5221557617188,0.8494876623153687
game8/Clip7,274,92,player_top,530.1283569335938,224.34007263183594,509.0640869140625,146.89559936523438,551.192626953125,224.34007263183594,0.847241222858429
game8/Clip7,275,93,player_bottom,877.2825317382812,615.8767700195312,835.1935424804688,481.3198547363281,919.3715209960938,615.8767700195312,0.8974461555480957
game8/Clip7,275,92,player_top,533.550537109375,223.40220642089844,513.0070190429688,146.18496704101562,554.0941162109375,223.40220642089844,0.8253815770149231
game8/Clip7,276,93,player_bottom,880.0970458984375,616.783203125,836.1959228515625,472.6302185058594,923.9982299804688,616.783203125,0.8534435033798218
game8/Clip7,276,92,player_top,536.8486328125,222.6061248779297,517.134033203125,147.1042938232422,556.563232421875,222.6061248779297,0.7993128895759583
game8/Clip7,277,93,player_bottom,883.1771240234375,612.5914916992188,840.0713500976562,468.27587890625,926.2828369140625,612.5914916992188,0.8688979148864746
game8/Clip7,277,92,player_top,541.384765625,222.1205596923828,521.98828125,147.6347198486328,560.78125,222.1205596923828,0.8341327905654907
game8/Clip7,278,93,player_bottom,888.1031494140625,610.0074462890625,846.8334350585938,471.4035949707031,929.372802734375,610.0074462890625,0.8810328245162964
game8/Clip7,278,92,player_top,544.09521484375,223.0807647705078,524.600341796875,148.1178436279297,563.590087890625,223.0807647705078,0.8355924487113953
game8/Clip7,279,93,player_bottom,895.4019165039062,607.3836059570312,854.6510620117188,472.13775634765625,936.1527709960938,607.3836059570312,0.8532586693763733
game8/Clip7,279,92,player_top,549.0965576171875,223.64602661132812,529.1243286132812,149.02391052246094,569.06884765625,223.64602661132812,0.8736504316329956
game8/Clip7,280,93,player_bottom,902.5775756835938,605.4083862304688,862.1915893554688,474.2703552246094,942.9635620117188,605.4083862304688,0.8760488033294678
game8/Clip7,280,92,player_top,552.1611328125,223.98147583007812,531.5930786132812,149.955810546875,572.7291870117188,223.98147583007812,0.8774625062942505
game8/Clip7,281,93,player_bottom,907.6849365234375,599.2612915039062,868.915283203125,477.2639465332031,946.4546508789062,599.2612915039062,0.8484645485877991
game8/Clip7,281,92,player_top,553.92578125,224.1591339111328,532.7698974609375,150.989990234375,575.0816650390625,224.1591339111328,0.8877843618392944
game8/Clip7,282,93,player_bottom,916.4768676757812,602.8300170898438,876.8716430664062,481.7679138183594,956.0820922851562,602.8300170898438,0.8892861008644104
game8/Clip7,282,92,player_top,554.2376708984375,224.16465759277344,532.25927734375,150.3717041015625,576.2160034179688,224.16465759277344,0.8824859857559204
game8/Clip7,283,93,player_bottom,923.8663330078125,607.3861083984375,883.57275390625,486.4366455078125,964.159912109375,607.3861083984375,0.9122685790061951
game8/Clip7,283,92,player_top,555.412109375,223.61183166503906,532.785888671875,149.6388397216797,578.0383911132812,223.61183166503906,0.8359907865524292
game8/Clip7,284,93,player_bottom,930.1588134765625,610.385009765625,889.8590087890625,490.13458251953125,970.4586181640625,610.385009765625,0.9039966464042664
game8/Clip7,284,92,player_top,557.8392944335938,223.36907958984375,534.7321166992188,149.36941528320312,580.9464721679688,223.36907958984375,0.8317790627479553
game8/Clip7,285,93,player_bottom,935.198486328125,610.8256225585938,895.72509765625,492.6375732421875,974.6719360351562,610.8256225585938,0.896170437335968
game8/Clip7,285,92,player_top,563.1613159179688,222.72109985351562,540.0001220703125,149.40802001953125,586.322509765625,222.72109985351562,0.8443387150764465
game8/Clip7,286,93,player_bottom,937.8612060546875,611.0562744140625,898.724609375,492.98492431640625,976.997802734375,611.0562744140625,0.896100640296936
game8/Clip7,286,92,player_top,570.016845703125,222.62680053710938,547.0243530273438,150.06178283691406,593.00927734375,222.62680053710938,0.813366174697876
game8/Clip7,287,93,player_bottom,937.4906005859375,611.6161499023438,898.0398559570312,492.023681640625,976.94140625,611.6161499023438,0.8357817530632019
game8/Clip7,287,92,player_top,580.11328125,223.15408325195312,556.8590087890625,149.6344757080078,603.3674926757812,223.15408325195312,0.7945103049278259
game8/Clip7,288,93,player_bottom,936.4296264648438,611.2736206054688,896.3849487304688,489.53570556640625,976.4743041992188,611.2736206054688,0.8578671813011169
game8/Clip7,288,92,player_top,585.9331665039062,223.07809448242188,562.69775390625,149.7952880859375,609.1685791015625,223.07809448242188,0.8445762395858765
game8/Clip7,289,93,player_bottom,933.901611328125,610.4356689453125,893.4757690429688,487.0878601074219,974.3274536132812,610.4356689453125,0.845497727394104
game8/Clip7,289,92,player_top,589.5985107421875,222.88758850097656,565.4529418945312,147.68075561523438,613.7440185546875,222.88758850097656,0.8489893078804016
game8/Clip7,290,93,player_bottom,933.9398193359375,610.1483154296875,893.7528076171875,485.9295654296875,974.1267700195312,610.1483154296875,0.8885511755943298
game8/Clip7,290,92,player_top,594.9775390625,222.5814666748047,570.8463745117188,148.951416015625,619.1087036132812,222.5814666748047,0.8703685998916626
game8/Clip7,291,93,player_bottom,928.9774169921875,610.5217895507812,888.8181762695312,485.4060974121094,969.13671875,610.5217895507812,0.8216588497161865
game8/Clip7,291,92,player_top,600.93896484375,222.28550720214844,576.6663208007812,150.18731689453125,625.2116088867188,222.28550720214844,0.8571881651878357
game8/Clip7,292,93,player_bottom,918.3359375,612.3139038085938,878.3018188476562,486.1156005859375,958.3700561523438,612.3139038085938,0.8298072814941406
game8/Clip7,292,92,player_top,607.6094970703125,223.83409118652344,582.52880859375,150.7365264892578,632.690185546875,223.83409118652344,0.8669363856315613
game8/Clip7,293,93,player_bottom,908.85986328125,612.7227783203125,869.5062866210938,487.61456298828125,948.21337890625,612.7227783203125,0.8475740551948547
game8/Clip7,293,92,player_top,624.2808837890625,224.11236572265625,599.9254150390625,150.91696166992188,648.6362915039062,224.11236572265625,0.7245254516601562
game8/Clip7,294,93,player_bottom,903.100830078125,612.8643188476562,864.0283813476562,488.4376220703125,942.17333984375,612.8643188476562,0.8803166747093201
game8/Clip7,294,92,player_top,631.130859375,224.05747985839844,607.3670654296875,151.36566162109375,654.8946533203125,224.05747985839844,0.7265304327011108
game8/Clip7,295,93,player_bottom,899.2354125976562,613.2898559570312,859.5377197265625,487.01019287109375,938.93310546875,613.2898559570312,0.8754442930221558
game8/Clip7,295,92,player_top,638.0445556640625,223.84317016601562,614.8538818359375,151.9148406982422,661.2352905273438,223.84317016601562,0.822145938873291
game8/Clip7,296,93,player_bottom,893.41552734375,610.7666625976562,854.1359252929688,486.0511474609375,932.695068359375,610.7666625976562,0.865877628326416
game8/Clip7,296,92,player_top,644.353271484375,224.08367919921875,621.3553466796875,153.68556213378906,667.3511352539062,224.08367919921875,0.7839809060096741
game8/Clip7,297,93,player_bottom,888.0836181640625,607.7980346679688,849.350341796875,485.1396484375,926.8169555664062,607.7980346679688,0.8684078454971313
game8/Clip7,297,92,player_top,651.0565185546875,223.92796325683594,627.2568359375,153.37506103515625,674.8561401367188,223.92796325683594,0.8582494258880615
game8/Clip7,298,93,player_bottom,875.4383544921875,605.5728149414062,838.0922241210938,485.3197021484375,912.784423828125,605.5728149414062,0.7538080215454102
game8/Clip7,298,92,player_top,658.1998291015625,224.03587341308594,632.9691772460938,152.25209045410156,683.430419921875,224.03587341308594,0.8747097253799438
game8/Clip7,299,93,player_bottom,864.3384399414062,605.8688354492188,828.2053833007812,485.8011474609375,900.4714965820312,605.8688354492188,0.8318202495574951
game8/Clip7,299,92,player_top,665.49755859375,223.52369689941406,639.4428100585938,153.24346923828125,691.5523681640625,223.52369689941406,0.8751752972602844
game8/Clip7,300,93,player_bottom,855.952392578125,606.3690185546875,820.9602661132812,486.3344421386719,890.9445190429688,606.3690185546875,0.8563769459724426
game8/Clip7,300,92,player_top,673.2628173828125,221.7812042236328,646.9278564453125,154.59249877929688,699.5977783203125,221.7812042236328,0.8668219447135925
game8/Clip7,301,93,player_bottom,845.8970947265625,606.5267944335938,810.7469482421875,485.58563232421875,881.0473022460938,606.5267944335938,0.8189893364906311
game8/Clip7,301,92,player_top,681.0931396484375,221.20338439941406,653.9108276367188,155.33401489257812,708.2754516601562,221.20338439941406,0.8746775984764099
game8/Clip7,302,93,player_bottom,838.8374633789062,605.928466796875,802.9841918945312,483.9562072753906,874.6907348632812,605.928466796875,0.9041717648506165
game8/Clip7,302,92,player_top,692.7672119140625,220.8326416015625,664.79541015625,156.06248474121094,720.7389526367188,220.8326416015625,0.8549228310585022
game8/Clip7,303,93,player_bottom,832.358154296875,604.39697265625,795.5884399414062,481.7273254394531,869.1278686523438,604.39697265625,0.900941014289856
game8/Clip7,303,92,player_top,703.89013671875,220.3661346435547,675.3984985351562,156.76902770996094,732.3817749023438,220.3661346435547,0.7203396558761597
game8/Clip7,304,93,player_bottom,825.047119140625,604.65380859375,787.1362915039062,479.2691650390625,862.9578857421875,604.65380859375,0.8694448471069336
game8/Clip7,304,92,player_top,710.003662109375,219.00662231445312,682.3502197265625,157.5380096435547,737.6571044921875,219.00662231445312,0.6896753907203674
game8/Clip7,305,93,player_bottom,816.914794921875,604.365966796875,778.5274047851562,475.2521667480469,855.3021850585938,604.365966796875,0.8798805475234985
game8/Clip7,305,92,player_top,719.4757080078125,218.6501007080078,692.2421264648438,157.30357360839844,746.7092895507812,218.6501007080078,0.6368374824523926
game8/Clip7,306,93,player_bottom,804.2381591796875,603.8693237304688,765.96435546875,471.43133544921875,842.5120239257812,603.8693237304688,0.8230695724487305
game8/Clip7,306,92,player_top,727.3294677734375,217.7480010986328,699.84228515625,154.97035217285156,754.8165893554688,217.7480010986328,0.7320631742477417
game8/Clip7,307,93,player_bottom,792.3850708007812,603.0310668945312,754.820068359375,469.44757080078125,829.9500732421875,603.0310668945312,0.8279467821121216
game8/Clip7,307,92,player_top,732.1456298828125,217.39212036132812,704.38232421875,153.613525390625,759.9089965820312,217.39212036132812,0.75953209400177
game8/Clip7,308,93,player_bottom,783.93212890625,598.3668823242188,748.2112426757812,467.7952880859375,819.6529541015625,598.3668823242188,0.8419989943504333
game8/Clip7,308,92,player_top,738.5244140625,217.17286682128906,710.5765991210938,153.84710693359375,766.47216796875,217.17286682128906,0.8506686091423035
game8/Clip7,309,93,player_bottom,774.6304931640625,596.7697143554688,739.957763671875,466.96282958984375,809.3032836914062,596.7697143554688,0.8007875084877014
game8/Clip7,309,92,player_top,743.82763671875,216.07150268554688,715.89404296875,153.91607666015625,771.7612915039062,216.07150268554688,0.849972665309906
game8/Clip7,310,93,player_bottom,763.6162109375,598.7802124023438,729.168701171875,466.9300537109375,798.063720703125,598.7802124023438,0.8524500727653503
game8/Clip7,310,92,player_top,750.0321044921875,215.9935760498047,721.344970703125,153.404296875,778.7191772460938,215.9935760498047,0.8448591232299805
game8/Clip7,311,93,player_bottom,751.54443359375,600.1859741210938,717.2930297851562,468.4588928222656,785.7957763671875,600.1859741210938,0.8898233771324158
game8/Clip7,311,92,player_top,755.377685546875,216.77334594726562,725.673095703125,152.59854125976562,785.082275390625,216.77334594726562,0.8444564938545227
game8/Clip7,312,93,player_bottom,737.996337890625,601.4945678710938,703.6407470703125,469.95953369140625,772.3518676757812,601.4945678710938,0.8804288506507874
game8/Clip7,312,92,player_top,762.966796875,216.54100036621094,733.9617919921875,153.91539001464844,791.9717407226562,216.54100036621094,0.8102026581764221
game8/Clip7,313,93,player_bottom,726.4801025390625,601.481689453125,691.9072875976562,470.52587890625,761.052978515625,601.481689453125,0.8959515690803528
game8/Clip7,313,92,player_top,772.439208984375,216.28091430664062,743.8806762695312,154.25306701660156,800.9977416992188,216.28091430664062,0.7731548547744751
game8/Clip7,314,93,player_bottom,719.5594482421875,600.5035400390625,684.5161743164062,469.9089050292969,754.6027221679688,600.5035400390625,0.8987933993339539
game8/Clip7,314,92,player_top,780.488525390625,215.9635772705078,752.8474731445312,154.68861389160156,808.129638671875,215.9635772705078,0.7864552140235901
game8/Clip7,315,93,player_bottom,715.3272705078125,597.4398193359375,680.3396606445312,468.71630859375,750.31494140625,597.4398193359375,0.8926327228546143
game8/Clip7,315,92,player_top,790.2684326171875,216.26490783691406,762.5072631835938,153.7626495361328,818.029541015625,216.26490783691406,0.6885179281234741
game8/Clip7,316,93,player_bottom,709.4959716796875,594.4520263671875,675.3341674804688,467.9556884765625,743.6577758789062,594.4520263671875,0.8849689364433289
game8/Clip7,316,92,player_top,795.649658203125,215.89199829101562,767.8115844726562,151.6553497314453,823.4876708984375,215.89199829101562,0.747855007648468
game8/Clip7,317,93,player_bottom,702.408203125,592.3712768554688,669.2086791992188,467.0231628417969,735.6077880859375,592.3712768554688,0.8702366352081299
game8/Clip7,317,92,player_top,800.0313720703125,215.08493041992188,772.0986328125,149.68368530273438,827.9641723632812,215.08493041992188,0.8078467845916748
game8/Clip7,318,93,player_bottom,693.42041015625,588.909423828125,661.7129516601562,466.56439208984375,725.1279296875,588.909423828125,0.8422725200653076
game8/Clip7,318,92,player_top,804.42919921875,214.79403686523438,776.0209350585938,147.4848175048828,832.8375244140625,214.79403686523438,0.756371259689331
game8/Clip7,319,93,player_bottom,682.298583984375,581.9363403320312,652.8856811523438,467.0641174316406,711.71142578125,581.9363403320312,0.8426647782325745
game8/Clip7,319,92,player_top,808.7843017578125,214.65695190429688,779.7383422851562,145.47207641601562,837.8302612304688,214.65695190429688,0.6890776753425598
game8/Clip7,320,93,player_bottom,671.68701171875,577.1378173828125,643.4906616210938,468.40509033203125,699.88330078125,577.1378173828125,0.8737879395484924
game8/Clip7,320,92,player_top,812.509765625,215.10597229003906,783.627685546875,146.0103302001953,841.3919067382812,215.10597229003906,0.7932459712028503
game8/Clip7,321,93,player_bottom,658.9820556640625,574.6425170898438,630.7496948242188,468.8733215332031,687.21435546875,574.6425170898438,0.8753176927566528
game8/Clip7,321,92,player_top,817.6466064453125,214.8604736328125,788.800537109375,146.26483154296875,846.4927368164062,214.8604736328125,0.8208851218223572
game8/Clip7,322,93,player_bottom,648.24462890625,574.0308837890625,619.294189453125,469.3970642089844,677.1951293945312,574.0308837890625,0.8872608542442322
game8/Clip7,322,92,player_top,818.762451171875,215.13040161132812,789.947509765625,146.15164184570312,847.5773315429688,215.13040161132812,0.7377536296844482
game8/Clip7,323,93,player_bottom,642.336181640625,572.2947998046875,612.224609375,468.3636474609375,672.4478149414062,572.2947998046875,0.9041115045547485
game8/Clip7,323,92,player_top,820.11572265625,215.26519775390625,791.443115234375,145.8184356689453,848.788330078125,215.26519775390625,0.7727764248847961
game8/Clip7,324,93,player_bottom,639.2698974609375,570.1898803710938,607.9813842773438,466.28961181640625,670.5584716796875,570.1898803710938,0.8812929391860962
game8/Clip7,324,92,player_top,821.388916015625,214.69558715820312,793.6305541992188,146.3662109375,849.1473388671875,214.69558715820312,0.7416847944259644
game8/Clip7,325,93,player_bottom,634.7589111328125,569.06884765625,602.7503051757812,464.79833984375,666.767578125,569.06884765625,0.8342843055725098
game8/Clip7,325,92,player_top,822.6728515625,214.56704711914062,795.6173095703125,146.64990234375,849.7283935546875,214.56704711914062,0.6449756026268005
game8/Clip7,326,93,player_bottom,625.2276611328125,570.5428466796875,591.8431396484375,462.9366149902344,658.6122436523438,570.5428466796875,0.8389391303062439
game8/Clip7,326,92,player_top,827.091064453125,214.627685546875,800.036376953125,146.4298553466797,854.1456909179688,214.627685546875,0.7893105149269104
game8/Clip7,327,93,player_bottom,610.6341552734375,571.184814453125,576.3198852539062,460.46038818359375,644.9483642578125,571.184814453125,0.8229040503501892
game8/Clip7,327,92,player_top,829.7623291015625,213.9622802734375,802.9907836914062,146.04580688476562,856.5338134765625,213.9622802734375,0.76155024766922
game8/Clip7,328,93,player_bottom,596.6602783203125,571.039794921875,562.536865234375,458.50067138671875,630.7837524414062,571.039794921875,0.8623256087303162
game8/Clip7,328,92,player_top,831.48876953125,213.31597900390625,805.128173828125,145.97230529785156,857.849365234375,213.31597900390625,0.8217841386795044
game8/Clip7,329,93,player_bottom,582.7530517578125,568.8883056640625,549.90185546875,456.86383056640625,615.6041870117188,568.8883056640625,0.8334799408912659
game8/Clip7,329,92,player_top,832.4619140625,212.64791870117188,806.5259399414062,145.95716857910156,858.3978271484375,212.64791870117188,0.8186132311820984
game8/Clip7,330,93,player_bottom,572.271240234375,569.6007690429688,540.2421875,456.31201171875,604.30029296875,569.6007690429688,0.8465408086776733
game8/Clip7,330,92,player_top,833.24658203125,212.17738342285156,807.6636352539062,145.79249572753906,858.8294677734375,212.17738342285156,0.8041691780090332
game8/Clip7,331,93,player_bottom,561.58349609375,570.4822998046875,530.7161254882812,457.20330810546875,592.4508666992188,570.4822998046875,0.8354599475860596
game8/Clip7,331,92,player_top,833.8861694335938,211.86392211914062,808.353759765625,144.71014404296875,859.4185791015625,211.86392211914062,0.7956686615943909
game8/Clip7,332,93,player_bottom,550.3544921875,571.990234375,520.2811889648438,458.5654296875,580.427734375,571.990234375,0.8542903065681458
game8/Clip7,332,92,player_top,833.280517578125,211.40234375,807.4910888671875,142.93814086914062,859.0699462890625,211.40234375,0.8119461536407471
game8/Clip7,333,93,player_bottom,536.4224853515625,572.94482421875,506.48736572265625,460.181884765625,566.3576049804688,572.94482421875,0.8644794821739197
game8/Clip7,333,92,player_top,832.2388916015625,211.2166748046875,805.7039794921875,139.5844268798828,858.7737426757812,211.2166748046875,0.6812713742256165
game8/Clip7,334,93,player_bottom,527.8972778320312,573.0845336914062,497.4824523925781,460.8328857421875,558.3120727539062,573.0845336914062,0.8969171047210693
game8/Clip7,334,92,player_top,831.2815551757812,211.30789184570312,804.4782104492188,138.15524291992188,858.0848999023438,211.30789184570312,0.7309247255325317
game8/Clip7,335,93,player_bottom,521.7403564453125,572.3966064453125,490.5307922363281,461.0106201171875,552.949951171875,572.3966064453125,0.9070774912834167
game8/Clip7,335,92,player_top,829.7366943359375,211.42849731445312,802.8193969726562,137.04161071777344,856.6539916992188,211.42849731445312,0.7058454155921936
game8/Clip7,336,93,player_bottom,517.1488037109375,573.7080688476562,484.8423767089844,462.1396484375,549.4552001953125,573.7080688476562,0.896234393119812
game8/Clip7,336,92,player_top,827.0475463867188,211.41822814941406,800.3860473632812,136.7201690673828,853.7090454101562,211.41822814941406,0.694250226020813
game8/Clip7,337,93,player_bottom,508.1441345214844,575.7119750976562,475.39105224609375,463.2609558105469,540.897216796875,575.7119750976562,0.8741661906242371
game8/Clip7,337,92,player_top,823.978515625,211.73475646972656,797.7360229492188,137.00306701660156,850.2210693359375,211.73475646972656,0.6999586820602417
game8/Clip7,338,93,player_bottom,495.8554992675781,577.656982421875,463.556884765625,463.7869873046875,528.1541137695312,577.656982421875,0.8288590312004089
game8/Clip7,338,92,player_top,819.8221435546875,211.85276794433594,794.090576171875,136.90325927734375,845.5537109375,211.85276794433594,0.7695587277412415
game8/Clip7,339,93,player_bottom,483.8136291503906,577.8812255859375,452.3226318359375,463.05377197265625,515.3046264648438,577.8812255859375,0.8062067627906799
game8/Clip7,339,92,player_top,816.2190551757812,212.34375,790.8427124023438,135.95729064941406,841.5953979492188,212.34375,0.7631701827049255
game8/Clip7,340,93,player_bottom,472.1186828613281,577.2905883789062,441.568115234375,462.1471252441406,502.66925048828125,577.2905883789062,0.8131541013717651
game8/Clip7,340,92,player_top,812.4034423828125,213.56288146972656,787.456298828125,135.36976623535156,837.3505249023438,213.56288146972656,0.7570184469223022
game8/Clip7,341,93,player_bottom,462.59716796875,576.492919921875,432.982666015625,462.17010498046875,492.2116394042969,576.492919921875,0.8292544484138489
game8/Clip7,341,92,player_top,809.526611328125,214.77581787109375,785.0588989257812,134.7611846923828,833.994384765625,214.77581787109375,0.6791971921920776
game8/Clip7,342,93,player_bottom,451.45477294921875,577.5596923828125,422.7333068847656,463.4187316894531,480.17626953125,577.5596923828125,0.8120068311691284
game8/Clip7,342,92,player_top,806.7418823242188,215.49176025390625,782.54638671875,133.1887969970703,830.9373779296875,215.49176025390625,0.6754329204559326
game8/Clip7,343,93,player_bottom,441.73516845703125,584.520263671875,412.69964599609375,465.18963623046875,470.77069091796875,584.520263671875,0.8153568506240845
game8/Clip7,343,92,player_top,803.4560546875,216.51268005371094,779.7667236328125,133.1353302001953,827.1453857421875,216.51268005371094,0.7651024460792542
game8/Clip7,344,93,player_bottom,429.21832275390625,587.3619995117188,400.5867004394531,467.652099609375,457.8499450683594,587.3619995117188,0.8052036762237549
game8/Clip7,344,92,player_top,800.19873046875,217.26475524902344,777.3526000976562,133.7073211669922,823.0447998046875,217.26475524902344,0.7072084546089172
game8/Clip7,345,93,player_bottom,416.9039611816406,588.3137817382812,388.3445739746094,469.0957336425781,445.4633483886719,588.3137817382812,0.8386178612709045
game8/Clip7,345,92,player_top,797.60595703125,217.4391326904297,775.8732299804688,134.752685546875,819.338623046875,217.4391326904297,0.6975706815719604
game8/Clip7,346,93,player_bottom,408.10894775390625,588.5095825195312,379.02362060546875,469.6451416015625,437.1942443847656,588.5095825195312,0.8916041851043701
game8/Clip7,346,92,player_top,795.05615234375,217.29055786132812,774.222900390625,135.07940673828125,815.8893432617188,217.29055786132812,0.7573633790016174
game8/Clip7,347,93,player_bottom,400.48370361328125,589.6126098632812,370.39422607421875,470.43310546875,430.57318115234375,589.6126098632812,0.8875287175178528
game8/Clip7,347,92,player_top,792.6241455078125,217.2082977294922,772.3695068359375,135.33152770996094,812.8787841796875,217.2082977294922,0.7636814117431641
game8/Clip7,348,93,player_bottom,391.11151123046875,591.4963989257812,360.5157775878906,473.1871032714844,421.707275390625,591.4963989257812,0.8907328248023987
game8/Clip7,348,92,player_top,790.174560546875,217.36065673828125,769.9566040039062,134.6898651123047,810.3925170898438,217.36065673828125,0.8025573492050171
game8/Clip7,349,93,player_bottom,377.9701843261719,594.797607421875,347.82666015625,477.3603210449219,408.11370849609375,594.797607421875,0.8760362863540649
game8/Clip7,349,92,player_top,786.6304931640625,217.42169189453125,766.2398071289062,134.61817932128906,807.0211791992188,217.42169189453125,0.8080195784568787
game8/Clip7,350,93,player_bottom,369.347900390625,597.2015380859375,340.02392578125,480.62548828125,398.6718444824219,597.2015380859375,0.8301023840904236
game8/Clip7,350,92,player_top,784.682373046875,217.60914611816406,764.321044921875,135.76141357421875,805.0437622070312,217.60914611816406,0.7944159507751465
game8/Clip7,351,93,player_bottom,360.6948547363281,599.0371704101562,331.9919738769531,481.73675537109375,389.3977355957031,599.0371704101562,0.7651088237762451
game8/Clip7,351,92,player_top,783.035888671875,217.97433471679688,762.3943481445312,135.375732421875,803.6774291992188,217.97433471679688,0.8350368142127991
game8/Clip7,352,93,player_bottom,350.69146728515625,597.85400390625,323.2231140136719,482.0028991699219,378.1598205566406,597.85400390625,0.7591375708580017
game8/Clip7,352,92,player_top,780.5451049804688,219.10360717773438,759.9497680664062,136.4213409423828,801.1404418945312,219.10360717773438,0.8387616872787476
game8/Clip7,353,93,player_bottom,339.06768798828125,599.3338012695312,311.2743835449219,483.0650634765625,366.8609619140625,599.3338012695312,0.8314611911773682
game8/Clip7,353,92,player_top,777.3665771484375,219.62901306152344,757.1485595703125,138.19219970703125,797.5845336914062,219.62901306152344,0.8513848185539246
game8/Clip7,354,93,player_bottom,329.54766845703125,609.533447265625,299.71270751953125,484.5335388183594,359.38262939453125,609.533447265625,0.8353990912437439
game8/Clip7,354,92,player_top,773.429443359375,220.0030059814453,753.7693481445312,139.87521362304688,793.089599609375,220.0030059814453,0.8057467341423035
game8/Clip7,355,93,player_bottom,318.85406494140625,614.5248413085938,289.29510498046875,487.6462097167969,348.4130554199219,614.5248413085938,0.8323997259140015
game8/Clip7,355,92,player_top,768.9036865234375,220.1636199951172,749.6226806640625,139.77835083007812,788.1846313476562,220.1636199951172,0.7801744937896729
game8/Clip7,356,93,player_bottom,313.056640625,616.6768188476562,284.1794738769531,488.76275634765625,341.933837890625,616.6768188476562,0.8209779262542725
game8/Clip7,356,92,player_top,765.37890625,220.29489135742188,746.5045776367188,139.54505920410156,784.2532958984375,220.29489135742188,0.8029430508613586
game8/Clip7,357,93,player_bottom,304.969482421875,617.2055053710938,276.81658935546875,488.9280090332031,333.1224060058594,617.2055053710938,0.8216130137443542
game8/Clip7,357,92,player_top,762.6593017578125,221.19815063476562,743.746826171875,138.34860229492188,781.5717163085938,221.19815063476562,0.825219988822937
game8/Clip7,358,93,player_bottom,294.1494140625,618.5113525390625,266.1640319824219,489.54974365234375,322.134765625,618.5113525390625,0.8319383263587952
game8/Clip7,358,92,player_top,760.3045043945312,221.3546142578125,741.6104125976562,137.56166076660156,778.9985961914062,221.3546142578125,0.8332971930503845
game8/Clip7,359,93,player_bottom,282.07861328125,620.4917602539062,253.73818969726562,490.880126953125,310.41900634765625,620.4917602539062,0.8416388630867004
game8/Clip7,359,92,player_top,757.9605712890625,220.68106079101562,739.75634765625,137.30857849121094,776.164794921875,220.68106079101562,0.8245393633842468
game8/Clip7,360,93,player_bottom,271.3657531738281,624.2606811523438,242.40599060058594,492.8172607421875,300.3255310058594,624.2606811523438,0.8751620054244995
game8/Clip7,360,92,player_top,755.4420166015625,220.33241271972656,737.6962890625,137.85865783691406,773.187744140625,220.33241271972656,0.8216010332107544
game8/Clip7,361,93,player_bottom,260.88067626953125,628.6971435546875,231.34446716308594,496.13409423828125,290.4168701171875,628.6971435546875,0.8839643597602844
game8/Clip7,361,92,player_top,752.5398559570312,222.18109130859375,734.8958129882812,139.14495849609375,770.1838989257812,222.18109130859375,0.8166892528533936
game8/Clip7,362,93,player_bottom,251.66409301757812,634.008544921875,221.56666564941406,500.12396240234375,281.76153564453125,634.008544921875,0.8825268149375916
game8/Clip7,362,92,player_top,750.1756591796875,223.7855987548828,732.6475830078125,139.9855194091797,767.7037963867188,223.7855987548828,0.804905354976654
game8/Clip7,363,93,player_bottom,243.834228515625,638.8709106445312,213.6414337158203,505.1782531738281,274.02703857421875,638.8709106445312,0.8677376508712769
game8/Clip7,363,92,player_top,747.7427978515625,224.42547607421875,730.3909301757812,140.14695739746094,765.0946044921875,224.42547607421875,0.8301401734352112
game8/Clip7,364,93,player_bottom,233.96307373046875,642.959716796875,203.44276428222656,510.12261962890625,264.4833984375,642.959716796875,0.8476797342300415
game8/Clip7,364,92,player_top,744.70849609375,224.54107666015625,727.5479125976562,140.23997497558594,761.8690795898438,224.54107666015625,0.8355790376663208
game8/Clip7,365,93,player_bottom,223.2345428466797,648.3640747070312,191.65228271484375,513.9192504882812,254.81680297851562,648.3640747070312,0.7794535160064697
game8/Clip7,365,92,player_top,741.6842041015625,224.8965606689453,724.5890502929688,139.96267700195312,758.779296875,224.8965606689453,0.8473180532455444
game8/Clip7,366,93,player_bottom,211.96353149414062,652.173095703125,179.58262634277344,518.2484130859375,244.3444366455078,652.173095703125,0.8849918842315674
game8/Clip7,366,92,player_top,737.5220947265625,224.98814392089844,720.3474731445312,139.72799682617188,754.69677734375,224.98814392089844,0.8730924129486084
game8/Clip7,367,93,player_bottom,203.78250122070312,654.415771484375,170.5567169189453,520.77685546875,237.00827026367188,654.415771484375,0.8823579549789429
game8/Clip7,367,92,player_top,733.5382080078125,224.7122344970703,716.0942993164062,138.5709686279297,750.982177734375,224.7122344970703,0.8734050393104553
game8/Clip7,368,93,player_bottom,198.50555419921875,655.4976806640625,165.0699920654297,523.8009033203125,231.9411163330078,655.4976806640625,0.8908266425132751
game8/Clip7,368,92,player_top,730.2015380859375,224.60646057128906,712.4401245117188,137.50555419921875,747.9629516601562,224.60646057128906,0.8706756234169006
game8/Clip7,369,93,player_bottom,194.97421264648438,655.9887084960938,161.1264190673828,523.7462768554688,228.82200622558594,655.9887084960938,0.8807888031005859
game8/Clip7,369,92,player_top,727.66845703125,224.6129150390625,709.8017578125,137.7344512939453,745.5352172851562,224.6129150390625,0.8630475401878357
game8/Clip7,370,93,player_bottom,192.03738403320312,656.0662231445312,157.82960510253906,522.03271484375,226.24517822265625,656.0662231445312,0.8951393961906433
game8/Clip7,370,92,player_top,725.3839721679688,224.49041748046875,707.4776000976562,138.28208923339844,743.2903442382812,224.49041748046875,0.8426473140716553
game8/Clip7,371,93,player_bottom,192.03817579481336,655.9097561306423,157.77508926391602,521.7879672580295,226.3012775844998,655.9097561306423,0.8944061216380861
game8/Clip7,371,92,player_top,724.6082763671875,224.70713806152344,706.5478515625,138.57443237304688,742.6686401367188,224.70713806152344,0.8434469699859619
game8/Clip7,372,93,player_bottom,192.03896755642361,655.7532891167534,157.72057342529297,521.5432196723091,226.35737694634332,655.7532891167534,0.8936728470855289
game8/Clip7,372,92,player_top,724.0811767578125,224.7541961669922,706.121826171875,139.70314025878906,742.0405883789062,224.7541961669922,0.8477073311805725
game8/Clip7,373,93,player_bottom,192.03975931803384,655.5968221028646,157.66605758666992,521.2984720865885,226.41347630818686,655.5968221028646,0.8929395725329717
game8/Clip7,373,92,player_top,724.0379638671875,224.67396545410156,706.191650390625,140.8029327392578,741.8843383789062,224.67396545410156,0.857910692691803
game8/Clip7,374,93,player_bottom,192.0405510796441,655.4403550889757,157.61154174804688,521.053724500868,226.4695756700304,655.4403550889757,0.8922062979804145
game8/Clip7,374,92,player_top,723.6402587890625,224.47128295898438,705.8222045898438,141.12144470214844,741.4583129882812,224.47128295898438,0.850213885307312
game8/Clip7,375,93,player_bottom,192.04134284125433,655.2838880750868,157.55702590942383,520.8089769151476,226.5256750318739,655.2838880750868,0.8914730234278573
game8/Clip7,375,92,player_top,723.05712890625,224.5135498046875,705.2330932617188,141.3485107421875,740.881103515625,224.5135498046875,0.8516006469726562
game8/Clip7,376,93,player_bottom,192.0421346028646,655.1274210611979,157.50251007080078,520.5642293294271,226.58177439371744,655.1274210611979,0.8907397488753
game8/Clip7,376,92,player_top,722.091796875,224.63656616210938,704.3612670898438,141.59446716308594,739.8223876953125,224.63656616210938,0.8378818035125732
game8/Clip7,377,93,player_bottom,192.04292636447482,654.9709540473091,157.44799423217773,520.3194817437065,226.63787375556097,654.9709540473091,0.8900064743227429
game8/Clip7,377,92,player_top,720.5188598632812,224.7848358154297,702.9407348632812,141.31231689453125,738.0969848632812,224.7848358154297,0.8189106583595276
game8/Clip7,378,93,player_bottom,192.04371812608508,654.8144870334202,157.3934783935547,520.0747341579861,226.6939731174045,654.8144870334202,0.8892731997701857
game8/Clip7,378,92,player_top,718.7113037109375,224.90272521972656,701.4953002929688,141.0795440673828,735.92724609375,224.90272521972656,0.8152539134025574
game8/Clip7,379,93,player_bottom,192.0445098876953,654.6580200195312,157.33896255493164,519.8299865722656,226.75007247924805,654.6580200195312,0.8885399252176285
game8/Clip7,379,92,player_top,717.4826049804688,225.13233947753906,700.6038208007812,140.67298889160156,734.3613891601562,225.13233947753906,0.8205168843269348
game8/Clip7,380,93,player_bottom,192.04530164930554,654.5015530056423,157.2844467163086,519.5852389865452,226.80617184109158,654.5015530056423,0.8878066506650713
game8/Clip7,380,92,player_top,716.9024658203125,225.45851135253906,700.3104858398438,140.3758087158203,733.4945068359375,225.45851135253906,0.8201245665550232
game8/Clip7,381,93,player_bottom,192.0460934109158,654.3450859917534,157.22993087768555,519.3404914008247,226.86227120293512,654.3450859917534,0.887073376112514
game8/Clip7,381,92,player_top,716.54150390625,225.70132446289062,700.2861328125,140.28428649902344,732.7968139648438,225.70132446289062,0.8045244216918945
game8/Clip7,382,93,player_bottom,192.04688517252603,654.1886189778646,157.1754150390625,519.0957438151041,226.91837056477866,654.1886189778646,0.8863401015599569
game8/Clip7,382,92,player_top,716.2237548828125,226.03546142578125,700.2642822265625,140.23941040039062,732.1831665039062,226.03546142578125,0.8095276951789856
game8/Clip7,383,93,player_bottom,192.0476769341363,654.0321519639757,157.12089920043945,518.8509962293837,226.9744699266222,654.0321519639757,0.8856068270073997
game8/Clip7,383,92,player_top,715.8662109375,226.22662353515625,700.1885986328125,140.12574768066406,731.5437622070312,226.22662353515625,0.7981211543083191
game8/Clip7,384,93,player_bottom,192.04846869574652,653.8756849500868,157.0663833618164,518.6062486436632,227.0305692884657,653.8756849500868,0.8848735524548424
game8/Clip7,384,92,player_top,715.5440063476562,226.27940368652344,700.1222534179688,139.82142639160156,730.9657592773438,226.27940368652344,0.8041218519210815
game8/Clip7,385,93,player_bottom,192.04926045735678,653.7192179361979,157.01186752319336,518.3615010579427,227.08666865030924,653.7192179361979,0.8841402779022852
game8/Clip7,385,92,player_top,715.409423828125,226.2115936279297,700.264892578125,139.6803741455078,730.5538940429688,226.2115936279297,0.8123135566711426
game8/Clip7,386,93,player_bottom,192.050052218967,653.5627509223091,156.9573516845703,518.1167534722222,227.14276801215277,653.5627509223091,0.8834070033497281
game8/Clip7,386,92,player_top,715.0325927734375,226.17611694335938,700.1627197265625,139.69532775878906,729.9024658203125,226.17611694335938,0.8139895796775818
game8/Clip7,387,93,player_bottom,192.05084398057727,653.4062839084202,156.90283584594727,517.8720058865017,227.1988673739963,653.4062839084202,0.8826737287971709
game8/Clip7,387,92,player_top,714.699462890625,226.17845153808594,699.974853515625,139.0653533935547,729.4240112304688,226.17845153808594,0.8219807744026184
game8/Clip7,388,93,player_bottom,192.0516357421875,653.2498168945312,156.84832000732422,517.6272583007812,227.25496673583984,653.2498168945312,0.8819404542446136
game8/Clip7,388,92,player_top,714.48828125,226.22084045410156,699.9798583984375,138.93206787109375,728.9967041015625,226.22084045410156,0.8213489651679993
game8/Clip7,389,93,player_bottom,192.05242750379773,653.0933498806423,156.79380416870117,517.3825107150608,227.31106609768338,653.0933498806423,0.8812071796920564
game8/Clip7,389,92,player_top,714.3660888671875,226.2562255859375,700.0322875976562,138.74440002441406,728.699951171875,226.2562255859375,0.8224589228630066
game8/Clip7,390,93,player_bottom,192.053219265408,652.9368828667534,156.73928833007812,517.1377631293403,227.36716545952692,652.9368828667534,0.8804739051394992
game8/Clip7,390,92,player_top,714.2589721679688,226.25363159179688,700.0745849609375,138.46376037597656,728.443359375,226.25363159179688,0.8245906829833984
game8/Clip7,391,93,player_bottom,192.05401102701822,652.7804158528646,156.68477249145508,516.8930155436198,227.42326482137045,652.7804158528646,0.8797406305869421
game8/Clip7,391,92,player_top,714.3092041015625,226.22314453125,700.28173828125,138.39418029785156,728.3366088867188,226.22314453125,0.8256112933158875
game8/Clip7,392,93,player_bottom,192.05480278862848,652.6239488389757,156.63025665283203,516.6482679578993,227.479364183214,652.6239488389757,0.8790073560343848
game8/Clip7,392,92,player_top,714.2255859375,226.17974853515625,700.34619140625,138.40077209472656,728.1049194335938,226.17974853515625,0.827526330947876
game8/Clip7,393,93,player_bottom,192.0555945502387,652.4674818250868,156.57574081420898,516.4035203721788,227.5354635450575,652.4674818250868,0.8782740814818276
game8/Clip7,393,92,player_top,714.511962890625,226.19679260253906,700.7085571289062,138.3704833984375,728.3153686523438,226.19679260253906,0.8308092355728149
game8/Clip7,394,93,player_bottom,192.05638631184897,652.3110148111979,156.52122497558594,516.1587727864584,227.59156290690103,652.3110148111979,0.8775408069292704
game8/Clip7,394,92,player_top,714.4453125,226.18043518066406,700.662841796875,138.41781616210938,728.2278442382812,226.18043518066406,0.8302085399627686
game8/Clip7,395,93,player_bottom,192.0571780734592,652.1545477973091,156.4667091369629,515.9140252007378,227.64766226874457,652.1545477973091,0.8768075323767133
game8/Clip7,395,92,player_top,714.3868408203125,226.165283203125,700.5807495117188,138.5876007080078,728.19287109375,226.165283203125,0.8388146758079529
game8/Clip7,396,93,player_bottom,192.05796983506946,651.9980807834202,156.41219329833984,515.6692776150173,227.7037616305881,651.9980807834202,0.876074257824156
game8/Clip7,396,92,player_top,714.3564453125,226.13189697265625,700.5003051757812,138.689697265625,728.2125244140625,226.13189697265625,0.8429250717163086
game8/Clip7,397,93,player_bottom,192.0587615966797,651.8416137695312,156.3576774597168,515.4245300292969,227.75986099243164,651.8416137695312,0.8753409832715988
game8/Clip7,397,92,player_top,714.4514770507812,226.1511993408203,700.5508422851562,138.86215209960938,728.3521118164062,226.1511993408203,0.8437970876693726
game8/Clip7,398,93,player_bottom,192.05955335828992,651.6851467556423,156.30316162109375,515.1797824435764,227.81596035427518,651.6851467556423,0.8746077087190416
game8/Clip7,398,92,player_top,714.3642578125,226.1488494873047,700.4006958007812,139.01112365722656,728.3277587890625,226.1488494873047,0.849520742893219
game8/Clip7,399,93,player_bottom,192.06034511990018,651.5286797417534,156.2486457824707,514.935034857856,227.8720597161187,651.5286797417534,0.8738744341664844
game8/Clip7,399,92,player_top,714.28955078125,226.19020080566406,700.2702026367188,139.357177734375,728.308837890625,226.19020080566406,0.8484860062599182
game8/Clip7,400,93,player_bottom,192.0611368815104,651.3722127278646,156.19412994384766,514.6902872721354,227.92815907796225,651.3722127278646,0.8731411596139272
game8/Clip7,400,92,player_top,713.9864501953125,226.1837921142578,699.9053344726562,139.7147216796875,728.067626953125,226.1837921142578,0.8483881950378418
game8/Clip7,401,93,player_bottom,192.06192864312067,651.2157457139757,156.1396141052246,514.4455396864149,227.98425843980579,651.2157457139757,0.87240788506137
game8/Clip7,401,92,player_top,713.6741943359375,226.13951110839844,699.5253295898438,140.01602172851562,727.8230590820312,226.13951110839844,0.8509635329246521
game8/Clip7,402,93,player_bottom,192.0627204047309,651.0592787000868,156.08509826660156,514.2007921006945,228.0403578016493,651.0592787000868,0.8716746105088128
game8/Clip7,402,92,player_top,713.3323974609375,226.14553833007812,699.1327514648438,140.40028381347656,727.5320434570312,226.14553833007812,0.8503367900848389
game8/Clip7,403,93,player_bottom,192.06351216634116,650.9028116861979,156.03058242797852,513.956044514974,228.09645716349283,650.9028116861979,0.8709413359562556
game8/Clip7,403,92,player_top,712.8907470703125,226.0732879638672,698.6425170898438,140.7232666015625,727.138916015625,226.0732879638672,0.8466429710388184
game8/Clip7,404,93,player_bottom,192.06430392795139,650.7463446723091,155.97606658935547,513.7112969292534,228.15255652533637,650.7463446723091,0.8702080614036984
game8/Clip7,404,92,player_top,712.256591796875,226.13441467285156,697.9263305664062,140.9355010986328,726.5868530273438,226.13441467285156,0.8488461971282959
game8/Clip7,405,93,player_bottom,192.06509568956164,650.5898776584202,155.92155075073242,513.466549343533,228.2086558871799,650.5898776584202,0.8694747868511412
game8/Clip7,405,92,player_top,711.5489501953125,226.06227111816406,697.1671752929688,141.1526641845703,725.9307861328125,226.06227111816406,0.8443291783332825
game8/Clip7,406,93,player_bottom,192.06588745117188,650.4334106445312,155.86703491210938,513.2218017578125,228.26475524902344,650.4334106445312,0.868741512298584
game8/Clip7,406,92,player_top,710.6309204101562,226.0482177734375,696.15771484375,141.2011260986328,725.1041259765625,226.0482177734375,0.8384843468666077
game8/Clip7,407,93,player_bottom,195.30184936523438,650.581787109375,159.87770080566406,512.2533569335938,230.7259979248047,650.581787109375,0.8044013977050781
game8/Clip7,407,92,player_top,708.8942260742188,225.9748077392578,694.3184814453125,141.52964782714844,723.469970703125,225.9748077392578,0.8252849578857422
game8/Clip7,408,93,player_bottom,200.4231719970703,650.617431640625,166.21426391601562,511.9191589355469,234.632080078125,650.617431640625,0.8472939729690552
game8/Clip7,408,92,player_top,707.0411987304688,226.25889587402344,692.1991577148438,141.92010498046875,721.8832397460938,226.25889587402344,0.8165408372879028
game8/Clip7,409,93,player_bottom,204.02609252929688,650.56982421875,171.2581024169922,511.81842041015625,236.79409790039062,650.56982421875,0.842144250869751
game8/Clip7,409,92,player_top,705.8383178710938,226.4181365966797,690.7463989257812,142.31329345703125,720.9302368164062,226.4181365966797,0.8273919224739075
game8/Clip7,410,93,player_bottom,208.14352416992188,649.8658447265625,176.64332580566406,511.6821594238281,239.64373779296875,649.8658447265625,0.844879150390625
game8/Clip7,410,92,player_top,705.4586791992188,226.57391357421875,690.1383666992188,142.73025512695312,720.7789916992188,226.57391357421875,0.8354596495628357
game8/Clip7,411,93,player_bottom,212.04470825195312,649.6290893554688,181.2493438720703,511.3467102050781,242.84005737304688,649.6290893554688,0.8291810154914856
game8/Clip7,411,92,player_top,705.14013671875,226.77804565429688,689.5211791992188,143.01307678222656,720.7590942382812,226.77804565429688,0.8353003263473511
game8/Clip7,412,93,player_bottom,218.6917724609375,649.6380615234375,187.85382080078125,511.68609619140625,249.5297088623047,649.6380615234375,0.8745293617248535
game8/Clip7,412,92,player_top,704.5069580078125,226.9534912109375,688.55517578125,143.187744140625,720.458740234375,226.9534912109375,0.8281930685043335
game8/Clip7,413,93,player_bottom,223.47471618652344,649.1964721679688,192.28945922851562,511.628173828125,254.65997314453125,649.1964721679688,0.8964430093765259
game8/Clip7,413,92,player_top,703.9290771484375,227.0062713623047,687.6831665039062,143.5660400390625,720.1749267578125,227.0062713623047,0.8246827721595764
game8/Clip7,414,93,player_bottom,227.1519775390625,648.9805297851562,195.36061096191406,511.82720947265625,258.943359375,648.9805297851562,0.8979583978652954
game8/Clip7,414,92,player_top,703.9100341796875,227.163330078125,687.1763916015625,142.63880920410156,720.6436767578125,227.163330078125,0.8422287106513977
game8/Clip7,415,93,player_bottom,229.14979553222656,648.7686157226562,196.77444458007812,512.2456665039062,261.525146484375,648.7686157226562,0.8905776143074036
game8/Clip7,415,92,player_top,703.4423217773438,226.9566650390625,686.4081420898438,141.9432830810547,720.4765014648438,226.9566650390625,0.8451077342033386
game8/Clip7,416,93,player_bottom,230.72698974609375,648.255859375,197.6800079345703,512.2191772460938,263.7739562988281,648.255859375,0.8952443599700928
game8/Clip7,416,92,player_top,703.0101318359375,227.02223205566406,685.6619262695312,141.535888671875,720.3582763671875,227.02223205566406,0.8290106058120728
game8/Clip7,417,93,player_bottom,231.5316162109375,647.7584838867188,197.79820251464844,511.8388977050781,265.2650451660156,647.7584838867188,0.9009099006652832
game8/Clip7,417,92,player_top,702.3817138671875,226.94418334960938,684.9219970703125,141.7438507080078,719.8414916992188,226.94418334960938,0.8300506472587585
game8/Clip7,418,93,player_bottom,232.77981567382812,647.4862060546875,198.58926391601562,511.8563232421875,266.9703674316406,647.4862060546875,0.8996475338935852
game8/Clip7,418,92,player_top,701.7423706054688,226.8152618408203,684.2094116210938,141.44309997558594,719.2753295898438,226.8152618408203,0.833992600440979
game8/Clip7,419,93,player_bottom,234.31759643554688,645.7771606445312,200.07191467285156,511.6044921875,268.5632629394531,645.7771606445312,0.8670048117637634
game8/Clip7,419,92,player_top,699.6427612304688,226.72711181640625,682.2057495117188,140.96327209472656,717.0797729492188,226.72711181640625,0.8006402254104614
game8/Clip7,420,93,player_bottom,236.894287109375,644.8909912109375,202.67938232421875,511.10528564453125,271.10919189453125,644.8909912109375,0.8552969694137573
game8/Clip7,420,92,player_top,697.75341796875,226.68678283691406,680.60791015625,140.8928985595703,714.89892578125,226.68678283691406,0.8129918575286865
game8/Clip7,421,93,player_bottom,239.74578857421875,643.345703125,205.9905548095703,510.5616760253906,273.50103759765625,643.345703125,0.8678143620491028
game8/Clip7,421,92,player_top,695.253173828125,227.19691467285156,678.3924560546875,140.96275329589844,712.1138916015625,227.19691467285156,0.7640342116355896
game8/Clip8,0,112,player_bottom,543.93310546875,618.2855224609375,511.3691101074219,490.51776123046875,576.4970703125,618.2855224609375,0.8809652924537659
game8/Clip8,0,113,player_top,800.9503173828125,232.87924194335938,775.338134765625,164.7710723876953,826.5625,232.87924194335938,0.8600276112556458
game8/Clip8,1,112,player_bottom,543.93310546875,618.2855224609375,511.3691101074219,490.51776123046875,576.4970703125,618.2855224609375,0.8809652924537659
game8/Clip8,1,113,player_top,800.9503173828125,232.87924194335938,775.338134765625,164.7710723876953,826.5625,232.87924194335938,0.8600276112556458
game8/Clip8,2,112,player_bottom,544.944580078125,617.1353759765625,513.244384765625,492.8912353515625,576.6448364257812,617.1353759765625,0.8914615511894226
game8/Clip8,2,113,player_top,800.818359375,232.84010314941406,775.1382446289062,164.537353515625,826.4984130859375,232.84010314941406,0.8595556616783142
game8/Clip8,3,112,player_bottom,546.118896484375,615.7960815429688,514.4305419921875,491.923095703125,577.8073120117188,615.7960815429688,0.8843267560005188
game8/Clip8,3,113,player_top,800.6856689453125,232.80435180664062,774.8796997070312,164.1303253173828,826.4915771484375,232.80435180664062,0.8587365746498108
game8/Clip8,4,112,player_bottom,547.1286010742188,614.45654296875,515.04736328125,489.5484619140625,579.2098388671875,614.45654296875,0.8734040856361389
game8/Clip8,4,113,player_top,800.69287109375,232.86587524414062,774.654296875,163.50167846679688,826.7314453125,232.86587524414062,0.8538506627082825
game8/Clip8,5,112,player_bottom,548.23974609375,613.6541748046875,511.49713134765625,470.10565185546875,584.982421875,613.6541748046875,0.8750903010368347
game8/Clip8,5,113,player_top,800.7435302734375,233.08981323242188,774.466064453125,162.9998779296875,827.0209350585938,233.08981323242188,0.8529567718505859
game8/Clip8,6,112,player_bottom,549.165771484375,612.8751831054688,511.642333984375,466.0721435546875,586.6891479492188,612.8751831054688,0.8358772993087769
game8/Clip8,6,113,player_top,800.551513671875,233.0797119140625,774.2549438476562,162.7703857421875,826.84814453125,233.0797119140625,0.8538727164268494
game8/Clip8,7,112,player_bottom,549.7312622070312,612.3892211914062,511.8777770996094,464.1166076660156,587.584716796875,612.3892211914062,0.8681669235229492
game8/Clip8,7,113,player_top,800.4754638671875,233.03111267089844,774.2077026367188,162.6204833984375,826.7431640625,233.03111267089844,0.8548668026924133
game8/Clip8,8,112,player_bottom,551.0977783203125,612.2067260742188,513.7008056640625,465.44342041015625,588.4947509765625,612.2067260742188,0.8522657752037048
game8/Clip8,8,113,player_top,800.4892578125,232.92611694335938,774.3798217773438,162.78590393066406,826.5986328125,232.92611694335938,0.8554532527923584
game8/Clip8,9,112,player_bottom,552.7525024414062,612.3817138671875,516.6726684570312,470.7215576171875,588.8323364257812,612.3817138671875,0.855175256729126
game8/Clip8,9,113,player_top,800.7651977539062,232.91058349609375,774.7540893554688,163.00390625,826.7763061523438,232.91058349609375,0.8593319654464722
game8/Clip8,10,112,player_bottom,553.763916015625,612.5237426757812,521.2078247070312,485.8005676269531,586.3199462890625,612.5237426757812,0.8552095890045166
game8/Clip8,10,113,player_top,800.760009765625,232.89598083496094,774.8140258789062,163.14630126953125,826.7059936523438,232.89598083496094,0.8632966876029968
game8/Clip8,11,112,player_bottom,554.3079833984375,612.57177734375,523.0996704101562,491.6132507324219,585.516357421875,612.57177734375,0.8690681457519531
game8/Clip8,11,113,player_top,800.7623291015625,232.99310302734375,774.9525756835938,163.64173889160156,826.572021484375,232.99310302734375,0.8600671291351318
game8/Clip8,12,112,player_bottom,554.5009765625,612.5678100585938,523.2464599609375,490.8904724121094,585.7554321289062,612.5678100585938,0.8565145134925842
game8/Clip8,12,113,player_top,800.7274169921875,232.98382568359375,775.1434936523438,164.31100463867188,826.3113403320312,232.98382568359375,0.856050968170166
game8/Clip8,13,112,player_bottom,554.308349609375,612.020263671875,522.79248046875,488.1813659667969,585.82421875,612.020263671875,0.8632534146308899
game8/Clip8,13,113,player_top,800.7228393554688,233.02236938476562,775.0643920898438,164.15316772460938,826.3812866210938,233.02236938476562,0.8490827083587646
game8/Clip8,14,112,player_bottom,555.4047241210938,608.85498046875,523.829345703125,482.5249938964844,586.9801025390625,608.85498046875,0.8570863008499146
game8/Clip8,14,113,player_top,800.7457885742188,233.01412963867188,774.9750366210938,163.8013153076172,826.5165405273438,233.01412963867188,0.8565093278884888
game8/Clip8,15,112,player_bottom,560.1365356445312,606.0428466796875,527.7037963867188,473.4508056640625,592.5692749023438,606.0428466796875,0.7742447853088379
game8/Clip8,15,113,player_top,800.714111328125,233.01431274414062,774.9260864257812,163.74932861328125,826.502197265625,233.01431274414062,0.8566022515296936
game8/Clip8,16,112,player_bottom,563.5612182617188,603.0354614257812,529.8897705078125,462.5433349609375,597.232666015625,603.0354614257812,0.8708451390266418
game8/Clip8,16,113,player_top,800.66357421875,232.98081970214844,774.6439208984375,162.98023986816406,826.6832275390625,232.98081970214844,0.8478068709373474
game8/Clip8,17,112,player_bottom,567.4892578125,601.2622680664062,533.5416870117188,457.4006652832031,601.4368286132812,601.2622680664062,0.8777596950531006
game8/Clip8,17,113,player_top,800.7108154296875,232.9445343017578,774.343017578125,161.78225708007812,827.0785522460938,232.9445343017578,0.8600133657455444
game8/Clip8,18,112,player_bottom,570.759521484375,600.2562255859375,538.8722534179688,463.9515075683594,602.6468505859375,600.2562255859375,0.833960771560669
game8/Clip8,18,113,player_top,800.5140380859375,233.02447509765625,773.8917846679688,160.8318634033203,827.13623046875,233.02447509765625,0.8464888334274292
game8/Clip8,19,112,player_bottom,572.0849609375,598.9119873046875,542.6366577148438,472.843017578125,601.5333251953125,598.9119873046875,0.8886964321136475
game8/Clip8,19,113,player_top,799.7177734375,233.00741577148438,772.8867797851562,160.1243438720703,826.5487060546875,233.00741577148438,0.8448303937911987
game8/Clip8,20,112,player_bottom,571.16748046875,597.3998413085938,543.3931884765625,478.3658447265625,598.9417114257812,597.3998413085938,0.8806719183921814
game8/Clip8,20,113,player_top,797.5559692382812,233.25389099121094,770.5570678710938,160.0975341796875,824.5548706054688,233.25389099121094,0.8585523962974548
game8/Clip8,21,112,player_bottom,568.6153564453125,596.048583984375,542.4802856445312,483.3590393066406,594.7503662109375,596.048583984375,0.8781288862228394
game8/Clip8,21,113,player_top,795.3924560546875,233.63014221191406,768.4214477539062,160.95497131347656,822.3634033203125,233.63014221191406,0.8821614980697632
game8/Clip8,22,112,player_bottom,565.4110717773438,595.6160888671875,540.4996948242188,487.63165283203125,590.3224487304688,595.6160888671875,0.8628355264663696
game8/Clip8,22,113,player_top,794.3779296875,234.05653381347656,767.5633544921875,162.3474578857422,821.1925659179688,234.05653381347656,0.8856133818626404
game8/Clip8,23,112,player_bottom,562.89013671875,595.421630859375,538.8141479492188,490.3972473144531,586.966064453125,595.421630859375,0.8778006434440613
game8/Clip8,23,113,player_top,794.0797729492188,234.29275512695312,767.4219360351562,163.55731201171875,820.7376098632812,234.29275512695312,0.8824259042739868
game8/Clip8,24,112,player_bottom,562.03369140625,595.3167724609375,538.4632568359375,491.7893981933594,585.6041259765625,595.3167724609375,0.8580624461174011
game8/Clip8,24,113,player_top,794.0663452148438,234.4182891845703,767.5685424804688,164.7351837158203,820.5641479492188,234.4182891845703,0.8864372968673706
game8/Clip8,25,112,player_bottom,560.6005859375,595.3505249023438,537.127685546875,492.216552734375,584.0734252929688,595.3505249023438,0.8537397980690002
game8/Clip8,25,113,player_top,794.156005859375,234.5047607421875,767.7310180664062,165.80068969726562,820.5810546875,234.5047607421875,0.888031005859375
game8/Clip8,26,112,player_bottom,557.4852905273438,595.8271484375,533.3973999023438,491.4640197753906,581.5731811523438,595.8271484375,0.8418393731117249
game8/Clip8,26,113,player_top,795.2247924804688,234.70069885253906,768.0907592773438,165.0892791748047,822.3588256835938,234.70069885253906,0.8867690563201904
game8/Clip8,27,112,player_bottom,556.6412353515625,595.915283203125,531.9916381835938,489.83343505859375,581.2908325195312,595.915283203125,0.8364980816841125
game8/Clip8,27,113,player_top,796.7112426757812,235.4396514892578,768.3365478515625,163.65711975097656,825.0859375,235.4396514892578,0.7915810942649841
game8/Clip8,28,112,player_bottom,555.6776123046875,595.9188842773438,530.525634765625,488.0375061035156,580.8295288085938,595.9188842773438,0.8590071201324463
game8/Clip8,28,113,player_top,797.2697143554688,235.2154998779297,768.465087890625,163.5313720703125,826.0743408203125,235.2154998779297,0.8745851516723633
game8/Clip8,29,112,player_bottom,555.78173828125,595.8241577148438,530.2117919921875,485.72259521484375,581.3517456054688,595.8241577148438,0.8400599956512451
game8/Clip8,29,113,player_top,797.88525390625,235.03225708007812,769.011962890625,164.42691040039062,826.7586059570312,235.03225708007812,0.873146653175354
game8/Clip8,30,112,player_bottom,557.728271484375,597.070068359375,531.891845703125,484.8324279785156,583.5646362304688,597.070068359375,0.8479611873626709
game8/Clip8,30,113,player_top,799.212890625,235.1511688232422,769.716064453125,164.17681884765625,828.7097778320312,235.1511688232422,0.8691942691802979
game8/Clip8,31,112,player_bottom,560.63671875,598.0489501953125,534.8497924804688,484.5603942871094,586.4237060546875,598.0489501953125,0.8748629093170166
game8/Clip8,31,113,player_top,802.3386840820312,235.33685302734375,771.1072998046875,160.4671630859375,833.570068359375,235.33685302734375,0.8379033207893372
game8/Clip8,32,112,player_bottom,561.8825073242188,598.735595703125,536.0097045898438,485.338134765625,587.7553100585938,598.735595703125,0.861001193523407
game8/Clip8,32,113,player_top,805.5107421875,235.71826171875,774.2984619140625,161.03712463378906,836.7229614257812,235.71826171875,0.8623533844947815
game8/Clip8,33,112,player_bottom,562.008544921875,600.2749633789062,535.75634765625,487.0273742675781,588.2607421875,600.2749633789062,0.8936781287193298
game8/Clip8,33,113,player_top,807.2973022460938,236.14752197265625,776.533935546875,162.65220642089844,838.0606689453125,236.14752197265625,0.8530657291412354
game8/Clip8,34,112,player_bottom,560.7646484375,602.1276245117188,533.8826904296875,488.6085205078125,587.6466674804688,602.1276245117188,0.9031252861022949
game8/Clip8,34,113,player_top,809.7811279296875,236.48968505859375,778.94580078125,162.55398559570312,840.6163940429688,236.48968505859375,0.8384047150611877
game8/Clip8,35,112,player_bottom,559.7429809570312,605.8685913085938,531.6243286132812,489.2733459472656,587.8616333007812,605.8685913085938,0.8970096111297607
game8/Clip8,35,113,player_top,812.6719970703125,236.59461975097656,781.7251586914062,161.65872192382812,843.6188354492188,236.59461975097656,0.8379082679748535
game8/Clip8,36,112,player_bottom,559.073486328125,607.160888671875,530.0311889648438,488.4602355957031,588.1158447265625,607.160888671875,0.8991456627845764
game8/Clip8,36,113,player_top,817.2254028320312,237.08767700195312,786.3107299804688,161.11981201171875,848.1400756835938,237.08767700195312,0.8424860239028931
game8/Clip8,37,112,player_bottom,556.5126953125,607.43212890625,526.9938354492188,486.656494140625,586.031494140625,607.43212890625,0.8957260847091675
game8/Clip8,37,113,player_top,822.6278686523438,237.74342346191406,791.7694702148438,160.4337615966797,853.4862670898438,237.74342346191406,0.8204184770584106
game8/Clip8,38,112,player_bottom,554.341796875,607.4064331054688,524.87841796875,485.9994201660156,583.8051147460938,607.4064331054688,0.8820769190788269
game8/Clip8,38,113,player_top,828.8140258789062,238.7139434814453,798.509521484375,160.58766174316406,859.1185302734375,238.7139434814453,0.7595040202140808
game8/Clip8,39,112,player_bottom,551.5518798828125,608.2386474609375,522.156982421875,485.4195556640625,580.9467163085938,608.2386474609375,0.8752135634422302
game8/Clip8,39,113,player_top,833.549560546875,239.97256469726562,803.6703491210938,159.76605224609375,863.4287109375,239.97256469726562,0.7847884893417358
game8/Clip8,40,112,player_bottom,548.3767700195312,610.2755126953125,518.7548828125,485.4198913574219,577.9986572265625,610.2755126953125,0.8760741353034973
game8/Clip8,40,113,player_top,837.18017578125,242.14077758789062,808.184326171875,159.74468994140625,866.1759643554688,242.14077758789062,0.6423143744468689
game8/Clip8,41,112,player_bottom,543.14697265625,613.407958984375,513.32666015625,487.2039489746094,572.9673461914062,613.407958984375,0.8864344954490662
game8/Clip8,41,113,player_top,840.94921875,243.1908416748047,813.1168823242188,159.56610107421875,868.7815551757812,243.1908416748047,0.6688233017921448
game8/Clip8,42,112,player_bottom,537.8361206054688,617.6898193359375,507.3992919921875,489.65814208984375,568.27294921875,617.6898193359375,0.8836156725883484
game8/Clip8,42,113,player_top,844.1246948242188,244.24819946289062,817.6455688476562,160.2032470703125,870.6038208007812,244.24819946289062,0.7426055073738098
game8/Clip8,43,112,player_bottom,532.12548828125,622.6586303710938,501.0875244140625,493.85791015625,563.1635131835938,622.6586303710938,0.8880665302276611
game8/Clip8,43,113,player_top,846.7427978515625,244.76524353027344,821.4061279296875,160.38970947265625,872.0795288085938,244.76524353027344,0.769690752029419
game8/Clip8,44,112,player_bottom,526.6231689453125,625.5769653320312,495.37030029296875,498.98468017578125,557.8760986328125,625.5769653320312,0.9109504222869873
game8/Clip8,44,113,player_top,850.7642822265625,245.550537109375,826.0132446289062,160.2541046142578,875.5153198242188,245.550537109375,0.7455456852912903
game8/Clip8,45,112,player_bottom,522.1573486328125,628.0732421875,490.3934326171875,503.6528015136719,553.9212036132812,628.0732421875,0.9062904119491577
game8/Clip8,45,113,player_top,855.2830810546875,245.95758056640625,831.7408447265625,163.93016052246094,878.8253173828125,245.95758056640625,0.8000735640525818
game8/Clip8,46,112,player_bottom,520.60791015625,628.9242553710938,488.3620300292969,506.50347900390625,552.853759765625,628.9242553710938,0.9104582071304321
game8/Clip8,46,113,player_top,858.86767578125,246.0830841064453,835.7373046875,165.5823974609375,881.998046875,246.0830841064453,0.8241422176361084
game8/Clip8,47,112,player_bottom,520.469970703125,628.5784301757812,487.4994812011719,506.7674560546875,553.4404907226562,628.5784301757812,0.9128904938697815
game8/Clip8,47,113,player_top,862.5872802734375,246.25523376464844,840.0399780273438,167.83282470703125,885.1346435546875,246.25523376464844,0.7903349995613098
game8/Clip8,48,112,player_bottom,520.8250122070312,628.049072265625,486.83135986328125,505.6966247558594,554.8186645507812,628.049072265625,0.91089928150177
game8/Clip8,48,113,player_top,864.285400390625,246.79376220703125,842.0320434570312,169.80702209472656,886.5386962890625,246.79376220703125,0.8217534422874451
game8/Clip8,49,112,player_bottom,519.0463256835938,627.6627807617188,484.1709899902344,504.11273193359375,553.921630859375,627.6627807617188,0.9007890820503235
game8/Clip8,49,113,player_top,866.11181640625,247.22618103027344,843.800537109375,169.80128479003906,888.4230346679688,247.22618103027344,0.8316677212715149
game8/Clip8,50,112,player_bottom,509.12445068359375,626.9807739257812,474.1418762207031,502.430419921875,544.1069946289062,626.9807739257812,0.8622181415557861
game8/Clip8,50,113,player_top,867.1492919921875,247.44346618652344,845.0692749023438,170.40750122070312,889.229248046875,247.44346618652344,0.8404926061630249
game8/Clip8,51,112,player_bottom,497.4977111816406,625.8592529296875,463.3314208984375,501.7801208496094,531.6640014648438,625.8592529296875,0.8448318243026733
game8/Clip8,51,113,player_top,867.03271484375,247.67408752441406,845.1679077148438,171.24891662597656,888.8975219726562,247.67408752441406,0.83674156665802
game8/Clip8,52,112,player_bottom,486.8382568359375,626.6763305664062,453.1721496582031,501.3734436035156,520.5043334960938,626.6763305664062,0.86488276720047
game8/Clip8,52,113,player_top,866.3717041015625,247.81796264648438,844.517822265625,171.53564453125,888.2256469726562,247.81796264648438,0.8471546173095703
game8/Clip8,53,112,player_bottom,478.2010498046875,628.4425048828125,444.7400817871094,501.4515380859375,511.6620178222656,628.4425048828125,0.8809540867805481
game8/Clip8,53,113,player_top,865.134765625,248.0095672607422,842.659423828125,169.90367126464844,887.610107421875,248.0095672607422,0.8210767507553101
game8/Clip8,54,112,player_bottom,470.994140625,629.8063354492188,438.762451171875,503.5492858886719,503.225830078125,629.8063354492188,0.8412657380104065
game8/Clip8,54,113,player_top,863.8937377929688,248.09475708007812,841.2640991210938,170.5604705810547,886.5233764648438,248.09475708007812,0.8216537833213806
game8/Clip8,55,112,player_bottom,460.80255126953125,630.2874145507812,429.6322326660156,504.69183349609375,491.972900390625,630.2874145507812,0.8626070022583008
game8/Clip8,55,113,player_top,862.114013671875,247.93377685546875,839.2732543945312,171.2854461669922,884.954833984375,247.93377685546875,0.796047031879425
game8/Clip8,56,112,player_bottom,452.2259216308594,630.09814453125,421.8016052246094,505.0418701171875,482.6502380371094,630.09814453125,0.8574491143226624
game8/Clip8,56,113,player_top,859.3412475585938,247.8144989013672,835.83251953125,169.58961486816406,882.8499755859375,247.8144989013672,0.790394127368927
game8/Clip8,57,112,player_bottom,446.0832824707031,630.0764770507812,415.9739074707031,504.6076354980469,476.1926574707031,630.0764770507812,0.8395476341247559
game8/Clip8,57,113,player_top,854.935546875,247.48167419433594,831.4038696289062,168.5410919189453,878.46728515625,247.48167419433594,0.7759165167808533
game8/Clip8,58,112,player_bottom,441.048095703125,629.9882202148438,411.41693115234375,505.8946533203125,470.6792907714844,629.9882202148438,0.854024350643158
game8/Clip8,58,113,player_top,849.1806640625,246.34210205078125,826.0250244140625,166.8914794921875,872.3362426757812,246.34210205078125,0.7713199257850647
game8/Clip8,59,112,player_bottom,435.2552185058594,629.6273193359375,405.25994873046875,505.3341369628906,465.25048828125,629.6273193359375,0.836469829082489
game8/Clip8,59,113,player_top,841.9948120117188,245.81663513183594,819.7116088867188,166.4033660888672,864.2780151367188,245.81663513183594,0.7453880906105042
game8/Clip8,60,112,player_bottom,429.29876708984375,629.226318359375,398.3553771972656,504.0393371582031,460.2421875,629.226318359375,0.8487774133682251
game8/Clip8,60,113,player_top,837.208984375,245.33566284179688,815.9423217773438,166.75758361816406,858.4757080078125,245.33566284179688,0.7652239799499512
game8/Clip8,61,112,player_bottom,427.23712158203125,628.70458984375,396.1483154296875,505.1333923339844,458.3258972167969,628.70458984375,0.8617595434188843
game8/Clip8,61,113,player_top,832.0565185546875,246.76470947265625,811.3239135742188,167.2537078857422,852.7891845703125,246.76470947265625,0.743449866771698
game8/Clip8,62,112,player_bottom,421.84173583984375,627.1249389648438,390.3086242675781,504.7897033691406,453.37481689453125,627.1249389648438,0.8803808689117432
game8/Clip8,62,113,player_top,828.6075439453125,247.9577178955078,808.2998046875,168.3904266357422,848.915283203125,247.9577178955078,0.7966386079788208
game8/Clip8,63,112,player_bottom,416.372802734375,626.12451171875,384.2314147949219,504.03955078125,448.5141906738281,626.12451171875,0.8500330448150635
game8/Clip8,63,113,player_top,824.184326171875,248.15676879882812,803.8522338867188,168.66322326660156,844.5164794921875,248.15676879882812,0.8334479928016663
game8/Clip8,64,112,player_bottom,412.7611999511719,625.3438720703125,380.2325744628906,502.6012268066406,445.2898254394531,625.3438720703125,0.8678096532821655
game8/Clip8,64,113,player_top,818.6297607421875,248.10684204101562,797.5252685546875,167.69869995117188,839.7341918945312,248.10684204101562,0.8631265759468079
game8/Clip8,65,112,player_bottom,408.6802978515625,624.4161376953125,375.5303955078125,500.9103698730469,441.8301696777344,624.4161376953125,0.8669490814208984
game8/Clip8,65,113,player_top,815.4766845703125,248.68727111816406,793.4518432617188,166.75439453125,837.5015258789062,248.68727111816406,0.8547962307929993
game8/Clip8,66,112,player_bottom,407.42449951171875,620.3963623046875,374.97857666015625,498.5469970703125,439.8704528808594,620.3963623046875,0.8052582740783691
game8/Clip8,66,113,player_top,811.4869995117188,247.92771911621094,789.2662963867188,165.9375457763672,833.7077026367188,247.92771911621094,0.7647167444229126
game8/Clip8,67,112,player_bottom,404.031005859375,617.8560180664062,372.1165771484375,496.30224609375,435.9454345703125,617.8560180664062,0.8076685667037964
game8/Clip8,67,113,player_top,805.9218139648438,246.7687225341797,784.37890625,165.72030639648438,827.4647216796875,246.7687225341797,0.7522740960121155
game8/Clip8,68,112,player_bottom,400.75994873046875,616.6453247070312,369.21954345703125,494.41741943359375,432.30035400390625,616.6453247070312,0.8689898252487183
game8/Clip8,68,113,player_top,799.9603271484375,246.13417053222656,779.491455078125,166.91188049316406,820.4292602539062,246.13417053222656,0.7330510020256042
game8/Clip8,69,112,player_bottom,397.0343322753906,616.5563354492188,365.6600341796875,493.0129699707031,428.40863037109375,616.5563354492188,0.802507758140564
game8/Clip8,69,113,player_top,793.9705810546875,246.1307830810547,774.2094116210938,167.11546325683594,813.7317504882812,246.1307830810547,0.7391418814659119
game8/Clip8,70,112,player_bottom,395.6141662597656,616.006591796875,364.16217041015625,491.1255798339844,427.066162109375,616.006591796875,0.6736041307449341
game8/Clip8,70,113,player_top,788.0645751953125,247.73736572265625,769.2350463867188,170.49325561523438,806.8941040039062,247.73736572265625,0.7901133894920349
game8/Clip8,71,112,player_bottom,387.20855712890625,614.32080078125,356.8298645019531,489.427001953125,417.5872802734375,614.32080078125,0.5979855060577393
game8/Clip8,71,113,player_top,782.4459838867188,248.67593383789062,763.774658203125,171.7041473388672,801.1173095703125,248.67593383789062,0.8132857084274292
game8/Clip8,72,112,player_bottom,391.0948486328125,617.1051025390625,359.599609375,488.205322265625,422.590087890625,617.1051025390625,0.8139882683753967
game8/Clip8,72,113,player_top,776.3321533203125,249.13442993164062,757.3265991210938,172.53089904785156,795.3377075195312,249.13442993164062,0.8682303428649902
game8/Clip8,73,112,player_bottom,390.36688232421875,615.9970703125,358.7553405761719,487.3707580566406,421.9783935546875,615.9970703125,0.8486270308494568
game8/Clip8,73,113,player_top,771.9813232421875,249.25953674316406,752.3202514648438,172.88919067382812,791.6423950195312,249.25953674316406,0.8621202111244202
game8/Clip8,74,112,player_bottom,385.0978088378906,615.9960327148438,352.8879699707031,487.5080871582031,417.3076477050781,615.9960327148438,0.8530875444412231
game8/Clip8,74,113,player_top,769.9078369140625,249.5583038330078,749.1815185546875,171.65234375,790.6340942382812,249.5583038330078,0.8722932934761047
game8/Clip8,75,112,player_bottom,377.2880859375,617.1102294921875,344.20306396484375,489.4746398925781,410.37310791015625,617.1102294921875,0.8714475631713867
game8/Clip8,75,113,player_top,767.3155517578125,249.11868286132812,745.7842407226562,170.4866180419922,788.8468017578125,249.11868286132812,0.8447900414466858
game8/Clip8,76,112,player_bottom,371.72357177734375,618.6837158203125,337.5691223144531,491.6570739746094,405.8780212402344,618.6837158203125,0.8704692721366882
game8/Clip8,76,113,player_top,763.990478515625,247.24935913085938,742.3358154296875,169.84100341796875,785.6450805664062,247.24935913085938,0.7881072163581848
game8/Clip8,77,112,player_bottom,367.1246643066406,621.3834228515625,332.664794921875,497.68658447265625,401.58453369140625,621.3834228515625,0.8907982707023621
game8/Clip8,77,113,player_top,750.8098754882812,244.5070343017578,730.3297119140625,169.99813842773438,771.2900390625,244.5070343017578,0.5161774754524231
game8/Clip8,78,112,player_bottom,365.932373046875,623.2893676757812,331.21502685546875,503.32159423828125,400.6497497558594,623.2893676757812,0.8912537097930908
game8/Clip8,78,113,player_top,744.77587890625,244.14100646972656,724.5147705078125,170.7113800048828,765.0369873046875,244.14100646972656,0.7165343165397644
game8/Clip8,79,112,player_bottom,365.52734375,624.195556640625,330.5282897949219,507.57763671875,400.5263977050781,624.195556640625,0.8811284303665161
game8/Clip8,79,113,player_top,737.614013671875,243.4510955810547,717.3408813476562,169.86355590820312,757.8871459960938,243.4510955810547,0.7616817355155945
game8/Clip8,80,112,player_bottom,364.9849853515625,624.2698974609375,329.6314392089844,509.9800720214844,400.3385009765625,624.2698974609375,0.8939612507820129
game8/Clip8,80,113,player_top,733.4722290039062,243.05262756347656,713.939453125,173.39605712890625,753.0050048828125,243.05262756347656,0.7543416619300842
game8/Clip8,81,112,player_bottom,366.21966552734375,624.0050048828125,329.42486572265625,508.2942810058594,403.01446533203125,624.0050048828125,0.885580837726593
game8/Clip8,81,113,player_top,728.1700439453125,242.78700256347656,707.5468139648438,171.1741180419922,748.7933349609375,242.78700256347656,0.8611090779304504
game8/Clip8,82,112,player_bottom,367.9453125,623.4583129882812,328.93646240234375,503.6702575683594,406.9541320800781,623.4583129882812,0.8717102408409119
game8/Clip8,82,113,player_top,721.8370361328125,243.59910583496094,700.1014404296875,170.37353515625,743.5726318359375,243.59910583496094,0.8198478817939758
game8/Clip8,83,112,player_bottom,370.3409423828125,621.3914794921875,329.96697998046875,500.6543884277344,410.7148742675781,621.3914794921875,0.8563480973243713
game8/Clip8,83,113,player_top,713.6217651367188,244.20228576660156,691.253173828125,171.95606994628906,735.9903564453125,244.20228576660156,0.8285572528839111
game8/Clip8,84,112,player_bottom,374.03857421875,616.7908935546875,333.51593017578125,498.43988037109375,414.5612487792969,616.7908935546875,0.8775778412818909
game8/Clip8,84,113,player_top,707.3807983398438,245.33880615234375,684.1484985351562,171.64939880371094,730.6130981445312,245.33880615234375,0.8758285641670227
game8/Clip8,85,112,player_bottom,379.682861328125,615.0343017578125,339.1993713378906,498.6261901855469,420.1663818359375,615.0343017578125,0.8878681063652039
game8/Clip8,85,113,player_top,699.2218017578125,246.1826171875,676.187744140625,173.56097412109375,722.2559204101562,246.1826171875,0.7778230905532837
game8/Clip8,86,112,player_bottom,387.9698791503906,614.6051025390625,347.54205322265625,497.90789794921875,428.397705078125,614.6051025390625,0.888918936252594
game8/Clip8,86,113,player_top,689.798095703125,246.51075744628906,667.0780029296875,174.5242919921875,712.5182495117188,246.51075744628906,0.808996319770813
game8/Clip8,87,112,player_bottom,399.78973388671875,614.6300659179688,359.629150390625,496.29400634765625,439.9502868652344,614.6300659179688,0.8669416308403015
game8/Clip8,87,113,player_top,679.7528076171875,246.88882446289062,657.543212890625,175.4058380126953,701.9623413085938,246.88882446289062,0.7494467496871948
game8/Clip8,88,112,player_bottom,406.6718444824219,614.2766723632812,366.69549560546875,494.01300048828125,446.648193359375,614.2766723632812,0.8539773225784302
game8/Clip8,88,113,player_top,671.3052368164062,247.32366943359375,649.2114868164062,175.7254638671875,693.3989868164062,247.32366943359375,0.8026505708694458
game8/Clip8,89,112,player_bottom,413.87042236328125,612.4850463867188,374.51531982421875,492.6669921875,453.2255554199219,612.4850463867188,0.8678992986679077
game8/Clip8,89,113,player_top,665.806396484375,245.760498046875,644.2318115234375,176.3106689453125,687.3810424804688,245.760498046875,0.7623366713523865
game8/Clip8,90,112,player_bottom,421.1582946777344,609.836669921875,382.56689453125,491.71319580078125,459.74969482421875,609.836669921875,0.8422490954399109
game8/Clip8,90,113,player_top,658.4934692382812,245.6891632080078,636.872802734375,177.1903533935547,680.1141357421875,245.6891632080078,0.8199427723884583
game8/Clip8,91,112,player_bottom,430.7533264160156,608.6749877929688,393.0655517578125,491.82403564453125,468.44110107421875,608.6749877929688,0.8666068911552429
game8/Clip8,91,113,player_top,652.55517578125,245.6537322998047,630.4279174804688,176.00347900390625,674.682373046875,245.6537322998047,0.846813976764679
game8/Clip8,92,112,player_bottom,443.83233642578125,608.6849365234375,407.5249938964844,492.4124450683594,480.13970947265625,608.6849365234375,0.7943246960639954
game8/Clip8,92,113,player_top,642.2909545898438,246.46188354492188,619.5762329101562,176.5012664794922,665.0056762695312,246.46188354492188,0.79161536693573
game8/Clip8,93,112,player_bottom,454.4259033203125,608.6211547851562,419.8787841796875,494.4946594238281,488.9730224609375,608.6211547851562,0.83296138048172
game8/Clip8,93,113,player_top,634.5386962890625,246.67758178710938,611.9005737304688,178.06004333496094,657.1768188476562,246.67758178710938,0.7995448112487793
game8/Clip8,94,112,player_bottom,462.69415283203125,609.0598754882812,429.1401672363281,495.1217041015625,496.2481384277344,609.0598754882812,0.8735366463661194
game8/Clip8,94,113,player_top,630.4346923828125,248.79351806640625,607.7796630859375,180.37062072753906,653.0896606445312,248.79351806640625,0.8180634379386902
game8/Clip8,95,112,player_bottom,470.779296875,609.8504028320312,437.0262756347656,494.8258361816406,504.5323486328125,609.8504028320312,0.8958553075790405
game8/Clip8,95,113,player_top,627.5450439453125,247.7197723388672,606.3992919921875,183.07601928710938,648.6907348632812,247.7197723388672,0.7825570106506348
game8/Clip8,96,112,player_bottom,480.44610595703125,610.3480224609375,445.53460693359375,493.8080139160156,515.3576049804688,610.3480224609375,0.8925928473472595
game8/Clip8,96,113,player_top,624.235107421875,247.8825225830078,603.5911254882812,184.2904052734375,644.8790893554688,247.8825225830078,0.7730531096458435
game8/Clip8,97,112,player_bottom,487.95831298828125,610.728271484375,451.8393249511719,492.7439270019531,524.0772705078125,610.728271484375,0.9001817107200623
game8/Clip8,97,113,player_top,618.4895629882812,251.68594360351562,596.9542236328125,185.24122619628906,640.02490234375,251.68594360351562,0.7710158228874207
game8/Clip8,98,112,player_bottom,494.25982666015625,611.699951171875,457.2792053222656,491.94073486328125,531.2404174804688,611.699951171875,0.8947920799255371
game8/Clip8,98,113,player_top,614.1731567382812,254.4080047607422,591.6525268554688,185.65696716308594,636.6937866210938,254.4080047607422,0.8489616513252258
game8/Clip8,99,112,player_bottom,501.582763671875,612.0465087890625,464.64739990234375,491.4107360839844,538.5181274414062,612.0465087890625,0.8844722509384155
game8/Clip8,99,113,player_top,609.7454223632812,255.6966552734375,586.5278930664062,185.5886688232422,632.9629516601562,255.6966552734375,0.8580684661865234
game8/Clip8,100,112,player_bottom,511.1503601074219,611.607177734375,474.366455078125,489.6737060546875,547.9342651367188,611.607177734375,0.8880837559700012
game8/Clip8,100,113,player_top,606.2635498046875,256.43902587890625,582.4490356445312,185.46755981445312,630.0780639648438,256.43902587890625,0.8726964592933655
game8/Clip8,101,112,player_bottom,522.2484130859375,610.7533569335938,485.7125244140625,486.4594421386719,558.7843627929688,610.7533569335938,0.8848603367805481
game8/Clip8,101,113,player_top,603.10205078125,257.5701599121094,578.574462890625,185.208984375,627.6296997070312,257.5701599121094,0.8908988237380981
game8/Clip8,102,112,player_bottom,533.8726806640625,611.3820190429688,497.8865966796875,484.2103576660156,569.8588256835938,611.3820190429688,0.8312118053436279
game8/Clip8,102,113,player_top,601.1822509765625,258.3302307128906,576.057861328125,185.02810668945312,626.3067016601562,258.3302307128906,0.8781145215034485
game8/Clip8,103,112,player_bottom,543.9466552734375,611.9306030273438,508.86077880859375,483.44525146484375,579.0325317382812,611.9306030273438,0.8609296083450317
game8/Clip8,103,113,player_top,597.48681640625,258.9591064453125,571.9304809570312,185.11178588867188,623.0431518554688,258.9591064453125,0.8601824045181274
game8/Clip8,104,112,player_bottom,552.5439453125,613.4672241210938,518.2281494140625,483.5140380859375,586.8597412109375,613.4672241210938,0.8607645034790039
game8/Clip8,104,113,player_top,593.4898071289062,258.9662780761719,567.6593017578125,185.3427276611328,619.3203125,258.9662780761719,0.8604788780212402
game8/Clip8,105,112,player_bottom,560.5928955078125,611.7384033203125,528.1085815429688,485.26904296875,593.0772705078125,611.7384033203125,0.8410399556159973
game8/Clip8,105,113,player_top,588.9000244140625,258.9725646972656,563.1689453125,186.52487182617188,614.6310424804688,258.9725646972656,0.8290101885795593
game8/Clip8,106,112,player_bottom,569.8604736328125,615.5457763671875,537.798095703125,487.7213439941406,601.9229125976562,615.5457763671875,0.8524168133735657
game8/Clip8,106,113,player_top,584.967529296875,258.664306640625,559.990478515625,187.83526611328125,609.9445190429688,258.664306640625,0.7679912447929382
game8/Clip8,107,112,player_bottom,577.072998046875,617.806396484375,546.1541748046875,491.63525390625,607.9918212890625,617.806396484375,0.8665589690208435
game8/Clip8,107,113,player_top,578.4431762695312,258.8086853027344,553.7413330078125,188.03488159179688,603.14501953125,258.8086853027344,0.7934392690658569
game8/Clip8,108,112,player_bottom,589.018798828125,620.4630737304688,558.2999877929688,496.7400207519531,619.7376708984375,620.4630737304688,0.9049909114837646
game8/Clip8,108,113,player_top,573.7310791015625,258.728759765625,548.72265625,186.26739501953125,598.7394409179688,258.728759765625,0.7484084963798523
game8/Clip8,109,112,player_bottom,597.25390625,621.912841796875,566.2080688476562,501.0576171875,628.2996826171875,621.912841796875,0.8968870639801025
game8/Clip8,109,113,player_top,570.4268798828125,258.6590576171875,545.0741577148438,183.93939208984375,595.7796630859375,258.6590576171875,0.7951211333274841
game8/Clip8,110,112,player_bottom,606.244873046875,623.634765625,573.8287963867188,504.6322021484375,638.6610107421875,623.634765625,0.908471405506134
game8/Clip8,110,113,player_top,567.4189453125,258.4978332519531,542.1097412109375,183.28970336914062,592.7280883789062,258.4978332519531,0.8598620891571045
game8/Clip8,111,112,player_bottom,610.7507934570312,625.507080078125,576.561767578125,506.8638610839844,644.9398193359375,625.507080078125,0.9038944840431213
game8/Clip8,111,113,player_top,564.1491088867188,258.4872131347656,538.3787841796875,181.6312255859375,589.91943359375,258.4872131347656,0.8702608346939087
game8/Clip8,112,112,player_bottom,612.9532470703125,626.368408203125,577.4178466796875,508.67352294921875,648.4885864257812,626.368408203125,0.8908422589302063
game8/Clip8,112,113,player_top,561.4656982421875,258.4327697753906,535.0602416992188,179.8745574951172,587.8711547851562,258.4327697753906,0.8703749179840088
game8/Clip8,113,112,player_bottom,619.7595825195312,627.1796875,583.9102783203125,510.93310546875,655.60888671875,627.1796875,0.8844004273414612
game8/Clip8,113,113,player_top,557.8199462890625,258.22393798828125,530.7780151367188,178.4869842529297,584.8618774414062,258.22393798828125,0.8853379487991333
game8/Clip8,114,112,player_bottom,629.7901611328125,627.5413818359375,594.22509765625,512.3922119140625,665.3551635742188,627.5413818359375,0.7415934205055237
game8/Clip8,114,113,player_top,555.8701171875,257.9456481933594,528.6001586914062,177.99114990234375,583.1400146484375,257.9456481933594,0.8580106496810913
game8/Clip8,115,112,player_bottom,645.9171142578125,627.3978271484375,611.6619262695312,513.6792602539062,680.17236328125,627.3978271484375,0.6731650233268738
game8/Clip8,115,113,player_top,554.5812377929688,257.1014404296875,527.2272338867188,177.031494140625,581.9352416992188,257.1014404296875,0.8652704358100891
game8/Clip8,116,112,player_bottom,659.6124267578125,627.65869140625,626.1710815429688,513.2116088867188,693.0537109375,627.65869140625,0.8362295031547546
game8/Clip8,116,113,player_top,553.7418212890625,255.9566192626953,526.1456298828125,174.97142028808594,581.3380737304688,255.9566192626953,0.8647375702857971
game8/Clip8,117,112,player_bottom,667.7239379882812,627.5958862304688,634.0695190429688,510.2825622558594,701.3783569335938,627.5958862304688,0.8388360738754272
game8/Clip8,117,113,player_top,551.5487060546875,254.1981658935547,524.3240966796875,173.22549438476562,578.7733154296875,254.1981658935547,0.8682854175567627
game8/Clip8,118,112,player_bottom,674.99267578125,627.2815551757812,640.6076049804688,507.0758972167969,709.377685546875,627.2815551757812,0.8338096737861633
game8/Clip8,118,113,player_top,549.473388671875,253.201171875,522.7481689453125,172.1045379638672,576.1986694335938,253.201171875,0.8444389700889587
game8/Clip8,119,112,player_bottom,686.3611450195312,625.8276977539062,651.35009765625,503.3384094238281,721.3721923828125,625.8276977539062,0.8590945601463318
game8/Clip8,119,113,player_top,547.6547241210938,252.42274475097656,521.5134887695312,171.19720458984375,573.7959594726562,252.42274475097656,0.8618342876434326
game8/Clip8,120,112,player_bottom,695.74658203125,622.8043823242188,661.0603637695312,500.60467529296875,730.4328002929688,622.8043823242188,0.8477568030357361
game8/Clip8,120,113,player_top,546.17236328125,251.25927734375,520.7744750976562,170.68408203125,571.5702514648438,251.25927734375,0.8715109825134277
game8/Clip8,121,112,player_bottom,705.7560424804688,622.4930419921875,670.754638671875,498.3910217285156,740.7574462890625,622.4930419921875,0.8335428833961487
game8/Clip8,121,113,player_top,544.8836669921875,250.62594604492188,520.0307006835938,170.5493927001953,569.7366333007812,250.62594604492188,0.8756433129310608
game8/Clip8,122,112,player_bottom,721.9700317382812,621.2604370117188,688.1845092773438,497.7184753417969,755.7555541992188,621.2604370117188,0.8362024426460266
game8/Clip8,122,113,player_top,544.7557373046875,250.48211669921875,520.30419921875,170.93453979492188,569.2073364257812,250.48211669921875,0.877855658531189
game8/Clip8,123,112,player_bottom,735.4132080078125,622.3275756835938,702.007568359375,497.32623291015625,768.81884765625,622.3275756835938,0.8495713472366333
game8/Clip8,123,113,player_top,545.7037353515625,250.38894653320312,521.5400390625,171.5821533203125,569.8673706054688,250.38894653320312,0.855792760848999
game8/Clip8,124,112,player_bottom,747.370361328125,623.3614501953125,714.388671875,497.5853271484375,780.35205078125,623.3614501953125,0.8638780117034912
game8/Clip8,124,113,player_top,546.1343383789062,250.29518127441406,522.13671875,171.81336975097656,570.1319580078125,250.29518127441406,0.8657301068305969
game8/Clip8,125,112,player_bottom,756.7506103515625,624.1576538085938,724.0028686523438,496.9850158691406,789.4983520507812,624.1576538085938,0.8412824869155884
game8/Clip8,125,113,player_top,546.0552978515625,250.30787658691406,522.1976318359375,171.94873046875,569.9129028320312,250.30787658691406,0.8771502375602722
game8/Clip8,126,112,player_bottom,765.0139770507812,623.9102783203125,731.8167114257812,494.96270751953125,798.2112426757812,623.9102783203125,0.8504824638366699
game8/Clip8,126,113,player_top,545.7250366210938,250.3370361328125,521.830322265625,171.3374481201172,569.6197509765625,250.3370361328125,0.8656309843063354
game8/Clip8,127,112,player_bottom,772.635009765625,623.0115356445312,738.73388671875,492.8879089355469,806.5361938476562,623.0115356445312,0.8827780485153198
game8/Clip8,127,113,player_top,545.5450439453125,250.113525390625,521.6698608398438,170.5574493408203,569.4202270507812,250.113525390625,0.8623099327087402
game8/Clip8,128,112,player_bottom,781.1072998046875,621.646484375,746.4075927734375,489.43798828125,815.8070678710938,621.646484375,0.8686575889587402
game8/Clip8,128,113,player_top,547.1600952148438,249.79141235351562,523.4830932617188,169.80894470214844,570.8370971679688,249.79141235351562,0.8674303293228149
game8/Clip8,129,112,player_bottom,789.9381103515625,610.9296875,757.5289306640625,489.69366455078125,822.3473510742188,610.9296875,0.8489837646484375
game8/Clip8,129,113,player_top,549.7899169921875,248.48770141601562,526.5802001953125,169.08863830566406,572.9996337890625,248.48770141601562,0.8388665318489075
game8/Clip8,130,112,player_bottom,802.2241821289062,607.548828125,770.5296020507812,490.6379089355469,833.9187622070312,607.548828125,0.7883455157279968
game8/Clip8,130,113,player_top,553.75927734375,246.43629455566406,531.3775024414062,168.1512451171875,576.1410522460938,246.43629455566406,0.8208926320075989
game8/Clip8,131,112,player_bottom,809.3596801757812,603.3529663085938,779.3243408203125,490.41790771484375,839.39501953125,603.3529663085938,0.7702254056930542
game8/Clip8,131,113,player_top,558.5364990234375,244.53050231933594,537.2083740234375,167.5478515625,579.8646240234375,244.53050231933594,0.819451093673706
game8/Clip8,132,112,player_bottom,821.6571655273438,601.8305053710938,791.8009033203125,490.605712890625,851.513427734375,601.8305053710938,0.6411755084991455
game8/Clip8,132,113,player_top,562.041259765625,243.70016479492188,541.5491943359375,167.0525360107422,582.5333862304688,243.70016479492188,0.8096603155136108
game8/Clip8,133,112,player_bottom,823.7862548828125,599.8884887695312,795.27783203125,490.7925720214844,852.294677734375,599.8884887695312,0.8284327983856201
game8/Clip8,133,113,player_top,564.9573974609375,243.06942749023438,545.224853515625,166.89707946777344,584.6900024414062,243.06942749023438,0.7932038903236389
game8/Clip8,134,112,player_bottom,833.1936645507812,599.55859375,804.2080688476562,490.000732421875,862.1792602539062,599.55859375,0.8679664134979248
game8/Clip8,134,113,player_top,567.5130615234375,243.02671813964844,548.4595947265625,167.99221801757812,586.5665893554688,243.02671813964844,0.806381344795227
game8/Clip8,135,112,player_bottom,841.9775390625,598.80517578125,812.0767211914062,489.0414123535156,871.8783569335938,598.80517578125,0.8939673900604248
game8/Clip8,135,113,player_top,570.8139038085938,244.56460571289062,551.6322021484375,169.1502227783203,589.99560546875,244.56460571289062,0.8397615551948547
game8/Clip8,136,112,player_bottom,848.8030395507812,597.973876953125,817.1648559570312,485.0163269042969,880.4412231445312,597.973876953125,0.84101802110672
game8/Clip8,136,113,player_top,572.4605712890625,244.94081115722656,553.6394653320312,171.32510375976562,591.2816772460938,244.94081115722656,0.8352510333061218
game8/Clip8,137,112,player_bottom,855.56884765625,596.7734985351562,822.5228881835938,482.71014404296875,888.6148071289062,596.7734985351562,0.8761401176452637
game8/Clip8,137,113,player_top,572.8748779296875,245.03892517089844,554.24755859375,172.651611328125,591.502197265625,245.03892517089844,0.8459556698799133
game8/Clip8,138,112,player_bottom,861.9495849609375,593.704833984375,828.7911987304688,482.30316162109375,895.10791015625,593.704833984375,0.8888655304908752
game8/Clip8,138,113,player_top,573.1187133789062,245.19532775878906,554.5620727539062,173.513427734375,591.6753540039062,245.19532775878906,0.8423129320144653
game8/Clip8,139,112,player_bottom,868.19091796875,589.3694458007812,835.8689575195312,481.969970703125,900.5128784179688,589.3694458007812,0.8623302578926086
game8/Clip8,139,113,player_top,573.09765625,245.38711547851562,554.48681640625,173.8886260986328,591.70849609375,245.38711547851562,0.835253119468689
game8/Clip8,140,112,player_bottom,874.140625,585.60302734375,842.904541015625,481.1041564941406,905.376708984375,585.60302734375,0.8616173267364502
game8/Clip8,140,113,player_top,573.0208740234375,245.34999084472656,554.3538208007812,174.02471923828125,591.6879272460938,245.34999084472656,0.846146821975708
game8/Clip8,141,112,player_bottom,879.0379638671875,582.2096557617188,848.692138671875,478.71630859375,909.3837280273438,582.2096557617188,0.8419739007949829
game8/Clip8,141,113,player_top,572.9775390625,245.20054626464844,554.245361328125,174.1458740234375,591.7097778320312,245.20054626464844,0.8415019512176514
game8/Clip8,142,112,player_bottom,883.1829833984375,579.8345336914062,853.2626953125,475.3432922363281,913.1033325195312,579.8345336914062,0.8260787129402161
game8/Clip8,142,113,player_top,573.123046875,244.26446533203125,554.451416015625,174.2113800048828,591.794677734375,244.26446533203125,0.8488487601280212
game8/Clip8,143,112,player_bottom,889.5185546875,578.550048828125,858.8204956054688,468.8743896484375,920.2166137695312,578.550048828125,0.8427289128303528
game8/Clip8,143,113,player_top,573.4442138671875,243.478515625,554.675537109375,174.18251037597656,592.212890625,243.478515625,0.8577079176902771
game8/Clip8,144,112,player_bottom,896.96826171875,577.1102905273438,866.6591186523438,468.37774658203125,927.2774047851562,577.1102905273438,0.8489207029342651
game8/Clip8,144,113,player_top,572.88623046875,242.75698852539062,553.8487548828125,174.40054321289062,591.9236450195312,242.75698852539062,0.8550999164581299
game8/Clip8,145,112,player_bottom,903.1427001953125,575.7567138671875,872.99267578125,467.7749328613281,933.2927856445312,575.7567138671875,0.8482218384742737
game8/Clip8,145,113,player_top,572.6449584960938,242.0498504638672,553.1504516601562,174.73776245117188,592.1394653320312,242.0498504638672,0.8576629757881165
game8/Clip8,146,112,player_bottom,907.0043334960938,575.6940307617188,876.5384521484375,466.42144775390625,937.47021484375,575.6940307617188,0.824560284614563
game8/Clip8,146,113,player_top,573.0838623046875,242.08648681640625,552.9751586914062,175.31236267089844,593.192626953125,242.08648681640625,0.8526152968406677
game8/Clip8,147,112,player_bottom,908.9682006835938,575.6793823242188,878.3610229492188,465.0325622558594,939.5753784179688,575.6793823242188,0.8544328212738037
game8/Clip8,147,113,player_top,573.2967529296875,242.0905303955078,552.531005859375,175.56515502929688,594.0624389648438,242.0905303955078,0.8668588399887085
game8/Clip8,148,112,player_bottom,910.4389038085938,574.7861938476562,879.949462890625,463.2284851074219,940.9283447265625,574.7861938476562,0.8453710675239563
game8/Clip8,148,113,player_top,572.897705078125,242.02114868164062,551.5014038085938,175.35598754882812,594.2939453125,242.02114868164062,0.8707900643348694
game8/Clip8,149,112,player_bottom,911.8156127929688,573.0023193359375,881.93505859375,462.55743408203125,941.6961669921875,573.0023193359375,0.8424941301345825
game8/Clip8,149,113,player_top,571.694091796875,241.9871368408203,549.6500854492188,174.2251739501953,593.7381591796875,241.9871368408203,0.8729973435401917
game8/Clip8,150,112,player_bottom,913.9827880859375,570.6478271484375,884.7509765625,462.37237548828125,943.2146606445312,570.6478271484375,0.8653578162193298
game8/Clip8,150,113,player_top,572.5059814453125,241.76492309570312,549.4674682617188,172.03639221191406,595.5444946289062,241.76492309570312,0.8383881449699402
game8/Clip8,151,112,player_bottom,914.3389892578125,569.2200317382812,885.3513793945312,463.18408203125,943.3265991210938,569.2200317382812,0.8851342797279358
game8/Clip8,151,113,player_top,573.7154541015625,241.44578552246094,549.7088623046875,169.7126007080078,597.7221069335938,241.44578552246094,0.8516190648078918
game8/Clip8,152,112,player_bottom,914.4248657226562,568.438720703125,885.802978515625,465.46240234375,943.0467529296875,568.438720703125,0.8878770470619202
game8/Clip8,152,113,player_top,577.814208984375,241.1824951171875,552.9736938476562,167.85208129882812,602.6546630859375,241.1824951171875,0.8565344214439392
game8/Clip8,153,112,player_bottom,914.234619140625,568.523193359375,885.7957763671875,467.919189453125,942.6734619140625,568.523193359375,0.8811073303222656
game8/Clip8,153,113,player_top,583.5103759765625,239.54074096679688,558.7069702148438,166.80723571777344,608.3137817382812,239.54074096679688,0.8315690159797668
game8/Clip8,154,112,player_bottom,914.1376342773438,568.571533203125,885.8294067382812,470.2196350097656,942.4458618164062,568.571533203125,0.8840151429176331
game8/Clip8,154,113,player_top,591.2596435546875,239.28167724609375,566.6005859375,166.4124755859375,615.918701171875,239.28167724609375,0.8195773959159851
game8/Clip8,155,112,player_bottom,912.9422607421875,568.5448608398438,884.4737548828125,471.7876281738281,941.4107666015625,568.5448608398438,0.8470693826675415
game8/Clip8,155,113,player_top,597.5479125976562,238.9339599609375,573.0902099609375,166.18649291992188,622.005615234375,238.9339599609375,0.8013646006584167
game8/Clip8,156,112,player_bottom,913.6675415039062,568.2376098632812,885.0938720703125,472.11737060546875,942.2412109375,568.2376098632812,0.8666753768920898
game8/Clip8,156,113,player_top,601.2610473632812,238.56451416015625,576.643310546875,165.62469482421875,625.8787841796875,238.56451416015625,0.8183321952819824
game8/Clip8,157,112,player_bottom,910.5670166015625,568.22998046875,881.210693359375,471.6565246582031,939.9232788085938,568.22998046875,0.8236368894577026
game8/Clip8,157,113,player_top,604.9295654296875,237.93099975585938,579.8599243164062,164.5546112060547,629.9991455078125,237.93099975585938,0.85682612657547
game8/Clip8,158,112,player_bottom,905.134033203125,569.0390625,873.974365234375,469.8904724121094,936.2937622070312,569.0390625,0.8613502979278564
game8/Clip8,158,113,player_top,611.5350952148438,237.98081970214844,585.8678588867188,163.9269256591797,637.2023315429688,237.98081970214844,0.8485825657844543
game8/Clip8,159,112,player_bottom,906.7022705078125,569.2825317382812,874.4813842773438,467.4384765625,938.9231567382812,569.2825317382812,0.850418746471405
game8/Clip8,159,113,player_top,618.307861328125,238.43270874023438,592.1329956054688,163.59967041015625,644.482666015625,238.43270874023438,0.8476369976997375
game8/Clip8,160,112,player_bottom,896.795654296875,569.58154296875,862.464599609375,464.7122497558594,931.1266479492188,569.58154296875,0.8364138007164001
game8/Clip8,160,113,player_top,631.4388427734375,238.5338592529297,605.8802490234375,163.41249084472656,656.9973754882812,238.5338592529297,0.6911464929580688
game8/Clip8,161,112,player_bottom,887.9603881835938,569.8333129882812,852.3740844726562,462.4258728027344,923.5466918945312,569.8333129882812,0.8739573359489441
game8/Clip8,161,113,player_top,637.6898193359375,238.9133758544922,612.590576171875,163.4005126953125,662.7891235351562,238.9133758544922,0.7731766104698181
game8/Clip8,162,112,player_bottom,878.2793579101562,570.0087890625,842.2167358398438,460.14971923828125,914.3419799804688,570.0087890625,0.8717898726463318
game8/Clip8,162,113,player_top,642.4910888671875,239.1270294189453,617.6488037109375,162.44085693359375,667.3333740234375,239.1270294189453,0.8098709583282471
game8/Clip8,163,112,player_bottom,871.6934814453125,569.514404296875,835.7685546875,458.5693359375,907.618408203125,569.514404296875,0.8608482480049133
game8/Clip8,163,113,player_top,645.4813232421875,239.2625732421875,621.4981079101562,164.16610717773438,669.4644775390625,239.2625732421875,0.8185775279998779
game8/Clip8,164,112,player_bottom,865.1952514648438,565.2453002929688,830.82470703125,457.9346618652344,899.5657958984375,565.2453002929688,0.8674355149269104
game8/Clip8,164,113,player_top,652.6817016601562,239.36782836914062,627.751220703125,162.2985382080078,677.6121826171875,239.36782836914062,0.8753113746643066
game8/Clip8,165,112,player_bottom,857.5787353515625,567.9909057617188,823.4229736328125,458.0775146484375,891.7345581054688,567.9909057617188,0.8436614274978638
game8/Clip8,165,113,player_top,658.9223022460938,239.2754364013672,633.6259765625,162.3876495361328,684.2186279296875,239.2754364013672,0.8754360675811768
game8/Clip8,166,112,player_bottom,850.6535034179688,568.1396484375,817.6985473632812,458.5008239746094,883.6084594726562,568.1396484375,0.8148555755615234
game8/Clip8,166,113,player_top,662.9752807617188,237.84649658203125,637.9725952148438,162.35589599609375,687.9779663085938,237.84649658203125,0.8644654750823975
game8/Clip8,167,112,player_bottom,840.769775390625,571.1865234375,807.7449340820312,459.1029052734375,873.794677734375,571.1865234375,0.7041348218917847
game8/Clip8,167,113,player_top,668.473388671875,237.00985717773438,643.8787231445312,162.03594970703125,693.0679931640625,237.00985717773438,0.8517668843269348
game8/Clip8,168,112,player_bottom,835.520263671875,573.1720581054688,802.4662475585938,459.619140625,868.57421875,573.1720581054688,0.8305675983428955
game8/Clip8,168,113,player_top,675.8243408203125,237.1197967529297,651.5125122070312,161.56878662109375,700.1361083984375,237.1197967529297,0.8531522154808044
game8/Clip8,169,112,player_bottom,830.4375610351562,573.7589721679688,797.08154296875,458.61199951171875,863.7935791015625,573.7589721679688,0.8631646037101746
game8/Clip8,169,113,player_top,684.2567138671875,236.4877471923828,660.6361694335938,160.31887817382812,707.8772583007812,236.4877471923828,0.8207993507385254
game8/Clip8,170,112,player_bottom,824.5687255859375,574.5771484375,790.8582763671875,457.0409851074219,858.2791748046875,574.5771484375,0.8947942852973938
game8/Clip8,170,113,player_top,689.9558715820312,234.64199829101562,667.1341552734375,158.36825561523438,712.777587890625,234.64199829101562,0.8088301420211792
game8/Clip8,171,112,player_bottom,816.0167236328125,575.0282592773438,782.2195434570312,455.8671875,849.81396484375,575.0282592773438,0.8688133955001831
game8/Clip8,171,113,player_top,695.5775146484375,232.54312133789062,673.6902465820312,157.17791748046875,717.4647827148438,232.54312133789062,0.7946298718452454
game8/Clip8,172,112,player_bottom,805.4376831054688,575.2335205078125,771.9840698242188,454.78839111328125,838.8912963867188,575.2335205078125,0.8087411522865295
game8/Clip8,172,113,player_top,701.8008422851562,232.83360290527344,680.3423461914062,157.0908966064453,723.2593383789062,232.83360290527344,0.7836024165153503
game8/Clip8,173,112,player_bottom,794.755859375,575.5869750976562,762.0445556640625,454.72003173828125,827.4672241210938,575.5869750976562,0.8062383532524109
game8/Clip8,173,113,player_top,706.740234375,232.73646545410156,685.7243041992188,156.40814208984375,727.7561645507812,232.73646545410156,0.7615944743156433
game8/Clip8,174,112,player_bottom,785.6326904296875,571.8287963867188,754.9163208007812,455.6813049316406,816.34912109375,571.8287963867188,0.824228823184967
game8/Clip8,174,113,player_top,709.7435913085938,233.03640747070312,688.5573120117188,155.9151611328125,730.9298706054688,233.03640747070312,0.7558037042617798
game8/Clip8,175,112,player_bottom,776.2536010742188,570.26611328125,747.1152954101562,457.5267639160156,805.3919067382812,570.26611328125,0.8252704739570618
game8/Clip8,175,113,player_top,716.6557006835938,232.85914611816406,695.1204223632812,155.67811584472656,738.1909790039062,232.85914611816406,0.7893507480621338
game8/Clip8,176,112,player_bottom,767.0645141601562,575.5497436523438,737.8226928710938,459.5010070800781,796.3063354492188,575.5497436523438,0.8018686771392822
game8/Clip8,176,113,player_top,724.2808837890625,232.8783721923828,702.8303833007812,156.46766662597656,745.7313842773438,232.8783721923828,0.7913643717765808
game8/Clip8,177,112,player_bottom,759.22412109375,578.7529907226562,730.1754150390625,461.8979797363281,788.2728271484375,578.7529907226562,0.8665671348571777
game8/Clip8,177,113,player_top,729.0760498046875,232.8259735107422,707.4688720703125,156.48707580566406,750.6831665039062,232.8259735107422,0.826606035232544
game8/Clip8,178,112,player_bottom,749.676025390625,579.7247314453125,720.184814453125,463.9785461425781,779.167236328125,579.7247314453125,0.8864665627479553
game8/Clip8,178,113,player_top,733.4161987304688,233.16748046875,711.7266845703125,156.8758087158203,755.105712890625,233.16748046875,0.854849100112915
game8/Clip8,179,112,player_bottom,740.7389526367188,581.8717041015625,709.708740234375,464.842041015625,771.7691650390625,581.8717041015625,0.8912556767463684
game8/Clip8,179,113,player_top,735.6065673828125,233.21585083007812,714.046875,157.9212646484375,757.1663208007812,233.21585083007812,0.8538637161254883
game8/Clip8,180,112,player_bottom,733.404541015625,583.9857177734375,701.0444946289062,465.6717834472656,765.7645263671875,583.9857177734375,0.9034214615821838
game8/Clip8,180,113,player_top,736.4719848632812,232.84359741210938,714.6221923828125,156.86465454101562,758.32177734375,232.84359741210938,0.8400195837020874
game8/Clip8,181,112,player_bottom,722.502197265625,585.5763549804688,689.1663208007812,466.65826416015625,755.838134765625,585.5763549804688,0.8439047932624817
game8/Clip8,181,113,player_top,737.5650634765625,232.5394287109375,715.5991821289062,155.91537475585938,759.5308837890625,232.5394287109375,0.8253714442253113
game8/Clip8,182,112,player_bottom,710.055419921875,586.550537109375,676.5341186523438,467.62188720703125,743.57666015625,586.550537109375,0.7654690742492676
game8/Clip8,182,113,player_top,738.62646484375,231.92919921875,716.6516723632812,154.6165008544922,760.6012573242188,231.92919921875,0.8212873935699463
game8/Clip8,183,112,player_bottom,697.6029052734375,586.6544189453125,665.2618408203125,468.12017822265625,729.9439697265625,586.6544189453125,0.6319099068641663
game8/Clip8,183,113,player_top,739.641845703125,231.59725952148438,717.4588012695312,152.34481811523438,761.824951171875,231.59725952148438,0.8395439982414246
game8/Clip8,184,112,player_bottom,687.6439208984375,586.9530639648438,656.0390014648438,468.0970764160156,719.248779296875,586.9530639648438,0.8119475841522217
game8/Clip8,184,113,player_top,740.3417358398438,231.21267700195312,718.3785400390625,151.6643524169922,762.304931640625,231.21267700195312,0.8413372039794922
game8/Clip8,185,112,player_bottom,677.3176879882812,586.5513916015625,645.8706665039062,467.9775695800781,708.7647094726562,586.5513916015625,0.8719448447227478
game8/Clip8,185,113,player_top,741.1570434570312,231.08343505859375,719.5123901367188,152.1482696533203,762.8016967773438,231.08343505859375,0.858070969581604
game8/Clip8,186,112,player_bottom,666.4223022460938,586.9923095703125,634.798095703125,468.3269348144531,698.0465087890625,586.9923095703125,0.8209525346755981
game8/Clip8,186,113,player_top,741.7559204101562,230.89732360839844,720.4076538085938,152.7044219970703,763.1041870117188,230.89732360839844,0.8632892966270447
game8/Clip8,187,112,player_bottom,654.3740234375,589.5494384765625,622.4474487304688,469.1213684082031,686.300537109375,589.5494384765625,0.8538165092468262
game8/Clip8,187,113,player_top,741.9622802734375,230.70724487304688,721.0826416015625,154.06234741210938,762.8419799804688,230.70724487304688,0.8583754301071167
game8/Clip8,188,112,player_bottom,643.4411010742188,591.0255126953125,612.6951293945312,470.8450927734375,674.1870727539062,591.0255126953125,0.7917585968971252
game8/Clip8,188,113,player_top,741.7693481445312,230.55859375,721.2544555664062,155.23756408691406,762.2842407226562,230.55859375,0.8639285564422607
game8/Clip8,189,112,player_bottom,631.1885986328125,592.8841552734375,601.3582153320312,471.7508239746094,661.01904296875,592.8841552734375,0.8381192088127136
game8/Clip8,189,113,player_top,741.9178466796875,230.6330108642578,722.0380249023438,157.7363739013672,761.7976684570312,230.6330108642578,0.8542630076408386
game8/Clip8,190,112,player_bottom,618.5743408203125,595.70556640625,589.1087036132812,473.0289611816406,648.0399169921875,595.70556640625,0.839454710483551
game8/Clip8,190,113,player_top,741.7132568359375,231.1367950439453,721.939453125,158.6884307861328,761.487060546875,231.1367950439453,0.8572008013725281
game8/Clip8,191,112,player_bottom,607.89306640625,598.2660522460938,578.8705444335938,474.74615478515625,636.9155883789062,598.2660522460938,0.8589475750923157
game8/Clip8,191,113,player_top,741.525634765625,232.7925262451172,721.174560546875,158.1468048095703,761.8767700195312,232.7925262451172,0.8757002949714661
game8/Clip8,192,112,player_bottom,600.06689453125,600.1458740234375,571.4757690429688,476.31927490234375,628.657958984375,600.1458740234375,0.8264061212539673
game8/Clip8,192,113,player_top,740.70068359375,233.44061279296875,720.0067749023438,157.6656951904297,761.3946533203125,233.44061279296875,0.8661266565322876
game8/Clip8,193,112,player_bottom,590.8681640625,600.1036376953125,563.368408203125,479.4301452636719,618.3678588867188,600.1036376953125,0.8380287885665894
game8/Clip8,193,113,player_top,738.319580078125,233.60743713378906,717.6419067382812,157.45358276367188,758.997314453125,233.60743713378906,0.8281299471855164
game8/Clip8,194,112,player_bottom,580.9730834960938,599.7444458007812,553.5863647460938,479.0591735839844,608.3598022460938,599.7444458007812,0.7535762786865234
game8/Clip8,194,113,player_top,734.7374267578125,233.81576538085938,714.3451538085938,157.31211853027344,755.129638671875,233.81576538085938,0.8252587914466858
game8/Clip8,195,112,player_bottom,571.236572265625,599.1243896484375,543.6266479492188,479.8065185546875,598.8465576171875,599.1243896484375,0.7676199674606323
game8/Clip8,195,113,player_top,731.56982421875,233.95590209960938,711.6357421875,157.1631317138672,751.50390625,233.95590209960938,0.7934777140617371
game8/Clip8,196,112,player_bottom,559.7926025390625,599.062744140625,530.7337646484375,479.5223693847656,588.8515014648438,599.062744140625,0.8803150057792664
game8/Clip8,196,113,player_top,728.0070190429688,233.4505615234375,708.9613037109375,157.29811096191406,747.052734375,233.4505615234375,0.7522386908531189
game8/Clip8,197,112,player_bottom,551.875244140625,599.233154296875,520.8984985351562,477.95654296875,582.85205078125,599.233154296875,0.9029439091682434
game8/Clip8,197,113,player_top,725.82763671875,234.50950622558594,707.3910522460938,157.90086364746094,744.2642822265625,234.50950622558594,0.7627993822097778
game8/Clip8,198,112,player_bottom,545.7132568359375,599.0839233398438,513.1427612304688,477.35797119140625,578.2838134765625,599.0839233398438,0.8865180611610413
game8/Clip8,198,113,player_top,724.1787109375,235.87200927734375,706.1611328125,158.368896484375,742.1962890625,235.87200927734375,0.7837457656860352
game8/Clip8,199,112,player_bottom,540.9244384765625,597.8441772460938,507.60540771484375,479.1953430175781,574.2435302734375,597.8441772460938,0.8976569771766663
game8/Clip8,199,113,player_top,721.2081298828125,236.4582061767578,703.4432983398438,159.28927612304688,738.9730224609375,236.4582061767578,0.8103092312812805
game8/Clip8,200,112,player_bottom,536.0084838867188,596.5137329101562,502.1946105957031,479.7979431152344,569.8223266601562,596.5137329101562,0.880711019039154
game8/Clip8,200,113,player_top,718.2639770507812,237.2593994140625,700.4556274414062,160.29464721679688,736.0723266601562,237.2593994140625,0.8370160460472107
game8/Clip8,201,112,player_bottom,531.7059936523438,595.8104858398438,497.2798767089844,478.8196105957031,566.1321411132812,595.8104858398438,0.9010801315307617
game8/Clip8,201,113,player_top,716.4871826171875,237.88333129882812,698.4721069335938,160.76963806152344,734.5023193359375,237.88333129882812,0.8449152708053589
game8/Clip8,202,112,player_bottom,526.534912109375,595.263427734375,491.75531005859375,476.5980529785156,561.3145751953125,595.263427734375,0.9036678075790405
game8/Clip8,202,113,player_top,715.4168701171875,238.143798828125,697.234375,161.05174255371094,733.5994262695312,238.143798828125,0.8547874689102173
game8/Clip8,203,112,player_bottom,522.3680419921875,594.0892944335938,487.7572021484375,474.19110107421875,556.9789428710938,594.0892944335938,0.8894868493080139
game8/Clip8,203,113,player_top,714.3372192382812,238.57460021972656,696.1239013671875,161.48309326171875,732.550537109375,238.57460021972656,0.8510937690734863
game8/Clip8,204,112,player_bottom,518.2822265625,593.6942138671875,483.94287109375,471.4400634765625,552.6215209960938,593.6942138671875,0.8811259269714355
game8/Clip8,204,113,player_top,712.2242431640625,238.6619110107422,694.0538940429688,162.35354614257812,730.3945922851562,238.6619110107422,0.8560076355934143
game8/Clip8,205,112,player_bottom,514.4854736328125,593.6034545898438,480.7588195800781,469.00372314453125,548.212158203125,593.6034545898438,0.8625505566596985
game8/Clip8,205,113,player_top,708.233154296875,239.6837921142578,689.549560546875,163.0758514404297,726.916748046875,239.6837921142578,0.8753437995910645
game8/Clip8,206,112,player_bottom,514.85888671875,593.2137451171875,481.7285461425781,467.8616638183594,547.9891967773438,593.2137451171875,0.709305465221405
game8/Clip8,206,113,player_top,704.739013671875,241.25526428222656,685.6011962890625,165.02732849121094,723.8768920898438,241.25526428222656,0.8573319315910339
game8/Clip8,207,112,player_bottom,506.1986389160156,593.4292602539062,474.5941162109375,467.7810363769531,537.8031616210938,593.4292602539062,0.655432939529419
game8/Clip8,207,113,player_top,702.1707763671875,243.0760955810547,682.4718627929688,167.10791015625,721.8697509765625,243.0760955810547,0.8755490183830261
game8/Clip8,208,112,player_bottom,507.3469543457031,594.2377319335938,475.7247314453125,467.4189453125,538.9691772460938,594.2377319335938,0.7441613674163818
game8/Clip8,208,113,player_top,700.50244140625,243.85079956054688,680.564208984375,169.52113342285156,720.4407348632812,243.85079956054688,0.8841171860694885
game8/Clip8,209,112,player_bottom,507.9439697265625,594.6031494140625,476.0724182128906,467.13897705078125,539.8154907226562,594.6031494140625,0.7662245035171509
game8/Clip8,209,113,player_top,699.6742553710938,244.26358032226562,679.646484375,171.86981201171875,719.7020263671875,244.26358032226562,0.871010959148407
game8/Clip8,210,112,player_bottom,505.431884765625,595.3027954101562,473.03271484375,467.1812438964844,537.8310546875,595.3027954101562,0.8114725351333618
game8/Clip8,210,113,player_top,698.9852294921875,244.45530700683594,678.8048706054688,173.31834411621094,719.1655883789062,244.45530700683594,0.8624758124351501
game8/Clip8,211,112,player_bottom,500.6041259765625,596.2764892578125,466.9971618652344,467.2852783203125,534.2110595703125,596.2764892578125,0.8539994955062866
game8/Clip8,211,113,player_top,698.4755859375,244.86102294921875,677.9232788085938,173.91685485839844,719.0278930664062,244.86102294921875,0.8683895468711853
game8/Clip8,212,112,player_bottom,494.741455078125,597.0269165039062,459.8367004394531,467.47943115234375,529.6461791992188,597.0269165039062,0.8825604319572449
game8/Clip8,212,113,player_top,698.1836547851562,244.85264587402344,677.1306762695312,173.35092163085938,719.2366333007812,244.85264587402344,0.8566571474075317
game8/Clip8,213,112,player_bottom,488.58026123046875,597.3604125976562,452.63507080078125,469.24798583984375,524.5254516601562,597.3604125976562,0.8761496543884277
game8/Clip8,213,113,player_top,698.4288330078125,244.9759521484375,676.57861328125,171.7281036376953,720.279052734375,244.9759521484375,0.8609774112701416
game8/Clip8,214,112,player_bottom,483.41619873046875,598.4468994140625,446.6631164550781,472.24212646484375,520.1693115234375,598.4468994140625,0.8592815399169922
game8/Clip8,214,113,player_top,699.99462890625,244.9154052734375,677.210693359375,169.66175842285156,722.7786254882812,244.9154052734375,0.8594039082527161
game8/Clip8,215,112,player_bottom,479.919921875,600.3063354492188,442.62261962890625,476.4381408691406,517.2172241210938,600.3063354492188,0.8913944363594055
game8/Clip8,215,113,player_top,702.6102294921875,245.19808959960938,679.0899047851562,168.79470825195312,726.1305541992188,245.19808959960938,0.83983314037323
game8/Clip8,216,112,player_bottom,477.3765869140625,601.1788940429688,440.3504943847656,481.7193298339844,514.4026489257812,601.1788940429688,0.8710146546363831
game8/Clip8,216,113,player_top,707.3898315429688,245.15960693359375,683.6357421875,168.3481903076172,731.1439208984375,245.15960693359375,0.8669254183769226
game8/Clip8,217,112,player_bottom,474.7685241699219,601.4589233398438,438.4604187011719,486.9786682128906,511.0766296386719,601.4589233398438,0.733458936214447
game8/Clip8,217,113,player_top,713.0252685546875,244.86383056640625,689.748291015625,169.25634765625,736.30224609375,244.86383056640625,0.8001805543899536
game8/Clip8,218,112,player_bottom,477.6251525878906,601.9014892578125,440.648681640625,489.2799987792969,514.6016235351562,601.9014892578125,0.7072242498397827
game8/Clip8,218,113,player_top,719.820068359375,244.58706665039062,697.2965698242188,169.9849853515625,742.343505859375,244.58706665039062,0.8081854581832886
game8/Clip8,219,112,player_bottom,478.9747619628906,601.9990234375,440.90997314453125,489.4292297363281,517.03955078125,601.9990234375,0.8688845634460449
game8/Clip8,219,113,player_top,723.3787841796875,244.66876220703125,701.0903930664062,170.03897094726562,745.667236328125,244.66876220703125,0.8286798000335693
game8/Clip8,220,112,player_bottom,480.7764892578125,602.3145751953125,441.1006774902344,487.8068542480469,520.4522705078125,602.3145751953125,0.8818041086196899
game8/Clip8,220,113,player_top,726.0003662109375,245.92410278320312,703.4912719726562,170.30908203125,748.5094604492188,245.92410278320312,0.8273483514785767
game8/Clip8,221,112,player_bottom,484.20068359375,603.2049560546875,443.1362609863281,485.6072692871094,525.2650756835938,603.2049560546875,0.8751306533813477
game8/Clip8,221,113,player_top,728.7525634765625,245.75747680664062,706.167236328125,170.17076110839844,751.3378295898438,245.75747680664062,0.8489962220191956
game8/Clip8,222,112,player_bottom,485.76922607421875,603.2077026367188,444.5663757324219,483.0559997558594,526.9721069335938,603.2077026367188,0.7656301259994507
game8/Clip8,222,113,player_top,733.2569580078125,247.29901123046875,710.5180053710938,171.23641967773438,755.9959106445312,247.29901123046875,0.8175141215324402
game8/Clip8,223,112,player_bottom,488.19097900390625,603.056884765625,448.0954284667969,481.55780029296875,528.2864990234375,603.056884765625,0.7082780003547668
game8/Clip8,223,113,player_top,738.7182006835938,248.78396606445312,716.0053100585938,171.7425537109375,761.4310913085938,248.78396606445312,0.8006001710891724
game8/Clip8,224,112,player_bottom,497.56671142578125,604.4036865234375,458.31414794921875,481.42913818359375,536.8192749023438,604.4036865234375,0.8475021123886108
game8/Clip8,224,113,player_top,747.384765625,248.8609161376953,725.4484252929688,172.62806701660156,769.3211669921875,248.8609161376953,0.6942036747932434
game8/Clip8,225,112,player_bottom,501.93988037109375,605.9580078125,463.7066955566406,481.45452880859375,540.1730346679688,605.9580078125,0.8675118684768677
game8/Clip8,225,113,player_top,756.1060791015625,248.93165588378906,734.9730834960938,173.61351013183594,777.2391357421875,248.93165588378906,0.8049337267875671
game8/Clip8,226,112,player_bottom,503.2970275878906,607.8461303710938,466.5281982421875,483.0328369140625,540.0658569335938,607.8461303710938,0.8771737217903137
game8/Clip8,226,113,player_top,763.1468505859375,249.45652770996094,742.46240234375,174.75624084472656,783.831298828125,249.45652770996094,0.7807287573814392
game8/Clip8,227,112,player_bottom,507.4132995605469,610.2144165039062,472.18841552734375,486.625244140625,542.63818359375,610.2144165039062,0.8709894418716431
game8/Clip8,227,113,player_top,768.5487060546875,249.5497283935547,748.2879638671875,176.13796997070312,788.8093872070312,249.5497283935547,0.7950250506401062
game8/Clip8,228,112,player_bottom,513.5712890625,611.8531494140625,479.1756896972656,488.97491455078125,547.9669189453125,611.8531494140625,0.882255494594574
game8/Clip8,228,113,player_top,771.610595703125,249.691162109375,751.6062622070312,177.62640380859375,791.614990234375,249.691162109375,0.8285495042800903
game8/Clip8,229,112,player_bottom,518.0323486328125,615.3809814453125,483.7310791015625,491.20220947265625,552.3336791992188,615.3809814453125,0.8942885398864746
game8/Clip8,229,113,player_top,776.4798583984375,249.70448303222656,756.2665405273438,179.0269012451172,796.6931762695312,249.70448303222656,0.8091344833374023
game8/Clip8,230,112,player_bottom,521.7354736328125,618.7025756835938,487.404541015625,493.74072265625,556.0663452148438,618.7025756835938,0.8820377588272095
game8/Clip8,230,113,player_top,781.9847412109375,251.5003204345703,758.7537231445312,172.56063842773438,805.2158203125,251.5003204345703,0.8057904243469238
game8/Clip8,231,112,player_bottom,524.2017822265625,621.9703979492188,489.7613525390625,495.7221984863281,558.6422729492188,621.9703979492188,0.8811615705490112
game8/Clip8,231,113,player_top,786.4395751953125,252.08433532714844,761.9518432617188,172.35609436035156,810.92724609375,252.08433532714844,0.8036980628967285
game8/Clip8,232,112,player_bottom,526.5703125,623.9019775390625,492.6067810058594,498.03314208984375,560.5338134765625,623.9019775390625,0.8904322981834412
game8/Clip8,232,113,player_top,789.2431640625,252.24635314941406,765.0174560546875,177.85694885253906,813.4689331054688,252.24635314941406,0.8531903028488159
game8/Clip8,233,112,player_bottom,526.6162109375,624.66796875,492.952392578125,499.0489196777344,560.280029296875,624.66796875,0.8972972631454468
game8/Clip8,233,113,player_top,791.733154296875,253.71437072753906,767.5285034179688,184.25384521484375,815.9378662109375,253.71437072753906,0.8619338274002075
game8/Clip8,234,112,player_bottom,525.8260498046875,624.9104614257812,492.1018371582031,498.6047668457031,559.55029296875,624.9104614257812,0.8943455219268799
game8/Clip8,234,113,player_top,792.9649658203125,253.19656372070312,768.074951171875,186.0323944091797,817.8549194335938,253.19656372070312,0.8497187495231628
game8/Clip8,235,112,player_bottom,524.6411743164062,624.9028930664062,490.61737060546875,497.17779541015625,558.6649780273438,624.9028930664062,0.8946743607521057
game8/Clip8,235,113,player_top,793.8134765625,252.0181884765625,769.128173828125,189.412109375,818.4987182617188,252.0181884765625,0.869220495223999
game8/Clip8,236,112,player_bottom,524.1782836914062,624.354248046875,489.84130859375,495.0910949707031,558.5152587890625,624.354248046875,0.8937124013900757
game8/Clip8,236,113,player_top,795.1790771484375,251.55490112304688,769.978759765625,190.96388244628906,820.3794555664062,251.55490112304688,0.8446250557899475
game8/Clip8,237,112,player_bottom,523.2920532226562,623.7705688476562,488.5257873535156,493.6663818359375,558.0582885742188,623.7705688476562,0.9035658836364746
game8/Clip8,237,113,player_top,796.1756591796875,251.4793701171875,770.4193725585938,192.25494384765625,821.931884765625,251.4793701171875,0.862055242061615
game8/Clip8,238,112,player_bottom,521.06298828125,623.45751953125,485.8046875,493.37921142578125,556.3212890625,623.45751953125,0.9130259156227112
game8/Clip8,238,113,player_top,796.6187744140625,251.3912811279297,769.95361328125,192.14892578125,823.2838745117188,251.3912811279297,0.8734239935874939
game8/Clip8,239,112,player_bottom,518.764892578125,624.0671997070312,482.8980712890625,494.1400146484375,554.6317138671875,624.0671997070312,0.9160862565040588
game8/Clip8,239,113,player_top,796.8483276367188,251.03070068359375,769.1327514648438,191.2281036376953,824.5639038085938,251.03070068359375,0.7309059500694275
game8/Clip8,240,112,player_bottom,516.7357177734375,625.736572265625,480.2750244140625,496.0107116699219,553.1964111328125,625.736572265625,0.9167013168334961
game8/Clip8,240,113,player_top,797.89453125,251.2112579345703,769.2290649414062,190.62716674804688,826.5599975585938,251.2112579345703,0.7991082072257996
game8/Clip8,241,112,player_bottom,514.4747924804688,627.3388061523438,477.8976745605469,499.7339172363281,551.0518798828125,627.3388061523438,0.9148769974708557
game8/Clip8,241,113,player_top,798.5960083007812,251.3597869873047,768.2635498046875,187.8872833251953,828.928466796875,251.3597869873047,0.8029033541679382
game8/Clip8,242,112,player_bottom,513.1793212890625,629.9912719726562,476.5262756347656,504.2132873535156,549.8323364257812,629.9912719726562,0.911113440990448
game8/Clip8,242,113,player_top,799.4324951171875,251.44647216796875,768.02880859375,185.88829040527344,830.8362426757812,251.44647216796875,0.8320015072822571
game8/Clip8,243,112,player_bottom,512.423095703125,631.8385009765625,475.73046875,508.2156066894531,549.11572265625,631.8385009765625,0.9084113240242004
game8/Clip8,243,113,player_top,800.0546875,250.9929656982422,767.1318969726562,181.68748474121094,832.9774169921875,250.9929656982422,0.7370311617851257
game8/Clip8,244,112,player_bottom,512.224853515625,632.1332397460938,475.44903564453125,510.41522216796875,549.0006103515625,632.1332397460938,0.9070444107055664
game8/Clip8,244,113,player_top,801.1143188476562,251.19552612304688,765.556396484375,174.82167053222656,836.6722412109375,251.19552612304688,0.7984275221824646
game8/Clip8,245,112,player_bottom,511.95050048828125,631.4616088867188,474.5666198730469,509.4308166503906,549.3344116210938,631.4616088867188,0.9059425592422485
game8/Clip8,245,113,player_top,801.482177734375,251.35116577148438,763.8103637695312,168.4715118408203,839.154052734375,251.35116577148438,0.8339834809303284
game8/Clip8,246,112,player_bottom,510.890625,630.8310546875,472.7460632324219,507.37286376953125,549.0352172851562,630.8310546875,0.9052885174751282
game8/Clip8,246,113,player_top,801.9036254882812,251.58432006835938,764.7619018554688,168.3734130859375,839.0453491210938,251.58432006835938,0.8474788069725037
game8/Clip8,247,112,player_bottom,505.0506896972656,630.5283813476562,466.73486328125,505.2154541015625,543.3665161132812,630.5283813476562,0.8854526281356812
game8/Clip8,247,113,player_top,801.562255859375,251.58767700195312,764.6673583984375,167.32940673828125,838.4570922851562,251.58767700195312,0.8537226319313049
game8/Clip8,248,112,player_bottom,497.078369140625,630.4881591796875,459.108154296875,503.4772644042969,535.048583984375,630.4881591796875,0.8808707594871521
game8/Clip8,248,113,player_top,801.3096923828125,251.74290466308594,764.8744506835938,167.0324249267578,837.7449340820312,251.74290466308594,0.8552979826927185
game8/Clip8,249,112,player_bottom,491.9555358886719,629.9751586914062,454.57183837890625,502.60345458984375,529.3392333984375,629.9751586914062,0.8833047151565552
game8/Clip8,249,113,player_top,800.7537841796875,251.85789489746094,764.8687133789062,166.70046997070312,836.6387939453125,251.85789489746094,0.8658872246742249
game8/Clip8,250,112,player_bottom,488.1607971191406,628.5713500976562,451.84893798828125,503.280517578125,524.47265625,628.5713500976562,0.8854634761810303
game8/Clip8,250,113,player_top,797.0093994140625,251.9309539794922,762.4107055664062,167.37001037597656,831.6080322265625,251.9309539794922,0.856737494468689
game8/Clip8,251,112,player_bottom,484.819091796875,628.2977294921875,449.416015625,504.8837585449219,520.22216796875,628.2977294921875,0.8823183178901672
game8/Clip8,251,113,player_top,794.489013671875,251.99685668945312,761.00341796875,167.65342712402344,827.9746704101562,251.99685668945312,0.8500483632087708
game8/Clip8,252,112,player_bottom,481.3251647949219,629.2053833007812,446.73236083984375,507.853515625,515.91796875,629.2053833007812,0.8904055953025818
game8/Clip8,252,113,player_top,792.9755859375,251.9788055419922,760.5437622070312,168.40643310546875,825.4073486328125,251.9788055419922,0.8532312512397766
game8/Clip8,253,112,player_bottom,479.5074462890625,630.3396606445312,445.5417785644531,510.7113037109375,513.4730834960938,630.3396606445312,0.9029005765914917
game8/Clip8,253,113,player_top,790.041259765625,251.77645874023438,758.4279174804688,169.4458770751953,821.6546630859375,251.77645874023438,0.8469688296318054
game8/Clip8,254,112,player_bottom,478.8227844238281,630.3905029296875,445.16864013671875,511.4302062988281,512.4769287109375,630.3905029296875,0.8985365629196167
game8/Clip8,254,113,player_top,788.3055419921875,251.4690704345703,757.260009765625,170.0946807861328,819.3511352539062,251.4690704345703,0.8353985548019409
game8/Clip8,255,112,player_bottom,479.4691467285156,630.5734252929688,445.155029296875,508.7512512207031,513.7832641601562,630.5734252929688,0.8761105537414551
game8/Clip8,255,113,player_top,787.1566162109375,251.3876953125,756.3427734375,170.16123962402344,817.9703979492188,251.3876953125,0.8024408221244812
game8/Clip8,256,112,player_bottom,482.7444152832031,630.1500244140625,447.405517578125,504.51251220703125,518.0833129882812,630.1500244140625,0.8578332662582397
game8/Clip8,256,113,player_top,785.8974609375,251.4823760986328,754.7612915039062,169.70062255859375,817.0336303710938,251.4823760986328,0.7545580267906189
game8/Clip8,257,112,player_bottom,486.8207092285156,626.9437866210938,451.80487060546875,501.8852233886719,521.8365478515625,626.9437866210938,0.8553140759468079
game8/Clip8,257,113,player_top,780.2918701171875,250.45986938476562,749.5698852539062,169.11737060546875,811.0138549804688,250.45986938476562,0.7728954553604126
game8/Clip8,258,112,player_bottom,489.835205078125,615.9580688476562,456.8174133300781,498.2521057128906,522.8529663085938,615.9580688476562,0.8561392426490784
game8/Clip8,258,113,player_top,774.9674072265625,249.748046875,744.80615234375,168.6143035888672,805.1286010742188,249.748046875,0.8090491890907288
game8/Clip8,259,112,player_bottom,493.8079833984375,610.8146362304688,461.0218505859375,495.1643981933594,526.5941162109375,610.8146362304688,0.8781512379646301
game8/Clip8,259,113,player_top,770.309326171875,249.20960998535156,740.8461303710938,168.03012084960938,799.7725830078125,249.20960998535156,0.8340712189674377
game8/Clip8,260,112,player_bottom,498.74053955078125,606.2755737304688,465.9774475097656,493.2416076660156,531.503662109375,606.2755737304688,0.8660029172897339
game8/Clip8,260,113,player_top,765.983154296875,248.83612060546875,737.3494873046875,167.18421936035156,794.6168823242188,248.83612060546875,0.8321864008903503
game8/Clip8,261,112,player_bottom,500.6129150390625,602.9041137695312,467.9967041015625,492.04571533203125,533.2291259765625,602.9041137695312,0.8792629241943359
game8/Clip8,261,113,player_top,761.0562133789062,248.28750610351562,733.5396728515625,166.49368286132812,788.57275390625,248.28750610351562,0.8010036945343018
game8/Clip8,262,112,player_bottom,508.9970703125,601.9884643554688,474.3121032714844,486.8807067871094,543.6820068359375,601.9884643554688,0.8539167046546936
game8/Clip8,262,113,player_top,756.6102294921875,247.99595642089844,730.22900390625,166.4120330810547,782.9915161132812,247.99595642089844,0.8206406235694885
game8/Clip8,263,112,player_bottom,517.1734008789062,601.5056762695312,478.8166809082031,475.15081787109375,555.5301513671875,601.5056762695312,0.8338971734046936
game8/Clip8,263,113,player_top,752.794189453125,248.88311767578125,727.4688720703125,167.4440460205078,778.1195068359375,248.88311767578125,0.8008272647857666
game8/Clip8,264,112,player_bottom,524.9605712890625,601.3728637695312,488.43951416015625,483.3045959472656,561.4816284179688,601.3728637695312,0.8555437922477722
game8/Clip8,264,113,player_top,749.16162109375,249.21238708496094,725.005859375,168.56117248535156,773.3173217773438,249.21238708496094,0.801314651966095
game8/Clip8,265,112,player_bottom,526.693359375,601.3068237304688,491.4590759277344,488.2689208984375,561.9276123046875,601.3068237304688,0.6225100755691528
game8/Clip8,265,113,player_top,743.400634765625,249.26512145996094,720.1133422851562,169.6107177734375,766.68798828125,249.26512145996094,0.8236079216003418
game8/Clip8,266,112,player_bottom,525.667236328125,601.2887573242188,491.1915588378906,489.71209716796875,560.1429443359375,601.2887573242188,0.781001091003418
game8/Clip8,266,113,player_top,736.4756469726562,249.52284240722656,713.0175170898438,169.3281707763672,759.9337768554688,249.52284240722656,0.898553192615509
game8/Clip8,267,112,player_bottom,522.7454833984375,600.8143310546875,489.5816650390625,490.5342102050781,555.9092407226562,600.8143310546875,0.8963679075241089
game8/Clip8,267,113,player_top,731.1156005859375,249.3763885498047,707.4037475585938,169.40878295898438,754.827392578125,249.3763885498047,0.8902785778045654
game8/Clip8,268,112,player_bottom,522.7095336914062,600.232177734375,490.2013244628906,489.2717590332031,555.2177124023438,600.232177734375,0.8895532488822937
game8/Clip8,268,113,player_top,728.9077758789062,249.26654052734375,704.8161010742188,169.22032165527344,752.9994506835938,249.26654052734375,0.8759641051292419
game8/Clip8,269,112,player_bottom,523.5054931640625,599.4851684570312,490.93121337890625,485.6515197753906,556.079833984375,599.4851684570312,0.882961094379425
game8/Clip8,269,113,player_top,726.0,249.05056762695312,701.7769165039062,168.76275634765625,750.2230834960938,249.05056762695312,0.875749945640564
game8/Clip8,270,112,player_bottom,524.8157958984375,598.78466796875,491.90985107421875,481.7845153808594,557.7218017578125,598.78466796875,0.866420328617096
game8/Clip8,270,113,player_top,722.5400390625,248.50897216796875,698.3306884765625,167.25758361816406,746.7494506835938,248.50897216796875,0.8574981093406677
game8/Clip8,271,112,player_bottom,526.2466430664062,596.5855102539062,492.9901428222656,476.7120666503906,559.503173828125,596.5855102539062,0.8684850931167603
game8/Clip8,271,113,player_top,718.9468383789062,247.0466766357422,695.3961791992188,165.9353790283203,742.4974975585938,247.0466766357422,0.83207768201828
game8/Clip8,272,112,player_bottom,528.7926025390625,593.7652587890625,495.1620788574219,470.1798400878906,562.423095703125,593.7652587890625,0.8609068989753723
game8/Clip8,272,113,player_top,716.5614013671875,245.2858123779297,693.8236694335938,164.25596618652344,739.299072265625,245.2858123779297,0.8243722319602966
game8/Clip8,273,112,player_bottom,531.7034912109375,585.5181274414062,499.59320068359375,465.3439636230469,563.8137817382812,585.5181274414062,0.7959819436073303
game8/Clip8,273,113,player_top,713.6082763671875,243.0001983642578,692.0890502929688,164.32171630859375,735.1275634765625,243.0001983642578,0.8213527798652649
game8/Clip8,274,112,player_bottom,534.7161254882812,581.3192749023438,502.0745849609375,455.7554931640625,567.357666015625,581.3192749023438,0.8180528879165649
game8/Clip8,274,113,player_top,710.6845703125,241.22549438476562,689.74853515625,163.509033203125,731.6205444335938,241.22549438476562,0.8299256563186646
game8/Clip8,275,112,player_bottom,537.8455810546875,578.5647583007812,506.3882141113281,453.8108825683594,569.3029174804688,578.5647583007812,0.8482491970062256
game8/Clip8,275,113,player_top,707.1907958984375,241.28082275390625,686.395751953125,164.24716186523438,727.9857788085938,241.28082275390625,0.8590617179870605
game8/Clip8,276,112,player_bottom,540.7796630859375,578.4356079101562,510.4696350097656,453.75537109375,571.0896606445312,578.4356079101562,0.8625524640083313
game8/Clip8,276,113,player_top,705.0858154296875,241.0687713623047,684.45166015625,165.25267028808594,725.7200317382812,241.0687713623047,0.8469337821006775
game8/Clip8,277,112,player_bottom,543.4892578125,576.8895874023438,514.531982421875,453.2859802246094,572.4464721679688,576.8895874023438,0.8238298296928406
game8/Clip8,277,113,player_top,702.4500732421875,240.69540405273438,681.6071166992188,165.7589111328125,723.2930297851562,240.69540405273438,0.8515781164169312
game8/Clip8,278,112,player_bottom,546.4893188476562,576.517578125,518.7080688476562,453.4954528808594,574.2705688476562,576.517578125,0.8411740064620972
game8/Clip8,278,113,player_top,700.3102416992188,240.7928924560547,678.9478759765625,165.86170959472656,721.672607421875,240.7928924560547,0.8718318343162537
game8/Clip8,279,112,player_bottom,552.39404296875,576.1544799804688,525.34033203125,454.02215576171875,579.44775390625,576.1544799804688,0.8551381230354309
game8/Clip8,279,113,player_top,699.1137084960938,240.7664794921875,677.1738891601562,165.71331787109375,721.0535278320312,240.7664794921875,0.8905559778213501
game8/Clip8,280,112,player_bottom,559.5867919921875,576.4415893554688,532.7233276367188,454.8492431640625,586.4502563476562,576.4415893554688,0.8551437854766846
game8/Clip8,280,113,player_top,698.9701538085938,240.6031036376953,676.45703125,165.0030975341797,721.4832763671875,240.6031036376953,0.8839766979217529
game8/Clip8,281,112,player_bottom,566.295654296875,576.4174194335938,539.0363159179688,454.2075500488281,593.5550537109375,576.4174194335938,0.885661244392395
game8/Clip8,281,113,player_top,698.2828369140625,240.2681427001953,675.20458984375,164.0522003173828,721.3610229492188,240.2681427001953,0.8402661681175232
game8/Clip8,282,112,player_bottom,565.708984375,576.35302734375,537.1793823242188,452.77685546875,594.238525390625,576.35302734375,0.836043655872345
game8/Clip8,282,113,player_top,693.0117797851562,238.93258666992188,669.6636352539062,163.9072723388672,716.3599243164062,238.93258666992188,0.8268337845802307
game8/Clip8,283,112,player_bottom,570.548095703125,575.7012939453125,541.398681640625,450.41973876953125,599.6974487304688,575.7012939453125,0.8956640958786011
game8/Clip8,283,113,player_top,686.3029174804688,236.98744201660156,663.2816162109375,164.87940979003906,709.32421875,236.98744201660156,0.8437568545341492
game8/Clip8,284,112,player_bottom,573.9810791015625,573.9690551757812,544.5986938476562,448.52337646484375,603.3634033203125,573.9690551757812,0.8855153918266296
game8/Clip8,284,113,player_top,679.9627075195312,236.4359893798828,657.2755126953125,166.05653381347656,702.64990234375,236.4359893798828,0.6873576641082764
game8/Clip8,285,112,player_bottom,577.6612548828125,570.7880859375,548.8604125976562,446.9417419433594,606.462158203125,570.7880859375,0.8820380568504333
game8/Clip8,285,113,player_top,672.325439453125,235.99462890625,650.5301513671875,168.23570251464844,694.1207885742188,235.99462890625,0.6740562915802002
game8/Clip8,286,112,player_bottom,580.7852783203125,566.3457641601562,552.8790893554688,444.6351318359375,608.6915283203125,566.3457641601562,0.8721434473991394
game8/Clip8,286,113,player_top,665.2432861328125,235.53353881835938,642.58349609375,166.47789001464844,687.9031372070312,235.53353881835938,0.6474627256393433
game8/Clip8,287,112,player_bottom,583.1355590820312,561.7977905273438,556.015625,441.4266052246094,610.2554931640625,561.7977905273438,0.8046956658363342
game8/Clip8,287,113,player_top,658.6893920898438,235.3435516357422,634.7059326171875,164.8597869873047,682.6728515625,235.3435516357422,0.7537683844566345
game8/Clip8,288,112,player_bottom,583.8837890625,558.3110961914062,557.1151733398438,438.0000915527344,610.65234375,558.3110961914062,0.8197264075279236
game8/Clip8,288,113,player_top,652.9107666015625,235.48562622070312,627.686767578125,164.3950653076172,678.1348266601562,235.48562622070312,0.8089467287063599
game8/Clip8,289,112,player_bottom,585.9207153320312,556.4186401367188,559.0615234375,433.1262512207031,612.7799072265625,556.4186401367188,0.7610690593719482
game8/Clip8,289,113,player_top,646.8310546875,234.4486541748047,620.6599731445312,164.35736083984375,673.0021362304688,234.4486541748047,0.8332794308662415
game8/Clip8,290,112,player_bottom,588.1622314453125,554.6742553710938,561.4669189453125,428.8725891113281,614.8576049804688,554.6742553710938,0.8321201205253601
game8/Clip8,290,113,player_top,642.2608032226562,233.68666076660156,615.353515625,164.7877655029297,669.1680908203125,233.68666076660156,0.7910926938056946
game8/Clip8,291,112,player_bottom,589.4317016601562,553.4229125976562,562.88623046875,425.6162109375,615.9771728515625,553.4229125976562,0.8149212598800659
game8/Clip8,291,113,player_top,636.271484375,234.65476989746094,608.0020141601562,165.16563415527344,664.5408935546875,234.65476989746094,0.8735764026641846
game8/Clip8,292,112,player_bottom,589.1849975585938,550.392578125,563.0217895507812,422.9163513183594,615.3482055664062,550.392578125,0.7676351070404053
game8/Clip8,292,113,player_top,630.7589111328125,234.8968505859375,602.0445556640625,166.16954040527344,659.4733276367188,234.8968505859375,0.810627281665802
game8/Clip8,293,112,player_bottom,589.6650390625,546.8121337890625,564.275146484375,421.7769775390625,615.054931640625,546.8121337890625,0.7171383500099182
game8/Clip8,293,113,player_top,622.354736328125,235.0735321044922,592.6767578125,164.78501892089844,652.03271484375,235.0735321044922,0.748068630695343
game8/Clip8,294,112,player_bottom,592.7603759765625,544.4430541992188,568.2523803710938,421.6252136230469,617.2683715820312,544.4430541992188,0.7876484990119934
game8/Clip8,294,113,player_top,615.064208984375,235.2545928955078,585.0453491210938,163.47047424316406,645.0830688476562,235.2545928955078,0.8367369174957275
game8/Clip8,295,112,player_bottom,595.0569458007812,542.8104248046875,571.2907104492188,422.5395812988281,618.8231811523438,542.8104248046875,0.8325279355049133
game8/Clip8,295,113,player_top,607.4959716796875,235.24789428710938,577.7449951171875,162.5834197998047,637.2470092773438,235.24789428710938,0.8573479056358337
game8/Clip8,296,112,player_bottom,596.8320922851562,539.6715698242188,573.8005981445312,422.8219299316406,619.8635864257812,539.6715698242188,0.8323259353637695
game8/Clip8,296,113,player_top,598.8514404296875,235.3020477294922,569.6014404296875,161.5748748779297,628.1013793945312,235.3020477294922,0.842880129814148
game8/Clip8,297,112,player_bottom,597.4158935546875,537.5654296875,574.6182250976562,421.9012451171875,620.2135009765625,537.5654296875,0.5889785885810852
game8/Clip8,297,113,player_top,593.5257568359375,235.4416961669922,564.623779296875,160.1188201904297,622.4277954101562,235.4416961669922,0.8257681727409363
game8/Clip8,298,112,player_bottom,597.6119995117188,536.6757202148438,574.639404296875,419.2338562011719,620.5845947265625,536.6757202148438,0.80235755443573
game8/Clip8,298,113,player_top,589.4326782226562,235.10348510742188,561.032958984375,158.52066040039062,617.8323974609375,235.10348510742188,0.8316866755485535
game8/Clip8,299,112,player_bottom,597.4574584960938,535.1248168945312,574.4501342773438,416.3808288574219,620.4647827148438,535.1248168945312,0.8388962149620056
game8/Clip8,299,113,player_top,585.880615234375,234.71759033203125,556.91015625,153.95848083496094,614.8511352539062,234.71759033203125,0.8334012031555176
game8/Clip8,300,112,player_bottom,596.7818603515625,534.9341430664062,573.532958984375,412.9146423339844,620.03076171875,534.9341430664062,0.8536914587020874
game8/Clip8,300,113,player_top,581.6881103515625,234.6268310546875,552.7880249023438,152.0832977294922,610.588134765625,234.6268310546875,0.8317649364471436
game8/Clip8,301,112,player_bottom,595.5223999023438,533.355712890625,572.4097900390625,409.8296813964844,618.635009765625,533.355712890625,0.8403805494308472
game8/Clip8,301,113,player_top,577.015380859375,233.7701416015625,548.7931518554688,151.6745147705078,605.2376098632812,233.7701416015625,0.8595067262649536
game8/Clip8,302,112,player_bottom,595.4560546875,532.2938842773438,572.6502075195312,408.11517333984375,618.2619018554688,532.2938842773438,0.7956720590591431
game8/Clip8,302,113,player_top,572.7445678710938,233.5304718017578,544.971923828125,151.5216827392578,600.5172119140625,233.5304718017578,0.874038577079773
game8/Clip8,303,112,player_bottom,596.2089233398438,530.3505249023438,573.9603881835938,407.069091796875,618.4574584960938,530.3505249023438,0.8025701642036438
game8/Clip8,303,113,player_top,569.5091552734375,232.27206420898438,542.6907348632812,151.6492462158203,596.32763671875,232.27206420898438,0.8651646375656128
game8/Clip8,304,112,player_bottom,597.0596923828125,528.2607421875,575.4033203125,406.5592956542969,618.7161254882812,528.2607421875,0.8326936960220337
game8/Clip8,304,113,player_top,565.6812744140625,231.72280883789062,539.79296875,151.3782501220703,591.569580078125,231.72280883789062,0.8302060961723328
game8/Clip8,305,112,player_bottom,597.6475830078125,526.46337890625,576.5592651367188,406.7446594238281,618.73583984375,526.46337890625,0.8441070914268494
game8/Clip8,305,113,player_top,562.637939453125,231.2034149169922,537.6237182617188,150.2006072998047,587.652099609375,231.2034149169922,0.8157721757888794
game8/Clip8,306,112,player_bottom,597.74755859375,524.4436645507812,576.9886474609375,406.257568359375,618.5065307617188,524.4436645507812,0.8381191492080688
game8/Clip8,306,113,player_top,559.201171875,231.18753051757812,535.056884765625,148.9027862548828,583.3455200195312,231.18753051757812,0.7921491265296936
game8/Clip8,307,112,player_bottom,597.56298828125,522.2453002929688,576.994140625,405.1192321777344,618.1318969726562,522.2453002929688,0.8067127466201782
game8/Clip8,307,113,player_top,555.5505981445312,231.40966796875,532.2252807617188,147.6321563720703,578.8759155273438,231.40966796875,0.7534145712852478
game8/Clip8,308,112,player_bottom,597.23828125,520.1583862304688,576.5485229492188,402.68133544921875,617.9280395507812,520.1583862304688,0.8181790113449097
game8/Clip8,308,113,player_top,551.8778076171875,231.4373779296875,529.3241577148438,146.58914184570312,574.4315185546875,231.4373779296875,0.7679290175437927
game8/Clip8,309,112,player_bottom,596.957763671875,518.6728515625,576.12353515625,400.5902404785156,617.7920532226562,518.6728515625,0.8295724987983704
game8/Clip8,309,113,player_top,547.384033203125,231.2667236328125,525.4332885742188,145.8324737548828,569.3347778320312,231.2667236328125,0.8060277700424194
game8/Clip8,310,112,player_bottom,598.6548461914062,517.8025512695312,577.8068237304688,398.3818054199219,619.5028686523438,517.8025512695312,0.8078725337982178
game8/Clip8,310,113,player_top,544.1285400390625,231.03932189941406,522.6173706054688,145.22433471679688,565.6396484375,231.03932189941406,0.8009716868400574
game8/Clip8,311,112,player_bottom,599.6668701171875,517.1575317382812,578.9168701171875,396.9695129394531,620.4168090820312,517.1575317382812,0.7938861846923828
game8/Clip8,311,113,player_top,541.565673828125,230.79090881347656,520.4420776367188,145.0066680908203,562.689208984375,230.79090881347656,0.8404504060745239
game8/Clip8,312,112,player_bottom,600.4295654296875,516.7103271484375,579.8375244140625,396.0823059082031,621.0216674804688,516.7103271484375,0.7619352340698242
game8/Clip8,312,113,player_top,540.2955322265625,230.66244506835938,519.5712890625,144.84864807128906,561.0197143554688,230.66244506835938,0.8409302234649658
game8/Clip8,313,112,player_bottom,601.109375,516.4013061523438,580.7860107421875,395.8542175292969,621.4326782226562,516.4013061523438,0.7310105562210083
game8/Clip8,313,113,player_top,539.6055908203125,230.6453857421875,519.3614501953125,144.9700164794922,559.8496704101562,230.6453857421875,0.8287210464477539
game8/Clip8,314,112,player_bottom,601.5430297851562,515.5508422851562,581.597900390625,396.0827941894531,621.4881591796875,515.5508422851562,0.7527055144309998
game8/Clip8,314,113,player_top,538.4495239257812,230.75360107421875,518.71337890625,144.93621826171875,558.1856689453125,230.75360107421875,0.8177338242530823
game8/Clip8,315,112,player_bottom,601.5281982421875,515.0301513671875,581.8126831054688,396.0887756347656,621.24365234375,515.0301513671875,0.7932917475700378
game8/Clip8,315,113,player_top,536.6702880859375,230.45054626464844,517.561767578125,144.5595703125,555.7787475585938,230.45054626464844,0.807685136795044
game8/Clip8,316,112,player_bottom,602.087890625,513.8790283203125,582.5767822265625,395.2464294433594,621.5989990234375,513.8790283203125,0.788817286491394
game8/Clip8,316,113,player_top,534.5540161132812,230.2550811767578,516.0391235351562,143.8498992919922,553.0689086914062,230.2550811767578,0.7871647477149963
game8/Clip8,317,112,player_bottom,601.1419677734375,511.6715393066406,581.7811889648438,394.5590515136719,620.5027465820312,511.6715393066406,0.8404906988143921
game8/Clip8,317,113,player_top,532.199462890625,230.249267578125,513.999267578125,141.7290496826172,550.3995971679688,230.249267578125,0.7532880306243896
game8/Clip8,318,112,player_bottom,601.3977661132812,509.0522155761719,582.1991577148438,393.6163635253906,620.5963745117188,509.0522155761719,0.8600667715072632
game8/Clip8,318,113,player_top,530.7830810546875,230.27259826660156,513.3749389648438,142.45486450195312,548.191162109375,230.27259826660156,0.7660382390022278
game8/Clip9,0,131,player_bottom,551.9967041015625,610.9173583984375,522.9432373046875,482.590087890625,581.0501098632812,610.9173583984375,0.8540899157524109
game8/Clip9,0,130,player_top,801.9140014648438,232.7992706298828,776.7386474609375,162.64749145507812,827.08935546875,232.7992706298828,0.8734306693077087
game8/Clip9,1,131,player_bottom,551.9967041015625,610.9173583984375,522.9432373046875,482.590087890625,581.0501098632812,610.9173583984375,0.8540899157524109
game8/Clip9,1,130,player_top,801.9140014648438,232.7992706298828,776.7386474609375,162.64749145507812,827.08935546875,232.7992706298828,0.8734306693077087
game8/Clip9,2,131,player_bottom,554.0191040039062,608.2490844726562,524.4654541015625,477.3467712402344,583.57275390625,608.2490844726562,0.8069556951522827
game8/Clip9,2,130,player_top,801.948486328125,232.77931213378906,776.9215698242188,163.06683349609375,826.975341796875,232.77931213378906,0.8715001344680786
game8/Clip9,3,131,player_bottom,556.920654296875,603.1818237304688,526.5427856445312,467.76983642578125,587.298583984375,603.1818237304688,0.8179054856300354
game8/Clip9,3,130,player_top,801.951416015625,232.79574584960938,776.814697265625,162.8018035888672,827.088134765625,232.79574584960938,0.8754473328590393
game8/Clip9,4,131,player_bottom,561.585205078125,598.7744140625,530.3067626953125,457.56884765625,592.8635864257812,598.7744140625,0.8195860385894775
game8/Clip9,4,130,player_top,801.9381103515625,232.82290649414062,776.4961547851562,161.97442626953125,827.3800659179688,232.82290649414062,0.872833788394928
game8/Clip9,5,131,player_bottom,566.2598266601562,596.5576171875,534.4390869140625,451.0108642578125,598.08056640625,596.5576171875,0.8378323316574097
game8/Clip9,5,130,player_top,801.9586791992188,232.79458618164062,776.3200073242188,161.36305236816406,827.5973510742188,232.79458618164062,0.873615562915802
game8/Clip9,6,131,player_bottom,570.2584838867188,595.3700561523438,538.5707397460938,448.2754821777344,601.9462280273438,595.3700561523438,0.8493945598602295
game8/Clip9,6,130,player_top,801.9696655273438,232.75592041015625,776.0941772460938,160.57998657226562,827.8451538085938,232.75592041015625,0.8658822178840637
game8/Clip9,7,131,player_bottom,572.0618896484375,594.3167724609375,543.7741088867188,461.38555908203125,600.3497314453125,594.3167724609375,0.8672702312469482
game8/Clip9,7,130,player_top,801.683349609375,232.697265625,775.7304077148438,160.27857971191406,827.63623046875,232.697265625,0.8654905557632446
game8/Clip9,8,131,player_bottom,572.8900756835938,592.50732421875,546.819091796875,468.641845703125,598.9610595703125,592.50732421875,0.8643368482589722
game8/Clip9,8,130,player_top,800.103271484375,232.6178436279297,773.912109375,159.6118927001953,826.2944946289062,232.6178436279297,0.8599312901496887
game8/Clip9,9,131,player_bottom,573.719482421875,590.0562744140625,549.3590087890625,473.381591796875,598.0798950195312,590.0562744140625,0.8225655555725098
game8/Clip9,9,130,player_top,797.7890625,232.9140625,771.4537963867188,159.79298400878906,824.124267578125,232.9140625,0.8603362441062927
game8/Clip9,10,131,player_bottom,574.1185302734375,590.0167846679688,550.8790283203125,478.6554260253906,597.3579711914062,590.0167846679688,0.8659728765487671
game8/Clip9,10,130,player_top,795.53564453125,233.5758514404297,769.3699340820312,161.3909912109375,821.7013549804688,233.5758514404297,0.8826518058776855
game8/Clip9,11,131,player_bottom,572.3668212890625,590.376953125,549.8661499023438,482.7822570800781,594.8674926757812,590.376953125,0.8698880672454834
game8/Clip9,11,130,player_top,794.2440795898438,234.11737060546875,768.1841430664062,162.6868133544922,820.3040161132812,234.11737060546875,0.8833529949188232
game8/Clip9,12,131,player_bottom,571.0155029296875,590.6728515625,549.2293701171875,486.7205810546875,592.8016967773438,590.6728515625,0.8705888986587524
game8/Clip9,12,130,player_top,793.784912109375,234.27163696289062,768.1262817382812,164.57150268554688,819.4434814453125,234.27163696289062,0.8791961073875427
game8/Clip9,13,131,player_bottom,569.8175048828125,590.7068481445312,548.37353515625,488.3190612792969,591.2615356445312,590.7068481445312,0.867379903793335
game8/Clip9,13,130,player_top,793.7913208007812,234.26963806152344,768.279296875,165.7369842529297,819.3033447265625,234.26963806152344,0.8886165618896484
game8/Clip9,14,131,player_bottom,568.3404541015625,590.740478515625,546.9393310546875,488.7809143066406,589.7415771484375,590.740478515625,0.8431906700134277
game8/Clip9,14,130,player_top,793.92138671875,234.51319885253906,767.954345703125,165.4378662109375,819.888427734375,234.51319885253906,0.8842402100563049
game8/Clip9,15,131,player_bottom,566.4327392578125,590.3291625976562,544.7213134765625,487.4811096191406,588.1442260742188,590.3291625976562,0.8264973163604736
game8/Clip9,15,130,player_top,794.646728515625,234.95956420898438,767.8809814453125,164.566162109375,821.4124755859375,234.95956420898438,0.890856921672821
game8/Clip9,16,131,player_bottom,565.546630859375,590.74169921875,543.2835693359375,485.34906005859375,587.8096923828125,590.74169921875,0.8012701869010925
game8/Clip9,16,130,player_top,796.04541015625,234.27928161621094,768.7220458984375,163.47418212890625,823.3687133789062,234.27928161621094,0.8580947518348694
game8/Clip9,17,131,player_bottom,563.5458374023438,589.7953491210938,540.853759765625,483.17510986328125,586.2379150390625,589.7953491210938,0.8118533492088318
game8/Clip9,17,130,player_top,797.2150268554688,235.14903259277344,768.850341796875,162.60415649414062,825.5797119140625,235.14903259277344,0.8816344141960144
game8/Clip9,18,131,player_bottom,563.9144287109375,590.4535522460938,540.9400634765625,482.2165222167969,586.8887329101562,590.4535522460938,0.7980093955993652
game8/Clip9,18,130,player_top,798.159423828125,235.3550567626953,769.5001220703125,163.29061889648438,826.8187255859375,235.3550567626953,0.8603204488754272
game8/Clip9,19,131,player_bottom,564.5848388671875,592.0537109375,541.2457275390625,481.76580810546875,587.9239501953125,592.0537109375,0.8226901888847351
game8/Clip9,19,130,player_top,799.9219360351562,235.47964477539062,770.7239990234375,163.0572967529297,829.119873046875,235.47964477539062,0.8483783602714539
game8/Clip9,20,131,player_bottom,566.322021484375,593.5027465820312,542.8828125,481.80859375,589.7612915039062,593.5027465820312,0.8660812973976135
game8/Clip9,20,130,player_top,802.503662109375,235.90489196777344,773.1031494140625,163.53407287597656,831.9041748046875,235.90489196777344,0.8405223488807678
game8/Clip9,21,131,player_bottom,566.7565307617188,594.7692260742188,543.1842651367188,483.3239440917969,590.3287963867188,594.7692260742188,0.8445809483528137
game8/Clip9,21,130,player_top,805.144287109375,236.11419677734375,775.2029418945312,162.31028747558594,835.0856323242188,236.11419677734375,0.8717431426048279
game8/Clip9,22,131,player_bottom,565.38232421875,596.5538940429688,541.4075317382812,485.11029052734375,589.357177734375,596.5538940429688,0.8981536626815796
game8/Clip9,22,130,player_top,807.4390258789062,236.44801330566406,777.3951416015625,161.95486450195312,837.48291015625,236.44801330566406,0.8709155321121216
game8/Clip9,23,131,player_bottom,562.3726806640625,598.9721069335938,537.5127563476562,486.67669677734375,587.2325439453125,598.9721069335938,0.9003701210021973
game8/Clip9,23,130,player_top,809.945556640625,236.8304901123047,779.7843017578125,161.29074096679688,840.1067504882812,236.8304901123047,0.8586861491203308
game8/Clip9,24,131,player_bottom,561.004638671875,600.9247436523438,535.1912841796875,487.1343994140625,586.8179931640625,600.9247436523438,0.9078454375267029
game8/Clip9,24,130,player_top,811.5611572265625,236.8457489013672,781.1704711914062,159.91075134277344,841.9518432617188,236.8457489013672,0.8710514903068542
game8/Clip9,25,131,player_bottom,560.3272094726562,602.2200927734375,533.5397338867188,486.0356140136719,587.1146850585938,602.2200927734375,0.910101056098938
game8/Clip9,25,130,player_top,814.33935546875,236.9384002685547,784.1448974609375,159.47067260742188,844.5338745117188,236.9384002685547,0.8509039878845215
game8/Clip9,26,131,player_bottom,558.302978515625,603.65625,530.61474609375,483.9661560058594,585.9912719726562,603.65625,0.8953004479408264
game8/Clip9,26,130,player_top,818.0993041992188,237.3760986328125,787.7545776367188,158.6868133544922,848.4440307617188,237.3760986328125,0.8475016951560974
game8/Clip9,27,131,player_bottom,554.6142578125,604.3165893554688,526.5673828125,482.2466125488281,582.6611938476562,604.3165893554688,0.8792084455490112
game8/Clip9,27,130,player_top,821.0374755859375,237.77828979492188,790.507568359375,157.4443359375,851.5674438476562,237.77828979492188,0.8513385057449341
game8/Clip9,28,131,player_bottom,550.3593139648438,604.1815185546875,522.4241333007812,481.7471618652344,578.2944946289062,604.1815185546875,0.8837369680404663
game8/Clip9,28,130,player_top,823.8359375,238.16171264648438,793.3426513671875,155.80599975585938,854.3292846679688,238.16171264648438,0.8294234275817871
game8/Clip9,29,131,player_bottom,545.6580810546875,604.4708862304688,517.85107421875,481.40118408203125,573.4651489257812,604.4708862304688,0.8923357129096985
game8/Clip9,29,130,player_top,825.9332275390625,239.66200256347656,795.4978637695312,154.3636932373047,856.36865234375,239.66200256347656,0.8542298674583435
game8/Clip9,30,131,player_bottom,540.9698486328125,607.6920776367188,512.7930297851562,482.10693359375,569.1466064453125,607.6920776367188,0.8818691968917847
game8/Clip9,30,130,player_top,828.6087036132812,240.6908416748047,798.7338256835938,153.75927734375,858.4835815429688,240.6908416748047,0.8482116460800171
game8/Clip9,31,131,player_bottom,534.7280883789062,610.4610595703125,506.4324035644531,484.34576416015625,563.0238037109375,610.4610595703125,0.8813546895980835
game8/Clip9,31,130,player_top,831.5498657226562,240.94143676757812,802.8203735351562,154.1526641845703,860.2793579101562,240.94143676757812,0.8679441213607788
game8/Clip9,32,131,player_bottom,528.15185546875,615.354248046875,499.2166748046875,487.50311279296875,557.0870361328125,615.354248046875,0.8796063661575317
game8/Clip9,32,130,player_top,835.6656494140625,241.42649841308594,807.7423706054688,154.63275146484375,863.5889282226562,241.42649841308594,0.8214318752288818
game8/Clip9,33,131,player_bottom,521.9490966796875,619.6426391601562,492.12677001953125,491.461181640625,551.7714233398438,619.6426391601562,0.8926007151603699
game8/Clip9,33,130,player_top,840.4343872070312,244.0124969482422,812.6417846679688,155.8743133544922,868.2269897460938,244.0124969482422,0.8361349701881409
game8/Clip9,34,131,player_bottom,515.8095092773438,623.0614013671875,485.2158508300781,496.0046081542969,546.4031372070312,623.0614013671875,0.9150200486183167
game8/Clip9,34,130,player_top,843.5736083984375,245.0570831298828,816.4268188476562,157.92361450195312,870.7203979492188,245.0570831298828,0.8522685170173645
game8/Clip9,35,131,player_bottom,512.2041015625,624.2340698242188,481.08355712890625,500.0207214355469,543.3245849609375,624.2340698242188,0.9173916578292847
game8/Clip9,35,130,player_top,845.6551513671875,245.34793090820312,819.1893310546875,160.04002380371094,872.1209106445312,245.34793090820312,0.8665566444396973
game8/Clip9,36,131,player_bottom,510.4644470214844,623.935546875,478.68328857421875,501.7591552734375,542.24560546875,623.935546875,0.9094767570495605
game8/Clip9,36,130,player_top,846.613525390625,245.67315673828125,821.03857421875,163.18539428710938,872.1884155273438,245.67315673828125,0.8747233152389526
game8/Clip9,37,131,player_bottom,510.0296936035156,623.0280151367188,477.44256591796875,501.9159851074219,542.6168212890625,623.0280151367188,0.9040543437004089
game8/Clip9,37,130,player_top,847.1505126953125,245.77664184570312,822.37646484375,165.9383544921875,871.9244995117188,245.77664184570312,0.8731939792633057
game8/Clip9,38,131,player_bottom,506.80755615234375,621.9384155273438,473.76849365234375,501.3195495605469,539.8466186523438,621.9384155273438,0.8972509503364563
game8/Clip9,38,130,player_top,847.920654296875,246.0417938232422,823.40966796875,166.70591735839844,872.4315795898438,246.0417938232422,0.8717158436775208
game8/Clip9,39,131,player_bottom,498.06793212890625,621.228515625,465.1656799316406,500.63824462890625,530.9701538085938,621.228515625,0.8626004457473755
game8/Clip9,39,130,player_top,847.720947265625,246.11416625976562,822.9176025390625,165.5063934326172,872.5242309570312,246.11416625976562,0.8609122037887573
game8/Clip9,40,131,player_bottom,486.97772216796875,621.3505859375,454.75482177734375,501.3210754394531,519.2006225585938,621.3505859375,0.8461851477622986
game8/Clip9,40,130,player_top,846.899658203125,246.18002319335938,821.8291625976562,164.6604461669922,871.9700927734375,246.18002319335938,0.8559777140617371
game8/Clip9,41,131,player_bottom,475.7022705078125,622.76953125,444.0516052246094,502.9765625,507.3529052734375,622.76953125,0.8039223551750183
game8/Clip9,41,130,player_top,845.1707763671875,246.22927856445312,818.0955200195312,157.8312225341797,872.2460327148438,246.22927856445312,0.8336960673332214
game8/Clip9,42,131,player_bottom,464.32965087890625,624.5901489257812,432.35443115234375,505.06658935546875,496.3049011230469,624.5901489257812,0.8737297654151917
game8/Clip9,42,130,player_top,843.60693359375,246.02488708496094,817.3936767578125,160.88119506835938,869.8201904296875,246.02488708496094,0.7955166697502136
game8/Clip9,43,131,player_bottom,455.9651184082031,625.5501098632812,423.5039367675781,508.22015380859375,488.4263000488281,625.5501098632812,0.9083943963050842
game8/Clip9,43,130,player_top,840.6775512695312,245.68934631347656,815.0018310546875,161.8635711669922,866.353271484375,245.68934631347656,0.8329923748970032
game8/Clip9,44,131,player_bottom,451.45867919921875,626.8697509765625,418.3973083496094,511.6083679199219,484.52008056640625,626.8697509765625,0.8970402479171753
game8/Clip9,44,130,player_top,836.287353515625,245.45835876464844,811.543212890625,163.2729034423828,861.0314331054688,245.45835876464844,0.7342845797538757
game8/Clip9,45,131,player_bottom,444.53436279296875,629.0466918945312,410.4705810546875,514.8038330078125,478.59814453125,629.0466918945312,0.8963034749031067
game8/Clip9,45,130,player_top,830.0369873046875,245.286865234375,806.1233520507812,162.9136505126953,853.9505615234375,245.286865234375,0.7616536617279053
game8/Clip9,46,131,player_bottom,440.4710693359375,629.9140014648438,405.98980712890625,518.4383544921875,474.9523010253906,629.9140014648438,0.9053366780281067
game8/Clip9,46,130,player_top,825.4109497070312,245.21763610839844,802.5247192382812,163.11265563964844,848.2971801757812,245.21763610839844,0.7653459310531616
game8/Clip9,47,131,player_bottom,437.2174072265625,630.0943603515625,402.69000244140625,521.5415649414062,471.74481201171875,630.0943603515625,0.8949421048164368
game8/Clip9,47,130,player_top,821.7303466796875,244.69674682617188,800.40576171875,165.17430114746094,843.0548706054688,244.69674682617188,0.7270657420158386
game8/Clip9,48,131,player_bottom,432.9974365234375,629.9645385742188,398.11859130859375,522.3121337890625,467.8762512207031,629.9645385742188,0.8805456757545471
game8/Clip9,48,130,player_top,817.880859375,239.7214813232422,798.7362060546875,167.12298583984375,837.0254516601562,239.7214813232422,0.7153937220573425
game8/Clip9,49,131,player_bottom,429.58905029296875,630.3582153320312,394.8860778808594,524.8841552734375,464.29205322265625,630.3582153320312,0.8630539178848267
game8/Clip9,49,130,player_top,813.474853515625,244.1128692626953,793.3436889648438,167.55833435058594,833.6060180664062,244.1128692626953,0.7865349054336548
game8/Clip9,50,131,player_bottom,425.2313537597656,630.1409301757812,390.3074951171875,525.3810424804688,460.15521240234375,630.1409301757812,0.8764880895614624
game8/Clip9,50,130,player_top,807.2899169921875,244.81211853027344,786.595703125,166.60964965820312,827.984130859375,244.81211853027344,0.7831514477729797
game8/Clip9,51,131,player_bottom,421.28033447265625,630.1337280273438,385.8392028808594,525.0947265625,456.72149658203125,630.1337280273438,0.7822493314743042
game8/Clip9,51,130,player_top,801.3389892578125,245.48020935058594,779.96533203125,166.68687438964844,822.712646484375,245.48020935058594,0.817344069480896
game8/Clip9,52,131,player_bottom,423.4842529296875,629.9733276367188,388.1924743652344,524.0792846679688,458.7760009765625,629.9733276367188,0.8882467150688171
game8/Clip9,52,130,player_top,798.1270751953125,245.9244842529297,776.3245849609375,167.00685119628906,819.9295043945312,245.9244842529297,0.8048631548881531
game8/Clip9,53,131,player_bottom,423.5212097167969,629.6802368164062,388.34381103515625,522.6016845703125,458.6986083984375,629.6802368164062,0.8732836246490479
game8/Clip9,53,130,player_top,798.4315185546875,246.35000610351562,776.0477294921875,167.27528381347656,820.8153076171875,246.35000610351562,0.6907159686088562
game8/Clip9,54,131,player_bottom,423.29571533203125,629.782958984375,387.8049011230469,519.6160888671875,458.7864990234375,629.782958984375,0.8869550228118896
game8/Clip9,54,130,player_top,796.1336669921875,245.78160095214844,773.8071899414062,167.3779754638672,818.4600830078125,245.78160095214844,0.8388083577156067
game8/Clip9,55,131,player_bottom,421.70648193359375,629.7581787109375,386.3147888183594,517.0587158203125,457.09814453125,629.7581787109375,0.887861967086792
game8/Clip9,55,130,player_top,788.927001953125,243.84130859375,767.90185546875,168.27479553222656,809.9521484375,243.84130859375,0.8077157139778137
game8/Clip9,56,131,player_bottom,421.60980224609375,629.7651977539062,386.1731872558594,514.1722412109375,457.0464172363281,629.7651977539062,0.8397149443626404
game8/Clip9,56,130,player_top,782.6932983398438,244.84703063964844,762.27783203125,169.51980590820312,803.1087646484375,244.84703063964844,0.8216723799705505
game8/Clip9,57,131,player_bottom,428.1986083984375,629.4607543945312,391.794921875,511.0517578125,464.602294921875,629.4607543945312,0.850322961807251
game8/Clip9,57,130,player_top,776.888427734375,246.2115020751953,757.0696411132812,171.3427734375,796.707275390625,246.2115020751953,0.7963178157806396
game8/Clip9,58,131,player_bottom,433.2543640136719,629.3213500976562,395.5541687011719,507.7994079589844,470.9545593261719,629.3213500976562,0.8561094403266907
game8/Clip9,58,130,player_top,769.5670776367188,247.5573272705078,749.92138671875,173.0081024169922,789.2127685546875,247.5573272705078,0.8377259969711304
game8/Clip9,59,131,player_bottom,437.85137939453125,629.0049438476562,398.6669616699219,504.64129638671875,477.0357971191406,629.0049438476562,0.8552793264389038
game8/Clip9,59,130,player_top,763.5321044921875,248.297119140625,743.5221557617188,174.19290161132812,783.5420532226562,248.297119140625,0.8504664301872253
game8/Clip9,60,131,player_bottom,441.873779296875,628.2869873046875,401.7689208984375,502.1245422363281,481.9786682128906,628.2869873046875,0.7354487180709839
game8/Clip9,60,130,player_top,760.9732055664062,248.22988891601562,740.7623291015625,175.25135803222656,781.18408203125,248.22988891601562,0.8744843006134033
game8/Clip9,61,131,player_bottom,447.1167297363281,628.1561279296875,406.5877990722656,500.816650390625,487.6456604003906,628.1561279296875,0.6473479866981506
game8/Clip9,61,130,player_top,759.8532104492188,248.44874572753906,739.2552490234375,175.47027587890625,780.451171875,248.44874572753906,0.8768759369850159
game8/Clip9,62,131,player_bottom,452.8596496582031,629.3197631835938,412.0091857910156,501.5562438964844,493.7101135253906,629.3197631835938,0.49861398339271545
game8/Clip9,62,130,player_top,758.9437255859375,248.24734497070312,737.9075317382812,174.568115234375,779.9799194335938,248.24734497070312,0.8713333010673523
game8/Clip9,63,131,player_bottom,454.23895263671875,630.3162231445312,413.4427490234375,503.3848571777344,495.0351867675781,630.3162231445312,0.709134042263031
game8/Clip9,63,130,player_top,756.3380126953125,247.83908081054688,735.3074951171875,174.0879364013672,777.3685302734375,247.83908081054688,0.8270283937454224
game8/Clip9,64,131,player_bottom,456.11090087890625,630.7966918945312,415.16241455078125,505.3365783691406,497.0594177246094,630.7966918945312,0.7712907791137695
game8/Clip9,64,130,player_top,752.7958984375,246.97970581054688,731.9010009765625,173.37921142578125,773.6908569335938,246.97970581054688,0.8275874257087708
game8/Clip9,65,131,player_bottom,458.6884460449219,630.895263671875,417.5340881347656,506.97900390625,499.8428039550781,630.895263671875,0.8700112104415894
game8/Clip9,65,130,player_top,748.2161865234375,245.72483825683594,727.4326171875,172.66578674316406,768.999755859375,245.72483825683594,0.8213443160057068
game8/Clip9,66,131,player_bottom,462.14501953125,630.9561767578125,420.3775939941406,508.0484313964844,503.9124450683594,630.9561767578125,0.8870663046836853
game8/Clip9,66,130,player_top,742.3037109375,246.89013671875,721.1148681640625,172.24546813964844,763.4925537109375,246.89013671875,0.8643072247505188
game8/Clip9,67,131,player_bottom,470.0966796875,630.6697387695312,426.5620422363281,507.9497985839844,513.6312866210938,630.6697387695312,0.9024368524551392
game8/Clip9,67,130,player_top,738.91357421875,247.7659912109375,717.280517578125,172.1118621826172,760.5466918945312,247.7659912109375,0.8581347465515137
game8/Clip9,68,131,player_bottom,471.9632568359375,630.3788452148438,426.8929138183594,507.13165283203125,517.0335693359375,630.3788452148438,0.875290036201477
game8/Clip9,68,130,player_top,735.6715087890625,247.56932067871094,714.2005615234375,172.38540649414062,757.1423950195312,247.56932067871094,0.8260713219642639
game8/Clip9,69,131,player_bottom,474.7200927734375,630.4336547851562,428.6378479003906,506.750732421875,520.8023071289062,630.4336547851562,0.8972561955451965
game8/Clip9,69,130,player_top,733.084716796875,247.68231201171875,711.869873046875,172.61767578125,754.2994995117188,247.68231201171875,0.834802508354187
game8/Clip9,70,131,player_bottom,481.1037902832031,631.4287109375,433.93499755859375,505.75396728515625,528.2725830078125,631.4287109375,0.8754082918167114
game8/Clip9,70,130,player_top,730.8851318359375,247.66226196289062,710.1245727539062,172.70716857910156,751.645751953125,247.66226196289062,0.816759467124939
game8/Clip9,71,131,player_bottom,489.26727294921875,632.0870361328125,441.72503662109375,504.2091369628906,536.8095092773438,632.0870361328125,0.8600362539291382
game8/Clip9,71,130,player_top,730.5755004882812,247.75363159179688,709.9874877929688,172.1008758544922,751.1635131835938,247.75363159179688,0.7955811619758606
game8/Clip9,72,131,player_bottom,498.17333984375,632.760498046875,450.98541259765625,502.7482604980469,545.3612670898438,632.760498046875,0.8633965253829956
game8/Clip9,72,130,player_top,728.4034423828125,247.5552978515625,709.6487426757812,176.9806365966797,747.1580810546875,247.5552978515625,0.6904380321502686
game8/Clip9,73,131,player_bottom,504.2281494140625,629.266845703125,459.0847473144531,501.85992431640625,549.37158203125,629.266845703125,0.7487254738807678
game8/Clip9,73,130,player_top,728.7604370117188,247.69329833984375,708.7166137695312,171.3336639404297,748.8042602539062,247.69329833984375,0.6243759393692017
game8/Clip9,74,131,player_bottom,508.4075622558594,631.9225463867188,463.687744140625,501.93890380859375,553.1273803710938,631.9225463867188,0.8441008925437927
game8/Clip9,74,130,player_top,726.9517822265625,247.9227752685547,706.376220703125,168.95448303222656,747.5272827148438,247.9227752685547,0.7650358080863953
game8/Clip9,75,131,player_bottom,510.27587890625,636.0187377929688,466.2518615722656,502.99835205078125,554.2999267578125,636.0187377929688,0.84670090675354
game8/Clip9,75,130,player_top,725.023193359375,246.94927978515625,704.4502563476562,167.7461700439453,745.5960693359375,246.94927978515625,0.7368289232254028
game8/Clip9,76,131,player_bottom,511.5587463378906,638.5390625,469.35101318359375,505.2330322265625,553.7664794921875,638.5390625,0.7708797454833984
game8/Clip9,76,130,player_top,724.3790283203125,245.75958251953125,703.7952880859375,166.4110870361328,744.9627685546875,245.75958251953125,0.7158430218696594
game8/Clip9,77,131,player_bottom,517.8314819335938,640.6445922851562,477.2246398925781,507.8941345214844,558.4382934570312,640.6445922851562,0.8659382462501526
game8/Clip9,77,130,player_top,724.4179077148438,242.90940856933594,704.3665771484375,165.77725219726562,744.46923828125,242.90940856933594,0.7365432977676392
game8/Clip9,78,131,player_bottom,526.72900390625,641.9452514648438,487.35089111328125,510.5257263183594,566.1071166992188,641.9452514648438,0.8882846832275391
game8/Clip9,78,130,player_top,725.2161865234375,240.78990173339844,705.2525024414062,164.3670196533203,745.1798095703125,240.78990173339844,0.7717306613922119
game8/Clip9,79,131,player_bottom,536.9300537109375,642.14794921875,498.372314453125,512.2406616210938,575.4878540039062,642.14794921875,0.9007264971733093
game8/Clip9,79,130,player_top,726.7935791015625,239.5164794921875,706.9553833007812,163.57635498046875,746.6317138671875,239.5164794921875,0.7453315854072571
game8/Clip9,80,131,player_bottom,544.9182739257812,642.341552734375,506.4689636230469,513.1708984375,583.3675537109375,642.341552734375,0.9064674973487854
game8/Clip9,80,130,player_top,728.096923828125,237.76588439941406,708.6103515625,163.1791229248047,747.58349609375,237.76588439941406,0.7777083516120911
game8/Clip9,81,131,player_bottom,550.6563720703125,642.3428955078125,511.8175964355469,513.7022705078125,589.4951171875,642.3428955078125,0.913763165473938
game8/Clip9,81,130,player_top,729.5676879882812,236.6448974609375,710.3707885742188,163.134765625,748.7645874023438,236.6448974609375,0.796610951423645
game8/Clip9,82,131,player_bottom,554.3895263671875,642.6906127929688,514.997802734375,514.6322021484375,593.7813110351562,642.6906127929688,0.9132204055786133
game8/Clip9,82,130,player_top,730.8265380859375,236.04563903808594,711.808349609375,163.2710723876953,749.8446655273438,236.04563903808594,0.8058604001998901
game8/Clip9,83,131,player_bottom,556.150390625,643.5680541992188,516.225341796875,515.7028198242188,596.0753784179688,643.5680541992188,0.9154698848724365
game8/Clip9,83,130,player_top,732.5802001953125,235.8064727783203,713.8287353515625,163.40574645996094,751.3317260742188,235.8064727783203,0.7850307822227478
game8/Clip9,84,131,player_bottom,559.429443359375,644.4251098632812,519.1218872070312,515.4945678710938,599.7369995117188,644.4251098632812,0.9161373376846313
game8/Clip9,84,130,player_top,734.0087280273438,236.0286865234375,715.3981323242188,163.37765502929688,752.6193237304688,236.0286865234375,0.7659084796905518
game8/Clip9,85,131,player_bottom,564.458251953125,644.7135009765625,524.16455078125,513.8720703125,604.751953125,644.7135009765625,0.8987268805503845
game8/Clip9,85,130,player_top,734.4024658203125,236.38967895507812,715.8831787109375,163.25521850585938,752.9218139648438,236.38967895507812,0.765678882598877
game8/Clip9,86,131,player_bottom,569.9222412109375,644.542236328125,530.3692626953125,512.3938598632812,609.4751586914062,644.542236328125,0.8879636526107788
game8/Clip9,86,130,player_top,734.6282958984375,235.119384765625,716.5245971679688,163.25460815429688,752.73193359375,235.119384765625,0.7670340538024902
game8/Clip9,87,131,player_bottom,572.9327392578125,643.906982421875,534.3255004882812,510.85406494140625,611.5399169921875,643.906982421875,0.8751881122589111
game8/Clip9,87,130,player_top,734.9388427734375,233.6455841064453,717.1033325195312,162.71141052246094,752.7744140625,233.6455841064453,0.7679880261421204
game8/Clip9,88,131,player_bottom,575.5757446289062,643.9837646484375,537.7280883789062,510.23486328125,613.4234008789062,643.9837646484375,0.8816559314727783
game8/Clip9,88,130,player_top,735.1116943359375,232.01812744140625,717.4880981445312,162.01039123535156,752.7352905273438,232.01812744140625,0.7503011226654053
game8/Clip9,89,131,player_bottom,578.80712890625,645.0628051757812,541.295166015625,510.6000671386719,616.319091796875,645.0628051757812,0.8962215781211853
game8/Clip9,89,130,player_top,734.9361572265625,231.0914306640625,717.2189331054688,160.95884704589844,752.6533813476562,231.0914306640625,0.7090030312538147
game8/Clip9,90,131,player_bottom,582.7340087890625,646.081298828125,545.4320068359375,511.5720520019531,620.0359497070312,646.081298828125,0.8913999795913696
game8/Clip9,90,130,player_top,734.9874267578125,230.3571014404297,717.0675048828125,159.93255615234375,752.9074096679688,230.3571014404297,0.7685555219650269
game8/Clip9,91,131,player_bottom,587.3797607421875,647.8589477539062,550.0182495117188,513.5357055664062,624.7413330078125,647.8589477539062,0.8963724970817566
game8/Clip9,91,130,player_top,734.5033569335938,230.38427734375,716.0198974609375,158.15960693359375,752.98681640625,230.38427734375,0.7638125419616699
game8/Clip9,92,131,player_bottom,592.12109375,649.1874389648438,554.6289672851562,515.6105346679688,629.6131591796875,649.1874389648438,0.8899927735328674
game8/Clip9,92,130,player_top,735.4033203125,230.3241424560547,716.1884765625,156.4403839111328,754.6181640625,230.3241424560547,0.7940111756324768
game8/Clip9,93,131,player_bottom,596.3601684570312,649.406982421875,558.9033813476562,516.6314086914062,633.8169555664062,649.406982421875,0.8960716724395752
game8/Clip9,93,130,player_top,734.2205810546875,230.36302185058594,714.724365234375,155.5863494873047,753.716796875,230.36302185058594,0.7723672389984131
game8/Clip9,94,131,player_bottom,598.2100830078125,649.8673706054688,560.5325927734375,516.966064453125,635.8875122070312,649.8673706054688,0.901891827583313
game8/Clip9,94,130,player_top,733.1495361328125,231.9293212890625,713.2655029296875,155.7109375,753.0336303710938,231.9293212890625,0.7430034279823303
game8/Clip9,95,131,player_bottom,599.6854858398438,651.51513671875,561.6837158203125,517.0953979492188,637.687255859375,651.51513671875,0.8920168876647949
game8/Clip9,95,130,player_top,732.8328247070312,230.67771911621094,713.2357788085938,156.27920532226562,752.4298706054688,230.67771911621094,0.7974725961685181
game8/Clip9,96,131,player_bottom,602.147216796875,653.6928100585938,564.1637573242188,518.3333129882812,640.1307373046875,653.6928100585938,0.8880448341369629
game8/Clip9,96,130,player_top,731.4217529296875,230.64773559570312,711.7880859375,156.52955627441406,751.0554809570312,230.64773559570312,0.7344851493835449
game8/Clip9,97,131,player_bottom,603.2369384765625,657.1973266601562,565.035400390625,520.5864868164062,641.4385375976562,657.1973266601562,0.9017240405082703
game8/Clip9,97,130,player_top,729.2318115234375,227.6654815673828,709.9119262695312,155.41470336914062,748.5517578125,227.6654815673828,0.738292396068573
game8/Clip9,98,131,player_bottom,603.84375,659.9447021484375,565.7837524414062,523.682861328125,641.9037475585938,659.9447021484375,0.9040908813476562
game8/Clip9,98,130,player_top,726.647705078125,228.989990234375,706.9283447265625,154.63076782226562,746.3671264648438,228.989990234375,0.7750357985496521
game8/Clip9,99,131,player_bottom,602.6157836914062,661.8228149414062,565.006103515625,527.4153442382812,640.2254638671875,661.8228149414062,0.9029966592788696
game8/Clip9,99,130,player_top,724.3478393554688,230.6121063232422,704.7189331054688,155.71617126464844,743.9767456054688,230.6121063232422,0.7987558245658875
game8/Clip9,100,131,player_bottom,601.7449951171875,663.5336303710938,564.4964599609375,531.2473754882812,638.9935913085938,663.5336303710938,0.910413384437561
game8/Clip9,100,130,player_top,722.5081787109375,231.28610229492188,703.0791625976562,155.9397430419922,741.9371337890625,231.28610229492188,0.7669808864593506
game8/Clip9,101,131,player_bottom,601.2178955078125,664.4445190429688,563.9806518554688,533.0492553710938,638.4552001953125,664.4445190429688,0.9121612310409546
game8/Clip9,101,130,player_top,720.70654296875,232.33998107910156,700.4803466796875,152.05552673339844,740.9327392578125,232.33998107910156,0.788239061832428
game8/Clip9,102,131,player_bottom,600.9063720703125,664.6051635742188,563.2957153320312,532.431640625,638.51708984375,664.6051635742188,0.9143121242523193
game8/Clip9,102,130,player_top,719.0202026367188,233.25413513183594,698.8973388671875,151.97239685058594,739.14306640625,233.25413513183594,0.7957642674446106
game8/Clip9,103,131,player_bottom,601.2061767578125,663.9373779296875,562.9209594726562,529.723876953125,639.4913940429688,663.9373779296875,0.9099352955818176
game8/Clip9,103,130,player_top,717.318115234375,234.1942901611328,697.8455810546875,155.03555297851562,736.7906494140625,234.1942901611328,0.8246695399284363
game8/Clip9,104,131,player_bottom,600.654296875,663.0213012695312,561.77880859375,526.3773803710938,639.52978515625,663.0213012695312,0.9092974066734314
game8/Clip9,104,130,player_top,715.8885498046875,234.67437744140625,696.5528564453125,155.54605102539062,735.2241821289062,234.67437744140625,0.8275189995765686
game8/Clip9,105,131,player_bottom,598.3836059570312,662.2693481445312,559.2871704101562,523.8873291015625,637.4800415039062,662.2693481445312,0.9068445563316345
game8/Clip9,105,130,player_top,714.3179931640625,234.83628845214844,695.0859375,155.2012481689453,733.550048828125,234.83628845214844,0.8208823204040527
game8/Clip9,106,131,player_bottom,595.5745849609375,662.1832275390625,556.6624755859375,522.4334106445312,634.4866333007812,662.1832275390625,0.9070547223091125
game8/Clip9,106,130,player_top,713.263427734375,235.15792846679688,694.2154541015625,154.83042907714844,732.3114624023438,235.15792846679688,0.812781035900116
game8/Clip9,107,131,player_bottom,591.8209228515625,661.8248901367188,553.265380859375,521.6936645507812,630.37646484375,661.8248901367188,0.8943824768066406
game8/Clip9,107,130,player_top,713.4906005859375,235.04248046875,694.4031982421875,153.6884765625,732.5779418945312,235.04248046875,0.8309457302093506
game8/Clip9,108,131,player_bottom,587.7427978515625,662.2191162109375,549.2984619140625,522.2108154296875,626.1870727539062,662.2191162109375,0.8982354998588562
game8/Clip9,108,130,player_top,711.8143310546875,234.91842651367188,693.034423828125,153.56724548339844,730.59423828125,234.91842651367188,0.7911812663078308
game8/Clip9,109,131,player_bottom,582.76513671875,662.3978271484375,544.5885620117188,523.554931640625,620.941650390625,662.3978271484375,0.8952194452285767
game8/Clip9,109,130,player_top,709.3671875,234.75440979003906,691.0132446289062,153.1519775390625,727.7210693359375,234.75440979003906,0.7847045660018921
game8/Clip9,110,131,player_bottom,577.9921264648438,664.845458984375,539.7807006835938,526.8797607421875,616.2035522460938,664.845458984375,0.9128031730651855
game8/Clip9,110,130,player_top,706.024169921875,234.72508239746094,687.7501220703125,152.3980255126953,724.2981567382812,234.72508239746094,0.7771826386451721
game8/Clip9,111,131,player_bottom,573.7193603515625,667.1586303710938,535.7053833007812,531.8856201171875,611.7333374023438,667.1586303710938,0.9122939705848694
game8/Clip9,111,130,player_top,704.9229736328125,234.7299041748047,686.8609008789062,152.1059112548828,722.9850463867188,234.7299041748047,0.8069294691085815
game8/Clip9,112,131,player_bottom,570.8519287109375,668.7783203125,533.5986328125,538.6917114257812,608.1052856445312,668.7783203125,0.9164694547653198
game8/Clip9,112,130,player_top,703.7183837890625,234.8417510986328,685.8485717773438,151.69200134277344,721.588134765625,234.8417510986328,0.804236650466919
game8/Clip9,113,131,player_bottom,568.743896484375,669.7058715820312,532.3012084960938,544.85693359375,605.1866455078125,669.7058715820312,0.9105382561683655
game8/Clip9,113,130,player_top,702.6302490234375,235.0474853515625,684.9923706054688,151.29925537109375,720.2681274414062,235.0474853515625,0.7757359147071838
game8/Clip9,114,131,player_bottom,567.6511840820312,669.961181640625,531.7412719726562,549.2815551757812,603.5610961914062,669.961181640625,0.911629319190979
game8/Clip9,114,130,player_top,702.0844116210938,235.2570343017578,684.9378051757812,152.7591094970703,719.2310180664062,235.2570343017578,0.7874435186386108
game8/Clip9,115,131,player_bottom,567.8134765625,669.8252563476562,531.557373046875,550.1729736328125,604.069580078125,669.8252563476562,0.9102224111557007
game8/Clip9,115,130,player_top,700.9285888671875,235.0355987548828,684.1763305664062,153.8751983642578,717.680908203125,235.0355987548828,0.8069976568222046
game8/Clip9,116,131,player_bottom,569.9347534179688,669.4988403320312,532.529296875,548.34619140625,607.3402099609375,669.4988403320312,0.9210773706436157
game8/Clip9,116,130,player_top,700.568359375,234.7500762939453,684.1375732421875,154.66888427734375,716.9991455078125,234.7500762939453,0.8202887177467346
game8/Clip9,117,131,player_bottom,573.4003295898438,669.34765625,534.881591796875,546.6610717773438,611.9190673828125,669.34765625,0.8977175951004028
game8/Clip9,117,130,player_top,699.5615234375,234.5556182861328,683.1804809570312,154.9518280029297,715.9425048828125,234.5556182861328,0.8230130076408386
game8/Clip9,118,131,player_bottom,579.8726806640625,669.6801147460938,540.3821411132812,545.6088256835938,619.3631591796875,669.6801147460938,0.8818265795707703
game8/Clip9,118,130,player_top,698.134521484375,234.46363830566406,681.4298706054688,154.03285217285156,714.839111328125,234.46363830566406,0.8502277731895447
game8/Clip9,119,131,player_bottom,591.625,669.6937866210938,551.7536010742188,545.6926879882812,631.4964599609375,669.6937866210938,0.8925967216491699
game8/Clip9,119,130,player_top,697.3779296875,235.16070556640625,680.4768676757812,154.60321044921875,714.279052734375,235.16070556640625,0.8489365577697754
game8/Clip9,120,131,player_bottom,606.8888549804688,669.6567993164062,567.2437744140625,546.8458251953125,646.533935546875,669.6567993164062,0.8903080224990845
game8/Clip9,120,130,player_top,697.130615234375,235.52354431152344,680.0594482421875,155.02784729003906,714.2017211914062,235.52354431152344,0.8558299541473389
game8/Clip9,121,131,player_bottom,619.9276733398438,669.7723388671875,580.0294799804688,547.2994995117188,659.8258666992188,669.7723388671875,0.9025511145591736
game8/Clip9,121,130,player_top,696.2459106445312,235.63150024414062,679.0357055664062,155.1874542236328,713.4561157226562,235.63150024414062,0.8226136565208435
game8/Clip9,122,131,player_bottom,629.5647583007812,669.965576171875,588.5082397460938,546.8062744140625,670.6212768554688,669.965576171875,0.8830335140228271
game8/Clip9,122,130,player_top,694.548828125,235.64454650878906,677.1099243164062,154.1575927734375,711.9877319335938,235.64454650878906,0.8343884944915771
game8/Clip9,123,131,player_bottom,635.3827514648438,669.7467041015625,593.0317993164062,545.6394653320312,677.7337036132812,669.7467041015625,0.8974674940109253
game8/Clip9,123,130,player_top,691.8792724609375,235.82652282714844,674.5458984375,154.37750244140625,709.2125854492188,235.82652282714844,0.8315061330795288
game8/Clip9,124,131,player_bottom,643.0054931640625,668.7819213867188,599.3889770507812,544.602783203125,686.6220703125,668.7819213867188,0.90400230884552
game8/Clip9,124,130,player_top,689.2997436523438,235.9779052734375,672.1558227539062,154.42410278320312,706.4436645507812,235.9779052734375,0.827785849571228
game8/Clip9,125,131,player_bottom,651.6268310546875,666.57763671875,606.8402709960938,541.4799194335938,696.4133911132812,666.57763671875,0.8633097410202026
game8/Clip9,125,130,player_top,686.84716796875,235.77102661132812,670.1234130859375,154.99240112304688,703.5709838867188,235.77102661132812,0.7923993468284607
game8/Clip9,126,131,player_bottom,657.4256248474121,666.8923454284668,612.6051807403564,541.50022315979,702.2460708618164,666.8923454284668,0.8628167025744915
game8/Clip9,126,130,player_top,684.031005859375,236.39703369140625,667.6946411132812,155.8953094482422,700.3673095703125,236.39703369140625,0.8069707751274109
game8/Clip9,127,131,player_bottom,663.2244186401367,667.2070541381836,618.3700904846191,541.5205268859863,708.0787506103516,667.2070541381836,0.8623236641287804
game8/Clip9,127,130,player_top,681.3387451171875,237.7620391845703,665.1228637695312,156.7907257080078,697.5546875,237.7620391845703,0.8244624733924866
game8/Clip9,128,131,player_bottom,669.0232124328613,667.5217628479004,624.1350002288818,541.5408306121826,713.9114303588867,667.5217628479004,0.8618306256830692
game8/Clip9,128,130,player_top,677.2412109375,238.0901641845703,660.8273315429688,157.67848205566406,693.6551513671875,238.0901641845703,0.852796196937561
game8/Clip9,129,131,player_bottom,674.8220062255859,667.8364715576172,629.8999099731445,541.5611343383789,719.7441101074219,667.8364715576172,0.8613375872373581
game8/Clip9,129,130,player_top,674.4663696289062,238.4357147216797,657.79248046875,159.39181518554688,691.1402587890625,238.4357147216797,0.8628844618797302
game8/Clip9,130,131,player_bottom,680.6208000183105,668.151180267334,635.6648197174072,541.5814380645752,725.576789855957,668.151180267334,0.860844548791647
game8/Clip9,130,130,player_top,671.9511108398438,238.6792449951172,654.7423706054688,160.5894317626953,689.1598510742188,238.6792449951172,0.882189929485321
game8/Clip9,131,131,player_bottom,686.4195938110352,668.4658889770508,641.4297294616699,541.6017417907715,731.4094696044922,668.4658889770508,0.8603515103459358
game8/Clip9,131,130,player_top,669.0623779296875,238.66444396972656,651.0574951171875,161.00643920898438,687.0672607421875,238.66444396972656,0.8885406255722046
game8/Clip9,132,131,player_bottom,692.2183876037598,668.7805976867676,647.1946392059326,541.6220455169678,737.2421493530273,668.7805976867676,0.8598584719002247
game8/Clip9,132,130,player_top,667.5448608398438,238.77098083496094,648.7190551757812,161.17535400390625,686.3706665039062,238.77098083496094,0.8894715309143066
game8/Clip9,133,131,player_bottom,698.0171813964844,669.0953063964844,652.9595489501953,541.6423492431641,743.0748291015625,669.0953063964844,0.8593654334545135
game8/Clip9,133,130,player_top,666.9197998046875,238.7569122314453,647.3382568359375,161.0723419189453,686.5013427734375,238.7569122314453,0.8849696516990662
game8/Clip9,134,131,player_bottom,703.815975189209,669.4100151062012,658.724458694458,541.6626529693604,748.9075088500977,669.4100151062012,0.8588723950088024
game8/Clip9,134,130,player_top,665.7479248046875,239.0454864501953,645.481689453125,160.57049560546875,686.01416015625,239.0454864501953,0.880168080329895
game8/Clip9,135,131,player_bottom,709.6147689819336,669.724723815918,664.4893684387207,541.6829566955566,754.7401885986328,669.724723815918,0.8583793565630913
game8/Clip9,135,130,player_top,664.2376098632812,238.8980255126953,643.6585083007812,160.22579956054688,684.8167114257812,238.8980255126953,0.8796892762184143
game8/Clip9,136,131,player_bottom,715.4135627746582,670.0394325256348,670.2542781829834,541.7032604217529,760.572868347168,670.0394325256348,0.8578863181173801
game8/Clip9,136,130,player_top,661.06494140625,238.35650634765625,640.4852294921875,159.24362182617188,681.6445922851562,238.35650634765625,0.8237981200218201
game8/Clip9,137,131,player_bottom,721.2123565673828,670.3541412353516,676.0191879272461,541.7235641479492,766.4055480957031,670.3541412353516,0.857393279671669
game8/Clip9,137,130,player_top,657.5753173828125,237.94717407226562,637.2318725585938,158.26268005371094,677.918701171875,237.94717407226562,0.8174657821655273
game8/Clip9,138,131,player_bottom,727.0111503601074,670.6688499450684,681.7840976715088,541.7438678741455,772.2382278442383,670.6688499450684,0.8569002412259579
game8/Clip9,138,130,player_top,655.3653564453125,237.5062255859375,635.5084228515625,158.26356506347656,675.2222290039062,237.5062255859375,0.8218112587928772
game8/Clip9,139,131,player_bottom,732.809944152832,670.9835586547852,687.5490074157715,541.7641716003418,778.0709075927734,670.9835586547852,0.8564072027802467
game8/Clip9,139,130,player_top,652.56787109375,236.14920043945312,633.4302978515625,158.1361541748047,671.7054443359375,236.14920043945312,0.827185869216919
game8/Clip9,140,131,player_bottom,738.6087379455566,671.298267364502,693.3139171600342,541.7844753265381,783.9035873413086,671.298267364502,0.8559141643345356
game8/Clip9,140,130,player_top,648.826904296875,235.41888427734375,630.165771484375,158.5767059326172,667.4880981445312,235.41888427734375,0.8405023217201233
game8/Clip9,141,131,player_bottom,744.4075317382812,671.6129760742188,699.0788269042969,541.8047790527344,789.7362670898438,671.6129760742188,0.8554211258888245
game8/Clip9,141,130,player_top,645.0606079101562,234.06893920898438,626.719482421875,159.50308227539062,663.4017333984375,234.06893920898438,0.8536659479141235
game8/Clip9,142,131,player_bottom,750.2063255310059,671.9276847839355,704.8437366485596,541.8250827789307,795.5689468383789,671.9276847839355,0.8549280874431133
game8/Clip9,142,130,player_top,641.8492431640625,233.10244750976562,623.5947265625,160.86659240722656,660.1036987304688,233.10244750976562,0.853667140007019
game8/Clip9,143,131,player_bottom,756.0051193237305,672.2423934936523,710.6086463928223,541.845386505127,801.4016265869141,672.2423934936523,0.8544350489974022
game8/Clip9,143,130,player_top,639.4219970703125,232.25357055664062,620.997802734375,161.7975311279297,657.8461303710938,232.25357055664062,0.8713021874427795
game8/Clip9,144,131,player_bottom,761.8039131164551,672.5571022033691,716.373556137085,541.8656902313232,807.2343063354492,672.5571022033691,0.853942010551691
game8/Clip9,144,130,player_top,638.2735595703125,232.19039916992188,619.5095825195312,162.90513610839844,657.0374755859375,232.19039916992188,0.873258650302887
game8/Clip9,145,131,player_bottom,767.6027069091797,672.8718109130859,722.1384658813477,541.8859939575195,813.0669860839844,672.8718109130859,0.8534489721059799
game8/Clip9,145,130,player_top,637.72412109375,232.35516357421875,618.6399536132812,164.21128845214844,656.8082275390625,232.35516357421875,0.8709021806716919
game8/Clip9,146,131,player_bottom,773.4015007019043,673.1865196228027,727.9033756256104,541.9062976837158,818.8996658325195,673.1865196228027,0.8529559336602688
game8/Clip9,146,130,player_top,637.19873046875,232.34861755371094,617.795166015625,164.9788818359375,656.6023559570312,232.34861755371094,0.8711341619491577
game8/Clip9,147,131,player_bottom,779.2002944946289,673.5012283325195,733.668285369873,541.9266014099121,824.7323455810547,673.5012283325195,0.8524628952145576
game8/Clip9,147,130,player_top,636.8484497070312,232.08448791503906,617.0154418945312,164.58966064453125,656.6814575195312,232.08448791503906,0.8512980937957764
game8/Clip9,148,131,player_bottom,784.9990882873535,673.8159370422363,739.4331951141357,541.9469051361084,830.5650253295898,673.8159370422363,0.8519698567688465
game8/Clip9,148,130,player_top,634.908203125,231.65420532226562,614.7639770507812,163.21087646484375,655.052490234375,231.65420532226562,0.8523985147476196
game8/Clip9,149,131,player_bottom,790.7978820800781,674.1306457519531,745.1981048583984,541.9672088623047,836.397705078125,674.1306457519531,0.8514768183231354
game8/Clip9,149,130,player_top,633.0599365234375,231.29600524902344,612.7969970703125,161.9029998779297,653.3229370117188,231.29600524902344,0.8228515386581421
game8/Clip9,150,131,player_bottom,796.5966758728027,674.4453544616699,750.9630146026611,541.987512588501,842.2303848266602,674.4453544616699,0.8509837798774242
game8/Clip9,150,130,player_top,632.5904541015625,231.28158569335938,612.1959838867188,160.878662109375,652.9849243164062,231.28158569335938,0.8127328753471375
game8/Clip9,151,131,player_bottom,802.3954696655273,674.7600631713867,756.7279243469238,542.0078163146973,848.0630645751953,674.7600631713867,0.8504907414317131
game8/Clip9,151,130,player_top,632.9168090820312,231.24481201171875,612.552978515625,160.3102264404297,653.2806396484375,231.24481201171875,0.7887254953384399
game8/Clip9,152,131,player_bottom,808.194263458252,675.0747718811035,762.4928340911865,542.0281200408936,853.8957443237305,675.0747718811035,0.849997702986002
game8/Clip9,152,130,player_top,634.2757568359375,230.88600158691406,614.1730346679688,160.00840759277344,654.3785400390625,230.88600158691406,0.8162426352500916
game8/Clip9,153,131,player_bottom,813.9930572509766,675.3894805908203,768.2577438354492,542.0484237670898,859.7284240722656,675.3894805908203,0.8495046645402908
game8/Clip9,153,130,player_top,635.5565185546875,231.38967895507812,615.6625366210938,160.07293701171875,655.450439453125,231.38967895507812,0.7991591095924377
game8/Clip9,154,131,player_bottom,819.7918510437012,675.7041893005371,774.0226535797119,542.0687274932861,865.5611038208008,675.7041893005371,0.8490116260945797
game8/Clip9,154,130,player_top,636.9014892578125,232.2785186767578,617.2368774414062,161.0183868408203,656.5660400390625,232.2785186767578,0.8028008341789246
game8/Clip9,155,131,player_bottom,825.5906448364258,676.0188980102539,779.7875633239746,542.0890312194824,871.3937835693359,676.0188980102539,0.8485185876488686
game8/Clip9,155,130,player_top,639.084716796875,234.30624389648438,619.2356567382812,161.3999786376953,658.9337158203125,234.30624389648438,0.7797749638557434
game8/Clip9,156,131,player_bottom,831.3894386291504,676.3336067199707,785.5524730682373,542.1093349456787,877.2264633178711,676.3336067199707,0.8480255492031574
game8/Clip9,156,130,player_top,639.8631591796875,235.60302734375,619.9464111328125,161.3002166748047,659.7799682617188,235.60302734375,0.773340106010437
game8/Clip9,157,131,player_bottom,837.188232421875,676.6483154296875,791.3173828125,542.129638671875,883.0591430664062,676.6483154296875,0.8475325107574463
game8/Clip9,157,130,player_top,639.702880859375,236.12367248535156,620.2344360351562,161.83375549316406,659.1712646484375,236.12367248535156,0.7632689476013184
game8/Clip9,158,131,player_bottom,833.2739868164062,676.6174926757812,789.0462646484375,540.0712890625,877.501708984375,676.6174926757812,0.8822239637374878
game8/Clip9,158,130,player_top,640.4373779296875,236.43099975585938,621.1688842773438,161.67747497558594,659.7059326171875,236.43099975585938,0.7714810371398926
game8/Clip9,159,131,player_bottom,827.633056640625,676.2919921875,785.673095703125,537.712646484375,869.593017578125,676.2919921875,0.8739091157913208
game8/Clip9,159,130,player_top,641.0803833007812,236.6064910888672,622.1458129882812,162.36911010742188,660.0149536132812,236.6064910888672,0.7188557386398315
game8/Clip9,160,131,player_bottom,820.6217041015625,675.5355224609375,780.8148193359375,535.7435302734375,860.4285278320312,675.5355224609375,0.8516744375228882
game8/Clip9,160,130,player_top,641.5287475585938,236.88511657714844,622.74267578125,162.366455078125,660.3148193359375,236.88511657714844,0.7290865182876587
game8/Clip9,161,131,player_bottom,816.025634765625,674.6448974609375,778.2119750976562,534.7891845703125,853.8392944335938,674.6448974609375,0.8550571203231812
game8/Clip9,161,130,player_top,643.490234375,237.4575653076172,624.52001953125,162.18978881835938,662.46044921875,237.4575653076172,0.6797478199005127
game8/Clip9,162,131,player_bottom,812.0068359375,672.8783569335938,776.2299194335938,534.910888671875,847.78369140625,672.8783569335938,0.8537490963935852
game8/Clip9,162,130,player_top,646.2939453125,237.1080322265625,626.1490478515625,157.878662109375,666.4388427734375,237.1080322265625,0.688808262348175
game8/Clip9,163,131,player_bottom,806.82275390625,671.7249755859375,772.632568359375,536.3582763671875,841.0130004882812,671.7249755859375,0.8560739755630493
game8/Clip9,163,130,player_top,646.8861694335938,236.95352172851562,627.0338745117188,159.6754608154297,666.7384643554688,236.95352172851562,0.6517772674560547
game8/Clip9,164,131,player_bottom,801.7846069335938,671.9383544921875,768.2464599609375,538.4847412109375,835.32275390625,671.9383544921875,0.8804221153259277
game8/Clip9,164,130,player_top,647.2108154296875,238.55419921875,627.0150146484375,160.45082092285156,667.4066162109375,238.55419921875,0.6902400851249695
game8/Clip9,165,131,player_bottom,794.66064453125,672.0557250976562,760.929443359375,541.6273193359375,828.3919067382812,672.0557250976562,0.9123194813728333
game8/Clip9,165,130,player_top,647.71630859375,240.16241455078125,626.1605224609375,156.7646484375,669.2720947265625,240.16241455078125,0.6619235873222351
game8/Clip9,166,131,player_bottom,787.9586181640625,672.3261108398438,753.1802978515625,543.4451293945312,822.7369995117188,672.3261108398438,0.9149532318115234
game8/Clip9,166,130,player_top,649.002685546875,242.51963806152344,626.3052978515625,154.44168090820312,671.7000122070312,242.51963806152344,0.7389337420463562
game8/Clip9,167,131,player_bottom,783.91357421875,671.41748046875,747.8908081054688,543.6044311523438,819.9363403320312,671.41748046875,0.9091185927391052
game8/Clip9,167,130,player_top,649.2997436523438,245.4705810546875,626.6688232421875,156.59896850585938,671.9306640625,245.4705810546875,0.6915977001190186
game8/Clip9,168,131,player_bottom,781.723388671875,669.9227905273438,744.2269897460938,542.2205200195312,819.2197875976562,669.9227905273438,0.9145082831382751
game8/Clip9,168,130,player_top,649.01123046875,247.45509338378906,626.97314453125,159.66549682617188,671.04931640625,247.45509338378906,0.6954044103622437
game8/Clip9,169,131,player_bottom,779.5146484375,668.6188354492188,740.7205810546875,540.1995849609375,818.3086547851562,668.6188354492188,0.9185627698898315
game8/Clip9,169,130,player_top,649.01220703125,249.14801025390625,628.9110107421875,168.3993682861328,669.1133422851562,249.14801025390625,0.7628719210624695
game8/Clip9,170,131,player_bottom,774.70556640625,667.3785400390625,735.100830078125,537.8490600585938,814.310302734375,667.3785400390625,0.9010680913925171
game8/Clip9,170,130,player_top,648.6700439453125,250.06124877929688,629.6890258789062,173.0796356201172,667.6510009765625,250.06124877929688,0.787773072719574
game8/Clip9,171,131,player_bottom,765.7725830078125,666.6735229492188,725.2332763671875,534.5863647460938,806.3118896484375,666.6735229492188,0.8653255701065063
game8/Clip9,171,130,player_top,648.0738525390625,250.5238800048828,629.7973022460938,175.77114868164062,666.3504638671875,250.5238800048828,0.8119140863418579
game8/Clip9,172,131,player_bottom,754.53369140625,665.3433837890625,713.8335571289062,530.376708984375,795.2337646484375,665.3433837890625,0.8550618290901184
game8/Clip9,172,130,player_top,649.1891479492188,250.61036682128906,631.115234375,177.06546020507812,667.2630615234375,250.61036682128906,0.8138309121131897
game8/Clip9,173,131,player_bottom,741.5013427734375,663.9112548828125,701.4028930664062,527.3955688476562,781.599853515625,663.9112548828125,0.8167816996574402
game8/Clip9,173,130,player_top,648.930419921875,250.6045379638672,630.9497680664062,177.65579223632812,666.9111328125,250.6045379638672,0.8409759402275085
game8/Clip9,174,131,player_bottom,731.3052978515625,663.5822143554688,691.7680053710938,524.6693725585938,770.842529296875,663.5822143554688,0.7572481632232666
game8/Clip9,174,130,player_top,648.776611328125,250.5752410888672,630.6692504882812,177.3434600830078,666.884033203125,250.5752410888672,0.8364394903182983
game8/Clip9,175,131,player_bottom,723.4009399414062,663.1718139648438,685.0746459960938,523.6253051757812,761.7272338867188,663.1718139648438,0.8593383431434631
game8/Clip9,175,130,player_top,649.0211181640625,250.6377410888672,630.8074340820312,177.09320068359375,667.23486328125,250.6377410888672,0.8364599347114563
game8/Clip9,176,131,player_bottom,713.54638671875,664.851318359375,675.956298828125,524.1246948242188,751.1365356445312,664.851318359375,0.7051320672035217
game8/Clip9,176,130,player_top,648.3155517578125,250.65264892578125,630.0032348632812,176.97169494628906,666.6278076171875,250.65264892578125,0.8170028924942017
game8/Clip9,177,131,player_bottom,704.2703857421875,665.54443359375,668.3910522460938,527.16162109375,740.1497802734375,665.54443359375,0.850717306137085
game8/Clip9,177,130,player_top,648.1201171875,250.71197509765625,629.779296875,176.79466247558594,666.4608764648438,250.71197509765625,0.7813589572906494
game8/Clip9,178,131,player_bottom,693.4716796875,672.2709350585938,657.5908203125,530.7682495117188,729.3525390625,672.2709350585938,0.8822236061096191
game8/Clip9,178,130,player_top,645.1640625,251.10733032226562,626.297607421875,176.30288696289062,664.030517578125,251.10733032226562,0.7570851445198059
game8/Clip9,179,131,player_bottom,681.70361328125,674.7241821289062,646.3875732421875,534.4312133789062,717.0196533203125,674.7241821289062,0.8752061128616333
game8/Clip9,179,130,player_top,644.018798828125,251.09519958496094,624.6370239257812,175.0175323486328,663.400634765625,251.09519958496094,0.7501147389411926
game8/Clip9,180,131,player_bottom,671.5104370117188,675.5350341796875,636.5625610351562,536.9017944335938,706.4583129882812,675.5350341796875,0.8875866532325745
game8/Clip9,180,130,player_top,645.6187744140625,250.958740234375,626.150634765625,173.73681640625,665.0869750976562,250.958740234375,0.6833210587501526
game8/Clip9,181,131,player_bottom,664.7020263671875,675.1874389648438,629.5186767578125,537.6871948242188,699.8854370117188,675.1874389648438,0.8970016837120056
game8/Clip9,181,130,player_top,646.72021484375,250.68019104003906,627.25634765625,172.21571350097656,666.1840209960938,250.68019104003906,0.7538244724273682
game8/Clip9,182,131,player_bottom,662.9085693359375,673.0169067382812,627.62841796875,537.8583374023438,698.1887817382812,673.0169067382812,0.9033554196357727
game8/Clip9,182,130,player_top,647.26953125,250.45770263671875,627.8588256835938,170.85919189453125,666.6802368164062,250.45770263671875,0.7676076889038086
game8/Clip9,183,131,player_bottom,658.683349609375,667.9254760742188,624.484130859375,537.4933471679688,692.8825073242188,667.9254760742188,0.9034223556518555
game8/Clip9,183,130,player_top,647.4329833984375,250.27911376953125,628.2007446289062,169.86325073242188,666.6651611328125,250.27911376953125,0.7745262384414673
game8/Clip9,184,131,player_bottom,654.3687744140625,665.5462036132812,620.591796875,535.535888671875,688.1458129882812,665.5462036132812,0.8859119415283203
game8/Clip9,184,130,player_top,647.662353515625,250.05117797851562,628.7091674804688,169.05361938476562,666.6156005859375,250.05117797851562,0.7853887677192688
game8/Clip9,185,131,player_bottom,651.0900268554688,663.9292602539062,617.430908203125,531.850341796875,684.7491455078125,663.9292602539062,0.8779881596565247
game8/Clip9,185,130,player_top,647.5262451171875,250.074951171875,628.7771606445312,167.94012451171875,666.2753295898438,250.074951171875,0.7710785865783691
game8/Clip9,186,131,player_bottom,648.7831420898438,662.4909057617188,615.15625,527.47509765625,682.4100341796875,662.4909057617188,0.8867420554161072
game8/Clip9,186,130,player_top,647.76220703125,249.99197387695312,629.1978759765625,166.46783447265625,666.3265991210938,249.99197387695312,0.7596439123153687
game8/Clip9,187,131,player_bottom,647.4296875,660.4689331054688,614.1777954101562,523.3314819335938,680.6815795898438,660.4689331054688,0.8769293427467346
game8/Clip9,187,130,player_top,647.5597534179688,249.97499084472656,629.07861328125,164.56219482421875,666.0408935546875,249.97499084472656,0.7763594388961792
game8/Clip9,188,131,player_bottom,646.674072265625,658.7542724609375,613.83544921875,519.161376953125,679.5126953125,658.7542724609375,0.8838982582092285
game8/Clip9,188,130,player_top,647.923095703125,249.79617309570312,629.4766235351562,162.25892639160156,666.3695068359375,249.79617309570312,0.7891130447387695
game8/Clip9,189,131,player_bottom,644.8939208984375,655.528564453125,613.0632934570312,516.3952026367188,676.7244873046875,655.528564453125,0.8602331280708313
game8/Clip9,189,130,player_top,647.3150634765625,249.66371154785156,628.9649658203125,160.8258819580078,665.6651000976562,249.66371154785156,0.7269648313522339
game8/Clip9,190,131,player_bottom,642.8033447265625,651.4454345703125,612.1743774414062,514.597412109375,673.4322509765625,651.4454345703125,0.8720055818557739
game8/Clip9,190,130,player_top,645.9116821289062,249.3274383544922,627.6976318359375,160.4017333984375,664.125732421875,249.3274383544922,0.7942732572555542
game8/Clip9,191,131,player_bottom,641.0401611328125,646.3006591796875,611.651123046875,512.8638305664062,670.4292602539062,646.3006591796875,0.8670923113822937
game8/Clip9,191,130,player_top,646.197021484375,249.3712921142578,628.2405395507812,160.34707641601562,664.153564453125,249.3712921142578,0.8020192384719849
game8/Clip9,192,131,player_bottom,638.9016723632812,641.7027587890625,610.5655517578125,511.0225830078125,667.23779296875,641.7027587890625,0.8726543188095093
game8/Clip9,192,130,player_top,646.062255859375,249.3092041015625,628.3734741210938,160.43959045410156,663.7510986328125,249.3092041015625,0.8062711358070374
game8/Clip9,193,131,player_bottom,636.32275390625,637.1629638671875,608.6150512695312,507.8103332519531,664.030517578125,637.1629638671875,0.8746448755264282
game8/Clip9,193,130,player_top,645.87158203125,249.54977416992188,628.5572509765625,161.4967041015625,663.1859130859375,249.54977416992188,0.828402042388916
game8/Clip9,194,131,player_bottom,633.7453002929688,633.742919921875,606.3348999023438,504.2888488769531,661.1557006835938,633.742919921875,0.881522536277771
game8/Clip9,194,130,player_top,644.1656494140625,249.3917999267578,627.0814208984375,162.28591918945312,661.2498779296875,249.3917999267578,0.8427965044975281
game8/Clip9,195,131,player_bottom,631.06494140625,630.2369995117188,604.0945434570312,501.4125061035156,658.0353393554688,630.2369995117188,0.8882871270179749
game8/Clip9,195,130,player_top,642.843505859375,248.47146606445312,625.8632202148438,162.12060546875,659.8237915039062,248.47146606445312,0.8541781902313232
game8/Clip9,196,131,player_bottom,627.68359375,626.7462768554688,600.6649169921875,497.2936706542969,654.7023315429688,626.7462768554688,0.8702149987220764
game8/Clip9,196,130,player_top,641.7808227539062,248.12576293945312,624.749267578125,161.9705047607422,658.8123779296875,248.12576293945312,0.8507270216941833
game8/Clip9,197,131,player_bottom,624.4713134765625,624.7462158203125,597.2691650390625,494.5018310546875,651.6734619140625,624.7462158203125,0.8697177171707153
game8/Clip9,197,130,player_top,640.9306640625,247.85560607910156,623.8196411132812,161.36166381835938,658.0416870117188,247.85560607910156,0.8493497371673584
game8/Clip9,198,131,player_bottom,621.5224609375,624.2036743164062,593.958251953125,491.85394287109375,649.0866088867188,624.2036743164062,0.8661386966705322
game8/Clip9,198,130,player_top,640.5211181640625,247.58819580078125,623.3375854492188,160.55667114257812,657.70458984375,247.58819580078125,0.8441524505615234
game8/Clip9,199,131,player_bottom,618.6768188476562,623.809814453125,590.908447265625,490.1256103515625,646.4451904296875,623.809814453125,0.8662794828414917
game8/Clip9,199,130,player_top,639.8592529296875,247.44522094726562,622.7273559570312,160.68748474121094,656.9911499023438,247.44522094726562,0.8452731370925903
game8/Clip9,200,131,player_bottom,615.6232299804688,623.6193237304688,587.770751953125,489.1641845703125,643.4757080078125,623.6193237304688,0.8640496730804443
game8/Clip9,200,130,player_top,638.6275634765625,247.52593994140625,621.4738159179688,160.92941284179688,655.7813720703125,247.52593994140625,0.8445995450019836
game8/Clip9,201,131,player_bottom,613.497802734375,623.4909057617188,585.6351928710938,488.7601318359375,641.3604125976562,623.4909057617188,0.8625839948654175
game8/Clip9,201,130,player_top,637.2952880859375,247.285888671875,620.2005004882812,161.84190368652344,654.3900146484375,247.285888671875,0.8157099485397339
game8/Clip9,202,131,player_bottom,612.0687255859375,623.0133056640625,584.172119140625,488.4825134277344,639.96533203125,623.0133056640625,0.8689553141593933
game8/Clip9,202,130,player_top,635.4771118164062,247.4095001220703,618.6245727539062,164.13418579101562,652.3296508789062,247.4095001220703,0.8297581076622009
game8/Clip9,203,131,player_bottom,610.32470703125,622.4874877929688,582.393310546875,487.9057922363281,638.2561645507812,622.4874877929688,0.8699458837509155
game8/Clip9,203,130,player_top,633.8543701171875,248.22023010253906,616.79833984375,164.78689575195312,650.910400390625,248.22023010253906,0.8447834253311157
game8/Clip9,204,131,player_bottom,609.0443725585938,622.1342163085938,580.97900390625,486.77325439453125,637.1097412109375,622.1342163085938,0.8483676314353943
game8/Clip9,204,130,player_top,633.2239990234375,249.25436401367188,615.9118041992188,165.06825256347656,650.5362548828125,249.25436401367188,0.8461138010025024
game8/Clip9,205,131,player_bottom,607.7208862304688,621.1974487304688,579.4796142578125,484.1984558105469,635.962158203125,621.1974487304688,0.8490650057792664
game8/Clip9,205,130,player_top,632.9630126953125,249.84909057617188,615.4174194335938,164.72933959960938,650.508544921875,249.84909057617188,0.8334293365478516
game8/Clip9,206,131,player_bottom,607.8544311523438,618.27587890625,579.9656982421875,481.7421875,635.7431640625,618.27587890625,0.8604981303215027
game8/Clip9,206,130,player_top,632.734375,250.1599884033203,615.076904296875,164.49072265625,650.3919067382812,250.1599884033203,0.8460583686828613
game8/Clip9,207,131,player_bottom,607.8372802734375,615.55078125,580.3804321289062,479.6473083496094,635.294189453125,615.55078125,0.8682059049606323
game8/Clip9,207,130,player_top,632.6229248046875,250.60855102539062,614.7847900390625,163.9576416015625,650.4611206054688,250.60855102539062,0.856848418712616
game8/Clip9,208,131,player_bottom,607.448974609375,613.4447021484375,580.51123046875,478.49310302734375,634.3866577148438,613.4447021484375,0.8595008254051208
game8/Clip9,208,130,player_top,632.114013671875,251.3970489501953,614.0772094726562,163.87283325195312,650.15087890625,251.3970489501953,0.8338307738304138
game8/Clip9,209,131,player_bottom,607.0467529296875,611.2667846679688,580.6587524414062,477.8614807128906,633.4346923828125,611.2667846679688,0.8446972966194153
game8/Clip9,209,130,player_top,632.6580810546875,252.23928833007812,614.240478515625,164.09432983398438,651.0757446289062,252.23928833007812,0.8515262603759766
game8/Clip9,210,131,player_bottom,606.8992309570312,610.3114013671875,580.9124145507812,478.05169677734375,632.8860473632812,610.3114013671875,0.8373541235923767
game8/Clip9,210,130,player_top,631.28955078125,252.59498596191406,612.5262451171875,163.3189239501953,650.0529174804688,252.59498596191406,0.8093588352203369
game8/Clip9,211,131,player_bottom,606.5592041015625,609.8236083984375,580.896240234375,478.55804443359375,632.2221069335938,609.8236083984375,0.8539180159568787
game8/Clip9,211,130,player_top,628.748779296875,252.3726348876953,610.013427734375,163.21774291992188,647.484130859375,252.3726348876953,0.8217104077339172
game8/Clip9,212,131,player_bottom,606.6138916015625,609.062255859375,581.2445068359375,478.7740783691406,631.9832153320312,609.062255859375,0.855184018611908
game8/Clip9,212,130,player_top,626.197021484375,252.6408233642578,607.3959350585938,162.2295684814453,644.9981079101562,252.6408233642578,0.8240150809288025
game8/Clip9,213,131,player_bottom,606.7584228515625,608.7444458007812,581.6310424804688,478.9053039550781,631.8858642578125,608.7444458007812,0.8649240136146545
game8/Clip9,213,130,player_top,623.5538940429688,252.37680053710938,604.945556640625,160.82884216308594,642.1622314453125,252.37680053710938,0.7835076451301575
game8/Clip9,214,131,player_bottom,607.2325439453125,608.5877075195312,582.3934326171875,478.6693115234375,632.0715942382812,608.5877075195312,0.8595964908599854
game8/Clip9,214,130,player_top,621.0272827148438,252.1568145751953,602.6973266601562,159.44158935546875,639.3572387695312,252.1568145751953,0.8163890242576599
game8/Clip9,215,131,player_bottom,607.797607421875,608.9380493164062,583.3143920898438,478.41534423828125,632.2808227539062,608.9380493164062,0.8394713401794434
game8/Clip9,215,130,player_top,619.2880249023438,251.8389892578125,601.3414306640625,158.48365783691406,637.234619140625,251.8389892578125,0.808653712272644
game8/Clip9,216,131,player_bottom,608.5242309570312,607.8094482421875,584.4969482421875,477.03814697265625,632.551513671875,607.8094482421875,0.8362283706665039
game8/Clip9,216,130,player_top,617.7520751953125,251.5172119140625,600.2044067382812,158.16990661621094,635.2996826171875,251.5172119140625,0.8108031749725342
game8/Clip9,217,131,player_bottom,608.52001953125,607.38720703125,584.9088745117188,475.978271484375,632.1311645507812,607.38720703125,0.8392000794410706
game8/Clip9,217,130,player_top,616.304443359375,251.97056579589844,599.1509399414062,158.8896026611328,633.4580078125,251.97056579589844,0.8139037489891052
game8/Clip9,218,131,player_bottom,608.8760375976562,607.1287231445312,585.6748046875,475.53375244140625,632.0772705078125,607.1287231445312,0.844881534576416
game8/Clip9,218,130,player_top,614.382080078125,252.4288330078125,597.5721435546875,160.0713348388672,631.1920776367188,252.4288330078125,0.8056532144546509
game8/Clip9,219,131,player_bottom,610.7772216796875,607.031005859375,587.7689208984375,475.46337890625,633.7854614257812,607.031005859375,0.8370481729507446
game8/Clip9,219,130,player_top,611.6047973632812,252.5053253173828,594.9332275390625,161.06414794921875,628.2763671875,252.5053253173828,0.8437625765800476
game8/Clip9,220,131,player_bottom,612.6832885742188,607.0211791992188,589.6766357421875,475.33770751953125,635.68994140625,607.0211791992188,0.8610267043113708
game8/Clip9,220,130,player_top,609.2300415039062,252.73313903808594,592.6170043945312,162.71339416503906,625.8430786132812,252.73313903808594,0.850902259349823
game8/Clip9,221,131,player_bottom,614.622314453125,606.9179077148438,591.4417724609375,475.10882568359375,637.8028564453125,606.9179077148438,0.863385796546936
game8/Clip9,221,130,player_top,607.2879028320312,252.90603637695312,590.5491333007812,163.7823944091797,624.0266723632812,252.90603637695312,0.8439173698425293
game8/Clip9,222,131,player_bottom,616.443359375,606.6597900390625,592.9976196289062,475.11529541015625,639.8890380859375,606.6597900390625,0.8606752753257751
game8/Clip9,222,130,player_top,605.822265625,252.97410583496094,588.8857421875,164.58889770507812,622.7588500976562,252.97410583496094,0.8576444387435913
game8/Clip9,223,131,player_bottom,617.575439453125,606.489501953125,593.8156127929688,475.3818359375,641.335205078125,606.489501953125,0.8305336833000183
game8/Clip9,223,130,player_top,604.9844970703125,252.9671173095703,587.5994873046875,163.889892578125,622.3695068359375,252.9671173095703,0.8620226383209229
game8/Clip9,224,131,player_bottom,618.7546997070312,606.3994140625,594.5692138671875,475.4723815917969,642.940185546875,606.3994140625,0.8318706154823303
game8/Clip9,224,130,player_top,604.521728515625,253.00672912597656,586.78564453125,163.6151580810547,622.2578735351562,253.00672912597656,0.8494269251823425
game8/Clip9,225,131,player_bottom,619.382080078125,606.3484497070312,594.784423828125,475.51593017578125,643.979736328125,606.3484497070312,0.835883378982544
game8/Clip9,225,130,player_top,603.9986572265625,253.03799438476562,585.9910888671875,163.83934020996094,622.0062866210938,253.03799438476562,0.8329548239707947
game8/Clip9,226,131,player_bottom,619.3347778320312,606.1227416992188,594.560546875,476.16741943359375,644.1090087890625,606.1227416992188,0.8409374952316284
game8/Clip9,226,130,player_top,603.7142333984375,252.84756469726562,585.4152221679688,163.71334838867188,622.0132446289062,252.84756469726562,0.8247109055519104
game8/Clip9,227,131,player_bottom,618.8161010742188,606.3604736328125,593.811767578125,476.3314208984375,643.8204345703125,606.3604736328125,0.8452221155166626
game8/Clip9,227,130,player_top,602.647216796875,252.82679748535156,584.1857299804688,163.47850036621094,621.1087036132812,252.82679748535156,0.8492883443832397
game8/Clip9,228,131,player_bottom,619.9427490234375,605.933349609375,594.7300415039062,476.42547607421875,645.155517578125,605.933349609375,0.8565866351127625
game8/Clip9,228,130,player_top,600.5881958007812,252.47447204589844,582.0980224609375,163.12808227539062,619.078369140625,252.47447204589844,0.8271405696868896
game8/Clip9,229,131,player_bottom,620.557373046875,605.6393432617188,595.083740234375,476.0840148925781,646.0309448242188,605.6393432617188,0.8516415357589722
game8/Clip9,229,130,player_top,597.461181640625,252.33299255371094,578.9742431640625,162.91363525390625,615.9481201171875,252.33299255371094,0.7898645401000977
game8/Clip9,230,131,player_bottom,620.948486328125,605.384765625,595.410888671875,476.7056579589844,646.4861450195312,605.384765625,0.8480971455574036
game8/Clip9,230,130,player_top,594.1802978515625,252.4893341064453,575.9833984375,163.006103515625,612.3772583007812,252.4893341064453,0.7768983840942383
game8/Clip9,231,131,player_bottom,621.3831787109375,604.9346923828125,595.821044921875,476.7323303222656,646.9453125,604.9346923828125,0.830090343952179
game8/Clip9,231,130,player_top,590.079833984375,252.2217559814453,572.4039916992188,162.96217346191406,607.7557373046875,252.2217559814453,0.7830047607421875
game8/Clip9,232,131,player_bottom,623.0841064453125,604.751220703125,597.63330078125,476.6803283691406,648.534912109375,604.751220703125,0.7068774700164795
game8/Clip9,232,130,player_top,587.57666015625,252.3205108642578,570.3097534179688,162.67723083496094,604.843505859375,252.3205108642578,0.8037796020507812
game8/Clip9,233,131,player_bottom,624.1859130859375,604.4951782226562,598.9200439453125,476.6710205078125,649.4517211914062,604.4951782226562,0.7341405749320984
game8/Clip9,233,130,player_top,585.4376220703125,252.27015686035156,568.4827270507812,162.26806640625,602.392578125,252.27015686035156,0.809424638748169
game8/Clip9,234,131,player_bottom,626.54150390625,604.3255615234375,601.6154174804688,476.5182189941406,651.467529296875,604.3255615234375,0.7925371527671814
game8/Clip9,234,130,player_top,583.412841796875,252.1991424560547,566.6010131835938,162.14483642578125,600.2247314453125,252.1991424560547,0.8252019882202148
game8/Clip9,235,131,player_bottom,630.0682373046875,604.1077270507812,605.8068237304688,476.7958068847656,654.3297119140625,604.1077270507812,0.8085470199584961
game8/Clip9,235,130,player_top,580.9443359375,252.0298614501953,564.0299682617188,162.01766967773438,597.8587646484375,252.0298614501953,0.8281195163726807
game8/Clip9,236,131,player_bottom,633.5823974609375,604.0364990234375,610.0536499023438,476.8588562011719,657.111083984375,604.0364990234375,0.8033327460289001
game8/Clip9,236,130,player_top,578.455078125,252.14724731445312,561.2349853515625,161.5211639404297,595.6752319335938,252.14724731445312,0.840297520160675
game8/Clip9,237,131,player_bottom,638.45166015625,603.948486328125,615.7384643554688,476.9777526855469,661.1649169921875,603.948486328125,0.7958191633224487
game8/Clip9,237,130,player_top,577.126708984375,252.25196838378906,559.6484985351562,161.38792419433594,594.6048583984375,252.25196838378906,0.8243700265884399
