clip,frame,player_id,real_x,real_y
game8/Clip1,0,player_bottom,7.86081714635553,-1.4122393254471708
game8/Clip1,0,player_top,3.3247603067005236,23.66212114309595
game8/Clip1,1,player_bottom,7.860393539211538,-1.4062702133612275
game8/Clip1,1,player_top,3.2805257705263093,23.790712590334525
game8/Clip1,2,player_bottom,7.8620620716647815,-1.392092326768133
game8/Clip1,2,player_top,3.2657425231049455,24.002724999048795
game8/Clip1,3,player_bottom,7.859000992875379,-1.359518631063714
game8/Clip1,3,player_top,3.240841496343314,24.0514345582533
game8/Clip1,4,player_bottom,7.8571139294359575,-1.2955208504925444
game8/Clip1,4,player_top,3.1925830261340047,23.858026506846663
game8/Clip1,5,player_bottom,7.85238788013633,-1.2332645317045734
game8/Clip1,5,player_top,3.1537256024519253,23.922855320484395
game8/Clip1,6,player_bottom,7.834578503687073,-1.15995993444962
game8/Clip1,6,player_top,3.114080791915892,23.66122268101675
game8/Clip1,7,player_bottom,7.792557743347851,-1.0912060208645036
game8/Clip1,7,player_top,3.1001449683081503,23.512086410301247
game8/Clip1,8,player_bottom,7.7411479071678375,-1.0375377201361384
game8/Clip1,8,player_top,3.072118806779049,23.303073115144436
game8/Clip1,9,player_bottom,7.703618881359976,-1.0447916125309769
game8/Clip1,9,player_top,3.066793533755354,23.145050286650502
game8/Clip1,10,player_bottom,7.684715701334037,-1.0937368809761006
game8/Clip1,10,player_top,0.05308596033933382,31.65227085394935
game8/Clip1,11,player_bottom,7.6791665689558,-1.1069854558799153
game8/Clip1,11,player_top,0.05308596033933382,31.65227085394935
game8/Clip1,12,player_bottom,7.686419168560281,-1.1015771493033781
game8/Clip1,12,player_top,0.052307265152644215,31.648795783692098
game8/Clip1,13,player_bottom,7.708414219930017,-1.0699609961437455
game8/Clip1,13,player_top,0.05113300579738469,31.64832257937185
game8/Clip1,14,player_bottom,7.728587520714197,-1.0466884950750266
game8/Clip1,14,player_top,0.050433470612230163,31.652033327477373
game8/Clip1,15,player_bottom,7.781306826771668,-1.039426894898321
game8/Clip1,15,player_top,0.0505445935012294,31.655158631177176
game8/Clip1,16,player_bottom,7.823180260631605,-1.0324042908036153
game8/Clip1,16,player_top,3.397060036105905,23.137763999925717
game8/Clip1,17,player_bottom,7.85575712033702,-1.0257864758224824
game8/Clip1,17,player_top,3.406737056423255,23.307305302755005
game8/Clip1,18,player_bottom,7.937344843271858,-1.0170586415249692
game8/Clip1,18,player_top,3.405527927868981,23.27700085243065
game8/Clip1,19,player_bottom,8.006198518260758,-1.0030188257965358
game8/Clip1,19,player_top,3.4043200557398414,23.24672789195315
game8/Clip1,20,player_bottom,8.105264746681843,-0.9969901792982098
game8/Clip1,20,player_top,3.3890500424689165,23.209557767638564
game8/Clip1,21,player_bottom,8.32807282048635,-0.9652032048132938
game8/Clip1,21,player_top,3.3761180420428913,23.16229057651268
game8/Clip1,22,player_bottom,8.380055363964477,-0.9439844310272165
game8/Clip1,22,player_top,3.3783088620698716,23.236141284866264
game8/Clip1,23,player_bottom,8.474680558566023,-0.9325030186803995
game8/Clip1,23,player_top,3.380505250832993,23.31017971065149
game8/Clip1,24,player_bottom,8.511054220722892,-0.955576939374066
game8/Clip1,24,player_top,3.3827072295916167,23.384406570503494
game8/Clip1,25,player_bottom,8.630021057572112,-0.523325530965974
game8/Clip1,25,player_top,3.384914819713446,23.458822584709893
game8/Clip1,26,player_bottom,8.757886647059498,-0.05594359278585717
game8/Clip1,26,player_top,3.387128042675235,23.53342847723401
game8/Clip1,27,player_bottom,8.855657405163415,0.2156312952928181
game8/Clip1,27,player_top,3.3893469200634776,23.608224975738406
game8/Clip1,28,player_bottom,8.96661275370832,0.2963162857351054
game8/Clip1,28,player_top,3.3915714735751044,23.683212811608495
game8/Clip1,29,player_bottom,9.068787425901224,0.3258356168101797
game8/Clip1,29,player_top,3.393801725018197,23.758392719976435
game8/Clip1,30,player_bottom,9.197505682912421,0.18939045988185815
game8/Clip1,30,player_top,3.3960376963127006,23.83376543974511
game8/Clip1,31,player_bottom,9.311849401067493,0.12182184614562021
game8/Clip1,31,player_top,3.3982794094911313,23.909331713612357
game8/Clip1,32,player_bottom,9.41555090616684,0.10618870148259753
game8/Clip1,32,player_top,3.4005268866993146,23.98509228809533
game8/Clip1,33,player_bottom,9.483856370768098,0.11770929883721755
game8/Clip1,33,player_top,3.4027801501971062,24.06104791355511
game8/Clip1,34,player_bottom,9.508591165962354,0.04688940344301962
game8/Clip1,34,player_top,3.405039222359128,24.137199344221507
game8/Clip1,35,player_bottom,9.520293709104783,0.0011634616639287763
game8/Clip1,35,player_top,3.407304125675512,24.213547338217957
game8/Clip1,36,player_bottom,9.525919346783796,-0.024954089460671253
game8/Clip1,36,player_top,3.4095748827526386,24.29009265758673
game8/Clip1,37,player_bottom,9.526552287785552,-0.012378747293681767
game8/Clip1,37,player_top,3.4118515163138996,24.366836068314267
game8/Clip1,38,player_bottom,9.49152430000235,0.01255539587538988
game8/Clip1,38,player_top,3.4141340492004484,24.44377834035673
game8/Clip1,39,player_bottom,9.481508178921517,0.042529640272577794
game8/Clip1,39,player_top,3.416422504371967,24.520920247665757
game8/Clip1,40,player_bottom,9.457709309929648,0.07904946872184282
game8/Clip1,40,player_top,3.418716904907437,24.598262568214405
game8/Clip1,41,player_bottom,9.41875339096926,0.08228281869786574
game8/Clip1,41,player_top,3.4210172740059073,24.675806084023318
game8/Clip1,42,player_bottom,9.385239354418507,0.08308824185954908
game8/Clip1,42,player_top,3.423323634987286,24.75355158118707
game8/Clip1,43,player_bottom,9.348772893760914,0.0848489221859751
game8/Clip1,43,player_top,3.4256360112931272,24.83149984990073
game8/Clip1,44,player_bottom,9.305732767069102,0.08336026193080204
game8/Clip1,44,player_top,3.425694652757448,24.97237818259477
game8/Clip1,45,player_bottom,9.192542021754033,0.03942429397577013
game8/Clip1,45,player_top,3.427394611695862,25.00135570219552
game8/Clip1,46,player_bottom,9.030991329518203,0.08423854128917378
game8/Clip1,46,player_top,3.429096216157519,25.030361271404384
game8/Clip1,47,player_bottom,8.947469385953749,0.14430328960004565
game8/Clip1,47,player_top,3.4307994685328236,25.05939493096819
game8/Clip1,48,player_bottom,8.88313025750675,0.2594700371923883
game8/Clip1,48,player_top,3.4325043712168064,25.088456721712735
game8/Clip1,49,player_bottom,8.800274639544828,0.3278741665353362
game8/Clip1,49,player_top,3.4342109266091505,25.11754668454298
game8/Clip1,50,player_bottom,8.677054393538961,0.34407339501399264
game8/Clip1,50,player_top,3.463230030651731,25.18268532997305
game8/Clip1,51,player_bottom,8.576642291350487,0.2639047723633895
game8/Clip1,51,player_top,3.4727891017407426,25.227431659601603
game8/Clip1,52,player_bottom,8.477541892594328,0.20748858460497183
game8/Clip1,52,player_top,0.04821491763230658,31.72311490065421
game8/Clip1,53,player_bottom,8.360123851925055,0.1077324938357106
game8/Clip1,53,player_top,3.5095834951665905,25.334725412849256
game8/Clip1,54,player_bottom,8.266956487381938,-0.01644026743818655
game8/Clip1,54,player_top,3.496600413929666,25.468253095121764
game8/Clip1,55,player_bottom,8.180386912089284,-0.13699090526554758
game8/Clip1,55,player_top,3.471222759502407,25.673616953894538
game8/Clip1,56,player_bottom,8.068672930420492,-0.2265885939966525
game8/Clip1,56,player_top,3.44847504291376,25.948017665431113
game8/Clip1,57,player_bottom,7.94484547540083,-0.27658442874386496
game8/Clip1,57,player_top,3.428378184273457,26.227971484407984
game8/Clip1,58,player_bottom,7.721595554404245,-0.2978863190299141
game8/Clip1,58,player_top,3.428378184273457,26.227971484407984
game8/Clip1,59,player_bottom,7.543094694604391,-0.3079024824218633
game8/Clip1,59,player_top,3.428378184273457,26.227971484407984
game8/Clip1,60,player_bottom,7.392310702138152,-0.2246183724352839
game8/Clip1,60,player_top,3.428378184273457,26.227971484407984
game8/Clip1,61,player_bottom,7.277242706667227,-0.07442645586876166
game8/Clip1,61,player_top,3.428378184273457,26.227971484407984
game8/Clip1,62,player_bottom,7.1569054874673155,-0.018499748945133676
game8/Clip1,62,player_top,3.428378184273457,26.227971484407984
game8/Clip1,63,player_bottom,6.991260869118772,-0.20600245568208506
game8/Clip1,63,player_top,3.428378184273457,26.227971484407984
game8/Clip1,64,player_bottom,6.900846101279333,-0.35492646248320825
game8/Clip1,64,player_top,3.428378184273457,26.227971484407984
game8/Clip1,65,player_bottom,6.783649847808039,-0.48007866367373303
game8/Clip1,65,player_top,3.428378184273457,26.227971484407984
game8/Clip1,66,player_bottom,6.642495527225244,-0.6385483810263144
game8/Clip1,66,player_top,3.428378184273457,26.227971484407984
game8/Clip1,67,player_bottom,6.516390768561177,-0.7470868862938118
game8/Clip1,67,player_top,3.428378184273457,26.227971484407984
game8/Clip1,68,player_bottom,6.413550837035774,-0.8325412241358208
game8/Clip1,68,player_top,3.428378184273457,26.227971484407984
game8/Clip1,69,player_bottom,6.3261144969294465,-0.8545852936089647
game8/Clip1,69,player_top,0.054044565609657126,31.698089339911892
game8/Clip1,70,player_bottom,6.205378586178882,-0.8617270934098309
game8/Clip1,70,player_top,0.054594406890226356,31.69550262552189
game8/Clip1,71,player_bottom,6.03923662006347,-0.8426706553533186
game8/Clip1,71,player_top,0.05516509687076256,31.691688947156496
game8/Clip1,72,player_bottom,5.9125617032524405,-0.8133153929805025
game8/Clip1,72,player_top,0.05477289427026319,31.69143983041772
game8/Clip1,73,player_bottom,5.810837654750127,-0.7781732503751405
game8/Clip1,73,player_top,0.05485890617025183,31.681797645272276
game8/Clip1,74,player_bottom,5.689222527254263,-0.7546984437812246
game8/Clip1,74,player_top,0.05448852553093717,31.682757616912244
game8/Clip1,75,player_bottom,5.604253077632401,-0.7410302997197034
game8/Clip1,75,player_top,0.05417106209170315,31.677974440935255
game8/Clip1,76,player_bottom,5.459307690751337,-0.7236640966002209
game8/Clip1,76,player_top,0.053877655903123135,31.673020443493158
game8/Clip1,77,player_bottom,5.3405333238508375,-0.7905708835282516
game8/Clip1,77,player_top,0.05487506526802561,31.66866121039486
game8/Clip1,78,player_bottom,5.200989228677517,-0.8298642298652127
game8/Clip1,78,player_top,0.05529448064401425,31.672357222419212
game8/Clip1,79,player_bottom,5.102810351951255,-0.8293169054316532
game8/Clip1,79,player_top,0.0571897586599352,31.66885134580611
game8/Clip1,80,player_bottom,5.025774402507509,-0.8015506515408795
game8/Clip1,80,player_top,0.05302180059958277,31.682580111770335
game8/Clip1,81,player_bottom,4.9462690459893945,-0.8703707226913656
game8/Clip1,81,player_top,0.05111063346141807,31.692480912018862
game8/Clip1,82,player_bottom,4.856876610023636,-0.9011899708984102
game8/Clip1,82,player_top,0.04849961754507647,31.70256962207841
game8/Clip1,83,player_bottom,4.771025112739908,-0.8468861786102597
game8/Clip1,83,player_top,0.050177433550751945,31.691111454794825
game8/Clip1,84,player_bottom,4.653737791719248,-0.9119401223891554
game8/Clip1,84,player_top,0.052076547794611426,31.695930233682212
game8/Clip1,85,player_bottom,4.571552016441879,-0.967729139135007
game8/Clip1,85,player_top,0.0534419388100556,31.707540389312857
game8/Clip1,86,player_bottom,4.513699772437964,-1.0344107336170403
game8/Clip1,86,player_top,0.052745716017222014,31.692069740531156
game8/Clip1,87,player_bottom,4.474009431748823,-1.073662198300792
game8/Clip1,87,player_top,0.053163739795857326,31.70163251888179
game8/Clip1,88,player_bottom,4.4371708727792045,-1.0907396614315317
game8/Clip1,88,player_top,0.054195460733109414,31.709268828635146
game8/Clip1,89,player_bottom,4.404400677964546,-1.0987577817988847
game8/Clip1,89,player_top,0.054823055985491254,31.70483217629205
game8/Clip1,90,player_bottom,4.361015269789012,-1.1047258304544454
game8/Clip1,90,player_top,0.05322122360726336,31.71265648022125
game8/Clip1,91,player_bottom,4.291822067993566,-1.1023482525204475
game8/Clip1,91,player_top,0.051494135374136045,31.71237291809873
game8/Clip1,92,player_bottom,4.234683668314888,-1.0928081490316157
game8/Clip1,92,player_top,0.05096576466744014,31.720733617708557
game8/Clip1,93,player_bottom,4.185153757403589,-1.0679453190298975
game8/Clip1,93,player_top,0.04699381343946187,31.72800863227603
game8/Clip1,94,player_bottom,4.118105160751353,-1.0653159519175797
game8/Clip1,94,player_top,0.04082207594800663,31.73353387362688
game8/Clip1,95,player_bottom,4.072452499525777,-1.0418900094830137
game8/Clip1,95,player_top,0.03677133126864536,31.735064503288896
game8/Clip1,96,player_bottom,4.047738618738067,-1.0406209996503866
game8/Clip1,96,player_top,0.032444824960495,31.729019143855584
game8/Clip1,97,player_bottom,4.032320964453039,-1.0233705589631208
game8/Clip1,97,player_top,0.02982499885180835,31.713568146787388
game8/Clip1,98,player_bottom,4.002485810416953,-1.0314438327189304
game8/Clip1,98,player_top,3.428378184273457,26.227971484407984
game8/Clip1,99,player_bottom,3.963598508664025,-1.0245407017407702
game8/Clip1,99,player_top,3.428378184273457,26.227971484407984
game8/Clip1,100,player_bottom,3.913126762930028,-1.0144660443712974
game8/Clip1,100,player_top,3.428378184273457,26.227971484407984
game8/Clip1,101,player_bottom,3.848885561489788,-1.0383101154153311
game8/Clip1,101,player_top,3.428378184273457,26.227971484407984
game8/Clip1,102,player_bottom,3.7989432701048695,-1.0549060457004176
game8/Clip1,102,player_top,3.428378184273457,26.227971484407984
game8/Clip1,103,player_bottom,3.768155296929584,-1.0762180507482468
game8/Clip1,103,player_top,3.428378184273457,26.227971484407984
game8/Clip1,104,player_bottom,3.7228152144062556,-1.0649586114899257
game8/Clip1,104,player_top,3.428378184273457,26.227971484407984
game8/Clip1,105,player_bottom,3.6618708649964815,-1.0564874977671033
game8/Clip1,105,player_top,3.428378184273457,26.227971484407984
game8/Clip1,106,player_bottom,3.6106973682591854,-1.0510755904779236
game8/Clip1,106,player_top,-0.09541643771039589,31.785740629104385
game8/Clip1,107,player_bottom,3.5749876596356285,-1.0637867376203076
game8/Clip1,107,player_top,3.428378184273457,26.227971484407984
game8/Clip1,108,player_bottom,3.555996899728366,-1.0882371124225616
game8/Clip1,108,player_top,-0.09259339025979761,31.78698002974273
game8/Clip1,109,player_bottom,3.542990067298684,-1.1078629198555923
game8/Clip1,109,player_top,3.428378184273457,26.227971484407984
game8/Clip1,110,player_bottom,3.5180764083511082,-1.1186252075341947
game8/Clip1,110,player_top,3.428378184273457,26.227971484407984
game8/Clip1,111,player_bottom,3.4857984969921287,-1.135447171737046
game8/Clip1,111,player_top,-0.07829757728950412,31.80469456795363
game8/Clip1,112,player_bottom,3.4374423399575638,-1.1480149100695913
game8/Clip1,112,player_top,-0.06797877764362745,31.812588029878224
game8/Clip1,113,player_bottom,3.387137775121602,-1.1498781772904976
game8/Clip1,113,player_top,-0.05372442532122078,31.821934133026733
game8/Clip1,114,player_bottom,3.3215906529664925,-1.164908169434537
game8/Clip1,114,player_top,-0.04237260248550047,31.829498895881525
game8/Clip1,115,player_bottom,3.263095385544067,-1.1654401097367695
game8/Clip1,115,player_top,-0.030090780055881904,31.816887124463133
game8/Clip1,116,player_bottom,3.2192751701629243,-1.172038169086701
game8/Clip1,116,player_top,-0.014375113671220859,31.813111169787383
game8/Clip1,117,player_bottom,3.1724017701991847,-1.1712914309561884
game8/Clip1,117,player_top,-0.0039128265895445125,31.840666940280805
game8/Clip2,0,player_bottom,0.7316186909923124,-1.5376085808316315
game8/Clip2,0,player_top,5.191685656724377,22.34081553252078
game8/Clip2,1,player_bottom,0.7316186909923124,-1.5376085808316315
game8/Clip2,1,player_top,5.191685656724377,22.34081553252078
game8/Clip2,2,player_bottom,0.7380318801807686,-1.582372224699794
game8/Clip2,2,player_top,5.191685656724377,22.34081553252078
game8/Clip2,3,player_bottom,0.7484129755583062,-1.590155429249386
game8/Clip2,3,player_top,5.191685656724377,22.34081553252078
game8/Clip2,4,player_bottom,0.7543798814705107,-1.5812488174204047
game8/Clip2,4,player_top,5.191685656724377,22.34081553252078
game8/Clip2,5,player_bottom,0.7567098015819972,-1.5744418908721374
game8/Clip2,5,player_top,5.191685656724377,22.34081553252078
game8/Clip2,6,player_bottom,0.751331184500088,-1.5600487344839318
game8/Clip2,6,player_top,5.191685656724377,22.34081553252078
game8/Clip2,7,player_bottom,0.7206578337616135,-1.5435884654304737
game8/Clip2,7,player_top,5.191685656724377,22.34081553252078
game8/Clip2,8,player_bottom,0.6942380743543646,-1.5049524320446284
game8/Clip2,8,player_top,5.191685656724377,22.34081553252078
game8/Clip2,9,player_bottom,0.6746756702609314,-1.4722574809500197
game8/Clip2,9,player_top,5.191685656724377,22.34081553252078
game8/Clip2,10,player_bottom,0.6298480908976283,-1.409032423204426
game8/Clip2,10,player_top,5.191685656724377,22.34081553252078
game8/Clip2,11,player_bottom,0.5317292796579277,-1.3130895842050652
game8/Clip2,11,player_top,5.191685656724377,22.34081553252078
game8/Clip2,12,player_bottom,0.4709465517265528,-1.2620266368251396
game8/Clip2,12,player_top,5.191685656724377,22.34081553252078
game8/Clip2,13,player_bottom,0.3959646066699113,-1.2331197556421414
game8/Clip2,13,player_top,5.191685656724377,22.34081553252078
game8/Clip2,14,player_bottom,0.3035106496670182,-1.1937173015105111
game8/Clip2,14,player_top,5.191685656724377,22.34081553252078
game8/Clip2,15,player_bottom,0.17951005878587548,-1.1576389636186426
game8/Clip2,15,player_top,5.191685656724377,22.34081553252078
game8/Clip2,16,player_bottom,0.06473051614693345,-1.147501791409578
game8/Clip2,16,player_top,5.191685656724377,22.34081553252078
game8/Clip2,17,player_bottom,-0.08742599160837577,-1.1344596412627301
game8/Clip2,17,player_top,5.2127249991848075,22.411432378261047
game8/Clip2,18,player_bottom,-0.13516982359711263,-1.1450913538097578
game8/Clip2,18,player_top,5.241276869269997,22.446742359325796
game8/Clip2,19,player_bottom,-0.1753825460261551,-1.147595590646075
game8/Clip2,19,player_top,5.269865232265752,22.482097471023913
game8/Clip2,20,player_bottom,-0.33359573233592527,-0.6487435373084565
game8/Clip2,20,player_top,5.298490158180663,22.517497799934745
game8/Clip2,21,player_bottom,-0.4485969842564471,-0.2872080726523334
game8/Clip2,21,player_top,5.327151717202503,22.55294343285923
game8/Clip2,22,player_bottom,-0.5747151635089315,-0.13526259310894093
game8/Clip2,22,player_top,5.355849979698824,22.588434456820615
game8/Clip2,23,player_bottom,-0.6912535126805102,-0.06268844609143923
game8/Clip2,23,player_top,5.384585016217497,22.62397095906519
game8/Clip2,24,player_bottom,-0.758461236478731,-0.022036733695873084
game8/Clip2,24,player_top,5.4133568974873265,22.65955302706296
game8/Clip2,25,player_bottom,-0.803978242302656,-0.10272940415078342
game8/Clip2,25,player_top,5.442165694418603,22.69518074850839
game8/Clip2,26,player_bottom,-0.8633889728125447,-0.024250674334571638
game8/Clip2,26,player_top,5.4710114781036925,22.73085421132113
game8/Clip2,27,player_bottom,-0.9414746783859521,-0.27092417726371376
game8/Clip2,27,player_top,5.499894319817645,22.766573503646725
game8/Clip2,28,player_bottom,-1.0311682034737928,-0.31669563621214997
game8/Clip2,28,player_top,5.528814291018732,22.802338713857356
game8/Clip2,29,player_bottom,-1.0577200374144426,-0.3030996383415134
game8/Clip2,29,player_top,5.557771463349096,22.838149930552547
game8/Clip2,30,player_bottom,-1.0725415882690839,-0.2971378885445907
game8/Clip2,30,player_top,5.586765908635288,22.8740072425599
game8/Clip2,31,player_bottom,-1.0751874518036026,-0.33292283147010243
game8/Clip2,31,player_top,5.615797698888898,22.909910738935853
game8/Clip2,32,player_bottom,-1.0821969996056526,-0.3434878406305657
game8/Clip2,32,player_top,5.576846550390403,22.976372857466497
game8/Clip2,33,player_bottom,-1.0886618115815383,-0.33264415156720467
game8/Clip2,33,player_top,5.5187059996006065,23.166575917194322
game8/Clip2,34,player_bottom,-1.0908281158162554,-0.2815534672924842
game8/Clip2,34,player_top,5.48920620470991,23.29573099224159
game8/Clip2,35,player_bottom,-1.0741106024752152,-0.23859229916613056
game8/Clip2,35,player_top,5.477275929735998,23.29749002549371
game8/Clip2,36,player_bottom,-1.0169725019134368,-0.2498978434579153
game8/Clip2,36,player_top,5.465511306859608,23.30551687883
game8/Clip2,37,player_bottom,-0.9717636666483174,-0.21223283774816254
game8/Clip2,37,player_top,5.473204459556039,23.416248293840113
game8/Clip2,38,player_bottom,-0.914144880892411,-0.1535230197079788
game8/Clip2,38,player_top,5.488310203193324,23.526042522712928
game8/Clip2,39,player_bottom,-0.8268315144955523,-0.1360979205002352
game8/Clip2,39,player_top,5.48424401184741,23.49504142828484
game8/Clip2,40,player_bottom,-0.592435450797123,-0.06448238386384807
game8/Clip2,40,player_top,0.11929360152063419,30.232014091806597
game8/Clip2,41,player_bottom,-0.5442141495981814,-0.043028423911609576
game8/Clip2,41,player_top,5.3702699039030035,23.530502274626148
game8/Clip2,42,player_bottom,-0.4266310758698566,-0.04211044223199615
game8/Clip2,42,player_top,-2.9226039773998416,10.173536996401301
game8/Clip2,43,player_bottom,-0.33817330385486033,-0.03867996406768184
game8/Clip2,43,player_top,-2.9226039773998416,10.173536996401301
game8/Clip2,44,player_bottom,-0.2818665148634438,-0.02429922231092385
game8/Clip2,44,player_top,5.452861849360991,23.455882686863117
game8/Clip2,45,player_bottom,-0.2252233922581502,0.09835779513987525
game8/Clip2,45,player_top,5.4396557540966555,23.406865340213148
game8/Clip2,46,player_bottom,-0.08682974319509508,-0.23922932386002954
game8/Clip2,46,player_top,5.426472014991347,23.357930973397483
game8/Clip2,47,player_bottom,0.06609973206985856,-0.37774840254588865
game8/Clip2,47,player_top,5.413310575324076,23.30907937588361
game8/Clip2,48,player_bottom,0.27030986262487794,-0.435773720375368
game8/Clip2,48,player_top,5.400171378565578,23.26031033785064
game8/Clip2,49,player_bottom,0.47139736792534154,-0.45037261476527496
game8/Clip2,49,player_top,5.387054368377494,23.21162365018628
game8/Clip2,50,player_bottom,0.6360488525254725,-0.08734111879745325
game8/Clip2,50,player_top,0.11649986601649753,30.21743881650535
game8/Clip2,51,player_bottom,0.762089084718824,-0.03489842595531585
game8/Clip2,51,player_top,0.11623060104840983,30.218795081273523
game8/Clip2,52,player_bottom,0.8329176085786391,-0.07161118928730571
game8/Clip2,52,player_top,0.11596132498631181,30.220151401921274
game8/Clip2,53,player_bottom,0.9945268609015807,-0.1918182213454712
game8/Clip2,53,player_top,0.11569203782952005,30.22150777845206
game8/Clip2,54,player_bottom,1.1618563337043424,-0.24817315443900997
game8/Clip2,54,player_top,0.11576034503036368,30.22151249267615
game8/Clip2,55,player_bottom,1.3511803342660085,-0.27797161926738057
game8/Clip2,55,player_top,0.11578841007462666,30.221648837275044
game8/Clip2,56,player_bottom,1.564070154014096,-0.29341540082696727
game8/Clip2,56,player_top,0.11834460073891266,30.191528739559427
game8/Clip2,57,player_bottom,1.6894271780623498,-0.2892179470714184
game8/Clip2,57,player_top,0.11965348387224095,30.180821708477605
game8/Clip2,58,player_bottom,1.7822723782677816,-0.2789722115268164
game8/Clip2,58,player_top,0.12019106384459971,30.17707703728481
game8/Clip2,59,player_bottom,1.9455208348995936,-0.24124998175553175
game8/Clip2,59,player_top,0.12014168183854948,30.17608376726763
game8/Clip2,60,player_bottom,2.0904088968106183,-0.3057453528889246
game8/Clip2,60,player_top,0.1200142079757622,30.17559303541544
game8/Clip2,61,player_bottom,2.2421060833859854,-0.5050902760985662
game8/Clip2,61,player_top,0.11976936986290261,30.1772020043217
game8/Clip2,62,player_bottom,2.401217912210567,-0.6178340979040976
game8/Clip2,62,player_top,0.11944555641574897,30.177985944659508
game8/Clip2,63,player_bottom,2.605519371697542,-0.6443694320576432
game8/Clip2,63,player_top,0.11939235757915079,30.179855185992643
game8/Clip2,64,player_bottom,2.805010952620993,-0.6588530317113254
game8/Clip2,64,player_top,0.11930249445158993,30.18145445054622
game8/Clip2,65,player_bottom,2.953855572404995,-0.6718658879040118
game8/Clip2,65,player_top,4.8835290086291465,22.852334876580873
game8/Clip2,66,player_bottom,3.0659036956865116,-0.9281406285419581
game8/Clip2,66,player_top,4.847722956761136,22.82139127813718
game8/Clip2,67,player_bottom,3.1519076775022232,-0.7832539721757017
game8/Clip2,67,player_top,4.811957362297137,22.790482642991538
game8/Clip2,68,player_bottom,3.268386979700956,-0.8703973189816302
game8/Clip2,68,player_top,4.776232156706385,22.759608911919653
game8/Clip2,69,player_bottom,3.4013707631041536,-1.0782070699007476
game8/Clip2,69,player_top,4.740547271612812,22.728770025830915
game8/Clip2,70,player_bottom,3.5078202411470123,-1.268323195317915
game8/Clip2,70,player_top,4.704902638794601,22.697965925768003
game8/Clip2,71,player_bottom,3.603791079162561,-1.4780950300772353
game8/Clip2,71,player_top,4.669298190183757,22.667196552906557
game8/Clip2,72,player_bottom,3.672269753734782,-1.5864245361528024
game8/Clip2,72,player_top,4.63373385786568,22.636461848554745
game8/Clip2,73,player_bottom,3.7518588713849947,-1.617000739103733
game8/Clip2,73,player_top,4.598209574078711,22.605761754152933
game8/Clip2,74,player_bottom,3.803240779133301,-1.6124287545894003
game8/Clip2,74,player_top,4.562725271213724,22.575096211273298
game8/Clip2,75,player_bottom,3.8858750124938353,-1.6187278360924893
game8/Clip2,75,player_top,4.527280881813691,22.544465161619463
game8/Clip2,76,player_bottom,3.9699916177927457,-1.624838541601251
game8/Clip2,76,player_top,4.491876338573245,22.513868547026124
game8/Clip2,77,player_bottom,4.045455122938634,-1.6040750146191367
game8/Clip2,77,player_top,4.4565115743382755,22.483306309458655
game8/Clip2,78,player_bottom,4.140584865452277,-1.590093979528003
game8/Clip2,78,player_top,4.42118652210548,22.45277839101281
game8/Clip2,79,player_bottom,4.226571842097403,-1.6084938702486709
game8/Clip2,79,player_top,4.385901115021951,22.42228473391429
game8/Clip2,80,player_bottom,4.28780177277389,-1.6510583087118416
game8/Clip2,80,player_top,4.385901115021951,22.42228473391429
game8/Clip2,81,player_bottom,4.3359140227554285,-1.684357771857474
game8/Clip2,81,player_top,4.385901115021951,22.42228473391429
game8/Clip2,82,player_bottom,4.372733902048218,-1.7036142141044404
game8/Clip2,82,player_top,4.385901115021951,22.42228473391429
game8/Clip2,83,player_bottom,4.416127040787645,-1.7157566947064427
game8/Clip2,83,player_top,4.385901115021951,22.42228473391429
game8/Clip2,84,player_bottom,4.472016214369781,-1.7450319114785124
game8/Clip2,84,player_top,4.385901115021951,22.42228473391429
game8/Clip2,85,player_bottom,4.531792276021128,-1.8003371277641749
game8/Clip2,85,player_top,4.385901115021951,22.42228473391429
game8/Clip2,86,player_bottom,4.573667412671512,-1.8980915134370078
game8/Clip2,86,player_top,4.385901115021951,22.42228473391429
game8/Clip2,87,player_bottom,4.642480280857587,-1.968707660297826
game8/Clip2,87,player_top,4.385901115021951,22.42228473391429
game8/Clip2,88,player_bottom,4.720667107516266,-2.027530544199171
game8/Clip2,88,player_top,4.385901115021951,22.42228473391429
game8/Clip2,89,player_bottom,4.764768793331263,-2.063164220209268
game8/Clip2,89,player_top,4.385901115021951,22.42228473391429
game8/Clip2,90,player_bottom,4.797059735991125,-2.103980527261452
game8/Clip2,90,player_top,4.385901115021951,22.42228473391429
game8/Clip2,91,player_bottom,4.832290751430151,-2.108828718964164
game8/Clip2,91,player_top,4.385901115021951,22.42228473391429
game8/Clip2,92,player_bottom,4.878310423617477,-2.1246887244670134
game8/Clip2,92,player_top,4.385901115021951,22.42228473391429
game8/Clip2,93,player_bottom,4.938598547035312,-2.134454325299817
game8/Clip2,93,player_top,4.385901115021951,22.42228473391429
game8/Clip2,94,player_bottom,4.992892468026814,-2.1391885042262113
game8/Clip2,94,player_top,4.385901115021951,22.42228473391429
game8/Clip2,95,player_bottom,5.040066489814576,-2.1351606109369383
game8/Clip2,95,player_top,4.385901115021951,22.42228473391429
game8/Clip2,96,player_bottom,5.078185772868077,-2.1005059887031425
game8/Clip2,96,player_top,4.385901115021951,22.42228473391429
game8/Clip3,0,player_bottom,8.034898013835795,-2.6644270320782457
game8/Clip3,0,player_top,3.1279660480633766,22.9232338894652
game8/Clip3,1,player_bottom,8.034898013835795,-2.6644270320782457
game8/Clip3,1,player_top,3.1279660480633766,22.9232338894652
game8/Clip3,2,player_bottom,8.036519610020212,-2.66155408252282
game8/Clip3,2,player_top,3.1163995502770625,22.915379550175555
game8/Clip3,3,player_bottom,8.038720866414284,-2.6595737943236077
game8/Clip3,3,player_top,3.108494269450622,22.909028026128297
game8/Clip3,4,player_bottom,8.04259170962435,-2.6554054885814993
game8/Clip3,4,player_top,3.100914767305082,22.918229585164806
game8/Clip3,5,player_bottom,8.04607685992785,-2.651434665111773
game8/Clip3,5,player_top,3.0952793543885537,22.906169932800626
game8/Clip3,6,player_bottom,8.03419886874715,-2.6443018363409783
game8/Clip3,6,player_top,3.103437075616185,22.896403076990964
game8/Clip3,7,player_bottom,8.021951238934374,-2.6446679964346633
game8/Clip3,7,player_top,3.115354875322781,22.889909027978884
game8/Clip3,8,player_bottom,8.004896128182596,-2.6499420741088846
game8/Clip3,8,player_top,3.1230997988279516,22.88882061747267
game8/Clip3,9,player_bottom,7.994663486659268,-2.652908330730908
game8/Clip3,9,player_top,3.123871487960467,22.903634979953875
game8/Clip3,10,player_bottom,7.991213105445852,-2.6456031622801994
game8/Clip3,10,player_top,3.124643572576218,22.91845693465289
game8/Clip3,11,player_bottom,7.992370402423671,-2.5859013132223208
game8/Clip3,11,player_top,3.1254160529792996,22.933286487407614
game8/Clip3,12,player_bottom,7.997181414423483,-2.5347414011985507
game8/Clip3,12,player_top,3.126188929474126,22.948123644061926
game8/Clip3,13,player_bottom,7.990596779079635,-2.4842293330600067
game8/Clip3,13,player_top,3.1269622023654216,22.962968410465727
game8/Clip3,14,player_bottom,7.979939907976424,-2.4026690743720343
game8/Clip3,14,player_top,3.1277358719582247,22.977820792474898
game8/Clip3,15,player_bottom,7.958996901283347,-2.281457400247853
game8/Clip3,15,player_top,3.1285099385578814,22.99268079595134
game8/Clip3,16,player_bottom,7.93962034050088,-2.168663916695109
game8/Clip3,16,player_top,3.1292844024700566,23.007548426762952
game8/Clip3,17,player_bottom,7.935123025972572,-2.055099325472226
game8/Clip3,17,player_top,3.1243853889534563,23.069003599082155
game8/Clip3,18,player_bottom,7.933083927415592,-1.947498475251725
game8/Clip3,18,player_top,3.1154901886230126,23.091904463541667
game8/Clip3,19,player_bottom,7.9282895725070786,-1.8700134754472952
game8/Clip3,19,player_top,3.1252645896345372,23.134307129293724
game8/Clip3,20,player_bottom,7.916871088305537,-1.78776213647849
game8/Clip3,20,player_top,3.144362605045042,23.033281852846113
game8/Clip3,21,player_bottom,7.896308730538891,-1.7326116243054608
game8/Clip3,21,player_top,3.1714627753883806,22.918883952298103
game8/Clip3,22,player_bottom,7.879556703113271,-1.7272259931260328
game8/Clip3,22,player_top,3.1862819314027027,22.68886517192541
game8/Clip3,23,player_bottom,7.866620324483709,-1.7508275565948737
game8/Clip3,23,player_top,-0.12342569948955041,31.134474309718556
game8/Clip3,24,player_bottom,7.895579408357192,-1.742632218188459
game8/Clip3,24,player_top,-0.12510835597354789,31.145388484014394
game8/Clip3,25,player_bottom,7.942617472002204,-1.7241620088155758
game8/Clip3,25,player_top,-0.12679156407479128,31.15630623625191
game8/Clip3,26,player_bottom,7.9859519075583245,-1.6850503930155034
game8/Clip3,26,player_top,-0.12673836822530216,31.153331353644194
game8/Clip3,27,player_bottom,8.014189443028696,-1.6512169472567593
game8/Clip3,27,player_top,-0.12613897707298852,31.15329080956228
game8/Clip3,28,player_bottom,8.097004299892237,-1.616234660796436
game8/Clip3,28,player_top,3.174501405749135,22.202882250691072
game8/Clip3,29,player_bottom,8.16863783613506,-1.60253776787546
game8/Clip3,29,player_top,3.161639392265649,22.188957938382764
game8/Clip3,30,player_bottom,8.196951217609577,-1.5852259535998563
game8/Clip3,30,player_top,3.1487839287756816,22.175040717044737
game8/Clip3,31,player_bottom,8.309992051008532,-1.5676442132050643
game8/Clip3,31,player_top,3.135935010277119,22.16113058126173
game8/Clip3,32,player_bottom,8.450534080894625,-1.5666291684606293
game8/Clip3,32,player_top,-0.1259178770939338,31.150283658345337
game8/Clip3,33,player_bottom,8.635493613959591,-1.5641550645047877
game8/Clip3,33,player_top,-0.12598679510759614,31.149979650962585
game8/Clip3,34,player_bottom,8.68381742475677,-1.548843967756873
game8/Clip3,34,player_top,3.070184594980895,21.703002677193922
game8/Clip3,35,player_bottom,8.66658756094774,-1.563061580353349
game8/Clip3,35,player_top,3.04696067739387,21.677785876865634
game8/Clip3,36,player_bottom,8.7039961034447,-1.5083716364164883
game8/Clip3,36,player_top,3.0368444864383575,21.689820641599468
game8/Clip3,37,player_bottom,8.781465591246661,-1.3300634459534042
game8/Clip3,37,player_top,3.0228822366352017,21.700548871215418
game8/Clip3,38,player_bottom,8.855251199341168,-1.156898070984331
game8/Clip3,38,player_top,3.014381753645501,21.735463830269655
game8/Clip3,39,player_bottom,8.945314587047717,-1.011606593774883
game8/Clip3,39,player_top,3.0117138642309924,21.79934419770893
game8/Clip3,40,player_bottom,9.090698523818523,-0.967736880153064
game8/Clip3,40,player_top,2.995778398137505,21.85489734070216
game8/Clip3,41,player_bottom,9.184973775323886,-0.799523499696324
game8/Clip3,41,player_top,2.9757284646985775,21.9814139882609
game8/Clip3,42,player_bottom,9.217681806709434,-0.8428956799835218
game8/Clip3,42,player_top,2.9559221936122824,22.17015770470935
game8/Clip3,43,player_bottom,9.289241591127105,-0.902240142958647
game8/Clip3,43,player_top,2.929575858350844,22.257991441562048
game8/Clip3,44,player_bottom,9.295233684435992,-0.8425326417335706
game8/Clip3,44,player_top,2.9154757528705146,22.29487590633419
game8/Clip3,45,player_bottom,9.29002322278813,-0.8086553733261255
game8/Clip3,45,player_top,2.9007866394259407,22.302393543527284
game8/Clip3,46,player_bottom,9.280786275481443,-0.8475771778655085
game8/Clip3,46,player_top,2.893449199640251,22.32559299339136
game8/Clip3,47,player_bottom,9.251291283633401,-0.8838243993611249
game8/Clip3,47,player_top,2.8793072910699684,22.348563150487603
game8/Clip3,48,player_bottom,9.267683388359954,-0.9287789757804416
game8/Clip3,48,player_top,2.823229128280965,22.462757758338032
game8/Clip3,49,player_bottom,9.272078590052557,-0.9866294667478533
game8/Clip3,49,player_top,2.6887087833392815,22.538668345236765
game8/Clip3,50,player_bottom,9.261739993304019,-1.0475020318733748
game8/Clip3,50,player_top,2.5150487512495965,22.559003715102413
game8/Clip3,51,player_bottom,9.288409904437106,-1.0748117093908722
game8/Clip3,51,player_top,2.409316326110971,22.539045314320454
game8/Clip3,52,player_bottom,9.304049150332208,-0.9995724158290074
game8/Clip3,52,player_top,2.3515048990998797,22.46527539942726
game8/Clip3,53,player_bottom,9.285257835809062,-0.9791899482889508
game8/Clip3,53,player_top,2.2679058734434343,22.435944002370523
game8/Clip3,54,player_bottom,9.107375290036698,-1.0236636944270816
game8/Clip3,54,player_top,2.168927770134011,22.42386614864113
game8/Clip3,55,player_bottom,9.02690714032438,-1.0687517431402345
game8/Clip3,55,player_top,2.1101569396159046,22.369027745057267
game8/Clip3,56,player_bottom,8.98332638954477,-1.0435018796116335
game8/Clip3,56,player_top,2.05563608296536,22.38275543682612
game8/Clip3,57,player_bottom,8.83439571162192,-1.0176641623522578
game8/Clip3,57,player_top,2.0155881050447,22.4073354546142
game8/Clip3,58,player_bottom,8.793007485531584,-0.8834720435974157
game8/Clip3,58,player_top,2.0227270689006462,22.479549135650025
game8/Clip3,59,player_bottom,8.740653367410317,-1.0145083056664124
game8/Clip3,59,player_top,2.0195369161204226,22.49302107025422
game8/Clip3,60,player_bottom,8.494082947048494,-1.1238084800465329
game8/Clip3,60,player_top,2.0189214966790696,22.463716815412454
game8/Clip3,61,player_bottom,8.39964112590667,-1.1807013657472485
game8/Clip3,61,player_top,2.009456801938493,22.42605504403555
game8/Clip3,62,player_bottom,8.311983107322902,-1.206982508287183
game8/Clip3,62,player_top,1.9758431950406832,22.40602996954287
game8/Clip3,63,player_bottom,8.212692565524673,-1.4137352434239392
game8/Clip3,63,player_top,1.9741969260336594,22.38550160326871
game8/Clip3,64,player_bottom,8.103263081746947,-1.608643361683095
game8/Clip3,64,player_top,1.9926879016280248,22.37660293810424
game8/Clip3,65,player_bottom,7.81391609596089,-1.6754857172559108
game8/Clip3,65,player_top,2.0158326650528284,22.361187915772895
game8/Clip3,66,player_bottom,7.723275994524616,-1.6930167791812525
game8/Clip3,66,player_top,2.033912336179642,22.312142412883603
game8/Clip3,67,player_bottom,7.626790820138094,-1.5955723161406277
game8/Clip3,67,player_top,2.051133258132892,22.223786571628903
game8/Clip3,68,player_bottom,7.51173530541047,-1.4817730204771198
game8/Clip3,68,player_top,2.080849784869862,22.076321055330737
game8/Clip3,69,player_bottom,7.356546902425937,-1.6146035618057168
game8/Clip3,69,player_top,2.096225894755095,22.003886810833652
game8/Clip3,70,player_bottom,7.2289432481653115,-1.709805324231872
game8/Clip3,70,player_top,2.1271919259673324,21.97154220319639
game8/Clip3,71,player_bottom,7.134578522767072,-1.765381039744901
game8/Clip3,71,player_top,2.1193032361730197,21.942859965636934
game8/Clip3,72,player_bottom,6.96168181598475,-1.890191851190289
game8/Clip3,72,player_top,2.1092809515037536,21.9128618919644
game8/Clip3,73,player_bottom,6.824200348950911,-2.04898351547669
game8/Clip3,73,player_top,2.135906299874786,21.89289101713433
game8/Clip3,74,player_bottom,6.710378671385084,-2.112540773124123
game8/Clip3,74,player_top,2.1713717948110864,21.908287150167446
game8/Clip3,75,player_bottom,6.57988641764275,-2.140624410169565
game8/Clip3,75,player_top,2.2246672102467113,21.913501489677294
game8/Clip3,76,player_bottom,6.445974213754622,-2.14349137819473
game8/Clip3,76,player_top,2.2631575509121795,21.950587484497795
game8/Clip3,77,player_bottom,6.292948135207965,-2.141517362673052
game8/Clip3,77,player_top,2.317683151775379,21.993325894961462
game8/Clip3,78,player_bottom,6.191696943686366,-2.1294589045513126
game8/Clip3,78,player_top,2.3711592442810328,22.00833903884252
game8/Clip3,79,player_bottom,6.099761050666526,-2.0845432348488195
game8/Clip3,79,player_top,2.4261291765855906,22.18046953878514
game8/Clip3,80,player_bottom,5.929930718666892,-1.967890487612398
game8/Clip3,80,player_top,2.489832925555695,22.254032998554433
game8/Clip3,81,player_bottom,5.777121230796502,-1.9903039827847357
game8/Clip3,81,player_top,2.535247525894908,22.30315752150792
game8/Clip3,82,player_bottom,5.627449491389658,-2.0250439176479675
game8/Clip3,82,player_top,2.5561538780906745,22.340204083096573
game8/Clip3,83,player_bottom,5.509163777123294,-2.058128818167453
game8/Clip3,83,player_top,2.6122877791922434,22.35137776907047
game8/Clip3,84,player_bottom,5.387568531165457,-2.0691099097889034
game8/Clip3,84,player_top,2.7139261905784666,22.36891560405021
game8/Clip3,85,player_bottom,5.23421731298742,-2.063961259145649
game8/Clip3,85,player_top,2.772441738065671,22.3715920844514
game8/Clip3,86,player_bottom,5.094403480490713,-2.0346907600550566
game8/Clip3,86,player_top,2.799170719802437,22.376907107423484
game8/Clip3,87,player_bottom,4.984879021627206,-2.06711082400344
game8/Clip3,87,player_top,2.8984601408216646,22.471634652573353
game8/Clip3,88,player_bottom,4.920332026326401,-2.0884872330894333
game8/Clip3,88,player_top,3.0032920057771197,22.57227644947103
game8/Clip3,89,player_bottom,4.865598817897373,-2.085588430488252
game8/Clip3,89,player_top,3.087516031917475,22.680490721057783
game8/Clip3,90,player_bottom,4.817160556283675,-2.0856085215514004
game8/Clip3,90,player_top,3.169047059516007,22.63819309352806
game8/Clip3,91,player_bottom,4.748924850010557,-2.0718401712908663
game8/Clip3,91,player_top,3.255860772781423,22.758340731719294
game8/Clip3,92,player_bottom,4.643203325869569,-2.058292225631337
game8/Clip3,92,player_top,3.35624753692863,22.76736365441835
game8/Clip3,93,player_bottom,4.549710862244285,-2.04435897412382
game8/Clip3,93,player_top,3.4684130236612605,22.71612876499713
game8/Clip3,94,player_bottom,4.489332987015206,-2.004984358290495
game8/Clip3,94,player_top,3.5612136480546734,22.718925127241242
game8/Clip3,95,player_bottom,4.460312694771836,-1.7639060226317105
game8/Clip3,95,player_top,3.6231678108597367,22.72531037955566
game8/Clip3,96,player_bottom,4.437356277497256,-1.5607214692792706
game8/Clip3,96,player_top,3.65391046496595,22.76166932899925
game8/Clip3,97,player_bottom,4.456415096470836,-1.4679146148693065
game8/Clip3,97,player_top,3.674849095688425,22.80751053249978
game8/Clip3,98,player_bottom,4.3834234801658924,-1.4144494918372696
game8/Clip3,98,player_top,3.72142060175492,22.790251877481364
game8/Clip3,99,player_bottom,4.296603498606118,-1.3669422994960858
game8/Clip3,99,player_top,3.770026061537853,22.738686631601706
game8/Clip3,100,player_bottom,4.243731810889095,-1.2837191104471977
game8/Clip3,100,player_top,3.8103253328955065,22.72798962113758
game8/Clip3,101,player_bottom,4.231250938821101,-1.2916714731647514
game8/Clip3,101,player_top,3.831695801172228,22.800277706393516
game8/Clip3,102,player_bottom,4.213884092324818,-1.3041452810649423
game8/Clip3,102,player_top,3.846542992272643,22.811357733775885
game8/Clip3,103,player_bottom,4.215159215217704,-1.311890010139761
game8/Clip3,103,player_top,3.87045111422061,22.808924995067866
game8/Clip3,104,player_bottom,4.183529107426514,-1.374260152526947
game8/Clip3,104,player_top,3.9099472304847462,22.858293491505552
game8/Clip3,105,player_bottom,4.163100390154795,-1.4294374379239223
game8/Clip3,105,player_top,3.947009194819023,22.917492767700622
game8/Clip3,106,player_bottom,4.232332190559531,-1.4794243910684615
game8/Clip3,106,player_top,3.9783403670977484,22.928230080356432
game8/Clip3,107,player_bottom,4.1549929824641305,-1.4955974138489385
game8/Clip3,107,player_top,3.9793473642469506,22.92427412483354
game8/Clip3,108,player_bottom,4.111447076888754,-1.4786313435542475
game8/Clip3,108,player_top,3.9792290431175656,22.917692522161985
game8/Clip3,109,player_bottom,4.075102927805097,-1.4057392191450402
game8/Clip3,109,player_top,3.975950801126976,22.926461192524478
game8/Clip3,110,player_bottom,4.052889700689236,-1.3334058473134864
game8/Clip3,110,player_top,3.9821949259102545,22.936664639616303
game8/Clip3,111,player_bottom,4.017543502494724,-1.2133747683856844
game8/Clip3,111,player_top,4.027060776181878,22.959071771786466
game8/Clip3,112,player_bottom,3.9719713059047144,-1.1577780942300193
game8/Clip3,112,player_top,4.127642514256847,22.954227945404167
game8/Clip3,113,player_bottom,3.9225895521970475,-1.1726069436668465
game8/Clip3,113,player_top,4.268155771799963,22.97552078500319
game8/Clip3,114,player_bottom,3.9367659342873504,-1.1823715426971628
game8/Clip3,114,player_top,4.417011336659298,22.983169396085838
game8/Clip3,115,player_bottom,3.9278514639879214,-1.2115853512304555
game8/Clip3,115,player_top,4.55358358902296,22.972966423394038
game8/Clip3,116,player_bottom,3.895018443511214,-1.2735140523102606
game8/Clip3,116,player_top,4.659031442411946,22.758141816962553
game8/Clip3,117,player_bottom,3.877725338868759,-1.3054150692585231
game8/Clip3,117,player_top,4.7375591072814025,22.502838503564472
game8/Clip3,118,player_bottom,3.855127019475932,-1.309751816565458
game8/Clip3,118,player_top,4.835875612606997,22.40737067474534
game8/Clip3,119,player_bottom,3.841388329538628,-1.3381406784099912
game8/Clip3,119,player_top,4.916736090798619,22.37501536902373
game8/Clip3,120,player_bottom,3.8229216468436142,-1.3503993541781283
game8/Clip3,120,player_top,5.005340204146669,22.41125729519908
game8/Clip3,121,player_bottom,3.821179110031347,-1.3780885887256427
game8/Clip3,121,player_top,5.08427990658896,22.462314160591166
game8/Clip3,122,player_bottom,3.8053063854407885,-1.3982727890190225
game8/Clip3,122,player_top,5.139369047768032,22.51657854862162
game8/Clip3,123,player_bottom,3.7959903790796923,-1.5159163547960766
game8/Clip3,123,player_top,5.231029597665587,22.73102687591769
game8/Clip3,124,player_bottom,3.7790052167584425,-1.6072821846322594
game8/Clip3,124,player_top,5.31275788134455,22.933660968320503
game8/Clip3,125,player_bottom,3.764120746090994,-1.7319916863758573
game8/Clip3,125,player_top,5.410791775176187,23.153292491772454
game8/Clip3,126,player_bottom,3.7477918864425552,-1.8457616996729649
game8/Clip3,126,player_top,5.486650608324756,23.438502246308406
game8/Clip3,127,player_bottom,3.732629395171196,-1.9677238312879222
game8/Clip3,127,player_top,5.575648872933727,23.64267703368721
game8/Clip3,128,player_bottom,3.72964740298313,-2.060073533469758
game8/Clip3,128,player_top,5.651191724118225,23.794737345248546
game8/Clip3,129,player_bottom,3.7310576938833404,-2.1535349207391294
game8/Clip3,129,player_top,5.754276091215648,23.860479597823183
game8/Clip3,130,player_bottom,3.735454289008225,-2.1914843819832033
game8/Clip3,130,player_top,5.815725380642194,23.848356425492284
game8/Clip3,131,player_bottom,3.7349691470971735,-2.230746603594386
game8/Clip3,131,player_top,5.850315246690595,23.799601684257322
game8/Clip3,132,player_bottom,3.7282586612716675,-2.259369541912261
game8/Clip3,132,player_top,5.886493413147661,23.87973989104265
game8/Clip3,133,player_bottom,3.717306623504516,-2.2708148771875387
game8/Clip3,133,player_top,5.890912719569565,23.837528199121284
game8/Clip3,134,player_bottom,3.693573268799218,-2.2749944098969284
game8/Clip3,134,player_top,5.9239078162115995,23.801107939520147
game8/Clip3,135,player_bottom,3.651332450442703,-2.3045152751147207
game8/Clip3,135,player_top,5.940546668710968,23.72792891371723
game8/Clip3,136,player_bottom,3.612985765460261,-2.3617564001545
game8/Clip3,136,player_top,5.955136795390486,23.728481446710898
game8/Clip3,137,player_bottom,3.5592442058199922,-2.411176731054795
game8/Clip3,137,player_top,5.980555134924977,23.753152761457013
game8/Clip3,138,player_bottom,3.5137618635001697,-2.4767777536845337
game8/Clip3,138,player_top,6.0080474510452175,23.8354702238244
game8/Clip3,139,player_bottom,3.4797436127789876,-2.518895848832167
game8/Clip3,139,player_top,6.021743646912338,23.980637411155545
game8/Clip3,140,player_bottom,3.4647859629178996,-2.5360573468303267
game8/Clip3,140,player_top,6.034800363053745,24.106883167118838
game8/Clip3,141,player_bottom,3.4592505151495705,-2.506507262604668
game8/Clip3,141,player_top,6.051511851572983,24.28400730783666
game8/Clip3,142,player_bottom,3.445738238348262,-2.4687391121483278
game8/Clip3,142,player_top,6.051037296407307,24.521579160051626
game8/Clip3,143,player_bottom,3.4194512190176765,-2.466066945127207
game8/Clip3,143,player_top,6.0327522333219035,24.579539854721197
game8/Clip3,144,player_bottom,3.3720878456013046,-2.480397397638573
game8/Clip3,144,player_top,6.021438181423167,24.64415936503729
game8/Clip3,145,player_bottom,3.3176546891711967,-2.5342714565095266
game8/Clip3,145,player_top,5.982775139131302,24.792385955795808
game8/Clip3,146,player_bottom,3.243343741810843,-2.612996229552795
game8/Clip3,146,player_top,5.929281167014323,24.903609725069654
game8/Clip3,147,player_bottom,3.1876755034852,-2.689617283583624
game8/Clip3,147,player_top,5.884615468480996,24.93848478613359
game8/Clip3,148,player_bottom,3.1538687073518785,-2.742758915901798
game8/Clip3,148,player_top,5.864991310430578,24.93970821734671
game8/Clip3,149,player_bottom,3.143256516002923,-2.7216440414303205
game8/Clip3,149,player_top,5.857826188599581,24.947984036568787
game8/Clip3,150,player_bottom,3.1358899971487184,-2.668065504511485
game8/Clip3,150,player_top,5.824759996544293,24.75340388205392
game8/Clip3,151,player_bottom,3.120416832058669,-2.5955155186610046
game8/Clip3,151,player_top,5.829523899754641,24.85169708587142
game8/Clip3,152,player_bottom,3.0865768281126593,-2.5696695631653936
game8/Clip3,152,player_top,5.831192704808984,24.92303895364583
game8/Clip3,153,player_bottom,3.071723527206837,-2.6019805682923582
game8/Clip3,153,player_top,5.814643392027724,24.981824613717237
game8/Clip3,154,player_bottom,3.0712922652842423,-2.6887101508735305
game8/Clip3,154,player_top,5.778322921693569,25.000409224369083
game8/Clip3,155,player_bottom,3.0876073177699914,-2.7987921983699016
game8/Clip3,155,player_top,5.758196348642495,25.037125357347414
game8/Clip3,156,player_bottom,3.102691818446602,-2.900276640908265
game8/Clip3,156,player_top,5.701636117743521,25.063086033955347
game8/Clip3,157,player_bottom,3.1018231518284316,-2.9450132226130457
game8/Clip3,157,player_top,5.641709074717915,25.075802444069716
game8/Clip3,158,player_bottom,3.0945935646536036,-2.9433643505830145
game8/Clip3,158,player_top,5.547988820619333,24.99183059807638
game8/Clip3,159,player_bottom,3.077244823523116,-2.9515892658757514
game8/Clip3,159,player_top,5.482621990588599,24.901170211030045
game8/Clip3,160,player_bottom,2.959882416028752,-2.956844166088128
game8/Clip3,160,player_top,5.426054457186421,24.81850285346997
game8/Clip3,161,player_bottom,2.977843407831892,-2.9623431754598752
game8/Clip3,161,player_top,5.372396842364847,24.69228691598981
game8/Clip3,162,player_bottom,2.940571433420883,-2.961253989160855
game8/Clip3,162,player_top,5.332976329867471,24.624489679075346
game8/Clip3,163,player_bottom,2.8790286792482873,-2.9592573945089753
game8/Clip3,163,player_top,5.267009774655431,24.552551130586206
game8/Clip3,164,player_bottom,2.8194331877532726,-2.9449589356108614
game8/Clip3,164,player_top,5.195027156181826,24.49505252585632
game8/Clip3,165,player_bottom,2.775767739380433,-2.9503154155958553
game8/Clip3,165,player_top,5.1118283658687025,24.448780721716176
game8/Clip3,166,player_bottom,2.7428627079565735,-2.950547989366131
game8/Clip3,166,player_top,5.050489729461741,24.375624062449408
game8/Clip3,167,player_bottom,2.7172807254670044,-2.938926883833003
game8/Clip3,167,player_top,5.010646658921261,24.347951847060475
game8/Clip3,168,player_bottom,2.694097032808316,-2.9228678621834105
game8/Clip3,168,player_top,4.993762026919775,24.37081296314933
game8/Clip3,169,player_bottom,2.678336044589153,-2.90873762120484
game8/Clip3,169,player_top,4.964271302079465,24.386298482064024
game8/Clip3,170,player_bottom,2.6634011574794236,-2.9011168683682937
game8/Clip3,170,player_top,4.9469991135201274,24.369455554653253
game8/Clip3,171,player_bottom,2.6566512676665295,-2.903714179083448
game8/Clip3,171,player_top,4.9272079702494,24.325329555321982
game8/Clip3,172,player_bottom,2.656389735291184,-2.8457484537299496
game8/Clip3,172,player_top,4.891383975725149,24.274393479495277
game8/Clip3,173,player_bottom,2.6055224800523744,-2.6714605627474906
game8/Clip3,173,player_top,4.858721656730301,24.207963850218505
game8/Clip3,174,player_bottom,2.5303663855614857,-2.618247663119342
game8/Clip3,174,player_top,4.832447914552554,24.15638314428118
game8/Clip3,175,player_bottom,2.48137732695941,-2.4761389062384054
game8/Clip3,175,player_top,4.821994013056499,24.128583122885463
game8/Clip3,176,player_bottom,2.4411055505543646,-2.3669091662489623
game8/Clip3,176,player_top,4.821982122504391,24.149717613598725
game8/Clip3,177,player_bottom,2.4585365635614056,-2.2764629701259658
game8/Clip3,177,player_top,4.826253249755142,24.1409386526499
game8/Clip3,178,player_bottom,2.4839322823784915,-2.235630645633261
game8/Clip3,178,player_top,4.836052915750964,24.15500435971305
game8/Clip3,179,player_bottom,2.53723263496984,-2.21742739733266
game8/Clip3,179,player_top,4.852551093325255,24.090078132050387
game8/Clip3,180,player_bottom,2.544927893893694,-2.2131506132682524
game8/Clip3,180,player_top,4.858086445346921,23.900157655669634
game8/Clip3,181,player_bottom,2.5417617648019495,-2.225526087648524
game8/Clip3,181,player_top,4.866002593727361,23.719528860078178
game8/Clip3,182,player_bottom,2.661713552974679,-2.2431288890106442
game8/Clip3,182,player_top,4.858936707550875,23.645005294985392
game8/Clip3,183,player_bottom,2.665335795241876,-2.2232905287231386
game8/Clip3,183,player_top,4.85848507311239,23.61898396988218
game8/Clip3,184,player_bottom,2.675036677424785,-2.2144760216507953
game8/Clip3,184,player_top,4.845471495692442,23.592896555902964
game8/Clip3,185,player_bottom,2.645549836080472,-2.2008437685965725
game8/Clip3,185,player_top,4.84185747666414,23.57128534414251
game8/Clip3,186,player_bottom,2.5780057580798643,-2.094043072570543
game8/Clip3,186,player_top,4.848986291225747,23.571894954164705
game8/Clip3,187,player_bottom,2.4895739698676467,-1.9996305663194052
game8/Clip3,187,player_top,4.902126109054092,23.56452956141794
game8/Clip3,188,player_bottom,2.4335173254687428,-1.93303311465148
game8/Clip3,188,player_top,4.990614629309973,23.573515737678033
game8/Clip3,189,player_bottom,2.3952376279557535,-1.8486879959091886
game8/Clip3,189,player_top,5.1230161773855345,23.572706633849
game8/Clip3,190,player_bottom,2.3909259721652663,-1.8160449039946032
game8/Clip3,190,player_top,5.266831600108056,23.59722907295661
game8/Clip3,191,player_bottom,2.3896848281047696,-1.8004980054226343
game8/Clip3,191,player_top,5.38909852078007,23.50836093879988
game8/Clip3,192,player_bottom,2.4014436931932166,-1.8221324147316285
game8/Clip3,192,player_top,5.474163513014478,23.293754371648202
game8/Clip3,193,player_bottom,2.421888310793658,-1.8459703019167701
game8/Clip3,193,player_top,5.545774091668484,23.153849194198937
game8/Clip3,194,player_bottom,2.457452078989156,-1.8559080338022556
game8/Clip3,194,player_top,5.631312146084744,23.131770938969836
game8/Clip3,195,player_bottom,2.4920361136284064,-1.8651942373723782
game8/Clip3,195,player_top,5.758980900934181,23.155624265106876
game8/Clip3,196,player_bottom,2.538892956351312,-1.8680291108843123
game8/Clip3,196,player_top,5.851434751265531,23.1343858385474
game8/Clip3,197,player_bottom,2.6149174329611604,-1.8695215454778882
game8/Clip3,197,player_top,5.9227296629787665,23.30008662992371
game8/Clip3,198,player_bottom,2.6850976289663047,-1.872650703842535
game8/Clip3,198,player_top,5.987320938472634,23.318906189103767
game8/Clip3,199,player_bottom,2.715868935911789,-1.9018983140307786
game8/Clip3,199,player_top,6.0661115922381965,23.341263598806037
game8/Clip3,200,player_bottom,2.75944099556665,-1.9550594343801797
game8/Clip3,200,player_top,6.132910273865528,23.62541223700393
game8/Clip3,201,player_bottom,2.833532211990321,-2.049574261925658
game8/Clip3,201,player_top,6.1802496522230905,23.634211845045936
game8/Clip3,202,player_bottom,2.9156733328760516,-2.1093962887175524
game8/Clip3,202,player_top,6.245876595177565,23.579045207204533
game8/Clip3,203,player_bottom,2.9731579797380476,-2.1380117687039837
game8/Clip3,203,player_top,6.311054649999557,23.50269564053385
game8/Clip3,204,player_bottom,3.024209245519224,-2.132153884448438
game8/Clip3,204,player_top,6.348324930874225,23.506180662913977
game8/Clip3,205,player_bottom,3.0676756644403103,-2.173874157682588
game8/Clip3,205,player_top,6.391714380937095,23.59824333994444
game8/Clip3,206,player_bottom,3.0911082795757,-2.265965675744736
game8/Clip3,206,player_top,6.4277388238438995,23.70918033596903
game8/Clip3,207,player_bottom,3.101804287577978,-2.359639971508537
game8/Clip3,207,player_top,6.420822721542083,23.630008122805986
game8/Clip3,208,player_bottom,3.101408194095924,-2.432549816524932
game8/Clip3,208,player_top,6.437736368599756,23.63928589434192
game8/Clip3,209,player_bottom,3.1085166069308996,-2.4907791271105495
game8/Clip3,209,player_top,6.464243320644048,23.649780244061223
game8/Clip3,210,player_bottom,3.1155526927356014,-2.5115535111051215
game8/Clip3,210,player_top,6.485454888704214,23.638403710851765
game8/Clip3,211,player_bottom,3.113413372852401,-2.4899817266113087
game8/Clip3,211,player_top,6.508942748936986,23.72310612646595
game8/Clip3,212,player_bottom,3.1071623481185684,-2.4573293331140875
game8/Clip3,212,player_top,6.513442484821231,23.79705236419567
game8/Clip3,213,player_bottom,3.0959285644106096,-2.4333674722575376
game8/Clip3,213,player_top,6.515988883918297,23.964854471107603
game8/Clip3,214,player_bottom,3.079435340099061,-2.418280091740438
game8/Clip3,214,player_top,6.513583808979059,24.141504085204417
game8/Clip3,215,player_bottom,3.031139701694467,-2.3869282790049606
game8/Clip3,215,player_top,6.4973262639859195,24.29646880437195
game8/Clip3,216,player_bottom,2.9758628515466454,-2.3871043875881814
game8/Clip3,216,player_top,6.470372814185204,24.36637282986487
game8/Clip3,217,player_bottom,2.9128344662282153,-2.3786000073976017
game8/Clip3,217,player_top,6.417898641376018,24.555497060518377
game8/Clip3,218,player_bottom,2.831727871211352,-2.379797579707373
game8/Clip3,218,player_top,6.371716491204896,24.764484286585613
game8/Clip3,219,player_bottom,2.7805710874529233,-2.4607844544273796
game8/Clip3,219,player_top,6.302132554106809,24.846875556625328
game8/Clip3,220,player_bottom,2.747665037421951,-2.5310399724424593
game8/Clip3,220,player_top,6.248955591317167,24.86431821167729
game8/Clip3,221,player_bottom,2.722050577236456,-2.5578491826414185
game8/Clip3,221,player_top,6.214055717767375,24.854966039010783
game8/Clip3,222,player_bottom,2.707475353934043,-2.564964537199094
game8/Clip3,222,player_top,6.196111409493604,24.846685196192805
game8/Clip3,223,player_bottom,2.6944681782604882,-2.5257793255004914
game8/Clip3,223,player_top,6.1895713275706745,24.81277018602471
game8/Clip3,224,player_bottom,2.651577871321391,-2.465877304792573
game8/Clip3,224,player_top,6.220591468185097,24.811103149110547
game8/Clip3,225,player_bottom,2.506279480769617,-2.2346011217810284
game8/Clip3,225,player_top,6.23596578825614,24.82811598285099
game8/Clip3,226,player_bottom,2.446000770415108,-2.3460448903107873
game8/Clip3,226,player_top,6.236854423155554,24.842050473417153
game8/Clip3,227,player_bottom,2.3441737801106064,-2.42056751238445
game8/Clip3,227,player_top,-0.13934476404582918,31.09105570698841
game8/Clip3,228,player_bottom,2.277097003272548,-2.476177299819563
game8/Clip3,228,player_top,6.1314616720746296,24.966270819935204
game8/Clip3,229,player_bottom,2.230277617631215,-2.4816834685122253
game8/Clip3,229,player_top,6.113296482149142,24.99732976381754
game8/Clip3,230,player_bottom,2.19384835102149,-2.4397804541929426
game8/Clip3,230,player_top,6.062183853282399,25.01609218268043
game8/Clip3,231,player_bottom,2.1415952231788826,-2.370162936237854
game8/Clip3,231,player_top,5.95715960625693,24.958640486826667
game8/Clip3,232,player_bottom,2.1180910310792807,-2.225938715316279
game8/Clip3,232,player_top,5.869432731577816,24.85041467487041
game8/Clip3,233,player_bottom,2.057613327524306,-1.99085799380623
game8/Clip3,233,player_top,5.799932453757943,24.659067354629347
game8/Clip3,234,player_bottom,1.9463999911640495,-1.8635245482448524
game8/Clip3,234,player_top,5.738799209016459,24.513423685093247
game8/Clip3,235,player_bottom,1.8476318970500902,-1.6853187296709335
game8/Clip3,235,player_top,5.661690056795282,24.442650020170994
game8/Clip3,236,player_bottom,1.6996509330495622,-1.8565269571012977
game8/Clip3,236,player_top,5.5834961561549035,24.46978931620879
game8/Clip3,237,player_bottom,1.6059982147754561,-1.9683337128139986
game8/Clip3,237,player_top,5.5104857029165695,24.37948212266378
game8/Clip3,238,player_bottom,1.5496117362430102,-2.0094713183847817
game8/Clip3,238,player_top,5.448269387899338,24.308354891445404
game8/Clip3,239,player_bottom,1.603146673496697,-2.034945774242828
game8/Clip3,239,player_top,5.420213867165823,24.28847156532701
game8/Clip3,240,player_bottom,1.5992219257137716,-2.041896377783871
game8/Clip3,240,player_top,5.366670728502113,24.271845550095865
game8/Clip3,241,player_bottom,1.4999414769256156,-2.0256985478289677
game8/Clip3,241,player_top,5.319048606670166,24.151143280394827
game8/Clip3,242,player_bottom,1.4423481988817444,-1.9836492623067346
game8/Clip3,242,player_top,5.264278228344369,24.076171748997947
game8/Clip3,243,player_bottom,1.4141239330564888,-1.9537635905157684
game8/Clip3,243,player_top,5.204970421039777,24.042421988324868
game8/Clip3,244,player_bottom,1.4078546784411785,-1.9214931974800142
game8/Clip3,244,player_top,5.1717188996123395,24.0229173973443
game8/Clip3,245,player_bottom,1.3573546858333614,-1.8332996176946745
game8/Clip3,245,player_top,5.160654510040511,24.01169737626593
game8/Clip3,246,player_bottom,1.2927412234702695,-1.4866641750384073
game8/Clip3,246,player_top,5.153342993960898,24.006626149676933
game8/Clip3,247,player_bottom,1.2413847740557238,-1.2258083120843768
game8/Clip3,247,player_top,5.155896684575693,24.05401305134985
game8/Clip3,248,player_bottom,1.2261253166501134,-1.1296943619412465
game8/Clip3,248,player_top,5.15108261570708,24.119618202116136
game8/Clip3,249,player_bottom,1.2410208204437436,-1.1238426978376153
game8/Clip3,249,player_top,5.141802973333675,24.192396006205296
game8/Clip3,250,player_bottom,1.2541361481881683,-1.1276473213674378
game8/Clip3,250,player_top,5.138146684777148,24.26240920519337
game8/Clip3,251,player_bottom,1.2746586909955417,-1.1549569923574607
game8/Clip3,251,player_top,5.121357298645669,24.284525166770297
game8/Clip3,252,player_bottom,1.2841646349268487,-1.191966685072449
game8/Clip3,252,player_top,5.111987455593398,24.300609018725265
game8/Clip3,253,player_bottom,1.2994442858441804,-1.1946321209089885
game8/Clip3,253,player_top,5.110975776786994,24.326624792064358
game8/Clip3,254,player_bottom,1.3267692214129017,-1.215335984464583
game8/Clip3,254,player_top,5.117470894182026,24.383562013908758
game8/Clip3,255,player_bottom,1.3845602790097953,-1.2119074398437635
game8/Clip3,255,player_top,5.095970939989268,24.465496604698696
game8/Clip3,256,player_bottom,1.4338633964871623,-1.2074247816053185
game8/Clip3,256,player_top,5.035571240773785,24.490144902603216
game8/Clip3,257,player_bottom,1.4746647586310737,-1.2141273966649517
game8/Clip3,257,player_top,4.933159453515084,24.54463883778167
game8/Clip3,258,player_bottom,1.5129216925515108,-1.189859966968205
game8/Clip3,258,player_top,4.784275474273632,24.65323983922589
game8/Clip3,259,player_bottom,1.5464936976618504,-1.1165425020057882
game8/Clip3,259,player_top,4.653591983547302,24.75591130642485
game8/Clip3,260,player_bottom,1.6289859426196511,-1.0844413088910734
game8/Clip3,260,player_top,4.448789599474824,24.698005998107003
game8/Clip3,261,player_bottom,1.8071765761918213,-1.0346979444379079
game8/Clip3,261,player_top,4.3676083438021145,24.65735170803578
game8/Clip3,262,player_bottom,1.9560342978055412,-1.0057066093295137
game8/Clip3,262,player_top,4.210557021753105,24.687776652068617
game8/Clip3,263,player_bottom,2.0794206336630645,-1.020176062654166
game8/Clip3,263,player_top,4.030884634496672,24.817158351447663
game8/Clip3,264,player_bottom,2.1825268811758334,-1.0549064812783426
game8/Clip3,264,player_top,3.8663582733246273,24.66140700455592
game8/Clip3,265,player_bottom,2.2649303119153608,-0.9931861381676218
game8/Clip3,265,player_top,3.7152170534070628,24.595422398483993
game8/Clip3,266,player_bottom,2.3552087481083497,-1.2193244928958966
game8/Clip3,266,player_top,-0.14202721943376875,31.07922300609481
game8/Clip3,267,player_bottom,2.435220416294645,-1.3220797527149717
game8/Clip3,267,player_top,3.585981380396374,24.491257229063432
game8/Clip3,268,player_bottom,2.5179387632722348,-1.4112921820803936
game8/Clip3,268,player_top,3.492405336692003,24.530335897034192
game8/Clip3,269,player_bottom,2.6396998137300174,-1.4621325144591488
game8/Clip3,269,player_top,3.4141358001664104,24.542396342337636
game8/Clip3,270,player_bottom,2.741449740678132,-1.463916036895513
game8/Clip3,270,player_top,3.3801151636452285,24.57402988136476
game8/Clip3,271,player_bottom,2.8268512302695084,-1.5116558508686557
game8/Clip3,271,player_top,3.3384582827663434,24.652563102432776
game8/Clip3,272,player_bottom,2.8853864399906737,-1.607273555090336
game8/Clip3,272,player_top,3.2907563595050435,24.658505358920017
game8/Clip3,273,player_bottom,2.9492834414484546,-1.667982131391062
game8/Clip3,273,player_top,3.219237587917916,24.694846401949807
game8/Clip3,274,player_bottom,3.0273192917952154,-1.6945228967763297
game8/Clip3,274,player_top,3.121277135094342,24.66707208237349
game8/Clip3,275,player_bottom,3.1538674139055654,-1.6759360219604456
game8/Clip3,275,player_top,2.977820699137046,24.651299259251896
game8/Clip3,276,player_bottom,3.2483578331657785,-1.6300729051223877
game8/Clip3,276,player_top,2.8812824039374942,24.71098019690187
game8/Clip3,277,player_bottom,3.327996625300815,-1.6026516589654007
game8/Clip3,277,player_top,2.8035503640903165,24.543739535879293
game8/Clip3,278,player_bottom,3.418205169291075,-1.6946595588403934
game8/Clip3,278,player_top,2.736609625245153,24.29588787666423
game8/Clip3,279,player_bottom,3.5085594793912454,-1.816182647606447
game8/Clip3,279,player_top,2.636814781117185,24.201021752655063
game8/Clip3,280,player_bottom,3.633384236891402,-1.9311165263748702
game8/Clip3,280,player_top,2.4949104214137616,24.144662380675864
game8/Clip3,281,player_bottom,3.7690840470545517,-2.078959863296175
game8/Clip3,281,player_top,2.3516432930799596,24.122702094544657
game8/Clip3,282,player_bottom,3.8924166603521586,-2.2012554511238993
game8/Clip3,282,player_top,2.262074941684827,24.138140099358377
game8/Clip3,283,player_bottom,3.986013265492621,-2.3079471917918983
game8/Clip3,283,player_top,2.2022275612148405,24.15162228032758
game8/Clip3,284,player_bottom,4.052177567808021,-2.345275887907217
game8/Clip3,284,player_top,2.17732855265403,24.170566796216498
game8/Clip3,285,player_bottom,4.087370384351652,-2.3863867226162645
game8/Clip3,285,player_top,2.1672545921958872,24.183706698030402
game8/Clip3,286,player_bottom,4.137324171533142,-2.4302651886473443
game8/Clip3,286,player_top,2.1564092209204486,24.21570854480965
game8/Clip3,287,player_bottom,4.227719522927782,-2.4551621613738353
game8/Clip3,287,player_top,2.1368762988881924,24.178567026155452
game8/Clip3,288,player_bottom,4.408995975425889,-2.45364362850109
game8/Clip3,288,player_top,2.0983592417711034,24.259911204896213
game8/Clip3,289,player_bottom,4.68778287989324,-2.4568236672728583
game8/Clip3,289,player_top,2.0985142219916937,24.222662603979174
game8/Clip3,290,player_bottom,4.830061284891736,-2.4586718989763736
game8/Clip3,290,player_top,2.1077122172994653,24.13429869970826
game8/Clip3,291,player_bottom,4.9413499436107635,-2.4465730989642394
game8/Clip3,291,player_top,2.1136616313882657,24.04701727218265
game8/Clip3,292,player_bottom,5.049401005735526,-2.3949430469703588
game8/Clip3,292,player_top,2.1396688075218955,24.0035545362833
game8/Clip3,293,player_bottom,5.1815790343890695,-2.348610894433068
game8/Clip3,293,player_top,2.208365439220848,24.081597156611615
game8/Clip3,294,player_bottom,5.36196752914818,-2.366484827060296
game8/Clip3,294,player_top,2.2978161045454324,24.123076742588886
game8/Clip3,295,player_bottom,5.599808043664597,-2.366382021144404
game8/Clip3,295,player_top,2.367263122891623,24.16761683772341
game8/Clip3,296,player_bottom,5.764290503859069,-2.3691267309848865
game8/Clip3,296,player_top,2.4280793415179955,24.095010151493636
game8/Clip3,297,player_bottom,5.882137851040007,-2.3806137962774265
game8/Clip3,297,player_top,2.4780939989086055,24.0859530409468
game8/Clip3,298,player_bottom,6.025899922889398,-2.366498396273148
game8/Clip3,298,player_top,2.514367402058459,23.899700949691333
game8/Clip3,299,player_bottom,6.087457609104945,-2.352898948308606
game8/Clip3,299,player_top,2.543376517579931,23.72502599527849
game8/Clip3,300,player_bottom,6.204546160115524,-2.558718374864867
game8/Clip3,300,player_top,2.5978970982812046,23.64758065135465
game8/Clip3,301,player_bottom,6.292871393531375,-2.6319063829995755
game8/Clip3,301,player_top,2.69522400259724,23.659759546000227
game8/Clip3,302,player_bottom,6.4029929135852175,-2.664593966336533
game8/Clip3,302,player_top,2.761327885334374,23.669166347663104
game8/Clip3,303,player_bottom,6.5817795196615,-2.6847405903980244
game8/Clip3,303,player_top,2.7961411336381663,23.649549114491485
game8/Clip3,304,player_bottom,6.661637388429558,-2.6770382111787385
game8/Clip3,304,player_top,2.809918003420566,23.640868795222683
game8/Clip3,305,player_bottom,6.733777540549398,-2.6482565322596776
game8/Clip3,305,player_top,2.8253407560477894,23.658914460040428
game8/Clip3,306,player_bottom,6.8347389484760965,-2.701378708364899
game8/Clip3,306,player_top,2.841799692241007,23.77178417392373
game8/Clip3,307,player_bottom,6.960181921244325,-2.766182307493611
game8/Clip3,307,player_top,2.8628374965188232,23.930979193856928
game8/Clip3,308,player_bottom,7.114853774089701,-2.775637827201781
game8/Clip3,308,player_top,2.9109538249069584,24.044842317984802
game8/Clip3,309,player_bottom,7.230333850415579,-2.784079081479085
game8/Clip3,309,player_top,2.9475312399404276,24.17163353728719
game8/Clip3,310,player_bottom,7.3179255391941425,-2.8354105484266583
game8/Clip3,310,player_top,3.0032738977103772,24.225145898281014
game8/Clip3,311,player_bottom,7.387078796683375,-2.8855373243825255
game8/Clip3,311,player_top,3.0378284049992477,24.24655557427945
game8/Clip3,312,player_bottom,7.431164644503414,-2.901975588468597
game8/Clip3,312,player_top,3.0452898246287408,24.256667756418622
game8/Clip3,313,player_bottom,7.467951512110058,-2.901979138481078
game8/Clip3,313,player_top,3.048333033264838,24.268243370576425
game8/Clip3,314,player_bottom,7.489278143807249,-2.903082297953378
game8/Clip3,314,player_top,3.0486982577219566,24.253939991144808
game8/Clip3,315,player_bottom,7.500826786340438,-2.899285146708212
game8/Clip3,315,player_top,3.086540692158885,24.27106959222518
game8/Clip3,316,player_bottom,7.496624221943035,-2.9219791722958366
game8/Clip3,316,player_top,3.16894578207001,24.324119246288625
game8/Clip3,317,player_bottom,7.5117221724341805,-2.9918310619867725
game8/Clip3,317,player_top,3.2638800849568423,24.30474524081752
game8/Clip3,318,player_bottom,7.516798285024953,-3.080623267278148
game8/Clip3,318,player_top,3.397916499360532,24.32208691918302
game8/Clip3,319,player_bottom,7.517884717196679,-3.1312082282232407
game8/Clip3,319,player_top,3.51062867987794,24.293297388261646
game8/Clip3,320,player_bottom,7.516905841932437,-3.2004168916931865
game8/Clip3,320,player_top,3.6093334613803063,24.20415423475387
game8/Clip3,321,player_bottom,7.51269410948779,-3.238031193087329
game8/Clip3,321,player_top,3.700014480868671,24.192290291603417
game8/Clip3,322,player_bottom,7.4410731118030675,-3.2848699908619414
game8/Clip3,322,player_top,3.7697712894162945,24.140177085841042
game8/Clip3,323,player_bottom,7.384220133804274,-3.3130655604296075
game8/Clip3,323,player_top,3.834601598327096,24.146599179894636
game8/Clip3,324,player_bottom,7.283243509419972,-3.3267288549370853
game8/Clip3,324,player_top,3.9249572939531907,24.179396037715087
game8/Clip3,325,player_bottom,7.109668294006866,-3.326343640125611
game8/Clip3,325,player_top,4.005247245132344,24.24139159613633
game8/Clip3,326,player_bottom,6.987345915940938,-3.320592500328067
game8/Clip3,326,player_top,4.065479096083553,24.264689433119575
game8/Clip3,327,player_bottom,6.901287553624758,-3.3102484239657852
game8/Clip3,327,player_top,4.10574052556772,24.20196991761834
game8/Clip3,328,player_bottom,6.821854606853597,-3.2525370059087106
game8/Clip3,328,player_top,4.135380053924436,24.14328207705806
game8/Clip3,329,player_bottom,6.719133342015129,-3.086963985629805
game8/Clip3,329,player_top,4.153763934078522,24.050852890667652
game8/Clip3,330,player_bottom,6.584900328015065,-3.11139518142612
game8/Clip3,330,player_top,4.189440214704753,24.03273385514627
game8/Clip3,331,player_bottom,6.46561576269993,-3.146273994155202
game8/Clip3,331,player_top,4.258314736040504,23.72252750689123
game8/Clip3,332,player_bottom,6.3227460998648075,-3.1605821472793147
game8/Clip3,332,player_top,4.326650469219643,23.564985581688937
game8/Clip3,333,player_bottom,6.190143346420691,-3.150557942828602
game8/Clip3,333,player_top,4.377942294698382,23.40793682684096
game8/Clip3,334,player_bottom,6.096867740892319,-3.1513670218771717
game8/Clip3,334,player_top,4.411932484645285,23.307003149056996
game8/Clip3,335,player_bottom,6.037630515329796,-3.1587399942295606
game8/Clip3,335,player_top,4.443764465398,23.25515084332061
game8/Clip3,336,player_bottom,5.9518011738691925,-3.1518626147379365
game8/Clip3,336,player_top,4.479218436943706,23.150422518014086
game8/Clip3,337,player_bottom,5.8143932032491,-3.110197199119669
game8/Clip3,337,player_top,4.493920574930476,23.116566659466066
game8/Clip3,338,player_bottom,5.686660822834152,-3.0925693269854415
game8/Clip3,338,player_top,4.5080776185741165,23.117573222345644
game8/Clip3,339,player_bottom,5.572314635777404,-3.1130590528677877
game8/Clip3,339,player_top,4.521133720653007,23.115341562798616
game8/Clip3,340,player_bottom,5.458337387646709,-3.155488772273183
game8/Clip3,340,player_top,4.536532098542039,23.138121562176085
game8/Clip3,341,player_bottom,5.3052786351292225,-3.2189820719051867
game8/Clip3,341,player_top,4.551239497170545,23.168668791790925
game8/Clip3,342,player_bottom,5.1404129874862035,-3.2280697774988183
game8/Clip3,342,player_top,4.586351540487227,23.193062345317877
game8/Clip3,343,player_bottom,4.967483044520716,-3.273747685056439
game8/Clip3,343,player_top,4.608425964488278,23.187610084323975
game8/Clip3,344,player_bottom,4.827872315018315,-3.289257855894436
game8/Clip3,344,player_top,4.628591858685918,23.192918160013626
game8/Clip3,345,player_bottom,4.734608759961078,-3.361127530590656
game8/Clip3,345,player_top,8.412886311867096,31.53201363689138
game8/Clip3,346,player_bottom,4.659034802329301,-3.410029617095452
game8/Clip3,346,player_top,8.412935118199524,31.531696467899796
game8/Clip3,347,player_bottom,4.604766085561338,-3.411386700005535
game8/Clip3,347,player_top,8.412983924072902,31.531379301891285
game8/Clip3,348,player_bottom,4.578039450974238,-3.3999884444184536
game8/Clip3,348,player_top,8.41303272948726,31.531062138865835
game8/Clip3,349,player_bottom,4.571511107957973,-3.3962357881014182
game8/Clip3,349,player_top,4.656387569431944,23.239420251450763
game8/Clip3,350,player_bottom,4.572178623792553,-3.369168162081819
game8/Clip3,350,player_top,4.667566644203987,23.294334493634185
game8/Clip3,351,player_bottom,4.580663457373653,-3.3337561158906532
game8/Clip3,351,player_top,4.668375331858457,23.460697342652608
game8/Clip3,352,player_bottom,4.58996527430905,-3.3182250980317916
game8/Clip3,352,player_top,8.413227946554452,31.529793516593518
game8/Clip3,353,player_bottom,4.59658695679027,-3.309374370161476
game8/Clip3,353,player_top,4.6472408585040945,23.514810765398156
game8/Clip3,354,player_bottom,4.5991794183793475,-3.2962118416314246
game8/Clip3,354,player_top,4.648138273931285,23.660329030645993
game8/Clip3,355,player_bottom,4.6024012453384895,-3.251324888195025
game8/Clip3,355,player_top,4.641902610435893,23.714684901579844
game8/Clip3,356,player_bottom,4.604804276958016,-3.211687659671202
game8/Clip3,356,player_top,4.634185615727066,23.670730475315914
game8/Clip3,357,player_bottom,4.601448529542764,-3.1813251014163395
game8/Clip3,357,player_top,4.597112729840333,23.638522943653783
game8/Clip3,358,player_bottom,4.59419790392233,-3.1653569857394044
game8/Clip3,358,player_top,4.56320033127817,23.539685868098385
game8/Clip3,359,player_bottom,4.592316571912958,-3.149293173689815
game8/Clip3,359,player_top,4.540303943144106,23.513596663399248
game8/Clip3,360,player_bottom,4.586961019513351,-3.141682009586625
game8/Clip3,360,player_top,4.522954422503999,23.41108189318452
game8/Clip3,361,player_bottom,4.589293157081899,-3.136113476981496
game8/Clip3,361,player_top,4.519849101770744,23.309858512718538
game8/Clip3,362,player_bottom,4.583088689967912,-3.1345440582663535
game8/Clip3,362,player_top,4.519572198639825,23.245137096101672
game8/Clip3,363,player_bottom,4.582668957766782,-3.1388348218332234
game8/Clip3,363,player_top,4.510340708374842,23.25530749995454
game8/Clip3,364,player_bottom,4.578957401816319,-3.147602517320549
game8/Clip3,364,player_top,4.470134863069247,23.316155369730957
game8/Clip3,365,player_bottom,4.575406839709603,-3.1524141866447613
game8/Clip3,365,player_top,4.433013221070927,23.346284320625813
game8/Clip3,366,player_bottom,4.573428569903538,-3.149607268828266
game8/Clip3,366,player_top,4.403810474956529,23.357037543756434
game8/Clip3,367,player_bottom,4.567571174664055,-3.144749943000183
game8/Clip3,367,player_top,4.384524059047833,23.378347700623806
game8/Clip3,368,player_bottom,4.559991646416128,-3.1400854950358146
game8/Clip3,368,player_top,4.3688536025279525,23.27669076074186
game8/Clip3,369,player_bottom,4.5412015080198564,-3.1401443940773843
game8/Clip3,369,player_top,4.3601397779075866,23.214760403748695
game8/Clip3,370,player_bottom,4.525036456025854,-3.1151208552228757
game8/Clip3,370,player_top,4.354118228113933,23.06065635602207
game8/Clip3,371,player_bottom,4.5252223958806885,-3.1233369813691008
game8/Clip3,371,player_top,4.348614605243197,22.946736414920498
game8/Clip3,372,player_bottom,4.523555467936771,-3.128056600318332
game8/Clip3,372,player_top,4.344036246586561,22.82297238491106
game8/Clip3,373,player_bottom,4.533467184782023,-3.134996509897014
game8/Clip3,373,player_top,4.341967508206799,22.701361513077483
game8/Clip3,374,player_bottom,4.5217089237591805,-3.134714883351985
game8/Clip3,374,player_top,4.338370756666622,22.625223920015923
game8/Clip3,375,player_bottom,4.516025540596046,-3.1252951279286116
game8/Clip3,375,player_top,4.339066115601894,22.581253645602267
game8/Clip3,376,player_bottom,4.524063850402212,-3.0838628042602387
game8/Clip3,376,player_top,4.3386356956384455,22.56799953975427
game8/Clip3,377,player_bottom,4.534909419107036,-3.0562425251529497
game8/Clip3,377,player_top,4.32981673057452,22.507238151569677
game8/Clip3,378,player_bottom,4.530401608836286,-3.017183341853355
game8/Clip3,378,player_top,4.320822593068779,22.44661077945368
game8/Clip3,379,player_bottom,4.522036692766511,-3.0026902945014293
game8/Clip3,379,player_top,4.3109187868706655,22.39182228734742
game8/Clip3,380,player_bottom,4.514923692972421,-2.9895587226165747
game8/Clip3,380,player_top,4.302116101864527,22.337615386463096
game8/Clip3,381,player_bottom,4.508270321385156,-2.961192274745947
game8/Clip3,381,player_top,4.288701893473621,22.278035426627167
game8/Clip3,382,player_bottom,4.499514241704769,-2.9397615255036897
game8/Clip3,382,player_top,4.272652247440355,22.248863962722126
game8/Clip3,383,player_bottom,4.4881217619441145,-2.9277908009106905
game8/Clip3,383,player_top,4.272652247440355,22.248863962722126
game8/Clip3,384,player_bottom,4.458688304051414,-2.907695984981387
game8/Clip3,384,player_top,4.272652247440355,22.248863962722126
game8/Clip3,385,player_bottom,4.4136207677365755,-2.9134374399858824
game8/Clip3,385,player_top,4.272652247440355,22.248863962722126
game8/Clip3,386,player_bottom,4.355672396223272,-2.9252542064463936
game8/Clip3,386,player_top,4.272652247440355,22.248863962722126
game8/Clip3,387,player_bottom,4.302546565402686,-2.9305322589595866
game8/Clip3,387,player_top,4.272652247440355,22.248863962722126
game8/Clip3,388,player_bottom,4.246927357005393,-2.9312255297606526
game8/Clip3,388,player_top,4.272652247440355,22.248863962722126
game8/Clip3,389,player_bottom,4.216202614960336,-2.931292534306225
game8/Clip3,389,player_top,-0.14210490466775924,30.96965545877948
game8/Clip3,390,player_bottom,4.195367411658816,-2.9291470362513765
game8/Clip3,390,player_top,4.272652247440355,22.248863962722126
game8/Clip3,391,player_bottom,4.186101883120926,-2.9090911737425853
game8/Clip3,391,player_top,4.272652247440355,22.248863962722126
game8/Clip3,392,player_bottom,4.18736090257496,-2.8743246919040506
game8/Clip3,392,player_top,4.272652247440355,22.248863962722126
game8/Clip3,393,player_bottom,4.184764073185954,-2.8330672397459566
game8/Clip3,393,player_top,4.272652247440355,22.248863962722126
game8/Clip3,394,player_bottom,4.178793026869347,-2.800986558313049
game8/Clip3,394,player_top,4.272652247440355,22.248863962722126
game8/Clip3,395,player_bottom,4.159541011710676,-2.756831301050898
game8/Clip3,395,player_top,4.272652247440355,22.248863962722126
game8/Clip3,396,player_bottom,4.12341773669217,-2.740902775148448
game8/Clip3,396,player_top,4.272652247440355,22.248863962722126
game8/Clip3,397,player_bottom,4.075146157605211,-2.737312123073358
game8/Clip3,397,player_top,4.272652247440355,22.248863962722126
game8/Clip3,398,player_bottom,4.017083282082753,-2.7364950344697694
game8/Clip3,398,player_top,4.272652247440355,22.248863962722126
game8/Clip3,399,player_bottom,3.9605253257315356,-2.7307492262225517
game8/Clip3,399,player_top,4.272652247440355,22.248863962722126
game8/Clip3,400,player_bottom,3.9214056232558936,-2.7276199376188757
game8/Clip3,400,player_top,4.272652247440355,22.248863962722126
game8/Clip3,401,player_bottom,3.901604159208943,-2.721823400886499
game8/Clip3,401,player_top,4.272652247440355,22.248863962722126
game8/Clip3,402,player_bottom,3.8784053132933183,-2.7160161331416806
game8/Clip3,402,player_top,4.272652247440355,22.248863962722126
game8/Clip3,403,player_bottom,3.857572678127301,-2.708766867085644
game8/Clip3,403,player_top,4.272652247440355,22.248863962722126
game8/Clip3,404,player_bottom,3.8352193592486894,-2.7205158748555696
game8/Clip3,404,player_top,4.272652247440355,22.248863962722126
game8/Clip3,405,player_bottom,3.80834196107204,-2.720278685237703
game8/Clip3,405,player_top,4.272652247440355,22.248863962722126
game8/Clip3,406,player_bottom,3.7653073477821932,-2.7179614570080783
game8/Clip3,406,player_top,4.272652247440355,22.248863962722126
game8/Clip3,407,player_bottom,3.7464069160303413,-2.704346149446887
game8/Clip3,407,player_top,4.272652247440355,22.248863962722126
game8/Clip3,408,player_bottom,3.749528636517386,-2.661405108644056
game8/Clip3,408,player_top,4.272652247440355,22.248863962722126
game8/Clip3,409,player_bottom,3.728504646966596,-2.64700603245801
game8/Clip3,409,player_top,4.272652247440355,22.248863962722126
game8/Clip3,410,player_bottom,3.717022357743941,-2.628659666004509
game8/Clip3,410,player_top,4.272652247440355,22.248863962722126
game8/Clip3,411,player_bottom,3.6758725093389963,-2.601819527037745
game8/Clip3,411,player_top,4.272652247440355,22.248863962722126
game8/Clip3,412,player_bottom,3.5928209230034494,-2.5785781544070026
game8/Clip3,412,player_top,4.272652247440355,22.248863962722126
game8/Clip4,0,player_bottom,4.670545281618828,-1.8135759177319573
game8/Clip4,0,player_top,0.6446424496987045,22.008385363490788
game8/Clip4,1,player_bottom,4.670545281618828,-1.8135759177319573
game8/Clip4,1,player_top,0.6446424496987045,22.008385363490788
game8/Clip4,2,player_bottom,4.680680674232662,-1.8137530916975073
game8/Clip4,2,player_top,0.6450038381335409,22.01026470927917
game8/Clip4,3,player_bottom,4.695140106790729,-1.8188474678212283
game8/Clip4,3,player_top,0.645877932646005,22.015969918093422
game8/Clip4,4,player_bottom,4.716618241159101,-1.8218133905937417
game8/Clip4,4,player_top,0.645799809385234,22.01515710540099
game8/Clip4,5,player_bottom,4.749650104599264,-1.8097095577840265
game8/Clip4,5,player_top,0.645909411128878,22.004187895222493
game8/Clip4,6,player_bottom,4.784477100470682,-1.7697919450389838
game8/Clip4,6,player_top,0.6459683836773106,21.99398245973903
game8/Clip4,7,player_bottom,4.809378375646354,-1.7206469023004998
game8/Clip4,7,player_top,0.6481575992890478,21.951998818232116
game8/Clip4,8,player_bottom,4.821960680555859,-1.6708605825750529
game8/Clip4,8,player_top,0.6473022932246258,21.951977116261816
game8/Clip4,9,player_bottom,4.827010760804667,-1.600740648732458
game8/Clip4,9,player_top,0.6465433394770947,21.979139135753584
game8/Clip4,10,player_bottom,4.8309291794345315,-1.5200201667356577
game8/Clip4,10,player_top,0.6467286546257375,21.999387330662877
game8/Clip4,11,player_bottom,4.842730194575846,-1.4479439505014355
game8/Clip4,11,player_top,0.6639438170000369,21.961944490282924
game8/Clip4,12,player_bottom,4.857234447254748,-1.403808740653201
game8/Clip4,12,player_top,0.6753795312255847,21.96760176503
game8/Clip4,13,player_bottom,4.878782433593126,-1.3913917206371742
game8/Clip4,13,player_top,0.7448514904491828,22.021930796731187
game8/Clip4,14,player_bottom,-3.1981475173611695,9.587745473884059
game8/Clip4,14,player_top,0.8135367310367608,22.100216396235034
game8/Clip4,15,player_bottom,4.868592501383437,-1.3828458495992502
game8/Clip4,15,player_top,0.898679532953529,22.259306849535527
game8/Clip4,16,player_bottom,4.87922717371022,-1.3827067360942529
game8/Clip4,16,player_top,0.9692592951541394,22.291930275239483
game8/Clip4,17,player_bottom,4.814223348621442,-1.3876683642338208
game8/Clip4,17,player_top,1.0490475912914803,22.151638809324503
game8/Clip4,18,player_bottom,4.812900849887205,-1.3956794625048181
game8/Clip4,18,player_top,1.1230282483427614,22.055229391263463
game8/Clip4,19,player_bottom,4.809927445481896,-1.2358639788265537
game8/Clip4,19,player_top,1.226572998506046,22.013805429382124
game8/Clip4,20,player_bottom,4.83450290475036,-1.1531068096274029
game8/Clip4,20,player_top,1.2730925669387052,22.00810948092895
game8/Clip4,21,player_bottom,4.883933285009103,-0.9392739850173019
game8/Clip4,21,player_top,1.2947615417872351,21.99577591313647
game8/Clip4,22,player_bottom,4.940822690221143,-0.7905069607913965
game8/Clip4,22,player_top,1.3090337683875066,22.089580130818295
game8/Clip4,23,player_bottom,4.989955965887915,-0.6380273850348713
game8/Clip4,23,player_top,1.351207483787034,22.26636249085522
game8/Clip4,24,player_bottom,5.030001740886826,-0.5667420153503362
game8/Clip4,24,player_top,1.4035276391226923,22.32610162307471
game8/Clip4,25,player_bottom,5.045822193106509,-0.5857573833122285
game8/Clip4,25,player_top,1.477837300907482,22.320475585319596
game8/Clip4,26,player_bottom,5.04406852217754,-0.5966724322942758
game8/Clip4,26,player_top,1.5192548070853518,22.28935470243852
game8/Clip4,27,player_bottom,5.015729374856106,-0.6789702114998407
game8/Clip4,27,player_top,0.007354111264982289,29.839984714617458
game8/Clip4,28,player_bottom,4.959058651366066,-0.7081686878041865
game8/Clip4,28,player_top,1.638755289678389,22.21238200919592
game8/Clip4,29,player_bottom,4.91271780119754,-0.7152516202990425
game8/Clip4,29,player_top,1.6903716558034556,22.184551046971077
game8/Clip4,30,player_bottom,4.828931421384786,-0.7217824685344818
game8/Clip4,30,player_top,1.707868110773312,22.170191691009904
game8/Clip4,31,player_bottom,4.762026159041891,-0.716529079088719
game8/Clip4,31,player_top,1.7219342991026927,22.192791934233274
game8/Clip4,32,player_bottom,4.725369173395766,-0.7191202924276523
game8/Clip4,32,player_top,1.7694712705972362,22.197351101836478
game8/Clip4,33,player_bottom,4.70790757952815,-0.7168276968377633
game8/Clip4,33,player_top,1.8277253862542109,22.20550972899919
game8/Clip4,34,player_bottom,4.696636227591935,-0.6930375632974832
game8/Clip4,34,player_top,1.8744207785033782,22.218388578781834
game8/Clip4,35,player_bottom,4.69912880358556,-0.6903536456323142
game8/Clip4,35,player_top,1.889852845416344,22.234595698486032
game8/Clip4,36,player_bottom,4.715180976974718,-0.7664728959788344
game8/Clip4,36,player_top,1.8745194387607302,22.235441700251425
game8/Clip4,37,player_bottom,4.713340933489994,-0.8244198686899293
game8/Clip4,37,player_top,0.007354111264982289,29.839984714617458
game8/Clip4,38,player_bottom,4.714409049252327,-0.9654017268257253
game8/Clip4,38,player_top,0.007354111264982289,29.839984714617458
game8/Clip4,39,player_bottom,4.692273073700129,-1.1022563568664505
game8/Clip4,39,player_top,0.007354111264982289,29.839984714617458
game8/Clip4,40,player_bottom,4.654335337123889,-1.2141753650565414
game8/Clip4,40,player_top,2.2141865015272866,21.93342377243208
game8/Clip4,41,player_bottom,4.648792605137911,-1.352225374365954
game8/Clip4,41,player_top,2.271139918459469,21.88669060129615
game8/Clip4,42,player_bottom,4.661779602503662,-1.4450367248268159
game8/Clip4,42,player_top,2.3004983792106786,21.867408039896848
game8/Clip4,43,player_bottom,4.674928732356498,-1.4936148898338166
game8/Clip4,43,player_top,2.2954015441523326,21.877465708169723
game8/Clip4,44,player_bottom,4.676879763408771,-1.5479563638359475
game8/Clip4,44,player_top,2.250252668626891,21.86721446981797
game8/Clip4,45,player_bottom,4.6752611837196065,-1.5746828775052015
game8/Clip4,45,player_top,2.198292622404982,21.871010989135232
game8/Clip4,46,player_bottom,4.670484818831959,-1.5896058859434419
game8/Clip4,46,player_top,2.1801561909435705,21.914867332714604
game8/Clip4,47,player_bottom,4.66923709243273,-1.6026580945438322
game8/Clip4,47,player_top,2.250374380395752,22.220025176874497
game8/Clip4,48,player_bottom,4.676765706654426,-1.6418354975001075
game8/Clip4,48,player_top,2.3116193566523893,22.385176714464013
game8/Clip4,49,player_bottom,4.698573139282943,-1.7621407554635602
game8/Clip4,49,player_top,2.3520708913940402,22.443238359917032
game8/Clip4,50,player_bottom,4.735383520205974,-1.8899859566102168
game8/Clip4,50,player_top,2.392302374162163,22.323441305351636
game8/Clip4,51,player_bottom,4.7603557220121475,-1.982626525760975
game8/Clip4,51,player_top,2.4366084884047594,22.031635248620283
game8/Clip4,52,player_bottom,4.768868059966831,-2.0739117015599544
game8/Clip4,52,player_top,0.007354111264982289,29.839984714617458
game8/Clip4,53,player_bottom,4.7794218571002585,-2.145221625578936
game8/Clip4,53,player_top,2.483318848386845,21.879659540657883
game8/Clip4,54,player_bottom,4.798407644319647,-2.196090105338602
game8/Clip4,54,player_top,2.479814157380521,21.85727277907445
game8/Clip4,55,player_bottom,4.792128909296858,-2.23711289183717
game8/Clip4,55,player_top,2.4821205242823483,21.868503350713468
game8/Clip4,56,player_bottom,-3.1981475173611695,9.587745473884059
game8/Clip4,56,player_top,2.500346981725151,21.88154693789701
game8/Clip4,57,player_bottom,4.578114724023944,-2.4394154324498944
game8/Clip4,57,player_top,2.5665566024620197,21.9500293644425
game8/Clip4,58,player_bottom,4.430998760705967,-2.479180529464478
game8/Clip4,58,player_top,2.6399371849594395,22.104122548529634
game8/Clip4,59,player_bottom,4.328795699275257,-2.477466334319989
game8/Clip4,59,player_top,2.7848482004697823,22.16028076039741
game8/Clip4,60,player_bottom,4.257085025794942,-2.4822521897425824
game8/Clip4,60,player_top,2.9152245010438507,22.226464737081823
game8/Clip4,61,player_bottom,4.199260817594976,-2.3503308214532876
game8/Clip4,61,player_top,3.0460735710373896,22.158711921548104
game8/Clip4,62,player_bottom,4.079733027992303,-2.315071614752338
game8/Clip4,62,player_top,0.007354111264982289,29.839984714617458
game8/Clip4,63,player_bottom,-3.1981475173611695,9.587745473884059
game8/Clip4,63,player_top,3.229736385878325,21.79459682933485
game8/Clip4,64,player_bottom,3.7268647622340962,-2.5366342576751455
game8/Clip4,64,player_top,3.3226317307008384,21.78533166620376
game8/Clip4,65,player_bottom,3.6327245806297928,-2.598872121686979
game8/Clip4,65,player_top,3.4530334753984246,21.815838132306286
game8/Clip4,66,player_bottom,3.549782965721353,-2.6557439407859276
game8/Clip4,66,player_top,3.5534747040281793,21.807194373734585
game8/Clip4,67,player_bottom,3.418618464338534,-2.7780643021559213
game8/Clip4,67,player_top,3.619569020125636,21.820638165556584
game8/Clip4,68,player_bottom,3.2655710049355973,-2.7851769144913594
game8/Clip4,68,player_top,3.716200629798487,21.855340768910636
game8/Clip4,69,player_bottom,3.133125481699152,-2.8093820125053712
game8/Clip4,69,player_top,3.8070530976474237,21.84375752563601
game8/Clip4,70,player_bottom,3.006414375680439,-3.041239786593677
game8/Clip4,70,player_top,3.880865628672353,21.697717438825478
game8/Clip4,71,player_bottom,2.885906101504976,-3.1424508573473737
game8/Clip4,71,player_top,3.954557817302697,21.660247859080215
game8/Clip4,72,player_bottom,2.796616714293043,-3.1875095009692127
game8/Clip4,72,player_top,4.0636956343322534,21.5826250728355
game8/Clip4,73,player_bottom,2.693882920917039,-3.1988582259707696
game8/Clip4,73,player_top,4.17923284417586,21.63717525178625
game8/Clip4,74,player_bottom,2.5792965312706735,-3.19824072291122
game8/Clip4,74,player_top,4.229525974219731,21.63223992549874
game8/Clip4,75,player_bottom,2.4765447228211017,-3.19494590224461
game8/Clip4,75,player_top,4.260797695185448,21.62123312750247
game8/Clip4,76,player_bottom,2.356193745207787,-3.164678893843536
game8/Clip4,76,player_top,4.285799373135284,21.638864085201597
game8/Clip4,77,player_bottom,2.278878686274291,-3.1564057415923026
game8/Clip4,77,player_top,4.3319843182533315,21.68487347529505
game8/Clip4,78,player_bottom,2.22861271103583,-3.3108370560323266
game8/Clip4,78,player_top,4.386004787043318,21.74560623398182
game8/Clip4,79,player_bottom,2.1632755061399895,-3.4408411420952656
game8/Clip4,79,player_top,4.448537665196998,21.82053318260986
game8/Clip4,80,player_bottom,2.060295565053981,-3.571250431733961
game8/Clip4,80,player_top,4.539147996480292,21.854214581517258
game8/Clip4,81,player_bottom,1.9616934397716157,-3.68194896154669
game8/Clip4,81,player_top,4.5963431814992495,21.888675767601345
game8/Clip4,82,player_bottom,1.9709681706360016,-3.7736433452355422
game8/Clip4,82,player_top,4.621121343324576,21.868308100926818
game8/Clip4,83,player_bottom,1.9768654452863488,-3.8038537597185975
game8/Clip4,83,player_top,4.63247074287189,21.863494606746055
game8/Clip4,84,player_bottom,1.9759768676047873,-3.8128015012144463
game8/Clip4,84,player_top,4.673560262564766,21.90470082210117
game8/Clip4,85,player_bottom,1.9728302554451844,-3.794056346957521
game8/Clip4,85,player_top,4.742699205770482,21.934678580305388
game8/Clip4,86,player_bottom,1.968934606782535,-3.762528125323598
game8/Clip4,86,player_top,4.84460279426717,21.926235585850687
game8/Clip4,87,player_bottom,1.9613450495889704,-3.709042630796841
game8/Clip4,87,player_top,4.9913924680064925,21.869618739800867
game8/Clip4,88,player_bottom,1.9441044165748376,-3.693584302425941
game8/Clip4,88,player_top,5.10596828537761,21.816067114461564
game8/Clip4,89,player_bottom,1.9249301274533217,-3.6890254430773184
game8/Clip4,89,player_top,5.194103554963599,21.889319119807503
game8/Clip4,90,player_bottom,1.8735403858783624,-3.70574059356405
game8/Clip4,90,player_top,5.2824798126938965,21.962771418009165
game8/Clip4,91,player_bottom,1.906065508203438,-3.7615836464847896
game8/Clip4,91,player_top,5.371098048321958,22.036424831681888
game8/Clip4,92,player_bottom,1.910814490818262,-3.785133190377329
game8/Clip4,92,player_top,5.459959257028646,22.110280187951926
game8/Clip4,93,player_bottom,1.9276258949097256,-3.7850491334571803
game8/Clip4,93,player_top,5.549064439459484,22.184338318487367
game8/Clip4,94,player_bottom,1.968378456101983,-3.764389530118919
game8/Clip4,94,player_top,5.638414601762207,22.25860005952934
game8/Clip4,95,player_bottom,1.994044594615195,-3.7089844474018547
game8/Clip4,95,player_top,5.728010755624634,22.333066251923558
game8/Clip4,96,player_bottom,2.035752233151048,-3.6333876023742304
game8/Clip4,96,player_top,5.817853918312859,22.407737741151976
game8/Clip4,97,player_bottom,2.112310935645728,-3.5411790769865594
game8/Clip4,97,player_top,5.907945112709753,22.482615377364848
game8/Clip4,98,player_bottom,2.221297198018826,-3.473088249434295
game8/Clip4,98,player_top,5.998285367353762,22.557700015412962
game8/Clip4,99,player_bottom,2.33339137539334,-3.441221274552776
game8/Clip4,99,player_top,6.0888757164780865,22.63299251488017
game8/Clip4,100,player_bottom,2.433990163973814,-3.407643163169064
game8/Clip4,100,player_top,6.1797172000501055,22.708493740116207
game8/Clip4,101,player_bottom,2.5069345238220024,-3.3709628674923304
game8/Clip4,101,player_top,6.270810863811207,22.78420456026976
game8/Clip4,102,player_bottom,2.607287776699857,-3.366607491305569
game8/Clip4,102,player_top,6.396968193863589,22.833677920987256
game8/Clip4,103,player_bottom,2.7212197902062547,-3.3212458199822117
game8/Clip4,103,player_top,6.506102333843856,23.2278167210631
game8/Clip4,104,player_bottom,2.8572830113647703,-3.346796569776324
game8/Clip4,104,player_top,6.5724583093218,23.35735983684187
game8/Clip4,105,player_bottom,2.9695847648194604,-3.390709654796122
game8/Clip4,105,player_top,-0.07309780413584976,29.935119819869065
game8/Clip4,106,player_bottom,3.0270647679414253,-3.4414794318049227
game8/Clip4,106,player_top,-0.07309780413584976,29.935119819869065
game8/Clip4,107,player_bottom,3.0561191695335834,-3.5045248567593887
game8/Clip4,107,player_top,6.832139610725698,23.496921317387034
game8/Clip4,108,player_bottom,3.080396999502966,-3.574194156152979
game8/Clip4,108,player_top,6.901601002296566,23.260630184707814
game8/Clip4,109,player_bottom,3.110316511404368,-3.600492542085354
game8/Clip4,109,player_top,6.941904254688923,23.124688372588412
game8/Clip4,110,player_bottom,3.1466098543477385,-3.594610618757829
game8/Clip4,110,player_top,-0.07309780413584976,29.935119819869065
game8/Clip4,111,player_bottom,3.1935035183954628,-3.5738890761024544
game8/Clip4,111,player_top,-0.07309780413584976,29.935119819869065
game8/Clip4,112,player_bottom,3.2460950662807138,-3.6190903114962127
game8/Clip4,112,player_top,-0.07309780413584976,29.935119819869065
game8/Clip4,113,player_bottom,3.303311787682138,-3.701733821746718
game8/Clip4,113,player_top,-0.07309780413584976,29.935119819869065
game8/Clip4,114,player_bottom,3.345604553198636,-3.782597242482543
game8/Clip4,114,player_top,7.326325969131091,23.233352665812877
game8/Clip4,115,player_bottom,3.379291718881507,-3.8362232101170495
game8/Clip4,115,player_top,-0.07309780413584976,29.935119819869065
game8/Clip4,116,player_bottom,3.3917483263154886,-3.8717022873412956
game8/Clip4,116,player_top,-0.07309780413584976,29.935119819869065
game8/Clip4,117,player_bottom,3.396587841171581,-3.913682512368584
game8/Clip4,117,player_top,-0.07309780413584976,29.935119819869065
game8/Clip4,118,player_bottom,3.3931758938116494,-3.933123059745508
game8/Clip4,118,player_top,-0.07309780413584976,29.935119819869065
game8/Clip4,119,player_bottom,3.38754850449111,-3.9253728043654013
game8/Clip4,119,player_top,-0.07309780413584976,29.935119819869065
game8/Clip4,120,player_bottom,3.3890213282803874,-3.9226382127083346
game8/Clip4,120,player_top,-0.07309780413584976,29.935119819869065
game8/Clip4,121,player_bottom,3.3712252542698606,-3.9102590653460627
game8/Clip4,121,player_top,-0.07309780413584976,29.935119819869065
game8/Clip4,122,player_bottom,3.334452777902753,-3.9281865062013948
game8/Clip4,122,player_top,-0.07309780413584976,29.935119819869065
game8/Clip4,123,player_bottom,3.2941799470166666,-3.9518113747758288
game8/Clip4,123,player_top,-0.07309780413584976,29.935119819869065
game8/Clip4,124,player_bottom,3.238389523927446,-3.9867964782573817
game8/Clip4,124,player_top,-0.07309780413584976,29.935119819869065
game8/Clip4,125,player_bottom,3.1852141043484825,-4.0829857353968455
game8/Clip4,125,player_top,8.035073959003865,22.99302307611671
game8/Clip4,126,player_bottom,3.149994056020706,-4.175379407722242
game8/Clip4,126,player_top,8.064278578497731,23.010213224401326
game8/Clip4,127,player_bottom,3.154344793548932,-4.181493612172954
game8/Clip4,127,player_top,8.067417571841117,23.01642663765172
game8/Clip4,128,player_bottom,3.158693874621117,-4.187605488762971
game8/Clip4,128,player_top,8.070060721478,22.99595773226285
game8/Clip4,129,player_bottom,3.1630413001830746,-4.193715038821463
game8/Clip4,129,player_top,8.068107575681399,23.003538504818042
game8/Clip4,130,player_bottom,3.139268198204339,-4.1338336800213815
game8/Clip4,130,player_top,8.066593412488473,23.052711588104152
game8/Clip4,131,player_bottom,3.0419653821591437,-4.129509757027954
game8/Clip4,131,player_top,8.07218163215428,23.14924259320533
game8/Clip4,132,player_bottom,2.927682049115542,-4.1309227610714245
game8/Clip4,132,player_top,8.066729143255376,23.226671317258766
game8/Clip5,0,player_bottom,2.837672422395099,-2.449622266701515
game8/Clip5,0,player_top,7.889106955601485,22.764888576056
game8/Clip5,1,player_bottom,2.788879027218209,-1.772638504085027
game8/Clip5,1,player_top,7.817039512830127,22.567495358539986
game8/Clip5,2,player_bottom,2.764609083218072,-1.515733510409385
game8/Clip5,2,player_top,7.792861010843122,22.509058424851258
game8/Clip5,3,player_bottom,2.766674358000496,-1.4337935378935813
game8/Clip5,3,player_top,7.780625510046895,22.477532301169884
game8/Clip5,4,player_bottom,2.779631669656591,-1.4200695226767028
game8/Clip5,4,player_top,7.773761442549496,22.46953260459459
game8/Clip5,5,player_bottom,2.7961578040254,-1.4128731715054623
game8/Clip5,5,player_top,7.776493159472899,22.46598442444564
game8/Clip5,6,player_bottom,2.8314773170117924,-1.4286903312120736
game8/Clip5,6,player_top,7.781502436835615,22.462281990155528
game8/Clip5,7,player_bottom,2.8740029968895366,-1.4117638958476655
game8/Clip5,7,player_top,7.7874252042484615,22.47193015173772
game8/Clip5,8,player_bottom,2.8687715031682774,-1.372731661783911
game8/Clip5,8,player_top,7.7841480044959885,22.472309078972057
game8/Clip5,9,player_bottom,2.882093302178979,-1.350181217449738
game8/Clip5,9,player_top,7.777998256865733,22.47129199048948
game8/Clip5,10,player_bottom,2.892617544748396,-1.3316176472374115
game8/Clip5,10,player_top,7.776867972298289,22.47656298350065
game8/Clip5,11,player_bottom,2.9031314076247465,-1.3113874823240212
game8/Clip5,11,player_top,7.776435550951575,22.47374090815464
game8/Clip5,12,player_bottom,2.916793122209255,-1.2613807729136741
game8/Clip5,12,player_top,7.7753912674516,22.46272152313644
game8/Clip5,13,player_bottom,2.9285497730720667,-1.248705229504402
game8/Clip5,13,player_top,7.773111875027529,22.45225834303322
game8/Clip5,14,player_bottom,2.93793971846155,-1.2507969440590465
game8/Clip5,14,player_top,7.769645950888875,22.422839674124976
game8/Clip5,15,player_bottom,2.982398164547096,-1.2482249431416654
game8/Clip5,15,player_top,7.769969189765778,22.41044856237001
game8/Clip5,16,player_bottom,2.986292282067151,-1.255202206149267
game8/Clip5,16,player_top,7.769617159919518,22.40827365009615
game8/Clip5,17,player_bottom,2.982212649867126,-1.271935771603956
game8/Clip5,17,player_top,7.7659139706363804,22.402880955155453
game8/Clip5,18,player_bottom,2.9810797709263146,-1.281315823745151
game8/Clip5,18,player_top,7.768204383524323,22.391360571196387
game8/Clip5,19,player_bottom,2.972622183180213,-1.2815299779638425
game8/Clip5,19,player_top,7.7688253069982744,22.40630176596476
game8/Clip5,20,player_bottom,2.948199178403999,-1.1173241900753321
game8/Clip5,20,player_top,7.7680046552693485,22.403127954589692
game8/Clip5,21,player_bottom,2.9620251909793494,-0.9786862113928677
game8/Clip5,21,player_top,7.769563272356161,22.373182438754444
game8/Clip5,22,player_bottom,2.9869356615996363,-0.7573233362501095
game8/Clip5,22,player_top,7.774574867757497,22.352468037995052
game8/Clip5,23,player_bottom,3.033242882227177,-0.587310527642812
game8/Clip5,23,player_top,7.769370747180189,22.34364527075479
game8/Clip5,24,player_bottom,3.1208772415298114,-0.45547448875988195
game8/Clip5,24,player_top,7.775216029654414,22.303982282655667
game8/Clip5,25,player_bottom,3.1689850084634257,-0.33922911711164977
game8/Clip5,25,player_top,7.770281674066573,22.28841611982943
game8/Clip5,26,player_bottom,3.199435822576315,-0.3053358803547362
game8/Clip5,26,player_top,7.758552618913596,22.30229515494278
game8/Clip5,27,player_bottom,3.198692331865851,-0.399518696947969
game8/Clip5,27,player_top,7.728828825964446,22.215502913889207
game8/Clip5,28,player_bottom,3.166475777740357,-0.4635110795591003
game8/Clip5,28,player_top,7.690337644993787,22.13559245036201
game8/Clip5,29,player_bottom,3.094160930197214,-0.4820857477566887
game8/Clip5,29,player_top,7.663770167812592,22.059877259984475
game8/Clip5,30,player_bottom,3.0033841767668585,-0.4882989398649569
game8/Clip5,30,player_top,7.645497348760633,21.983870213596187
game8/Clip5,31,player_bottom,2.955884542152887,-0.4915953212395149
game8/Clip5,31,player_top,7.640404859180393,21.994773749613987
game8/Clip5,32,player_bottom,2.91701932325498,-0.49128606136202385
game8/Clip5,32,player_top,7.63777146867233,21.93494117032022
game8/Clip5,33,player_bottom,2.8887686089520033,-0.4891917155325541
game8/Clip5,33,player_top,7.650082427681435,21.90450018511899
game8/Clip5,34,player_bottom,2.869468551134903,-0.48547069099339657
game8/Clip5,34,player_top,7.683209747726181,21.89457614619025
game8/Clip5,35,player_bottom,2.847220316117155,-0.49814056094582276
game8/Clip5,35,player_top,7.728632828278426,21.813134928361027
game8/Clip5,36,player_bottom,2.8316295284777757,-0.503716176444441
game8/Clip5,36,player_top,7.751099490990051,21.74052651870369
game8/Clip5,37,player_bottom,2.839549126497994,-0.762288112565994
game8/Clip5,37,player_top,7.768312066689878,21.70508073152469
game8/Clip5,38,player_bottom,2.815147642749114,-0.8946473195271942
game8/Clip5,38,player_top,7.772895633441525,21.673546951813933
game8/Clip5,39,player_bottom,2.799371405841323,-1.0472367943089023
game8/Clip5,39,player_top,7.776896153896289,21.643033934904615
game8/Clip5,40,player_bottom,2.7980768837405887,-1.150337293619243
game8/Clip5,40,player_top,7.773976040262876,21.630746216781702
game8/Clip5,41,player_bottom,2.7977761385539,-1.2333939800434186
game8/Clip5,41,player_top,7.765855602743246,21.623329798143732
game8/Clip5,42,player_bottom,2.7891198046802708,-1.2976466566792915
game8/Clip5,42,player_top,7.769435227410605,21.626745755666395
game8/Clip5,43,player_bottom,2.7750185125608087,-1.3344702480969461
game8/Clip5,43,player_top,7.794605794681652,21.686308763708563
game8/Clip5,44,player_bottom,2.768096360403815,-1.3630665293063597
game8/Clip5,44,player_top,7.804765459845047,21.688270031574802
game8/Clip5,45,player_bottom,2.7584416924654493,-1.4003222934831672
game8/Clip5,45,player_top,7.825018062894988,21.718166033922387
game8/Clip5,46,player_bottom,2.7409356881057807,-1.4197016671377332
game8/Clip5,46,player_top,7.85611641077672,21.778717189883892
game8/Clip5,47,player_bottom,2.7110398284702506,-1.4360543580653748
game8/Clip5,47,player_top,7.910895297495889,21.929596196572508
game8/Clip5,48,player_bottom,2.673260709481179,-1.4848921735885192
game8/Clip5,48,player_top,7.937073667725141,22.085354713303044
game8/Clip5,49,player_bottom,2.6441481393277635,-1.5924235420161519
game8/Clip5,49,player_top,7.975386174628404,22.30694029939547
game8/Clip5,50,player_bottom,2.5950490722952217,-1.706400452827293
game8/Clip5,50,player_top,7.9939461519646,22.2504069634691
game8/Clip5,51,player_bottom,2.552512011618321,-1.9050079990082576
game8/Clip5,51,player_top,8.00459351276426,21.990172717403816
game8/Clip5,52,player_bottom,2.523112104533127,-2.0535927564216565
game8/Clip5,52,player_top,8.02617666359161,21.829951998899073
game8/Clip5,53,player_bottom,2.5015283257978096,-2.1307132433889517
game8/Clip5,53,player_top,8.04699612168604,21.640631005688
game8/Clip5,54,player_bottom,2.513059739156396,-2.1683266987512892
game8/Clip5,54,player_top,8.064005650765663,21.56735266266323
game8/Clip5,55,player_bottom,2.536587266669964,-2.1726357181489946
game8/Clip5,55,player_top,8.082250190315005,21.492591279966515
game8/Clip5,56,player_bottom,2.5183589825117996,-2.2038610948688144
game8/Clip5,56,player_top,8.091696982033675,21.457329400504477
game8/Clip5,57,player_bottom,2.4355017333675244,-2.2388969367225364
game8/Clip5,57,player_top,8.092282046871887,21.444268110340914
game8/Clip5,58,player_bottom,2.248907819399873,-2.263983824836948
game8/Clip5,58,player_top,8.095403133367784,21.447106180225646
game8/Clip5,59,player_bottom,2.1344145385744446,-2.2687338742683596
game8/Clip5,59,player_top,8.084438702383245,21.488414783114727
game8/Clip5,60,player_bottom,2.045059062757989,-2.2398089404376873
game8/Clip5,60,player_top,8.05950029760882,21.46986001389957
game8/Clip5,61,player_bottom,1.9440991411770427,-2.1732912480866102
game8/Clip5,61,player_top,8.003852874295408,21.48951101957809
game8/Clip5,62,player_bottom,1.8380000575135618,-1.9857346767359263
game8/Clip5,62,player_top,7.902663700089751,21.4465579670186
game8/Clip5,63,player_bottom,1.6806031611249785,-1.9353529568049164
game8/Clip5,63,player_top,7.784042452328697,21.422756650253945
game8/Clip5,64,player_bottom,1.5521212051968936,-2.026570224714935
game8/Clip5,64,player_top,7.685381415400499,21.39402058605222
game8/Clip5,65,player_bottom,1.4320539092225333,-2.060833966117286
game8/Clip5,65,player_top,7.598717499657182,21.42003861532977
game8/Clip5,66,player_bottom,1.2386292960183827,-2.068553164053614
game8/Clip5,66,player_top,7.5280482915707685,21.27389948883104
game8/Clip5,67,player_bottom,1.1292933415357975,-2.061663838555549
game8/Clip5,67,player_top,7.467018126008513,21.23325727239704
game8/Clip5,68,player_bottom,1.0376886931714984,-2.0681905172627393
game8/Clip5,68,player_top,7.366889359179791,21.175933312948295
game8/Clip5,69,player_bottom,0.9669364813297371,-2.149408567037772
game8/Clip5,69,player_top,7.297545562321035,21.144220685570634
game8/Clip5,70,player_bottom,0.8937327600319712,-2.23208413712132
game8/Clip5,70,player_top,7.208916293265952,21.031457676240027
game8/Clip5,71,player_bottom,0.8244669958354919,-2.2690574579994114
game8/Clip5,71,player_top,7.135221738965635,20.950152423746125
game8/Clip5,72,player_bottom,0.7460929280712917,-2.310519506555843
game8/Clip5,72,player_top,7.059213614234578,20.773096656836522
game8/Clip5,73,player_bottom,0.6768063180517798,-2.3297379689343973
game8/Clip5,73,player_top,6.9772570113213925,20.624772861129916
game8/Clip5,74,player_bottom,0.6175781432402188,-2.358226710868495
game8/Clip5,74,player_top,6.9114514444277475,20.537672240736764
game8/Clip5,75,player_bottom,0.5740409097493762,-2.3663590868292443
game8/Clip5,75,player_top,6.829807708708785,20.473476474604155
game8/Clip5,76,player_bottom,0.5380924223239292,-2.37265325353813
game8/Clip5,76,player_top,6.746743736692774,20.43632678828553
game8/Clip5,77,player_bottom,0.4955287445218129,-2.377009759993489
game8/Clip5,77,player_top,6.665594192703394,20.451490845602535
game8/Clip5,78,player_bottom,0.43456571503098257,-2.382458191163942
game8/Clip5,78,player_top,6.538525373732121,20.4403234545961
game8/Clip5,79,player_bottom,0.389949598164536,-2.3850972037075246
game8/Clip5,79,player_top,6.495327278734947,20.447317749893628
game8/Clip5,80,player_bottom,0.3191505416226194,-2.3773037270461486
game8/Clip5,80,player_top,6.444303485438086,20.447272419778805
game8/Clip5,81,player_bottom,0.29019811539062124,-2.3661952935793282
game8/Clip5,81,player_top,6.38324347084124,20.5125694685922
game8/Clip5,82,player_bottom,0.24376801951200155,-2.358795423852828
game8/Clip5,82,player_top,6.304223567352934,20.41479397444304
game8/Clip5,83,player_bottom,0.20688584411093616,-2.3871953950096114
game8/Clip5,83,player_top,6.231476633811835,20.353357302492682
game8/Clip5,84,player_bottom,0.179754368503336,-2.4113179426742866
game8/Clip5,84,player_top,6.190710300456297,20.282987211009498
game8/Clip5,85,player_bottom,0.1702801077039657,-2.4418918201705138
game8/Clip5,85,player_top,6.155600925669499,20.25080126999237
game8/Clip5,86,player_bottom,0.1636701671858189,-2.473147712304346
game8/Clip5,86,player_top,6.118366899438282,20.239761721369103
game8/Clip6,0,player_bottom,2.926812763408316,-0.8911215484035321
game8/Clip6,0,player_top,7.831796968477351,23.62137525748053
game8/Clip6,1,player_bottom,2.926812763408316,-0.8911215484035321
game8/Clip6,1,player_top,7.831796968477351,23.62137525748053
game8/Clip6,2,player_bottom,2.939546394031456,-0.895021320636448
game8/Clip6,2,player_top,7.826712842522132,23.622659234304116
game8/Clip6,3,player_bottom,2.9572604580198654,-0.6877825654491225
game8/Clip6,3,player_top,7.824968424058424,23.622815922814187
game8/Clip6,4,player_bottom,3.001555704464443,-0.5435023789948266
game8/Clip6,4,player_top,7.8234070506968,23.630608623523074
game8/Clip6,5,player_bottom,3.071998196231318,-0.4374201356144238
game8/Clip6,5,player_top,7.822248946971077,23.64804735027679
game8/Clip6,6,player_bottom,3.1242606648272617,-0.35646216107660667
game8/Clip6,6,player_top,7.812134938144057,23.648011487760233
game8/Clip6,7,player_bottom,3.174717008823185,-0.29285121914797324
game8/Clip6,7,player_top,7.805018541032365,23.6612042415763
game8/Clip6,8,player_bottom,3.206058048324999,-0.2650476494949835
game8/Clip6,8,player_top,7.795897418556001,23.672766942125374
game8/Clip6,9,player_bottom,3.2135507740208187,-0.24902511274574968
game8/Clip6,9,player_top,7.770905344981687,23.709411520319726
game8/Clip6,10,player_bottom,3.2091527146371917,-0.2152674403784362
game8/Clip6,10,player_top,7.725323316956421,23.64156118028684
game8/Clip6,11,player_bottom,3.198717173542388,-0.2586948497847894
game8/Clip6,11,player_top,7.70332290495072,23.625862329910582
game8/Clip6,12,player_bottom,3.1734882795372137,-0.25725129844510214
game8/Clip6,12,player_top,7.680398950951127,23.649309952256914
game8/Clip6,13,player_bottom,3.1500014570756054,-0.26248054900811285
game8/Clip6,13,player_top,7.651044064197056,23.62691846474046
game8/Clip6,14,player_bottom,3.133812700756468,-0.25790922117444093
game8/Clip6,14,player_top,7.637718071310595,23.583721861790643
game8/Clip6,15,player_bottom,3.1273562883501618,-0.26103542738262747
game8/Clip6,15,player_top,7.634105393567236,23.51083291510158
game8/Clip6,16,player_bottom,3.114237657746456,-0.25313433443096384
game8/Clip6,16,player_top,7.646958557389854,23.514267504870205
game8/Clip6,17,player_bottom,3.1119998672914457,-0.2448889817213808
game8/Clip6,17,player_top,7.689921524707888,23.531504696909177
game8/Clip6,18,player_bottom,3.128538317748971,-0.20886067913493037
game8/Clip6,18,player_top,7.788961149452572,23.580173721535104
game8/Clip6,19,player_bottom,3.154572347336988,-0.20327623859675237
game8/Clip6,19,player_top,7.9015204761233155,23.580047804878248
game8/Clip6,20,player_bottom,3.178424551306664,-0.27471633685346625
game8/Clip6,20,player_top,7.982159836871278,23.364721826773806
game8/Clip6,21,player_bottom,3.163200509424163,-0.5034586181401123
game8/Clip6,21,player_top,8.084295897835934,23.288890912839715
game8/Clip6,22,player_bottom,3.16081196386955,-0.6603176646268833
game8/Clip6,22,player_top,8.138641512253265,23.35161801534795
game8/Clip6,23,player_bottom,3.1717195826853506,-0.849930748783982
game8/Clip6,23,player_top,8.210899499632172,23.397208075294305
game8/Clip6,24,player_bottom,3.181919826796997,-1.0023420735038233
game8/Clip6,24,player_top,8.294182289371712,23.385751193877674
game8/Clip6,25,player_bottom,3.1794417214518376,-1.0966991221486173
game8/Clip6,25,player_top,8.321066304646719,23.40048126862519
game8/Clip6,26,player_bottom,3.178217053589522,-1.1556396825329855
game8/Clip6,26,player_top,8.345266096356859,23.384898203957153
game8/Clip6,27,player_bottom,3.1696807768459165,-1.19753373499858
game8/Clip6,27,player_top,8.391971937306517,23.37252879435259
game8/Clip6,28,player_bottom,3.1604190574887805,-1.2298233790362045
game8/Clip6,28,player_top,8.47592581696732,23.33273067371679
game8/Clip6,29,player_bottom,3.1472909480348124,-1.24812450360968
game8/Clip6,29,player_top,8.552907871840821,23.313682366422306
game8/Clip6,30,player_bottom,3.138287103570293,-1.2522366021945845
game8/Clip6,30,player_top,8.691661339310565,23.41046017906068
game8/Clip6,31,player_bottom,3.133347349491873,-1.2478461249941446
game8/Clip6,31,player_top,8.759041338693825,23.496369694797874
game8/Clip6,32,player_bottom,3.0915574732891242,-1.2840224791073613
game8/Clip6,32,player_top,8.809471156410584,23.474614433834514
game8/Clip6,33,player_bottom,3.0334907754959266,-1.3742308109555126
game8/Clip6,33,player_top,8.928773657446987,23.58039426015288
game8/Clip6,34,player_bottom,2.959559515195202,-1.5323804143945048
game8/Clip6,34,player_top,-3.257134162980276,10.093974919392979
game8/Clip6,35,player_bottom,2.8967916218184766,-1.6934120839056788
game8/Clip6,35,player_top,-3.257134162980276,10.093974919392979
game8/Clip6,36,player_bottom,2.8631967683095283,-1.817537579944588
game8/Clip6,36,player_top,9.132560925618547,23.424713913948793
game8/Clip6,37,player_bottom,2.8536323084489976,-1.852986720363968
game8/Clip6,37,player_top,9.220231245064648,23.390037263837588
game8/Clip6,38,player_bottom,2.8820861819690324,-1.8805954326141
game8/Clip6,38,player_top,9.280141372657887,23.36080373309848
game8/Clip6,39,player_bottom,2.880295175206368,-1.8830382359879265
game8/Clip6,39,player_top,9.318123787494706,23.28422257669828
game8/Clip6,40,player_bottom,2.8176230144289582,-1.9003974246907958
game8/Clip6,40,player_top,9.336030323517406,23.285988264992397
game8/Clip6,41,player_bottom,2.6845201386004387,-1.935186192314563
game8/Clip6,41,player_top,9.328539291761583,23.40203508361165
game8/Clip6,42,player_bottom,2.5131988987421594,-1.9353592022842772
game8/Clip6,42,player_top,9.280426860877974,23.519673409723406
game8/Clip6,43,player_bottom,2.4093908442182737,-1.9286255007007707
game8/Clip6,43,player_top,9.240776875508898,23.558418040377205
game8/Clip6,44,player_bottom,2.3170782582249023,-1.8851917129083349
game8/Clip6,44,player_top,9.20312514742864,23.58113238068524
game8/Clip6,45,player_bottom,2.1821302338851765,-1.693991274258334
game8/Clip6,45,player_top,9.152482000476265,23.542816908940413
game8/Clip6,46,player_bottom,2.01070650103461,-1.6406045512228478
game8/Clip6,46,player_top,9.051624146032026,23.501695282098606
game8/Clip6,47,player_bottom,1.8295005542094507,-1.6610063889382003
game8/Clip6,47,player_top,8.929304907536721,23.43838650066766
game8/Clip6,48,player_bottom,1.6835408506697092,-1.676299436109635
game8/Clip6,48,player_top,8.825149877461095,23.435073800914825
game8/Clip6,49,player_bottom,1.5682138450407217,-1.6579067453193286
game8/Clip6,49,player_top,8.763684177967617,23.741988668342984
game8/Clip6,50,player_bottom,1.4532307947821625,-1.6319457047922463
game8/Clip6,50,player_top,8.645999638398752,23.824000623622062
game8/Clip6,51,player_bottom,1.3077380482781429,-1.5618609644856467
game8/Clip6,51,player_top,8.50010417349345,23.59761102479431
game8/Clip6,52,player_bottom,1.1567486007607088,-1.4892168529139083
game8/Clip6,52,player_top,8.41259311668111,23.648693375763745
game8/Clip6,53,player_bottom,0.9564168168696534,-1.7082897628812084
game8/Clip6,53,player_top,8.333235127796033,23.764275807340336
game8/Clip6,54,player_bottom,0.691977352809369,-1.8159599102074948
game8/Clip6,54,player_top,8.19960075957206,23.64664100475467
game8/Clip6,55,player_bottom,0.6286205448429683,-1.8458881567825038
game8/Clip6,55,player_top,8.067026499370678,23.534319685831576
game8/Clip6,56,player_bottom,0.42218058778066536,-1.8485244248782542
game8/Clip6,56,player_top,7.93698879134966,23.320536637780812
game8/Clip6,57,player_bottom,0.29031879534505084,-1.8343352771360122
game8/Clip6,57,player_top,7.850131605743302,23.304439819680894
game8/Clip6,58,player_bottom,0.16371253759339738,-1.7981920771220914
game8/Clip6,58,player_top,7.741299012970987,23.28271922298405
game8/Clip6,59,player_bottom,0.02273178869204507,-1.7902387108890507
game8/Clip6,59,player_top,7.642890143924942,23.27797678397137
game8/Clip6,60,player_bottom,-0.11666969892503455,-1.7784180166693868
game8/Clip6,60,player_top,7.476468777564927,23.222810008096896
game8/Clip6,61,player_bottom,-0.2435696238892278,-1.7597854394337018
game8/Clip6,61,player_top,7.350202841406566,23.095849396615076
game8/Clip6,62,player_bottom,-0.3560247335425207,-1.761078692808794
game8/Clip6,62,player_top,7.2396168594958406,23.02744607951009
game8/Clip6,63,player_bottom,-0.4303557863616103,-1.7571887426797328
game8/Clip6,63,player_top,7.143252834402564,23.071583329603946
game8/Clip6,64,player_bottom,-0.48417715318658233,-1.7437400949130266
game8/Clip6,64,player_top,7.047059984023893,23.073768428444772
game8/Clip6,65,player_bottom,-0.5391964584445256,-1.7354360088981806
game8/Clip6,65,player_top,6.942038319627686,23.230825121013368
game8/Clip6,66,player_bottom,-0.6055883439855989,-1.718917711804389
game8/Clip6,66,player_top,6.809314485927175,22.967375574983528
game8/Clip6,67,player_bottom,-0.6733929752351471,-1.7088129232166511
game8/Clip6,67,player_top,6.680808419667744,22.593527621161623
game8/Clip6,68,player_bottom,-0.7420779882692777,-1.7071471603727142
game8/Clip6,68,player_top,6.586730113012906,22.429907087513016
game8/Clip6,69,player_bottom,-0.7954597431940063,-1.683748624167148
game8/Clip6,69,player_top,6.503632928276359,22.38616063196496
game8/Clip6,70,player_bottom,-0.8442093847478381,-1.6668532113414376
game8/Clip6,70,player_top,6.425969210345249,22.34936371359849
game8/Clip6,71,player_bottom,-0.8989136068860655,-1.6200479248502022
game8/Clip6,71,player_top,6.349440295745186,22.374755340559368
game8/Clip6,72,player_bottom,-0.9621425862930645,-1.6531146534508934
game8/Clip6,72,player_top,6.25975968846873,22.38174233076928
game8/Clip6,73,player_bottom,-1.0400106864148921,-1.663620960469973
game8/Clip6,73,player_top,6.171758707746493,22.395512927221212
game8/Clip6,74,player_bottom,-1.122207860990386,-1.6885205110951143
game8/Clip6,74,player_top,6.088560725190743,22.397875718576223
game8/Clip6,75,player_bottom,-1.207709154861555,-1.6811106917711305
game8/Clip6,75,player_top,6.0434031703999125,22.38177858143415
game8/Clip6,76,player_bottom,-1.2876855365508153,-1.6647287378486855
game8/Clip6,76,player_top,6.007243756729679,22.356873464757083
game8/Clip6,77,player_bottom,-1.335492103749298,-1.6475641339061382
game8/Clip6,77,player_top,5.9759315901318,22.35246637772835
game8/Clip6,78,player_bottom,-1.357948876528598,-1.6583107796861685
game8/Clip6,78,player_top,5.928275712162751,22.377416007809874
game8/Clip6,79,player_bottom,-1.3689369529636295,-1.6665157223981055
game8/Clip6,79,player_top,5.872194584028577,22.366054735576043
game8/Clip6,80,player_bottom,-1.3798001085980292,-1.6822229138793965
game8/Clip6,80,player_top,5.818415761709548,22.376148765066247
game8/Clip6,81,player_bottom,-1.4084664198398105,-1.6835725252626403
game8/Clip6,81,player_top,5.753218749024602,22.403625933830106
game8/Clip6,82,player_bottom,-1.4297535328332014,-1.6829857229227867
game8/Clip6,82,player_top,5.713925099732752,22.368684447653195
game8/Clip6,83,player_bottom,-1.4597742234297426,-1.7037316718470374
game8/Clip6,83,player_top,5.679628025884468,22.409438202879375
game8/Clip6,84,player_bottom,-1.5025988843808085,-1.7131998373132484
game8/Clip6,84,player_top,5.603689422080096,22.408354735604522
game8/Clip6,85,player_bottom,-1.5025988843808085,-1.7131998373132484
game8/Clip6,85,player_top,5.53981883087819,22.46043597079028
game8/Clip6,86,player_bottom,-1.5025988843808085,-1.7131998373132484
game8/Clip6,86,player_top,5.5160694455038515,22.507834082744616
game8/Clip6,87,player_bottom,-1.5025988843808085,-1.7131998373132484
game8/Clip6,87,player_top,5.48743964421355,22.515985494717643
game8/Clip6,88,player_bottom,-1.5025988843808085,-1.7131998373132484
game8/Clip6,88,player_top,5.456188355980653,22.528835243007205
game8/Clip6,89,player_bottom,-1.5025988843808085,-1.7131998373132484
game8/Clip6,89,player_top,5.432257624821554,22.51776932481581
game8/Clip6,90,player_bottom,-1.5025988843808085,-1.7131998373132484
game8/Clip6,90,player_top,5.412211938250428,22.506440424426813
game8/Clip6,91,player_bottom,-1.5025988843808085,-1.7131998373132484
game8/Clip6,91,player_top,5.371779165427116,22.542653648746665
game8/Clip6,92,player_bottom,-1.5025988843808085,-1.7131998373132484
game8/Clip6,92,player_top,5.329991868333758,22.565210744886954
game8/Clip6,93,player_bottom,-1.5025988843808085,-1.7131998373132484
game8/Clip6,93,player_top,5.277089844978837,22.565084338577293
game8/Clip6,94,player_bottom,-1.5025988843808085,-1.7131998373132484
game8/Clip6,94,player_top,5.24645885474347,22.54681406342105
game8/Clip6,95,player_bottom,-1.5025988843808085,-1.7131998373132484
game8/Clip6,95,player_top,5.223970961860476,22.548915909684517
game8/Clip6,96,player_bottom,-1.5025988843808085,-1.7131998373132484
game8/Clip6,96,player_top,5.2052915051470405,22.54979482744303
game8/Clip6,97,player_bottom,-1.5025988843808085,-1.7131998373132484
game8/Clip6,97,player_top,5.180536575301464,22.529054541495316
game8/Clip6,98,player_bottom,-1.5025988843808085,-1.7131998373132484
game8/Clip6,98,player_top,5.152565096336613,22.599178758401152
game8/Clip6,99,player_bottom,-1.5025988843808085,-1.7131998373132484
game8/Clip6,99,player_top,5.119628197094748,22.62631982261884
game8/Clip6,100,player_bottom,-1.5025988843808085,-1.7131998373132484
game8/Clip6,100,player_top,5.0685574846152335,22.64055697450887
game8/Clip6,101,player_bottom,-1.5025988843808085,-1.7131998373132484
game8/Clip6,101,player_top,5.023927124942889,22.645905708987623
game8/Clip6,102,player_bottom,-1.5025988843808085,-1.7131998373132484
game8/Clip6,102,player_top,5.004630125270389,22.640954767781864
game8/Clip6,103,player_bottom,-1.5025988843808085,-1.7131998373132484
game8/Clip6,103,player_top,4.9825002630008415,22.69418376198164
game8/Clip6,104,player_bottom,-1.5025988843808085,-1.7131998373132484
game8/Clip6,104,player_top,4.961545777029964,22.67551478413058
game8/Clip6,105,player_bottom,-1.5025988843808085,-1.7131998373132484
game8/Clip6,105,player_top,4.941923404196364,22.76357181158832
game8/Clip6,106,player_bottom,-1.5025988843808085,-1.7131998373132484
game8/Clip6,106,player_top,4.928161470621142,22.911528086022916
game8/Clip6,107,player_bottom,-1.5025988843808085,-1.7131998373132484
game8/Clip6,107,player_top,4.9102268820317745,23.140512106272435
game8/Clip6,108,player_bottom,-1.5025988843808085,-1.7131998373132484
game8/Clip6,108,player_top,4.883733696295922,23.153341362531755
game8/Clip6,109,player_bottom,-1.5025988843808085,-1.7131998373132484
game8/Clip6,109,player_top,4.862649138890823,23.321670691500987
game8/Clip6,110,player_bottom,-1.5025988843808085,-1.7131998373132484
game8/Clip6,110,player_top,4.837244963758689,23.329699601766155
game8/Clip6,111,player_bottom,-1.5025988843808085,-1.7131998373132484
game8/Clip6,111,player_top,4.813445688369112,23.370120331001345
game8/Clip6,112,player_bottom,-1.5025988843808085,-1.7131998373132484
game8/Clip6,112,player_top,4.795076231759495,23.368162659880003
game8/Clip6,113,player_bottom,-1.5025988843808085,-1.7131998373132484
game8/Clip6,113,player_top,4.756048475358611,23.462122328105682
game8/Clip6,114,player_bottom,-1.5025988843808085,-1.7131998373132484
game8/Clip6,114,player_top,4.721386544080197,23.531913584236456
game8/Clip6,115,player_bottom,-1.5025988843808085,-1.7131998373132484
game8/Clip6,115,player_top,4.68922277908661,23.5523634159066
game8/Clip6,116,player_bottom,-1.5025988843808085,-1.7131998373132484
game8/Clip6,116,player_top,4.659722932456409,23.560831387962907
game8/Clip6,117,player_bottom,-1.5025988843808085,-1.7131998373132484
game8/Clip6,117,player_top,4.644449537146409,23.531153826381903
game8/Clip6,118,player_bottom,-1.5025988843808085,-1.7131998373132484
game8/Clip6,118,player_top,4.644050344547715,23.50676940522286
game8/Clip6,119,player_bottom,-1.5025988843808085,-1.7131998373132484
game8/Clip6,119,player_top,4.631954817907644,23.476271106765324
game8/Clip6,120,player_bottom,-1.5025988843808085,-1.7131998373132484
game8/Clip6,120,player_top,4.626367897168192,23.520431302184974
game8/Clip6,121,player_bottom,-1.5025988843808085,-1.7131998373132484
game8/Clip6,121,player_top,4.610950575904679,23.636130814795518
game8/Clip6,122,player_bottom,-1.5025988843808085,-1.7131998373132484
game8/Clip6,122,player_top,4.59808668784163,23.8084109074527
game8/Clip6,123,player_bottom,-1.5025988843808085,-1.7131998373132484
game8/Clip6,123,player_top,4.58841884839359,23.9274344513481
game8/Clip6,124,player_bottom,-1.5025988843808085,-1.7131998373132484
game8/Clip6,124,player_top,4.567430115035729,23.935739371616247
game8/Clip6,125,player_bottom,-1.5025988843808085,-1.7131998373132484
game8/Clip6,125,player_top,4.555873914662676,23.998654763173764
game8/Clip6,126,player_bottom,-1.5025988843808085,-1.7131998373132484
game8/Clip6,126,player_top,4.545577395088016,24.07266676950268
game8/Clip6,127,player_bottom,-1.5025988843808085,-1.7131998373132484
game8/Clip6,127,player_top,4.540137641640714,24.143096284755735
game8/Clip6,128,player_bottom,-1.5025988843808085,-1.7131998373132484
game8/Clip6,128,player_top,4.5384875986214634,24.177472304800276
game8/Clip6,129,player_bottom,-1.5025988843808085,-1.7131998373132484
game8/Clip6,129,player_top,4.536835646650323,24.211888094819024
game8/Clip6,130,player_bottom,-1.5025988843808085,-1.7131998373132484
game8/Clip6,130,player_top,4.5351817824126535,24.246343723867366
game8/Clip7,0,player_bottom,3.0735487111190594,-1.0182493823181635
game8/Clip7,0,player_top,7.837361307037458,24.609309615165607
game8/Clip7,1,player_bottom,3.0735487111190594,-1.0182493823181635
game8/Clip7,1,player_top,7.837361307037458,24.609309615165607
game8/Clip7,2,player_bottom,3.0886762509053356,-1.0139746023298575
game8/Clip7,2,player_top,7.837817391529356,24.607367276854028
game8/Clip7,3,player_bottom,3.086974342658783,-1.036180157378404
game8/Clip7,3,player_top,7.837655449710822,24.60373292989825
game8/Clip7,4,player_bottom,3.0739740413686656,-0.9472896521962793
game8/Clip7,4,player_top,7.836823672880981,24.60564931757241
game8/Clip7,5,player_bottom,3.095304688088808,-0.8189586169631112
game8/Clip7,5,player_top,7.8362901812827275,24.615681092595455
game8/Clip7,6,player_bottom,3.1205242860924503,-0.7090080106418725
game8/Clip7,6,player_top,7.834034711175005,24.629766432932037
game8/Clip7,7,player_bottom,3.1694318678080187,-0.5713082897609801
game8/Clip7,7,player_top,7.831573805854365,24.64027230314804
game8/Clip7,8,player_bottom,3.2244964380161028,-0.5503157990065733
game8/Clip7,8,player_top,7.8283390047137384,24.650619244522005
game8/Clip7,9,player_bottom,3.2642133799606343,-0.5524503779787692
game8/Clip7,9,player_top,7.8231488394136885,24.68651998741172
game8/Clip7,10,player_bottom,3.2792050211520234,-0.5480376517423137
game8/Clip7,10,player_top,7.784056395324893,24.704494590477175
game8/Clip7,11,player_bottom,3.2608563864691056,-0.4605951630477382
game8/Clip7,11,player_top,7.698477737328617,24.673649368551256
game8/Clip7,12,player_bottom,3.2467798886916386,-0.45982305940877494
game8/Clip7,12,player_top,7.646965679008231,24.561669185356738
game8/Clip7,13,player_bottom,3.23046392689993,-0.4651996881199433
game8/Clip7,13,player_top,7.618487607305963,24.49688125205249
game8/Clip7,14,player_bottom,3.228015526691567,-0.46191386944997903
game8/Clip7,14,player_top,7.612287873699072,24.469501777719856
game8/Clip7,15,player_bottom,3.1976525246172876,-0.45383179442575383
game8/Clip7,15,player_top,7.609787546345861,24.480574049707293
game8/Clip7,16,player_bottom,3.187008267670325,-0.45330139926156354
game8/Clip7,16,player_top,7.5734137980601375,24.44450253087003
game8/Clip7,17,player_bottom,3.176275419416095,-0.4625687844403197
game8/Clip7,17,player_top,7.541938600933897,24.441594724508754
game8/Clip7,18,player_bottom,3.17493603571489,-0.46258636210117177
game8/Clip7,18,player_top,7.434884864547745,24.481776017188192
game8/Clip7,19,player_bottom,3.1914521744793167,-0.47054784370475355
game8/Clip7,19,player_top,-3.290470827610928,10.271120147743794
game8/Clip7,20,player_bottom,3.2088268325912517,-0.43686648886783175
game8/Clip7,20,player_top,7.281010214801394,24.633252162067112
game8/Clip7,21,player_bottom,3.257594856383134,-0.46753549418712764
game8/Clip7,21,player_top,7.204434997666993,24.67263346134869
game8/Clip7,22,player_bottom,3.3055241622652467,-0.523285129194672
game8/Clip7,22,player_top,7.135960367014782,24.70435450659408
game8/Clip7,23,player_bottom,3.3423910850370526,-0.5695982596905104
game8/Clip7,23,player_top,-3.28832343388819,10.267347674105407
game8/Clip7,24,player_bottom,3.354361373081121,-0.6303095094939801
game8/Clip7,24,player_top,6.847817632377377,24.712914724945925
game8/Clip7,25,player_bottom,3.383737097579132,-0.7126906567405284
game8/Clip7,25,player_top,6.728118971643742,24.604981876820094
game8/Clip7,26,player_bottom,3.4061808272495595,-0.7776178496273114
game8/Clip7,26,player_top,6.618391071014154,24.713997366357724
game8/Clip7,27,player_bottom,3.4305694275335665,-0.8042387695796119
game8/Clip7,27,player_top,6.481931702376244,24.5646824212113
game8/Clip7,28,player_bottom,3.441507978605696,-0.8156338949542447
game8/Clip7,28,player_top,6.385026805867766,24.76382273066252
game8/Clip7,29,player_bottom,3.452632656738335,-0.8259757841431333
game8/Clip7,29,player_top,6.319040905833465,25.078030343680172
game8/Clip7,30,player_bottom,3.4556812497410907,-0.8464030860154453
game8/Clip7,30,player_top,-3.2845663348054233,10.260747320804347
game8/Clip7,31,player_bottom,3.461649101590037,-0.9053616906797491
game8/Clip7,31,player_top,-3.284029693609415,10.2598045664581
game8/Clip7,32,player_bottom,3.470020313393534,-1.003109870717316
game8/Clip7,32,player_top,-3.283493074220516,10.258861850421894
game8/Clip7,33,player_bottom,3.4687755750326237,-1.1059952037965635
game8/Clip7,33,player_top,5.583734010664886,23.699707327615197
game8/Clip7,34,player_bottom,3.4695003632731147,-1.2489331529058436
game8/Clip7,34,player_top,5.513651606773871,23.622212141654366
game8/Clip7,35,player_bottom,3.4840966266575575,-1.4222158675150367
game8/Clip7,35,player_top,5.4546909559831835,23.553026538041156
game8/Clip7,36,player_bottom,3.4888353867793103,-1.6245308204363331
game8/Clip7,36,player_top,5.366678875917962,23.477784023429745
game8/Clip7,37,player_bottom,3.487658233431532,-1.7618670769700988
game8/Clip7,37,player_top,5.184164433984163,23.551059234322427
game8/Clip7,38,player_bottom,3.499589135906575,-1.8376193685081426
game8/Clip7,38,player_top,5.049107796998107,23.565792815876797
game8/Clip7,39,player_bottom,3.5280620496918766,-1.8540907383910012
game8/Clip7,39,player_top,4.991118646285292,23.59150738979467
game8/Clip7,40,player_bottom,3.6076738861798137,-1.8605086894828715
game8/Clip7,40,player_top,4.951971616436702,23.706238239063083
game8/Clip7,41,player_bottom,3.7915864666922414,-1.8476508896603219
game8/Clip7,41,player_top,4.9031036931060985,23.84298416803035
game8/Clip7,42,player_bottom,3.955080528853112,-1.8384000920549644
game8/Clip7,42,player_top,4.8475749553162855,23.98505873709185
game8/Clip7,43,player_bottom,4.076443142250056,-1.7324270478301043
game8/Clip7,43,player_top,4.794274831217348,24.229018543140025
game8/Clip7,44,player_bottom,4.169891888432938,-1.5500110842552786
game8/Clip7,44,player_top,4.725936906492562,24.414428157743906
game8/Clip7,45,player_bottom,4.2483306591620975,-1.532774538782071
game8/Clip7,45,player_top,4.630842949851501,24.382122006753907
game8/Clip7,46,player_bottom,4.316940658718358,-1.4436489333093367
game8/Clip7,46,player_top,4.58175439958361,24.370628475117286
game8/Clip7,47,player_bottom,4.355417666625491,-1.403580861452613
game8/Clip7,47,player_top,4.560298705933543,24.336474922482168
game8/Clip7,48,player_bottom,4.4787550410580055,-1.6829252956229424
game8/Clip7,48,player_top,4.523175618699444,24.3360307680164
game8/Clip7,49,player_bottom,4.540039467104049,-1.8127251867993661
game8/Clip7,49,player_top,4.485737035405711,24.334126729729686
game8/Clip7,50,player_bottom,4.568032766574804,-1.8672524066722387
game8/Clip7,50,player_top,4.441149178381714,24.313645682263346
game8/Clip7,51,player_bottom,4.575647106981614,-1.8822920948165776
game8/Clip7,51,player_top,4.401200322762897,24.32144625047169
game8/Clip7,52,player_bottom,4.5818379763113315,-1.884844205929735
game8/Clip7,52,player_top,4.359040141491303,24.364372522034344
game8/Clip7,53,player_bottom,4.611350467915669,-1.8851041473628198
game8/Clip7,53,player_top,4.334515905310201,24.35760342882701
game8/Clip7,54,player_bottom,4.6190228056869715,-1.8873457937679228
game8/Clip7,54,player_top,4.325979588726589,24.390182849727456
game8/Clip7,55,player_bottom,4.602537060757349,-1.8902910752884503
game8/Clip7,55,player_top,4.327732260764411,24.40293514213676
game8/Clip7,56,player_bottom,4.588531674488248,-1.8871107568045664
game8/Clip7,56,player_top,4.324799008968511,24.45460079046535
game8/Clip7,57,player_bottom,4.584641386036946,-1.8794767989062686
game8/Clip7,57,player_top,4.314998677217307,24.4960322669903
game8/Clip7,58,player_bottom,4.588665687384569,-1.869416141873264
game8/Clip7,58,player_top,4.311195572037832,24.62869506640614
game8/Clip7,59,player_bottom,4.596754550505072,-1.843856731012082
game8/Clip7,59,player_top,4.291735053761411,24.677609600937334
game8/Clip7,60,player_bottom,4.587474006088559,-1.810549094075691
game8/Clip7,60,player_top,4.2798939639629925,24.747892555754216
game8/Clip7,61,player_bottom,4.593722301047575,-1.8131216089233135
game8/Clip7,61,player_top,4.276020065706076,24.77771181116858
game8/Clip7,62,player_bottom,4.596514551961454,-1.8141869398012926
game8/Clip7,62,player_top,4.256899376894278,24.75821854850504
game8/Clip7,63,player_bottom,4.59138458166649,-1.8750829573317913
game8/Clip7,63,player_top,4.251869037079369,24.75034933030373
game8/Clip7,64,player_bottom,4.585376894195141,-1.9518004229887629
game8/Clip7,64,player_top,4.27772414881124,24.691257376860424
game8/Clip7,65,player_bottom,4.57931125636783,-2.1474573499964578
game8/Clip7,65,player_top,4.271113034929297,24.77164074419172
game8/Clip7,66,player_bottom,4.580753475882992,-2.2964601057751857
game8/Clip7,66,player_top,4.217753416914284,24.886804230107803
game8/Clip7,67,player_bottom,4.583213252101369,-2.389478471733355
game8/Clip7,67,player_top,3.9671283247989213,25.114923014450707
game8/Clip7,68,player_bottom,4.574062654622601,-2.4375263894183843
game8/Clip7,68,player_top,3.858331903092285,25.234008275219043
game8/Clip7,69,player_bottom,4.547736657439682,-2.4607398295432734
game8/Clip7,69,player_top,3.755959028521041,25.263389080604924
game8/Clip7,70,player_bottom,4.529735869134761,-2.4663287232968094
game8/Clip7,70,player_top,3.653504556473391,25.292793304299455
game8/Clip7,71,player_bottom,4.503423775428265,-2.4542168920160767
game8/Clip7,71,player_top,3.5900963670320953,25.21186623083898
game8/Clip7,72,player_bottom,4.452217802689206,-2.443656158769936
game8/Clip7,72,player_top,3.5359733655686734,25.168234686991724
game8/Clip7,73,player_bottom,4.403130264232209,-2.4233445149147954
game8/Clip7,73,player_top,3.383340831220643,25.14594653328601
game8/Clip7,74,player_bottom,4.352532595430139,-2.4208837901972737
game8/Clip7,74,player_top,3.2260681780606406,24.90753389588206
game8/Clip7,75,player_bottom,4.292747199941062,-2.3936228036613563
game8/Clip7,75,player_top,3.04630459603144,24.75473853956949
game8/Clip7,76,player_bottom,4.227308789579587,-2.402359418762945
game8/Clip7,76,player_top,2.8548561657013534,24.680271348452948
game8/Clip7,77,player_bottom,4.182906670821673,-2.438737784956858
game8/Clip7,77,player_top,2.723268562089723,24.69344081060054
game8/Clip7,78,player_bottom,4.15670822005056,-2.484782407138287
game8/Clip7,78,player_top,2.6357049786438873,24.740201521414043
game8/Clip7,79,player_bottom,4.143718918637362,-2.5144423697793616
game8/Clip7,79,player_top,2.572474193746088,24.740525178885175
game8/Clip7,80,player_bottom,4.146871908619814,-2.514191451429829
game8/Clip7,80,player_top,2.5356815939427046,24.555484829146717
game8/Clip7,81,player_bottom,4.151430448132566,-2.507282774068219
game8/Clip7,81,player_top,2.4513999282126604,24.48898043824594
game8/Clip7,82,player_bottom,4.169352365615102,-2.4732909734220074
game8/Clip7,82,player_top,2.355613839077898,24.46976289454805
game8/Clip7,83,player_bottom,4.224624758119342,-2.5073351663091428
game8/Clip7,83,player_top,2.2665531663371294,24.222551432646164
game8/Clip7,84,player_bottom,4.307615198242879,-2.57670351391712
game8/Clip7,84,player_top,2.1782429372567473,23.977423025684804
game8/Clip7,85,player_bottom,4.3619344330077165,-2.6787837889748713
game8/Clip7,85,player_top,2.090673706540373,23.734351455744722
game8/Clip7,86,player_bottom,4.377706934761697,-2.7287649816592747
game8/Clip7,86,player_top,2.0038361867376286,23.493310943050012
game8/Clip7,87,player_bottom,4.368282267853145,-2.7405328633921853
game8/Clip7,87,player_top,1.9789439258164832,23.450389361305824
game8/Clip7,88,player_bottom,4.381758158850395,-2.7036225649078136
game8/Clip7,88,player_top,1.9540892467836255,23.407532581794555
game8/Clip7,89,player_bottom,4.401973944675452,-2.645202469097707
game8/Clip7,89,player_top,1.929272064592571,23.364740457871054
game8/Clip7,90,player_bottom,4.4271035680483894,-2.5661539735325034
game8/Clip7,90,player_top,1.9044922944532428,23.322012843332274
game8/Clip7,91,player_bottom,4.468540281244775,-2.4212222304728606
game8/Clip7,91,player_top,1.8797498518310227,23.279349592415663
game8/Clip7,92,player_bottom,4.504907096700511,-2.342139722775742
game8/Clip7,92,player_top,1.8550446524457749,23.236750559797475
game8/Clip7,93,player_bottom,4.540731197526495,-2.309196705729659
game8/Clip7,93,player_top,1.8303766122709018,23.19421560059112
game8/Clip7,94,player_bottom,4.5964374632502185,-2.312570035117776
game8/Clip7,94,player_top,1.8057456475323799,23.15174457034555
game8/Clip7,95,player_bottom,4.645369303298565,-2.3630000259854866
game8/Clip7,95,player_top,1.7811516747078187,23.109337325043576
game8/Clip7,96,player_bottom,4.686116896193833,-2.400596980442825
game8/Clip7,96,player_top,1.756594610525523,23.066993721100296
game8/Clip7,97,player_bottom,4.71614808827144,-2.4536672613393926
game8/Clip7,97,player_top,1.7320743719635314,23.024713615361424
game8/Clip7,98,player_bottom,4.743993459695346,-2.490643957959504
game8/Clip7,98,player_top,1.7075908762487058,22.982496865101716
game8/Clip7,99,player_bottom,4.76435588244797,-2.4980286883159635
game8/Clip7,99,player_top,1.6831440408557794,22.940343328023342
game8/Clip7,100,player_bottom,4.76024936522111,-2.4752896436956338
game8/Clip7,100,player_top,1.658733783506447,22.89825286225427
game8/Clip7,101,player_bottom,4.766766527806965,-2.465427999504931
game8/Clip7,101,player_top,1.6343600221684267,22.85622532634674
game8/Clip7,102,player_bottom,4.834552336405646,-2.457238134477606
game8/Clip7,102,player_top,1.6100226750545532,22.81426057927559
game8/Clip7,103,player_bottom,5.012442811821909,-2.449702220925485
game8/Clip7,103,player_top,1.5857216606218527,22.772358480436758
game8/Clip7,104,player_bottom,5.155730476746604,-2.44621135785836
game8/Clip7,104,player_top,1.647559125977732,22.82486691834868
game8/Clip7,105,player_bottom,5.400857816946313,-2.443192513430078
game8/Clip7,105,player_top,1.6983715026761155,23.030802589931287
game8/Clip7,106,player_bottom,5.529247529931418,-2.44779470736086
game8/Clip7,106,player_top,1.733383498157582,22.98850495461822
game8/Clip7,107,player_bottom,5.586871325558301,-2.442136650900676
game8/Clip7,107,player_top,1.7755328845071376,22.78944992384371
game8/Clip7,108,player_bottom,5.696905730770039,-2.426081876691064
game8/Clip7,108,player_top,1.8187455547154399,22.742617217329908
game8/Clip7,109,player_bottom,5.800333450174257,-2.427045055823309
game8/Clip7,109,player_top,1.8746824859407962,22.744071279467803
game8/Clip7,110,player_bottom,5.924946629435061,-2.3380663206935584
game8/Clip7,110,player_top,1.958495236557456,22.675761816717152
game8/Clip7,111,player_bottom,6.04787070173338,-2.2742108743337455
game8/Clip7,111,player_top,2.0219030112796488,22.58940270784899
game8/Clip7,112,player_bottom,6.252093540966811,-2.217869636011726
game8/Clip7,112,player_top,2.0601029257461843,22.55744106890174
game8/Clip7,113,player_bottom,6.448183094902274,-2.2020977146560043
game8/Clip7,113,player_top,2.108133416065425,22.512660281742377
game8/Clip7,114,player_bottom,6.615472143143311,-2.199167962147357
game8/Clip7,114,player_top,2.2027563819326383,22.576678355784924
game8/Clip7,115,player_bottom,6.796049820750215,-2.2266228816273657
game8/Clip7,115,player_top,2.293602104570314,22.599967997683287
game8/Clip7,116,player_bottom,6.935451409710893,-2.2052516608725434
game8/Clip7,116,player_top,2.3457530148156427,22.623742273022287
game8/Clip7,117,player_bottom,7.058897806289047,-2.1710858989862563
game8/Clip7,117,player_top,2.378049266815838,22.66960132756123
game8/Clip7,118,player_bottom,7.1675445131268285,-2.118532252851647
game8/Clip7,118,player_top,2.4116391938151427,22.731166795124487
game8/Clip7,119,player_bottom,7.293937184170625,-2.0470178311415665
game8/Clip7,119,player_top,2.462350142005874,22.84166980813537
game8/Clip7,120,player_bottom,7.422717883240582,-1.999510239365166
game8/Clip7,120,player_top,2.516014245294293,22.995834704214904
game8/Clip7,121,player_bottom,7.503440911261868,-2.029615105156158
game8/Clip7,121,player_top,2.5561562550298564,23.176314516453903
game8/Clip7,122,player_bottom,7.600112153916858,-2.01218489288345
game8/Clip7,122,player_top,2.5788483951156387,23.36046606601014
game8/Clip7,123,player_bottom,7.6741319634297325,-2.000795878045158
game8/Clip7,123,player_top,2.616818936103471,23.418087467044938
game8/Clip7,124,player_bottom,7.735347300784247,-1.9836396303409232
game8/Clip7,124,player_top,2.6415914234001994,23.482424598411555
game8/Clip7,125,player_bottom,7.796379263539468,-1.9639490813139884
game8/Clip7,125,player_top,2.6604390901179036,23.50434435253473
game8/Clip7,126,player_bottom,7.836207439150645,-1.9404032292863411
game8/Clip7,126,player_top,2.6656085196823196,23.509485192032713
game8/Clip7,127,player_bottom,7.897305174652632,-1.9102284624474504
game8/Clip7,127,player_top,2.6718139381533352,23.54061175539519
game8/Clip7,128,player_bottom,7.935515387079323,-1.8923529456701669
game8/Clip7,128,player_top,2.6677477121202955,23.661330470707416
game8/Clip7,129,player_bottom,7.9881204641383725,-1.8749253839774727
game8/Clip7,129,player_top,2.6610784830575684,23.791271483516837
game8/Clip7,130,player_bottom,8.069592266064797,-1.8245314137205237
game8/Clip7,130,player_top,2.652753209242108,23.866591862842785
game8/Clip7,131,player_bottom,8.178264319511529,-1.7179275606375455
game8/Clip7,131,player_top,2.64440672537033,23.94210413369357
game8/Clip7,132,player_bottom,8.30714193381759,-1.714283285743848
game8/Clip7,132,player_top,2.636038950284497,24.017809030319125
game8/Clip7,133,player_bottom,8.426481974748125,-1.819121464131837
game8/Clip7,133,player_top,2.6276498024122867,24.093707290720225
game8/Clip7,134,player_bottom,8.512610494764582,-2.008940753534566
game8/Clip7,134,player_top,2.6192391997641424,24.169799656672392
game8/Clip7,135,player_bottom,8.607495515634836,-2.1689388928104916
game8/Clip7,135,player_top,2.6108070599306,24.246086873750123
game8/Clip7,136,player_bottom,8.675326344465805,-2.2258616563284392
game8/Clip7,136,player_top,2.6023533000796073,24.322569691351248
game8/Clip7,137,player_bottom,8.699131699883623,-2.262730497933845
game8/Clip7,137,player_top,2.5938778369537943,24.399248862721393
game8/Clip7,138,player_bottom,8.699095008293186,-2.280140824696739
game8/Clip7,138,player_top,2.5857114810078348,24.386939357588215
game8/Clip7,139,player_bottom,8.709730822324527,-2.278942629988896
game8/Clip7,139,player_top,2.5543247070547004,24.417649267865595
game8/Clip7,140,player_bottom,8.708939482261597,-2.2031486621220657
game8/Clip7,140,player_top,2.485992569842731,24.398012222431387
game8/Clip7,141,player_bottom,8.677606963630723,-2.148906811308746
game8/Clip7,141,player_top,2.3657782984244045,24.508410497074145
game8/Clip7,142,player_bottom,8.544786840980995,-2.1850365184535385
game8/Clip7,142,player_top,2.246540280871219,24.6585342643267
game8/Clip7,143,player_bottom,8.502110294300278,-2.2924642408925373
game8/Clip7,143,player_top,2.180023873980973,24.621448486748285
game8/Clip7,144,player_bottom,8.4658193666296,-2.316389694314655
game8/Clip7,144,player_top,2.1316297125362462,24.629854898139236
game8/Clip7,145,player_bottom,8.425980044896303,-2.335151889994564
game8/Clip7,145,player_top,2.0849104950730553,24.59235813948228
game8/Clip7,146,player_bottom,8.37285182172623,-2.344929687970644
game8/Clip7,146,player_top,2.029907161392548,24.604930091424137
game8/Clip7,147,player_bottom,8.323331884946079,-2.30274730465843
game8/Clip7,147,player_top,1.9834196037784269,24.548742691202165
game8/Clip7,148,player_bottom,8.207284655273313,-2.2045168690880557
game8/Clip7,148,player_top,1.9761728499572997,24.558823216072554
game8/Clip7,149,player_bottom,8.122880761074276,-2.2602158362995
game8/Clip7,149,player_top,1.9749852819897187,24.588197743282546
game8/Clip7,150,player_bottom,7.915712982870984,-2.2883316152432505
game8/Clip7,150,player_top,1.9702284622176467,24.600323068726134
game8/Clip7,151,player_bottom,7.727450438593018,-2.3306948046225164
game8/Clip7,151,player_top,1.9357054864738101,24.630051313940015
game8/Clip7,152,player_bottom,7.647032983659138,-2.3170422180046955
game8/Clip7,152,player_top,-0.2394883097463875,31.798845295469206
game8/Clip7,153,player_bottom,7.555378026371787,-2.428337312453528
game8/Clip7,153,player_top,-0.23898729775409683,31.796892178846715
game8/Clip7,154,player_bottom,7.423500680974083,-2.534012418848499
game8/Clip7,154,player_top,1.8627514679874437,24.57177335226495
game8/Clip7,155,player_bottom,7.327072358326214,-2.6625715683129028
game8/Clip7,155,player_top,1.8463107876338665,24.531560511813705
game8/Clip7,156,player_bottom,7.205056699364266,-2.728975690622902
game8/Clip7,156,player_top,1.8085240101000206,24.538097756530874
game8/Clip7,157,player_bottom,7.0736611772545945,-2.7167949270768474
game8/Clip7,157,player_top,1.767486961561771,24.57297146269455
game8/Clip7,158,player_bottom,6.960154108048766,-2.7197344139689683
game8/Clip7,158,player_top,1.718060753531415,24.683088697524635
game8/Clip7,159,player_bottom,6.842258506968977,-2.7490995885364553
game8/Clip7,159,player_top,1.6336999667351364,24.776612696347165
game8/Clip7,160,player_bottom,6.731026518704097,-2.800831884165479
game8/Clip7,160,player_top,1.5396270816132829,24.83465691007211
game8/Clip7,161,player_bottom,6.632412193698667,-2.7890641775973415
game8/Clip7,161,player_top,1.6020660392386588,24.867807616067736
game8/Clip7,162,player_bottom,6.533463141421692,-2.810531730131953
game8/Clip7,162,player_top,1.622819701113938,24.925704810485218
game8/Clip7,163,player_bottom,6.426873667833578,-2.8884293321035295
game8/Clip7,163,player_top,1.5782739877636023,25.10685151403106
game8/Clip7,164,player_bottom,6.272296266220928,-2.9687641115567898
game8/Clip7,164,player_top,1.5193663288493562,25.088198175615403
game8/Clip7,165,player_bottom,6.108620332554581,-3.0527573396036334
game8/Clip7,165,player_top,-0.23297741044479683,31.773463576370776
game8/Clip7,166,player_bottom,5.988989709885739,-3.0822362226741724
game8/Clip7,166,player_top,1.4471900182734736,25.01273212801584
game8/Clip7,167,player_bottom,5.924615153786597,-3.132613981050947
game8/Clip7,167,player_top,1.4138757770304244,25.010213343253174
game8/Clip7,168,player_bottom,5.899080406484463,-3.198027360482397
game8/Clip7,168,player_top,1.3956351043538109,25.018656963003625
game8/Clip7,169,player_bottom,5.836661532864963,-3.246035511745589
game8/Clip7,169,player_top,1.3920955190108646,25.012766718092696
game8/Clip7,170,player_bottom,5.708759520533606,-3.3096728302256015
game8/Clip7,170,player_top,1.3707540822264515,25.06328904758464
game8/Clip7,171,player_bottom,5.428397234726195,-3.3381941465962903
game8/Clip7,171,player_top,1.3728882909870168,25.0950008058731
game8/Clip7,172,player_bottom,5.271511658488432,-3.3231802945384987
game8/Clip7,172,player_top,1.4029150086758462,25.117903111229275
game8/Clip7,173,player_bottom,5.162063206927279,-3.3097930392383272
game8/Clip7,173,player_top,-0.22897313196199964,31.75785352514214
game8/Clip7,174,player_bottom,5.083110110990235,-3.109162578535916
game8/Clip7,174,player_top,-0.22847272718222336,31.75590277564235
game8/Clip7,175,player_bottom,4.9298078861846175,-3.0859143262749877
game8/Clip7,175,player_top,1.697500159413055,25.18095814864505
game8/Clip7,176,player_bottom,4.770633576275911,-3.195858656627075
game8/Clip7,176,player_top,1.8445489996106073,25.126056106464514
game8/Clip7,177,player_bottom,4.57637158648241,-3.235914430999695
game8/Clip7,177,player_top,1.969368550801416,25.028526765761534
game8/Clip7,178,player_bottom,4.410603057542283,-3.2783613781473435
game8/Clip7,178,player_top,-0.2264713969115348,31.74810090367338
game8/Clip7,179,player_bottom,4.283878748553531,-3.2558219182042722
game8/Clip7,179,player_top,2.1611140448945827,24.913617720779282
game8/Clip7,180,player_bottom,4.151153613317679,-3.1509360652203107
game8/Clip7,180,player_top,2.283599688355934,24.862638283107106
game8/Clip7,181,player_bottom,3.972174956525964,-3.2468096522953642
game8/Clip7,181,player_top,2.388519856539758,24.751270028994526
game8/Clip7,182,player_bottom,3.8107590444499135,-3.319718326400601
game8/Clip7,182,player_top,2.47938275107022,24.703090012708042
game8/Clip7,183,player_bottom,3.6194958716017123,-3.3188889089750218
game8/Clip7,183,player_top,2.58338400594702,24.702341095429958
game8/Clip7,184,player_bottom,3.4376764783661544,-3.30957854010169
game8/Clip7,184,player_top,2.7239213132887894,24.62550983701712
game8/Clip7,185,player_bottom,3.2998317813706244,-3.2953141734361466
game8/Clip7,185,player_top,2.8062687524598915,24.592991975492907
game8/Clip7,186,player_bottom,3.129881395083784,-3.288376862450502
game8/Clip7,186,player_top,2.876315699284405,24.59829934647129
game8/Clip7,187,player_bottom,2.96580641795551,-3.271976942562119
game8/Clip7,187,player_top,2.992157105757284,24.625593425777836
game8/Clip7,188,player_bottom,2.833504860551416,-3.2486274992760036
game8/Clip7,188,player_top,3.0848208569245754,24.624714663004436
game8/Clip7,189,player_bottom,2.712145221596525,-3.172242771581788
game8/Clip7,189,player_top,3.1674332593155206,24.510502282486236
game8/Clip7,190,player_bottom,2.609712019879182,-3.1367475149568325
game8/Clip7,190,player_top,3.2729669988616688,24.416291430062998
game8/Clip7,191,player_bottom,2.525498449496493,-3.0979355180406762
game8/Clip7,191,player_top,3.4098090780702157,24.356322564159345
game8/Clip7,192,player_bottom,2.4250056043751727,-3.0713455083876187
game8/Clip7,192,player_top,3.533471793497661,24.349410823062204
game8/Clip7,193,player_bottom,2.3953870850522394,-3.0413504173298356
game8/Clip7,193,player_top,3.6025533270931454,24.34111307231
game8/Clip7,194,player_bottom,2.3273314357787633,-2.9948571308435876
game8/Clip7,194,player_top,3.635458262463529,24.403040626876646
game8/Clip7,195,player_bottom,2.2410169284511463,-2.9774576532420176
game8/Clip7,195,player_top,3.6922953778781675,24.402881815105083
game8/Clip7,196,player_bottom,2.1486326936872615,-2.982123572936911
game8/Clip7,196,player_top,3.7264010856554637,24.399550065044906
game8/Clip7,197,player_bottom,2.0414676764446518,-2.9365402556731994
game8/Clip7,197,player_top,3.760505011121547,24.396218489096814
game8/Clip7,198,player_bottom,1.978473062427869,-2.971377761609418
game8/Clip7,198,player_top,3.794607154416123,24.392887087247146
game8/Clip7,199,player_bottom,1.9268171352353465,-3.0205816263441516
game8/Clip7,199,player_top,3.8287075156788872,24.38955585948225
game8/Clip7,200,player_bottom,1.8697720738771941,-3.0006067608067974
game8/Clip7,200,player_top,3.8628060950495136,24.3862248057885
game8/Clip7,201,player_bottom,1.7789253829024518,-2.976494676296391
game8/Clip7,201,player_top,3.8969028926676708,24.382893926152228
game8/Clip7,202,player_bottom,1.6731953900614995,-2.9669666640534342
game8/Clip7,202,player_top,3.9309979086730045,24.37956322055981
game8/Clip7,203,player_bottom,1.5910627753156994,-2.9508895814636396
game8/Clip7,203,player_top,3.9650911432051483,24.376232688997604
game8/Clip7,204,player_bottom,1.5654630260177396,-3.036811470884006
game8/Clip7,204,player_top,3.9991825964037284,24.37290233145196
game8/Clip7,205,player_bottom,1.536623491528817,-3.083505304518789
game8/Clip7,205,player_top,4.033272268408343,24.369572147909253
game8/Clip7,206,player_bottom,1.516766850008117,-3.098297174935185
game8/Clip7,206,player_top,4.067360159358588,24.36624213835583
game8/Clip7,207,player_bottom,1.4899547388710066,-3.104377451313321
game8/Clip7,207,player_top,4.101446269394039,24.362912302778078
game8/Clip7,208,player_bottom,1.4742819498808173,-3.106757927748341
game8/Clip7,208,player_top,4.135530598654255,24.359582641162337
game8/Clip7,209,player_bottom,1.4690406501932594,-3.0906677367328594
game8/Clip7,209,player_top,4.169613147278783,24.356253153495008
game8/Clip7,210,player_bottom,1.4263109493960335,-3.0689585817785954
game8/Clip7,210,player_top,4.137732580977036,24.433789222786842
game8/Clip7,211,player_bottom,1.397965241495297,-3.0260508111546223
game8/Clip7,211,player_top,-0.21730169549590608,31.720373402749487
game8/Clip7,212,player_bottom,1.3845548058607637,-2.9859152271269656
game8/Clip7,212,player_top,-0.2172703390453656,31.72029550519989
game8/Clip7,213,player_bottom,1.383917289784161,-2.935214965405883
game8/Clip7,213,player_top,-0.21723898266659258,31.720217607828587
game8/Clip7,214,player_bottom,1.3616737702160542,-2.908941611391849
game8/Clip7,214,player_top,-0.2172076263595889,31.720139710635568
game8/Clip7,215,player_bottom,1.3643371297898224,-2.9049200278264
game8/Clip7,215,player_top,-0.21717627012434992,31.720061813620845
game8/Clip7,216,player_bottom,1.3863093146552554,-2.9481539012686926
game8/Clip7,216,player_top,3.427505478037109,24.435393766552554
game8/Clip7,217,player_bottom,1.377330869273617,-2.9578322928425247
game8/Clip7,217,player_top,3.30758843183822,24.437828558167762
game8/Clip7,218,player_bottom,1.3995307566257078,-2.9547329302351875
game8/Clip7,218,player_top,3.211753777258868,24.490073777131407
game8/Clip7,219,player_bottom,1.4104327248696948,-2.900961477258384
game8/Clip7,219,player_top,3.1199276029251566,24.55464261682693
game8/Clip7,220,player_bottom,1.4284450574846266,-2.856178257984963
game8/Clip7,220,player_top,3.0047587716210127,24.614691220954445
game8/Clip7,221,player_bottom,1.4598683552388794,-2.834425738980898
game8/Clip7,221,player_top,2.852186401446664,24.41898515021881
game8/Clip7,222,player_bottom,1.550626834864058,-2.8348740894058877
game8/Clip7,222,player_top,-0.21695677848713432,31.719516539509733
game8/Clip7,223,player_bottom,1.6669237255798612,-2.842404318266952
game8/Clip7,223,player_top,2.3586193031765763,24.30925525404395
game8/Clip7,224,player_bottom,1.812868430234501,-2.8434230451446205
game8/Clip7,224,player_top,2.2170604402636163,24.326463307948707
game8/Clip7,225,player_bottom,1.933757605670564,-2.8349044121890343
game8/Clip7,225,player_top,2.1363100679739793,24.42524492964479
game8/Clip7,226,player_bottom,2.0024084032537357,-2.8213219300274233
game8/Clip7,226,player_top,2.0580581189796865,24.423019600934634
game8/Clip7,227,player_bottom,2.0800247382418977,-2.684411600436504
game8/Clip7,227,player_top,1.884613258812837,24.507600408953063
game8/Clip7,228,player_bottom,2.170530774602654,-2.528107313261028
game8/Clip7,228,player_top,1.7362267518347299,24.732742459845717
game8/Clip7,229,player_bottom,2.285333818092752,-2.453437542356075
game8/Clip7,229,player_top,1.5757315505882377,24.85333035714065
game8/Clip7,230,player_bottom,2.3896410128398937,-2.453260501784632
game8/Clip7,230,player_top,-0.21670593520763806,31.718893379793986
game8/Clip7,231,player_bottom,2.4658813924271876,-2.4364340674879665
game8/Clip7,231,player_top,-0.21667458012063615,31.71881548563178
game8/Clip7,232,player_bottom,2.564093844965614,-2.415893320959434
game8/Clip7,232,player_top,-0.21664322510539696,31.71873759164784
game8/Clip7,233,player_bottom,2.727399237980842,-2.3988765285337776
game8/Clip7,233,player_top,0.9062149608019779,24.79855736197402
game8/Clip7,234,player_bottom,2.842384197809986,-2.3876634368279155
game8/Clip7,234,player_top,0.8271493018864023,24.751126032139247
game8/Clip7,235,player_bottom,2.9056016973011194,-2.3608631982574453
game8/Clip7,235,player_top,0.644077597593749,24.686851797981625
game8/Clip7,236,player_bottom,2.9810992184367135,-2.3398223543645136
game8/Clip7,236,player_top,-0.2165178057620647,31.71842601749486
game8/Clip7,237,player_bottom,3.058046150635752,-2.3423059595748827
game8/Clip7,237,player_top,-0.21648645110563544,31.718348124402308
game8/Clip7,238,player_bottom,3.1568539737158376,-2.3311818000218643
game8/Clip7,238,player_top,-0.21645509652096961,31.718270231488017
game8/Clip7,239,player_bottom,3.2957715399683827,-2.3163510375979244
game8/Clip7,239,player_top,-0.2164237420080626,31.718192338752015
game8/Clip7,240,player_bottom,3.4186617602314304,-2.2698870502646593
game8/Clip7,240,player_top,-0.21639238756691848,31.718114446194264
game8/Clip7,241,player_bottom,3.516411271103653,-2.2987213833032474
game8/Clip7,241,player_top,-0.21636103319753272,31.718036553814798
game8/Clip7,242,player_bottom,3.598151383324536,-2.3375740621350527
game8/Clip7,242,player_top,0.13552821898229414,25.62460950969722
game8/Clip7,243,player_bottom,3.6932214818905926,-2.271888347994216
game8/Clip7,243,player_top,0.10675545276307495,25.840817508677453
game8/Clip7,244,player_bottom,3.7933659271172475,-2.337567765672486
game8/Clip7,244,player_top,-0.2162669705199382,31.717802877746024
game8/Clip7,245,player_bottom,3.951953500246703,-2.400421268372311
game8/Clip7,245,player_top,-0.216235616437592,31.71772498607964
game8/Clip7,246,player_bottom,4.127032903305055,-2.5032477370577846
game8/Clip7,246,player_top,-0.21620426242700505,31.71764709459152
game8/Clip7,247,player_bottom,4.240087944227034,-2.583114645895655
game8/Clip7,247,player_top,-0.21617290848817716,31.717569203281677
game8/Clip7,248,player_bottom,4.328870794621046,-2.593989114034644
game8/Clip7,248,player_top,-0.21614155462111023,31.717491312150088
game8/Clip7,249,player_bottom,4.374516421988377,-2.5390681471986443
game8/Clip7,249,player_top,-0.27437541536893,25.959917218968467
game8/Clip7,250,player_bottom,4.44686335835599,-2.468086135437335
game8/Clip7,250,player_top,-0.31092813382708495,25.922402819497176
game8/Clip7,251,player_bottom,4.519673400165939,-2.450326978246392
game8/Clip7,251,player_top,-0.3312690833871474,25.926364456276787
game8/Clip7,252,player_bottom,4.67176486061897,-2.4450831145277276
game8/Clip7,252,player_top,-0.34472523936630606,25.99763925366764
game8/Clip7,253,player_bottom,4.846626853130571,-2.443786036228587
game8/Clip7,253,player_top,-0.34764396968955624,26.032780672858202
game8/Clip7,254,player_bottom,5.068240844845851,-2.450120408112979
game8/Clip7,254,player_top,-0.2159534329256182,31.71702396910417
game8/Clip7,255,player_bottom,5.170483665199365,-2.441829749879528
game8/Clip7,255,player_top,-0.21592207956085585,31.716946079220442
game8/Clip7,256,player_bottom,5.27897839917171,-2.4199856339336474
game8/Clip7,256,player_top,-0.2158907262678481,31.716868189514976
game8/Clip7,257,player_bottom,5.408098485192641,-2.4005023205755127
game8/Clip7,257,player_top,-0.09410437954007929,25.987802810992665
game8/Clip7,258,player_bottom,5.552913952345453,-2.1736898297896485
game8/Clip7,258,player_top,-0.21582801989710426,31.716712410638834
game8/Clip7,259,player_bottom,5.692709602754402,-1.9176533514624738
game8/Clip7,259,player_top,-0.21579666681936546,31.71663452146816
game8/Clip7,260,player_bottom,5.83951887049875,-1.7842800022943246
game8/Clip7,260,player_top,0.1533235567862013,26.05652752550199
game8/Clip7,261,player_bottom,5.999789759852366,-1.7861735085343948
game8/Clip7,261,player_top,0.275908475630013,26.00886267383451
game8/Clip7,262,player_bottom,6.147396091192868,-1.789699855665694
game8/Clip7,262,player_top,0.4069942729181054,25.99973617656139
game8/Clip7,263,player_bottom,6.285224693636707,-1.7105901669833736
game8/Clip7,263,player_top,0.5076108846075477,25.787180581180703
game8/Clip7,264,player_bottom,6.407016604289861,-1.6678694674399395
game8/Clip7,264,player_top,0.5956474973010667,25.62074305016441
game8/Clip7,265,player_bottom,6.5099986341033125,-1.6519068084152975
game8/Clip7,265,player_top,0.7544721539737037,25.392680788782386
game8/Clip7,266,player_bottom,6.604774883880966,-1.6172591916885537
game8/Clip7,266,player_top,0.8986689659577114,25.154015797817507
game8/Clip7,267,player_bottom,6.690117995564213,-1.608117447667238
game8/Clip7,267,player_top,0.9976383166637611,25.04059396619193
game8/Clip7,268,player_bottom,6.753615899776465,-1.5641659194051096
game8/Clip7,268,player_top,1.1059744915999308,24.988072912743593
game8/Clip7,269,player_bottom,6.797922946540161,-1.5090138443010168
game8/Clip7,269,player_top,1.2675140655258645,24.99575741967182
game8/Clip7,270,player_bottom,6.819467727988632,-1.5042106003581834
game8/Clip7,270,player_top,1.3857548745206028,25.0316281745732
game8/Clip7,271,player_bottom,6.900699990232611,-1.4821524444203582
game8/Clip7,271,player_top,1.4847029536817695,25.04394460412081
game8/Clip7,272,player_bottom,7.036594221878936,-1.4763307899080422
game8/Clip7,272,player_top,1.541606715423191,25.051419090721776
game8/Clip7,273,player_bottom,7.076721009120734,-1.46995371855373
game8/Clip7,273,player_top,1.5947121223817136,25.105472358945264
game8/Clip7,274,player_bottom,7.135494730820419,-1.4592659739085134
game8/Clip7,274,player_top,1.663306407057788,25.194437279180733
game8/Clip7,275,player_bottom,7.1640840059519055,-1.437781191979748
game8/Clip7,275,player_top,1.7349902250672526,25.23881721140643
game8/Clip7,276,player_bottom,7.201347023767856,-1.4394101979470615
game8/Clip7,276,player_top,1.8044790030283084,25.389175445017674
game8/Clip7,277,player_bottom,7.255875489729979,-1.2321234783231356
game8/Clip7,277,player_top,1.9050935568550935,25.36714471739436
game8/Clip7,278,player_bottom,7.329464277005338,-1.107300962286446
game8/Clip7,278,player_top,1.9663986167577039,25.306470365532107
game8/Clip7,279,player_bottom,7.436955726805276,-0.8571850883332043
game8/Clip7,279,player_top,2.0668496057904577,25.312621183811387
game8/Clip7,280,player_bottom,7.546601781195547,-0.7257469368400575
game8/Clip7,280,player_top,2.145028280975648,25.359810172037108
game8/Clip7,281,player_bottom,7.639146071170719,-0.8099448866149523
game8/Clip7,281,player_top,2.1866723494356046,25.390540324661938
game8/Clip7,282,player_bottom,7.7259430833634335,-0.9287112801689115
game8/Clip7,282,player_top,2.201397581173653,25.385815399982533
game8/Clip7,283,player_bottom,7.79476035766469,-1.0872301383082696
game8/Clip7,283,player_top,2.2274502462188748,25.450367351078388
game8/Clip7,284,player_bottom,7.866264481622825,-1.2048637858515472
game8/Clip7,284,player_top,2.298012445578788,25.38704690342235
game8/Clip7,285,player_bottom,7.902226381962708,-1.229853102923127
game8/Clip7,285,player_top,2.429621257847808,25.438905921652722
game8/Clip7,286,player_bottom,7.921216387810522,-1.2506013508975098
game8/Clip7,286,player_top,2.6129612361547636,25.453748716703867
game8/Clip7,287,player_bottom,7.955253302643363,-1.2524636834133454
game8/Clip7,287,player_top,2.807023778140982,25.480184537619543
game8/Clip7,288,player_bottom,7.944319567014828,-1.2384734276972125
game8/Clip7,288,player_top,2.9341090326602517,25.483853268829794
game8/Clip7,289,player_bottom,7.930000897609664,-1.1987709797175394
game8/Clip7,289,player_top,3.0260609575307007,25.56513695164252
game8/Clip7,290,player_bottom,7.798348214004014,-1.178258796897888
game8/Clip7,290,player_top,3.1326333022690607,25.72248252733673
game8/Clip7,291,player_bottom,7.702247581682808,-1.2094966849294617
game8/Clip7,291,player_top,3.2765248662407327,25.614436515131448
game8/Clip7,292,player_bottom,7.599019562934843,-1.2706221936168889
game8/Clip7,292,player_top,3.4388798599498855,25.258773154727418
game8/Clip7,293,player_bottom,7.528655734491502,-1.2870623749243935
game8/Clip7,293,player_top,-0.214730704869374,31.713986395725712
game8/Clip7,294,player_bottom,7.488586670882612,-1.3026920021507349
game8/Clip7,294,player_top,3.999796987280621,25.132290477221897
game8/Clip7,295,player_bottom,7.446079886688085,-1.3031060897042095
game8/Clip7,295,player_top,4.148629247271544,25.120583602947374
game8/Clip7,296,player_bottom,7.39211430388511,-1.1335085245850405
game8/Clip7,296,player_top,4.273299817902903,25.13824171660807
game8/Clip7,297,player_bottom,7.320507401158215,-1.03193207546585
game8/Clip7,297,player_top,4.4447189351571135,25.14748552089503
game8/Clip7,298,player_bottom,7.186124158718257,-1.000480233538871
game8/Clip7,298,player_top,4.605726986965556,25.235556769908257
game8/Clip7,299,player_bottom,6.9977653571879115,-1.051999323216332
game8/Clip7,299,player_top,4.7662813055590165,25.32613444270531
game8/Clip7,300,player_bottom,6.844312361303272,-1.0441140283312587
game8/Clip7,300,player_top,4.941327285187075,25.496819071229393
game8/Clip7,301,player_bottom,6.7642414895808525,-1.0204436044803673
game8/Clip7,301,player_top,5.128623548544136,25.56319873630986
game8/Clip7,302,player_bottom,6.681129953855412,-0.9984594351740692
game8/Clip7,302,player_top,5.333594668918131,25.62883363147675
game8/Clip7,303,player_bottom,6.611654418261134,-0.9630105129425092
game8/Clip7,303,player_top,5.6399922870609105,25.732504561690625
game8/Clip7,304,player_bottom,6.4940690516354485,-0.9663112040906411
game8/Clip7,304,player_top,-0.21438585258468756,31.713129693277367
game8/Clip7,305,player_bottom,6.379158456908517,-0.9471299985689714
game8/Clip7,305,player_top,-0.21435450280746393,31.71305181230601
game8/Clip7,306,player_bottom,6.227337463013964,-0.90666132702201
game8/Clip7,306,player_top,-0.21432315310198483,31.712973931512884
game8/Clip7,307,player_bottom,6.077408775844618,-0.8634088468589343
game8/Clip7,307,player_top,6.486384366153252,26.15645999145153
game8/Clip7,308,player_bottom,5.969084783956855,-0.6440185727861735
game8/Clip7,308,player_top,6.5774449676717595,26.189488083278558
game8/Clip7,309,player_bottom,5.851414043355573,-0.5478875028458146
game8/Clip7,309,player_top,6.65192639966486,26.33676731450198
game8/Clip7,310,player_bottom,5.7232866736670625,-0.7106250151315264
game8/Clip7,310,player_top,-0.21419775499749963,31.712662410122718
game8/Clip7,311,player_bottom,5.552626115492513,-0.7783284884079377
game8/Clip7,311,player_top,6.906080580429804,26.10115540498997
game8/Clip7,312,player_bottom,5.377764169010575,-0.8209613042700677
game8/Clip7,312,player_top,7.068056508100233,26.100524968696238
game8/Clip7,313,player_bottom,5.23760710373487,-0.824267295428844
game8/Clip7,313,player_top,-0.21410370717244528,31.7124287709515
game8/Clip7,314,player_bottom,5.148272203427035,-0.7948371428816803
game8/Clip7,314,player_top,-0.21407235804091107,31.71235089158421
game8/Clip7,315,player_bottom,5.088467128114094,-0.6293896726883182
game8/Clip7,315,player_top,-0.21404100898112136,31.712273012395155
game8/Clip7,316,player_bottom,5.017203778551371,-0.5174497458476618
game8/Clip7,316,player_top,-0.21400965999307145,31.712195133384316
game8/Clip7,317,player_bottom,4.928515199531855,-0.41759343380422753
game8/Clip7,317,player_top,-0.21397831107676332,31.712117254551707
game8/Clip7,318,player_bottom,4.813587577132451,-0.3501697584791434
game8/Clip7,318,player_top,-0.21394696223219672,31.71203937589732
game8/Clip7,319,player_bottom,4.688943725888887,-0.02741969128016971
game8/Clip7,319,player_top,-0.21391561345937143,31.711961497421164
game8/Clip7,320,player_bottom,4.531113019439252,0.1953733883553612
game8/Clip7,320,player_top,-0.21388426475828942,31.711883619123224
game8/Clip7,321,player_bottom,4.348344973075302,0.28221401980214245
game8/Clip7,321,player_top,-0.21385291612894597,31.711805741003513
game8/Clip7,322,player_bottom,4.220415452621034,0.3008259178801155
game8/Clip7,322,player_top,-0.21382156757134305,31.711727863062013
game8/Clip7,323,player_bottom,4.142776452947094,0.404684362484333
game8/Clip7,323,player_top,-0.2137902190854805,31.71164998529875
game8/Clip7,324,player_bottom,4.097038852265283,0.4935747051000384
game8/Clip7,324,player_top,-0.21375887067136015,31.711572107713693
game8/Clip7,325,player_bottom,4.045409777114396,0.525121733439654
game8/Clip7,325,player_top,-0.21372752232897746,31.71149423030686
game8/Clip7,326,player_bottom,3.891177864846885,0.50491202408674
game8/Clip7,326,player_top,8.639213002170468,26.482438942798094
game8/Clip7,327,player_bottom,3.7426363800665134,0.4920382246876489
game8/Clip7,327,player_top,8.676169216330386,26.574169348644872
game8/Clip7,328,player_bottom,3.524611147014912,0.4962350174889264
game8/Clip7,328,player_top,8.706327582710024,26.628952914480134
game8/Clip7,329,player_bottom,3.326203972851719,0.6152572883426721
game8/Clip7,329,player_top,8.717311543742895,26.62683532250335
game8/Clip7,330,player_bottom,3.1741482703486303,0.6175763615822791
game8/Clip7,330,player_top,8.734128822662779,26.6647292233131
game8/Clip7,331,player_bottom,3.0246004141768466,0.5848319484042636
game8/Clip7,331,player_top,8.752109050496886,26.678486179642242
game8/Clip7,332,player_bottom,2.89005487077709,0.5023185407021663
game8/Clip7,332,player_top,8.758785086442215,26.74825445091053
game8/Clip7,333,player_bottom,2.7071769791430835,0.4318960994846504
game8/Clip7,333,player_top,8.752509882474651,26.797486711185993
game8/Clip7,334,player_bottom,2.583699709461744,0.41107864313333514
game8/Clip7,334,player_top,8.730196199548136,26.809791444688564
game8/Clip7,335,player_bottom,2.503060423737536,0.4426055549046495
game8/Clip7,335,player_top,8.672489791333259,26.798279612472903
game8/Clip7,336,player_bottom,2.435157655581983,0.37619967868793225
game8/Clip7,336,player_top,-0.21338269529753398,31.710637590594104
game8/Clip7,337,player_bottom,2.3252448306691242,0.3223426985533585
game8/Clip7,337,player_top,8.506775541250704,26.79253843182008
game8/Clip7,338,player_bottom,2.1709899842438674,0.2538624558349012
game8/Clip7,338,player_top,8.418420705179956,26.779999841829557
game8/Clip7,339,player_bottom,1.9964814471353494,0.2014600368735614
game8/Clip7,339,player_top,8.33443167808274,26.661180536786492
game8/Clip7,340,player_bottom,1.8493832150400313,0.24992189267648868
game8/Clip7,340,player_top,8.244207473032771,26.44450371107564
game8/Clip7,341,player_bottom,1.7201852344847055,0.2750502181188451
game8/Clip7,341,player_top,-0.21322595860727925,31.71024821603506
game8/Clip7,342,player_bottom,1.5732496307296868,0.24030046250508869
game8/Clip7,342,player_top,-0.2131946114844357,31.71017034165787
game8/Clip7,343,player_bottom,1.4557040198826918,-0.0287052849034887
game8/Clip7,343,player_top,8.007117171664587,26.193109783785033
game8/Clip7,344,player_bottom,1.3270158906414733,-0.13804465261348187
game8/Clip7,344,player_top,-0.2131319174539568,31.710014593438146
game8/Clip7,345,player_bottom,1.1901568161424394,-0.1926741076066714
game8/Clip7,345,player_top,7.870949323136995,25.996820707357028
game8/Clip7,346,player_bottom,1.0446168624246686,-0.20010594785534977
game8/Clip7,346,player_top,7.817657623908735,25.99518666250453
game8/Clip7,347,player_bottom,0.937767860773008,-0.21187203796325654
game8/Clip7,347,player_top,7.7385548386261185,25.973141592056674
game8/Clip7,348,player_bottom,0.8191899105969682,-0.2885995806629014
game8/Clip7,348,player_top,7.662853314808838,25.942727835402795
game8/Clip7,349,player_bottom,0.69860530153403,-0.4152312138782122
game8/Clip7,349,player_top,7.598007715281616,25.95671238922629
game8/Clip7,350,player_bottom,0.5976614579331999,-0.5228230420092694
game8/Clip7,350,player_top,7.554157784091659,25.984774356072766
game8/Clip7,351,player_bottom,0.4691725184457904,-0.5103684759785829
game8/Clip7,351,player_top,7.506119004404055,26.03810049400251
game8/Clip7,352,player_bottom,0.3028430214553889,-0.5405522299844537
game8/Clip7,352,player_top,7.429561908566867,25.934889614382
game8/Clip7,353,player_bottom,0.17365794824680544,-0.6355920994403287
game8/Clip7,353,player_top,7.352621899211664,25.89237263032548
game8/Clip7,354,player_bottom,0.08859709468611347,-0.9932031309690552
game8/Clip7,354,player_top,7.258659325907317,25.878500583649277
game8/Clip7,355,player_bottom,-0.016527807727538858,-1.198084736659774
game8/Clip7,355,player_top,7.163783248757528,25.84569398651814
game8/Clip7,356,player_bottom,-0.0865912828612469,-1.2901680488981677
game8/Clip7,356,player_top,7.067061906584065,25.72270404269637
game8/Clip7,357,player_bottom,-0.17501231235232964,-1.3131744180265361
game8/Clip7,357,player_top,7.00327069060926,25.673820127646273
game8/Clip7,358,player_bottom,-0.3079835752385935,-1.3483617933870853
game8/Clip7,358,player_top,6.9441665166793545,25.576010083617952
game8/Clip7,359,player_bottom,-0.4050604107896469,-1.396620227005103
game8/Clip7,359,player_top,6.891265674792373,25.72661802604226
game8/Clip7,360,player_bottom,-0.4882062822610178,-1.524447432399805
game8/Clip7,360,player_top,6.819941518728361,25.663659491023434
game8/Clip7,361,player_bottom,-0.6428831400082036,-1.6936197872887484
game8/Clip7,361,player_top,6.7487730590989825,25.600838390780893
game8/Clip7,362,player_bottom,-0.767267092775373,-1.8355107167972817
game8/Clip7,362,player_top,6.677759786645854,25.538154275787246
game8/Clip7,363,player_bottom,-0.8495426329911708,-2.0034890033767017
game8/Clip7,363,player_top,6.606901194329109,25.475606698473392
game8/Clip7,364,player_bottom,-0.9810649101549106,-1.9495771642108557
game8/Clip7,364,player_top,6.536196777315324,25.41319521321792
game8/Clip7,365,player_bottom,-1.1164930598550797,-1.9587702013699324
game8/Clip7,365,player_top,6.46564603296555,25.350919376336467
game8/Clip7,366,player_bottom,-1.1823875983260401,-2.289618005490818
game8/Clip7,366,player_top,6.395248460823376,25.288778746071237
game8/Clip7,367,player_bottom,-1.2068782951372083,-2.511420324939524
game8/Clip7,367,player_top,6.325003562603125,25.226772882580555
game8/Clip7,368,player_bottom,-1.3011042641784625,-2.603196505132974
game8/Clip7,368,player_top,6.249643024060582,25.18960998680705
game8/Clip7,369,player_bottom,-1.3548555896259722,-2.6397576403473266
game8/Clip7,369,player_top,6.180998092081484,25.163274928663053
game8/Clip7,370,player_bottom,-1.3872557319683074,-2.6583412739464785
game8/Clip7,370,player_top,6.136181983152563,25.162210606412966
game8/Clip7,371,player_bottom,-1.3869650477296351,-2.652543834616304
game8/Clip7,371,player_top,6.111098901502384,25.16560124364972
game8/Clip7,372,player_bottom,-1.3866742585357084,-2.6467443020466948
game8/Clip7,372,player_top,6.0908831777514605,25.15297401774691
game8/Clip7,373,player_bottom,-1.386383364329675,-2.640942675103744
game8/Clip7,373,player_top,6.093831603656615,25.062533366598725
game8/Clip7,374,player_bottom,-1.3860923650546424,-2.6351389526527442
game8/Clip7,374,player_top,6.08481163090641,25.01430718688463
game8/Clip7,375,player_bottom,-1.3858012606536696,-2.629333133558179
game8/Clip7,375,player_top,6.063453180048701,25.016297744439537
game8/Clip7,376,player_bottom,-1.3855100510697864,-2.6235252166836895
game8/Clip7,376,player_top,6.040539334616022,25.08902742787999
game8/Clip7,377,player_bottom,-1.3852187362459698,-2.6177152008921047
game8/Clip7,377,player_top,5.9889042710400275,25.095813618755336
game8/Clip7,378,player_bottom,-1.3849273161251623,-2.6119030850454252
game8/Clip7,378,player_top,5.958725547714048,25.057610733509183
game8/Clip7,379,player_bottom,-1.3846357906502649,-2.606088868004839
game8/Clip7,379,player_top,5.9336410193909614,25.004620331520638
game8/Clip7,380,player_bottom,-1.3843441597641335,-2.60027254863071
game8/Clip7,380,player_top,5.920552691915078,24.977536715769364
game8/Clip7,381,player_bottom,-1.384052423409588,-2.5944541257825704
game8/Clip7,381,player_top,5.920552691915078,24.977536715769364
game8/Clip7,382,player_bottom,-1.383760581529401,-2.5886335983191255
game8/Clip7,382,player_top,5.920552691915078,24.977536715769364
game8/Clip7,383,player_bottom,-1.3834686340663092,-2.5828109650982642
game8/Clip7,383,player_top,5.920552691915078,24.977536715769364
game8/Clip7,384,player_bottom,-1.3831765809630028,-2.5769862249770488
game8/Clip7,384,player_top,5.920552691915078,24.977536715769364
game8/Clip7,385,player_bottom,-1.3828844221621357,-2.5711593768117016
game8/Clip7,385,player_top,5.920552691915078,24.977536715769364
game8/Clip7,386,player_bottom,-1.3825921576063167,-2.565330419457634
game8/Clip7,386,player_top,5.920552691915078,24.977536715769364
game8/Clip7,387,player_bottom,-1.3822997872381129,-2.559499351769416
game8/Clip7,387,player_top,5.920552691915078,24.977536715769364
game8/Clip7,388,player_bottom,-1.3820073110000513,-2.5536661726007863
game8/Clip7,388,player_top,5.920552691915078,24.977536715769364
game8/Clip7,389,player_bottom,-1.3817147288346192,-2.547830880804666
game8/Clip7,389,player_top,5.920552691915078,24.977536715769364
game8/Clip7,390,player_bottom,-1.3814220406842577,-2.541993475233136
game8/Clip7,390,player_top,5.920552691915078,24.977536715769364
game8/Clip7,391,player_bottom,-1.3811292464913678,-2.5361539547374568
game8/Clip7,391,player_top,5.920552691915078,24.977536715769364
game8/Clip7,392,player_bottom,-1.3808363461983115,-2.53031231816803
game8/Clip7,392,player_top,5.920552691915078,24.977536715769364
game8/Clip7,393,player_bottom,-1.380543339747405,-2.52446856437445
game8/Clip7,393,player_top,5.920552691915078,24.977536715769364
game8/Clip7,394,player_bottom,-1.380250227080925,-2.5186226922054713
game8/Clip7,394,player_top,-0.2146849707885522,31.690881684476533
game8/Clip7,395,player_bottom,-1.3799570081411077,-2.5127747005090035
game8/Clip7,395,player_top,5.920552691915078,24.977536715769364
game8/Clip7,396,player_bottom,-1.3796636828701443,-2.5069245881321356
game8/Clip7,396,player_top,5.920552691915078,24.977536715769364
game8/Clip7,397,player_bottom,-1.3793702512101842,-2.5010723539211037
game8/Clip7,397,player_top,5.920552691915078,24.977536715769364
game8/Clip7,398,player_bottom,-1.379076713103338,-2.4952179967213235
game8/Clip7,398,player_top,5.920552691915078,24.977536715769364
game8/Clip7,399,player_bottom,-1.3787830684916702,-2.4893615153773565
game8/Clip7,399,player_top,5.920552691915078,24.977536715769364
game8/Clip7,400,player_bottom,-1.378489317317208,-2.4835029087329388
game8/Clip7,400,player_top,-0.2199480823849076,31.709067529573257
game8/Clip7,401,player_bottom,-1.3781954595219312,-2.47764217563097
game8/Clip7,401,player_top,-0.21739850388588938,31.706460619188423
game8/Clip7,402,player_bottom,-1.3779014950477826,-2.471779314913485
game8/Clip7,402,player_top,-0.21435370275917504,31.699374901267745
game8/Clip7,403,player_bottom,-1.3776074238366578,-2.465914325421706
game8/Clip7,403,player_top,-0.21556171874862118,31.692529683864887
game8/Clip7,404,player_bottom,-1.3773132458304156,-2.4600472059959917
game8/Clip7,404,player_top,-0.21883952780358518,31.69242980606834
game8/Clip7,405,player_bottom,-1.3770189609708672,-2.454177955475885
game8/Clip7,405,player_top,-0.2203477240534446,31.69652103853515
game8/Clip7,406,player_bottom,-1.376724569199786,-2.44830657270006
game8/Clip7,406,player_top,-0.2208799671402236,31.69795701122431
game8/Clip7,407,player_bottom,-1.3764300704589005,-2.4424330565063532
game8/Clip7,407,player_top,-0.21976291769254278,31.689853991098794
game8/Clip7,408,player_bottom,-1.325265418778304,-2.448255268910017
game8/Clip7,408,player_top,-0.21933769751103507,31.68617394893607
game8/Clip7,409,player_bottom,-1.2764034734216394,-2.4617091773764455
game8/Clip7,409,player_top,-0.21944314320794367,31.685344017725125
game8/Clip7,410,player_bottom,-1.2200939495256307,-2.4418929179179036
game8/Clip7,410,player_top,-0.21975559715930915,31.68630205896168
game8/Clip7,411,player_bottom,-1.1574589858498727,-2.4251394197332745
game8/Clip7,411,player_top,-0.2252662013118126,31.682503919381084
game8/Clip7,412,player_bottom,-1.0923810375803713,-2.420012441807426
game8/Clip7,412,player_top,-0.2276755932058028,31.68238308195576
game8/Clip7,413,player_bottom,-1.0438535770744974,-2.4051140638933344
game8/Clip7,413,player_top,-0.22793601094507307,31.675502905250962
game8/Clip7,414,player_bottom,-1.0160401020818945,-2.4031913461019037
game8/Clip7,414,player_top,-0.22879641635534634,31.67162800229141
game8/Clip7,415,player_bottom,-0.9967254343011258,-2.39835856082152
game8/Clip7,415,player_top,-0.22955971874879,31.673926298238896
game8/Clip7,416,player_bottom,-0.9724536209973944,-2.3859710063574044
game8/Clip7,416,player_top,-0.2294189662883528,31.67112227600049
game8/Clip7,417,player_bottom,-0.9640749073337785,-2.3768247132350715
game8/Clip7,417,player_top,-0.22956432584448638,31.674120502355443
game8/Clip7,418,player_bottom,-0.9545473257759335,-2.3402953463925154
game8/Clip7,418,player_top,-0.23092752806047,31.683962008598282
game8/Clip7,419,player_bottom,-0.9311182729463324,-2.3035214946814127
game8/Clip7,419,player_top,-0.2290370791855058,31.683557327984584
game8/Clip7,420,player_bottom,-0.8988798236672185,-2.293466707152988
game8/Clip7,420,player_top,-0.2285727808108584,31.67907409641811
game8/Clip7,421,player_bottom,-0.8645358992281332,-2.267371742791124
game8/Clip7,421,player_top,-0.22558593842969016,31.677055322821253
game8/Clip8,0,player_bottom,2.863306009071789,-1.3979520976625859
game8/Clip8,0,player_top,7.817594239920198,24.256247788235736
game8/Clip8,1,player_bottom,2.863306009071789,-1.3979520976625859
game8/Clip8,1,player_top,7.817594239920198,24.256247788235736
game8/Clip8,2,player_bottom,2.88070313241362,-1.3528824742284695
game8/Clip8,2,player_top,7.816097207581915,24.24247706745091
game8/Clip8,3,player_bottom,2.8966951135853614,-1.299506879112946
game8/Clip8,3,player_top,7.808459924381536,24.24407518165976
game8/Clip8,4,player_bottom,2.914606976919544,-1.2732828891067496
game8/Clip8,4,player_top,7.807719832121774,24.242353307037753
game8/Clip8,5,player_bottom,2.9211121653841032,-1.234538037980303
game8/Clip8,5,player_top,7.810728447572833,24.253974843184807
game8/Clip8,6,player_bottom,2.9346503490870366,-1.2107909977221283
game8/Clip8,6,player_top,7.80672212894291,24.254682489830316
game8/Clip8,7,player_bottom,2.942788455138382,-1.185087681039933
game8/Clip8,7,player_top,7.804482248329159,24.254069153584133
game8/Clip8,8,player_bottom,2.959678655526488,-1.1706382420229495
game8/Clip8,8,player_top,7.809980661132039,24.264830433464862
game8/Clip8,9,player_bottom,2.9762523485124905,-1.1857776135911144
game8/Clip8,9,player_top,7.8181138570800055,24.258938493869977
game8/Clip8,10,player_bottom,2.9883330397860655,-1.192764810548373
game8/Clip8,10,player_top,7.817875878480249,24.251253738697443
game8/Clip8,11,player_bottom,3.0061067091574216,-1.1969425083405205
game8/Clip8,11,player_top,7.816258410166531,24.23766117335008
game8/Clip8,12,player_bottom,3.0128963688719783,-1.205154673478362
game8/Clip8,12,player_top,7.815495334759279,24.233249456969656
game8/Clip8,13,player_bottom,3.0041990656274136,-1.182738069866815
game8/Clip8,13,player_top,7.813671220744379,24.23220967095533
game8/Clip8,14,player_bottom,3.010896879981207,-1.0376339133670567
game8/Clip8,14,player_top,7.808761673649172,24.216373573042784
game8/Clip8,15,player_bottom,3.062279671923981,-0.9500270072502731
game8/Clip8,15,player_top,7.8044121284251275,24.21542667911176
game8/Clip8,16,player_bottom,3.1002037409355467,-0.8318096469959704
game8/Clip8,16,player_top,7.803273374751811,24.21871566791008
game8/Clip8,17,player_bottom,3.1461085048343924,-0.7714109680982645
game8/Clip8,17,player_top,7.803604408892062,24.21935973867913
game8/Clip8,18,player_bottom,3.1950132916395093,-0.7258728783448805
game8/Clip8,18,player_top,7.79659460407975,24.217731903893657
game8/Clip8,19,player_bottom,3.2076782019480503,-0.6764819939450664
game8/Clip8,19,player_top,7.778542529915943,24.220469095967246
game8/Clip8,20,player_bottom,3.191777550526161,-0.6061504669586367
game8/Clip8,20,player_top,7.737044191345247,24.213845418373076
game8/Clip8,21,player_bottom,3.163893979538059,-0.5330410167044454
game8/Clip8,21,player_top,7.691012524990461,24.16307966916649
game8/Clip8,22,player_bottom,3.1216149590939835,-0.517225165685244
game8/Clip8,22,player_top,7.662471575054457,24.068503546518304
game8/Clip8,23,player_bottom,3.089122331775385,-0.5200769206891579
game8/Clip8,23,player_top,7.649265139758453,24.00760539099612
game8/Clip8,24,player_bottom,3.0761266914648906,-0.5244585180168442
game8/Clip8,24,player_top,7.648162803206279,23.997761027579443
game8/Clip8,25,player_bottom,3.0538329671494027,-0.5302160125226658
game8/Clip8,25,player_top,7.6501280231287465,23.991303696677715
game8/Clip8,26,player_bottom,3.018234444840419,-0.5351634176143121
game8/Clip8,26,player_top,7.664668405442934,23.951590262144595
game8/Clip8,27,player_bottom,2.999051715223011,-0.5396154955964181
game8/Clip8,27,player_top,7.688408894234158,23.979079100973024
game8/Clip8,28,player_bottom,2.9896649695663586,-0.5455711560933083
game8/Clip8,28,player_top,7.713171891089616,24.045792721385737
game8/Clip8,29,player_bottom,2.9913372881690754,-0.5424680153280045
game8/Clip8,29,player_top,7.737089525481267,24.013910985369794
game8/Clip8,30,player_bottom,3.0232939495622366,-0.6079546162622816
game8/Clip8,30,player_top,7.764609163860972,23.94875872129029
game8/Clip8,31,player_bottom,3.0563655804430403,-0.6176457450306567
game8/Clip8,31,player_top,7.834043844251923,23.883257349517113
game8/Clip8,32,player_bottom,3.062726741087426,-0.6756256972334731
game8/Clip8,32,player_top,7.903053394986772,23.854852689247565
game8/Clip8,33,player_bottom,3.0658461863669193,-0.7480831364159016
game8/Clip8,33,player_top,-3.2617493494539085,10.020594365303207
game8/Clip8,34,player_bottom,3.056674294974041,-0.8087336537332153
game8/Clip8,34,player_top,7.988761795191264,23.7967409120894
game8/Clip8,35,player_bottom,3.0545323793909676,-0.9511005753662918
game8/Clip8,35,player_top,8.046127178242724,23.738443871793
game8/Clip8,36,player_bottom,3.0460542192573192,-0.9976338620791285
game8/Clip8,36,player_top,8.130793745349097,23.68756465494008
game8/Clip8,37,player_bottom,3.015654415573429,-1.0049342108647916
game8/Clip8,37,player_top,8.282251384482391,23.65277730447248
game8/Clip8,38,player_bottom,2.9856916528356114,-0.9959805117813099
game8/Clip8,38,player_top,8.4208442710662,23.612522804329114
game8/Clip8,39,player_bottom,2.9531407829697103,-1.0115662957511204
game8/Clip8,39,player_top,8.513348319212982,23.46721004541572
game8/Clip8,40,player_bottom,2.9151502379910617,-1.0651743001827536
game8/Clip8,40,player_top,8.575666705889429,23.232810290155573
game8/Clip8,41,player_bottom,2.853824689242903,-1.198675257826923
game8/Clip8,41,player_top,-3.2617493494539085,10.020594365303207
game8/Clip8,42,player_bottom,2.7997303483774734,-1.4081027171461193
game8/Clip8,42,player_top,8.71578959243703,23.038922918935462
game8/Clip8,43,player_bottom,2.7251547691756968,-1.5652854574837565
game8/Clip8,43,player_top,-3.2617493494539085,10.020594365303207
game8/Clip8,44,player_bottom,2.667890378349541,-1.679293562929478
game8/Clip8,44,player_top,8.854055053209537,22.86150995594446
game8/Clip8,45,player_bottom,2.6146126232669875,-1.7519103203082453
game8/Clip8,45,player_top,8.946713291482881,22.7985626604872
game8/Clip8,46,player_bottom,2.592880987751443,-1.780163922860358
game8/Clip8,46,player_top,9.024287763756634,22.7560741345551
game8/Clip8,47,player_bottom,2.5883997904955343,-1.7823433273963212
game8/Clip8,47,player_top,9.083697146941583,22.76987649998979
game8/Clip8,48,player_bottom,2.5905800471107883,-1.771632299464005
game8/Clip8,48,player_top,9.119000572288476,22.728319968257104
game8/Clip8,49,player_bottom,2.556654486944142,-1.7520309194452217
game8/Clip8,49,player_top,9.157176585951621,22.676870384709904
game8/Clip8,50,player_bottom,2.4350815944802884,-1.724666108024607
game8/Clip8,50,player_top,9.172544455033858,22.648987425466423
game8/Clip8,51,player_bottom,2.280979485889873,-1.6800611052996264
game8/Clip8,51,player_top,9.167957988062064,22.607313909654007
game8/Clip8,52,player_bottom,2.1586686405688598,-1.6702983644327811
game8/Clip8,52,player_top,9.163886376663344,22.59822760060031
game8/Clip8,53,player_bottom,2.0570630501801257,-1.726892771732275
game8/Clip8,53,player_top,9.136566871220776,22.598452913289456
game8/Clip8,54,player_bottom,1.9630733285290733,-1.7945048557937515
game8/Clip8,54,player_top,9.08900663358794,22.576801642683005
game8/Clip8,55,player_bottom,1.836637959181652,-1.8191811319415379
game8/Clip8,55,player_top,-3.2617493494539085,10.020594365303207
game8/Clip8,56,player_bottom,1.7297591009290114,-1.8157719946631719
game8/Clip8,56,player_top,-3.2617493494539085,10.020594365303207
game8/Clip8,57,player_bottom,1.6463223756072305,-1.8087901023043265
game8/Clip8,57,player_top,-3.2617493494539085,10.020594365303207
game8/Clip8,58,player_bottom,1.588880585095383,-1.8004465606128883
game8/Clip8,58,player_top,8.711583343401369,22.570230227621025
game8/Clip8,59,player_bottom,1.5180333292984423,-1.803462945988586
game8/Clip8,59,player_top,8.604862733526947,22.61120374009702
game8/Clip8,60,player_bottom,1.4533797069065193,-1.7909321580056499
game8/Clip8,60,player_top,8.516232196302772,22.676248802390955
game8/Clip8,61,player_bottom,1.4033000246546217,-1.7647907112456434
game8/Clip8,61,player_top,8.394363706178723,22.538027194611825
game8/Clip8,62,player_bottom,1.3369379700230044,-1.7074961163067297
game8/Clip8,62,player_top,8.323803527158427,22.534487493435737
game8/Clip8,63,player_bottom,1.2410357769174285,-1.6438222216646083
game8/Clip8,63,player_top,8.232445152008422,22.663503057644583
game8/Clip8,64,player_bottom,1.2175541405438035,-1.6289881131335935
game8/Clip8,64,player_top,8.087978249464483,22.645827582180527
game8/Clip8,65,player_bottom,1.1518618686563118,-1.5489748334164783
game8/Clip8,65,player_top,8.01233151832161,22.55150374159656
game8/Clip8,66,player_bottom,1.1235549655082724,-1.4456042464180676
game8/Clip8,66,player_top,-3.2617493494539085,10.020594365303207
game8/Clip8,67,player_bottom,1.0748298091937731,-1.338123914385849
game8/Clip8,67,player_top,7.7737277574494605,22.687467001381133
game8/Clip8,68,player_bottom,1.04018238473865,-1.3040333954498047
game8/Clip8,68,player_top,7.659360852599672,22.654673331929974
game8/Clip8,69,player_bottom,0.978571456601287,-1.2748608976462121
game8/Clip8,69,player_top,7.54943392059217,22.662144720260063
game8/Clip8,70,player_bottom,0.918811468149076,-1.2677666608210187
game8/Clip8,70,player_top,7.413606585435717,22.51146071970166
game8/Clip8,71,player_bottom,0.8423622217735535,-1.2443663915651744
game8/Clip8,71,player_top,7.28330200394216,22.425506457609817
game8/Clip8,72,player_bottom,0.8171087711955771,-1.2473328627871927
game8/Clip8,72,player_top,7.145165569734786,22.377768826832185
game8/Clip8,73,player_bottom,0.7795189570487445,-1.2738815899830291
game8/Clip8,73,player_top,7.044000988579961,22.384923477327643
game8/Clip8,74,player_bottom,0.7257229216383727,-1.275458158331637
game8/Clip8,74,player_top,6.991305791271016,22.385157880049984
game8/Clip8,75,player_bottom,0.6653779935240354,-1.2812292863578023
game8/Clip8,75,player_top,6.953229533548641,22.50289029138178
game8/Clip8,76,player_bottom,0.6164019398542496,-1.3220776265019298
game8/Clip8,76,player_top,6.868365867078737,22.704258503660032
game8/Clip8,77,player_bottom,0.5818027871336755,-1.408913220205714
game8/Clip8,77,player_top,6.700561697050126,22.865082083285543
game8/Clip8,78,player_bottom,0.5606750240653297,-1.4776621596537758
game8/Clip8,78,player_top,6.506735488473946,22.985997714858744
game8/Clip8,79,player_bottom,0.5695199359040305,-1.5261874426866235
game8/Clip8,79,player_top,6.323866263472477,23.005457061125146
game8/Clip8,80,player_bottom,0.5814563458617491,-1.5319300924083623
game8/Clip8,80,player_top,6.20636689911891,23.0507019611556
game8/Clip8,81,player_bottom,0.5911488014666095,-1.5179626990340584
game8/Clip8,81,player_top,6.107908928528768,23.24341099671006
game8/Clip8,82,player_bottom,0.6059535975992374,-1.4751421543049736
game8/Clip8,82,player_top,5.971273482468281,23.008716193906594
game8/Clip8,83,player_bottom,0.5855987499865083,-1.3670307184431763
game8/Clip8,83,player_top,5.813740020408845,22.906948470503295
game8/Clip8,84,player_bottom,0.6752471624811236,-1.253267938962154
game8/Clip8,84,player_top,5.6386419088105635,22.799743370729484
game8/Clip8,85,player_bottom,0.7640280228986188,-1.2160156420554238
game8/Clip8,85,player_top,-3.2617493494539085,10.020594365303207
game8/Clip8,86,player_bottom,0.8777121985153211,-1.229249092751945
game8/Clip8,86,player_top,5.21723818851537,22.591858124729523
game8/Clip8,87,player_bottom,1.0142971981416058,-1.2426659186783178
game8/Clip8,87,player_top,5.055315097076851,22.58287694512418
game8/Clip8,88,player_bottom,1.0997803970040114,-1.1911238314824253
game8/Clip8,88,player_top,4.850487719803521,22.52315492507716
game8/Clip8,89,player_bottom,1.1918227857626331,-1.1418364523781124
game8/Clip8,89,player_top,4.715310146942333,22.640746627055716
game8/Clip8,90,player_bottom,1.280631390535569,-1.0130439100843311
game8/Clip8,90,player_top,4.567211547202668,22.725707961169345
game8/Clip8,91,player_bottom,1.4032720316762455,-0.967889166393236
game8/Clip8,91,player_top,4.436127403244595,22.717012472400782
game8/Clip8,92,player_bottom,1.5444700277819865,-1.013786584410034
game8/Clip8,92,player_top,4.204146941990159,22.62278926002022
game8/Clip8,93,player_bottom,1.6888881871911314,-1.0082692467820675
game8/Clip8,93,player_top,4.037046897457941,22.57332383664225
game8/Clip8,94,player_bottom,1.7857950814820014,-1.0216392867235993
game8/Clip8,94,player_top,-3.2617493494539085,10.020594365303207
game8/Clip8,95,player_bottom,1.9024249267017919,-1.0558509465565369
game8/Clip8,95,player_top,3.8902525288128174,22.294513892857612
game8/Clip8,96,player_bottom,2.034165318419203,-1.0783210760951323
game8/Clip8,96,player_top,3.8151809006399917,22.378962378831307
game8/Clip8,97,player_bottom,2.1403325883474094,-1.0973264787806323
game8/Clip8,97,player_top,3.7156190976252725,22.248020748791422
game8/Clip8,98,player_bottom,2.2257584217578246,-1.1436817680284368
game8/Clip8,98,player_top,3.593788868829979,21.895558961031117
game8/Clip8,99,player_bottom,2.3115605082704027,-1.1574814012105215
game8/Clip8,99,player_top,3.511172458511338,21.74566475867039
game8/Clip8,100,player_bottom,2.437681019891325,-1.1594194440756367
game8/Clip8,100,player_top,3.44630441081505,21.667831315222912
game8/Clip8,101,player_bottom,2.5799599520529046,-1.1346130542789874
game8/Clip8,101,player_top,3.3814375751306773,21.5147079034532
game8/Clip8,102,player_bottom,2.7391129098473406,-1.1449929874424147
game8/Clip8,102,player_top,3.327453606486203,21.397941289703418
game8/Clip8,103,player_bottom,2.8577158794311983,-1.1629640697203028
game8/Clip8,103,player_top,3.278161399249959,21.283484210883994
game8/Clip8,104,player_bottom,2.9735025855822497,-1.213915566848552
game8/Clip8,104,player_top,3.2104139810639647,21.229902136196763
game8/Clip8,105,player_bottom,3.080195961514926,-1.2153068477419904
game8/Clip8,105,player_top,3.070556401376295,21.23536191741799
game8/Clip8,106,player_bottom,3.2066227652603327,-1.2876040857211917
game8/Clip8,106,player_top,2.9442448792056672,21.224544663498758
game8/Clip8,107,player_bottom,3.29410794231797,-1.3800382463502778
game8/Clip8,107,player_top,2.829825998209275,21.2041065809251
game8/Clip8,108,player_bottom,3.4254874199906324,-1.5188868974282739
game8/Clip8,108,player_top,2.73518657246978,21.19825359317593
game8/Clip8,109,player_bottom,3.549338300303737,-1.572026753462263
game8/Clip8,109,player_top,2.6593138300529215,21.21316617172747
game8/Clip8,110,player_bottom,3.6632040037652316,-1.6250258384808893
game8/Clip8,110,player_top,2.6058531616868117,21.233048037428112
game8/Clip8,111,player_bottom,3.7343090574495057,-1.6984949773096156
game8/Clip8,111,player_top,2.535579619704802,21.25895153228591
game8/Clip8,112,player_bottom,3.7667946049701837,-1.7314882122075603
game8/Clip8,112,player_top,2.4645991348446348,21.280470487232513
game8/Clip8,113,player_bottom,3.8394832092347744,-1.757638655664832
game8/Clip8,113,player_top,2.406549470796917,21.28463044298665
game8/Clip8,114,player_bottom,3.9815173200347393,-1.7638020129967795
game8/Clip8,114,player_top,2.3640227532180473,21.381782073924732
game8/Clip8,115,player_bottom,4.17389438613656,-1.7584161470911612
game8/Clip8,115,player_top,2.3250444701426773,21.544775577090746
game8/Clip8,116,player_bottom,4.3689211744137255,-1.768477944040346
game8/Clip8,116,player_top,2.289626826228327,21.741273777970473
game8/Clip8,117,player_bottom,4.492124870986588,-1.775136056436432
game8/Clip8,117,player_top,2.2549897101230116,21.863899434907886
game8/Clip8,118,player_bottom,4.576013949895714,-1.7571861713336603
game8/Clip8,118,player_top,2.2043310710461403,21.935032064790498
game8/Clip8,119,player_bottom,4.732781138893206,-1.598203289114235
game8/Clip8,119,player_top,2.1624341511735508,22.025384159637632
game8/Clip8,120,player_bottom,4.819449179965136,-1.5306243315747765
game8/Clip8,120,player_top,2.1300903040895416,22.168653424880695
game8/Clip8,121,player_bottom,4.9730019039284725,-1.509974260656298
game8/Clip8,121,player_top,2.0995462203308835,22.199427346438814
game8/Clip8,122,player_bottom,5.172072322740363,-1.5190941076061
game8/Clip8,122,player_top,2.093452898259999,22.226212041709594
game8/Clip8,123,player_bottom,5.337070485013106,-1.59504239844567
game8/Clip8,123,player_top,2.0915932991175215,22.199248571303066
game8/Clip8,124,player_bottom,5.476541782933442,-1.6433724358414328
game8/Clip8,124,player_top,2.0948537757602534,22.200011716804347
game8/Clip8,125,player_bottom,5.5924296459562965,-1.6527167530583333
game8/Clip8,125,player_top,2.1035864926139656,22.198634073485287
game8/Clip8,126,player_bottom,5.685085524791966,-1.6585626764127213
game8/Clip8,126,player_top,2.11332065650184,22.187354194097686
game8/Clip8,127,player_bottom,5.782326099638831,-1.6432889562841049
game8/Clip8,127,player_top,2.1164999468172883,22.26105350557914
game8/Clip8,128,player_bottom,5.889269565083851,-1.5385640254566482
game8/Clip8,128,player_top,2.1394761458626403,22.363462104509676
game8/Clip8,129,player_bottom,6.036178981637756,-1.2189957351958056
game8/Clip8,129,player_top,2.192972688092262,22.464152490888605
game8/Clip8,130,player_bottom,6.223948637139796,-1.0306625704522354
game8/Clip8,130,player_top,2.279958695019671,22.65741508487993
game8/Clip8,131,player_bottom,6.374099538364507,-0.9059791713516059
game8/Clip8,131,player_top,2.372146015076506,22.858645133378527
game8/Clip8,132,player_bottom,6.4029445806502965,-0.8467631136176903
game8/Clip8,132,player_top,2.437412226523207,23.012055033182744
game8/Clip8,133,player_bottom,6.508975719742881,-0.786659467678266
game8/Clip8,133,player_top,2.5075685185489562,23.02838845216596
game8/Clip8,134,player_bottom,6.63334813689799,-0.777090087131142
game8/Clip8,134,player_top,2.5692525408323967,22.96878370263826
game8/Clip8,135,player_bottom,6.7511895340428545,-0.7567512465862932
game8/Clip8,135,player_top,2.6549755967684883,22.797110225621395
game8/Clip8,136,player_bottom,6.85036740717315,-0.7356403763287425
game8/Clip8,136,player_top,2.693037157004473,22.767836291185095
game8/Clip8,137,player_bottom,6.9500452938284525,-0.6283898846319875
game8/Clip8,137,player_top,2.7080248047026356,22.752335154951155
game8/Clip8,138,player_bottom,7.074719275090343,-0.3069236506920688
game8/Clip8,138,player_top,2.7116939718408224,22.75464703113162
game8/Clip8,139,player_bottom,7.157426919175664,-0.17843422153983846
game8/Clip8,139,player_top,2.706247610379751,22.75710997930301
game8/Clip8,140,player_bottom,7.2463217827550235,-0.12312092650642951
game8/Clip8,140,player_top,2.7051732677548452,22.751586989774427
game8/Clip8,141,player_bottom,7.303099278151939,-0.037749255631143834
game8/Clip8,141,player_top,2.7073351785276656,22.7417253857927
game8/Clip8,142,player_bottom,7.360953385137174,0.023687318548411804
game8/Clip8,142,player_top,2.7079124507099426,22.79530400730969
game8/Clip8,143,player_bottom,7.452893847669838,0.07032459213164072
game8/Clip8,143,player_top,2.702524912776803,22.90046177001439
game8/Clip8,144,player_bottom,7.564956219761149,0.15883719780294053
game8/Clip8,144,player_top,2.6868096298067083,23.02294359129595
game8/Clip8,145,player_bottom,7.6581442749587545,0.19997762232098687
game8/Clip8,145,player_top,2.6789942839139966,23.15884986290391
game8/Clip8,146,player_bottom,7.711698421330229,0.20853779218683569
game8/Clip8,146,player_top,2.6975559689861863,23.197141644991802
game8/Clip8,147,player_bottom,7.7539474180636,0.20087427024631663
game8/Clip8,147,player_top,2.7139850583915077,23.201919911664316
game8/Clip8,148,player_bottom,7.7694844983608515,0.21696773368209504
game8/Clip8,148,player_top,2.715059229846645,23.20105168787129
game8/Clip8,149,player_bottom,7.7914695310185555,0.28217522156528385
game8/Clip8,149,player_top,2.6704017116515675,23.27262723011453
game8/Clip8,150,player_bottom,7.820626934145663,0.39745672055959863
game8/Clip8,150,player_top,2.673772965516493,23.28996233888352
game8/Clip8,151,player_bottom,7.824945418758704,0.4650314102784983
game8/Clip8,151,player_top,2.7016058045157405,23.315281799841884
game8/Clip8,152,player_bottom,7.830611461060728,0.48977445151638027
game8/Clip8,152,player_top,2.7782935782883817,23.345458024069433
game8/Clip8,153,player_bottom,7.833609384438653,0.4847279240882787
game8/Clip8,153,player_top,2.903453473622744,23.52581246412961
game8/Clip8,154,player_bottom,7.828272250666759,0.4784809468197965
game8/Clip8,154,player_top,3.0741502764020048,23.623437265696765
game8/Clip8,155,player_bottom,7.824238163419275,0.4889288407231604
game8/Clip8,155,player_top,3.210774586550052,23.621509424313416
game8/Clip8,156,player_bottom,7.828609458453728,0.49836856368538557
game8/Clip8,156,player_top,3.3051439796228617,23.656604100906186
game8/Clip8,157,player_bottom,7.811429204231282,0.5112081974398653
game8/Clip8,157,player_top,3.3986608848103925,23.73138362304761
game8/Clip8,158,player_bottom,7.73333853433752,0.4806626756822214
game8/Clip8,158,player_top,3.5459803881533194,23.720148240561677
game8/Clip8,159,player_bottom,7.738473337728229,0.46344947452566515
game8/Clip8,159,player_top,3.7063461609437436,23.58521913074595
game8/Clip8,160,player_bottom,7.568583005339413,0.452594634693177
game8/Clip8,160,player_top,-3.2617493494539085,10.020594365303207
game8/Clip8,161,player_bottom,7.431351127673104,0.45472579122076356
game8/Clip8,161,player_top,4.123213423843287,23.512872421020525
game8/Clip8,162,player_bottom,7.327497904010569,0.45448828985241646
game8/Clip8,162,player_top,4.235086944687004,23.524073311689566
game8/Clip8,163,player_bottom,7.2516773584161065,0.5033935042704645
game8/Clip8,163,player_top,4.301107716162035,23.500445216874898
game8/Clip8,164,player_bottom,7.181095942167685,0.6614289420642153
game8/Clip8,164,player_top,4.447138757420932,23.517262404346845
game8/Clip8,165,player_bottom,7.079734793456772,0.670590070074786
game8/Clip8,165,player_top,4.572735683819016,23.595310394594957
game8/Clip8,166,player_bottom,6.976315600954929,0.5372401613850072
game8/Clip8,166,player_top,4.664263195741403,23.690255135273986
game8/Clip8,167,player_bottom,6.787932198250359,0.48592075983879507
game8/Clip8,167,player_top,4.824690858375614,23.99071896140601
game8/Clip8,168,player_bottom,6.709717416061428,0.35105062190213965
game8/Clip8,168,player_top,4.9661253715403815,23.848571557361094
game8/Clip8,169,player_bottom,6.665861419624962,0.2989534921422787
game8/Clip8,169,player_top,5.161817792575972,23.97441570222165
game8/Clip8,170,player_bottom,6.592014179179591,0.26106544773086404
game8/Clip8,170,player_top,5.295315375644609,24.071558272572375
game8/Clip8,171,player_bottom,6.476713704499405,0.2532008371735573
game8/Clip8,171,player_top,5.435253179997971,24.770503263933357
game8/Clip8,172,player_bottom,6.289911065421124,0.22755925082769854
game8/Clip8,172,player_top,5.567375912823544,24.448557693717277
game8/Clip8,173,player_bottom,6.167291485771055,0.2657343204101254
game8/Clip8,173,player_top,5.676938184071656,24.2307054392328
game8/Clip8,174,player_bottom,6.066681754826681,0.3795848790056583
game8/Clip8,174,player_top,5.724901727149933,24.13893670071247
game8/Clip8,175,player_bottom,5.9558434109992495,0.4326967521719398
game8/Clip8,175,player_top,5.932113840503855,24.143953528175878
game8/Clip8,176,player_bottom,5.821113787618505,0.20091348986605334
game8/Clip8,176,player_top,6.077599474527679,24.113535899970316
game8/Clip8,177,player_bottom,5.682923666592028,0.08187903817265052
game8/Clip8,177,player_top,6.184626814618507,24.111474804930964
game8/Clip8,178,player_bottom,5.599069220764754,0.114693191114207
game8/Clip8,178,player_top,6.272875298221338,24.106229414758094
game8/Clip8,179,player_bottom,5.471973471215998,0.08547163495106384
game8/Clip8,179,player_top,6.312861247997416,24.157780505416643
game8/Clip8,180,player_bottom,5.348178324082297,-0.07423159988481978
game8/Clip8,180,player_top,6.333229820988716,24.203944901289148
game8/Clip8,181,player_bottom,5.24732034852592,-0.141621302183583
game8/Clip8,181,player_top,6.350279839673922,24.241619451783716
game8/Clip8,182,player_bottom,5.020134330858816,-0.1907764410307029
game8/Clip8,182,player_top,6.378992859800316,24.31472225016427
game8/Clip8,183,player_bottom,4.808948883476083,-0.19687794130108036
game8/Clip8,183,player_top,6.409176582695987,24.351863393956968
game8/Clip8,184,player_bottom,4.664665421186632,-0.19810169542715453
game8/Clip8,184,player_top,6.44535215756051,24.45491047954873
game8/Clip8,185,player_bottom,4.571903367475071,-0.18232581249807941
game8/Clip8,185,player_top,6.4664297790814755,24.504173461274004
game8/Clip8,186,player_bottom,4.4300721043045606,-0.2045749019782738
game8/Clip8,186,player_top,6.482427047863783,24.51387909830394
game8/Clip8,187,player_bottom,4.265773802147104,-0.30318094149365266
game8/Clip8,187,player_top,6.490226819387488,24.55108096652537
game8/Clip8,188,player_bottom,4.093213730928129,-0.3534775668834389
game8/Clip8,188,player_top,6.490860072428282,24.58448273879552
game8/Clip8,189,player_bottom,3.9598773322792895,-0.4128554581538725
game8/Clip8,189,player_top,6.487511529569823,24.55436934495424
game8/Clip8,190,player_bottom,3.808782043656178,-0.5413170471628744
game8/Clip8,190,player_top,6.478113891008661,24.432646833151715
game8/Clip8,191,player_bottom,3.6714114178101993,-0.6302916589265363
game8/Clip8,191,player_top,6.465200595251,24.25919526477905
game8/Clip8,192,player_bottom,3.58013890107956,-0.7130700682478475
game8/Clip8,192,player_top,6.44157976643309,24.209201293278554
game8/Clip8,193,player_bottom,3.5036762522222205,-0.657603642228056
game8/Clip8,193,player_top,6.382179021035259,24.167819406356372
game8/Clip8,194,player_bottom,3.4095098483628834,-0.6184210085821772
game8/Clip8,194,player_top,6.304480918303399,24.110056259189506
game8/Clip8,195,player_bottom,3.2297787967109155,-0.5874292575235979
game8/Clip8,195,player_top,6.2409953841084755,24.138195479326505
game8/Clip8,196,player_bottom,3.0701543086912313,-0.5997870989879367
game8/Clip8,196,player_top,6.177780601679078,24.142887593286428
game8/Clip8,197,player_bottom,2.9578749595786937,-0.6296356778111762
game8/Clip8,197,player_top,6.1049314325051585,24.046584242574657
game8/Clip8,198,player_bottom,2.881559560465757,-0.6363352639519134
game8/Clip8,198,player_top,6.059410913153991,23.943343867563616
game8/Clip8,199,player_bottom,2.8069093754224186,-0.6123522606514576
game8/Clip8,199,player_top,5.993388179426862,23.81932617908173
game8/Clip8,200,player_bottom,2.7331594945047386,-0.5563991225889091
game8/Clip8,200,player_top,5.939844224522674,23.69689278473409
game8/Clip8,201,player_bottom,2.6703003093816537,-0.529947726823683
game8/Clip8,201,player_top,5.885716987000358,23.591785344153962
game8/Clip8,202,player_bottom,2.604771933255898,-0.5063085855947779
game8/Clip8,202,player_top,5.844361659692675,23.513355406847012
game8/Clip8,203,player_bottom,2.5502506899702078,-0.4702105440888971
game8/Clip8,203,player_top,5.805083861076912,23.497273490203238
game8/Clip8,204,player_bottom,2.499704649473162,-0.4494324659710708
game8/Clip8,204,player_top,5.781844076785208,23.530800090193015
game8/Clip8,205,player_bottom,2.4490115238418535,-0.4199510707476235
game8/Clip8,205,player_top,5.722462641611756,23.49166426151608
game8/Clip8,206,player_bottom,2.4441370669377585,-0.4152418820519478
game8/Clip8,206,player_top,5.61891414859059,23.256939797925416
game8/Clip8,207,player_bottom,2.3383402300887766,-0.40247328321053627
game8/Clip8,207,player_top,5.552055937934083,23.07179860347892
game8/Clip8,208,player_bottom,2.284725576337995,-0.41417003696632654
game8/Clip8,208,player_top,5.520074520165638,22.919651932704095
game8/Clip8,209,player_bottom,2.3079965620427103,-0.4336796386563518
game8/Clip8,209,player_top,5.4882477471787725,22.86236923431213
game8/Clip8,210,player_bottom,2.293555303770102,-0.4783237290378881
game8/Clip8,210,player_top,5.465529388342361,22.84058861361344
game8/Clip8,211,player_bottom,2.1964866437948585,-0.5252789226899132
game8/Clip8,211,player_top,5.459209198118611,22.80677483424267
game8/Clip8,212,player_bottom,2.060369058508451,-0.532649496143936
game8/Clip8,212,player_top,5.457364864844797,22.776556766087758
game8/Clip8,213,player_bottom,1.9724897234541883,-0.5483254498432134
game8/Clip8,213,player_top,5.46219261948468,22.770053335650005
game8/Clip8,214,player_bottom,1.9130629553282517,-0.5894469357639484
game8/Clip8,214,player_top,5.4952928707750885,22.802068229569212
game8/Clip8,215,player_bottom,1.903413521975871,-0.6710330570169772
game8/Clip8,215,player_top,5.54494180031576,22.841133253190648
game8/Clip8,216,player_bottom,1.8998129045397418,-0.7252219325812153
game8/Clip8,216,player_top,5.6412000984994375,22.896813737834783
game8/Clip8,217,player_bottom,1.8628256216971792,-0.7456774483227742
game8/Clip8,217,player_top,5.767010538650903,22.894044806798856
game8/Clip8,218,player_bottom,1.854087993605606,-0.7634295490748668
game8/Clip8,218,player_top,5.937344686225499,23.029203154490656
game8/Clip8,219,player_bottom,1.8891239699175892,-0.7619106109540144
game8/Clip8,219,player_top,6.0157321292533315,22.922011246763073
game8/Clip8,220,player_bottom,1.9676057702574277,-0.7712081880373979
game8/Clip8,220,player_top,6.075363030597575,22.745706147377263
game8/Clip8,221,player_bottom,2.036921455327555,-0.7836872983395219
game8/Clip8,221,player_top,6.132857278802211,22.629222101185132
game8/Clip8,222,player_bottom,2.121385363608038,-0.8009315699122369
game8/Clip8,222,player_top,6.229873450854329,22.498137435913062
game8/Clip8,223,player_bottom,2.1960633654284396,-0.8102472244749628
game8/Clip8,223,player_top,6.355310807441305,22.398636877204797
game8/Clip8,224,player_bottom,2.2678245926152876,-0.8208497533559517
game8/Clip8,224,player_top,6.558956718585243,22.40730581265442
game8/Clip8,225,player_bottom,2.316360155224263,-0.8944023983285345
game8/Clip8,225,player_top,6.710505110928814,22.40810069656456
game8/Clip8,226,player_bottom,2.3357794726174284,-0.9897024765992236
game8/Clip8,226,player_top,6.867294933876744,22.30976716510488
game8/Clip8,227,player_bottom,2.3892447240420003,-1.0698940372676524
game8/Clip8,227,player_top,7.004563075213916,22.294970834364833
game8/Clip8,228,player_bottom,2.462358314795611,-1.1286817388292059
game8/Clip8,228,player_top,7.0835237331106224,22.31981559966255
game8/Clip8,229,player_bottom,2.5286711649538174,-1.2475974845424656
game8/Clip8,229,player_top,7.159394309636701,22.318670215745584
game8/Clip8,230,player_bottom,2.5886499312336633,-1.433167641828892
game8/Clip8,230,player_top,7.220150524451703,22.266324985006577
game8/Clip8,231,player_bottom,2.6250692725480045,-1.5530782137960784
game8/Clip8,231,player_top,7.299412980439446,22.271357714608687
game8/Clip8,232,player_bottom,2.652093409156937,-1.6281665250811357
game8/Clip8,232,player_top,7.36679999465307,22.242129705938005
game8/Clip8,233,player_bottom,2.6566421337310016,-1.6613041878419796
game8/Clip8,233,player_top,7.429239913664502,22.223496397047068
game8/Clip8,234,player_bottom,2.648058683988153,-1.6702850251354189
game8/Clip8,234,player_top,7.459392230779976,22.322343404597472
game8/Clip8,235,player_bottom,2.6340347103765147,-1.6643013144024645
game8/Clip8,235,player_top,7.463724925733743,22.36158490270629
game8/Clip8,236,player_bottom,2.6303805805708005,-1.6300257546761456
game8/Clip8,236,player_top,7.501962307496183,22.298344169594813
game8/Clip8,237,player_bottom,2.617833251355988,-1.6106192671354713
game8/Clip8,237,player_top,7.526137847151181,22.332725074301315
game8/Clip8,238,player_bottom,2.586479660261488,-1.5975200002562482
game8/Clip8,238,player_top,7.555302921090602,22.3401936294818
game8/Clip8,239,player_bottom,2.5592272843621244,-1.6143948243592623
game8/Clip8,239,player_top,-3.2617493494539085,10.020594365303207
game8/Clip8,240,player_bottom,2.534015420929138,-1.6649221143716129
game8/Clip8,240,player_top,-3.2617493494539085,10.020594365303207
game8/Clip8,241,player_bottom,2.5052620861944925,-1.7437442791825035
game8/Clip8,241,player_top,-3.2617493494539085,10.020594365303207
game8/Clip8,242,player_bottom,2.495116886863792,-1.8253032323448077
game8/Clip8,242,player_top,7.647294837255071,22.21514564957417
game8/Clip8,243,player_bottom,2.4883433331666835,-1.8961407405778867
game8/Clip8,243,player_top,7.686924797585376,22.27970415575072
game8/Clip8,244,player_bottom,2.487507583894207,-1.9034144345780342
game8/Clip8,244,player_top,7.719803986022501,22.280115898801437
game8/Clip8,245,player_bottom,2.485543321424403,-1.8690464012260721
game8/Clip8,245,player_top,-3.2617493494539085,10.020594365303207
game8/Clip8,246,player_bottom,2.4641355616328258,-1.8430605163521865
game8/Clip8,246,player_top,-3.2617493494539085,10.020594365303207
game8/Clip8,247,player_bottom,2.3827935046418216,-1.7886445449094412
game8/Clip8,247,player_top,-3.2617493494539085,10.020594365303207
game8/Clip8,248,player_bottom,2.2995719160971406,-1.7803137760849732
game8/Clip8,248,player_top,-3.2617493494539085,10.020594365303207
game8/Clip8,249,player_bottom,2.242626387963565,-1.7689873989152278
game8/Clip8,249,player_top,7.607309092322977,22.454622437470313
game8/Clip8,250,player_bottom,2.1901134797045296,-1.709269626017028
game8/Clip8,250,player_top,7.569409982836815,22.434139790367084
game8/Clip8,251,player_bottom,2.136083963951292,-1.6482241643041768
game8/Clip8,251,player_top,7.5311430691420425,22.389557656116622
game8/Clip8,252,player_bottom,2.092197196347098,-1.7697542267998623
game8/Clip8,252,player_top,7.496170083367616,22.352911676012774
game8/Clip8,253,player_bottom,2.0715945859915688,-1.8351081839785217
game8/Clip8,253,player_top,7.45352994388224,22.324517434269225
game8/Clip8,254,player_bottom,2.0597448625903816,-1.8566020104764314
game8/Clip8,254,player_top,7.412414439161734,22.30174013290039
game8/Clip8,255,player_bottom,2.0601986672093933,-1.857207773466496
game8/Clip8,255,player_top,7.379772415123202,22.301550616373348
game8/Clip8,256,player_bottom,2.0863880204413876,-1.8483212003792275
game8/Clip8,256,player_top,-3.2617493494539085,10.020594365303207
game8/Clip8,257,player_bottom,2.1399027327767937,-1.7347955390332392
game8/Clip8,257,player_top,7.263582216390941,22.332292775239942
game8/Clip8,258,player_bottom,2.1497649107528463,-1.261642429336212
game8/Clip8,258,player_top,7.130592768890125,22.345127424415644
game8/Clip8,259,player_bottom,2.215674277424474,-1.0917447030864462
game8/Clip8,259,player_top,6.997144114625574,22.397233756795405
game8/Clip8,260,player_bottom,2.2625995648347352,-0.7764522602862136
game8/Clip8,260,player_top,6.910235528213035,22.405682328062642
game8/Clip8,261,player_bottom,2.3040412989778893,-0.7499183225034896
game8/Clip8,261,player_top,6.835089092227319,23.12819968227613
game8/Clip8,262,player_bottom,2.400983018307608,-0.7480064244476942
game8/Clip8,262,player_top,6.733031892224771,22.740757388121928
game8/Clip8,263,player_bottom,2.500961275319096,-0.7475324533946788
game8/Clip8,263,player_top,6.640418452299538,22.50463917257021
game8/Clip8,264,player_bottom,2.5543915153699768,-0.7423538598520348
game8/Clip8,264,player_top,6.559386389917134,22.440857577686288
game8/Clip8,265,player_bottom,2.5725211996690245,-0.7325550505948374
game8/Clip8,265,player_top,6.41650419850803,22.395099948050998
game8/Clip8,266,player_bottom,2.5970376266022916,-0.7342964952551625
game8/Clip8,266,player_top,6.239169718682839,22.361591904191933
game8/Clip8,267,player_bottom,2.566806569713965,-0.7200947439037346
game8/Clip8,267,player_top,6.13533310212861,22.355093589056615
game8/Clip8,268,player_bottom,2.5686358655438264,-0.7141115632352513
game8/Clip8,268,player_top,6.101708680313877,22.345672294293813
game8/Clip8,269,player_bottom,2.5809467076783124,-0.6700239854145372
game8/Clip8,269,player_top,6.053621883434166,22.376469854959662
game8/Clip8,270,player_bottom,2.5926970437037404,-0.647985561452978
game8/Clip8,270,player_top,5.986425485697069,22.414324455572558
game8/Clip8,271,player_bottom,2.608409625059183,-0.5667147609720531
game8/Clip8,271,player_top,5.9134452634149355,22.499264240384722
game8/Clip8,272,player_bottom,2.628698788161165,-0.3040482406759111
game8/Clip8,272,player_top,5.862354300283678,22.694952483870974
game8/Clip8,273,player_bottom,2.6648237697574557,-0.04483600848903535
game8/Clip8,273,player_top,5.814614992961755,23.039856074413734
game8/Clip8,274,player_bottom,2.6994696677070484,0.0782997289613064
game8/Clip8,274,player_top,5.755001626686469,23.296294745554246
game8/Clip8,275,player_bottom,2.7388249629377786,0.18256012321550494
game8/Clip8,275,player_top,5.686642366537143,23.37815628037945
game8/Clip8,276,player_bottom,2.7666518986949113,0.2501715185458494
game8/Clip8,276,player_top,5.63928433511843,23.38544521251233
game8/Clip8,277,player_bottom,2.803132421455392,0.22381022446878887
game8/Clip8,277,player_top,5.572809341145056,23.400233358301236
game8/Clip8,278,player_bottom,2.8484592275352365,0.247997003638476
game8/Clip8,278,player_top,5.518388354488026,23.37497156034529
game8/Clip8,279,player_bottom,2.919938056745189,0.25394330940011334
game8/Clip8,279,player_top,5.486312301761173,23.35881398494578
game8/Clip8,280,player_bottom,2.99566571956771,0.2502871535677091
game8/Clip8,280,player_top,5.483846789849006,23.38756545591182
game8/Clip8,281,player_bottom,3.0798819809714577,0.24502111132436333
game8/Clip8,281,player_top,-3.2617493494539085,10.020594365303207
game8/Clip8,282,player_bottom,3.1398612795962193,0.24528965126147514
game8/Clip8,282,player_top,5.360614107430381,23.59433531353726
game8/Clip8,283,player_bottom,3.1893090061565346,0.27640507667681474
game8/Clip8,283,player_top,5.205641718193059,23.691974992492487
game8/Clip8,284,player_bottom,3.2150580394170074,0.3404638007294697
game8/Clip8,284,player_top,4.998038424196784,23.780728328037466
game8/Clip8,285,player_bottom,3.260638029031741,0.5199100366130572
game8/Clip8,285,player_top,4.794752935622561,23.81174890647509
game8/Clip8,286,player_bottom,3.2977024818371254,0.7105077672564247
game8/Clip8,286,player_top,4.662078155855985,23.85283646090485
game8/Clip8,287,player_bottom,3.325453122920973,0.8792932864075436
game8/Clip8,287,player_top,4.54235424301313,23.98812058959704
game8/Clip8,288,player_bottom,3.3274930465702233,1.000434064300791
game8/Clip8,288,player_top,-3.2617493494539085,10.020594365303207
game8/Clip8,289,player_bottom,3.352729188144395,1.0815379650393888
game8/Clip8,289,player_top,4.3105009777942955,24.19696919287572
game8/Clip8,290,player_bottom,3.3813971742459494,1.1723396832707829
game8/Clip8,290,player_top,4.205432047328402,24.269878304862136
game8/Clip8,291,player_bottom,3.384568646567338,1.2410724271759068
game8/Clip8,291,player_top,4.06821391972448,24.08269759139193
game8/Clip8,292,player_bottom,3.3660923739423905,1.3568263745451123
game8/Clip8,292,player_top,3.939650656310205,23.995593719144736
game8/Clip8,293,player_bottom,3.360745116600159,1.5186028931830549
game8/Clip8,293,player_top,3.7404061582505177,23.97415909573628
game8/Clip8,294,player_bottom,3.4108793985219688,1.6327846081093398
game8/Clip8,294,player_top,3.5656848915552763,23.97844362875931
game8/Clip8,295,player_bottom,3.4671938128143553,1.7435883179062122
game8/Clip8,295,player_top,3.3920926351309855,23.95828787262272
game8/Clip8,296,player_bottom,3.496520304155203,1.8492336629011812
game8/Clip8,296,player_top,3.2282438600935,23.934984077291702
game8/Clip8,297,player_bottom,3.50739545444026,1.9212281190628975
game8/Clip8,297,player_top,3.1249007410176795,23.92931114935186
game8/Clip8,298,player_bottom,3.507673246275168,1.9555254327338067
game8/Clip8,298,player_top,3.0413754037036647,23.93277189595057
game8/Clip8,299,player_bottom,3.5076854676977103,2.0146422090071807
game8/Clip8,299,player_top,2.9454885528221393,23.94564231879302
game8/Clip8,300,player_bottom,3.4999398342465957,2.0485294988685134
game8/Clip8,300,player_top,2.8605223779341205,23.98965366430117
game8/Clip8,301,player_bottom,3.4806024560945095,2.1140503142058975
game8/Clip8,301,player_top,2.762687239988246,24.213044467426432
game8/Clip8,302,player_bottom,3.482500090432538,2.1775877946830513
game8/Clip8,302,player_top,2.672320193639792,24.254041638996906
game8/Clip8,303,player_bottom,3.492586975123072,2.2277616993617966
game8/Clip8,303,player_top,2.5945475658917534,24.344968257912022
game8/Clip8,304,player_bottom,3.5029820020045555,2.3306940151416806
game8/Clip8,304,player_top,2.502080131014719,24.351792932496185
game8/Clip8,305,player_bottom,3.5068192290059055,2.4140682028137537
game8/Clip8,305,player_top,2.417091712352588,24.371916538772044
game8/Clip8,306,player_bottom,3.5118467525755954,2.513598881235022
game8/Clip8,306,player_top,2.341079653824477,24.375989128346575
game8/Clip8,307,player_bottom,3.508030601780815,2.6231091723472573
game8/Clip8,307,player_top,2.2694325683433854,24.268781509425146
game8/Clip8,308,player_bottom,3.4983038367143644,2.7154821396341857
game8/Clip8,308,player_top,2.179997472613681,24.36607454173847
game8/Clip8,309,player_bottom,3.5110031825918573,2.802952040128773
game8/Clip8,309,player_top,2.095957441041543,24.388946172340784
game8/Clip8,310,player_bottom,3.519878101409226,2.856895903708771
game8/Clip8,310,player_top,2.0062686847431275,24.417892037264057
game8/Clip8,311,player_bottom,3.519950562900208,2.8958082434041756
game8/Clip8,311,player_top,1.9460363111073407,24.433366029548058
game8/Clip8,312,player_bottom,3.533060431295965,2.908059185824575
game8/Clip8,312,player_top,1.9194633988951262,24.445324029730312
game8/Clip8,313,player_bottom,3.54043479873885,2.9177073037534376
game8/Clip8,313,player_top,1.8872935809820073,24.437359822789425
game8/Clip8,314,player_bottom,3.5494945995511697,2.924279370542183
game8/Clip8,314,player_top,1.8660343680284421,24.410012387181336
game8/Clip8,315,player_bottom,3.548721894342449,2.9415636524179174
game8/Clip8,315,player_top,1.8293003330607387,24.44152498183442
game8/Clip8,316,player_bottom,3.538566102478709,3.0062948754250174
game8/Clip8,316,player_top,1.7746055614671932,24.57152477608884
game8/Clip8,317,player_bottom,3.5409849457302998,3.135341431231199
game8/Clip8,317,player_top,1.720862237421013,24.54136035266561
game8/Clip8,318,player_bottom,3.5495109084419276,3.263749198583246
game8/Clip8,318,player_top,1.6745059270647233,24.604495594051386
game8/Clip9,0,player_bottom,2.977019938323892,-1.126533727993682
game8/Clip9,0,player_top,7.84933564955206,24.24889862127538
game8/Clip9,1,player_bottom,2.977019938323892,-1.126533727993682
game8/Clip9,1,player_top,7.84933564955206,24.24889862127538
game8/Clip9,2,player_bottom,2.9876694530627694,-0.9034772288027638
game8/Clip9,2,player_top,7.850314283372377,24.242069445056632
game8/Clip9,3,player_bottom,3.0207061595542566,-0.7580371031718444
game8/Clip9,3,player_top,7.851841757037623,24.245646267832576
game8/Clip9,4,player_bottom,3.067768279721409,-0.5852879042712389
game8/Clip9,4,player_top,7.852009092375854,24.253114271034622
game8/Clip9,5,player_bottom,3.1136994574097194,-0.49132105577364615
game8/Clip9,5,player_top,7.852389927258568,24.26988145901296
game8/Clip9,6,player_bottom,3.178804289384549,-0.5542314478203096
game8/Clip9,6,player_top,7.851725152822077,24.282963257359487
game8/Clip9,7,player_bottom,3.2114451755536484,-0.5056832552252669
game8/Clip9,7,player_top,7.842786864652843,24.288676189985242
game8/Clip9,8,player_bottom,3.2253713116276184,-0.42354752305044624
game8/Clip9,8,player_top,7.800860991799394,24.309795192737255
game8/Clip9,9,player_bottom,3.22841732692926,-0.3325835790109087
game8/Clip9,9,player_top,7.745510639549174,24.292355229574476
game8/Clip9,10,player_bottom,3.2336468474679183,-0.3033252229894154
game8/Clip9,10,player_top,7.686205742455818,24.242491202126224
game8/Clip9,11,player_bottom,3.208659416877507,-0.3009584648128613
game8/Clip9,11,player_top,7.644480666439408,24.13738510346329
game8/Clip9,12,player_bottom,3.1849025115321905,-0.2972723428836867
game8/Clip9,12,player_top,7.630516440187168,24.09038861387664
game8/Clip9,13,player_bottom,3.1703240990001986,-0.30545341163914885
game8/Clip9,13,player_top,7.629005359685763,24.088277574187547
game8/Clip9,14,player_bottom,3.1456084080500757,-0.31238448000002544
game8/Clip9,14,player_top,7.638082332422375,24.08554830901641
game8/Clip9,15,player_bottom,3.1126562749885425,-0.30710369148650635
game8/Clip9,15,player_top,7.656648463610935,24.110671006077197
game8/Clip9,16,player_bottom,3.1002527524804484,-0.3048016676665714
game8/Clip9,16,player_top,7.694313847768349,24.17308773009928
game8/Clip9,17,player_bottom,3.096272389881628,-0.29082944243373887
game8/Clip9,17,player_top,7.708802646562065,24.020606621205346
game8/Clip9,18,player_bottom,3.104547678796548,-0.30776666309888523
game8/Clip9,18,player_top,7.729969553639379,23.918477414488088
game8/Clip9,19,player_bottom,3.107992950419179,-0.3847052888062177
game8/Clip9,19,player_top,7.760227313286498,23.915099087842155
game8/Clip9,20,player_bottom,3.12449702012222,-0.45632707067291906
game8/Clip9,20,player_top,7.815228889222013,23.89224875820383
game8/Clip9,21,player_bottom,3.1201641089441403,-0.49204837483058605
game8/Clip9,21,player_top,7.871191565341458,23.84055242869843
game8/Clip9,22,player_bottom,3.1146021702405804,-0.5881981642214194
game8/Clip9,22,player_top,7.924514769270762,23.804766152114848
game8/Clip9,23,player_bottom,3.0800828392236785,-0.6803914958494841
game8/Clip9,23,player_top,7.97211463678025,23.73934616233869
game8/Clip9,24,player_bottom,3.064623788719096,-0.7627752754457283
game8/Clip9,24,player_top,8.011509768611036,23.659916853948936
game8/Clip9,25,player_bottom,3.058454679700476,-0.818786836917229
game8/Clip9,25,player_top,8.056743787451058,23.62766573048868
game8/Clip9,26,player_bottom,3.026282378710692,-0.8613197549802981
game8/Clip9,26,player_top,8.141504011439508,23.564680463451708
game8/Clip9,27,player_bottom,2.98527207950463,-0.869017275959369
game8/Clip9,27,player_top,8.22573439871805,23.557354127134225
game8/Clip9,28,player_bottom,2.930482530879797,-0.8665954158193357
game8/Clip9,28,player_top,8.290893148632772,23.61112733269036
game8/Clip9,29,player_bottom,2.871877874430302,-0.8801463139874561
game8/Clip9,29,player_top,8.357844885450962,23.68804877827698
game8/Clip9,30,player_bottom,2.8106814007334506,-0.93754165656986
game8/Clip9,30,player_top,8.401753091968182,23.5077192670037
game8/Clip9,31,player_bottom,2.7358439191196187,-1.0627992067906102
game8/Clip9,31,player_top,8.44136454822509,23.361067398912336
game8/Clip9,32,player_bottom,2.6596928235220836,-1.2823734199451315
game8/Clip9,32,player_top,8.54918547507412,23.45698654891858
game8/Clip9,33,player_bottom,2.5775197236821294,-1.4713822954954379
game8/Clip9,33,player_top,8.62709093384716,23.203884188747512
game8/Clip9,34,player_bottom,2.5116402263840554,-1.5947309613969436
game8/Clip9,34,player_top,8.642846738046563,22.981471962777768
game8/Clip9,35,player_bottom,2.470649843993516,-1.6349587968444041
game8/Clip9,35,player_top,8.6585839151853,22.827102650757435
game8/Clip9,36,player_bottom,2.4542724718412496,-1.629064996559528
game8/Clip9,36,player_top,8.701198947064906,22.736186768660847
game8/Clip9,37,player_bottom,2.4477465338035316,-1.5914934348708034
game8/Clip9,37,player_top,8.7196143440803,22.691598865621472
game8/Clip9,38,player_bottom,2.3948507016062592,-1.555892307698888
game8/Clip9,38,player_top,8.748151368672128,22.747082631214635
game8/Clip9,39,player_bottom,2.278776494496864,-1.5216702056818388
game8/Clip9,39,player_top,8.75142977527876,22.761640740121763
game8/Clip9,40,player_bottom,2.1330120216597934,-1.5135203055696886
game8/Clip9,40,player_top,8.73259056531224,22.771921885702728
game8/Clip9,41,player_bottom,1.9910677511653974,-1.5779402420609578
game8/Clip9,41,player_top,-3.2623388069360777,9.968514369484414
game8/Clip9,42,player_bottom,1.9274362612445184,-1.6497490680549418
game8/Clip9,42,player_top,-3.2626216764300855,9.969953230798042
game8/Clip9,43,player_bottom,1.8120901741601931,-1.6648154662286156
game8/Clip9,43,player_top,8.618353443362096,22.908281641162045
game8/Clip9,44,player_bottom,1.7321807950888952,-1.681253067851995
game8/Clip9,44,player_top,-3.263187469455623,9.972831228295872
game8/Clip9,45,player_bottom,1.6402798877600033,-1.7377787523227841
game8/Clip9,45,player_top,8.367476185315272,22.882649935988933
game8/Clip9,46,player_bottom,1.5836484851156496,-1.7591073008931444
game8/Clip9,46,player_top,8.293668241747696,23.05468290846498
game8/Clip9,47,player_bottom,1.5367977283555367,-1.7665500861612355
game8/Clip9,47,player_top,8.212157061408778,23.055094765277996
game8/Clip9,48,player_bottom,1.4967334618250658,-1.7642587611223883
game8/Clip9,48,player_top,8.119080379135923,22.86729320821677
game8/Clip9,49,player_bottom,1.409535209217642,-1.7608516644313164
game8/Clip9,49,player_top,8.013049393916972,22.844598070070035
game8/Clip9,50,player_bottom,1.3823425882036378,-1.758437821341291
game8/Clip9,50,player_top,7.875758884107595,22.791433688428143
game8/Clip9,51,player_bottom,1.3714082256316513,-1.7671571079938402
game8/Clip9,51,player_top,7.741652404969429,22.71309643253998
game8/Clip9,52,player_bottom,1.3770246451313233,-1.7574698344524406
game8/Clip9,52,player_top,7.672194474566127,22.717959818306284
game8/Clip9,53,player_bottom,1.3626163376857656,-1.7520321912969548
game8/Clip9,53,player_top,7.6132230402273064,22.6820420250466
game8/Clip9,54,player_bottom,1.3577959743618513,-1.7457141552995377
game8/Clip9,54,player_top,7.567802983213153,22.711949857037748
game8/Clip9,55,player_bottom,1.3490294001619323,-1.7435537843526567
game8/Clip9,55,player_top,7.446771877926097,22.808468516928077
game8/Clip9,56,player_bottom,1.3658899214612614,-1.748545295503867
game8/Clip9,56,player_top,7.307773829954547,22.885998547623235
game8/Clip9,57,player_bottom,1.3863895917555724,-1.747316936051832
game8/Clip9,57,player_top,7.172174675571023,22.651698445942625
game8/Clip9,58,player_bottom,1.4567819298038853,-1.747157882284385
game8/Clip9,58,player_top,7.01956942654794,22.543781391086476
game8/Clip9,59,player_bottom,1.506999394973241,-1.7347849681348535
game8/Clip9,59,player_top,6.863780149747687,22.458836065711562
game8/Clip9,60,player_bottom,1.5665821242701865,-1.7186524652366577
game8/Clip9,60,player_top,6.8157050032362925,22.449980202694896
game8/Clip9,61,player_bottom,1.5301948654220074,-1.7087666169570483
game8/Clip9,61,player_top,6.794694631448611,22.472131844600085
game8/Clip9,62,player_bottom,1.528537456488549,-1.7455954551415782
game8/Clip9,62,player_top,6.777385930676728,22.50942923379509
game8/Clip9,63,player_bottom,1.54598768569758,-1.7711638370624547
game8/Clip9,63,player_top,6.720993806129886,22.55463548484079
game8/Clip9,64,player_bottom,1.5925154625856526,-1.8059805397805417
game8/Clip9,64,player_top,6.654092539661658,22.692467731918033
game8/Clip9,65,player_bottom,1.7955470141118166,-1.8286762346264802
game8/Clip9,65,player_top,6.559527731057005,22.783345986173018
game8/Clip9,66,player_bottom,1.8611398396913268,-1.8295606524322197
game8/Clip9,66,player_top,6.423708605925814,22.625576131862058
game8/Clip9,67,player_bottom,1.923724428388855,-1.8182728512957493
game8/Clip9,67,player_top,6.354694413744062,22.570424913361204
game8/Clip9,68,player_bottom,1.956037103648849,-1.8019819275264854
game8/Clip9,68,player_top,6.293509792313274,22.503422952518868
game8/Clip9,69,player_bottom,2.0049083692017167,-1.8192243696907358
game8/Clip9,69,player_top,6.216354432945194,22.489083680896197
game8/Clip9,70,player_bottom,2.141694469502398,-1.8115062602046277
game8/Clip9,70,player_top,6.162016940573643,22.423073401767567
game8/Clip9,71,player_bottom,2.2589135877838746,-1.8298066424583228
game8/Clip9,71,player_top,6.150121582489878,22.444488052549968
game8/Clip9,72,player_bottom,2.3277020371260133,-1.9042993553102767
game8/Clip9,72,player_top,6.151394869247973,22.415602366770763
game8/Clip9,73,player_bottom,2.378861513846761,-1.8336157505338637
game8/Clip9,73,player_top,6.170726568755005,22.391488702134676
game8/Clip9,74,player_bottom,2.4308126297309087,-1.8577772186615986
game8/Clip9,74,player_top,6.157238171509148,22.464770989753514
game8/Clip9,75,player_bottom,2.4674580519837863,-2.0419497085037683
game8/Clip9,75,player_top,6.151986069419205,22.593162961134325
game8/Clip9,76,player_bottom,2.5348965907337564,-2.167937445556036
game8/Clip9,76,player_top,6.142150074854384,22.856820799911738
game8/Clip9,77,player_bottom,2.6017414565137305,-2.238042717195547
game8/Clip9,77,player_top,6.1490396334289255,23.174664943290274
game8/Clip9,78,player_bottom,2.696655657838895,-2.282263753951358
game8/Clip9,78,player_top,6.177100461553727,23.384825572510227
game8/Clip9,79,player_bottom,2.814844096728108,-2.290979095775817
game8/Clip9,79,player_top,6.236917672609415,23.683854608174
game8/Clip9,80,player_bottom,2.90683364086236,-2.314670168438741
game8/Clip9,80,player_top,6.245376706882473,23.751274467308185
game8/Clip9,81,player_bottom,2.976693384907634,-2.319631164451306
game8/Clip9,81,player_top,6.273137762032094,23.740668155985567
game8/Clip9,82,player_bottom,3.020482095831881,-2.3351279463366508
game8/Clip9,82,player_top,6.29066918036161,23.7352498095767
game8/Clip9,83,player_bottom,3.0469740485392975,-2.358043745548638
game8/Clip9,83,player_top,6.321338865702075,23.71281003203775
game8/Clip9,84,player_bottom,3.0875685414675216,-2.3872218040524262
game8/Clip9,84,player_top,6.364691035475671,23.751663973446536
game8/Clip9,85,player_bottom,3.151273311477277,-2.39633848391702
game8/Clip9,85,player_top,6.366832892058056,23.733964441596616
game8/Clip9,86,player_bottom,3.2161536686325363,-2.3951426441609205
game8/Clip9,86,player_top,6.376166688712758,23.96047905984269
game8/Clip9,87,player_bottom,3.249531403125161,-2.3759800656504346
game8/Clip9,87,player_top,6.3969798963725575,24.191511081095744
game8/Clip9,88,player_bottom,3.280091057583302,-2.3732977437354448
game8/Clip9,88,player_top,6.40556408650169,24.342564778649038
game8/Clip9,89,player_bottom,3.327731027126826,-2.411026820260373
game8/Clip9,89,player_top,6.408806850210802,24.57328123147856
game8/Clip9,90,player_bottom,3.3742365688615434,-2.4516201335465566
game8/Clip9,90,player_top,6.411533089843648,24.67079296877955
game8/Clip9,91,player_bottom,3.4367022918578516,-2.53909689739783
game8/Clip9,91,player_top,6.387700128135473,24.705757487107704
game8/Clip9,92,player_bottom,3.4910617715059056,-2.558808615707984
game8/Clip9,92,player_top,6.368261055323703,24.65778801618213
game8/Clip9,93,player_bottom,3.5356719396496947,-2.554083094161111
game8/Clip9,93,player_top,6.356040730552398,24.598578259538883
game8/Clip9,94,player_bottom,3.5618595690777966,-2.5632870895256437
game8/Clip9,94,player_top,6.333895253410559,24.42598297111915
game8/Clip9,95,player_bottom,3.5823826416487736,-2.6128341205869554
game8/Clip9,95,player_top,6.304494012242824,24.521466767118007
game8/Clip9,96,player_bottom,3.605300111726549,-2.6920377419460113
game8/Clip9,96,player_top,6.276981146404507,24.583830393478355
game8/Clip9,97,player_bottom,3.633050063065896,-2.8112770874575594
game8/Clip9,97,player_top,6.217418905500031,24.799878610279077
game8/Clip9,98,player_bottom,3.646003461234945,-2.944516118016357
game8/Clip9,98,player_top,6.156652285613668,24.741254690978682
game8/Clip9,99,player_bottom,3.637441463825301,-3.0320375017252252
game8/Clip9,99,player_top,6.099714434962385,24.56891743446743
game8/Clip9,100,player_bottom,3.6292537589018306,-3.0938626934017504
game8/Clip9,100,player_top,6.05578453549869,24.589274307316312
game8/Clip9,101,player_bottom,3.6274761035468006,-3.1182196276068943
game8/Clip9,101,player_top,6.001868462238352,24.466751920587644
game8/Clip9,102,player_bottom,3.622396465616541,-3.12666973708351
game8/Clip9,102,player_top,5.956651406166121,24.300924042007857
game8/Clip9,103,player_bottom,3.622493280392638,-3.0921505251613204
game8/Clip9,103,player_top,5.898076439479661,24.084880853859406
game8/Clip9,104,player_bottom,3.615388844065649,-3.064015609577794
game8/Clip9,104,player_top,5.863220711786937,24.026734833293062
game8/Clip9,105,player_bottom,3.592972169645542,-3.0122621649712573
game8/Clip9,105,player_top,5.835625985367183,23.978718212195556
game8/Clip9,106,player_bottom,3.551122864084007,-3.013072834982693
game8/Clip9,106,player_top,5.820469907872374,23.935860802181335
game8/Clip9,107,player_bottom,3.503840956410802,-3.011551078639158
game8/Clip9,107,player_top,5.825628919248308,23.93604246614263
game8/Clip9,108,player_bottom,3.454881770250412,-3.0293930455761493
game8/Clip9,108,player_top,5.79662832320596,23.912900341979896
game8/Clip9,109,player_bottom,3.4021754516548683,-3.0600009035339113
game8/Clip9,109,player_top,5.722734900192084,23.90741582466574
game8/Clip9,110,player_bottom,3.3434662343098873,-3.1198293687764105
game8/Clip9,110,player_top,5.6860467666350605,23.924899552072382
game8/Clip9,111,player_bottom,3.2938136628979366,-3.171282381219621
game8/Clip9,111,player_top,5.667266166376529,23.933829223681663
game8/Clip9,112,player_bottom,3.262458045079582,-3.229317531551149
game8/Clip9,112,player_top,5.626499405920278,23.92835180912179
game8/Clip9,113,player_bottom,3.2364398487693915,-3.248807008200107
game8/Clip9,113,player_top,5.61612021053695,24.04911002130737
game8/Clip9,114,player_bottom,3.222882353023091,-3.250739024941761
game8/Clip9,114,player_top,5.59272597144925,24.074243766057847
game8/Clip9,115,player_bottom,3.219681801504179,-3.243340987141912
game8/Clip9,115,player_top,5.55546941760722,24.09100591903597
game8/Clip9,116,player_bottom,3.245507154296959,-3.2219439554519345
game8/Clip9,116,player_top,5.532443084601547,24.09278547736804
game8/Clip9,117,player_bottom,3.283800624908187,-3.203102971921186
game8/Clip9,117,player_top,5.508115113035295,24.124563002752765
game8/Clip9,118,player_bottom,3.371043734332762,-3.2227636172388925
game8/Clip9,118,player_top,5.483762100649164,24.156373236794977
game8/Clip9,119,player_bottom,3.5185825170491283,-3.248366576944396
game8/Clip9,119,player_top,5.456326118160974,24.022008274944188
game8/Clip9,120,player_bottom,3.699302368407786,-3.262923061868176
game8/Clip9,120,player_top,5.439969013792176,23.877702322012055
game8/Clip9,121,player_bottom,3.856710270940862,-3.2653171720134777
game8/Clip9,121,player_top,5.413502683913959,23.813051769235976
game8/Clip9,122,player_bottom,3.964853905248764,-3.278091607525589
game8/Clip9,122,player_top,5.376752208761328,23.792801095784192
game8/Clip9,123,player_bottom,4.032150194694495,-3.255817059112041
game8/Clip9,123,player_top,5.336235864026562,23.746605233340887
game8/Clip9,124,player_bottom,4.126832307779656,-3.2131555376438214
game8/Clip9,124,player_top,5.274071559539038,23.744292097684315
game8/Clip9,125,player_bottom,4.250223074771189,-3.177685891526588
game8/Clip9,125,player_top,5.217542486671604,23.791282570130733
game8/Clip9,126,player_bottom,4.4216683663228835,-3.156621036124013
game8/Clip9,126,player_top,5.15754823702625,23.65060697180146
game8/Clip9,127,player_bottom,4.719125101062089,-3.179206114710719
game8/Clip9,127,player_top,5.089345366841319,23.536798352828413
game8/Clip9,128,player_bottom,4.820523978289736,-3.116852969183407
game8/Clip9,128,player_top,5.012535017882589,23.522918613504377
game8/Clip9,129,player_bottom,4.876571750875137,-3.1112671228892435
game8/Clip9,129,player_top,4.940714159432344,23.53671706888686
game8/Clip9,130,player_bottom,5.014620681055694,-3.1038766673780045
game8/Clip9,130,player_top,4.876266232502415,23.544088056837914
game8/Clip9,131,player_bottom,5.183445200744618,-3.0879944595644697
game8/Clip9,131,player_top,4.807745706702965,23.512543905235813
game8/Clip9,132,player_bottom,5.324716584340887,-3.0215685129507293
game8/Clip9,132,player_top,4.777029251862833,23.46219683124136
game8/Clip9,133,player_bottom,5.449128143496913,-3.163953729565256
game8/Clip9,133,player_top,4.759996857535836,23.45614283629943
game8/Clip9,134,player_bottom,5.573409728558019,-3.293231308143065
game8/Clip9,134,player_top,4.718818870964833,23.500832804964535
game8/Clip9,135,player_bottom,5.722351322013635,-3.343029421500934
game8/Clip9,135,player_top,4.688222490442943,23.540938362986783
game8/Clip9,136,player_bottom,5.8394934985362195,-3.362654294919047
game8/Clip9,136,player_top,4.622381521875477,23.586681954095194
game8/Clip9,137,player_bottom,5.9263564472679295,-3.374098989420676
game8/Clip9,137,player_top,4.553721762015248,23.642860313147683
game8/Clip9,138,player_bottom,6.028981263346893,-3.3575348965536707
game8/Clip9,138,player_top,4.502084052482762,23.7100642127015
game8/Clip9,139,player_bottom,6.183841090303597,-3.4189805743377013
game8/Clip9,139,player_top,4.443193252131536,23.85874581918576
game8/Clip9,140,player_bottom,6.305416129907596,-3.46804208224866
game8/Clip9,140,player_top,4.360543693975077,24.04265971165093
game8/Clip9,141,player_bottom,6.4345836349174474,-3.511751552969354
game8/Clip9,141,player_top,4.293239072018512,24.226416643302816
game8/Clip9,142,player_bottom,6.533780438372137,-3.5588425457478445
game8/Clip9,142,player_top,4.257180112326695,24.271832198558098
game8/Clip9,143,player_bottom,6.581192733260309,-3.5967579560227723
game8/Clip9,143,player_top,4.221068239906284,24.317314396361297
game8/Clip9,144,player_bottom,6.6411013216035055,-3.6042933655059293
game8/Clip9,144,player_top,4.184903338205976,24.362863383506507
game8/Clip9,145,player_bottom,6.672123167979468,-3.584574354491667
game8/Clip9,145,player_top,4.148685290331909,24.408479307219263
game8/Clip9,146,player_bottom,6.715890825858274,-3.6001252340585514
game8/Clip9,146,player_top,4.112413979046409,24.45416231515813
game8/Clip9,147,player_bottom,6.739713566331173,-3.6282471628423365
game8/Clip9,147,player_top,4.076089286766714,24.499912555416277
game8/Clip9,148,player_bottom,6.752025207157249,-3.6050677909738886
game8/Clip9,148,player_top,4.039711095563722,24.545730176523126
game8/Clip9,149,player_bottom,6.745376039830033,-3.613367605621217
game8/Clip9,149,player_top,4.002595527192703,24.53268439358697
game8/Clip9,150,player_bottom,6.735075713251436,-3.616444846514491
game8/Clip9,150,player_top,3.992368859242329,24.468826167439595
game8/Clip9,151,player_bottom,6.723587680258064,-3.6174443772582543
game8/Clip9,151,player_top,4.000223826252238,24.41177282417406
game8/Clip9,152,player_bottom,6.688493253237415,-3.6118273807892227
game8/Clip9,152,player_top,4.02586341953148,24.42933360746112
game8/Clip9,153,player_bottom,6.666570206818327,-3.6026491525490942
game8/Clip9,153,player_top,4.046229156616196,24.39198598671382
game8/Clip9,154,player_bottom,6.651317634386325,-3.5730745422321823
game8/Clip9,154,player_top,4.080381344650893,24.247906094744046
game8/Clip9,155,player_bottom,6.642834235012143,-3.578555973158093
game8/Clip9,155,player_top,4.152309895139241,24.088322458739537
game8/Clip9,156,player_bottom,6.603328656812832,-3.569515299208678
game8/Clip9,156,player_top,4.18631828165278,23.91593236386474
game8/Clip9,157,player_bottom,6.5275671302198575,-3.553765214300056
game8/Clip9,157,player_top,4.20076637016419,23.814594827406097
game8/Clip9,158,player_bottom,6.430584690567632,-3.54701668197896
game8/Clip9,158,player_top,4.275770929490502,23.77764006670247
game8/Clip9,159,player_bottom,6.328581929406574,-3.533366505864223
game8/Clip9,159,player_top,-3.2843612893694414,10.07851111839047
game8/Clip9,160,player_bottom,6.231349962895136,-3.507066595372995
game8/Clip9,160,player_top,4.298325022994993,23.76951258088652
game8/Clip9,161,player_bottom,6.180666598648696,-3.492573648720032
game8/Clip9,161,player_top,4.321555959971308,23.7030716968612
game8/Clip9,162,player_bottom,6.133632917402071,-3.431298998965597
game8/Clip9,162,player_top,4.3606692318305225,23.703064111028553
game8/Clip9,163,player_bottom,6.0837967089813425,-3.4130061187591614
game8/Clip9,163,player_top,4.37522105131237,23.602962210682506
game8/Clip9,164,player_bottom,6.016633260454125,-3.386686653932988
game8/Clip9,164,player_top,4.382963325168892,23.476086347159473
game8/Clip9,165,player_bottom,5.946022082104309,-3.3913571621958445
game8/Clip9,165,player_top,4.386736556665812,23.336089346885522
game8/Clip9,166,player_bottom,5.874664667407764,-3.3880516884342997
game8/Clip9,166,player_top,4.3988049248292205,23.10359633560679
game8/Clip9,167,player_bottom,5.834319910774585,-3.359359882275371
game8/Clip9,167,player_top,4.418447519273075,22.81523714005851
game8/Clip9,168,player_bottom,5.810271547936861,-3.314841408819561
game8/Clip9,168,player_top,4.433520816016248,22.526709775025875
game8/Clip9,169,player_bottom,5.786020302290746,-3.258812202443591
game8/Clip9,169,player_top,4.444056669764419,22.36641932295801
game8/Clip9,170,player_bottom,5.723241962357783,-3.2234135018237247
game8/Clip9,170,player_top,4.399896157728843,22.198432346504884
game8/Clip9,171,player_bottom,5.6116905839595885,-3.189735431276649
game8/Clip9,171,player_top,4.37408588916029,22.131941455255067
game8/Clip9,172,player_bottom,5.484673813466798,-3.161437574149634
game8/Clip9,172,player_top,4.373050473921974,22.170998850219764
game8/Clip9,173,player_bottom,5.3345474263155195,-3.120628948076581
game8/Clip9,173,player_top,4.363499493698044,22.213715620546076
game8/Clip9,174,player_bottom,5.189999316929494,-3.1157585285134504
game8/Clip9,174,player_top,4.354043927706882,22.20766366095501
game8/Clip9,175,player_bottom,5.096067052982405,-3.087696921838807
game8/Clip9,175,player_top,4.359457848772286,22.206466041444457
game8/Clip9,176,player_bottom,4.994921591738964,-3.1470439015886265
game8/Clip9,176,player_top,4.344856130311168,22.182393811312306
game8/Clip9,177,player_bottom,4.86921494114532,-3.2377055708977047
game8/Clip9,177,player_top,4.277165259965661,22.18454340574942
game8/Clip9,178,player_bottom,4.7295235420347135,-3.4124182819730446
game8/Clip9,178,player_top,-3.2843612893694414,10.07851111839047
game8/Clip9,179,player_bottom,4.576299801648726,-3.492962954620495
game8/Clip9,179,player_top,-3.2843612893694414,10.07851111839047
game8/Clip9,180,player_bottom,4.4563192785256796,-3.5049687269226357
game8/Clip9,180,player_top,-3.2843612893694414,10.07851111839047
game8/Clip9,181,player_bottom,4.3919400442510135,-3.4899260480855423
game8/Clip9,181,player_top,-3.2843612893694414,10.07851111839047
game8/Clip9,182,player_bottom,4.36805305629644,-3.3761551125952702
game8/Clip9,182,player_top,-3.2843612893694414,10.07851111839047
game8/Clip9,183,player_bottom,4.320375172550178,-3.2192497291851456
game8/Clip9,183,player_top,-3.2843612893694414,10.07851111839047
game8/Clip9,184,player_bottom,4.263682701017692,-3.132016101038944
game8/Clip9,184,player_top,-3.2843612893694414,10.07851111839047
game8/Clip9,185,player_bottom,4.216905427440715,-3.079181445951439
game8/Clip9,185,player_top,-3.2843612893694414,10.07851111839047
game8/Clip9,186,player_bottom,4.204198315559926,-3.001867156809991
game8/Clip9,186,player_top,-3.2843612893694414,10.07851111839047
game8/Clip9,187,player_bottom,4.181868811193786,-2.9238324955215864
game8/Clip9,187,player_top,-3.2843612893694414,10.07851111839047
game8/Clip9,188,player_bottom,4.163436465163677,-2.8889826591492844
game8/Clip9,188,player_top,4.298842082065709,22.277789475319544
game8/Clip9,189,player_bottom,4.140815294182759,-2.7850726558671752
game8/Clip9,189,player_top,4.279321439730477,22.256453036452598
game8/Clip9,190,player_bottom,4.1185882238989695,-2.6643575875676677
game8/Clip9,190,player_top,4.2706175874734456,22.25289362876239
game8/Clip9,191,player_bottom,4.098425701526703,-2.474555144521277
game8/Clip9,191,player_top,4.2767343157805096,22.259732040992372
game8/Clip9,192,player_bottom,4.0758686708410075,-2.2944090317847006
game8/Clip9,192,player_top,4.282713261398463,22.27608237630878
game8/Clip9,193,player_bottom,4.047217370874032,-2.1476321834427172
game8/Clip9,193,player_top,4.284972503612274,22.27929026960946
game8/Clip9,194,player_bottom,4.016917938874013,-2.0037077879507432
game8/Clip9,194,player_top,4.249279653594353,22.314888944930036
game8/Clip9,195,player_bottom,3.9844561189859005,-1.8487471472849057
game8/Clip9,195,player_top,4.223341305994789,22.406508018818663
game8/Clip9,196,player_bottom,3.943407901189115,-1.7263263447728958
game8/Clip9,196,player_top,4.1969624068104725,22.45651157115766
game8/Clip9,197,player_bottom,3.9056889282090257,-1.65630212429533
game8/Clip9,197,player_top,4.187982904217752,22.499604350383226
game8/Clip9,198,player_bottom,3.864588647449093,-1.6176594707365213
game8/Clip9,198,player_top,4.173401948966132,22.5063738859103
game8/Clip9,199,player_bottom,3.832498625581276,-1.6090368679703395
game8/Clip9,199,player_top,4.158307024893778,22.524349303973437
game8/Clip9,200,player_bottom,3.7995703071702076,-1.6050311474342822
game8/Clip9,200,player_top,4.136099308508779,22.553220361367185
game8/Clip9,201,player_bottom,3.774412150998274,-1.6137929962473847
game8/Clip9,201,player_top,4.104719001115895,22.555406001058216
game8/Clip9,202,player_bottom,3.749063702986742,-1.6001308932069014
game8/Clip9,202,player_top,4.077331757921695,22.510784789692917
game8/Clip9,203,player_bottom,3.721684382316992,-1.5821883099613148
game8/Clip9,203,player_top,4.04746553681677,22.462816291420395
game8/Clip9,204,player_bottom,3.7059246957064618,-1.5426495110388254
game8/Clip9,204,player_top,4.03325284143256,22.41206427467558
game8/Clip9,205,player_bottom,3.6907649160991403,-1.492834365590639
game8/Clip9,205,player_top,4.034035190668131,22.37406035037279
game8/Clip9,206,player_bottom,3.689808737807142,-1.42597874601497
game8/Clip9,206,player_top,4.033708332172268,22.339380095185785
game8/Clip9,207,player_bottom,3.6895359331797004,-1.3391822162598013
game8/Clip9,207,player_top,4.025814750094192,22.289496911147495
game8/Clip9,208,player_bottom,3.6881016743772563,-1.2631444669749583
game8/Clip9,208,player_top,4.005627229465913,22.275088364993632
game8/Clip9,209,player_bottom,3.6823157077532787,-1.181796936013893
game8/Clip9,209,player_top,3.9944009318023235,22.194952167599435
game8/Clip9,210,player_bottom,3.6739549244306873,-1.1187420555654197
game8/Clip9,210,player_top,3.9599133085954517,22.20707653836905
game8/Clip9,211,player_bottom,3.6688421184717552,-1.0870941145065065
game8/Clip9,211,player_top,3.914482463077205,22.109244533760858
game8/Clip9,212,player_bottom,3.6701337286884113,-1.0757026105101744
game8/Clip9,212,player_top,3.850320154708076,22.097208356056367
game8/Clip9,213,player_bottom,3.669255517391345,-1.0583930472107446
game8/Clip9,213,player_top,3.7930258483743606,22.10317199534045
game8/Clip9,214,player_bottom,3.6717120713520335,-1.0586401631335676
game8/Clip9,214,player_top,3.75231567304784,22.0829185033714
game8/Clip9,215,player_bottom,3.680592153099829,-1.0419305783288524
game8/Clip9,215,player_top,3.7064707789998406,22.117632616276428
game8/Clip9,216,player_bottom,3.6871084867753567,-1.0045060810984676
game8/Clip9,216,player_top,3.671977526912565,22.078878031040524
game8/Clip9,217,player_bottom,3.6886894263577124,-0.9920053160235811
game8/Clip9,217,player_top,3.640201590259672,22.04862995488887
game8/Clip9,218,player_bottom,3.693724775185807,-0.9892298400252854
game8/Clip9,218,player_top,3.5931425374959676,21.991039794867937
game8/Clip9,219,player_bottom,3.715136708068168,-0.9852767615970848
game8/Clip9,219,player_top,3.5528052703320507,21.98275790781207
game8/Clip9,220,player_bottom,3.7361354271897333,-0.981753558545213
game8/Clip9,220,player_top,3.5046616785003333,21.969955528125432
game8/Clip9,221,player_bottom,3.7638668603927297,-0.9807557060764825
game8/Clip9,221,player_top,3.4588235338353654,21.962394474462908
game8/Clip9,222,player_bottom,3.7920049372964657,-0.9767454887098691
game8/Clip9,222,player_top,3.426690671846239,21.980870700100485
game8/Clip9,223,player_bottom,3.810476855891713,-0.9699570691894105
game8/Clip9,223,player_top,3.4029776558771436,21.99092849144588
game8/Clip9,224,player_bottom,3.8172955331148577,-0.962133216726413
game8/Clip9,224,player_top,3.3949989024916762,21.95098879091307
game8/Clip9,225,player_bottom,3.8105160075423337,-0.9537308600766167
game8/Clip9,225,player_top,3.377079161113853,21.936052032658264
game8/Clip9,226,player_bottom,3.7920934257429435,-0.9507743261342045
game8/Clip9,226,player_top,3.366663416643959,21.936970897065112
game8/Clip9,227,player_bottom,3.7941142599184525,-0.9536757948231996
game8/Clip9,227,player_top,3.3512831025388903,21.947405078804483
game8/Clip9,228,player_bottom,3.8146687832188393,-0.9439764257663521
game8/Clip9,228,player_top,3.319595887219166,21.99688273858766
game8/Clip9,229,player_bottom,3.825874667304548,-0.9361743361050365
game8/Clip9,229,player_top,3.272473963261464,22.041753043994916
game8/Clip9,230,player_bottom,3.8357026693661695,-0.9153434884374343
game8/Clip9,230,player_top,3.1830894462955652,22.064731413049763
game8/Clip9,231,player_bottom,3.852336687569575,-0.896345553946965
game8/Clip9,231,player_top,-3.2843612893694414,10.07851111839047
game8/Clip9,232,player_bottom,3.9613138857075545,-0.8886469212403091
game8/Clip9,232,player_top,3.0053622012362218,22.065712851922843
game8/Clip9,233,player_bottom,3.9322320215870445,-0.899387135170784
game8/Clip9,233,player_top,2.95786147666197,22.050631907934154
game8/Clip9,234,player_bottom,3.9537159627170597,-0.9044875695772472
game8/Clip9,234,player_top,2.9225944844739797,22.031753830439527
game8/Clip9,235,player_bottom,3.9922096031037264,-0.8969973245151724
game8/Clip9,235,player_top,2.8693187248895478,22.0416219681111
game8/Clip9,236,player_bottom,4.035582540196541,-0.8938014987840477
game8/Clip9,236,player_top,2.8341811934889516,22.044522963556727
game8/Clip9,237,player_bottom,4.089224307012601,-0.8941544892530471
game8/Clip9,237,player_top,2.7961556289290317,22.05211957385324
