clip,frame,player_id,player_label,foot_x,foot_y,bbox_x1,bbox_y1,bbox_x2,bbox_y2,confidence
game2/Clip1,0,1,player_bottom,333.1682434082031,652.9747314453125,277.4359436035156,491.81536865234375,388.9005432128906,652.9747314453125,0.9120132923126221
game2/Clip1,0,3,player_top,682.97607421875,134.46302795410156,655.4541015625,50.77079772949219,710.498046875,134.46302795410156,0.7935317754745483
game2/Clip1,1,1,player_bottom,334.7565612792969,654.7970581054688,280.0789489746094,496.7930908203125,389.4341735839844,654.7970581054688,0.9102508425712585
game2/Clip1,1,3,player_top,683.1150512695312,137.27867126464844,655.4461059570312,53.17692947387695,710.7839965820312,137.27867126464844,0.7770346403121948
game2/Clip1,2,1,player_bottom,335.99127197265625,657.3762817382812,282.1207275390625,501.9546813964844,389.8618469238281,657.3762817382812,0.9207789301872253
game2/Clip1,2,3,player_top,684.3638916015625,138.4375,657.0785522460938,55.59141159057617,711.6492919921875,138.4375,0.7672324180603027
game2/Clip1,3,1,player_bottom,336.72052001953125,658.5501098632812,283.6478576660156,505.7115783691406,389.79315185546875,658.5501098632812,0.9177649021148682
game2/Clip1,3,3,player_top,692.1348266601562,137.7584686279297,666.5118408203125,59.07836151123047,717.7578125,137.7584686279297,0.6279378533363342
game2/Clip1,4,1,player_bottom,337.98272705078125,659.012451171875,285.4002380371094,507.80145263671875,390.5652160644531,659.012451171875,0.9187644720077515
game2/Clip1,4,3,player_top,697.8841552734375,137.23036193847656,673.4039306640625,61.24275207519531,722.3643798828125,137.23036193847656,0.6623151302337646
game2/Clip1,5,1,player_bottom,339.89129638671875,658.2027587890625,287.5531311035156,507.65289306640625,392.22943115234375,658.2027587890625,0.9131861925125122
game2/Clip1,5,3,player_top,700.5616455078125,138.34085083007812,676.5001831054688,62.793212890625,724.6231689453125,138.34085083007812,0.690133273601532
game2/Clip1,6,1,player_bottom,341.59222412109375,656.5913696289062,289.4965515136719,506.4947814941406,393.6878967285156,656.5913696289062,0.9050324559211731
game2/Clip1,6,3,player_top,696.9830322265625,138.83938598632812,673.3375854492188,64.15233612060547,720.6284790039062,138.83938598632812,0.7259189486503601
game2/Clip1,7,1,player_bottom,343.17681884765625,654.422607421875,291.1016845703125,503.722412109375,395.2519836425781,654.422607421875,0.8784210085868835
game2/Clip1,7,3,player_top,695.8126220703125,138.3072509765625,672.6826171875,64.17543029785156,718.942626953125,138.3072509765625,0.7660040855407715
game2/Clip1,8,1,player_bottom,338.5743408203125,653.3867797851562,285.2466125488281,499.7041015625,391.902099609375,653.3867797851562,0.8602283596992493
game2/Clip1,8,3,player_top,695.675048828125,138.4337615966797,672.392333984375,62.38463592529297,718.9577026367188,138.4337615966797,0.7527456283569336
game2/Clip1,9,1,player_bottom,331.8818664550781,650.290771484375,277.6909484863281,495.9179382324219,386.0727844238281,650.290771484375,0.8737419843673706
game2/Clip1,9,3,player_top,695.9505615234375,138.35928344726562,672.7974853515625,60.97380828857422,719.1036376953125,138.35928344726562,0.731227457523346
game2/Clip1,10,1,player_bottom,323.34747314453125,643.6480102539062,269.5906677246094,492.9698791503906,377.1042785644531,643.6480102539062,0.8630678653717041
game2/Clip1,10,3,player_top,694.1529541015625,139.018310546875,670.970947265625,60.138458251953125,717.3349609375,139.018310546875,0.7665410041809082
game2/Clip1,11,1,player_bottom,314.9774169921875,640.053955078125,260.36065673828125,489.3345947265625,369.5942077636719,640.053955078125,0.8485983610153198
game2/Clip1,11,3,player_top,694.59619140625,140.9591064453125,671.3438720703125,59.77604293823242,717.8484497070312,140.9591064453125,0.8052379488945007
game2/Clip1,12,13,player_bottom,795.1970825195312,696.7054443359375,740.4215087890625,528.7632446289062,849.97265625,696.7054443359375,0.8370246291160583
game2/Clip1,12,3,player_top,695.8138427734375,143.93882751464844,672.5206909179688,59.96531677246094,719.1069946289062,143.93882751464844,0.7906420826911926
game2/Clip1,13,1,player_bottom,289.5493469238281,635.7863159179688,232.78179931640625,481.4078674316406,346.31689453125,635.7863159179688,0.8933374285697937
game2/Clip1,13,3,player_top,695.980712890625,146.32569885253906,672.9710083007812,60.613285064697266,718.9903564453125,146.32569885253906,0.8030062317848206
game2/Clip1,14,1,player_bottom,277.4264221191406,635.5560302734375,220.3740692138672,479.2323913574219,334.4787902832031,635.5560302734375,0.8583935499191284
game2/Clip1,14,3,player_top,696.5713500976562,147.611572265625,674.3663330078125,62.45423889160156,718.7763671875,147.611572265625,0.7886597514152527
game2/Clip1,15,1,player_bottom,271.17877197265625,635.2969360351562,213.95120239257812,476.5072937011719,328.4063415527344,635.2969360351562,0.8996122479438782
game2/Clip1,15,3,player_top,697.3675537109375,148.1279296875,675.8441162109375,63.298309326171875,718.8910522460938,148.1279296875,0.8065072894096375
game2/Clip1,16,1,player_bottom,268.043212890625,634.8746948242188,211.2720947265625,474.5658264160156,324.8143005371094,634.8746948242188,0.8523011803627014
game2/Clip1,16,3,player_top,699.110595703125,148.40777587890625,677.954833984375,63.370479583740234,720.2662963867188,148.40777587890625,0.8017275929450989
game2/Clip1,17,13,player_bottom,795.1970825195312,696.7054443359375,740.4215087890625,528.7632446289062,849.97265625,696.7054443359375,0.8370246291160583
game2/Clip1,17,3,player_top,701.47021484375,148.20843505859375,680.484375,62.92527770996094,722.4559936523438,148.20843505859375,0.8140817880630493
game2/Clip1,18,13,player_bottom,795.1970825195312,696.7054443359375,740.4215087890625,528.7632446289062,849.97265625,696.7054443359375,0.8370246291160583
game2/Clip1,18,3,player_top,703.9736328125,148.4687957763672,682.7666015625,62.03395080566406,725.1807250976562,148.4687957763672,0.843070924282074
game2/Clip1,19,13,player_bottom,795.1970825195312,696.7054443359375,740.4215087890625,528.7632446289062,849.97265625,696.7054443359375,0.8370246291160583
game2/Clip1,19,3,player_top,706.881591796875,148.4992218017578,685.5462036132812,61.648048400878906,728.217041015625,148.4992218017578,0.8457848429679871
game2/Clip1,20,1,player_bottom,235.16258239746094,631.7220458984375,182.0087890625,479.0216979980469,288.3163757324219,631.7220458984375,0.8729931712150574
game2/Clip1,20,3,player_top,708.93212890625,147.8609161376953,687.5247802734375,61.54521179199219,730.3395385742188,147.8609161376953,0.8643402457237244
game2/Clip1,21,1,player_bottom,229.90110778808594,634.3220825195312,175.60940551757812,480.08074951171875,284.19281005859375,634.3220825195312,0.881720781326294
game2/Clip1,21,3,player_top,711.3165283203125,146.75340270996094,689.8463134765625,61.637603759765625,732.7868041992188,146.75340270996094,0.8589958548545837
game2/Clip1,22,1,player_bottom,222.69985961914062,634.09033203125,168.6333770751953,479.9439697265625,276.766357421875,634.09033203125,0.8543907999992371
game2/Clip1,22,3,player_top,713.415771484375,146.5261688232422,691.7294921875,62.248748779296875,735.1021118164062,146.5261688232422,0.8619640469551086
game2/Clip1,23,1,player_bottom,217.79620361328125,632.9841918945312,164.62149047851562,479.9636535644531,270.9709167480469,632.9841918945312,0.8551187515258789
game2/Clip1,23,3,player_top,715.4229736328125,146.73963928222656,693.4457397460938,63.40656661987305,737.4002075195312,146.73963928222656,0.86350017786026
game2/Clip1,24,13,player_bottom,795.1970825195312,696.7054443359375,740.4215087890625,528.7632446289062,849.97265625,696.7054443359375,0.8370246291160583
game2/Clip1,24,3,player_top,717.24072265625,146.73863220214844,695.0264282226562,65.26991271972656,739.455078125,146.73863220214844,0.86672443151474
game2/Clip1,25,13,player_bottom,795.1970825195312,696.7054443359375,740.4215087890625,528.7632446289062,849.97265625,696.7054443359375,0.8370246291160583
game2/Clip1,25,3,player_top,718.2066040039062,146.87022399902344,695.5469970703125,66.43315124511719,740.8662109375,146.87022399902344,0.8603375554084778
game2/Clip1,26,1,player_bottom,206.26914978027344,622.5794067382812,158.65994262695312,477.86480712890625,253.87835693359375,622.5794067382812,0.8562193512916565
game2/Clip1,26,3,player_top,718.606201171875,146.9295654296875,695.3772583007812,66.75940704345703,741.8350830078125,146.9295654296875,0.8692947030067444
game2/Clip1,27,1,player_bottom,204.35821533203125,621.07080078125,157.8798065185547,476.40826416015625,250.83663940429688,621.07080078125,0.8716062903404236
game2/Clip1,27,3,player_top,718.7174072265625,147.1282958984375,694.9522705078125,67.06023406982422,742.4824829101562,147.1282958984375,0.86222243309021
game2/Clip1,28,1,player_bottom,203.60430908203125,618.593017578125,158.35699462890625,474.66986083984375,248.8516082763672,618.593017578125,0.8800815343856812
game2/Clip1,28,3,player_top,718.9049072265625,147.11985778808594,694.3856811523438,66.04405212402344,743.424072265625,147.11985778808594,0.8686519265174866
game2/Clip1,29,1,player_bottom,203.679443359375,616.9705200195312,159.21971130371094,472.5766906738281,248.13917541503906,616.9705200195312,0.8857565522193909
game2/Clip1,29,3,player_top,721.36572265625,147.0564422607422,696.4987182617188,65.11952209472656,746.232666015625,147.0564422607422,0.8576461672782898
game2/Clip1,30,1,player_bottom,204.86944580078125,616.1588745117188,160.7653350830078,470.4103088378906,248.97354125976562,616.1588745117188,0.8772597908973694
game2/Clip1,30,3,player_top,725.244873046875,147.14462280273438,700.2373046875,63.857177734375,750.25244140625,147.14462280273438,0.8066327571868896
game2/Clip1,31,1,player_bottom,207.22164916992188,616.028564453125,163.28762817382812,468.492919921875,251.1556854248047,616.028564453125,0.8763391971588135
game2/Clip1,31,3,player_top,730.12060546875,146.8316192626953,705.1458129882812,62.31403732299805,755.095458984375,146.8316192626953,0.8034478425979614
game2/Clip1,32,1,player_bottom,213.88177490234375,616.7476806640625,170.48532104492188,467.532470703125,257.2782287597656,616.7476806640625,0.8534637093544006
game2/Clip1,32,3,player_top,736.718017578125,146.6383056640625,711.9890747070312,60.29513168334961,761.447021484375,146.6383056640625,0.7975925803184509
game2/Clip1,33,1,player_bottom,222.41848754882812,618.191162109375,179.85755920410156,467.6941833496094,264.9794006347656,618.191162109375,0.882934033870697
game2/Clip1,33,3,player_top,741.9579467773438,146.35179138183594,717.8359985351562,59.05302429199219,766.0798950195312,146.35179138183594,0.7784501910209656
game2/Clip1,34,1,player_bottom,226.66725158691406,619.5022583007812,185.22686767578125,469.53961181640625,268.1076354980469,619.5022583007812,0.8621473908424377
game2/Clip1,34,3,player_top,746.1826782226562,145.5373992919922,722.7747802734375,58.1893424987793,769.590576171875,145.5373992919922,0.8128370046615601
game2/Clip1,35,1,player_bottom,231.0399169921875,619.64013671875,190.24249267578125,470.3385009765625,271.83734130859375,619.64013671875,0.8530316352844238
game2/Clip1,35,3,player_top,750.8515014648438,145.25038146972656,727.8145141601562,57.16972351074219,773.8884887695312,145.25038146972656,0.8324962854385376
game2/Clip1,36,1,player_bottom,234.91778564453125,620.380615234375,194.01023864746094,470.43939208984375,275.8253479003906,620.380615234375,0.871343731880188
game2/Clip1,36,3,player_top,756.7864379882812,143.58499145507812,734.2938232421875,57.166847229003906,779.279052734375,143.58499145507812,0.825865626335144
game2/Clip1,37,1,player_bottom,239.17007446289062,619.97314453125,197.7146759033203,469.2233581542969,280.62548828125,619.97314453125,0.8930239677429199
game2/Clip1,37,3,player_top,761.6776123046875,142.5096893310547,739.3416137695312,56.64350891113281,784.013671875,142.5096893310547,0.8377965688705444
game2/Clip1,38,1,player_bottom,243.59619140625,619.2085571289062,201.32827758789062,467.93475341796875,285.8641052246094,619.2085571289062,0.8806082606315613
game2/Clip1,38,3,player_top,765.1705932617188,142.3088836669922,742.4861450195312,55.39862823486328,787.8550415039062,142.3088836669922,0.8249092102050781
game2/Clip1,39,1,player_bottom,250.1659698486328,620.1368408203125,206.936767578125,467.4163513183594,293.3951721191406,620.1368408203125,0.8927983045578003
game2/Clip1,39,3,player_top,768.4345703125,142.3601837158203,745.5360107421875,54.811771392822266,791.3331298828125,142.3601837158203,0.8271512985229492
game2/Clip1,40,1,player_bottom,257.76007080078125,622.2835693359375,213.58493041992188,466.42291259765625,301.9352111816406,622.2835693359375,0.8995023965835571
game2/Clip1,40,3,player_top,770.88330078125,141.34413146972656,747.7836303710938,53.15398025512695,793.98291015625,141.34413146972656,0.8504258990287781
game2/Clip1,41,1,player_bottom,267.39471435546875,623.6622314453125,223.19320678710938,465.829345703125,311.59625244140625,623.6622314453125,0.8787970542907715
game2/Clip1,41,3,player_top,773.6371459960938,139.1405487060547,750.7032470703125,51.193824768066406,796.571044921875,139.1405487060547,0.8131468892097473
game2/Clip1,42,1,player_bottom,279.0330505371094,625.7630004882812,235.3197784423828,465.3279724121094,322.746337890625,625.7630004882812,0.8809691071510315
game2/Clip1,42,3,player_top,776.3270263671875,137.61131286621094,753.7655029296875,50.18300247192383,798.8885498046875,137.61131286621094,0.8160854578018188
game2/Clip1,43,1,player_bottom,288.64984130859375,626.9651489257812,246.12681579589844,466.0281066894531,331.1728820800781,626.9651489257812,0.883430004119873
game2/Clip1,43,3,player_top,778.707763671875,136.42591857910156,756.547607421875,48.82972717285156,800.8679809570312,136.42591857910156,0.785976231098175
game2/Clip1,44,1,player_bottom,296.3297119140625,630.325927734375,254.71156311035156,467.6568603515625,337.9478759765625,630.325927734375,0.837094783782959
game2/Clip1,44,3,player_top,780.5969848632812,135.76100158691406,758.62109375,47.10905456542969,802.5728759765625,135.76100158691406,0.7798749804496765
game2/Clip1,45,1,player_bottom,304.732421875,633.0870361328125,264.19732666015625,470.273193359375,345.2674865722656,633.0870361328125,0.8838995695114136
game2/Clip1,45,3,player_top,783.3452758789062,134.9075164794922,761.6290893554688,45.756046295166016,805.0614624023438,134.9075164794922,0.7415464520454407
game2/Clip1,46,1,player_bottom,312.1314697265625,634.326171875,272.7529602050781,473.0102844238281,351.50994873046875,634.326171875,0.8609412908554077
game2/Clip1,46,3,player_top,787.0311889648438,133.01394653320312,765.9066162109375,44.35940933227539,808.15576171875,133.01394653320312,0.6558536887168884
game2/Clip1,47,1,player_bottom,321.4215087890625,635.481201171875,282.1379089355469,475.6324157714844,360.7051086425781,635.481201171875,0.9012715816497803
game2/Clip1,47,9,player_top,829.3350219726562,129.0270538330078,809.983642578125,45.75392150878906,848.6864013671875,129.0270538330078,0.6232460141181946
game2/Clip1,48,1,player_bottom,328.9840087890625,635.873291015625,288.9205017089844,476.4408874511719,369.0475158691406,635.873291015625,0.9183028340339661
game2/Clip1,48,9,player_top,829.3350219726562,129.0270538330078,809.983642578125,45.75392150878906,848.6864013671875,129.0270538330078,0.6232460141181946
game2/Clip1,49,1,player_bottom,333.28900146484375,637.9570922851562,292.12408447265625,477.4678955078125,374.4538879394531,637.9570922851562,0.9171447157859802
game2/Clip1,49,9,player_top,829.3350219726562,129.0270538330078,809.983642578125,45.75392150878906,848.6864013671875,129.0270538330078,0.6232460141181946
game2/Clip1,50,1,player_bottom,338.01507568359375,639.413330078125,296.38739013671875,478.43231201171875,379.64276123046875,639.413330078125,0.8974660634994507
game2/Clip1,50,9,player_top,829.3350219726562,129.0270538330078,809.983642578125,45.75392150878906,848.6864013671875,129.0270538330078,0.6232460141181946
game2/Clip1,51,1,player_bottom,348.0745849609375,639.949951171875,306.6536865234375,478.6432189941406,389.4954528808594,639.949951171875,0.8925272226333618
game2/Clip1,51,3,player_top,801.2440185546875,126.86336517333984,781.404296875,40.639259338378906,821.0836791992188,126.86336517333984,0.6551773548126221
game2/Clip1,52,1,player_bottom,360.9378662109375,639.6373901367188,320.2939453125,478.1378479003906,401.5818176269531,639.6373901367188,0.8731458187103271
game2/Clip1,52,3,player_top,804.60888671875,126.65660095214844,785.2278442382812,42.55567932128906,823.989990234375,126.65660095214844,0.632037878036499
game2/Clip1,53,1,player_bottom,371.4095458984375,639.8966674804688,331.7397766113281,478.1219787597656,411.0793151855469,639.8966674804688,0.8758458495140076
game2/Clip1,53,3,player_top,808.1021728515625,126.59870910644531,789.535400390625,45.61004638671875,826.6690063476562,126.59870910644531,0.656100869178772
game2/Clip1,54,1,player_bottom,379.74078369140625,644.4204711914062,340.2113037109375,478.60443115234375,419.2702941894531,644.4204711914062,0.8725650906562805
game2/Clip1,54,3,player_top,810.5838012695312,126.29853820800781,792.0562744140625,44.727542877197266,829.111328125,126.29853820800781,0.6883376836776733
game2/Clip1,55,1,player_bottom,387.7529296875,648.9631958007812,348.590576171875,480.224609375,426.9152526855469,648.9631958007812,0.8819786906242371
game2/Clip1,55,9,player_top,829.3350219726562,129.0270538330078,809.983642578125,45.75392150878906,848.6864013671875,129.0270538330078,0.6232460141181946
game2/Clip1,56,1,player_bottom,400.898681640625,650.9703369140625,362.2769775390625,483.4255065917969,439.5204162597656,650.9703369140625,0.8869746327400208
game2/Clip1,56,9,player_top,829.3350219726562,129.0270538330078,809.983642578125,45.75392150878906,848.6864013671875,129.0270538330078,0.6232460141181946
game2/Clip1,57,1,player_bottom,415.1734619140625,654.501220703125,376.4443359375,487.8335266113281,453.902587890625,654.501220703125,0.8838638663291931
game2/Clip1,57,3,player_top,814.544921875,125.4249496459961,788.862060546875,4.287561416625977,840.227783203125,125.4249496459961,0.758908748626709
game2/Clip1,58,1,player_bottom,429.65606689453125,656.7313842773438,390.503173828125,492.1982116699219,468.8089904785156,656.7313842773438,0.8936733603477478
game2/Clip1,58,3,player_top,815.0616455078125,125.05894470214844,789.1094360351562,0.0758572444319725,841.0138549804688,125.05894470214844,0.7865912318229675
game2/Clip1,59,1,player_bottom,441.70880126953125,659.51708984375,401.9240417480469,496.5299377441406,481.4935302734375,659.51708984375,0.8704180717468262
game2/Clip1,59,3,player_top,815.94091796875,124.98139190673828,789.9990234375,0.0,841.8828125,124.98139190673828,0.7692230343818665
game2/Clip1,60,1,player_bottom,450.5101318359375,666.715087890625,408.97003173828125,499.3857727050781,492.05023193359375,666.715087890625,0.8954330086708069
game2/Clip1,60,3,player_top,817.1024169921875,124.96488952636719,791.2269287109375,0.0,842.9778442382812,124.96488952636719,0.8326547145843506
game2/Clip1,61,1,player_bottom,454.2790832519531,671.609619140625,411.9462585449219,503.6324768066406,496.6119079589844,671.609619140625,0.8817668557167053
game2/Clip1,61,3,player_top,818.8001708984375,124.86666107177734,792.9306030273438,0.0,844.6697387695312,124.86666107177734,0.8348773717880249
game2/Clip1,62,1,player_bottom,458.3497619628906,674.8577270507812,415.6984558105469,506.9276123046875,501.0010681152344,674.8577270507812,0.8958774209022522
game2/Clip1,62,3,player_top,820.5642700195312,124.63908386230469,794.5922241210938,0.0,846.5363159179688,124.63908386230469,0.8541386127471924
game2/Clip1,63,1,player_bottom,463.5398254394531,676.328857421875,421.2726745605469,509.0492248535156,505.8069763183594,676.328857421875,0.9022662043571472
game2/Clip1,63,3,player_top,821.79638671875,124.59432220458984,795.6005249023438,0.0,847.9921875,124.59432220458984,0.8432475328445435
game2/Clip1,64,1,player_bottom,467.0773620605469,675.5804443359375,425.5244445800781,509.1865234375,508.6302795410156,675.5804443359375,0.8851824998855591
game2/Clip1,64,3,player_top,822.5353393554688,124.84223937988281,796.0065307617188,0.0,849.0641479492188,124.84223937988281,0.8590928912162781
game2/Clip1,65,1,player_bottom,470.7100830078125,676.3206787109375,429.4327697753906,508.8131103515625,511.9874267578125,676.3206787109375,0.8864571452140808
game2/Clip1,65,3,player_top,823.2652587890625,124.85253143310547,796.4362182617188,0.0,850.09423828125,124.85253143310547,0.8474457859992981
game2/Clip1,66,1,player_bottom,476.3398132324219,680.9295043945312,434.6729736328125,509.9135437011719,518.0066528320312,680.9295043945312,0.8735959529876709
game2/Clip1,66,3,player_top,823.1644287109375,124.62187957763672,796.0921630859375,0.0,850.2367553710938,124.62187957763672,0.6694449186325073
game2/Clip1,67,1,player_bottom,483.01373291015625,685.3685302734375,440.9241638183594,511.47076416015625,525.1033325195312,685.3685302734375,0.8887125849723816
game2/Clip1,67,3,player_top,823.166748046875,124.75853729248047,795.7928466796875,0.0,850.5406494140625,124.75853729248047,0.7060577273368835
game2/Clip1,68,1,player_bottom,490.58795166015625,691.2626953125,447.7568664550781,514.2448120117188,533.4190673828125,691.2626953125,0.9012290239334106
game2/Clip1,68,3,player_top,823.3571166992188,124.84457397460938,795.7109985351562,0.0,851.0032348632812,124.84457397460938,0.6943701505661011
game2/Clip1,69,1,player_bottom,497.027587890625,697.1348266601562,453.9327697753906,519.5281372070312,540.1224365234375,697.1348266601562,0.8953284621238708
game2/Clip1,69,3,player_top,823.5885009765625,125.25353240966797,795.589111328125,0.0,851.5878295898438,125.25353240966797,0.8134926557540894
game2/Clip1,70,1,player_bottom,497.027587890625,697.1348266601562,453.9327697753906,519.5281372070312,540.1224365234375,697.1348266601562,0.8953284621238708
game2/Clip1,70,3,player_top,823.63623046875,125.78068542480469,795.2853393554688,0.0,851.987060546875,125.78068542480469,0.7489170432090759
game2/Clip1,71,1,player_bottom,497.027587890625,697.1348266601562,453.9327697753906,519.5281372070312,540.1224365234375,697.1348266601562,0.8953284621238708
game2/Clip1,71,3,player_top,823.610595703125,125.66293334960938,795.0396728515625,0.0,852.1815795898438,125.66293334960938,0.6673879623413086
game2/Clip1,72,1,player_bottom,497.027587890625,697.1348266601562,453.9327697753906,519.5281372070312,540.1224365234375,697.1348266601562,0.8953284621238708
game2/Clip1,72,3,player_top,823.2835693359375,125.24069213867188,794.644775390625,0.0,851.9224243164062,125.24069213867188,0.7954468727111816
game2/Clip1,73,1,player_bottom,497.027587890625,697.1348266601562,453.9327697753906,519.5281372070312,540.1224365234375,697.1348266601562,0.8953284621238708
game2/Clip1,73,3,player_top,822.065185546875,124.66612243652344,793.5394897460938,0.0,850.5909423828125,124.66612243652344,0.7159774303436279
game2/Clip1,74,1,player_bottom,497.027587890625,697.1348266601562,453.9327697753906,519.5281372070312,540.1224365234375,697.1348266601562,0.8953284621238708
game2/Clip1,74,3,player_top,821.6371459960938,125.00077819824219,793.03466796875,0.0,850.2396240234375,125.00077819824219,0.7371228933334351
game2/Clip1,75,1,player_bottom,497.027587890625,697.1348266601562,453.9327697753906,519.5281372070312,540.1224365234375,697.1348266601562,0.8953284621238708
game2/Clip1,75,9,player_top,829.3350219726562,129.0270538330078,809.983642578125,45.75392150878906,848.6864013671875,129.0270538330078,0.6232460141181946
game2/Clip1,76,1,player_bottom,497.027587890625,697.1348266601562,453.9327697753906,519.5281372070312,540.1224365234375,697.1348266601562,0.8953284621238708
game2/Clip1,76,9,player_top,829.3350219726562,129.0270538330078,809.983642578125,45.75392150878906,848.6864013671875,129.0270538330078,0.6232460141181946
game2/Clip1,77,1,player_bottom,497.027587890625,697.1348266601562,453.9327697753906,519.5281372070312,540.1224365234375,697.1348266601562,0.8953284621238708
game2/Clip1,77,9,player_top,829.3350219726562,129.0270538330078,809.983642578125,45.75392150878906,848.6864013671875,129.0270538330078,0.6232460141181946
game2/Clip1,78,1,player_bottom,497.027587890625,697.1348266601562,453.9327697753906,519.5281372070312,540.1224365234375,697.1348266601562,0.8953284621238708
game2/Clip1,78,9,player_top,829.3350219726562,129.0270538330078,809.983642578125,45.75392150878906,848.6864013671875,129.0270538330078,0.6232460141181946
game2/Clip1,79,1,player_bottom,497.027587890625,697.1348266601562,453.9327697753906,519.5281372070312,540.1224365234375,697.1348266601562,0.8953284621238708
game2/Clip1,79,3,player_top,820.1131591796875,129.69780985514322,791.2627970377604,0.0,848.9635620117188,129.69780985514322,0.6792456408341726
game2/Clip1,80,1,player_bottom,497.027587890625,697.1348266601562,453.9327697753906,519.5281372070312,540.1224365234375,697.1348266601562,0.8953284621238708
game2/Clip1,80,3,player_top,820.2430419921875,130.3404541015625,791.3372802734375,0.0,849.1488647460938,130.3404541015625,0.7692702412605286
game2/Clip1,81,1,player_bottom,497.027587890625,697.1348266601562,453.9327697753906,519.5281372070312,540.1224365234375,697.1348266601562,0.8953284621238708
game2/Clip1,81,3,player_top,820.1978759765625,129.34893798828125,791.685546875,0.0,848.7102661132812,129.34893798828125,0.7804638147354126
game2/Clip1,82,1,player_bottom,497.027587890625,697.1348266601562,453.9327697753906,519.5281372070312,540.1224365234375,697.1348266601562,0.8953284621238708
game2/Clip1,82,3,player_top,820.22900390625,130.0484161376953,791.7232055664062,0.0,848.7348022460938,130.0484161376953,0.7843894362449646
game2/Clip1,83,1,player_bottom,497.027587890625,697.1348266601562,453.9327697753906,519.5281372070312,540.1224365234375,697.1348266601562,0.8953284621238708
game2/Clip1,83,3,player_top,820.22900390625,130.0484161376953,791.7232055664062,0.0,848.7348022460938,130.0484161376953,0.7843894362449646
game2/Clip1,84,1,player_bottom,497.027587890625,697.1348266601562,453.9327697753906,519.5281372070312,540.1224365234375,697.1348266601562,0.8953284621238708
game2/Clip1,84,3,player_top,820.22900390625,130.0484161376953,791.7232055664062,0.0,848.7348022460938,130.0484161376953,0.7843894362449646
game2/Clip1,85,1,player_bottom,497.027587890625,697.1348266601562,453.9327697753906,519.5281372070312,540.1224365234375,697.1348266601562,0.8953284621238708
game2/Clip1,85,3,player_top,820.22900390625,130.0484161376953,791.7232055664062,0.0,848.7348022460938,130.0484161376953,0.7843894362449646
game2/Clip1,86,1,player_bottom,497.027587890625,697.1348266601562,453.9327697753906,519.5281372070312,540.1224365234375,697.1348266601562,0.8953284621238708
game2/Clip1,86,3,player_top,820.22900390625,130.0484161376953,791.7232055664062,0.0,848.7348022460938,130.0484161376953,0.7843894362449646
game2/Clip1,87,1,player_bottom,497.027587890625,697.1348266601562,453.9327697753906,519.5281372070312,540.1224365234375,697.1348266601562,0.8953284621238708
game2/Clip1,87,3,player_top,820.22900390625,130.0484161376953,791.7232055664062,0.0,848.7348022460938,130.0484161376953,0.7843894362449646
game2/Clip1,88,1,player_bottom,497.027587890625,697.1348266601562,453.9327697753906,519.5281372070312,540.1224365234375,697.1348266601562,0.8953284621238708
game2/Clip1,88,3,player_top,820.22900390625,130.0484161376953,791.7232055664062,0.0,848.7348022460938,130.0484161376953,0.7843894362449646
game2/Clip1,89,1,player_bottom,497.027587890625,697.1348266601562,453.9327697753906,519.5281372070312,540.1224365234375,697.1348266601562,0.8953284621238708
game2/Clip1,89,3,player_top,820.22900390625,130.0484161376953,791.7232055664062,0.0,848.7348022460938,130.0484161376953,0.7843894362449646
game2/Clip1,90,1,player_bottom,497.027587890625,697.1348266601562,453.9327697753906,519.5281372070312,540.1224365234375,697.1348266601562,0.8953284621238708
game2/Clip1,90,3,player_top,820.22900390625,130.0484161376953,791.7232055664062,0.0,848.7348022460938,130.0484161376953,0.7843894362449646
game2/Clip1,91,1,player_bottom,497.027587890625,697.1348266601562,453.9327697753906,519.5281372070312,540.1224365234375,697.1348266601562,0.8953284621238708
game2/Clip1,91,3,player_top,820.22900390625,130.0484161376953,791.7232055664062,0.0,848.7348022460938,130.0484161376953,0.7843894362449646
game2/Clip1,92,1,player_bottom,497.027587890625,697.1348266601562,453.9327697753906,519.5281372070312,540.1224365234375,697.1348266601562,0.8953284621238708
game2/Clip1,92,3,player_top,820.22900390625,130.0484161376953,791.7232055664062,0.0,848.7348022460938,130.0484161376953,0.7843894362449646
game2/Clip1,93,1,player_bottom,497.027587890625,697.1348266601562,453.9327697753906,519.5281372070312,540.1224365234375,697.1348266601562,0.8953284621238708
game2/Clip1,93,3,player_top,820.22900390625,130.0484161376953,791.7232055664062,0.0,848.7348022460938,130.0484161376953,0.7843894362449646
game2/Clip1,94,1,player_bottom,497.027587890625,697.1348266601562,453.9327697753906,519.5281372070312,540.1224365234375,697.1348266601562,0.8953284621238708
game2/Clip1,94,3,player_top,820.22900390625,130.0484161376953,791.7232055664062,0.0,848.7348022460938,130.0484161376953,0.7843894362449646
game2/Clip1,95,1,player_bottom,497.027587890625,697.1348266601562,453.9327697753906,519.5281372070312,540.1224365234375,697.1348266601562,0.8953284621238708
game2/Clip1,95,3,player_top,820.22900390625,130.0484161376953,791.7232055664062,0.0,848.7348022460938,130.0484161376953,0.7843894362449646
game2/Clip1,96,1,player_bottom,497.027587890625,697.1348266601562,453.9327697753906,519.5281372070312,540.1224365234375,697.1348266601562,0.8953284621238708
game2/Clip1,96,9,player_top,823.3344116210938,134.9055633544922,801.9393920898438,42.69120788574219,844.7294311523438,134.9055633544922,0.8113835453987122
game2/Clip1,97,1,player_bottom,497.027587890625,697.1348266601562,453.9327697753906,519.5281372070312,540.1224365234375,697.1348266601562,0.8953284621238708
game2/Clip1,97,9,player_top,824.1900634765625,136.30471801757812,802.5032348632812,44.854251861572266,845.8768310546875,136.30471801757812,0.8171591758728027
game2/Clip1,98,1,player_bottom,497.027587890625,697.1348266601562,453.9327697753906,519.5281372070312,540.1224365234375,697.1348266601562,0.8953284621238708
game2/Clip1,98,3,player_top,820.22900390625,130.0484161376953,791.7232055664062,0.0,848.7348022460938,130.0484161376953,0.7843894362449646
game2/Clip1,99,1,player_bottom,497.027587890625,697.1348266601562,453.9327697753906,519.5281372070312,540.1224365234375,697.1348266601562,0.8953284621238708
game2/Clip1,99,3,player_top,820.22900390625,130.0484161376953,791.7232055664062,0.0,848.7348022460938,130.0484161376953,0.7843894362449646
game2/Clip1,100,1,player_bottom,497.027587890625,697.1348266601562,453.9327697753906,519.5281372070312,540.1224365234375,697.1348266601562,0.8953284621238708
game2/Clip1,100,3,player_top,820.22900390625,130.0484161376953,791.7232055664062,0.0,848.7348022460938,130.0484161376953,0.7843894362449646
game2/Clip1,101,1,player_bottom,497.027587890625,697.1348266601562,453.9327697753906,519.5281372070312,540.1224365234375,697.1348266601562,0.8953284621238708
game2/Clip1,101,3,player_top,820.22900390625,130.0484161376953,791.7232055664062,0.0,848.7348022460938,130.0484161376953,0.7843894362449646
game2/Clip1,102,1,player_bottom,497.027587890625,697.1348266601562,453.9327697753906,519.5281372070312,540.1224365234375,697.1348266601562,0.8953284621238708
game2/Clip1,102,3,player_top,820.22900390625,130.0484161376953,791.7232055664062,0.0,848.7348022460938,130.0484161376953,0.7843894362449646
game2/Clip1,103,1,player_bottom,497.027587890625,697.1348266601562,453.9327697753906,519.5281372070312,540.1224365234375,697.1348266601562,0.8953284621238708
game2/Clip1,103,3,player_top,820.22900390625,130.0484161376953,791.7232055664062,0.0,848.7348022460938,130.0484161376953,0.7843894362449646
game2/Clip1,104,1,player_bottom,497.027587890625,697.1348266601562,453.9327697753906,519.5281372070312,540.1224365234375,697.1348266601562,0.8953284621238708
game2/Clip1,104,3,player_top,820.22900390625,130.0484161376953,791.7232055664062,0.0,848.7348022460938,130.0484161376953,0.7843894362449646
game2/Clip1,105,1,player_bottom,497.027587890625,697.1348266601562,453.9327697753906,519.5281372070312,540.1224365234375,697.1348266601562,0.8953284621238708
game2/Clip1,105,3,player_top,820.22900390625,130.0484161376953,791.7232055664062,0.0,848.7348022460938,130.0484161376953,0.7843894362449646
game2/Clip1,106,1,player_bottom,497.027587890625,697.1348266601562,453.9327697753906,519.5281372070312,540.1224365234375,697.1348266601562,0.8953284621238708
game2/Clip1,106,9,player_top,799.4810791015625,135.22828674316406,779.7273559570312,44.61286544799805,819.2347412109375,135.22828674316406,0.8000435829162598
game2/Clip1,107,1,player_bottom,497.027587890625,697.1348266601562,453.9327697753906,519.5281372070312,540.1224365234375,697.1348266601562,0.8953284621238708
game2/Clip1,107,9,player_top,795.4560546875,134.59597778320312,776.3770751953125,46.00559616088867,814.5349731445312,134.59597778320312,0.8055841326713562
game2/Clip1,108,1,player_bottom,497.027587890625,697.1348266601562,453.9327697753906,519.5281372070312,540.1224365234375,697.1348266601562,0.8953284621238708
game2/Clip1,108,9,player_top,789.5977783203125,133.85182189941406,770.7500610351562,47.10946273803711,808.445556640625,133.85182189941406,0.8355624079704285
game2/Clip1,109,1,player_bottom,497.027587890625,697.1348266601562,453.9327697753906,519.5281372070312,540.1224365234375,697.1348266601562,0.8953284621238708
game2/Clip1,109,9,player_top,784.7779541015625,132.77723693847656,765.9773559570312,48.44631576538086,803.5784912109375,132.77723693847656,0.8217068314552307
game2/Clip1,110,1,player_bottom,497.027587890625,697.1348266601562,453.9327697753906,519.5281372070312,540.1224365234375,697.1348266601562,0.8953284621238708
game2/Clip1,110,9,player_top,781.256591796875,132.2505340576172,761.8443603515625,48.01266098022461,800.6688842773438,132.2505340576172,0.8506249189376831
game2/Clip1,111,1,player_bottom,497.027587890625,697.1348266601562,453.9327697753906,519.5281372070312,540.1224365234375,697.1348266601562,0.8953284621238708
game2/Clip1,111,9,player_top,779.8409423828125,131.59039306640625,759.9611206054688,47.82096862792969,799.720703125,131.59039306640625,0.8475038409233093
game2/Clip1,112,1,player_bottom,497.027587890625,697.1348266601562,453.9327697753906,519.5281372070312,540.1224365234375,697.1348266601562,0.8953284621238708
game2/Clip1,112,9,player_top,779.502197265625,131.20184326171875,759.1097412109375,47.38352966308594,799.8947143554688,131.20184326171875,0.8292563557624817
game2/Clip1,113,1,player_bottom,497.027587890625,697.1348266601562,453.9327697753906,519.5281372070312,540.1224365234375,697.1348266601562,0.8953284621238708
game2/Clip1,113,9,player_top,778.5337524414062,131.14376831054688,757.526611328125,45.902915954589844,799.5408935546875,131.14376831054688,0.8174672722816467
game2/Clip1,114,1,player_bottom,497.027587890625,697.1348266601562,453.9327697753906,519.5281372070312,540.1224365234375,697.1348266601562,0.8953284621238708
game2/Clip1,114,9,player_top,775.912841796875,131.24537658691406,754.6546630859375,44.92580032348633,797.1710815429688,131.24537658691406,0.818054735660553
game2/Clip1,115,1,player_bottom,497.027587890625,697.1348266601562,453.9327697753906,519.5281372070312,540.1224365234375,697.1348266601562,0.8953284621238708
game2/Clip1,115,9,player_top,772.0029296875,131.05271911621094,750.7794799804688,43.55381393432617,793.2264404296875,131.05271911621094,0.8149292469024658
game2/Clip1,116,1,player_bottom,497.027587890625,697.1348266601562,453.9327697753906,519.5281372070312,540.1224365234375,697.1348266601562,0.8953284621238708
game2/Clip1,116,3,player_top,820.22900390625,130.0484161376953,791.7232055664062,0.0,848.7348022460938,130.0484161376953,0.7843894362449646
game2/Clip1,117,1,player_bottom,497.027587890625,697.1348266601562,453.9327697753906,519.5281372070312,540.1224365234375,697.1348266601562,0.8953284621238708
game2/Clip1,117,3,player_top,820.22900390625,130.0484161376953,791.7232055664062,0.0,848.7348022460938,130.0484161376953,0.7843894362449646
game2/Clip1,118,1,player_bottom,497.027587890625,697.1348266601562,453.9327697753906,519.5281372070312,540.1224365234375,697.1348266601562,0.8953284621238708
game2/Clip1,118,3,player_top,820.22900390625,130.0484161376953,791.7232055664062,0.0,848.7348022460938,130.0484161376953,0.7843894362449646
game2/Clip1,119,1,player_bottom,497.027587890625,697.1348266601562,453.9327697753906,519.5281372070312,540.1224365234375,697.1348266601562,0.8953284621238708
game2/Clip1,119,3,player_top,820.22900390625,130.0484161376953,791.7232055664062,0.0,848.7348022460938,130.0484161376953,0.7843894362449646
game2/Clip1,120,1,player_bottom,497.027587890625,697.1348266601562,453.9327697753906,519.5281372070312,540.1224365234375,697.1348266601562,0.8953284621238708
game2/Clip1,120,9,player_top,754.1060791015625,131.6014404296875,735.3135986328125,43.14323806762695,772.8985595703125,131.6014404296875,0.8210736513137817
game2/Clip1,121,1,player_bottom,497.027587890625,697.1348266601562,453.9327697753906,519.5281372070312,540.1224365234375,697.1348266601562,0.8953284621238708
game2/Clip1,121,9,player_top,750.389892578125,131.61390686035156,731.76220703125,43.49966812133789,769.0176391601562,131.61390686035156,0.8144998550415039
game2/Clip1,122,1,player_bottom,497.027587890625,697.1348266601562,453.9327697753906,519.5281372070312,540.1224365234375,697.1348266601562,0.8953284621238708
game2/Clip1,122,9,player_top,745.873046875,133.0994873046875,727.2089233398438,44.97280502319336,764.5371704101562,133.0994873046875,0.8270145058631897
game2/Clip1,123,1,player_bottom,497.027587890625,697.1348266601562,453.9327697753906,519.5281372070312,540.1224365234375,697.1348266601562,0.8953284621238708
game2/Clip1,123,9,player_top,742.746826171875,134.4730682373047,724.3775634765625,47.853759765625,761.1160888671875,134.4730682373047,0.8426827788352966
game2/Clip1,124,1,player_bottom,497.027587890625,697.1348266601562,453.9327697753906,519.5281372070312,540.1224365234375,697.1348266601562,0.8953284621238708
game2/Clip1,124,9,player_top,742.253662109375,134.29774475097656,724.3676147460938,49.61124038696289,760.1396484375,134.29774475097656,0.8334733247756958
game2/Clip1,125,1,player_bottom,497.027587890625,697.1348266601562,453.9327697753906,519.5281372070312,540.1224365234375,697.1348266601562,0.8953284621238708
game2/Clip1,125,9,player_top,741.9293212890625,134.5365753173828,724.304443359375,51.173240661621094,759.5541381835938,134.5365753173828,0.8181934952735901
game2/Clip1,126,1,player_bottom,497.027587890625,697.1348266601562,453.9327697753906,519.5281372070312,540.1224365234375,697.1348266601562,0.8953284621238708
game2/Clip1,126,9,player_top,741.3331298828125,137.14064025878906,723.3692626953125,53.21224594116211,759.2970581054688,137.14064025878906,0.8271302580833435
game2/Clip1,127,1,player_bottom,497.027587890625,697.1348266601562,453.9327697753906,519.5281372070312,540.1224365234375,697.1348266601562,0.8953284621238708
game2/Clip1,127,3,player_top,820.22900390625,130.0484161376953,791.7232055664062,0.0,848.7348022460938,130.0484161376953,0.7843894362449646
game2/Clip1,128,1,player_bottom,497.027587890625,697.1348266601562,453.9327697753906,519.5281372070312,540.1224365234375,697.1348266601562,0.8953284621238708
game2/Clip1,128,9,player_top,738.031982421875,138.22918701171875,719.856201171875,58.10813903808594,756.2077026367188,138.22918701171875,0.8164424300193787
game2/Clip1,129,1,player_bottom,497.027587890625,697.1348266601562,453.9327697753906,519.5281372070312,540.1224365234375,697.1348266601562,0.8953284621238708
game2/Clip1,129,9,player_top,734.0050048828125,139.26876831054688,715.592041015625,60.91682815551758,752.4180297851562,139.26876831054688,0.8033613562583923
game2/Clip1,130,1,player_bottom,497.027587890625,697.1348266601562,453.9327697753906,519.5281372070312,540.1224365234375,697.1348266601562,0.8953284621238708
game2/Clip1,130,9,player_top,729.9388427734375,140.67007446289062,711.1510009765625,63.45676040649414,748.7267456054688,140.67007446289062,0.8313807845115662
game2/Clip1,131,1,player_bottom,497.027587890625,697.1348266601562,453.9327697753906,519.5281372070312,540.1224365234375,697.1348266601562,0.8953284621238708
game2/Clip1,131,9,player_top,726.4420776367188,141.5981903076172,706.799560546875,64.3165512084961,746.0845947265625,141.5981903076172,0.8224010467529297
game2/Clip1,132,1,player_bottom,497.027587890625,697.1348266601562,453.9327697753906,519.5281372070312,540.1224365234375,697.1348266601562,0.8953284621238708
game2/Clip1,132,9,player_top,722.637939453125,142.0239715576172,701.9426879882812,64.60617065429688,743.333251953125,142.0239715576172,0.8565418720245361
game2/Clip1,133,1,player_bottom,497.027587890625,697.1348266601562,453.9327697753906,519.5281372070312,540.1224365234375,697.1348266601562,0.8953284621238708
game2/Clip1,133,9,player_top,717.6917724609375,143.50982666015625,695.6158447265625,64.30723571777344,739.7677612304688,143.50982666015625,0.8304973840713501
game2/Clip1,134,1,player_bottom,497.027587890625,697.1348266601562,453.9327697753906,519.5281372070312,540.1224365234375,697.1348266601562,0.8953284621238708
game2/Clip1,134,3,player_top,820.22900390625,130.0484161376953,791.7232055664062,0.0,848.7348022460938,130.0484161376953,0.7843894362449646
game2/Clip1,135,1,player_bottom,497.027587890625,697.1348266601562,453.9327697753906,519.5281372070312,540.1224365234375,697.1348266601562,0.8953284621238708
game2/Clip1,135,9,player_top,698.90576171875,144.4397735595703,676.5151977539062,66.58366394042969,721.2962646484375,144.4397735595703,0.8197163343429565
game2/Clip1,136,1,player_bottom,497.027587890625,697.1348266601562,453.9327697753906,519.5281372070312,540.1224365234375,697.1348266601562,0.8953284621238708
game2/Clip1,136,9,player_top,693.43115234375,144.53939819335938,670.9910888671875,67.52957916259766,715.8712158203125,144.53939819335938,0.7944321632385254
game2/Clip1,137,1,player_bottom,497.027587890625,697.1348266601562,453.9327697753906,519.5281372070312,540.1224365234375,697.1348266601562,0.8953284621238708
game2/Clip1,137,9,player_top,688.2620849609375,144.6254119873047,665.1672973632812,67.6737060546875,711.3568725585938,144.6254119873047,0.8193407654762268
game2/Clip1,138,1,player_bottom,497.027587890625,697.1348266601562,453.9327697753906,519.5281372070312,540.1224365234375,697.1348266601562,0.8953284621238708
game2/Clip1,138,9,player_top,682.692626953125,144.8939971923828,658.5623168945312,67.49560546875,706.8228759765625,144.8939971923828,0.8233038187026978
game2/Clip1,139,1,player_bottom,497.027587890625,697.1348266601562,453.9327697753906,519.5281372070312,540.1224365234375,697.1348266601562,0.8953284621238708
game2/Clip1,139,9,player_top,675.5591430664062,145.33428955078125,649.9017944335938,66.03431701660156,701.2164916992188,145.33428955078125,0.7977809309959412
game2/Clip1,140,1,player_bottom,497.027587890625,697.1348266601562,453.9327697753906,519.5281372070312,540.1224365234375,697.1348266601562,0.8953284621238708
game2/Clip1,140,3,player_top,820.22900390625,130.0484161376953,791.7232055664062,0.0,848.7348022460938,130.0484161376953,0.7843894362449646
game2/Clip1,141,1,player_bottom,497.027587890625,697.1348266601562,453.9327697753906,519.5281372070312,540.1224365234375,697.1348266601562,0.8953284621238708
game2/Clip1,141,3,player_top,820.22900390625,130.0484161376953,791.7232055664062,0.0,848.7348022460938,130.0484161376953,0.7843894362449646
game2/Clip1,142,1,player_bottom,497.027587890625,697.1348266601562,453.9327697753906,519.5281372070312,540.1224365234375,697.1348266601562,0.8953284621238708
game2/Clip1,142,3,player_top,820.22900390625,130.0484161376953,791.7232055664062,0.0,848.7348022460938,130.0484161376953,0.7843894362449646
game2/Clip1,143,1,player_bottom,497.027587890625,697.1348266601562,453.9327697753906,519.5281372070312,540.1224365234375,697.1348266601562,0.8953284621238708
game2/Clip1,143,3,player_top,820.22900390625,130.0484161376953,791.7232055664062,0.0,848.7348022460938,130.0484161376953,0.7843894362449646
game2/Clip1,144,1,player_bottom,497.027587890625,697.1348266601562,453.9327697753906,519.5281372070312,540.1224365234375,697.1348266601562,0.8953284621238708
game2/Clip1,144,9,player_top,620.1466064453125,147.27157592773438,593.6231079101562,65.21212768554688,646.6700439453125,147.27157592773438,0.8031783103942871
game2/Clip1,145,1,player_bottom,497.027587890625,697.1348266601562,453.9327697753906,519.5281372070312,540.1224365234375,697.1348266601562,0.8953284621238708
game2/Clip1,145,9,player_top,612.28369140625,147.06736755371094,584.5238037109375,64.68091583251953,640.0436401367188,147.06736755371094,0.8235241174697876
game2/Clip1,146,1,player_bottom,497.027587890625,697.1348266601562,453.9327697753906,519.5281372070312,540.1224365234375,697.1348266601562,0.8953284621238708
game2/Clip1,146,9,player_top,604.4915771484375,146.68478393554688,575.6673583984375,64.81114959716797,633.3157348632812,146.68478393554688,0.8404555916786194
game2/Clip1,147,1,player_bottom,497.027587890625,697.1348266601562,453.9327697753906,519.5281372070312,540.1224365234375,697.1348266601562,0.8953284621238708
game2/Clip1,147,9,player_top,595.5178833007812,143.90780639648438,566.2576904296875,64.88154602050781,624.778076171875,143.90780639648438,0.8151960372924805
game2/Clip1,148,1,player_bottom,497.027587890625,697.1348266601562,453.9327697753906,519.5281372070312,540.1224365234375,697.1348266601562,0.8953284621238708
game2/Clip1,148,9,player_top,585.596435546875,146.3758544921875,555.0732421875,65.88819885253906,616.1196899414062,146.3758544921875,0.8268827199935913
game2/Clip1,149,1,player_bottom,497.027587890625,697.1348266601562,453.9327697753906,519.5281372070312,540.1224365234375,697.1348266601562,0.8953284621238708
game2/Clip1,149,3,player_top,820.22900390625,130.0484161376953,791.7232055664062,0.0,848.7348022460938,130.0484161376953,0.7843894362449646
game2/Clip1,150,1,player_bottom,497.027587890625,697.1348266601562,453.9327697753906,519.5281372070312,540.1224365234375,697.1348266601562,0.8953284621238708
game2/Clip1,150,3,player_top,820.22900390625,130.0484161376953,791.7232055664062,0.0,848.7348022460938,130.0484161376953,0.7843894362449646
game2/Clip1,151,1,player_bottom,497.027587890625,697.1348266601562,453.9327697753906,519.5281372070312,540.1224365234375,697.1348266601562,0.8953284621238708
game2/Clip1,151,3,player_top,820.22900390625,130.0484161376953,791.7232055664062,0.0,848.7348022460938,130.0484161376953,0.7843894362449646
game2/Clip1,152,1,player_bottom,497.027587890625,697.1348266601562,453.9327697753906,519.5281372070312,540.1224365234375,697.1348266601562,0.8953284621238708
game2/Clip1,152,3,player_top,820.22900390625,130.0484161376953,791.7232055664062,0.0,848.7348022460938,130.0484161376953,0.7843894362449646
game2/Clip1,153,1,player_bottom,497.027587890625,697.1348266601562,453.9327697753906,519.5281372070312,540.1224365234375,697.1348266601562,0.8953284621238708
game2/Clip1,153,9,player_top,523.8627319335938,150.91925048828125,495.2652893066406,70.66394805908203,552.460205078125,150.91925048828125,0.7990517020225525
game2/Clip1,154,1,player_bottom,497.027587890625,697.1348266601562,453.9327697753906,519.5281372070312,540.1224365234375,697.1348266601562,0.8953284621238708
game2/Clip1,154,9,player_top,516.4389038085938,151.98529052734375,485.7890930175781,68.81831359863281,547.0886840820312,151.98529052734375,0.8230107426643372
game2/Clip1,155,1,player_bottom,497.027587890625,697.1348266601562,453.9327697753906,519.5281372070312,540.1224365234375,697.1348266601562,0.8953284621238708
game2/Clip1,155,9,player_top,508.9955749511719,151.78866577148438,477.31427001953125,68.93266296386719,540.6768798828125,151.78866577148438,0.8005467653274536
game2/Clip1,156,1,player_bottom,497.027587890625,697.1348266601562,453.9327697753906,519.5281372070312,540.1224365234375,697.1348266601562,0.8953284621238708
game2/Clip1,156,3,player_top,820.22900390625,130.0484161376953,791.7232055664062,0.0,848.7348022460938,130.0484161376953,0.7843894362449646
game2/Clip1,157,1,player_bottom,497.027587890625,697.1348266601562,453.9327697753906,519.5281372070312,540.1224365234375,697.1348266601562,0.8953284621238708
game2/Clip1,157,3,player_top,820.22900390625,130.0484161376953,791.7232055664062,0.0,848.7348022460938,130.0484161376953,0.7843894362449646
game2/Clip1,158,1,player_bottom,497.027587890625,697.1348266601562,453.9327697753906,519.5281372070312,540.1224365234375,697.1348266601562,0.8953284621238708
game2/Clip1,158,3,player_top,820.22900390625,130.0484161376953,791.7232055664062,0.0,848.7348022460938,130.0484161376953,0.7843894362449646
game2/Clip1,159,1,player_bottom,497.027587890625,697.1348266601562,453.9327697753906,519.5281372070312,540.1224365234375,697.1348266601562,0.8953284621238708
game2/Clip1,159,3,player_top,820.22900390625,130.0484161376953,791.7232055664062,0.0,848.7348022460938,130.0484161376953,0.7843894362449646
game2/Clip1,160,1,player_bottom,497.027587890625,697.1348266601562,453.9327697753906,519.5281372070312,540.1224365234375,697.1348266601562,0.8953284621238708
game2/Clip1,160,3,player_top,820.22900390625,130.0484161376953,791.7232055664062,0.0,848.7348022460938,130.0484161376953,0.7843894362449646
game2/Clip1,161,1,player_bottom,497.027587890625,697.1348266601562,453.9327697753906,519.5281372070312,540.1224365234375,697.1348266601562,0.8953284621238708
game2/Clip1,161,3,player_top,820.22900390625,130.0484161376953,791.7232055664062,0.0,848.7348022460938,130.0484161376953,0.7843894362449646
game2/Clip1,162,1,player_bottom,497.027587890625,697.1348266601562,453.9327697753906,519.5281372070312,540.1224365234375,697.1348266601562,0.8953284621238708
game2/Clip1,162,9,player_top,437.3148193359375,159.63221740722656,403.9394836425781,85.19789123535156,470.6901550292969,159.63221740722656,0.7844029068946838
game2/Clip1,163,1,player_bottom,497.027587890625,697.1348266601562,453.9327697753906,519.5281372070312,540.1224365234375,697.1348266601562,0.8953284621238708
game2/Clip1,163,9,player_top,422.9724426269531,160.7836151123047,391.0301818847656,86.91951751708984,454.9147033691406,160.7836151123047,0.8429462313652039
game2/Clip1,164,1,player_bottom,497.027587890625,697.1348266601562,453.9327697753906,519.5281372070312,540.1224365234375,697.1348266601562,0.8953284621238708
game2/Clip1,164,3,player_top,820.22900390625,130.0484161376953,791.7232055664062,0.0,848.7348022460938,130.0484161376953,0.7843894362449646
game2/Clip1,165,1,player_bottom,497.027587890625,697.1348266601562,453.9327697753906,519.5281372070312,540.1224365234375,697.1348266601562,0.8953284621238708
game2/Clip1,165,9,player_top,402.9353942871094,157.42837524414062,373.8123474121094,86.37016296386719,432.0584411621094,157.42837524414062,0.7982431650161743
game2/Clip1,166,1,player_bottom,497.027587890625,697.1348266601562,453.9327697753906,519.5281372070312,540.1224365234375,697.1348266601562,0.8953284621238708
game2/Clip1,166,3,player_top,820.22900390625,130.0484161376953,791.7232055664062,0.0,848.7348022460938,130.0484161376953,0.7843894362449646
game2/Clip1,167,1,player_bottom,497.027587890625,697.1348266601562,453.9327697753906,519.5281372070312,540.1224365234375,697.1348266601562,0.8953284621238708
game2/Clip1,167,3,player_top,820.22900390625,130.0484161376953,791.7232055664062,0.0,848.7348022460938,130.0484161376953,0.7843894362449646
game2/Clip1,168,1,player_bottom,497.027587890625,697.1348266601562,453.9327697753906,519.5281372070312,540.1224365234375,697.1348266601562,0.8953284621238708
game2/Clip1,168,9,player_top,370.97735595703125,161.2491455078125,341.4567565917969,83.80879974365234,400.4979248046875,161.2491455078125,0.7995478510856628
game2/Clip1,169,1,player_bottom,497.027587890625,697.1348266601562,453.9327697753906,519.5281372070312,540.1224365234375,697.1348266601562,0.8953284621238708
game2/Clip1,169,9,player_top,366.73858642578125,161.27371215820312,338.30206298828125,83.6172866821289,395.1751403808594,161.27371215820312,0.826080322265625
game2/Clip1,170,1,player_bottom,497.027587890625,697.1348266601562,453.9327697753906,519.5281372070312,540.1224365234375,697.1348266601562,0.8953284621238708
game2/Clip1,170,3,player_top,820.22900390625,130.0484161376953,791.7232055664062,0.0,848.7348022460938,130.0484161376953,0.7843894362449646
game2/Clip1,171,1,player_bottom,497.027587890625,697.1348266601562,453.9327697753906,519.5281372070312,540.1224365234375,697.1348266601562,0.8953284621238708
game2/Clip1,171,9,player_top,350.1982421875,160.4947052001953,322.7533874511719,83.23055267333984,377.64306640625,160.4947052001953,0.8121063709259033
game2/Clip1,172,1,player_bottom,497.027587890625,697.1348266601562,453.9327697753906,519.5281372070312,540.1224365234375,697.1348266601562,0.8953284621238708
game2/Clip1,172,9,player_top,345.2132263183594,160.11978149414062,317.7069396972656,82.57708740234375,372.7195129394531,160.11978149414062,0.8341600298881531
game2/Clip1,173,1,player_bottom,497.027587890625,697.1348266601562,453.9327697753906,519.5281372070312,540.1224365234375,697.1348266601562,0.8953284621238708
game2/Clip1,173,9,player_top,342.15802001953125,160.40823364257812,314.44671630859375,81.9286880493164,369.8692932128906,160.40823364257812,0.8484988212585449
game2/Clip1,174,1,player_bottom,497.027587890625,697.1348266601562,453.9327697753906,519.5281372070312,540.1224365234375,697.1348266601562,0.8953284621238708
game2/Clip1,174,9,player_top,339.826904296875,160.13104248046875,312.31396484375,81.4068374633789,367.3398132324219,160.13104248046875,0.8553580045700073
game2/Clip1,175,13,player_bottom,800.3111572265625,688.393798828125,746.6455078125,522.7633056640625,853.9768676757812,688.393798828125,0.9009553790092468
game2/Clip1,175,9,player_top,336.943359375,159.1417694091797,309.75634765625,80.84474182128906,364.1304016113281,159.1417694091797,0.8520330786705017
game2/Clip1,176,1,player_bottom,497.027587890625,697.1348266601562,453.9327697753906,519.5281372070312,540.1224365234375,697.1348266601562,0.8953284621238708
game2/Clip1,176,9,player_top,332.27764892578125,158.1504669189453,305.1999816894531,80.9343490600586,359.3553466796875,158.1504669189453,0.8514665961265564
game2/Clip1,177,1,player_bottom,497.027587890625,697.1348266601562,453.9327697753906,519.5281372070312,540.1224365234375,697.1348266601562,0.8953284621238708
game2/Clip1,177,9,player_top,328.1078186035156,157.95779418945312,300.7095947265625,81.33511352539062,355.50604248046875,157.95779418945312,0.8490575551986694
game2/Clip1,178,1,player_bottom,497.027587890625,697.1348266601562,453.9327697753906,519.5281372070312,540.1224365234375,697.1348266601562,0.8953284621238708
game2/Clip1,178,9,player_top,326.03851318359375,157.0921173095703,298.8167724609375,82.56845092773438,353.26025390625,157.0921173095703,0.8323593139648438
game2/Clip1,179,1,player_bottom,497.027587890625,697.1348266601562,453.9327697753906,519.5281372070312,540.1224365234375,697.1348266601562,0.8953284621238708
game2/Clip1,179,9,player_top,325.94635009765625,156.9154510498047,298.7573547363281,83.96719360351562,353.1353454589844,156.9154510498047,0.8167611956596375
game2/Clip1,180,1,player_bottom,497.027587890625,697.1348266601562,453.9327697753906,519.5281372070312,540.1224365234375,697.1348266601562,0.8953284621238708
game2/Clip1,180,9,player_top,325.88153076171875,156.60128784179688,298.731689453125,84.89556884765625,353.0313415527344,156.60128784179688,0.8209699988365173
game2/Clip1,181,1,player_bottom,497.027587890625,697.1348266601562,453.9327697753906,519.5281372070312,540.1224365234375,697.1348266601562,0.8953284621238708
game2/Clip1,181,9,player_top,325.39642333984375,156.11181640625,298.1984558105469,85.25078582763672,352.5943603515625,156.11181640625,0.8126157522201538
game2/Clip1,182,1,player_bottom,497.027587890625,697.1348266601562,453.9327697753906,519.5281372070312,540.1224365234375,697.1348266601562,0.8953284621238708
game2/Clip1,182,9,player_top,324.361083984375,156.7382049560547,296.4842834472656,84.59925079345703,352.2379150390625,156.7382049560547,0.8299569487571716
game2/Clip1,183,13,player_bottom,851.368896484375,645.9921264648438,802.7913208007812,499.2625427246094,899.946533203125,645.9921264648438,0.9035593271255493
game2/Clip1,183,9,player_top,323.3649597167969,157.10357666015625,294.6737976074219,82.75248718261719,352.0561218261719,157.10357666015625,0.8437632322311401
game2/Clip1,184,13,player_bottom,857.8599243164062,643.593017578125,807.6144409179688,495.6236877441406,908.1054077148438,643.593017578125,0.9130076169967651
game2/Clip1,184,9,player_top,323.9336242675781,157.51255798339844,294.1048889160156,80.12054443359375,353.7623596191406,157.51255798339844,0.8524186611175537
game2/Clip1,185,1,player_bottom,497.027587890625,697.1348266601562,453.9327697753906,519.5281372070312,540.1224365234375,697.1348266601562,0.8953284621238708
game2/Clip1,185,3,player_top,820.22900390625,130.0484161376953,791.7232055664062,0.0,848.7348022460938,130.0484161376953,0.7843894362449646
game2/Clip1,186,1,player_bottom,497.027587890625,697.1348266601562,453.9327697753906,519.5281372070312,540.1224365234375,697.1348266601562,0.8953284621238708
game2/Clip1,186,3,player_top,820.22900390625,130.0484161376953,791.7232055664062,0.0,848.7348022460938,130.0484161376953,0.7843894362449646
game2/Clip1,187,1,player_bottom,497.027587890625,697.1348266601562,453.9327697753906,519.5281372070312,540.1224365234375,697.1348266601562,0.8953284621238708
game2/Clip1,187,3,player_top,820.22900390625,130.0484161376953,791.7232055664062,0.0,848.7348022460938,130.0484161376953,0.7843894362449646
game2/Clip1,188,1,player_bottom,497.027587890625,697.1348266601562,453.9327697753906,519.5281372070312,540.1224365234375,697.1348266601562,0.8953284621238708
game2/Clip1,188,9,player_top,337.8936462402344,153.2350616455078,306.8304138183594,72.35958099365234,368.9568786621094,153.2350616455078,0.8319469690322876
game2/Clip1,189,1,player_bottom,497.027587890625,697.1348266601562,453.9327697753906,519.5281372070312,540.1224365234375,697.1348266601562,0.8953284621238708
game2/Clip1,189,9,player_top,344.96551513671875,152.46377563476562,314.2021789550781,71.71875762939453,375.7288818359375,152.46377563476562,0.8434405326843262
game2/Clip1,190,1,player_bottom,497.027587890625,697.1348266601562,453.9327697753906,519.5281372070312,540.1224365234375,697.1348266601562,0.8953284621238708
game2/Clip1,190,9,player_top,350.009033203125,152.30194091796875,319.26153564453125,71.22954559326172,380.7565612792969,152.30194091796875,0.8380936980247498
game2/Clip1,191,1,player_bottom,497.027587890625,697.1348266601562,453.9327697753906,519.5281372070312,540.1224365234375,697.1348266601562,0.8953284621238708
game2/Clip1,191,9,player_top,355.2160339355469,151.4947967529297,323.91265869140625,69.05593872070312,386.5194091796875,151.4947967529297,0.8310928344726562
game2/Clip1,192,1,player_bottom,497.027587890625,697.1348266601562,453.9327697753906,519.5281372070312,540.1224365234375,697.1348266601562,0.8953284621238708
game2/Clip1,192,9,player_top,359.68829345703125,150.6980438232422,327.69256591796875,67.13944244384766,391.68402099609375,150.6980438232422,0.8382297158241272
game2/Clip1,193,1,player_bottom,497.027587890625,697.1348266601562,453.9327697753906,519.5281372070312,540.1224365234375,697.1348266601562,0.8953284621238708
game2/Clip1,193,9,player_top,364.71697998046875,149.1416015625,332.5390930175781,65.58724975585938,396.89483642578125,149.1416015625,0.837369441986084
game2/Clip1,194,1,player_bottom,497.027587890625,697.1348266601562,453.9327697753906,519.5281372070312,540.1224365234375,697.1348266601562,0.8953284621238708
game2/Clip1,194,9,player_top,369.33740234375,147.556884765625,337.3072814941406,64.4251480102539,401.3675537109375,147.556884765625,0.8533115386962891
game2/Clip1,195,1,player_bottom,497.027587890625,697.1348266601562,453.9327697753906,519.5281372070312,540.1224365234375,697.1348266601562,0.8953284621238708
game2/Clip1,195,3,player_top,820.22900390625,130.0484161376953,791.7232055664062,0.0,848.7348022460938,130.0484161376953,0.7843894362449646
game2/Clip1,196,1,player_bottom,497.027587890625,697.1348266601562,453.9327697753906,519.5281372070312,540.1224365234375,697.1348266601562,0.8953284621238708
game2/Clip1,196,9,player_top,388.1440124511719,146.8413543701172,357.3604736328125,63.03831100463867,418.92755126953125,146.8413543701172,0.8091467618942261
game2/Clip1,197,1,player_bottom,497.027587890625,697.1348266601562,453.9327697753906,519.5281372070312,540.1224365234375,697.1348266601562,0.8953284621238708
game2/Clip1,197,9,player_top,395.07537841796875,146.580810546875,365.0001220703125,63.176414489746094,425.1506042480469,146.580810546875,0.832941472530365
game2/Clip1,198,1,player_bottom,497.027587890625,697.1348266601562,453.9327697753906,519.5281372070312,540.1224365234375,697.1348266601562,0.8953284621238708
game2/Clip1,198,9,player_top,400.49578857421875,145.93637084960938,370.62646484375,62.56552505493164,430.3651123046875,145.93637084960938,0.8208078742027283
game2/Clip1,199,1,player_bottom,497.027587890625,697.1348266601562,453.9327697753906,519.5281372070312,540.1224365234375,697.1348266601562,0.8953284621238708
game2/Clip1,199,9,player_top,405.91119384765625,145.95297241210938,375.5450439453125,61.208953857421875,436.2773132324219,145.95297241210938,0.8259673118591309
game2/Clip1,200,13,player_bottom,1025.2650146484375,597.1494750976562,984.0233764648438,472.45562744140625,1066.5067138671875,597.1494750976562,0.9086757898330688
game2/Clip1,200,9,player_top,411.28289794921875,145.2186737060547,379.99310302734375,58.889095306396484,442.5727233886719,145.2186737060547,0.7991112470626831
game2/Clip1,201,13,player_bottom,1033.5035400390625,595.096923828125,992.037841796875,471.6601257324219,1074.96923828125,595.096923828125,0.8968459367752075
game2/Clip1,201,3,player_top,820.22900390625,130.0484161376953,791.7232055664062,0.0,848.7348022460938,130.0484161376953,0.7843894362449646
game2/Clip1,202,1,player_bottom,497.027587890625,697.1348266601562,453.9327697753906,519.5281372070312,540.1224365234375,697.1348266601562,0.8953284621238708
game2/Clip1,202,3,player_top,820.22900390625,130.0484161376953,791.7232055664062,0.0,848.7348022460938,130.0484161376953,0.7843894362449646
game2/Clip1,203,1,player_bottom,497.027587890625,697.1348266601562,453.9327697753906,519.5281372070312,540.1224365234375,697.1348266601562,0.8953284621238708
game2/Clip1,203,3,player_top,820.22900390625,130.0484161376953,791.7232055664062,0.0,848.7348022460938,130.0484161376953,0.7843894362449646
game2/Clip1,204,1,player_bottom,497.027587890625,697.1348266601562,453.9327697753906,519.5281372070312,540.1224365234375,697.1348266601562,0.8953284621238708
game2/Clip1,204,3,player_top,820.22900390625,130.0484161376953,791.7232055664062,0.0,848.7348022460938,130.0484161376953,0.7843894362449646
game2/Clip1,205,1,player_bottom,497.027587890625,697.1348266601562,453.9327697753906,519.5281372070312,540.1224365234375,697.1348266601562,0.8953284621238708
game2/Clip1,205,3,player_top,820.22900390625,130.0484161376953,791.7232055664062,0.0,848.7348022460938,130.0484161376953,0.7843894362449646
game2/Clip1,206,13,player_bottom,1052.1190185546875,593.2177124023438,1008.5302734375,463.7589111328125,1095.707763671875,593.2177124023438,0.9032270908355713
game2/Clip1,206,3,player_top,820.22900390625,130.0484161376953,791.7232055664062,0.0,848.7348022460938,130.0484161376953,0.7843894362449646
game2/Clip1,207,1,player_bottom,497.027587890625,697.1348266601562,453.9327697753906,519.5281372070312,540.1224365234375,697.1348266601562,0.8953284621238708
game2/Clip1,207,3,player_top,820.22900390625,130.0484161376953,791.7232055664062,0.0,848.7348022460938,130.0484161376953,0.7843894362449646
game2/Clip1,208,1,player_bottom,497.027587890625,697.1348266601562,453.9327697753906,519.5281372070312,540.1224365234375,697.1348266601562,0.8953284621238708
game2/Clip1,208,9,player_top,487.6349182128906,132.2262420654297,461.47711181640625,54.21387481689453,513.792724609375,132.2262420654297,0.7980386018753052
game2/Clip1,209,1,player_bottom,497.027587890625,697.1348266601562,453.9327697753906,519.5281372070312,540.1224365234375,697.1348266601562,0.8953284621238708
game2/Clip1,209,9,player_top,495.4700927734375,134.07249450683594,468.9694519042969,53.84330368041992,521.970703125,134.07249450683594,0.8177035450935364
game2/Clip1,210,13,player_bottom,1051.8697509765625,594.9691162109375,1006.8579711914062,462.91168212890625,1096.881591796875,594.9691162109375,0.8970629572868347
game2/Clip1,210,9,player_top,500.0346984863281,134.72291564941406,473.80535888671875,53.303321838378906,526.2640380859375,134.72291564941406,0.827009916305542
game2/Clip1,211,1,player_bottom,497.027587890625,697.1348266601562,453.9327697753906,519.5281372070312,540.1224365234375,697.1348266601562,0.8953284621238708
game2/Clip1,211,9,player_top,504.6142578125,135.01646423339844,478.72882080078125,52.44950485229492,530.4996948242188,135.01646423339844,0.819169282913208
game2/Clip1,212,1,player_bottom,497.027587890625,697.1348266601562,453.9327697753906,519.5281372070312,540.1224365234375,697.1348266601562,0.8953284621238708
game2/Clip1,212,3,player_top,820.22900390625,130.0484161376953,791.7232055664062,0.0,848.7348022460938,130.0484161376953,0.7843894362449646
game2/Clip1,213,1,player_bottom,497.027587890625,697.1348266601562,453.9327697753906,519.5281372070312,540.1224365234375,697.1348266601562,0.8953284621238708
game2/Clip1,213,3,player_top,820.22900390625,130.0484161376953,791.7232055664062,0.0,848.7348022460938,130.0484161376953,0.7843894362449646
game2/Clip1,214,1,player_bottom,497.027587890625,697.1348266601562,453.9327697753906,519.5281372070312,540.1224365234375,697.1348266601562,0.8953284621238708
game2/Clip1,214,3,player_top,820.22900390625,130.0484161376953,791.7232055664062,0.0,848.7348022460938,130.0484161376953,0.7843894362449646
game2/Clip1,215,1,player_bottom,497.027587890625,697.1348266601562,453.9327697753906,519.5281372070312,540.1224365234375,697.1348266601562,0.8953284621238708
game2/Clip1,215,9,player_top,533.1053466796875,131.30975341796875,507.64306640625,52.251060485839844,558.5675659179688,131.30975341796875,0.8338121771812439
game2/Clip1,216,1,player_bottom,497.027587890625,697.1348266601562,453.9327697753906,519.5281372070312,540.1224365234375,697.1348266601562,0.8953284621238708
game2/Clip1,216,9,player_top,535.2977905273438,129.4554443359375,510.4136047363281,52.43757247924805,560.1820068359375,129.4554443359375,0.8323834538459778
game2/Clip1,217,1,player_bottom,497.027587890625,697.1348266601562,453.9327697753906,519.5281372070312,540.1224365234375,697.1348266601562,0.8953284621238708
game2/Clip1,217,9,player_top,536.2805786132812,128.251953125,511.5204162597656,51.60451126098633,561.0407104492188,128.251953125,0.8343114852905273
game2/Clip1,218,13,player_bottom,989.937255859375,603.6595458984375,932.0852661132812,453.18505859375,1047.7891845703125,603.6595458984375,0.9097894430160522
game2/Clip1,218,9,player_top,536.1287841796875,126.26414489746094,511.3221130371094,49.52214813232422,560.9354858398438,126.26414489746094,0.8452544808387756
game2/Clip1,219,13,player_bottom,988.1822509765625,603.3092651367188,929.5552368164062,451.19012451171875,1046.809326171875,603.3092651367188,0.9118838906288147
game2/Clip1,219,9,player_top,535.776123046875,124.63710021972656,510.9235534667969,47.50505065917969,560.628662109375,124.63710021972656,0.8392877578735352
game2/Clip1,220,13,player_bottom,985.7667846679688,601.7476196289062,926.60888671875,448.2786865234375,1044.9246826171875,601.7476196289062,0.9026010632514954
game2/Clip1,220,9,player_top,535.4563598632812,123.81912994384766,510.1720275878906,44.97932052612305,560.7406616210938,123.81912994384766,0.843186616897583
game2/Clip1,221,1,player_bottom,497.027587890625,697.1348266601562,453.9327697753906,519.5281372070312,540.1224365234375,697.1348266601562,0.8953284621238708
game2/Clip1,221,9,player_top,536.084228515625,123.77162170410156,510.6462707519531,43.719757080078125,561.522216796875,123.77162170410156,0.8336809873580933
game2/Clip1,222,13,player_bottom,972.4739379882812,601.0887451171875,912.5634765625,444.1358337402344,1032.3843994140625,601.0887451171875,0.8984315991401672
game2/Clip1,222,9,player_top,536.1051025390625,124.1024169921875,510.6361999511719,43.24402618408203,561.573974609375,124.1024169921875,0.8202380537986755
game2/Clip1,223,1,player_bottom,497.027587890625,697.1348266601562,453.9327697753906,519.5281372070312,540.1224365234375,697.1348266601562,0.8953284621238708
game2/Clip1,223,9,player_top,537.0505981445312,124.08704376220703,511.7816162109375,42.53559494018555,562.319580078125,124.08704376220703,0.7980676293373108
game2/Clip1,224,1,player_bottom,497.027587890625,697.1348266601562,453.9327697753906,519.5281372070312,540.1224365234375,697.1348266601562,0.8953284621238708
game2/Clip1,224,9,player_top,537.3800048828125,124.55794525146484,512.0234375,41.259925842285156,562.7366333007812,124.55794525146484,0.8116939067840576
game2/Clip1,225,1,player_bottom,497.027587890625,697.1348266601562,453.9327697753906,519.5281372070312,540.1224365234375,697.1348266601562,0.8953284621238708
game2/Clip1,225,9,player_top,536.7117919921875,124.62594604492188,511.4105224609375,39.938777923583984,562.0130615234375,124.62594604492188,0.8048922419548035
game2/Clip1,226,1,player_bottom,497.027587890625,697.1348266601562,453.9327697753906,519.5281372070312,540.1224365234375,697.1348266601562,0.8953284621238708
game2/Clip1,226,9,player_top,535.8634033203125,123.52145385742188,510.922119140625,38.140052795410156,560.8047485351562,123.52145385742188,0.7971190810203552
game2/Clip1,227,13,player_bottom,917.59375,611.1561889648438,862.08154296875,444.5939025878906,973.10595703125,611.1561889648438,0.8977962732315063
game2/Clip1,227,9,player_top,534.7174072265625,121.9676284790039,510.3144226074219,36.73499298095703,559.120361328125,121.9676284790039,0.7867993712425232
game2/Clip1,228,1,player_bottom,497.027587890625,697.1348266601562,453.9327697753906,519.5281372070312,540.1224365234375,697.1348266601562,0.8953284621238708
game2/Clip1,228,9,player_top,533.6954345703125,120.26051330566406,509.65020751953125,34.5245246887207,557.74072265625,120.26051330566406,0.8029916286468506
game2/Clip1,229,13,player_bottom,896.9911499023438,612.328125,842.7451171875,441.592529296875,951.2371826171875,612.328125,0.9058299660682678
game2/Clip1,229,9,player_top,534.7474975585938,119.03235626220703,511.2712707519531,32.75481033325195,558.2237548828125,119.03235626220703,0.8248720169067383
game2/Clip1,230,1,player_bottom,497.027587890625,697.1348266601562,453.9327697753906,519.5281372070312,540.1224365234375,697.1348266601562,0.8953284621238708
game2/Clip1,230,9,player_top,535.3663940429688,118.78946685791016,511.9271545410156,29.84110450744629,558.8056640625,118.78946685791016,0.8236106038093567
game2/Clip1,231,1,player_bottom,497.027587890625,697.1348266601562,453.9327697753906,519.5281372070312,540.1224365234375,697.1348266601562,0.8953284621238708
game2/Clip1,231,9,player_top,535.84130859375,118.23396301269531,512.339111328125,26.00412940979004,559.3435668945312,118.23396301269531,0.805343508720398
game2/Clip1,232,1,player_bottom,497.027587890625,697.1348266601562,453.9327697753906,519.5281372070312,540.1224365234375,697.1348266601562,0.8953284621238708
game2/Clip1,232,9,player_top,536.362548828125,116.96491241455078,513.2807006835938,23.548385620117188,559.4443359375,116.96491241455078,0.8091945648193359
game2/Clip1,233,1,player_bottom,497.027587890625,697.1348266601562,453.9327697753906,519.5281372070312,540.1224365234375,697.1348266601562,0.8953284621238708
game2/Clip1,233,9,player_top,536.6640014648438,116.29346466064453,514.0684814453125,22.435964584350586,559.259521484375,116.29346466064453,0.8009923100471497
game2/Clip1,234,1,player_bottom,497.027587890625,697.1348266601562,453.9327697753906,519.5281372070312,540.1224365234375,697.1348266601562,0.8953284621238708
game2/Clip1,234,9,player_top,537.437744140625,115.36083221435547,515.434814453125,22.17239761352539,559.440673828125,115.36083221435547,0.803841769695282
game2/Clip1,235,1,player_bottom,497.027587890625,697.1348266601562,453.9327697753906,519.5281372070312,540.1224365234375,697.1348266601562,0.8953284621238708
game2/Clip1,235,9,player_top,540.1231689453125,114.90408325195312,518.2250366210938,22.016454696655273,562.0213623046875,114.90408325195312,0.7948892712593079
game2/Clip1,236,1,player_bottom,497.027587890625,697.1348266601562,453.9327697753906,519.5281372070312,540.1224365234375,697.1348266601562,0.8953284621238708
game2/Clip1,236,3,player_top,820.22900390625,130.0484161376953,791.7232055664062,0.0,848.7348022460938,130.0484161376953,0.7843894362449646
game2/Clip1,237,13,player_bottom,796.3546142578125,604.390869140625,755.9100952148438,457.2065734863281,836.7991943359375,604.390869140625,0.8962633013725281
game2/Clip1,237,9,player_top,541.3206176757812,113.7615966796875,520.0628051757812,23.0494327545166,562.5784301757812,113.7615966796875,0.8009774684906006
game2/Clip1,238,1,player_bottom,497.027587890625,697.1348266601562,453.9327697753906,519.5281372070312,540.1224365234375,697.1348266601562,0.8953284621238708
game2/Clip1,238,9,player_top,542.6489868164062,113.31522369384766,521.2859497070312,22.433202743530273,564.0120239257812,113.31522369384766,0.8123120069503784
game2/Clip1,239,1,player_bottom,497.027587890625,697.1348266601562,453.9327697753906,519.5281372070312,540.1224365234375,697.1348266601562,0.8953284621238708
game2/Clip1,239,9,player_top,544.50537109375,113.43836975097656,522.8002319335938,22.103199005126953,566.21044921875,113.43836975097656,0.8269695043563843
game2/Clip1,240,1,player_bottom,497.027587890625,697.1348266601562,453.9327697753906,519.5281372070312,540.1224365234375,697.1348266601562,0.8953284621238708
game2/Clip1,240,9,player_top,544.6182861328125,113.4488525390625,523.4434814453125,24.587404251098633,565.7930297851562,113.4488525390625,0.8214085102081299
game2/Clip1,241,1,player_bottom,497.027587890625,697.1348266601562,453.9327697753906,519.5281372070312,540.1224365234375,697.1348266601562,0.8953284621238708
game2/Clip1,241,9,player_top,546.7120361328125,113.70697784423828,525.6307983398438,26.451597213745117,567.7933349609375,113.70697784423828,0.8210552930831909
game2/Clip1,242,1,player_bottom,497.027587890625,697.1348266601562,453.9327697753906,519.5281372070312,540.1224365234375,697.1348266601562,0.8953284621238708
game2/Clip1,242,9,player_top,550.0917358398438,113.92872619628906,528.634765625,25.384662628173828,571.5487060546875,113.92872619628906,0.8172712922096252
game2/Clip1,243,1,player_bottom,497.027587890625,697.1348266601562,453.9327697753906,519.5281372070312,540.1224365234375,697.1348266601562,0.8953284621238708
game2/Clip1,243,9,player_top,552.8434448242188,113.32286834716797,531.6950073242188,26.094791412353516,573.9918823242188,113.32286834716797,0.8151957392692566
game2/Clip1,244,13,player_bottom,758.1783447265625,582.2738037109375,722.005859375,446.58349609375,794.3508911132812,582.2738037109375,0.8971383571624756
game2/Clip1,244,9,player_top,556.5115356445312,112.84212493896484,535.3648681640625,24.921226501464844,577.658203125,112.84212493896484,0.8087929487228394
game2/Clip1,245,13,player_bottom,753.7391967773438,580.77392578125,717.2073364257812,445.5650634765625,790.2710571289062,580.77392578125,0.9015001058578491
game2/Clip1,245,9,player_top,560.8228759765625,112.07331085205078,540.0573120117188,23.890329360961914,581.5885009765625,112.07331085205078,0.8076590895652771
game2/Clip1,246,13,player_bottom,751.440185546875,579.9375,714.5448608398438,444.4682922363281,788.33544921875,579.9375,0.8984728455543518
game2/Clip1,246,9,player_top,564.8154296875,111.70547485351562,544.5757446289062,23.38641357421875,585.0551147460938,111.70547485351562,0.7985169291496277
game2/Clip1,247,13,player_bottom,751.04248046875,579.3472290039062,713.5048828125,442.1946716308594,788.5801391601562,579.3472290039062,0.8958635926246643
game2/Clip1,247,9,player_top,567.4009399414062,111.53177642822266,547.47119140625,22.423099517822266,587.3306884765625,111.53177642822266,0.8016965389251709
game2/Clip1,248,1,player_bottom,497.027587890625,697.1348266601562,453.9327697753906,519.5281372070312,540.1224365234375,697.1348266601562,0.8953284621238708
game2/Clip1,248,9,player_top,569.950439453125,110.19523620605469,550.4338989257812,21.35489273071289,589.4669799804688,110.19523620605469,0.8331674337387085
game2/Clip1,249,1,player_bottom,497.027587890625,697.1348266601562,453.9327697753906,519.5281372070312,540.1224365234375,697.1348266601562,0.8953284621238708
game2/Clip1,249,9,player_top,573.2584228515625,109.46219635009766,554.1434936523438,21.340085983276367,592.3734130859375,109.46219635009766,0.8490097522735596
game2/Clip1,250,1,player_bottom,497.027587890625,697.1348266601562,453.9327697753906,519.5281372070312,540.1224365234375,697.1348266601562,0.8953284621238708
game2/Clip1,250,9,player_top,576.490966796875,109.71430206298828,557.9385986328125,22.480499267578125,595.0433959960938,109.71430206298828,0.8367852568626404
game2/Clip1,251,1,player_bottom,497.027587890625,697.1348266601562,453.9327697753906,519.5281372070312,540.1224365234375,697.1348266601562,0.8953284621238708
game2/Clip1,251,9,player_top,579.16748046875,110.16883087158203,561.0662841796875,23.214818954467773,597.2687377929688,110.16883087158203,0.8125641345977783
game2/Clip1,252,1,player_bottom,497.027587890625,697.1348266601562,453.9327697753906,519.5281372070312,540.1224365234375,697.1348266601562,0.8953284621238708
game2/Clip1,252,9,player_top,581.7860107421875,110.71405792236328,564.0508422851562,23.96337890625,599.521240234375,110.71405792236328,0.7904802560806274
game2/Clip1,253,1,player_bottom,497.027587890625,697.1348266601562,453.9327697753906,519.5281372070312,540.1224365234375,697.1348266601562,0.8953284621238708
game2/Clip1,253,3,player_top,820.22900390625,130.0484161376953,791.7232055664062,0.0,848.7348022460938,130.0484161376953,0.7843894362449646
game2/Clip1,254,1,player_bottom,497.027587890625,697.1348266601562,453.9327697753906,519.5281372070312,540.1224365234375,697.1348266601562,0.8953284621238708
game2/Clip1,254,3,player_top,820.22900390625,130.0484161376953,791.7232055664062,0.0,848.7348022460938,130.0484161376953,0.7843894362449646
game2/Clip1,255,1,player_bottom,497.027587890625,697.1348266601562,453.9327697753906,519.5281372070312,540.1224365234375,697.1348266601562,0.8953284621238708
game2/Clip1,255,9,player_top,593.3656616210938,110.2927017211914,576.1837768554688,27.309165954589844,610.5475463867188,110.2927017211914,0.7964149117469788
game2/Clip1,256,1,player_bottom,497.027587890625,697.1348266601562,453.9327697753906,519.5281372070312,540.1224365234375,697.1348266601562,0.8953284621238708
game2/Clip1,256,9,player_top,597.6284790039062,110.19276428222656,580.1365966796875,28.362380981445312,615.120361328125,110.19276428222656,0.8313027620315552
game2/Clip1,257,1,player_bottom,497.027587890625,697.1348266601562,453.9327697753906,519.5281372070312,540.1224365234375,697.1348266601562,0.8953284621238708
game2/Clip1,257,9,player_top,600.1905517578125,109.88741302490234,582.4016723632812,28.881080627441406,617.9794921875,109.88741302490234,0.8366495370864868
game2/Clip1,258,1,player_bottom,497.027587890625,697.1348266601562,453.9327697753906,519.5281372070312,540.1224365234375,697.1348266601562,0.8953284621238708
game2/Clip1,258,9,player_top,601.198974609375,109.82652282714844,583.0859985351562,28.829376220703125,619.3118896484375,109.82652282714844,0.8455929160118103
game2/Clip1,259,1,player_bottom,497.027587890625,697.1348266601562,453.9327697753906,519.5281372070312,540.1224365234375,697.1348266601562,0.8953284621238708
game2/Clip1,259,9,player_top,601.6229248046875,109.74104309082031,583.2698974609375,29.003154754638672,619.9760131835938,109.74104309082031,0.8522027134895325
game2/Clip1,260,1,player_bottom,497.027587890625,697.1348266601562,453.9327697753906,519.5281372070312,540.1224365234375,697.1348266601562,0.8953284621238708
game2/Clip1,260,9,player_top,601.8712158203125,109.76500701904297,583.0921630859375,28.039342880249023,620.6502075195312,109.76500701904297,0.841091513633728
game2/Clip1,261,1,player_bottom,497.027587890625,697.1348266601562,453.9327697753906,519.5281372070312,540.1224365234375,697.1348266601562,0.8953284621238708
game2/Clip1,261,9,player_top,602.3033447265625,109.58499145507812,583.1541137695312,26.784164428710938,621.4525756835938,109.58499145507812,0.8245946764945984
game2/Clip1,262,1,player_bottom,497.027587890625,697.1348266601562,453.9327697753906,519.5281372070312,540.1224365234375,697.1348266601562,0.8953284621238708
game2/Clip1,262,9,player_top,602.488037109375,109.24512481689453,583.0084228515625,25.224260330200195,621.9676513671875,109.24512481689453,0.8188830614089966
game2/Clip1,263,1,player_bottom,497.027587890625,697.1348266601562,453.9327697753906,519.5281372070312,540.1224365234375,697.1348266601562,0.8953284621238708
game2/Clip1,263,9,player_top,602.169677734375,108.2547607421875,582.712890625,24.719276428222656,621.62646484375,108.2547607421875,0.8208099007606506
game2/Clip1,264,1,player_bottom,497.027587890625,697.1348266601562,453.9327697753906,519.5281372070312,540.1224365234375,697.1348266601562,0.8953284621238708
game2/Clip1,264,9,player_top,601.7630615234375,107.62323760986328,582.0789794921875,23.636531829833984,621.4472045898438,107.62323760986328,0.8267066478729248
game2/Clip1,265,1,player_bottom,497.027587890625,697.1348266601562,453.9327697753906,519.5281372070312,540.1224365234375,697.1348266601562,0.8953284621238708
game2/Clip1,265,9,player_top,601.0950927734375,107.01251220703125,581.2152709960938,23.221033096313477,620.9749755859375,107.01251220703125,0.8285534977912903
game2/Clip1,266,1,player_bottom,497.027587890625,697.1348266601562,453.9327697753906,519.5281372070312,540.1224365234375,697.1348266601562,0.8953284621238708
game2/Clip1,266,9,player_top,600.9072265625,106.82621765136719,580.7124633789062,22.936168670654297,621.1019897460938,106.82621765136719,0.8295661807060242
game2/Clip1,267,1,player_bottom,497.027587890625,697.1348266601562,453.9327697753906,519.5281372070312,540.1224365234375,697.1348266601562,0.8953284621238708
game2/Clip1,267,9,player_top,601.1240234375,106.80066680908203,580.462890625,22.870668411254883,621.7852172851562,106.80066680908203,0.8443313837051392
game2/Clip1,268,1,player_bottom,497.027587890625,697.1348266601562,453.9327697753906,519.5281372070312,540.1224365234375,697.1348266601562,0.8953284621238708
game2/Clip1,268,9,player_top,601.8702392578125,106.92324829101562,580.7123413085938,24.044267654418945,623.0281372070312,106.92324829101562,0.8606224060058594
game2/Clip1,269,1,player_bottom,497.027587890625,697.1348266601562,453.9327697753906,519.5281372070312,540.1224365234375,697.1348266601562,0.8953284621238708
game2/Clip1,269,9,player_top,601.9475708007812,106.85633087158203,580.5419311523438,26.47707176208496,623.3532104492188,106.85633087158203,0.8596676588058472
game2/Clip1,270,13,player_bottom,810.3685302734375,558.8076782226562,773.3690795898438,410.3775329589844,847.3680419921875,558.8076782226562,0.9041642546653748
game2/Clip1,270,9,player_top,601.271484375,106.1714859008789,580.0009765625,30.123571395874023,622.5420532226562,106.1714859008789,0.8684543371200562
game2/Clip1,271,13,player_bottom,809.5125732421875,558.629638671875,771.7327270507812,409.6741943359375,847.2924194335938,558.629638671875,0.908099353313446
game2/Clip1,271,9,player_top,600.7811279296875,105.95439910888672,579.2611694335938,32.452903747558594,622.3010864257812,105.95439910888672,0.8567847609519958
game2/Clip1,272,13,player_bottom,810.9951171875,556.8500366210938,773.0267944335938,412.4996643066406,848.96337890625,556.8500366210938,0.927831768989563
game2/Clip1,272,9,player_top,600.91748046875,106.01014709472656,578.9532470703125,33.96977615356445,622.8816528320312,106.01014709472656,0.8505011200904846
game2/Clip1,273,13,player_bottom,812.62060546875,556.59765625,774.1967163085938,415.7774353027344,851.04443359375,556.59765625,0.9195282459259033
game2/Clip1,273,9,player_top,601.542724609375,105.961181640625,579.0130004882812,34.20562744140625,624.072509765625,105.961181640625,0.8370306491851807
game2/Clip1,274,13,player_bottom,814.927490234375,557.9330444335938,775.957275390625,419.1249084472656,853.8977661132812,557.9330444335938,0.8999149203300476
game2/Clip1,274,9,player_top,602.3705444335938,105.8721923828125,579.174072265625,33.37411117553711,625.5670166015625,105.8721923828125,0.8253505825996399
game2/Clip1,275,1,player_bottom,497.027587890625,697.1348266601562,453.9327697753906,519.5281372070312,540.1224365234375,697.1348266601562,0.8953284621238708
game2/Clip1,275,9,player_top,601.322509765625,106.4899673461914,577.0514526367188,31.96707534790039,625.593505859375,106.4899673461914,0.8458916544914246
game2/Clip1,276,13,player_bottom,822.044921875,565.3781127929688,781.7286376953125,424.29486083984375,862.3612670898438,565.3781127929688,0.8966002464294434
game2/Clip1,276,9,player_top,598.3148193359375,106.79116821289062,573.1358642578125,30.834911346435547,623.4938354492188,106.79116821289062,0.8376790285110474
game2/Clip1,277,1,player_bottom,497.027587890625,697.1348266601562,453.9327697753906,519.5281372070312,540.1224365234375,697.1348266601562,0.8953284621238708
game2/Clip1,277,9,player_top,592.8403930664062,106.8516616821289,566.8291015625,29.72447395324707,618.8516845703125,106.8516616821289,0.7971320748329163
game2/Clip1,278,1,player_bottom,497.027587890625,697.1348266601562,453.9327697753906,519.5281372070312,540.1224365234375,697.1348266601562,0.8953284621238708
game2/Clip1,278,9,player_top,586.0502319335938,106.26937866210938,560.36767578125,29.992401123046875,611.7327880859375,106.26937866210938,0.7905037999153137
game2/Clip1,279,1,player_bottom,497.027587890625,697.1348266601562,453.9327697753906,519.5281372070312,540.1224365234375,697.1348266601562,0.8953284621238708
game2/Clip1,279,9,player_top,577.3922729492188,106.09759521484375,551.698974609375,28.88153648376465,603.0855712890625,106.09759521484375,0.7913575172424316
game2/Clip1,280,1,player_bottom,497.027587890625,697.1348266601562,453.9327697753906,519.5281372070312,540.1224365234375,697.1348266601562,0.8953284621238708
game2/Clip1,280,3,player_top,820.22900390625,130.0484161376953,791.7232055664062,0.0,848.7348022460938,130.0484161376953,0.7843894362449646
game2/Clip1,281,1,player_bottom,497.027587890625,697.1348266601562,453.9327697753906,519.5281372070312,540.1224365234375,697.1348266601562,0.8953284621238708
game2/Clip1,281,9,player_top,567.7200927734375,108.32207489013672,541.7326049804688,28.16173553466797,593.7076416015625,108.32207489013672,0.8088407516479492
game2/Clip1,282,1,player_bottom,497.027587890625,697.1348266601562,453.9327697753906,519.5281372070312,540.1224365234375,697.1348266601562,0.8953284621238708
game2/Clip1,282,9,player_top,559.94091796875,109.15556335449219,533.1170654296875,26.228235244750977,586.7648315429688,109.15556335449219,0.8090527057647705
game2/Clip1,283,1,player_bottom,497.027587890625,697.1348266601562,453.9327697753906,519.5281372070312,540.1224365234375,697.1348266601562,0.8953284621238708
game2/Clip1,283,3,player_top,820.22900390625,130.0484161376953,791.7232055664062,0.0,848.7348022460938,130.0484161376953,0.7843894362449646
game2/Clip1,284,1,player_bottom,497.027587890625,697.1348266601562,453.9327697753906,519.5281372070312,540.1224365234375,697.1348266601562,0.8953284621238708
game2/Clip1,284,3,player_top,820.22900390625,130.0484161376953,791.7232055664062,0.0,848.7348022460938,130.0484161376953,0.7843894362449646
game2/Clip1,285,1,player_bottom,497.027587890625,697.1348266601562,453.9327697753906,519.5281372070312,540.1224365234375,697.1348266601562,0.8953284621238708
game2/Clip1,285,3,player_top,820.22900390625,130.0484161376953,791.7232055664062,0.0,848.7348022460938,130.0484161376953,0.7843894362449646
game2/Clip1,286,1,player_bottom,497.027587890625,697.1348266601562,453.9327697753906,519.5281372070312,540.1224365234375,697.1348266601562,0.8953284621238708
game2/Clip1,286,3,player_top,820.22900390625,130.0484161376953,791.7232055664062,0.0,848.7348022460938,130.0484161376953,0.7843894362449646
game2/Clip1,287,1,player_bottom,497.027587890625,697.1348266601562,453.9327697753906,519.5281372070312,540.1224365234375,697.1348266601562,0.8953284621238708
game2/Clip1,287,3,player_top,820.22900390625,130.0484161376953,791.7232055664062,0.0,848.7348022460938,130.0484161376953,0.7843894362449646
game2/Clip1,288,1,player_bottom,497.027587890625,697.1348266601562,453.9327697753906,519.5281372070312,540.1224365234375,697.1348266601562,0.8953284621238708
game2/Clip1,288,3,player_top,820.22900390625,130.0484161376953,791.7232055664062,0.0,848.7348022460938,130.0484161376953,0.7843894362449646
game2/Clip1,289,1,player_bottom,497.027587890625,697.1348266601562,453.9327697753906,519.5281372070312,540.1224365234375,697.1348266601562,0.8953284621238708
game2/Clip1,289,9,player_top,515.393310546875,109.33045959472656,491.14007568359375,26.220903396606445,539.6465454101562,109.33045959472656,0.8271933794021606
game2/Clip1,290,1,player_bottom,497.027587890625,697.1348266601562,453.9327697753906,519.5281372070312,540.1224365234375,697.1348266601562,0.8953284621238708
game2/Clip1,290,9,player_top,512.3075561523438,108.96773529052734,487.09906005859375,24.314687728881836,537.5160522460938,108.96773529052734,0.8066044449806213
game2/Clip1,291,13,player_bottom,759.8319091796875,603.70458984375,722.89990234375,437.1321716308594,796.7639770507812,603.70458984375,0.8997706174850464
game2/Clip1,291,9,player_top,508.71270751953125,108.72511291503906,482.66961669921875,23.729095458984375,534.7557983398438,108.72511291503906,0.8637033104896545
game2/Clip1,292,1,player_bottom,497.027587890625,697.1348266601562,453.9327697753906,519.5281372070312,540.1224365234375,697.1348266601562,0.8953284621238708
game2/Clip1,292,9,player_top,506.11297607421875,108.17119598388672,479.50555419921875,23.516197204589844,532.7203979492188,108.17119598388672,0.8612016439437866
game2/Clip1,293,1,player_bottom,497.027587890625,697.1348266601562,453.9327697753906,519.5281372070312,540.1224365234375,697.1348266601562,0.8953284621238708
game2/Clip1,293,9,player_top,503.7546691894531,107.05113983154297,476.68353271484375,22.420480728149414,530.8258056640625,107.05113983154297,0.8512972593307495
game2/Clip1,294,1,player_bottom,497.027587890625,697.1348266601562,453.9327697753906,519.5281372070312,540.1224365234375,697.1348266601562,0.8953284621238708
game2/Clip1,294,9,player_top,499.76513671875,107.2460708618164,472.0670471191406,20.648399353027344,527.4631958007812,107.2460708618164,0.831488847732544
game2/Clip1,295,1,player_bottom,497.027587890625,697.1348266601562,453.9327697753906,519.5281372070312,540.1224365234375,697.1348266601562,0.8953284621238708
game2/Clip1,295,9,player_top,495.1634216308594,106.86664581298828,467.57769775390625,18.72026252746582,522.7491455078125,106.86664581298828,0.821087121963501
game2/Clip1,296,13,player_bottom,759.0059814453125,606.5244140625,722.423583984375,437.1434631347656,795.58837890625,606.5244140625,0.9102481007575989
game2/Clip1,296,9,player_top,489.89111328125,106.47010040283203,462.920654296875,16.999914169311523,516.861572265625,106.47010040283203,0.7995967864990234
game2/Clip1,297,13,player_bottom,756.7901611328125,609.9229736328125,719.1765747070312,439.41119384765625,794.40380859375,609.9229736328125,0.9157953262329102
game2/Clip1,297,9,player_top,485.74981689453125,105.90485382080078,459.80523681640625,16.45871353149414,511.69439697265625,105.90485382080078,0.7881499528884888
game2/Clip1,298,13,player_bottom,753.9744873046875,612.381591796875,715.698974609375,444.1513977050781,792.2499389648438,612.381591796875,0.8986655473709106
game2/Clip1,298,3,player_top,820.22900390625,130.0484161376953,791.7232055664062,0.0,848.7348022460938,130.0484161376953,0.7843894362449646
game2/Clip1,299,13,player_bottom,751.861083984375,616.3001708984375,712.6016845703125,449.5148010253906,791.1204833984375,616.3001708984375,0.9062637090682983
game2/Clip1,299,9,player_top,478.55206298828125,104.6875,454.31005859375,16.182674407958984,502.7940979003906,104.6875,0.8077328205108643
game2/Clip1,300,13,player_bottom,750.638916015625,620.7011108398438,710.5077514648438,456.08892822265625,790.7701416015625,620.7011108398438,0.9127750396728516
game2/Clip1,300,9,player_top,473.8118896484375,105.14815521240234,449.0705261230469,14.693644523620605,498.55322265625,105.14815521240234,0.7922283411026001
game2/Clip1,301,13,player_bottom,749.3424072265625,626.7817993164062,708.3933715820312,464.36090087890625,790.2914428710938,626.7817993164062,0.9118568301200867
game2/Clip1,301,3,player_top,820.22900390625,130.0484161376953,791.7232055664062,0.0,848.7348022460938,130.0484161376953,0.7843894362449646
game2/Clip1,302,13,player_bottom,748.3206787109375,631.6155395507812,706.725830078125,471.58038330078125,789.9155883789062,631.6155395507812,0.9224644899368286
game2/Clip1,302,3,player_top,820.22900390625,130.0484161376953,791.7232055664062,0.0,848.7348022460938,130.0484161376953,0.7843894362449646
game2/Clip1,303,13,player_bottom,747.997802734375,633.3917236328125,706.4132080078125,478.33709716796875,789.5823364257812,633.3917236328125,0.9273797273635864
game2/Clip1,303,3,player_top,820.22900390625,130.0484161376953,791.7232055664062,0.0,848.7348022460938,130.0484161376953,0.7843894362449646
game2/Clip1,304,13,player_bottom,748.4148559570312,633.9386596679688,706.3776245117188,482.0436706542969,790.4520874023438,633.9386596679688,0.9177566766738892
game2/Clip1,304,3,player_top,820.22900390625,130.0484161376953,791.7232055664062,0.0,848.7348022460938,130.0484161376953,0.7843894362449646
game2/Clip1,305,13,player_bottom,750.0682373046875,634.2435302734375,706.7777099609375,482.7293395996094,793.3588256835938,634.2435302734375,0.9207023978233337
game2/Clip1,305,3,player_top,820.22900390625,130.0484161376953,791.7232055664062,0.0,848.7348022460938,130.0484161376953,0.7843894362449646
game2/Clip1,306,13,player_bottom,750.7147827148438,634.0673828125,706.0436401367188,482.0135192871094,795.3859252929688,634.0673828125,0.9188500046730042
game2/Clip1,306,3,player_top,820.22900390625,130.0484161376953,791.7232055664062,0.0,848.7348022460938,130.0484161376953,0.7843894362449646
game2/Clip1,307,13,player_bottom,750.93798828125,631.810791015625,705.4017333984375,480.6371154785156,796.4742431640625,631.810791015625,0.91648930311203
game2/Clip1,307,3,player_top,820.22900390625,130.0484161376953,791.7232055664062,0.0,848.7348022460938,130.0484161376953,0.7843894362449646
game2/Clip1,308,13,player_bottom,752.6292724609375,631.6256713867188,705.6744384765625,478.5259704589844,799.5841064453125,631.6256713867188,0.9108169078826904
game2/Clip1,308,3,player_top,820.22900390625,130.0484161376953,791.7232055664062,0.0,848.7348022460938,130.0484161376953,0.7843894362449646
game2/Clip1,309,13,player_bottom,759.035888671875,630.8690795898438,711.3418579101562,477.08306884765625,806.7299194335938,630.8690795898438,0.8968254923820496
game2/Clip1,309,3,player_top,820.22900390625,130.0484161376953,791.7232055664062,0.0,848.7348022460938,130.0484161376953,0.7843894362449646
game2/Clip1,310,13,player_bottom,769.0350341796875,630.6873779296875,720.7767944335938,475.1988830566406,817.2933349609375,630.6873779296875,0.8978948593139648
game2/Clip1,310,9,player_top,464.73284912109375,105.06056213378906,439.2369384765625,21.503686904907227,490.2287902832031,105.06056213378906,0.8125904202461243
game2/Clip1,311,1,player_bottom,497.027587890625,697.1348266601562,453.9327697753906,519.5281372070312,540.1224365234375,697.1348266601562,0.8953284621238708
game2/Clip1,311,3,player_top,820.22900390625,130.0484161376953,791.7232055664062,0.0,848.7348022460938,130.0484161376953,0.7843894362449646
game2/Clip1,312,1,player_bottom,497.027587890625,697.1348266601562,453.9327697753906,519.5281372070312,540.1224365234375,697.1348266601562,0.8953284621238708
game2/Clip1,312,3,player_top,820.22900390625,130.0484161376953,791.7232055664062,0.0,848.7348022460938,130.0484161376953,0.7843894362449646
game2/Clip1,313,1,player_bottom,497.027587890625,697.1348266601562,453.9327697753906,519.5281372070312,540.1224365234375,697.1348266601562,0.8953284621238708
game2/Clip1,313,9,player_top,478.3406982421875,104.9375991821289,452.80596923828125,21.34735679626465,503.8753967285156,104.9375991821289,0.8029111623764038
game2/Clip1,314,1,player_bottom,497.027587890625,697.1348266601562,453.9327697753906,519.5281372070312,540.1224365234375,697.1348266601562,0.8953284621238708
game2/Clip1,314,9,player_top,484.90478515625,105.06853485107422,459.8260498046875,21.595993041992188,509.9835510253906,105.06853485107422,0.806954026222229
game2/Clip1,315,1,player_bottom,497.027587890625,697.1348266601562,453.9327697753906,519.5281372070312,540.1224365234375,697.1348266601562,0.8953284621238708
game2/Clip1,315,9,player_top,489.156494140625,105.76553344726562,464.0597229003906,21.155179977416992,514.2532348632812,105.76553344726562,0.8271557092666626
game2/Clip1,316,1,player_bottom,497.027587890625,697.1348266601562,453.9327697753906,519.5281372070312,540.1224365234375,697.1348266601562,0.8953284621238708
game2/Clip1,316,9,player_top,492.44854736328125,105.92660522460938,467.44512939453125,20.82541847229004,517.4519653320312,105.92660522460938,0.8370787501335144
game2/Clip1,317,1,player_bottom,497.027587890625,697.1348266601562,453.9327697753906,519.5281372070312,540.1224365234375,697.1348266601562,0.8953284621238708
game2/Clip1,317,9,player_top,496.6226806640625,106.31259155273438,471.6838073730469,20.61988639831543,521.5615844726562,106.31259155273438,0.8571649789810181
game2/Clip1,318,1,player_bottom,497.027587890625,697.1348266601562,453.9327697753906,519.5281372070312,540.1224365234375,697.1348266601562,0.8953284621238708
game2/Clip1,318,9,player_top,502.119384765625,106.81275939941406,477.08660888671875,20.125463485717773,527.1521606445312,106.81275939941406,0.8720909357070923
game2/Clip1,319,1,player_bottom,497.027587890625,697.1348266601562,453.9327697753906,519.5281372070312,540.1224365234375,697.1348266601562,0.8953284621238708
game2/Clip1,319,9,player_top,508.041748046875,108.16352844238281,483.4282531738281,21.204212188720703,532.6552124023438,108.16352844238281,0.8128913640975952
game2/Clip1,320,1,player_bottom,497.027587890625,697.1348266601562,453.9327697753906,519.5281372070312,540.1224365234375,697.1348266601562,0.8953284621238708
game2/Clip1,320,3,player_top,820.22900390625,130.0484161376953,791.7232055664062,0.0,848.7348022460938,130.0484161376953,0.7843894362449646
game2/Clip1,321,13,player_bottom,879.745849609375,621.7108764648438,839.137939453125,466.9911193847656,920.3538208007812,621.7108764648438,0.896896481513977
game2/Clip1,321,3,player_top,820.22900390625,130.0484161376953,791.7232055664062,0.0,848.7348022460938,130.0484161376953,0.7843894362449646
game2/Clip1,322,13,player_bottom,885.4977416992188,620.2557373046875,844.6461181640625,466.89923095703125,926.349365234375,620.2557373046875,0.9028386473655701
game2/Clip1,322,3,player_top,820.22900390625,130.0484161376953,791.7232055664062,0.0,848.7348022460938,130.0484161376953,0.7843894362449646
game2/Clip1,323,1,player_bottom,497.027587890625,697.1348266601562,453.9327697753906,519.5281372070312,540.1224365234375,697.1348266601562,0.8953284621238708
game2/Clip1,323,3,player_top,820.22900390625,130.0484161376953,791.7232055664062,0.0,848.7348022460938,130.0484161376953,0.7843894362449646
game2/Clip1,324,13,player_bottom,893.89013671875,617.325439453125,851.9647827148438,466.975830078125,935.8154907226562,617.325439453125,0.9064042568206787
game2/Clip1,324,9,player_top,536.3439331054688,108.81012725830078,514.5753784179688,22.687767028808594,558.1124877929688,108.81012725830078,0.8310718536376953
game2/Clip1,325,13,player_bottom,896.54931640625,616.0226440429688,854.1143188476562,467.0949401855469,938.9842529296875,616.0226440429688,0.8982827663421631
game2/Clip1,325,9,player_top,541.4984130859375,108.98007202148438,519.0936889648438,22.42793083190918,563.903076171875,108.98007202148438,0.8425946831703186
game2/Clip1,326,13,player_bottom,896.8096923828125,615.5611572265625,853.8292846679688,466.3097229003906,939.7900390625,615.5611572265625,0.9030411243438721
game2/Clip1,326,9,player_top,545.0011596679688,108.75364685058594,521.880859375,21.622892379760742,568.1214599609375,108.75364685058594,0.848316490650177
game2/Clip1,327,13,player_bottom,897.5726318359375,615.1220703125,853.766845703125,463.596435546875,941.37841796875,615.1220703125,0.9061640501022339
game2/Clip1,327,9,player_top,546.865966796875,107.71846771240234,523.3307495117188,20.610706329345703,570.4011840820312,107.71846771240234,0.8700627088546753
game2/Clip1,328,13,player_bottom,897.772705078125,614.72509765625,853.1945190429688,460.57818603515625,942.3509521484375,614.72509765625,0.898726224899292
game2/Clip1,328,9,player_top,548.51904296875,106.97773742675781,524.65185546875,19.435169219970703,572.38623046875,106.97773742675781,0.8776134848594666
game2/Clip1,329,1,player_bottom,497.027587890625,697.1348266601562,453.9327697753906,519.5281372070312,540.1224365234375,697.1348266601562,0.8953284621238708
game2/Clip1,329,9,player_top,550.159423828125,106.29865264892578,526.1376953125,18.044260025024414,574.18115234375,106.29865264892578,0.8856136798858643
game2/Clip1,330,1,player_bottom,497.027587890625,697.1348266601562,453.9327697753906,519.5281372070312,540.1224365234375,697.1348266601562,0.8953284621238708
game2/Clip1,330,9,player_top,552.5861206054688,105.8232650756836,528.8172607421875,17.482791900634766,576.35498046875,105.8232650756836,0.866908848285675
game2/Clip1,331,1,player_bottom,497.027587890625,697.1348266601562,453.9327697753906,519.5281372070312,540.1224365234375,697.1348266601562,0.8953284621238708
game2/Clip1,331,9,player_top,554.8890380859375,105.28487396240234,531.5200805664062,17.097566604614258,578.2579345703125,105.28487396240234,0.8596285581588745
game2/Clip1,332,1,player_bottom,497.027587890625,697.1348266601562,453.9327697753906,519.5281372070312,540.1224365234375,697.1348266601562,0.8953284621238708
game2/Clip1,332,9,player_top,557.4198608398438,105.10943603515625,534.5650024414062,17.521833419799805,580.2747192382812,105.10943603515625,0.8522142171859741
game2/Clip1,333,1,player_bottom,497.027587890625,697.1348266601562,453.9327697753906,519.5281372070312,540.1224365234375,697.1348266601562,0.8953284621238708
game2/Clip1,333,9,player_top,560.7799072265625,105.12019348144531,538.1945190429688,17.945714950561523,583.365234375,105.12019348144531,0.8517036437988281
game2/Clip1,334,1,player_bottom,497.027587890625,697.1348266601562,453.9327697753906,519.5281372070312,540.1224365234375,697.1348266601562,0.8953284621238708
game2/Clip1,334,9,player_top,565.6722412109375,104.96831512451172,543.4707641601562,20.401159286499023,587.8736572265625,104.96831512451172,0.8485686779022217
game2/Clip1,335,1,player_bottom,497.027587890625,697.1348266601562,453.9327697753906,519.5281372070312,540.1224365234375,697.1348266601562,0.8953284621238708
game2/Clip1,335,9,player_top,569.4772338867188,104.8720932006836,547.2648315429688,22.672536849975586,591.6896362304688,104.8720932006836,0.8320050239562988
game2/Clip1,336,1,player_bottom,497.027587890625,697.1348266601562,453.9327697753906,519.5281372070312,540.1224365234375,697.1348266601562,0.8953284621238708
game2/Clip1,336,9,player_top,572.496337890625,104.60430145263672,550.156494140625,25.064102172851562,594.8362426757812,104.60430145263672,0.8240917325019836
game2/Clip1,337,13,player_bottom,912.5528564453125,595.0436401367188,866.8816528320312,442.47882080078125,958.2240600585938,595.0436401367188,0.9018080830574036
game2/Clip1,337,9,player_top,574.6522216796875,104.4801025390625,551.93359375,27.195083618164062,597.3707885742188,104.4801025390625,0.8527164459228516
game2/Clip1,338,13,player_bottom,916.155029296875,597.9554443359375,870.3074951171875,447.5140686035156,962.0026245117188,597.9554443359375,0.9071553349494934
game2/Clip1,338,9,player_top,576.5897827148438,104.42416381835938,553.52783203125,29.48701286315918,599.6517333984375,104.42416381835938,0.8413352370262146
game2/Clip1,339,13,player_bottom,919.989013671875,601.8466796875,873.6915283203125,450.8916320800781,966.2865600585938,601.8466796875,0.9094322919845581
game2/Clip1,339,9,player_top,577.497314453125,104.15528106689453,554.2328491210938,31.802040100097656,600.7618408203125,104.15528106689453,0.8521485924720764
game2/Clip1,340,13,player_bottom,921.41162109375,604.7559204101562,874.365478515625,452.04815673828125,968.4578247070312,604.7559204101562,0.9004800319671631
game2/Clip1,340,9,player_top,578.3011474609375,103.65138244628906,554.5797119140625,32.57965850830078,602.0225830078125,103.65138244628906,0.8503431677818298
game2/Clip1,341,13,player_bottom,921.956787109375,604.9328002929688,874.7083740234375,452.2995910644531,969.2052612304688,604.9328002929688,0.9029539227485657
game2/Clip1,341,9,player_top,578.859130859375,103.51683044433594,554.5438842773438,32.92665100097656,603.17431640625,103.51683044433594,0.8439191579818726
game2/Clip1,342,1,player_bottom,497.027587890625,697.1348266601562,453.9327697753906,519.5281372070312,540.1224365234375,697.1348266601562,0.8953284621238708
game2/Clip1,342,9,player_top,579.605712890625,103.49324798583984,554.610107421875,32.638973236083984,604.601318359375,103.49324798583984,0.8506813645362854
game2/Clip1,343,13,player_bottom,921.7280883789062,605.4619140625,873.4635620117188,450.1759033203125,969.9926147460938,605.4619140625,0.910213053226471
game2/Clip1,343,9,player_top,580.1607666015625,103.66486358642578,554.4993286132812,32.191890716552734,605.8221435546875,103.66486358642578,0.8574543595314026
game2/Clip1,344,13,player_bottom,921.4686279296875,605.7202758789062,872.5288696289062,448.19964599609375,970.408447265625,605.7202758789062,0.9100444912910461
game2/Clip1,344,9,player_top,580.8641357421875,103.97879791259766,554.4866333007812,31.321462631225586,607.2415771484375,103.97879791259766,0.8554579019546509
game2/Clip1,345,13,player_bottom,921.1063842773438,606.458984375,871.7518920898438,447.3414001464844,970.4608764648438,606.458984375,0.8962133526802063
game2/Clip1,345,9,player_top,581.61376953125,104.14400482177734,554.4154663085938,29.513185501098633,608.8121337890625,104.14400482177734,0.8500936031341553
game2/Clip1,346,13,player_bottom,920.42626953125,606.9058837890625,870.869140625,446.5359191894531,969.9833984375,606.9058837890625,0.9045384526252747
game2/Clip1,346,9,player_top,581.7928466796875,104.27751159667969,553.8494873046875,27.642717361450195,609.7361450195312,104.27751159667969,0.8516718149185181
game2/Clip1,347,1,player_bottom,497.027587890625,697.1348266601562,453.9327697753906,519.5281372070312,540.1224365234375,697.1348266601562,0.8953284621238708
game2/Clip1,347,9,player_top,581.8487548828125,104.28326416015625,553.319580078125,25.918516159057617,610.3779296875,104.28326416015625,0.8502312898635864
game2/Clip1,348,1,player_bottom,497.027587890625,697.1348266601562,453.9327697753906,519.5281372070312,540.1224365234375,697.1348266601562,0.8953284621238708
game2/Clip1,348,9,player_top,581.7567749023438,104.27641296386719,552.8486328125,24.640945434570312,610.6649169921875,104.27641296386719,0.8570440411567688
game2/Clip1,349,1,player_bottom,497.027587890625,697.1348266601562,453.9327697753906,519.5281372070312,540.1224365234375,697.1348266601562,0.8953284621238708
game2/Clip1,349,9,player_top,581.5035400390625,104.30722045898438,552.375732421875,23.66313362121582,610.63134765625,104.30722045898438,0.8562483787536621
game2/Clip1,350,1,player_bottom,497.027587890625,697.1348266601562,453.9327697753906,519.5281372070312,540.1224365234375,697.1348266601562,0.8953284621238708
game2/Clip1,350,9,player_top,581.271728515625,104.26868438720703,551.9240112304688,22.456707000732422,610.6195068359375,104.26868438720703,0.8473517894744873
game2/Clip1,351,1,player_bottom,497.027587890625,697.1348266601562,453.9327697753906,519.5281372070312,540.1224365234375,697.1348266601562,0.8953284621238708
game2/Clip1,351,9,player_top,580.6661987304688,104.40164947509766,551.207275390625,21.4963436126709,610.1251220703125,104.40164947509766,0.8656337857246399
game2/Clip1,352,1,player_bottom,497.027587890625,697.1348266601562,453.9327697753906,519.5281372070312,540.1224365234375,697.1348266601562,0.8953284621238708
game2/Clip1,352,9,player_top,579.3115234375,104.29863739013672,549.8433837890625,20.057661056518555,608.7796630859375,104.29863739013672,0.8657692670822144
game2/Clip1,353,1,player_bottom,497.027587890625,697.1348266601562,453.9327697753906,519.5281372070312,540.1224365234375,697.1348266601562,0.8953284621238708
game2/Clip1,353,9,player_top,577.5606079101562,104.23015594482422,548.1881713867188,18.450273513793945,606.9330444335938,104.23015594482422,0.8670727610588074
game2/Clip1,354,1,player_bottom,497.027587890625,697.1348266601562,453.9327697753906,519.5281372070312,540.1224365234375,697.1348266601562,0.8953284621238708
game2/Clip1,354,9,player_top,576.1803588867188,104.21000671386719,547.0097045898438,16.87419891357422,605.3510131835938,104.21000671386719,0.8691461086273193
game2/Clip1,355,1,player_bottom,497.027587890625,697.1348266601562,453.9327697753906,519.5281372070312,540.1224365234375,697.1348266601562,0.8953284621238708
game2/Clip1,355,9,player_top,574.767333984375,104.31910705566406,546.072021484375,15.936923027038574,603.4625854492188,104.31910705566406,0.8584330677986145
game2/Clip1,356,1,player_bottom,497.027587890625,697.1348266601562,453.9327697753906,519.5281372070312,540.1224365234375,697.1348266601562,0.8953284621238708
game2/Clip1,356,9,player_top,573.0645751953125,104.60637664794922,545.0169067382812,15.279083251953125,601.1121826171875,104.60637664794922,0.8568660616874695
game2/Clip1,357,1,player_bottom,497.027587890625,697.1348266601562,453.9327697753906,519.5281372070312,540.1224365234375,697.1348266601562,0.8953284621238708
game2/Clip1,357,9,player_top,571.834228515625,104.76020050048828,544.4398193359375,14.379419326782227,599.2286987304688,104.76020050048828,0.8452882766723633
game2/Clip1,358,1,player_bottom,497.027587890625,697.1348266601562,453.9327697753906,519.5281372070312,540.1224365234375,697.1348266601562,0.8953284621238708
game2/Clip1,358,9,player_top,571.4886474609375,104.94169616699219,544.6580810546875,13.512022972106934,598.3192749023438,104.94169616699219,0.8482579588890076
game2/Clip1,359,1,player_bottom,497.027587890625,697.1348266601562,453.9327697753906,519.5281372070312,540.1224365234375,697.1348266601562,0.8953284621238708
game2/Clip1,359,9,player_top,571.3670654296875,104.97135925292969,545.1763916015625,13.058998107910156,597.5576782226562,104.97135925292969,0.8424025774002075
game2/Clip1,360,1,player_bottom,497.027587890625,697.1348266601562,453.9327697753906,519.5281372070312,540.1224365234375,697.1348266601562,0.8953284621238708
game2/Clip1,360,9,player_top,571.408447265625,105.0301284790039,545.8751831054688,12.990103721618652,596.9417724609375,105.0301284790039,0.8463638424873352
