clip,frame,player_id,player_label,foot_x,foot_y,bbox_x1,bbox_y1,bbox_x2,bbox_y2,confidence,pressure
gameRG/Clip1,0,1,player_bottom,767.4710693359375,917.82861328125,694.158935546875,695.765380859375,840.783203125,917.82861328125,0.8698877692222595,1
gameRG/Clip1,0,2,player_top,1183.6414794921875,311.21612548828125,1151.937255859375,222.08770751953125,1215.345703125,311.21612548828125,0.8654541373252869,1
gameRG/Clip1,1,1,player_bottom,761.8333129882812,916.4176635742188,689.0026245117188,695.4567260742188,834.6640014648438,916.4176635742188,0.7126914262771606,1
gameRG/Clip1,1,2,player_top,1183.186767578125,311.5366516113281,1151.51416015625,222.46031188964844,1214.8592529296875,311.5366516113281,0.8690856099128723,1
gameRG/Clip1,2,1,player_bottom,758.4425659179688,914.5333251953125,686.5416259765625,695.1438598632812,830.343505859375,914.5333251953125,0.7086589932441711,1
gameRG/Clip1,2,2,player_top,1183.017822265625,311.6400451660156,1151.2237548828125,222.1615753173828,1214.811767578125,311.6400451660156,0.8701177835464478,1
gameRG/Clip1,3,1,player_bottom,769.216552734375,914.8345336914062,697.6974487304688,696.242919921875,840.735595703125,914.8345336914062,0.8640334010124207,1
gameRG/Clip1,3,2,player_top,1182.968505859375,311.72222900390625,1151.0028076171875,221.66453552246094,1214.9342041015625,311.72222900390625,0.8714383244514465,1
gameRG/Clip1,4,1,player_bottom,771.8880615234375,915.1349487304688,700.3113403320312,695.626220703125,843.46484375,915.1349487304688,0.8840218782424927,1
gameRG/Clip1,4,2,player_top,1182.98583984375,311.7308044433594,1151.013427734375,221.54550170898438,1214.958251953125,311.7308044433594,0.8723124861717224,1
gameRG/Clip1,5,1,player_bottom,773.078125,914.4298706054688,701.1165771484375,691.8286743164062,845.0397338867188,914.4298706054688,0.8715993762016296,1
gameRG/Clip1,5,2,player_top,1182.99462890625,311.732177734375,1150.1304931640625,218.70883178710938,1215.858642578125,311.732177734375,0.8691082000732422,1
gameRG/Clip1,6,1,player_bottom,777.7108154296875,903.9703979492188,703.7197875976562,673.2949829101562,851.7018432617188,903.9703979492188,0.8472108840942383,1
gameRG/Clip1,6,2,player_top,1182.9715576171875,311.76031494140625,1149.78466796875,217.4571075439453,1216.158447265625,311.76031494140625,0.8686099052429199,1
gameRG/Clip1,7,1,player_bottom,779.2981567382812,898.0088500976562,709.09765625,674.9263916015625,849.4986572265625,898.0088500976562,0.7249445915222168,1
gameRG/Clip1,7,2,player_top,1182.9521484375,311.75848388671875,1149.4879150390625,216.21067810058594,1216.41650390625,311.75848388671875,0.866215169429779,1
gameRG/Clip1,8,1,player_bottom,783.2117309570312,897.3850708007812,711.832763671875,665.8285522460938,854.5906982421875,897.3850708007812,0.8400103449821472,1
gameRG/Clip1,8,2,player_top,1182.9415283203125,311.7371826171875,1149.4371337890625,215.5890350341797,1216.4459228515625,311.7371826171875,0.8683779239654541,1
gameRG/Clip1,9,1,player_bottom,782.6859130859375,896.8509521484375,712.4253540039062,662.74853515625,852.9464111328125,896.8509521484375,0.7010324001312256,1
gameRG/Clip1,9,2,player_top,1182.953125,311.7581787109375,1149.396240234375,214.92193603515625,1216.5098876953125,311.7581787109375,0.8693780303001404,1
gameRG/Clip1,10,1,player_bottom,786.0193481445312,896.1260375976562,715.1957397460938,654.5001831054688,856.8429565429688,896.1260375976562,0.800266444683075,1
gameRG/Clip1,10,2,player_top,1182.95947265625,311.7825622558594,1149.483642578125,214.64364624023438,1216.435302734375,311.7825622558594,0.8688468933105469,1
gameRG/Clip1,11,1,player_bottom,789.8741455078125,896.3273315429688,719.3250122070312,650.9387817382812,860.4232177734375,896.3273315429688,0.8514510989189148,1
gameRG/Clip1,11,2,player_top,1182.9755859375,311.804443359375,1149.6402587890625,214.55853271484375,1216.310791015625,311.804443359375,0.8701455593109131,1
gameRG/Clip1,12,1,player_bottom,791.926513671875,902.5830078125,724.1449584960938,663.599609375,859.7080078125,902.5830078125,0.8543888926506042,1
gameRG/Clip1,12,2,player_top,1182.8102416992188,311.4569854736328,1149.7105102539062,214.77783966064453,1215.909912109375,311.4569854736328,0.7600449621677399,1
gameRG/Clip1,13,1,player_bottom,792.7073974609375,902.4860229492188,727.4380493164062,669.262939453125,857.9766845703125,902.4860229492188,0.8320611119270325,1
gameRG/Clip1,13,2,player_top,1182.6448974609375,311.1095275878906,1149.78076171875,214.9971466064453,1215.509033203125,311.1095275878906,0.6499443650245667,1
gameRG/Clip1,14,1,player_bottom,793.94873046875,902.712646484375,729.5564575195312,669.8992919921875,858.341064453125,902.712646484375,0.8612848520278931,1
gameRG/Clip1,14,2,player_top,1182.587890625,310.9677429199219,1149.8321533203125,214.8975372314453,1215.3436279296875,310.9677429199219,0.6858413815498352,1
gameRG/Clip1,15,1,player_bottom,795.714599609375,904.9971313476562,731.7785034179688,671.5709228515625,859.650634765625,904.9971313476562,0.8490598797798157,1
gameRG/Clip1,15,2,player_top,1182.5498046875,310.9517822265625,1149.871337890625,214.8374786376953,1215.2283935546875,310.9517822265625,0.7533040046691895,1
gameRG/Clip1,16,1,player_bottom,795.7891845703125,905.1757202148438,732.2369995117188,670.9091796875,859.34130859375,905.1757202148438,0.8546543717384338,1
gameRG/Clip1,16,2,player_top,1182.544189453125,310.97552490234375,1149.9127197265625,214.74874877929688,1215.17578125,310.97552490234375,0.7457127571105957,1
gameRG/Clip1,17,1,player_bottom,795.5137939453125,905.4933471679688,733.2866821289062,674.027099609375,857.7408447265625,905.4933471679688,0.8144347667694092,1
gameRG/Clip1,17,2,player_top,1182.51904296875,310.97735595703125,1149.958251953125,214.71861267089844,1215.079833984375,310.97735595703125,0.7749082446098328,1
gameRG/Clip1,18,1,player_bottom,794.2335205078125,906.4407958984375,732.0717163085938,672.0703735351562,856.395263671875,906.4407958984375,0.8100507855415344,1
gameRG/Clip1,18,2,player_top,1182.525390625,310.9200134277344,1150.1697998046875,215.13156127929688,1214.880859375,310.9200134277344,0.7090286016464233,1
gameRG/Clip1,19,1,player_bottom,795.413330078125,905.9526977539062,734.6978149414062,674.463134765625,856.12890625,905.9526977539062,0.8461570143699646,1
gameRG/Clip1,19,2,player_top,1182.564453125,310.93536376953125,1150.1771240234375,214.86940002441406,1214.9517822265625,310.93536376953125,0.748605489730835,1
gameRG/Clip1,20,1,player_bottom,795.43603515625,906.6143188476562,735.8331298828125,676.3399658203125,855.0388793945312,906.6143188476562,0.8476668000221252,1
gameRG/Clip1,20,2,player_top,1182.583251953125,310.9704284667969,1150.3203125,215.15798950195312,1214.8460693359375,310.9704284667969,0.7675788402557373,1
gameRG/Clip1,21,1,player_bottom,795.2366943359375,906.4765625,736.6655883789062,677.3168334960938,853.8077392578125,906.4765625,0.843587338924408,1
gameRG/Clip1,21,2,player_top,1182.589111328125,310.9669494628906,1150.4171142578125,215.33987426757812,1214.76123046875,310.9669494628906,0.7425019145011902,1
gameRG/Clip1,22,1,player_bottom,794.6376953125,906.8187255859375,737.1669311523438,678.6148681640625,852.1085205078125,906.8187255859375,0.8248381614685059,1
gameRG/Clip1,22,2,player_top,1182.60693359375,311.034912109375,1150.442626953125,215.31790161132812,1214.7713623046875,311.034912109375,0.7749246954917908,1
gameRG/Clip1,23,1,player_bottom,794.6371459960938,906.6525268554688,738.9276733398438,682.3810424804688,850.3466186523438,906.6525268554688,0.7805126905441284,1
gameRG/Clip1,23,2,player_top,1182.62451171875,311.0699462890625,1150.46484375,215.25906372070312,1214.7840576171875,311.0699462890625,0.7567611932754517,1
gameRG/Clip1,24,1,player_bottom,794.2653503417969,906.2188110351562,740.6533813476562,688.0149841308594,847.8772888183594,906.2188110351562,0.7697610259056091,1
gameRG/Clip1,24,2,player_top,1182.9677734375,310.74359130859375,1150.4744873046875,213.93943786621094,1215.4609375,310.74359130859375,0.6166735887527466,1
gameRG/Clip1,25,1,player_bottom,793.8935546875,905.7850952148438,742.3790893554688,693.64892578125,845.407958984375,905.7850952148438,0.7590093612670898,1
gameRG/Clip1,25,2,player_top,1182.392333984375,310.28570556640625,1150.06884765625,214.1461944580078,1214.7156982421875,310.28570556640625,0.5083150267601013,1
gameRG/Clip1,26,1,player_bottom,793.3519287109375,905.3339233398438,743.638916015625,696.3472290039062,843.0648803710938,905.3339233398438,0.8109334707260132,1
gameRG/Clip1,26,2,player_top,1182.3720703125,310.2047119140625,1149.91162109375,213.71363830566406,1214.83251953125,310.2047119140625,0.6794748306274414,1
gameRG/Clip1,27,1,player_bottom,793.0806884765625,905.4459838867188,745.3688354492188,701.6307983398438,840.79248046875,905.4459838867188,0.8382665514945984,1
gameRG/Clip1,27,2,player_top,1182.345458984375,310.17041015625,1149.792724609375,213.45655822753906,1214.898193359375,310.17041015625,0.6148934364318848,1
gameRG/Clip1,28,1,player_bottom,792.775634765625,905.3191528320312,745.515869140625,700.2755737304688,840.0354614257812,905.3191528320312,0.8207976818084717,1
gameRG/Clip1,28,2,player_top,1182.242919921875,310.2489929199219,1149.5428466796875,213.1145782470703,1214.943115234375,310.2489929199219,0.4883217513561249,1
gameRG/Clip1,29,1,player_bottom,792.7760009765625,904.7626953125,745.8372802734375,698.051025390625,839.7147216796875,904.7626953125,0.8430918455123901,1
gameRG/Clip1,29,2,player_top,1182.3014526367188,310.21351623535156,1149.7137451171875,213.48334503173828,1214.8892211914062,310.21351623535156,0.5110071152448654,1
gameRG/Clip1,30,1,player_bottom,792.36669921875,905.07763671875,744.0017700195312,687.91650390625,840.731689453125,905.07763671875,0.7854068279266357,1
gameRG/Clip1,30,2,player_top,1182.3599853515625,310.17803955078125,1149.8846435546875,213.85211181640625,1214.8353271484375,310.17803955078125,0.533692479133606,1
gameRG/Clip1,31,1,player_bottom,792.5370483398438,905.0228271484375,743.1275634765625,679.017578125,841.946533203125,905.0228271484375,0.8179731965065002,1
gameRG/Clip1,31,2,player_top,1182.346435546875,310.21173095703125,1150.3924560546875,215.87245178222656,1214.3004150390625,310.21173095703125,0.48150667548179626,1
gameRG/Clip1,32,1,player_bottom,792.1544189453125,904.7749633789062,741.00732421875,666.9918823242188,843.301513671875,904.7749633789062,0.8002832531929016,1
gameRG/Clip1,32,2,player_top,1182.408203125,310.6893615722656,1150.5399169921875,216.99945068359375,1214.2763671875,310.6893615722656,0.7015714049339294,1
gameRG/Clip1,33,1,player_bottom,785.9326171875,904.9209594726562,735.2335205078125,666.85009765625,836.6317138671875,904.9209594726562,0.8331458568572998,1
gameRG/Clip1,33,2,player_top,1182.460693359375,310.7574462890625,1150.6328125,217.56747436523438,1214.28857421875,310.7574462890625,0.7108780741691589,1
gameRG/Clip1,34,1,player_bottom,787.6143798828125,904.43896484375,739.7599487304688,677.90576171875,835.4688720703125,904.43896484375,0.7550148963928223,1
gameRG/Clip1,34,2,player_top,1182.6890869140625,310.91119384765625,1150.41357421875,216.45974731445312,1214.964599609375,310.91119384765625,0.7660344243049622,1
gameRG/Clip1,35,1,player_bottom,781.5320434570312,904.1517333984375,733.9775390625,680.198974609375,829.0865478515625,904.1517333984375,0.5378469824790955,1
gameRG/Clip1,35,2,player_top,1182.787353515625,310.9237060546875,1150.5279541015625,216.64047241210938,1215.046875,310.9237060546875,0.7662562727928162,1
gameRG/Clip1,36,1,player_bottom,781.451416015625,903.7140502929688,733.5545654296875,674.6943359375,829.3482055664062,903.7140502929688,0.5231969356536865,1
gameRG/Clip1,36,2,player_top,1181.964599609375,311.75006103515625,1149.3505859375,216.28436279296875,1214.57861328125,311.75006103515625,0.3525465130805969,1
gameRG/Clip1,37,1,player_bottom,783.6398315429688,901.8358764648438,737.47802734375,676.697021484375,829.8016357421875,901.8358764648438,0.4410642385482788,1
gameRG/Clip1,37,2,player_top,1181.710205078125,311.9634704589844,1148.7835693359375,215.5184783935547,1214.63671875,311.9634704589844,0.6902300119400024,1
gameRG/Clip1,38,1,player_bottom,784.3463134765625,899.8945922851562,738.0255737304688,671.0001220703125,830.6670532226562,899.8945922851562,0.5271508097648621,1
gameRG/Clip1,38,2,player_top,1181.6697998046875,312.2049560546875,1148.1923828125,213.78558349609375,1215.147216796875,312.2049560546875,0.7818893194198608,1
gameRG/Clip1,39,1,player_bottom,787.7415161132812,882.8362426757812,744.01123046875,662.9148559570312,831.4718017578125,882.8362426757812,0.748624861240387,1
gameRG/Clip1,39,2,player_top,1181.48583984375,312.46917724609375,1147.5118408203125,212.09796142578125,1215.4599609375,312.46917724609375,0.8184481859207153,1
gameRG/Clip1,40,1,player_bottom,789.138671875,877.013916015625,744.478271484375,647.3175659179688,833.7991333007812,877.013916015625,0.7905381917953491,1
gameRG/Clip1,40,2,player_top,1181.278564453125,312.603271484375,1147.0487060546875,210.92198181152344,1215.5084228515625,312.603271484375,0.7899187207221985,1
gameRG/Clip1,41,1,player_bottom,790.017822265625,871.5673828125,745.6642456054688,639.5169677734375,834.3714599609375,871.5673828125,0.8380736708641052,1
gameRG/Clip1,41,2,player_top,1180.661376953125,311.8055725097656,1145.9024658203125,207.9270477294922,1215.42041015625,311.8055725097656,0.7758588194847107,1
gameRG/Clip1,42,1,player_bottom,790.46630859375,866.4432373046875,742.8995361328125,610.8916015625,838.0330200195312,866.4432373046875,0.8215705156326294,1
gameRG/Clip1,42,2,player_top,1180.884521484375,311.72698974609375,1146.01220703125,206.7328338623047,1215.7568359375,311.72698974609375,0.7769703269004822,1
gameRG/Clip1,43,1,player_bottom,791.83984375,864.0857543945312,748.6481323242188,629.6943969726562,835.0316162109375,864.0857543945312,0.8464286923408508,1
gameRG/Clip1,43,2,player_top,1180.92578125,311.48309326171875,1146.0965576171875,205.97412109375,1215.755126953125,311.48309326171875,0.7297995090484619,1
gameRG/Clip1,44,1,player_bottom,792.7752685546875,862.1480102539062,746.2872314453125,603.4720458984375,839.2633056640625,862.1480102539062,0.8075810074806213,1
gameRG/Clip1,44,2,player_top,1181.0267333984375,311.4090881347656,1146.32470703125,205.6323699951172,1215.728759765625,311.4090881347656,0.6887100338935852,1
gameRG/Clip1,45,1,player_bottom,796.4879760742188,860.6265869140625,747.8930053710938,585.5289916992188,845.0829467773438,860.6265869140625,0.8384703993797302,1
gameRG/Clip1,45,2,player_top,1181.07421875,311.5912780761719,1146.4501953125,205.4246826171875,1215.6981201171875,311.5912780761719,0.7245432138442993,1
gameRG/Clip1,46,1,player_bottom,796.1567993164062,858.8262939453125,752.075927734375,606.5715942382812,840.2376708984375,858.8262939453125,0.861677348613739,1
gameRG/Clip1,46,2,player_top,1181.123046875,311.8059387207031,1146.7037353515625,205.67161560058594,1215.542236328125,311.8059387207031,0.7937056422233582,1
gameRG/Clip1,47,1,player_bottom,796.9678344726562,856.85400390625,756.2249145507812,621.7977294921875,837.7107543945312,856.85400390625,0.8437088131904602,1
gameRG/Clip1,47,2,player_top,1181.610595703125,311.7261657714844,1147.5201416015625,205.99322509765625,1215.7010498046875,311.7261657714844,0.8008071780204773,1
gameRG/Clip1,48,1,player_bottom,798.4306640625,857.1170654296875,761.0067749023438,641.783935546875,835.8544921875,857.1170654296875,0.7705179452896118,1
gameRG/Clip1,48,2,player_top,1182.495849609375,311.2962951660156,1149.3236083984375,208.00047302246094,1215.668212890625,311.2962951660156,0.8119148015975952,1
gameRG/Clip1,49,1,player_bottom,799.3612060546875,857.318603515625,762.9962768554688,650.2258911132812,835.7261962890625,857.318603515625,0.8346157670021057,1
gameRG/Clip1,49,2,player_top,1183.0947265625,312.2369079589844,1150.173583984375,209.3172607421875,1216.015869140625,312.2369079589844,0.8242251873016357,1
gameRG/Clip1,50,1,player_bottom,800.2259521484375,856.580810546875,764.1808471679688,653.982177734375,836.2711181640625,856.580810546875,0.8536221385002136,1
gameRG/Clip1,50,2,player_top,1183.62890625,314.1437683105469,1150.3994140625,209.7624053955078,1216.8583984375,314.1437683105469,0.8445631861686707,1
gameRG/Clip1,51,1,player_bottom,801.8931884765625,857.5060424804688,765.0999755859375,655.4425048828125,838.6863403320312,857.5060424804688,0.868050217628479,1
gameRG/Clip1,51,2,player_top,1183.86962890625,315.09521484375,1150.8736572265625,211.1046600341797,1216.865478515625,315.09521484375,0.8240222930908203,1
gameRG/Clip1,52,1,player_bottom,802.6447143554688,850.8516845703125,766.28466796875,656.4782104492188,839.0047607421875,850.8516845703125,0.7520159482955933,1
gameRG/Clip1,52,2,player_top,1183.301513671875,315.7366638183594,1150.6607666015625,213.0239715576172,1215.942138671875,315.7366638183594,0.8326961994171143,1
gameRG/Clip1,53,1,player_bottom,802.500732421875,845.4893188476562,766.2537841796875,657.0397338867188,838.7476196289062,845.4893188476562,0.8427160382270813,1
gameRG/Clip1,53,2,player_top,1183.299072265625,316.43798828125,1151.11669921875,215.42335510253906,1215.4813232421875,316.43798828125,0.838151216506958,1
gameRG/Clip1,54,1,player_bottom,802.7647705078125,844.4939575195312,765.9616088867188,657.655029296875,839.5679321289062,844.4939575195312,0.8474452495574951,1
gameRG/Clip1,54,2,player_top,1182.99853515625,317.1524658203125,1151.3448486328125,218.56707763671875,1214.652099609375,317.1524658203125,0.8356533050537109,1
gameRG/Clip1,55,1,player_bottom,803.1692504882812,850.427001953125,764.8804931640625,659.1541137695312,841.4580078125,850.427001953125,0.8604563474655151,1
gameRG/Clip1,55,2,player_top,1182.81640625,317.3401794433594,1151.79150390625,221.74537658691406,1213.84130859375,317.3401794433594,0.8368809223175049,1
gameRG/Clip1,56,1,player_bottom,801.1427612304688,855.2284545898438,761.4590454101562,661.63427734375,840.8264770507812,855.2284545898438,0.8932687044143677,1
gameRG/Clip1,56,2,player_top,1182.628662109375,317.4117126464844,1152.16748046875,224.70849609375,1213.08984375,317.4117126464844,0.8257563710212708,1
gameRG/Clip1,57,1,player_bottom,798.71142578125,859.0670166015625,758.6299438476562,668.0042724609375,838.7928466796875,859.0670166015625,0.8594908118247986,1
gameRG/Clip1,57,2,player_top,1183.172607421875,317.6452941894531,1152.5848388671875,225.77833557128906,1213.76025390625,317.6452941894531,0.8367564678192139,1
gameRG/Clip1,58,1,player_bottom,794.7128295898438,859.7764282226562,754.49462890625,672.0999755859375,834.9310302734375,859.7764282226562,0.8592544198036194,1
gameRG/Clip1,58,2,player_top,1183.326171875,317.4710388183594,1152.8101806640625,227.03884887695312,1213.842041015625,317.4710388183594,0.8233849406242371,1
gameRG/Clip1,59,1,player_bottom,794.9537353515625,860.6312866210938,754.2037353515625,675.095947265625,835.7037353515625,860.6312866210938,0.8061650991439819,1
gameRG/Clip1,59,2,player_top,1183.338623046875,317.3399658203125,1152.6256103515625,227.4491424560547,1214.0517578125,317.3399658203125,0.8280209302902222,1
gameRG/Clip1,60,1,player_bottom,798.195068359375,863.060546875,756.4769287109375,678.129150390625,839.9132080078125,863.060546875,0.7955222725868225,1
gameRG/Clip1,60,2,player_top,1181.607421875,315.6607666015625,1150.5948486328125,225.97335815429688,1212.6199951171875,315.6607666015625,0.6118749976158142,1
gameRG/Clip1,61,1,player_bottom,799.2901611328125,864.2506713867188,756.5127563476562,679.248779296875,842.0675048828125,864.2506713867188,0.8201291561126709,1
gameRG/Clip1,61,2,player_top,1181.9176025390625,315.6874694824219,1150.1988525390625,225.2979278564453,1213.6363525390625,315.6874694824219,0.7489598989486694,1
gameRG/Clip1,62,1,player_bottom,799.5360717773438,865.1908569335938,755.681396484375,679.6758422851562,843.3907470703125,865.1908569335938,0.8366125822067261,1
gameRG/Clip1,62,2,player_top,1182.3287353515625,315.7099609375,1150.1011962890625,225.13771057128906,1214.5562744140625,315.7099609375,0.7051771879196167,1
gameRG/Clip1,63,1,player_bottom,801.1766357421875,864.7296142578125,756.75048828125,679.5757446289062,845.6027221679688,864.7296142578125,0.8471589088439941,1
gameRG/Clip1,63,2,player_top,1182.659423828125,316.1369323730469,1149.754150390625,224.71389770507812,1215.5648193359375,316.1369323730469,0.7381759881973267,1
gameRG/Clip1,64,1,player_bottom,801.5198974609375,864.0895385742188,756.7606201171875,679.2352905273438,846.2792358398438,864.0895385742188,0.8539294004440308,1
gameRG/Clip1,64,2,player_top,1182.5068359375,316.4374084472656,1149.1015625,224.64524841308594,1215.9119873046875,316.4374084472656,0.7669903039932251,1
gameRG/Clip1,65,1,player_bottom,799.0262451171875,863.1326904296875,754.5313110351562,678.7742309570312,843.5211791992188,863.1326904296875,0.7908483147621155,1
gameRG/Clip1,65,2,player_top,1182.05419921875,316.0728759765625,1148.5765380859375,224.64218139648438,1215.53173828125,316.0728759765625,0.6477363705635071,1
gameRG/Clip1,66,1,player_bottom,799.7633056640625,861.9226684570312,755.587646484375,678.278076171875,843.9389038085938,861.9226684570312,0.8019721508026123,1
gameRG/Clip1,66,2,player_top,1182.3623046875,316.77093505859375,1148.5694580078125,224.70901489257812,1216.1552734375,316.77093505859375,0.5855425000190735,1
gameRG/Clip1,67,1,player_bottom,798.940185546875,858.7476196289062,755.5310668945312,676.60791015625,842.349365234375,858.7476196289062,0.7553662657737732,1
gameRG/Clip1,67,2,player_top,1183.2109375,317.00555419921875,1149.0089111328125,224.87017822265625,1217.412841796875,317.00555419921875,0.6443842053413391,1
gameRG/Clip1,68,1,player_bottom,807.34619140625,857.2708129882812,763.5370483398438,677.0144653320312,851.1552734375,857.2708129882812,0.7752436399459839,1
gameRG/Clip1,68,2,player_top,1184.1534423828125,316.8846130371094,1149.6251220703125,224.93759155273438,1218.6817626953125,316.8846130371094,0.7588587403297424,1
gameRG/Clip1,69,1,player_bottom,805.9500732421875,856.2603759765625,762.2250366210938,677.0071411132812,849.6751098632812,856.2603759765625,0.8574053049087524,1
gameRG/Clip1,69,2,player_top,1184.41845703125,316.82525634765625,1149.4771728515625,224.70892333984375,1219.35986328125,316.82525634765625,0.7947277426719666,1
gameRG/Clip1,70,1,player_bottom,806.328125,854.306884765625,762.9141235351562,676.9767456054688,849.7421264648438,854.306884765625,0.8365874290466309,1
gameRG/Clip1,70,2,player_top,1185.4034423828125,316.8478088378906,1150.206787109375,224.60983276367188,1220.60009765625,316.8478088378906,0.8066253066062927,1
gameRG/Clip1,71,1,player_bottom,808.927978515625,851.30126953125,765.96728515625,676.3543090820312,851.888671875,851.30126953125,0.8746694922447205,1
gameRG/Clip1,71,2,player_top,1187.6014404296875,316.9857482910156,1151.888427734375,223.80369567871094,1223.314453125,316.9857482910156,0.7785934805870056,1
gameRG/Clip1,72,1,player_bottom,807.21533203125,849.6298828125,765.1748657226562,677.3352661132812,849.2557983398438,849.6298828125,0.8872336745262146,1
gameRG/Clip1,72,2,player_top,1188.30615234375,316.9349670410156,1151.598388671875,220.93670654296875,1225.013916015625,316.9349670410156,0.5866423845291138,1
gameRG/Clip1,73,1,player_bottom,805.1180419921875,848.620849609375,763.5762329101562,677.9146728515625,846.659912109375,848.620849609375,0.8948366045951843,1
gameRG/Clip1,73,2,player_top,1189.6146240234375,317.0578308105469,1151.6956787109375,217.5695343017578,1227.5335693359375,317.0578308105469,0.7659657001495361,1
gameRG/Clip1,74,1,player_bottom,803.5272827148438,848.242919921875,762.1015625,678.2807006835938,844.9530029296875,848.242919921875,0.9022773504257202,1
gameRG/Clip1,74,2,player_top,1190.1649169921875,317.6579895019531,1151.7374267578125,216.08656311035156,1228.5924072265625,317.6579895019531,0.8273507952690125,1
gameRG/Clip1,75,1,player_bottom,800.9639892578125,848.77734375,759.2202758789062,678.9129028320312,842.707763671875,848.77734375,0.8990591764450073,1
gameRG/Clip1,75,2,player_top,1191.333251953125,318.01812744140625,1152.82080078125,214.9553985595703,1229.8455810546875,318.01812744140625,0.8220530152320862,1
gameRG/Clip1,76,1,player_bottom,799.2889404296875,848.9485473632812,757.2429809570312,679.615966796875,841.3348388671875,848.9485473632812,0.8999401926994324,1
gameRG/Clip1,76,2,player_top,1192.195068359375,317.5379638671875,1153.8656005859375,213.73045349121094,1230.524658203125,317.5379638671875,0.7755216360092163,1
gameRG/Clip1,77,1,player_bottom,795.873046875,849.5974731445312,753.1043701171875,679.88330078125,838.6417236328125,849.5974731445312,0.892803430557251,1
gameRG/Clip1,77,2,player_top,1193.025146484375,316.70941162109375,1155.28076171875,213.687255859375,1230.7694091796875,316.70941162109375,0.6198241114616394,1
gameRG/Clip1,78,1,player_bottom,791.8094482421875,852.718505859375,747.4996337890625,679.7814331054688,836.1192016601562,852.718505859375,0.8978512287139893,1
gameRG/Clip1,78,2,player_top,1193.69482421875,316.6289367675781,1154.6617431640625,208.7842559814453,1232.727783203125,316.6289367675781,0.7025482058525085,1
gameRG/Clip1,79,1,player_bottom,789.571044921875,855.0859985351562,743.8261108398438,678.989013671875,835.31591796875,855.0859985351562,0.8978733420372009,1
gameRG/Clip1,79,2,player_top,1193.4256591796875,316.193359375,1154.7896728515625,208.40621948242188,1232.0616455078125,316.193359375,0.4896373450756073,1
gameRG/Clip1,80,1,player_bottom,788.446044921875,856.3132934570312,741.5360107421875,677.7999267578125,835.3560180664062,856.3132934570312,0.8939433693885803,1
gameRG/Clip1,80,2,player_top,1192.65966796875,316.59820556640625,1154.620849609375,209.15599060058594,1230.6983642578125,316.59820556640625,0.5299094319343567,1
gameRG/Clip1,81,1,player_bottom,788.7713623046875,858.9121704101562,740.3135986328125,675.4102172851562,837.2291870117188,858.9121704101562,0.8862252235412598,1
gameRG/Clip1,81,2,player_top,1197.4716796875,316.3687438964844,1160.7967529296875,207.43069458007812,1234.146484375,316.3687438964844,0.48639118671417236,1
gameRG/Clip1,82,1,player_bottom,788.71923828125,860.672607421875,739.2781982421875,673.8514404296875,838.1603393554688,860.672607421875,0.8897162675857544,1
gameRG/Clip1,82,2,player_top,1199.458251953125,316.4803466796875,1164.13623046875,206.41261291503906,1234.7802734375,316.4803466796875,0.5310768485069275,1
gameRG/Clip1,83,1,player_bottom,786.8919677734375,862.4479370117188,736.6166381835938,672.4321899414062,837.167236328125,862.4479370117188,0.887786328792572,1
gameRG/Clip1,83,2,player_top,1201.371337890625,317.15380859375,1167.499267578125,206.68472290039062,1235.243408203125,317.15380859375,0.4110454022884369,1
gameRG/Clip1,84,1,player_bottom,784.6801147460938,862.913818359375,734.2163696289062,671.090087890625,835.1438598632812,862.913818359375,0.8798054456710815,1
gameRG/Clip1,84,2,player_top,1200.349365234375,317.4166259765625,1167.4541015625,205.21682739257812,1233.2445068359375,317.4166259765625,0.38430485129356384,1
gameRG/Clip1,85,1,player_bottom,783.432861328125,863.1451416015625,733.0770874023438,670.713623046875,833.78857421875,863.1451416015625,0.8964594006538391,1
gameRG/Clip1,85,2,player_top,1200.166015625,319.48773193359375,1168.16015625,205.2431640625,1232.171875,319.48773193359375,0.4861254394054413,1
gameRG/Clip1,86,1,player_bottom,783.33349609375,863.5953979492188,732.9669189453125,670.5338745117188,833.7000732421875,863.5953979492188,0.8976013660430908,1
gameRG/Clip1,86,2,player_top,1200.2991943359375,320.07191467285156,1168.87548828125,205.2475357055664,1231.7228393554688,320.07191467285156,0.4292687326669693,1
gameRG/Clip1,87,1,player_bottom,783.1593017578125,863.3255615234375,732.9456787109375,670.5089111328125,833.3729858398438,863.3255615234375,0.8979670405387878,1
gameRG/Clip1,87,2,player_top,1200.432373046875,320.6560974121094,1169.5908203125,205.2519073486328,1231.2738037109375,320.6560974121094,0.3724120259284973,1
gameRG/Clip1,88,1,player_bottom,781.5069580078125,863.0487670898438,731.303955078125,670.94189453125,831.7099609375,863.0487670898438,0.8967803716659546,1
gameRG/Clip1,88,2,player_top,1200.1328125,321.0429382324219,1170.62890625,205.65464782714844,1229.6365966796875,321.0429382324219,0.6563682556152344,1
gameRG/Clip1,89,1,player_bottom,778.9150390625,863.4235229492188,728.4771728515625,671.6407470703125,829.3529052734375,863.4235229492188,0.904952883720398,1
gameRG/Clip1,89,2,player_top,1199.9384765625,321.3716125488281,1171.5810546875,206.09681701660156,1228.2957763671875,321.3716125488281,0.7240957021713257,1
gameRG/Clip1,90,1,player_bottom,776.1981811523438,863.7411499023438,725.3319091796875,672.4913330078125,827.064453125,863.7411499023438,0.9030759930610657,1
gameRG/Clip1,90,2,player_top,1199.384765625,321.6717834472656,1172.092041015625,206.81141662597656,1226.677490234375,321.6717834472656,0.6874803900718689,1
gameRG/Clip1,91,1,player_bottom,772.7380981445312,864.3956909179688,721.2438354492188,673.7781372070312,824.2323608398438,864.3956909179688,0.8941320180892944,1
gameRG/Clip1,91,2,player_top,1199.10205078125,321.3367919921875,1172.9825439453125,208.06643676757812,1225.2215576171875,321.3367919921875,0.6467688679695129,1
gameRG/Clip1,92,1,player_bottom,770.420654296875,866.428466796875,717.83837890625,675.3702392578125,823.0029296875,866.428466796875,0.8920566439628601,1
gameRG/Clip1,92,2,player_top,1197.6097412109375,321.11767578125,1172.258544921875,209.53982543945312,1222.9609375,321.11767578125,0.6423999071121216,1
gameRG/Clip1,93,1,player_bottom,767.8099365234375,869.3055419921875,713.391357421875,674.5201416015625,822.2285766601562,869.3055419921875,0.9147054553031921,1
gameRG/Clip1,93,2,player_top,1196.6976318359375,321.1535339355469,1171.854736328125,211.91116333007812,1221.54052734375,321.1535339355469,0.6788890361785889,1
gameRG/Clip1,94,1,player_bottom,766.851806640625,871.8308715820312,711.3606567382812,675.8507690429688,822.3429565429688,871.8308715820312,0.9056171178817749,1
gameRG/Clip1,94,2,player_top,1199.48583984375,322.6085510253906,1175.210205078125,214.01840209960938,1223.761474609375,322.6085510253906,0.6868036985397339,1
gameRG/Clip1,95,1,player_bottom,764.3214111328125,874.2954711914062,709.5364990234375,682.65185546875,819.1063842773438,874.2954711914062,0.8674511313438416,1
gameRG/Clip1,95,2,player_top,1200.2803955078125,323.7082214355469,1176.2501220703125,214.62904357910156,1224.3106689453125,323.7082214355469,0.6607773900032043,1
gameRG/Clip1,96,1,player_bottom,761.4868774414062,873.1917114257812,708.0914306640625,688.0377197265625,814.88232421875,873.1917114257812,0.9005158543586731,1
gameRG/Clip1,96,2,player_top,1198.972412109375,324.70635986328125,1175.1092529296875,217.84312438964844,1222.8355712890625,324.70635986328125,0.47666504979133606,1
gameRG/Clip1,97,1,player_bottom,760.3397216796875,873.1441040039062,707.1460571289062,690.026123046875,813.533447265625,873.1441040039062,0.8999038934707642,1
gameRG/Clip1,97,2,player_top,1199.508544921875,325.0509033203125,1176.0372314453125,220.82859802246094,1222.979736328125,325.0509033203125,0.478314071893692,1
gameRG/Clip1,98,1,player_bottom,760.163330078125,879.672119140625,706.0211181640625,694.0972900390625,814.3054809570312,879.672119140625,0.8962624669075012,1
gameRG/Clip1,98,2,player_top,1197.4429931640625,325.18408203125,1173.558349609375,221.38893127441406,1221.32763671875,325.18408203125,0.7161539793014526,1
gameRG/Clip1,99,1,player_bottom,760.06005859375,883.7827758789062,704.9910888671875,695.4891967773438,815.1290893554688,883.7827758789062,0.9017277956008911,1
gameRG/Clip1,99,2,player_top,1196.5548095703125,325.441162109375,1172.2247314453125,221.74307250976562,1220.8848876953125,325.441162109375,0.7083045840263367,1
gameRG/Clip1,100,1,player_bottom,760.1024169921875,885.48193359375,704.6007080078125,695.9072265625,815.6041259765625,885.48193359375,0.9063223600387573,1
gameRG/Clip1,100,2,player_top,1197.3681640625,325.5242919921875,1172.628173828125,221.18959045410156,1222.1080322265625,325.5242919921875,0.6402612328529358,1
gameRG/Clip1,101,1,player_bottom,760.7159423828125,890.0625610351562,704.2959594726562,697.5260009765625,817.1358642578125,890.0625610351562,0.8971301317214966,1
gameRG/Clip1,101,2,player_top,1197.5657958984375,325.57659912109375,1172.676513671875,221.51055908203125,1222.455078125,325.57659912109375,0.6273620128631592,1
gameRG/Clip1,102,1,player_bottom,761.2781372070312,893.722900390625,704.513427734375,700.1211547851562,818.0428466796875,893.722900390625,0.9065186381340027,1
gameRG/Clip1,102,2,player_top,1197.3736572265625,326.05645751953125,1172.1845703125,221.5919647216797,1222.562744140625,326.05645751953125,0.6354475617408752,1
gameRG/Clip1,103,1,player_bottom,763.41845703125,896.0556640625,706.3302612304688,702.4099731445312,820.506591796875,896.0556640625,0.8956886529922485,1
gameRG/Clip1,103,2,player_top,1192.55224609375,313.1891784667969,1170.3323974609375,220.82315063476562,1214.7720947265625,313.1891784667969,0.4662413001060486,1
gameRG/Clip1,104,1,player_bottom,766.341796875,896.67041015625,708.6107177734375,702.9528198242188,824.0728149414062,896.67041015625,0.889738142490387,1
gameRG/Clip1,104,2,player_top,1192.237060546875,318.34136962890625,1168.79833984375,220.90379333496094,1215.6756591796875,318.34136962890625,0.7314886450767517,1
gameRG/Clip1,105,1,player_bottom,768.9361572265625,896.5578002929688,710.9937133789062,704.4716796875,826.878662109375,896.5578002929688,0.8884955644607544,1
gameRG/Clip1,105,2,player_top,1188.87841796875,319.5455322265625,1165.6497802734375,221.85911560058594,1212.1070556640625,319.5455322265625,0.7567178606987,1
gameRG/Clip1,106,1,player_bottom,772.4677734375,896.4057006835938,713.8966674804688,704.800048828125,831.0388793945312,896.4057006835938,0.8895573616027832,1
gameRG/Clip1,106,2,player_top,1185.52978515625,319.7229309082031,1162.9842529296875,222.88397216796875,1208.075439453125,319.7229309082031,0.7002057433128357,1
gameRG/Clip1,107,1,player_bottom,773.9700927734375,896.2863159179688,715.7353515625,707.5482177734375,832.2048950195312,896.2863159179688,0.8717189431190491,1
gameRG/Clip1,107,2,player_top,1184.146240234375,320.1186218261719,1162.25439453125,224.56515502929688,1206.0382080078125,320.1186218261719,0.692677915096283,1
gameRG/Clip1,108,1,player_bottom,774.8033447265625,896.3814697265625,717.141845703125,710.4310302734375,832.46484375,896.3814697265625,0.8932780623435974,1
gameRG/Clip1,108,2,player_top,1183.2833251953125,321.8466491699219,1160.7166748046875,222.63812255859375,1205.8499755859375,321.8466491699219,0.72479248046875,1
gameRG/Clip1,109,1,player_bottom,776.120361328125,896.40283203125,718.650634765625,712.1295166015625,833.5900268554688,896.40283203125,0.8971229195594788,1
gameRG/Clip1,109,2,player_top,1182.906982421875,322.43133544921875,1160.0770263671875,221.93580627441406,1205.737060546875,322.43133544921875,0.7759410738945007,1
gameRG/Clip1,110,1,player_bottom,778.4998779296875,896.4154052734375,720.916015625,713.478759765625,836.083740234375,896.4154052734375,0.8768014907836914,1
gameRG/Clip1,110,2,player_top,1180.936279296875,322.43011474609375,1157.9295654296875,222.72509765625,1203.94287109375,322.43011474609375,0.7506418228149414,1
gameRG/Clip1,111,1,player_bottom,779.3800659179688,896.346923828125,721.8298950195312,714.8698120117188,836.9302368164062,896.346923828125,0.8998121619224548,1
gameRG/Clip1,111,2,player_top,1180.4425048828125,322.2132873535156,1157.3245849609375,223.49835205078125,1203.5604248046875,322.2132873535156,0.6763753890991211,1
gameRG/Clip1,112,1,player_bottom,781.172607421875,896.3740234375,723.4661865234375,715.5147705078125,838.8790283203125,896.3740234375,0.8896740078926086,1
gameRG/Clip1,112,2,player_top,1179.7210693359375,322.1589660644531,1156.3284912109375,224.0517578125,1203.1136474609375,322.1589660644531,0.752518892288208,1
gameRG/Clip1,113,1,player_bottom,782.929443359375,896.6781005859375,724.9631958007812,716.2003784179688,840.8956298828125,896.6781005859375,0.8838056921958923,1
gameRG/Clip1,113,2,player_top,1178.674560546875,322.2303771972656,1154.89208984375,224.302490234375,1202.45703125,322.2303771972656,0.7230910062789917,1
gameRG/Clip1,114,1,player_bottom,784.6327514648438,896.8220825195312,726.422119140625,716.9735717773438,842.8433837890625,896.8220825195312,0.887515664100647,1
gameRG/Clip1,114,2,player_top,1176.402099609375,322.05242919921875,1152.6268310546875,226.18124389648438,1200.17724609375,322.05242919921875,0.3580387830734253,1
gameRG/Clip1,115,1,player_bottom,785.75634765625,896.84716796875,727.1157836914062,717.10302734375,844.3968505859375,896.84716796875,0.892456591129303,1
gameRG/Clip1,115,2,player_top,1175.35595703125,322.51458740234375,1150.9130859375,226.74012756347656,1199.7989501953125,322.51458740234375,0.5603010654449463,1
gameRG/Clip1,116,1,player_bottom,790.1519775390625,896.9979248046875,731.5369873046875,716.9183959960938,848.7670288085938,896.9979248046875,0.897331953048706,1
gameRG/Clip1,116,2,player_top,1172.9554443359375,322.4453430175781,1147.7745361328125,227.29563903808594,1198.1363525390625,322.4453430175781,0.7167192101478577,1
gameRG/Clip1,117,1,player_bottom,793.9744262695312,897.0376586914062,735.6743774414062,716.8997192382812,852.2744750976562,897.0376586914062,0.9006883502006531,1
gameRG/Clip1,117,2,player_top,1171.825927734375,322.47015380859375,1145.8253173828125,227.85250854492188,1197.82666015625,322.47015380859375,0.7318363785743713,1
gameRG/Clip1,118,1,player_bottom,797.4197998046875,896.9105224609375,739.688232421875,716.787841796875,855.1514282226562,896.9105224609375,0.8946465849876404,1
gameRG/Clip1,118,2,player_top,1169.8924560546875,322.2468566894531,1142.66796875,225.6189422607422,1197.116943359375,322.2468566894531,0.580652117729187,1
gameRG/Clip1,119,1,player_bottom,801.10595703125,895.6809692382812,744.3031005859375,715.8095092773438,857.9088134765625,895.6809692382812,0.8742841482162476,1
gameRG/Clip1,119,2,player_top,1164.3951416015625,321.74310302734375,1136.6268310546875,224.13607788085938,1192.1634521484375,321.74310302734375,0.4313569962978363,1
gameRG/Clip1,120,1,player_bottom,806.7185668945312,895.842529296875,749.8741455078125,711.2168579101562,863.56298828125,895.842529296875,0.8862700462341309,1
gameRG/Clip1,120,2,player_top,1158.5193481445312,322.01751708984375,1130.529541015625,223.69483947753906,1186.5090942382812,322.01751708984375,0.500131145119667,1
gameRG/Clip1,121,1,player_bottom,810.84619140625,895.931884765625,754.3770141601562,708.1043701171875,867.3154296875,895.931884765625,0.8834256529808044,1
gameRG/Clip1,121,2,player_top,1152.6435546875,322.29193115234375,1124.4322509765625,223.25360107421875,1180.854736328125,322.29193115234375,0.5689052939414978,1
gameRG/Clip1,122,1,player_bottom,813.8416137695312,895.3878784179688,757.9730224609375,705.7178955078125,869.710205078125,895.3878784179688,0.8842199444770813,1
gameRG/Clip1,122,2,player_top,1148.919677734375,321.4547119140625,1120.8389892578125,222.8749237060547,1177.0003662109375,321.4547119140625,0.7991043329238892,1
gameRG/Clip1,123,1,player_bottom,816.8223876953125,894.7972412109375,761.4677124023438,703.5291137695312,872.1771240234375,894.7972412109375,0.8888017535209656,1
gameRG/Clip1,123,2,player_top,1144.319091796875,321.8403015136719,1116.488037109375,222.73519897460938,1172.1500244140625,321.8403015136719,0.7945422530174255,1
gameRG/Clip1,124,1,player_bottom,819.4017333984375,894.0888061523438,763.148193359375,696.1431884765625,875.6552734375,894.0888061523438,0.8570138812065125,1
gameRG/Clip1,124,2,player_top,1140.0274658203125,322.1640930175781,1112.3172607421875,221.31338500976562,1167.7376708984375,322.1640930175781,0.8114648461341858,1
gameRG/Clip1,125,1,player_bottom,821.0350341796875,893.0026245117188,765.0935668945312,692.9942626953125,876.9765014648438,893.0026245117188,0.8549356460571289,1
gameRG/Clip1,125,2,player_top,1134.68310546875,321.5652160644531,1107.50830078125,220.1404571533203,1161.8580322265625,321.5652160644531,0.7681713700294495,1
gameRG/Clip1,126,1,player_bottom,821.4434204101562,890.6032104492188,765.9050903320312,688.8466796875,876.9817504882812,890.6032104492188,0.8368995189666748,1
gameRG/Clip1,126,2,player_top,1130.164306640625,320.760986328125,1103.2677001953125,218.50042724609375,1157.060791015625,320.760986328125,0.7592946290969849,1
gameRG/Clip1,127,1,player_bottom,824.3306884765625,894.0759887695312,767.922607421875,687.0805053710938,880.7387084960938,894.0759887695312,0.8184252381324768,1
gameRG/Clip1,127,2,player_top,1126.613037109375,319.5240478515625,1100.2333984375,217.15451049804688,1152.9925537109375,319.5240478515625,0.8027937412261963,1
gameRG/Clip1,128,1,player_bottom,825.98974609375,871.6436157226562,774.417236328125,683.9384765625,877.562255859375,871.6436157226562,0.8150774240493774,1
gameRG/Clip1,128,2,player_top,1123.787841796875,318.89154052734375,1098.070556640625,216.8692169189453,1149.5052490234375,318.89154052734375,0.7896147966384888,1
gameRG/Clip1,129,1,player_bottom,826.7473754882812,861.7171630859375,776.6843872070312,680.2864379882812,876.8103637695312,861.7171630859375,0.8232874870300293,1
gameRG/Clip1,129,2,player_top,1120.8443603515625,319.2890930175781,1095.58447265625,216.72921752929688,1146.104248046875,319.2890930175781,0.7305245995521545,1
gameRG/Clip1,130,1,player_bottom,831.4266357421875,856.2194213867188,781.4185791015625,677.99609375,881.4346313476562,856.2194213867188,0.86292564868927,1
gameRG/Clip1,130,2,player_top,1118.5701904296875,317.84747314453125,1094.260009765625,216.9169921875,1142.88037109375,317.84747314453125,0.7016741633415222,1
gameRG/Clip1,131,1,player_bottom,834.20947265625,854.9864501953125,782.9301147460938,674.9881591796875,885.4888916015625,854.9864501953125,0.883366584777832,1
gameRG/Clip1,131,2,player_top,1115.487060546875,317.1022644042969,1091.7076416015625,216.72573852539062,1139.2666015625,317.1022644042969,0.6215835213661194,1
gameRG/Clip1,132,1,player_bottom,836.2313232421875,851.1602783203125,784.617919921875,671.8991088867188,887.8446655273438,851.1602783203125,0.892267644405365,1
gameRG/Clip1,132,2,player_top,1112.195556640625,317.559326171875,1088.050537109375,214.13006591796875,1136.340576171875,317.559326171875,0.6680627465248108,1
gameRG/Clip1,133,1,player_bottom,836.9706420898438,849.1347045898438,785.0221557617188,670.807373046875,888.9191284179688,849.1347045898438,0.8947998285293579,1
gameRG/Clip1,133,2,player_top,1110.062744140625,319.0231018066406,1086.087646484375,215.42642211914062,1134.0377197265625,319.0231018066406,0.7804061770439148,1
gameRG/Clip1,134,1,player_bottom,837.673828125,847.2337646484375,785.192626953125,668.5956420898438,890.1549682617188,847.2337646484375,0.8959894180297852,1
gameRG/Clip1,134,2,player_top,1108.689453125,318.87530517578125,1085.11962890625,216.59461975097656,1132.2591552734375,318.87530517578125,0.7256212830543518,1
gameRG/Clip1,135,1,player_bottom,838.2108154296875,844.0311279296875,785.7191772460938,667.0493774414062,890.702392578125,844.0311279296875,0.8902822732925415,1
gameRG/Clip1,135,2,player_top,1106.679443359375,318.94451904296875,1082.9326171875,216.2565460205078,1130.4261474609375,318.94451904296875,0.8307387232780457,1
gameRG/Clip1,136,1,player_bottom,838.0432739257812,842.5944213867188,785.3580932617188,665.5455932617188,890.7284545898438,842.5944213867188,0.8684191107749939,1
gameRG/Clip1,136,2,player_top,1105.37353515625,319.0318908691406,1081.18896484375,216.26910400390625,1129.5579833984375,319.0318908691406,0.8217639327049255,1
gameRG/Clip1,137,1,player_bottom,837.9481201171875,842.3665161132812,785.2116088867188,664.7252197265625,890.6846923828125,842.3665161132812,0.8671565651893616,1
gameRG/Clip1,137,2,player_top,1103.43115234375,318.7720031738281,1078.964599609375,217.25071716308594,1127.8978271484375,318.7720031738281,0.8100705742835999,1
gameRG/Clip1,138,1,player_bottom,843.048828125,840.7589721679688,790.4181518554688,664.3328857421875,895.679443359375,840.7589721679688,0.8595257997512817,1
gameRG/Clip1,138,2,player_top,1102.0186767578125,318.2611083984375,1077.2489013671875,217.71963500976562,1126.7884521484375,318.2611083984375,0.8103507161140442,1
gameRG/Clip1,139,1,player_bottom,846.267822265625,840.10009765625,792.849853515625,661.2591552734375,899.6857299804688,840.10009765625,0.8001872897148132,1
gameRG/Clip1,139,2,player_top,1100.97021484375,317.974365234375,1075.7628173828125,217.74472045898438,1126.1776123046875,317.974365234375,0.789605975151062,1
gameRG/Clip1,140,1,player_bottom,850.6630859375,839.4827880859375,797.51806640625,660.7832641601562,903.8080444335938,839.4827880859375,0.8210489749908447,1
gameRG/Clip1,140,2,player_top,1097.9989013671875,317.1653747558594,1072.7132568359375,218.42608642578125,1123.2845458984375,317.1653747558594,0.7744937539100647,1
gameRG/Clip1,141,1,player_bottom,854.94091796875,839.98974609375,801.951904296875,660.1868286132812,907.9298706054688,839.98974609375,0.7633987069129944,1
gameRG/Clip1,141,2,player_top,1094.293701171875,316.94281005859375,1068.7064208984375,218.11117553710938,1119.8809814453125,316.94281005859375,0.7865926027297974,1
gameRG/Clip1,142,1,player_bottom,858.765625,840.158203125,806.0337524414062,658.6444091796875,911.4974365234375,840.158203125,0.6228472590446472,1
gameRG/Clip1,142,2,player_top,1089.401611328125,316.6802673339844,1063.794189453125,219.22796630859375,1115.009033203125,316.6802673339844,0.727432906627655,1
gameRG/Clip1,143,1,player_bottom,867.9849243164062,840.2936401367188,814.7684326171875,657.8760986328125,921.201416015625,840.2936401367188,0.8112184405326843,1
gameRG/Clip1,143,2,player_top,1083.49609375,316.8940124511719,1057.7940673828125,218.82846069335938,1109.1982421875,316.8940124511719,0.7281778454780579,1
gameRG/Clip1,144,1,player_bottom,873.3941650390625,838.2982177734375,819.83154296875,656.677978515625,926.9568481445312,838.2982177734375,0.652898371219635,1
gameRG/Clip1,144,2,player_top,1078.8914794921875,317.0133056640625,1052.995361328125,217.42083740234375,1104.78759765625,317.0133056640625,0.6642001867294312,1
gameRG/Clip1,145,1,player_bottom,864.5621948242188,837.850341796875,812.0615844726562,655.535888671875,917.0628051757812,837.850341796875,0.688086211681366,1
gameRG/Clip1,145,2,player_top,1074.093505859375,317.93359375,1048.183837890625,217.15304565429688,1100.0032958984375,317.93359375,0.7013193964958191,1
gameRG/Clip1,146,1,player_bottom,861.8919677734375,837.8464965820312,809.99755859375,652.9647216796875,913.7864379882812,837.8464965820312,0.8173698782920837,1
gameRG/Clip1,146,2,player_top,1069.999267578125,317.3537292480469,1044.576904296875,217.5507049560547,1095.4215087890625,317.3537292480469,0.6399990916252136,1
gameRG/Clip1,147,1,player_bottom,861.7550048828125,837.4559936523438,810.6809692382812,650.3599853515625,912.8290405273438,837.4559936523438,0.8340387940406799,1
gameRG/Clip1,147,2,player_top,1066.06689453125,316.3072204589844,1041.575439453125,219.5625,1090.5582275390625,316.3072204589844,0.5777103304862976,1
gameRG/Clip1,148,1,player_bottom,861.998291015625,837.2922973632812,811.582763671875,646.3870849609375,912.4138793945312,837.2922973632812,0.8440741300582886,1
gameRG/Clip1,148,2,player_top,1060.260498046875,317.3392028808594,1036.5213623046875,221.4136505126953,1083.9996337890625,317.3392028808594,0.6741426587104797,1
gameRG/Clip1,149,1,player_bottom,862.43310546875,836.4609375,812.9163818359375,641.9481201171875,911.9498291015625,836.4609375,0.846686065196991,1
gameRG/Clip1,149,2,player_top,1056.442626953125,317.5496520996094,1033.2901611328125,221.1702117919922,1079.5950927734375,317.5496520996094,0.5102837085723877,1
gameRG/Clip1,150,1,player_bottom,864.969970703125,836.1409912109375,816.2218017578125,639.1802978515625,913.7182006835938,836.1409912109375,0.8393540978431702,1
gameRG/Clip1,150,2,player_top,1053.029296875,316.18817138671875,1030.9454345703125,222.48388671875,1075.1131591796875,316.18817138671875,0.5869241952896118,1
gameRG/Clip1,151,1,player_bottom,869.6864013671875,835.8327026367188,820.734130859375,634.4573974609375,918.6387329101562,835.8327026367188,0.6272310614585876,1
gameRG/Clip1,151,2,player_top,1050.284912109375,315.73329162597656,1028.3677978515625,223.01081085205078,1072.2019653320312,315.73329162597656,0.5261678397655487,1
gameRG/Clip1,152,1,player_bottom,866.9676513671875,835.6162109375,818.5283203125,629.6870727539062,915.4069213867188,835.6162109375,0.8366575241088867,1
gameRG/Clip1,152,2,player_top,1047.54052734375,315.2784118652344,1025.7901611328125,223.53773498535156,1069.290771484375,315.2784118652344,0.4654114842414856,1
gameRG/Clip1,153,1,player_bottom,868.6611328125,829.1206665039062,821.5574951171875,625.6409301757812,915.7647705078125,829.1206665039062,0.8561547994613647,1
gameRG/Clip1,153,2,player_top,1044.635498046875,314.6549072265625,1022.552490234375,224.1769561767578,1066.7186279296875,314.6549072265625,0.6396960616111755,1
gameRG/Clip1,154,1,player_bottom,870.3326416015625,821.6221313476562,824.6504516601562,622.9931640625,916.0148315429688,821.6221313476562,0.8585674166679382,1
gameRG/Clip1,154,2,player_top,1041.227294921875,314.2721862792969,1018.602783203125,225.51205444335938,1063.851806640625,314.2721862792969,0.7043363451957703,1
gameRG/Clip1,155,1,player_bottom,868.9088134765625,816.82421875,824.6239013671875,619.9489135742188,913.1937255859375,816.82421875,0.8211991786956787,1
gameRG/Clip1,155,2,player_top,1038.71044921875,313.6532897949219,1015.7809448242188,228.0967254638672,1061.6400146484375,313.6532897949219,0.443334698677063,1
gameRG/Clip1,156,1,player_bottom,870.3658447265625,813.8063354492188,826.111083984375,614.053466796875,914.62060546875,813.8063354492188,0.8265591263771057,1
gameRG/Clip1,156,2,player_top,1036.161865234375,315.2149658203125,1011.498046875,225.37337493896484,1060.82568359375,315.2149658203125,0.5201760530471802,1
gameRG/Clip1,157,1,player_bottom,869.9889526367188,814.3871459960938,825.5924072265625,610.8333740234375,914.385498046875,814.3871459960938,0.8589844107627869,1
gameRG/Clip1,157,2,player_top,1033.61328125,316.7766418457031,1007.2151489257812,222.6500244140625,1060.0113525390625,316.7766418457031,0.5970174074172974,1
gameRG/Clip1,158,1,player_bottom,869.8367309570312,813.0,826.07177734375,608.7166137695312,913.6016845703125,813.0,0.8577518463134766,1
gameRG/Clip1,158,2,player_top,1030.09619140625,317.4967956542969,1001.9853515625,221.0380096435547,1058.20703125,317.4967956542969,0.5814386010169983,1
gameRG/Clip1,159,1,player_bottom,871.7598876953125,804.936767578125,830.2205810546875,606.8953857421875,913.2992553710938,804.936767578125,0.8783190846443176,1
gameRG/Clip1,159,2,player_top,1027.802734375,318.2557067871094,998.6845703125,221.65838623046875,1056.9208984375,318.2557067871094,0.3938506245613098,1
gameRG/Clip1,160,1,player_bottom,874.7859497070312,800.0819091796875,835.287841796875,606.8519897460938,914.2840576171875,800.0819091796875,0.8562840223312378,1
gameRG/Clip1,160,2,player_top,1021.7420654296875,317.89588928222656,992.4530639648438,222.45592498779297,1051.0310668945312,317.89588928222656,0.4815981388092041,1
gameRG/Clip1,161,1,player_bottom,876.602294921875,798.7269897460938,838.2000122070312,606.225830078125,915.004638671875,798.7269897460938,0.827782928943634,1
gameRG/Clip1,161,2,player_top,1015.681396484375,317.53607177734375,986.2215576171875,223.2534637451172,1045.1412353515625,317.53607177734375,0.5693456530570984,1
gameRG/Clip1,162,1,player_bottom,880.7557983398438,794.020751953125,844.286865234375,606.7899780273438,917.2247314453125,794.020751953125,0.804232120513916,1
gameRG/Clip1,162,2,player_top,1009.416015625,316.3128967285156,980.3485107421875,224.86871337890625,1038.4835205078125,316.3128967285156,0.61838299036026,1
gameRG/Clip1,163,1,player_bottom,884.4755249023438,793.7926635742188,849.082763671875,606.9696044921875,919.8682861328125,793.7926635742188,0.7687738537788391,1
gameRG/Clip1,163,2,player_top,995.1861572265625,313.6160583496094,968.1182250976562,226.0985870361328,1022.2540283203125,313.6160583496094,0.41773855686187744,1
gameRG/Clip1,164,1,player_bottom,883.3893432617188,798.8919067382812,847.6968994140625,606.990234375,919.081787109375,798.8919067382812,0.800548791885376,1
gameRG/Clip1,164,2,player_top,990.9580078125,313.6573079427083,963.8546142578125,225.6309051513672,1018.0613810221354,313.6573079427083,0.4121875762939453,1
gameRG/Clip1,165,1,player_bottom,885.7811279296875,803.2125244140625,850.4268188476562,608.0214233398438,921.1353759765625,803.2125244140625,0.8087975382804871,1
gameRG/Clip1,165,2,player_top,986.7298583984375,313.6985575358073,959.5910034179688,225.16322326660156,1013.8687337239584,313.6985575358073,0.4066365957260132,1
gameRG/Clip1,166,1,player_bottom,889.7532958984375,806.3989868164062,854.5591430664062,608.5228271484375,924.9473876953125,806.3989868164062,0.8140099048614502,1
gameRG/Clip1,166,2,player_top,982.501708984375,313.73980712890625,955.327392578125,224.69554138183594,1009.6760864257812,313.73980712890625,0.40108561515808105,1
gameRG/Clip1,167,1,player_bottom,895.286376953125,811.4144287109375,859.4791259765625,609.4971923828125,931.0935668945312,811.4144287109375,0.8459116220474243,1
gameRG/Clip1,167,2,player_top,978.2314453125,314.96282958984375,950.0782470703125,223.7427978515625,1006.3845825195312,314.96282958984375,0.41824740171432495,1
gameRG/Clip1,168,1,player_bottom,902.0196533203125,810.9530639648438,865.6682739257812,608.7171020507812,938.3710327148438,810.9530639648438,0.8255096673965454,1
gameRG/Clip1,168,2,player_top,973.870849609375,314.6800231933594,945.0899353027344,223.04876708984375,1002.6517639160156,314.6800231933594,0.41614362597465515,1
gameRG/Clip1,169,1,player_bottom,907.439697265625,810.6141357421875,870.3822631835938,609.486572265625,944.4970703125,810.6141357421875,0.8598346710205078,1
gameRG/Clip1,169,2,player_top,969.51025390625,314.397216796875,940.1016235351562,222.354736328125,998.9189453125,314.397216796875,0.41403985023498535,1
gameRG/Clip1,170,1,player_bottom,906.528076171875,810.197021484375,869.1837158203125,609.8658447265625,943.8724365234375,810.197021484375,0.7939864993095398,1
gameRG/Clip1,170,2,player_top,964.6053466796875,314.72710673014325,935.0411987304688,222.42099253336588,994.1695353190104,314.72710673014325,0.41077182193597156,1
gameRG/Clip1,171,1,player_bottom,913.4490966796875,809.8062744140625,874.879638671875,611.0263671875,952.0184936523438,809.8062744140625,0.8271620869636536,1
gameRG/Clip1,171,2,player_top,959.700439453125,315.05699666341144,929.9807739257812,222.48724873860678,989.4201253255209,315.05699666341144,0.4075037936369578,1
gameRG/Clip1,172,1,player_bottom,916.1651000976562,810.0099487304688,876.2421264648438,611.3825073242188,956.0880737304688,810.0099487304688,0.8398365378379822,1
gameRG/Clip1,172,2,player_top,954.7955322265625,315.3868865966797,924.9203491210938,222.55350494384766,984.6707153320312,315.3868865966797,0.40423576533794403,1
gameRG/Clip1,173,1,player_bottom,917.8084716796875,809.9959716796875,876.6959838867188,610.9664916992188,958.9210205078125,809.9959716796875,0.794902503490448,1
gameRG/Clip1,173,2,player_top,949.890625,315.71677652994794,919.8599243164062,222.61976114908853,979.9213053385416,315.71677652994794,0.40096773703893024,1
gameRG/Clip1,174,1,player_bottom,917.984375,810.0421142578125,875.576171875,609.8160400390625,960.3926391601562,810.0421142578125,0.5857161283493042,1
gameRG/Clip1,174,2,player_top,944.9857177734375,316.0466664632161,914.7994995117188,222.68601735432944,975.1718953450521,316.0466664632161,0.3976997087399165,1
gameRG/Clip1,175,1,player_bottom,917.0445556640625,809.3995971679688,873.665771484375,609.295654296875,960.42333984375,809.3995971679688,0.8534998297691345,1
gameRG/Clip1,175,2,player_top,940.080810546875,316.3765563964844,909.7390747070312,222.7522735595703,970.4224853515625,316.3765563964844,0.3944316804409027,1
gameRG/Clip1,176,1,player_bottom,904.8260498046875,808.9988403320312,862.4132690429688,608.7420043945312,947.23876953125,808.9988403320312,0.6890026330947876,1
gameRG/Clip1,176,2,player_top,923.3558959960938,317.358642578125,894.7238159179688,222.83697509765625,951.9879760742188,317.358642578125,0.514779806137085,1
gameRG/Clip1,177,1,player_bottom,901.8787841796875,807.7758178710938,859.7900390625,608.1602172851562,943.9675903320312,807.7758178710938,0.6205431818962097,1
gameRG/Clip1,177,2,player_top,915.188232421875,317.779541015625,888.2083740234375,224.6386260986328,942.1681518554688,317.779541015625,0.48951849341392517,1
gameRG/Clip1,178,1,player_bottom,912.4713134765625,805.9212646484375,870.1766967773438,607.4223022460938,954.7659301757812,805.9212646484375,0.7702819108963013,1
gameRG/Clip1,178,2,player_top,910.5589294433594,317.3016052246094,884.214111328125,225.32537078857422,936.9037780761719,317.3016052246094,0.437542587518692,1
gameRG/Clip1,179,1,player_bottom,916.8546142578125,805.1080932617188,874.517578125,607.1080322265625,959.191650390625,805.1080932617188,0.7829996943473816,1
gameRG/Clip1,179,2,player_top,905.9296264648438,316.82366943359375,880.2198486328125,226.01211547851562,931.639404296875,316.82366943359375,0.38556668162345886,1
gameRG/Clip1,180,1,player_bottom,919.7234497070312,791.8857421875,880.5617065429688,609.57861328125,958.8851928710938,791.8857421875,0.8125971555709839,1
gameRG/Clip1,180,2,player_top,901.0741882324219,315.721923828125,875.6077575683594,227.49244689941406,926.5406494140625,315.721923828125,0.5152584761381149,1
gameRG/Clip1,181,1,player_bottom,919.5989990234375,782.19482421875,881.9945068359375,608.3999633789062,957.2034912109375,782.19482421875,0.8109650611877441,1
gameRG/Clip1,181,2,player_top,896.21875,314.62017822265625,870.9956665039062,228.9727783203125,921.44189453125,314.62017822265625,0.644950270652771,1
gameRG/Clip1,182,1,player_bottom,923.834716796875,777.6563720703125,886.9066162109375,607.999755859375,960.7627563476562,777.6563720703125,0.8276124596595764,1
gameRG/Clip1,182,2,player_top,889.0073852539062,314.5970153808594,861.0751953125,225.18356323242188,916.9395751953125,314.5970153808594,0.7716163396835327,1
gameRG/Clip1,183,1,player_bottom,925.3719482421875,776.4881591796875,888.4296875,607.58203125,962.3142700195312,776.4881591796875,0.8114988207817078,1
gameRG/Clip1,183,2,player_top,883.9002685546875,314.6797180175781,854.2891235351562,225.90066528320312,913.511474609375,314.6797180175781,0.7232136726379395,1
gameRG/Clip1,184,1,player_bottom,926.0335083007812,775.193359375,889.23876953125,607.7392578125,962.8282470703125,775.193359375,0.8439472913742065,1
gameRG/Clip1,184,2,player_top,881.23583984375,314.0215759277344,849.8264770507812,224.3768310546875,912.6451416015625,314.0215759277344,0.5005266666412354,1
gameRG/Clip1,185,1,player_bottom,925.7517700195312,775.2969360351562,888.699951171875,607.8709106445312,962.8035888671875,775.2969360351562,0.8295512199401855,1
gameRG/Clip1,185,2,player_top,874.005859375,313.8628234863281,840.4774169921875,223.89663696289062,907.5342407226562,313.8628234863281,0.46993571519851685,1
gameRG/Clip1,186,1,player_bottom,925.8890380859375,775.7588500976562,888.54638671875,607.877197265625,963.2317504882812,775.7588500976562,0.8492923974990845,1
gameRG/Clip1,186,2,player_top,865.9314086914062,313.3292541503906,831.7111572265625,223.75755615234374,900.151611328125,313.3292541503906,0.452653968334198,1
gameRG/Clip1,187,1,player_bottom,926.87646484375,775.9002685546875,889.4514770507812,607.982666015625,964.3013916015625,775.9002685546875,0.8521586656570435,1
gameRG/Clip1,187,2,player_top,857.8569580078125,312.7956848144531,822.9448974609375,223.61847534179688,892.7689819335938,312.7956848144531,0.43537222146987914,1
gameRG/Clip1,188,1,player_bottom,926.40234375,776.235595703125,888.60595703125,607.0037841796875,964.1986694335938,776.235595703125,0.8535493612289429,1
gameRG/Clip1,188,2,player_top,849.7825073242187,312.2621154785156,814.1786376953125,223.47939453125,885.3863525390625,312.2621154785156,0.4180904746055603,1
gameRG/Clip1,189,1,player_bottom,925.7666015625,775.815185546875,887.7833862304688,606.0510864257812,963.7498168945312,775.815185546875,0.8486832976341248,1
gameRG/Clip1,189,2,player_top,841.708056640625,311.7285461425781,805.4123779296875,223.34031372070314,878.0037231445312,311.7285461425781,0.40080872774124143,1
gameRG/Clip1,190,1,player_bottom,924.4949340820312,775.2617797851562,885.8285522460938,602.8392944335938,963.1613159179688,775.2617797851562,0.8558580279350281,1
gameRG/Clip1,190,2,player_top,833.6336059570312,311.1949768066406,796.6461181640625,223.20123291015625,870.62109375,311.1949768066406,0.3835269808769226,1
gameRG/Clip1,191,1,player_bottom,923.045654296875,774.17431640625,883.6543579101562,599.7518310546875,962.4369506835938,774.17431640625,0.8561444878578186,1
gameRG/Clip1,191,2,player_top,827.9213562011719,310.8320083618164,791.0402984619141,222.63525772094727,864.8024139404297,310.8320083618164,0.4363147169351578,1
gameRG/Clip1,192,1,player_bottom,922.7714233398438,771.2588500976562,883.1952514648438,596.2220458984375,962.3475952148438,771.2588500976562,0.8439168930053711,1
gameRG/Clip1,192,2,player_top,822.2091064453125,310.4690399169922,785.4344787597656,222.06928253173828,858.9837341308594,310.4690399169922,0.48910245299339294,1
gameRG/Clip1,193,1,player_bottom,923.6324462890625,770.7224731445312,883.663818359375,594.1502685546875,963.60107421875,770.7224731445312,0.8458351492881775,1
gameRG/Clip1,193,2,player_top,816.4968566894531,310.10607147216797,779.8286590576172,221.5033073425293,853.1650543212891,310.10607147216797,0.5418901890516281,1
gameRG/Clip1,194,1,player_bottom,922.9078369140625,769.705078125,882.3993530273438,592.2869262695312,963.416259765625,769.705078125,0.8585857152938843,1
gameRG/Clip1,194,2,player_top,810.7846069335938,309.74310302734375,774.2228393554688,220.9373321533203,847.3463745117188,309.74310302734375,0.5946779251098633,1
gameRG/Clip1,195,1,player_bottom,921.771728515625,768.0994262695312,880.8302001953125,589.881103515625,962.7132568359375,768.0994262695312,0.8564704060554504,1
gameRG/Clip1,195,2,player_top,805.9837646484375,311.34283447265625,770.3193359375,221.8311004638672,841.648193359375,311.34283447265625,0.5673599243164062,1
gameRG/Clip1,196,1,player_bottom,919.9388427734375,764.7987060546875,878.76416015625,586.3456420898438,961.1134643554688,764.7987060546875,0.8117790222167969,1
gameRG/Clip1,196,2,player_top,799.1629305752841,312.0650662508878,763.1874001242898,221.92008833451703,835.138466574929,312.0650662508878,0.5622135509144176,1
gameRG/Clip1,197,1,player_bottom,918.878662109375,752.61572265625,879.4373779296875,583.2522583007812,958.3199462890625,752.61572265625,0.7869101762771606,1
gameRG/Clip1,197,2,player_top,792.3420965021306,312.7872980291193,756.0554643110795,222.0090762051669,828.628739790483,312.7872980291193,0.557067177512429,1
gameRG/Clip1,198,1,player_bottom,917.060546875,743.5198974609375,878.9910888671875,580.9091186523438,955.1300659179688,743.5198974609375,0.8595139980316162,1
gameRG/Clip1,198,2,player_top,785.5212624289773,313.5095298073509,748.9235284978694,222.09806407581675,822.1190130060369,313.5095298073509,0.5519208041104403,1
gameRG/Clip1,199,1,player_bottom,916.7549438476562,742.6399536132812,878.1065063476562,577.9697875976562,955.4033813476562,742.6399536132812,0.8672328591346741,1
gameRG/Clip1,199,2,player_top,778.7004283558239,314.2317615855824,741.7915926846591,222.18705194646662,815.6092862215909,314.2317615855824,0.5467744307084517,1
gameRG/Clip1,200,1,player_bottom,915.0045776367188,739.4185180664062,876.5258178710938,575.8267211914062,953.4833374023438,739.4185180664062,0.8741528987884521,1
gameRG/Clip1,200,2,player_top,771.8795942826705,314.95399336381394,734.6596568714489,222.27603981711647,809.0995594371449,314.95399336381394,0.541628057306463,1
gameRG/Clip1,201,1,player_bottom,912.3187255859375,733.8787231445312,875.0520629882812,574.7275390625,949.5853881835938,733.8787231445312,0.8912140130996704,1
gameRG/Clip1,201,2,player_top,765.058760209517,315.67622514204544,727.5277210582386,222.36502768776634,802.5898326526989,315.67622514204544,0.5364816839044745,1
gameRG/Clip1,202,1,player_bottom,910.5064697265625,730.8621826171875,873.5584106445312,572.21142578125,947.4545288085938,730.8621826171875,0.8944734334945679,1
gameRG/Clip1,202,2,player_top,758.2379261363636,316.398456920277,720.3957852450284,222.4540155584162,796.0801058682529,316.398456920277,0.5313353105024858,1
gameRG/Clip1,203,1,player_bottom,909.3291015625,728.6100463867188,872.3482666015625,569.0537719726562,946.3099975585938,728.6100463867188,0.8994147181510925,1
gameRG/Clip1,203,2,player_top,751.4170920632102,317.1206886985085,713.2638494318181,222.54300342906606,789.5703790838069,317.1206886985085,0.5261889371004972,1
gameRG/Clip1,204,1,player_bottom,909.868408203125,724.8720703125,872.7435913085938,563.6630859375,946.9931640625,724.8720703125,0.8949515223503113,1
gameRG/Clip1,204,2,player_top,744.5962579900569,317.84292047674006,706.131913618608,222.6319912997159,783.0606522993608,317.84292047674006,0.5210425636985085,1
gameRG/Clip1,205,1,player_bottom,909.4046020507812,723.215087890625,872.4177856445312,561.6986694335938,946.3914184570312,723.215087890625,0.8939013481140137,1
gameRG/Clip1,205,2,player_top,737.7754239169034,318.56515225497157,698.9999778053977,222.72097917036578,776.5509255149148,318.56515225497157,0.5158961902965199,1
gameRG/Clip1,206,1,player_bottom,909.3052978515625,722.6304321289062,872.2259521484375,560.0108032226562,946.3845825195312,722.6304321289062,0.9006527662277222,1
gameRG/Clip1,206,2,player_top,730.95458984375,319.2873840332031,691.8680419921875,222.80996704101562,770.0411987304688,319.2873840332031,0.5107498168945312,1
gameRG/Clip1,207,1,player_bottom,908.9569091796875,721.75390625,871.9464721679688,559.15771484375,945.96728515625,721.75390625,0.8994225263595581,1
gameRG/Clip1,207,2,player_top,723.8427530924479,319.53521219889325,685.6437174479166,223.55960083007812,762.0418395996094,319.53521219889325,0.5128080050150553,1
gameRG/Clip1,208,1,player_bottom,908.5892333984375,717.8749389648438,872.2830200195312,558.9209594726562,944.8953857421875,717.8749389648438,0.8953784108161926,1
gameRG/Clip1,208,2,player_top,716.7309163411459,319.7830403645833,679.4193929036459,224.30923461914062,754.04248046875,319.7830403645833,0.5148661931355795,1
gameRG/Clip1,209,1,player_bottom,907.2186279296875,712.4183349609375,871.4541625976562,558.6292724609375,942.9830322265625,712.4183349609375,0.8795970678329468,1
gameRG/Clip1,209,2,player_top,709.6190795898438,320.03086853027344,673.195068359375,225.05886840820312,746.0431213378906,320.03086853027344,0.5169243812561035,1
gameRG/Clip1,210,1,player_bottom,904.5040893554688,707.5570678710938,869.0037231445312,558.6279296875,940.0044555664062,707.5570678710938,0.8660408854484558,1
gameRG/Clip1,210,2,player_top,702.5072428385416,320.27869669596356,666.9707438151041,225.80850219726562,738.0437622070312,320.27869669596356,0.5189825693766276,1
gameRG/Clip1,211,1,player_bottom,903.171875,707.2532348632812,866.598388671875,558.7775268554688,939.745361328125,707.2532348632812,0.8939116597175598,1
gameRG/Clip1,211,2,player_top,695.3954060872396,320.5265248616536,660.7464192708334,226.55813598632812,730.0444030761719,320.5265248616536,0.5210407574971517,1
gameRG/Clip1,212,1,player_bottom,900.842529296875,706.05322265625,863.1245727539062,558.861572265625,938.560546875,706.05322265625,0.890673816204071,1
gameRG/Clip1,212,2,player_top,688.2835693359375,320.77435302734375,654.5220947265625,227.30776977539062,722.0450439453125,320.77435302734375,0.5230989456176758,1
gameRG/Clip1,213,1,player_bottom,899.253662109375,704.589111328125,860.37255859375,558.8982543945312,938.1347045898438,704.589111328125,0.8586437702178955,1
gameRG/Clip1,213,2,player_top,682.5185546875,320.18438720703125,651.7511596679688,229.4073944091797,713.2860107421875,320.18438720703125,0.4572964608669281,1
gameRG/Clip1,214,1,player_bottom,897.7828979492188,704.4002075195312,857.301025390625,558.9782104492188,938.2647705078125,704.4002075195312,0.8911789059638977,1
gameRG/Clip1,214,2,player_top,676.93115234375,320.1390686035156,647.5216674804688,229.16177368164062,706.3406372070312,320.1390686035156,0.572877824306488,1
gameRG/Clip1,215,1,player_bottom,896.367431640625,702.4241943359375,854.8081665039062,559.0728149414062,937.9266967773438,702.4241943359375,0.7872234582901001,1
gameRG/Clip1,215,2,player_top,671.9038696289062,320.601806640625,644.6078491210938,233.18919372558594,699.1998901367188,320.601806640625,0.433601438999176,1
gameRG/Clip1,216,1,player_bottom,898.6831665039062,701.6641235351562,855.37109375,558.8788452148438,941.9952392578125,701.6641235351562,0.8806717395782471,1
gameRG/Clip1,216,2,player_top,665.415283203125,320.5600077311198,637.7716471354166,231.98523457845053,693.0589396158854,320.5600077311198,0.4988863269488017,1
gameRG/Clip1,217,1,player_bottom,896.83203125,701.9986572265625,851.877197265625,559.0481567382812,941.7869262695312,701.9986572265625,0.6479194164276123,1
gameRG/Clip1,217,2,player_top,658.9266967773438,320.51820882161456,630.9354451497396,230.7812754313151,686.9179890950521,320.51820882161456,0.5641712148984274,1
gameRG/Clip1,218,1,player_bottom,896.71337890625,700.9689331054688,850.380859375,559.2093505859375,943.0459594726562,700.9689331054688,0.5084660053253174,1
gameRG/Clip1,218,2,player_top,652.4381103515625,320.4764099121094,624.0992431640625,229.5773162841797,680.7770385742188,320.4764099121094,0.629456102848053,1
gameRG/Clip1,219,1,player_bottom,896.7503662109375,699.5607299804688,849.2315673828125,559.1197509765625,944.2691040039062,699.5607299804688,0.781135082244873,1
gameRG/Clip1,219,2,player_top,647.662109375,321.0757751464844,618.9855346679688,229.21624755859375,676.3386840820312,321.0757751464844,0.42124220728874207,1
gameRG/Clip1,220,1,player_bottom,898.1939086914062,696.4234619140625,850.0706176757812,559.1339111328125,946.3171997070312,696.4234619140625,0.7850330471992493,1
gameRG/Clip1,220,2,player_top,641.89208984375,313.5592956542969,615.9462890625,230.4501953125,667.8378295898438,313.5592956542969,0.37712031602859497,1
gameRG/Clip1,221,1,player_bottom,881.8818359375,692.9445190429688,835.583740234375,559.245361328125,928.179931640625,692.9445190429688,0.36121413111686707,1
gameRG/Clip1,221,2,player_top,635.127197265625,312.91522216796875,610.270263671875,233.0908966064453,659.9840698242188,312.91522216796875,0.47568121552467346,1
gameRG/Clip1,222,1,player_bottom,892.8468017578125,693.2692260742188,844.485107421875,559.2669677734375,941.20849609375,693.2692260742188,0.47009846568107605,1
gameRG/Clip1,222,2,player_top,630.3294677734375,317.8448181152344,603.578369140625,231.58193969726562,657.0806274414062,317.8448181152344,0.46225184202194214,1
gameRG/Clip1,223,1,player_bottom,896.773193359375,693.3074340820312,845.8116455078125,556.6627197265625,947.7348022460938,693.3074340820312,0.6864492893218994,1
gameRG/Clip1,223,2,player_top,623.4281005859375,311.50885009765625,599.7247924804688,233.6970672607422,647.1314697265625,311.50885009765625,0.3738197982311249,1
gameRG/Clip1,224,1,player_bottom,896.657958984375,691.253662109375,844.4512329101562,555.5700073242188,948.86474609375,691.253662109375,0.6276039481163025,1
gameRG/Clip1,224,2,player_top,620.4703369140625,317.0083312988281,595.41064453125,233.93055725097656,645.5300903320312,317.0083312988281,0.44417187571525574,1
gameRG/Clip1,225,1,player_bottom,896.3141479492188,692.1192016601562,841.7694091796875,553.8214721679688,950.85888671875,692.1192016601562,0.5092095136642456,1
gameRG/Clip1,225,2,player_top,617.535400390625,319.67242431640625,592.7108764648438,236.3565673828125,642.3599853515625,319.67242431640625,0.42048540711402893,1
gameRG/Clip1,226,1,player_bottom,896.9461669921875,693.2496337890625,839.09619140625,549.3587646484375,954.796142578125,693.2496337890625,0.8572409152984619,1
gameRG/Clip1,226,2,player_top,613.8119506835938,320.0184020996094,588.7718200683594,235.22820281982422,638.8521118164062,320.0184020996094,0.4061669856309891,1
gameRG/Clip1,227,1,player_bottom,890.4326782226562,690.50537109375,832.9165649414062,548.9193725585938,947.9487915039062,690.50537109375,0.7458619475364685,1
gameRG/Clip1,227,2,player_top,610.0885009765625,320.3643798828125,584.832763671875,234.09983825683594,635.34423828125,320.3643798828125,0.3918485641479492,1
gameRG/Clip1,228,1,player_bottom,869.204345703125,688.5328369140625,813.4981079101562,548.8235473632812,924.9105834960938,688.5328369140625,0.53997403383255,1
gameRG/Clip1,228,2,player_top,597.722412109375,321.501953125,571.2325439453125,234.65359497070312,624.2122192382812,321.501953125,0.7864911556243896,1
gameRG/Clip1,229,1,player_bottom,878.7513427734375,688.712646484375,821.6520385742188,547.1730346679688,935.8507080078125,688.712646484375,0.5584073662757874,1
gameRG/Clip1,229,2,player_top,590.460693359375,321.5677490234375,563.4754028320312,236.0749053955078,617.4459838867188,321.5677490234375,0.7776135206222534,1
gameRG/Clip1,230,1,player_bottom,875.1290283203125,688.078125,816.3270263671875,544.00390625,933.9310302734375,688.078125,0.7714837193489075,1
gameRG/Clip1,230,2,player_top,585.1514892578125,321.52801513671875,557.0368041992188,234.74267578125,613.2662353515625,321.52801513671875,0.8032161593437195,1
gameRG/Clip1,231,1,player_bottom,873.8824462890625,687.7725219726562,814.5986938476562,542.8364868164062,933.166259765625,687.7725219726562,0.5586718320846558,1
gameRG/Clip1,231,2,player_top,580.8446044921875,321.27850341796875,552.6759033203125,236.65504455566406,609.0133056640625,321.27850341796875,0.7767928242683411,1
gameRG/Clip1,232,1,player_bottom,873.8494873046875,687.3268432617188,814.9345703125,542.2354736328125,932.764404296875,687.3268432617188,0.8325536847114563,1
gameRG/Clip1,232,2,player_top,578.1866455078125,321.35394287109375,549.6953125,237.82118225097656,606.677978515625,321.35394287109375,0.7376121282577515,1
gameRG/Clip1,233,1,player_bottom,859.7392578125,686.783447265625,803.58056640625,542.3637084960938,915.8978881835938,686.783447265625,0.6244528889656067,1
gameRG/Clip1,233,2,player_top,575.5923461914062,321.5344543457031,545.9083862304688,235.45123291015625,605.2763061523438,321.5344543457031,0.806662917137146,1
gameRG/Clip1,234,1,player_bottom,864.34033203125,686.6846923828125,807.8258056640625,540.2313232421875,920.8548583984375,686.6846923828125,0.8570191264152527,1
gameRG/Clip1,234,2,player_top,573.2777099609375,321.96368408203125,542.58837890625,233.84410095214844,603.9669799804688,321.96368408203125,0.7465116381645203,1
gameRG/Clip1,235,1,player_bottom,863.6514892578125,686.00390625,807.7838134765625,539.12744140625,919.5191650390625,686.00390625,0.8598129153251648,1
gameRG/Clip1,235,2,player_top,570.8380126953125,321.86651611328125,539.5286865234375,232.79005432128906,602.1473999023438,321.86651611328125,0.8098821043968201,1
gameRG/Clip1,236,1,player_bottom,860.1660766601562,686.0355224609375,802.7582397460938,532.6893920898438,917.5739135742188,686.0355224609375,0.8776541948318481,1
gameRG/Clip1,236,2,player_top,568.2224731445312,322.79742431640625,536.1553344726562,231.90037536621094,600.2896118164062,322.79742431640625,0.8132079839706421,1
gameRG/Clip1,237,1,player_bottom,858.47314453125,686.0275268554688,801.2545776367188,529.5256958007812,915.6917114257812,686.0275268554688,0.8826630711555481,1
gameRG/Clip1,237,2,player_top,566.4765625,323.443115234375,534.1298828125,232.3043212890625,598.8233032226562,323.443115234375,0.8153316378593445,1
gameRG/Clip1,238,1,player_bottom,855.0596923828125,685.612060546875,799.0983276367188,527.9575805664062,911.0210571289062,685.612060546875,0.8628049492835999,1
gameRG/Clip1,238,2,player_top,564.840576171875,323.1927795410156,532.4442749023438,232.30419921875,597.23681640625,323.1927795410156,0.8284475207328796,1
gameRG/Clip1,239,1,player_bottom,852.5145874023438,685.3200073242188,798.078857421875,527.0540771484375,906.9503173828125,685.3200073242188,0.8601024150848389,1
gameRG/Clip1,239,2,player_top,563.3896484375,323.1335754394531,530.374267578125,230.38153076171875,596.4050903320312,323.1335754394531,0.8308658003807068,1
gameRG/Clip1,240,1,player_bottom,844.6351318359375,687.320556640625,789.7323608398438,523.1851806640625,899.537841796875,687.320556640625,0.8486990928649902,1
gameRG/Clip1,240,2,player_top,561.8868713378906,322.85626220703125,528.2359619140625,228.0919418334961,595.5378112792969,322.85626220703125,0.8046253323554993,1
gameRG/Clip1,241,1,player_bottom,842.9290771484375,688.1041870117188,788.7557373046875,519.357177734375,897.1024169921875,688.1041870117188,0.8396124243736267,1
gameRG/Clip1,241,2,player_top,560.3840942382812,322.5789489746094,526.09765625,225.80235290527344,594.6705322265625,322.5789489746094,0.7783848643302917,1
gameRG/Clip1,242,1,player_bottom,839.4884033203125,688.3304443359375,786.50048828125,516.31201171875,892.4762573242188,688.3304443359375,0.8604454398155212,1
gameRG/Clip1,242,2,player_top,559.8580932617188,321.79840087890625,525.7186889648438,225.02281188964844,593.9974975585938,321.79840087890625,0.8095002174377441,1
gameRG/Clip1,243,1,player_bottom,838.3843994140625,687.9149169921875,787.1825561523438,514.4273681640625,889.586181640625,687.9149169921875,0.8703970313072205,1
gameRG/Clip1,243,2,player_top,559.1470336914062,321.9659118652344,525.10595703125,224.90431213378906,593.1881103515625,321.9659118652344,0.7880514860153198,1
gameRG/Clip1,244,1,player_bottom,837.9615478515625,687.8395385742188,788.5119018554688,512.479248046875,887.4111938476562,687.8395385742188,0.8442588448524475,1
gameRG/Clip1,244,2,player_top,558.5570068359375,322.16070556640625,524.70703125,224.95729064941406,592.4069213867188,322.16070556640625,0.7948980927467346,1
gameRG/Clip1,245,1,player_bottom,837.2965698242188,687.217041015625,789.8500366210938,511.7735900878906,884.7431030273438,687.217041015625,0.8525376319885254,1
gameRG/Clip1,245,2,player_top,558.4396362304688,322.1134948730469,524.9139404296875,225.2937774658203,591.96533203125,322.1134948730469,0.7639312148094177,1
gameRG/Clip1,246,1,player_bottom,836.1904296875,687.5226440429688,790.29443359375,511.31097412109375,882.08642578125,687.5226440429688,0.8389677405357361,1
gameRG/Clip1,246,2,player_top,558.28515625,322.08709716796875,524.92919921875,224.9212646484375,591.64111328125,322.08709716796875,0.7426213622093201,1
gameRG/Clip1,247,1,player_bottom,836.3295288085938,687.30029296875,792.2658081054688,511.1053466796875,880.3932495117188,687.30029296875,0.8408390283584595,1
gameRG/Clip1,247,2,player_top,558.8857421875,322.37420654296875,526.104248046875,225.3117218017578,591.667236328125,322.37420654296875,0.6533401012420654,1
gameRG/Clip1,248,1,player_bottom,836.50732421875,686.1873779296875,794.201904296875,510.977294921875,878.8128051757812,686.1873779296875,0.8281552195549011,1
gameRG/Clip1,248,2,player_top,558.10400390625,321.5877380371094,525.6355590820312,224.59542846679688,590.572509765625,321.5877380371094,0.7039245367050171,1
gameRG/Clip1,249,1,player_bottom,837.530029296875,685.0534057617188,797.0173950195312,511.4337463378906,878.042724609375,685.0534057617188,0.8189331293106079,1
gameRG/Clip1,249,2,player_top,557.251220703125,321.0668029785156,525.3280029296875,224.84909057617188,589.1744995117188,321.0668029785156,0.7111787796020508,1
gameRG/Clip2,0,25,player_bottom,1431.3193359375,1045.4481201171875,1376.80126953125,802.297607421875,1485.8372802734375,1045.4481201171875,0.8787423372268677,1
gameRG/Clip2,0,26,player_top,819.697509765625,334.29730224609375,800.322021484375,211.2530517578125,839.0730590820312,334.29730224609375,0.7392735481262207,1
gameRG/Clip2,1,25,player_bottom,1431.3193359375,1045.4481201171875,1376.80126953125,802.297607421875,1485.8372802734375,1045.4481201171875,0.8787423372268677,1
gameRG/Clip2,1,26,player_top,819.697509765625,334.29730224609375,800.322021484375,211.2530517578125,839.0730590820312,334.29730224609375,0.7392735481262207,1
gameRG/Clip2,2,25,player_bottom,1433.392578125,1044.9251708984375,1379.0535888671875,802.427001953125,1487.7314453125,1044.9251708984375,0.8836100697517395,1
gameRG/Clip2,2,26,player_top,820.2135620117188,334.27606201171875,800.647705078125,209.97598266601562,839.7794189453125,334.27606201171875,0.7831858396530151,1
gameRG/Clip2,3,25,player_bottom,1435.37890625,1044.7298583984375,1381.2481689453125,802.7479858398438,1489.509765625,1044.7298583984375,0.88332200050354,1
gameRG/Clip2,3,26,player_top,820.6563720703125,334.1435546875,801.3450927734375,211.47384643554688,839.9677124023438,334.1435546875,0.7903955578804016,1
gameRG/Clip2,4,25,player_bottom,1437.27783203125,1044.6905517578125,1383.38330078125,803.0418090820312,1491.17236328125,1044.6905517578125,0.8866688013076782,1
gameRG/Clip2,4,26,player_top,820.5036010742188,334.7720642089844,801.219482421875,212.30081176757812,839.7877197265625,334.7720642089844,0.7763415575027466,1
gameRG/Clip2,5,25,player_bottom,1437.550537109375,1044.785888671875,1383.9091796875,803.474853515625,1491.1920166015625,1044.785888671875,0.8852682709693909,1
gameRG/Clip2,5,26,player_top,820.3942260742188,334.6178894042969,803.1033325195312,225.66383361816406,837.6851196289062,334.6178894042969,0.7423334121704102,1
gameRG/Clip2,6,25,player_bottom,1437.615478515625,1044.7796630859375,1384.2227783203125,803.7482299804688,1491.008056640625,1044.7796630859375,0.8778693675994873,1
gameRG/Clip2,6,26,player_top,820.2086791992188,334.5704040527344,802.1780395507812,221.1795196533203,838.2393188476562,334.5704040527344,0.7738962173461914,1
gameRG/Clip2,7,25,player_bottom,1437.251220703125,1045.2982177734375,1383.83154296875,803.1354370117188,1490.6708984375,1045.2982177734375,0.8798907399177551,1
gameRG/Clip2,7,26,player_top,820.3827514648438,334.458740234375,801.8507080078125,217.92919921875,838.914794921875,334.458740234375,0.7690890431404114,1
gameRG/Clip2,8,25,player_bottom,1436.356689453125,1045.43115234375,1382.937744140625,802.2427978515625,1489.7755126953125,1045.43115234375,0.8695694804191589,1
gameRG/Clip2,8,26,player_top,820.785888671875,335.1558532714844,802.3087158203125,219.50559997558594,839.2630615234375,335.1558532714844,0.7457854747772217,1
gameRG/Clip2,9,25,player_bottom,1435.536865234375,1045.1248779296875,1382.1162109375,801.1083374023438,1488.9573974609375,1045.1248779296875,0.871772825717926,1
gameRG/Clip2,9,26,player_top,820.89599609375,335.54034423828125,804.26318359375,233.23731994628906,837.5287475585938,335.54034423828125,0.7837877869606018,1
gameRG/Clip2,10,25,player_bottom,1430.550048828125,1038.182861328125,1378.795166015625,800.1445922851562,1482.3050537109375,1038.182861328125,0.8439903855323792,1
gameRG/Clip2,10,26,player_top,820.8896484375,335.6279602050781,804.872802734375,239.11180114746094,836.906494140625,335.6279602050781,0.7955400347709656,1
gameRG/Clip2,11,25,player_bottom,1427.75732421875,1031.7529296875,1376.9393310546875,797.2002563476562,1478.5751953125,1031.7529296875,0.8471974730491638,1
gameRG/Clip2,11,26,player_top,820.55419921875,335.712890625,804.5718994140625,240.93035888671875,836.5364379882812,335.712890625,0.7981420755386353,1
gameRG/Clip2,12,25,player_bottom,1426.1669921875,1027.2557373046875,1375.5828857421875,793.5947265625,1476.751220703125,1027.2557373046875,0.8162139058113098,1
gameRG/Clip2,12,26,player_top,821.6036376953125,334.7944030761719,805.3721313476562,237.88865661621094,837.835205078125,334.7944030761719,0.5542605519294739,1
gameRG/Clip2,13,25,player_bottom,1424.9482421875,1021.8497924804688,1374.836181640625,790.0325927734375,1475.0604248046875,1021.8497924804688,0.8552569150924683,1
gameRG/Clip2,13,26,player_top,823.1306762695312,334.5792236328125,805.9847412109375,232.21092224121094,840.276611328125,334.5792236328125,0.7088841199874878,1
gameRG/Clip2,14,25,player_bottom,1424.3662109375,1015.216064453125,1374.945068359375,786.6696166992188,1473.7872314453125,1015.216064453125,0.8400707244873047,1
gameRG/Clip2,14,26,player_top,824.3438110351562,334.00054931640625,807.1371459960938,232.07711791992188,841.5504760742188,334.00054931640625,0.6856155395507812,1
gameRG/Clip2,15,25,player_bottom,1423.717041015625,1017.9198608398438,1373.1895751953125,784.6708984375,1474.244384765625,1017.9198608398438,0.8339543342590332,1
gameRG/Clip2,15,26,player_top,826.1948852539062,335.0776672363281,807.98046875,228.70262145996094,844.4093017578125,335.0776672363281,0.7475603818893433,1
gameRG/Clip2,16,25,player_bottom,1420.643798828125,1010.6627197265625,1371.3057861328125,783.2474365234375,1469.98193359375,1010.6627197265625,0.874285101890564,1
gameRG/Clip2,16,26,player_top,826.3477783203125,334.7193908691406,807.6142578125,227.29006958007812,845.081298828125,334.7193908691406,0.807720422744751,1
gameRG/Clip2,17,25,player_bottom,1418.2886962890625,1007.4432983398438,1368.96630859375,779.5977783203125,1467.611083984375,1007.4432983398438,0.8731289505958557,1
gameRG/Clip2,17,26,player_top,826.3206176757812,334.9227600097656,807.0435791015625,225.86932373046875,845.59765625,334.9227600097656,0.7689357995986938,1
gameRG/Clip2,18,25,player_bottom,1414.080810546875,1005.2717895507812,1364.5560302734375,774.4725952148438,1463.605712890625,1005.2717895507812,0.8770081996917725,1
gameRG/Clip2,18,26,player_top,826.264404296875,334.1370849609375,806.4979248046875,223.90499877929688,846.0308837890625,334.1370849609375,0.7731348872184753,1
gameRG/Clip2,19,25,player_bottom,1411.08056640625,1003.606201171875,1361.5855712890625,770.6847534179688,1460.5755615234375,1003.606201171875,0.874944269657135,1
gameRG/Clip2,19,26,player_top,825.7593383789062,333.7400817871094,805.640380859375,222.65127563476562,845.8782958984375,333.7400817871094,0.7591624855995178,1
gameRG/Clip2,20,25,player_bottom,1408.482421875,1000.3634033203125,1359.6248779296875,768.5120849609375,1457.33984375,1000.3634033203125,0.8809900283813477,1
gameRG/Clip2,20,26,player_top,825.4140625,333.41790771484375,804.6734008789062,219.27210998535156,846.1547241210938,333.41790771484375,0.7405250668525696,1
gameRG/Clip2,21,25,player_bottom,1406.03076171875,996.4168701171875,1358.1160888671875,767.3212280273438,1453.945556640625,996.4168701171875,0.8700762391090393,1
gameRG/Clip2,21,26,player_top,824.3468627929688,333.1124572753906,803.5938720703125,219.96588134765625,845.099853515625,333.1124572753906,0.7422791123390198,1
gameRG/Clip2,22,25,player_bottom,1404.868408203125,991.8162841796875,1358.0189208984375,766.6890869140625,1451.7177734375,991.8162841796875,0.8536113500595093,1
gameRG/Clip2,22,26,player_top,823.8175048828125,332.8558349609375,802.8814697265625,219.99842834472656,844.7535400390625,332.8558349609375,0.7269538640975952,1
gameRG/Clip2,23,25,player_bottom,1404.175537109375,986.1336669921875,1358.5506591796875,766.473388671875,1449.8004150390625,986.1336669921875,0.8589492440223694,1
gameRG/Clip2,23,26,player_top,823.2483520507812,332.5467834472656,802.3179931640625,221.3743438720703,844.1787109375,332.5467834472656,0.6591060757637024,1
gameRG/Clip2,24,25,player_bottom,1403.9150390625,977.90234375,1359.38330078125,764.14453125,1448.4468994140625,977.90234375,0.8260465264320374,1
gameRG/Clip2,24,26,player_top,821.5428466796875,326.943603515625,801.7656860351562,224.09210205078125,841.3199462890625,326.943603515625,0.40102365612983704,1
gameRG/Clip2,25,25,player_bottom,1403.882080078125,973.8529052734375,1359.79638671875,763.040771484375,1447.9678955078125,973.8529052734375,0.8490318655967712,1
gameRG/Clip2,25,26,player_top,820.9036865234375,326.6108093261719,800.82470703125,224.57981872558594,840.982666015625,326.6108093261719,0.5443940162658691,1
gameRG/Clip2,26,25,player_bottom,1404.1064453125,968.3153076171875,1360.7708740234375,762.6573486328125,1447.442138671875,968.3153076171875,0.8735005855560303,1
gameRG/Clip2,26,26,player_top,820.1668701171875,320.8671061197917,800.8881429036459,225.6305898030599,839.4455973307291,320.8671061197917,0.5509210824966431,1
gameRG/Clip2,27,25,player_bottom,1401.74951171875,964.23583984375,1358.4267578125,762.851806640625,1445.072265625,964.23583984375,0.8709856271743774,1
gameRG/Clip2,27,26,player_top,819.4300537109375,315.12340291341144,800.9515787760416,226.68136088053384,837.9085286458334,315.12340291341144,0.557448148727417,1
gameRG/Clip2,28,25,player_bottom,1398.333251953125,963.7886352539062,1354.190185546875,763.4277954101562,1442.476318359375,963.7886352539062,0.8674333691596985,1
gameRG/Clip2,28,26,player_top,818.6932373046875,309.37969970703125,801.0150146484375,227.7321319580078,836.3714599609375,309.37969970703125,0.5639752149581909,1
gameRG/Clip2,29,25,player_bottom,1392.7001953125,964.9883422851562,1346.784423828125,763.4531860351562,1438.6160888671875,964.9883422851562,0.8806272745132446,1
gameRG/Clip2,29,26,player_top,817.9552001953125,323.0928649902344,796.3734741210938,227.81320190429688,839.5369873046875,323.0928649902344,0.7064821124076843,1
gameRG/Clip2,30,25,player_bottom,1387.64306640625,966.5133056640625,1339.5301513671875,763.5921630859375,1435.7559814453125,966.5133056640625,0.8760373592376709,1
gameRG/Clip2,30,26,player_top,816.9190673828125,327.0831604003906,793.83935546875,228.8569793701172,839.9988403320312,327.0831604003906,0.377663254737854,1
gameRG/Clip2,31,25,player_bottom,1384.1982421875,966.5778198242188,1334.0960693359375,764.6458129882812,1434.300537109375,966.5778198242188,0.850100040435791,1
gameRG/Clip2,31,26,player_top,816.2622680664062,328.55364990234375,792.5913696289062,231.52783203125,839.9331665039062,328.55364990234375,0.36375412344932556,1
gameRG/Clip2,32,25,player_bottom,1382.7698974609375,963.8250122070312,1332.238525390625,769.9492797851562,1433.30126953125,963.8250122070312,0.8335541486740112,1
gameRG/Clip2,32,26,player_top,819.4208068847656,331.8868408203125,795.7838134765625,235.14546966552734,843.0578308105469,331.8868408203125,0.4655507951974869,1
gameRG/Clip2,33,25,player_bottom,1377.270751953125,962.5279541015625,1325.2847900390625,774.4561767578125,1429.2567138671875,962.5279541015625,0.8856953978538513,1
gameRG/Clip2,33,26,player_top,822.579345703125,335.22003173828125,798.9762573242188,238.7631072998047,846.1824951171875,335.22003173828125,0.5673474669456482,1
gameRG/Clip2,34,25,player_bottom,1375.135009765625,961.2677001953125,1321.3017578125,776.4564819335938,1428.9681396484375,961.2677001953125,0.8963295221328735,1
gameRG/Clip2,34,26,player_top,823.7800903320312,336.1775817871094,800.44873046875,241.2794647216797,847.1114501953125,336.1775817871094,0.6442727446556091,1
gameRG/Clip2,35,25,player_bottom,1374.15625,960.4143676757812,1318.601318359375,778.3598022460938,1429.711181640625,960.4143676757812,0.8950674533843994,1
gameRG/Clip2,35,26,player_top,824.2203369140625,335.46112060546875,801.13232421875,241.9111328125,847.308349609375,335.46112060546875,0.4004306197166443,1
gameRG/Clip2,36,25,player_bottom,1374.4317626953125,959.3158569335938,1316.9951171875,779.2572631835938,1431.868408203125,959.3158569335938,0.4724332094192505,1
gameRG/Clip2,36,26,player_top,822.2293701171875,335.2631022135417,799.3871053059896,244.42721557617188,845.0716552734375,335.2631022135417,0.3903406361738841,1
gameRG/Clip2,37,25,player_bottom,1358.4501953125,956.9139404296875,1301.6756591796875,779.2872924804688,1415.224853515625,956.9139404296875,0.6327226161956787,1
gameRG/Clip2,37,26,player_top,820.2384033203125,335.06508382161456,797.6418863932291,246.94329833984375,842.8349609375,335.06508382161456,0.38025065263112384,1
gameRG/Clip2,38,25,player_bottom,1351.662353515625,953.7994384765625,1295.92529296875,779.2821655273438,1407.3994140625,953.7994384765625,0.552511990070343,1
gameRG/Clip2,38,26,player_top,818.2474365234375,334.8670654296875,795.8966674804688,249.45938110351562,840.5982666015625,334.8670654296875,0.37016066908836365,1
gameRG/Clip2,39,25,player_bottom,1347.093994140625,951.0897827148438,1291.6572265625,776.6775512695312,1402.5308837890625,951.0897827148438,0.7294409275054932,1
gameRG/Clip2,39,26,player_top,816.948974609375,335.53924560546875,793.5673828125,250.2384490966797,840.33056640625,335.53924560546875,0.46469029784202576,1
gameRG/Clip2,40,25,player_bottom,1344.289794921875,949.177978515625,1288.8529052734375,773.2200317382812,1399.726806640625,949.177978515625,0.6258884072303772,1
gameRG/Clip2,40,26,player_top,820.55224609375,334.6999206542969,797.7233581542969,251.39508819580078,843.381103515625,334.6999206542969,0.41464775800704956,1
gameRG/Clip2,41,25,player_bottom,1341.6695556640625,947.9777221679688,1286.830810546875,772.3206787109375,1396.50830078125,947.9777221679688,0.6788297891616821,1
gameRG/Clip2,41,26,player_top,824.155517578125,333.860595703125,801.8793334960938,252.55172729492188,846.431640625,333.860595703125,0.36460521817207336,1
gameRG/Clip2,42,25,player_bottom,1337.63720703125,945.7099609375,1283.3104248046875,769.59228515625,1391.964111328125,945.7099609375,0.5600159168243408,1
gameRG/Clip2,42,26,player_top,824.0062052408854,334.7617594401042,801.7672322591146,253.99093627929688,846.2451375325521,334.7617594401042,0.43989139795303345,1
gameRG/Clip2,43,25,player_bottom,1334.3743082682292,945.2349446614584,1280.4010009765625,768.7029418945312,1388.3476969401042,945.2349446614584,0.5335221787293752,1
gameRG/Clip2,43,26,player_top,823.8568929036459,335.6629231770833,801.6551310221354,255.43014526367188,846.0586344401041,335.6629231770833,0.5151775777339935,1
gameRG/Clip2,44,25,player_bottom,1331.1114095052083,944.7599283854166,1277.4915771484375,767.8135986328125,1384.7312825520833,944.7599283854166,0.5070284406344095,1
gameRG/Clip2,44,26,player_top,823.7075805664062,336.5640869140625,801.5430297851562,256.8693542480469,845.8721313476562,336.5640869140625,0.5904637575149536,1
gameRG/Clip2,45,25,player_bottom,1327.8485107421875,944.284912109375,1274.5821533203125,766.9242553710938,1381.1148681640625,944.284912109375,0.48053470253944397,1
gameRG/Clip2,45,26,player_top,823.7948608398438,336.5547180175781,800.933837890625,257.7768859863281,846.6558837890625,336.5547180175781,0.6915903091430664,1
gameRG/Clip2,46,25,player_bottom,1309.56982421875,945.356689453125,1253.046630859375,762.0582275390625,1366.0931396484375,945.356689453125,0.5806841254234314,1
gameRG/Clip2,46,26,player_top,828.1959228515625,336.7539978027344,805.0611572265625,258.16552734375,851.3306274414062,336.7539978027344,0.4797009825706482,1
gameRG/Clip2,47,25,player_bottom,1296.513427734375,945.6070556640625,1237.9427490234375,758.8615112304688,1355.084228515625,945.6070556640625,0.6983674168586731,1
gameRG/Clip2,47,26,player_top,829.6114501953125,336.58617146809894,806.6205647786459,258.2185567220052,852.602294921875,336.58617146809894,0.4788764913876851,1
gameRG/Clip2,48,25,player_bottom,1299.4852294921875,944.4346923828125,1238.1908569335938,756.1779479980469,1360.7796630859375,944.4346923828125,0.7795206904411316,1
gameRG/Clip2,48,26,player_top,831.0269775390625,336.41834513346356,808.1799723307291,258.27158610026044,853.8739624023438,336.41834513346356,0.4780520002047221,1
gameRG/Clip2,49,25,player_bottom,1302.45703125,943.2623291015625,1238.43896484375,753.494384765625,1366.47509765625,943.2623291015625,0.8606739640235901,1
gameRG/Clip2,49,26,player_top,832.4425048828125,336.2505187988281,809.7393798828125,258.3246154785156,855.1456298828125,336.2505187988281,0.47722750902175903,1
gameRG/Clip2,50,25,player_bottom,1298.648193359375,943.3438720703125,1230.1561279296875,751.689697265625,1367.140380859375,943.3438720703125,0.8279308080673218,1
gameRG/Clip2,50,26,player_top,834.84375,343.1154479980469,810.8369140625,258.71209716796875,858.8505249023438,343.1154479980469,0.6708071231842041,1
gameRG/Clip2,51,25,player_bottom,1291.198974609375,944.0513916015625,1218.7593994140625,751.05517578125,1363.638671875,944.0513916015625,0.5787899494171143,1
gameRG/Clip2,51,26,player_top,836.102294921875,347.74310302734375,811.5055541992188,259.1532287597656,860.698974609375,347.74310302734375,0.723254382610321,1
gameRG/Clip2,52,25,player_bottom,1281.775146484375,944.2673950195312,1205.501708984375,748.6829223632812,1358.0484619140625,944.2673950195312,0.8256210684776306,1
gameRG/Clip2,52,26,player_top,836.3299560546875,350.6396789550781,811.6754150390625,259.82904052734375,860.9844970703125,350.6396789550781,0.7344258427619934,1
gameRG/Clip2,53,25,player_bottom,1267.7806396484375,944.1165161132812,1187.7418212890625,745.7387084960938,1347.8194580078125,944.1165161132812,0.7782102823257446,1
gameRG/Clip2,53,26,player_top,836.6973876953125,352.2127380371094,812.1683959960938,260.10552978515625,861.226318359375,352.2127380371094,0.7627124190330505,1
gameRG/Clip2,54,25,player_bottom,1261.03955078125,944.3046875,1178.779296875,743.5338745117188,1343.2999267578125,944.3046875,0.8187950849533081,1
gameRG/Clip2,54,26,player_top,837.69970703125,352.7763671875,813.4878540039062,260.5466003417969,861.9115600585938,352.7763671875,0.7306715846061707,1
gameRG/Clip2,55,25,player_bottom,1246.21728515625,944.7081909179688,1161.5482177734375,742.0250244140625,1330.886474609375,944.7081909179688,0.7323271632194519,1
gameRG/Clip2,55,26,player_top,839.8621826171875,352.84832763671875,815.7705688476562,260.7945861816406,863.9537963867188,352.84832763671875,0.7578220367431641,1
gameRG/Clip2,56,25,player_bottom,1225.64990234375,911.1641845703125,1154.48291015625,742.3800048828125,1296.81689453125,911.1641845703125,0.5239666700363159,1
gameRG/Clip2,56,26,player_top,841.6641845703125,353.2221374511719,817.4036865234375,260.4197998046875,865.9246826171875,353.2221374511719,0.7583072185516357,1
gameRG/Clip2,57,25,player_bottom,1214.298095703125,933.554443359375,1131.5074462890625,742.9953002929688,1297.0887451171875,933.554443359375,0.7646241188049316,1
gameRG/Clip2,57,26,player_top,843.19677734375,353.390625,818.7055053710938,260.3177185058594,867.68798828125,353.390625,0.7269752621650696,1
gameRG/Clip2,58,25,player_bottom,1208.15478515625,940.559814453125,1120.5726318359375,745.3666381835938,1295.73681640625,940.559814453125,0.8930422067642212,1
gameRG/Clip2,58,26,player_top,845.6705322265625,353.40008544921875,820.8118286132812,260.1297607421875,870.5292358398438,353.40008544921875,0.7955893874168396,1
gameRG/Clip2,59,25,player_bottom,1205.0302734375,937.4500122070312,1116.932861328125,748.4153442382812,1293.1275634765625,937.4500122070312,0.8888892531394958,1
gameRG/Clip2,59,26,player_top,848.0093994140625,352.8565979003906,822.8292846679688,259.9389953613281,873.189453125,352.8565979003906,0.7573887705802917,1
gameRG/Clip2,60,25,player_bottom,1203.0738525390625,932.0685424804688,1115.4569702148438,748.0982666015625,1290.6907348632812,932.0685424804688,0.7144308388233185,1
gameRG/Clip2,60,26,player_top,848.6473999023438,352.5934753417969,822.6345825195312,258.0811462402344,874.6602172851562,352.5934753417969,0.7667936682701111,1
gameRG/Clip2,61,25,player_bottom,1201.117431640625,926.6870727539062,1113.9810791015625,747.7811889648438,1288.25390625,926.6870727539062,0.5399724245071411,1
gameRG/Clip2,61,26,player_top,849.1959838867188,352.43780517578125,822.7020874023438,257.59344482421875,875.6898803710938,352.43780517578125,0.7435474991798401,1
gameRG/Clip2,62,25,player_bottom,1201.08203125,920.11328125,1115.331298828125,751.5364990234375,1286.832763671875,920.11328125,0.8447360396385193,1
gameRG/Clip2,62,26,player_top,850.5245361328125,352.0595397949219,823.725341796875,257.1864013671875,877.32373046875,352.0595397949219,0.7634052038192749,1
gameRG/Clip2,63,25,player_bottom,1198.8487548828125,913.2235717773438,1113.2227783203125,752.170654296875,1284.4747314453125,913.2235717773438,0.8726919889450073,1
gameRG/Clip2,63,26,player_top,852.2195434570312,351.70989990234375,825.3783569335938,257.3878173828125,879.0607299804688,351.70989990234375,0.7917861938476562,1
gameRG/Clip2,64,25,player_bottom,1196.885009765625,904.6434936523438,1113.0537109375,755.24609375,1280.71630859375,904.6434936523438,0.8673708438873291,1
gameRG/Clip2,64,26,player_top,856.1270751953125,351.7939147949219,829.2160034179688,257.2850036621094,883.0382080078125,351.7939147949219,0.8115577101707458,1
gameRG/Clip2,65,25,player_bottom,1195.340576171875,897.5076904296875,1113.6927490234375,761.2958374023438,1276.988525390625,897.5076904296875,0.7895325422286987,1
gameRG/Clip2,65,26,player_top,858.92138671875,351.5453796386719,832.3986206054688,258.9234619140625,885.4441528320312,351.5453796386719,0.7754333019256592,1
gameRG/Clip2,66,25,player_bottom,1188.7713623046875,892.2467651367188,1108.3135986328125,766.2733764648438,1269.2291259765625,892.2467651367188,0.7502621412277222,1
gameRG/Clip2,66,26,player_top,863.854248046875,350.591552734375,837.2083740234375,258.51202392578125,890.5001220703125,350.591552734375,0.8120946288108826,1
gameRG/Clip2,67,25,player_bottom,1193.405029296875,885.2781372070312,1116.1329345703125,770.0921020507812,1270.6771240234375,885.2781372070312,0.48072218894958496,1
gameRG/Clip2,67,26,player_top,867.3914794921875,349.4212646484375,840.8424682617188,258.391845703125,893.9404907226562,349.4212646484375,0.7994283437728882,1
gameRG/Clip2,68,25,player_bottom,1191.109619140625,903.4681396484375,1101.609619140625,771.634521484375,1280.609619140625,903.4681396484375,0.38437917828559875,1
gameRG/Clip2,68,26,player_top,871.9995727539062,349.056884765625,845.15869140625,258.5806884765625,898.8404541015625,349.056884765625,0.8332419395446777,1
gameRG/Clip2,69,25,player_bottom,1183.444091796875,878.1689453125,1107.2835693359375,772.5718994140625,1259.6044921875,878.1689453125,0.43363282084465027,1
gameRG/Clip2,69,26,player_top,874.2840576171875,349.3387145996094,847.0638427734375,259.0240478515625,901.5043334960938,349.3387145996094,0.8424487709999084,1
gameRG/Clip2,70,25,player_bottom,1175.170166015625,870.429443359375,1103.0364990234375,773.9042358398438,1247.3037109375,870.429443359375,0.36406275629997253,1
gameRG/Clip2,70,26,player_top,876.0303344726562,349.44482421875,848.3555297851562,258.9958801269531,903.7051391601562,349.44482421875,0.8337056040763855,1
gameRG/Clip2,71,25,player_bottom,1164.4215087890625,872.7081298828125,1090.23974609375,775.4097290039062,1238.603271484375,872.7081298828125,0.44646796584129333,1
gameRG/Clip2,71,26,player_top,876.38037109375,348.74127197265625,848.705810546875,259.64642333984375,904.0549926757812,348.74127197265625,0.8361591100692749,1
gameRG/Clip2,72,25,player_bottom,1140.8837890625,888.3988342285156,1058.740966796875,778.2900085449219,1223.026611328125,888.3988342285156,0.6000912636518478,1
gameRG/Clip2,72,26,player_top,877.5303955078125,349.7044677734375,848.8594970703125,257.6419982910156,906.2013549804688,349.7044677734375,0.8301946520805359,1
gameRG/Clip2,73,25,player_bottom,1117.3460693359375,904.0895385742188,1027.2421875,781.1702880859375,1207.449951171875,904.0895385742188,0.7537145614624023,1
gameRG/Clip2,73,26,player_top,878.162109375,350.1286926269531,849.0791015625,256.97979736328125,907.2451782226562,350.1286926269531,0.8093254566192627,1
gameRG/Clip2,74,25,player_bottom,1108.098876953125,910.8356323242188,1017.0952758789062,781.1780395507812,1199.1024169921875,910.8356323242188,0.6543898582458496,1
gameRG/Clip2,74,26,player_top,878.8077392578125,350.41156005859375,849.4100341796875,256.448486328125,908.2054443359375,350.41156005859375,0.8042964935302734,1
gameRG/Clip2,75,25,player_bottom,1103.7954915364583,912.0965372721354,1012.8822631835938,781.8310546875,1194.7086995442708,912.0965372721354,0.6611304680506388,1
gameRG/Clip2,75,26,player_top,879.55517578125,350.6900329589844,849.7127075195312,255.39517211914062,909.397705078125,350.6900329589844,0.8096892237663269,1
gameRG/Clip2,76,25,player_bottom,1099.4921061197917,913.3574422200521,1008.6692504882812,782.4840698242188,1190.3149820963542,913.3574422200521,0.6678710778554281,1
gameRG/Clip2,76,26,player_top,881.4780883789062,350.51953125,851.7741088867188,255.80706787109375,911.1820678710938,350.51953125,0.7999619841575623,1
gameRG/Clip2,77,25,player_bottom,1095.188720703125,914.6183471679688,1004.4562377929688,783.1370849609375,1185.9212646484375,914.6183471679688,0.6746116876602173,1
gameRG/Clip2,77,26,player_top,883.7779541015625,350.927001953125,853.8163452148438,254.78614807128906,913.739501953125,350.927001953125,0.8057372570037842,1
gameRG/Clip2,78,25,player_bottom,1077.10546875,913.2279663085938,990.298583984375,783.2538452148438,1163.9122314453125,913.2279663085938,0.562234103679657,1
gameRG/Clip2,78,26,player_top,887.1742553710938,350.2479553222656,856.8233642578125,252.03936767578125,917.525146484375,350.2479553222656,0.8067834973335266,1
gameRG/Clip2,79,25,player_bottom,1072.9481201171875,912.3609619140625,989.8750610351562,783.2241821289062,1156.0211181640625,912.3609619140625,0.8015092015266418,1
gameRG/Clip2,79,26,player_top,891.2484130859375,350.07122802734375,861.0303344726562,251.39381408691406,921.4664306640625,350.07122802734375,0.7603256702423096,1
gameRG/Clip2,80,25,player_bottom,1069.8173828125,911.7022705078125,988.1505737304688,781.3457641601562,1151.4842529296875,911.7022705078125,0.7525970935821533,1
gameRG/Clip2,80,26,player_top,896.0859375,350.448486328125,866.41796875,252.16688537597656,925.7538452148438,350.448486328125,0.717171311378479,1
gameRG/Clip2,81,25,player_bottom,1065.3978271484375,911.5244750976562,983.9666137695312,777.561767578125,1146.8289794921875,911.5244750976562,0.8375697731971741,1
gameRG/Clip2,81,26,player_top,902.7233276367188,349.539794921875,873.7233276367188,251.1884307861328,931.7233276367188,349.539794921875,0.7218000888824463,1
gameRG/Clip2,82,25,player_bottom,1063.7738037109375,911.7051391601562,982.2919921875,773.598388671875,1145.255615234375,911.7051391601562,0.8818855285644531,1
gameRG/Clip2,82,26,player_top,908.142333984375,348.80364990234375,880.415283203125,251.5568084716797,935.869384765625,348.80364990234375,0.6229265332221985,1
gameRG/Clip2,83,25,player_bottom,1060.72412109375,912.1272583007812,979.4112548828125,770.7554321289062,1142.0369873046875,912.1272583007812,0.8582597970962524,1
gameRG/Clip2,83,26,player_top,912.4765625,347.7777099609375,886.4099731445312,253.661865234375,938.543212890625,347.7777099609375,0.5321309566497803,1
gameRG/Clip2,84,25,player_bottom,1057.2188720703125,912.047119140625,976.2872314453125,768.774169921875,1138.1505126953125,912.047119140625,0.8987632989883423,1
gameRG/Clip2,84,26,player_top,916.1211547851562,347.24725341796875,890.7385864257812,253.50241088867188,941.5037231445312,347.24725341796875,0.5109872221946716,1
gameRG/Clip2,85,25,player_bottom,1055.8291015625,911.9625244140625,975.6748046875,767.71630859375,1135.9835205078125,911.9625244140625,0.9055015444755554,1
gameRG/Clip2,85,26,player_top,918.0687255859375,345.86334228515625,893.626708984375,253.8811492919922,942.5106811523438,345.86334228515625,0.6507472991943359,1
gameRG/Clip2,86,25,player_bottom,1053.87548828125,913.2359008789062,972.9774780273438,765.4457397460938,1134.7734375,913.2359008789062,0.9027833938598633,1
gameRG/Clip2,86,26,player_top,920.919921875,345.8602294921875,897.4076538085938,256.1902160644531,944.43212890625,345.8602294921875,0.6584891676902771,1
gameRG/Clip2,87,25,player_bottom,1049.6422119140625,914.1763916015625,967.9863891601562,763.120361328125,1131.2979736328125,914.1763916015625,0.876865029335022,1
gameRG/Clip2,87,26,player_top,923.6240234375,344.4273986816406,901.2236328125,258.3921813964844,946.0244140625,344.4273986816406,0.5995332598686218,1
gameRG/Clip2,88,25,player_bottom,1046.224365234375,917.3912353515625,960.4964599609375,756.587158203125,1131.9521484375,917.3912353515625,0.8892009854316711,1
gameRG/Clip2,88,26,player_top,927.4671630859375,342.03887939453125,905.6072387695312,257.5948486328125,949.3270874023438,342.03887939453125,0.4402933418750763,1
gameRG/Clip2,89,25,player_bottom,1041.2838134765625,920.2100830078125,953.2395629882812,753.58056640625,1129.328125,920.2100830078125,0.8923410177230835,1
gameRG/Clip2,89,26,player_top,927.4671630859375,342.03887939453125,905.6072387695312,257.5948486328125,949.3270874023438,342.03887939453125,0.4402933418750763,1
gameRG/Clip2,90,25,player_bottom,1039.7969970703125,919.786376953125,951.1402587890625,751.015380859375,1128.4537353515625,919.786376953125,0.8589232563972473,1
gameRG/Clip2,90,26,player_top,927.4671630859375,342.03887939453125,905.6072387695312,257.5948486328125,949.3270874023438,342.03887939453125,0.4402933418750763,1
gameRG/Clip2,91,25,player_bottom,1031.3232421875,919.6753540039062,943.690673828125,750.2841186523438,1118.9559326171875,919.6753540039062,0.8477949500083923,1
gameRG/Clip2,91,26,player_top,927.4671630859375,342.03887939453125,905.6072387695312,257.5948486328125,949.3270874023438,342.03887939453125,0.4402933418750763,1
gameRG/Clip3,0,53,player_bottom,676.46435546875,858.6734619140625,639.4232177734375,658.4464721679688,713.5054931640625,858.6734619140625,0.8512970805168152,1
gameRG/Clip3,0,54,player_top,1117.01123046875,331.63592529296875,1096.54296875,229.04019165039062,1137.4793701171875,331.63592529296875,0.7697179317474365,1
gameRG/Clip3,1,53,player_bottom,676.46435546875,858.6734619140625,639.4232177734375,658.4464721679688,713.5054931640625,858.6734619140625,0.8512970805168152,1
gameRG/Clip3,1,54,player_top,1117.01123046875,331.63592529296875,1096.54296875,229.04019165039062,1137.4793701171875,331.63592529296875,0.7697179317474365,1
gameRG/Clip3,2,53,player_bottom,676.6304931640625,858.1580810546875,639.6583862304688,658.2974853515625,713.6026611328125,858.1580810546875,0.8591033220291138,1
gameRG/Clip3,2,54,player_top,1117.354248046875,331.6104736328125,1097.2340087890625,230.6648712158203,1137.474609375,331.6104736328125,0.726132333278656,1
gameRG/Clip3,3,53,player_bottom,676.3294677734375,857.5962524414062,639.2966918945312,657.4412231445312,713.3622436523438,857.5962524414062,0.8582814931869507,1
gameRG/Clip3,3,54,player_top,1115.427978515625,331.9321594238281,1094.07861328125,224.86997985839844,1136.7774658203125,331.9321594238281,0.7251313328742981,1
gameRG/Clip3,4,53,player_bottom,676.5322875976562,856.5750122070312,639.5143432617188,656.595703125,713.5502319335938,856.5750122070312,0.8642755150794983,1
gameRG/Clip3,4,54,player_top,1117.360595703125,332.3575744628906,1097.0484619140625,230.3421630859375,1137.6727294921875,332.3575744628906,0.7479817867279053,1
gameRG/Clip3,5,53,player_bottom,676.951171875,855.6408081054688,639.8988037109375,655.68310546875,714.0034790039062,855.6408081054688,0.8650250434875488,1
gameRG/Clip3,5,54,player_top,1120.576416015625,333.52166748046875,1100.2349853515625,231.91351318359375,1140.9178466796875,333.52166748046875,0.7581661343574524,1
gameRG/Clip3,6,53,player_bottom,677.65869140625,854.6366577148438,640.604736328125,654.9526977539062,714.7125854492188,854.6366577148438,0.8628632426261902,1
gameRG/Clip3,6,54,player_top,1120.9541015625,333.7453918457031,1100.4981689453125,232.03538513183594,1141.41015625,333.7453918457031,0.7210046648979187,1
gameRG/Clip3,7,53,player_bottom,678.5689086914062,854.9146728515625,641.2073364257812,654.1714477539062,715.9304809570312,854.9146728515625,0.8584309816360474,1
gameRG/Clip3,7,54,player_top,1120.6083984375,333.6177978515625,1100.0718994140625,231.78854370117188,1141.1448974609375,333.6177978515625,0.7066769599914551,1
gameRG/Clip3,8,53,player_bottom,678.470947265625,854.2286987304688,640.6467895507812,651.2865600585938,716.295166015625,854.2286987304688,0.8601523041725159,1
gameRG/Clip3,8,54,player_top,1119.86962890625,334.2236022949219,1098.8087158203125,230.1575469970703,1140.930419921875,334.2236022949219,0.7413181066513062,1
gameRG/Clip3,9,53,player_bottom,679.2493286132812,854.281005859375,640.7935791015625,648.3875122070312,717.705078125,854.281005859375,0.8641878366470337,1
gameRG/Clip3,9,54,player_top,1117.25341796875,333.5903625488281,1095.980712890625,227.1445770263672,1138.5262451171875,333.5903625488281,0.6516371965408325,1
gameRG/Clip3,10,53,player_bottom,679.6793212890625,854.66650390625,640.6982421875,646.3292236328125,718.6604614257812,854.66650390625,0.8626578450202942,1
gameRG/Clip3,10,54,player_top,1115.193603515625,332.9524841308594,1093.8060302734375,224.25802612304688,1136.581298828125,332.9524841308594,0.6469970345497131,1
gameRG/Clip3,11,53,player_bottom,677.912109375,841.341796875,640.9310302734375,643.9817504882812,714.8931274414062,841.341796875,0.8522325158119202,1
gameRG/Clip3,11,54,player_top,1113.991455078125,332.2088928222656,1092.9910888671875,224.1624298095703,1134.99169921875,332.2088928222656,0.6206541657447815,1
gameRG/Clip3,12,53,player_bottom,677.2705078125,835.3555297851562,640.91943359375,641.5267944335938,713.62158203125,835.3555297851562,0.8660718202590942,1
gameRG/Clip3,12,54,player_top,1113.418212890625,331.6109313964844,1092.1224365234375,222.03365071614584,1134.7139078776042,331.6109313964844,0.5760689675807953,1
gameRG/Clip3,13,53,player_bottom,678.0758056640625,832.062744140625,641.89306640625,640.4612426757812,714.2586059570312,832.062744140625,0.8672992587089539,1
gameRG/Clip3,13,54,player_top,1112.844970703125,331.0129699707031,1091.2537841796875,219.90487162272134,1134.4361165364583,331.0129699707031,0.5314837694168091,1
gameRG/Clip3,14,53,player_bottom,678.6302490234375,830.039306640625,642.3248901367188,639.5525512695312,714.9356079101562,830.039306640625,0.8715226054191589,1
gameRG/Clip3,14,54,player_top,1112.271728515625,330.4150085449219,1090.3851318359375,217.77609252929688,1134.1583251953125,330.4150085449219,0.4868985712528229,1
gameRG/Clip3,15,53,player_bottom,679.6265869140625,826.3404541015625,643.3851928710938,639.0968627929688,715.867919921875,826.3404541015625,0.8827527761459351,1
gameRG/Clip3,15,54,player_top,1111.212158203125,329.5098571777344,1089.78759765625,219.77923583984375,1132.6368408203125,329.5098571777344,0.6246061325073242,1
gameRG/Clip3,16,53,player_bottom,680.1383056640625,823.646728515625,643.8526000976562,639.0352783203125,716.4239501953125,823.646728515625,0.8823993802070618,1
gameRG/Clip3,16,54,player_top,1110.44384765625,329.4649963378906,1089.0831298828125,221.05665588378906,1131.804443359375,329.4649963378906,0.7222550511360168,1
gameRG/Clip3,17,53,player_bottom,681.5537109375,821.415283203125,644.93896484375,639.5511474609375,718.1685180664062,821.415283203125,0.8689444661140442,1
gameRG/Clip3,17,54,player_top,1110.7100830078125,329.8164367675781,1089.3912353515625,223.1504364013672,1132.0289306640625,329.8164367675781,0.516586184501648,1
gameRG/Clip3,18,53,player_bottom,681.553955078125,818.8504638671875,644.3225708007812,640.2232055664062,718.7853393554688,818.8504638671875,0.8608793616294861,1
gameRG/Clip3,18,54,player_top,1110.6192626953125,330.22052001953125,1089.6563720703125,227.3551025390625,1131.5821533203125,330.22052001953125,0.5179522037506104,1
gameRG/Clip3,19,53,player_bottom,683.822021484375,819.1217041015625,645.5361328125,641.6925659179688,722.10791015625,819.1217041015625,0.8521462678909302,1
gameRG/Clip3,19,54,player_top,1109.9571533203125,324.7951965332031,1089.92236328125,229.57530212402344,1129.991943359375,324.7951965332031,0.4449809491634369,1
gameRG/Clip3,20,53,player_bottom,683.8294677734375,817.773193359375,644.54736328125,642.5171508789062,723.1116333007812,817.773193359375,0.8574358820915222,1
gameRG/Clip3,20,54,player_top,1110.501708984375,323.5191955566406,1090.4444580078125,230.63388061523438,1130.558837890625,323.5191955566406,0.41510212421417236,1
gameRG/Clip3,21,53,player_bottom,686.7298583984375,817.9368286132812,646.191650390625,644.5048217773438,727.2681274414062,817.9368286132812,0.8677662014961243,1
gameRG/Clip3,21,54,player_top,1110.5419921875,326.5628356933594,1089.4688720703125,230.65194702148438,1131.614990234375,326.5628356933594,0.4205612540245056,1
gameRG/Clip3,22,53,player_bottom,690.0174560546875,818.1063232421875,647.626220703125,644.3152465820312,732.4087524414062,818.1063232421875,0.8566584587097168,1
gameRG/Clip3,22,54,player_top,1110.942626953125,328.8960266113281,1089.427734375,231.97804260253906,1132.4576416015625,328.8960266113281,0.5569618344306946,1
gameRG/Clip3,23,53,player_bottom,690.3857421875,818.2760009765625,646.3545532226562,645.3206787109375,734.4168701171875,818.2760009765625,0.8519309759140015,1
gameRG/Clip3,23,54,player_top,1111.322998046875,331.6307067871094,1089.925537109375,235.5449981689453,1132.720458984375,331.6307067871094,0.5059859603643417,1
gameRG/Clip3,24,53,player_bottom,688.3902587890625,817.9767456054688,643.9168701171875,649.0438232421875,732.8636474609375,817.9767456054688,0.7584473490715027,1
gameRG/Clip3,24,54,player_top,1111.703369140625,334.3653869628906,1090.42333984375,239.11195373535156,1132.9832763671875,334.3653869628906,0.4550100862979889,1
gameRG/Clip3,25,53,player_bottom,687.8262939453125,818.09814453125,642.4711303710938,651.4507446289062,733.1815185546875,818.09814453125,0.8050065040588379,1
gameRG/Clip3,25,54,player_top,1111.3553466796875,336.39044189453125,1089.873779296875,240.60992431640625,1132.8369140625,336.39044189453125,0.4470169246196747,1
gameRG/Clip3,26,53,player_bottom,687.972412109375,817.8474731445312,641.54150390625,652.52001953125,734.4033813476562,817.8474731445312,0.8500046133995056,1
gameRG/Clip3,26,54,player_top,1111.283203125,337.15606689453125,1089.63037109375,241.08457946777344,1132.9361572265625,337.15606689453125,0.5310547947883606,1
gameRG/Clip3,27,53,player_bottom,687.38134765625,817.5675659179688,639.6351928710938,652.1968383789062,735.1275024414062,817.5675659179688,0.8342843055725098,1
gameRG/Clip3,27,54,player_top,1110.7691650390625,337.6932067871094,1089.29638671875,242.71083068847656,1132.241943359375,337.6932067871094,0.49088555574417114,1
gameRG/Clip3,28,53,player_bottom,687.9205932617188,816.9822998046875,639.0737915039062,652.0532836914062,736.7673950195312,816.9822998046875,0.8337993025779724,1
gameRG/Clip3,28,54,player_top,1110.921142578125,337.5591735839844,1090.7288818359375,247.5799102783203,1131.113525390625,337.5591735839844,0.430805504322052,1
gameRG/Clip3,29,53,player_bottom,688.4415283203125,816.8588256835938,638.3638916015625,652.036865234375,738.5191040039062,816.8588256835938,0.8533281087875366,1
gameRG/Clip3,29,54,player_top,1110.716064453125,337.48095703125,1091.3165283203125,250.90708923339844,1130.11572265625,337.48095703125,0.47607773542404175,1
gameRG/Clip3,30,53,player_bottom,689.8131103515625,816.6956176757812,638.5116577148438,651.9636840820312,741.1145629882812,816.6956176757812,0.8498044013977051,1
gameRG/Clip3,30,54,player_top,1110.4794921875,337.3835754394531,1091.0189208984375,250.80479431152344,1129.93994140625,337.3835754394531,0.5040844678878784,1
gameRG/Clip3,31,53,player_bottom,690.6329345703125,815.7671508789062,638.6968994140625,652.6016845703125,742.5690307617188,815.7671508789062,0.8033151626586914,1
gameRG/Clip3,31,54,player_top,1111.2137451171875,337.81109619140625,1090.89404296875,246.5849151611328,1131.533447265625,337.81109619140625,0.5975695848464966,1
gameRG/Clip3,32,53,player_bottom,690.6658935546875,816.3018798828125,636.7144165039062,649.453369140625,744.617431640625,816.3018798828125,0.8611680865287781,1
gameRG/Clip3,32,54,player_top,1111.10107421875,337.3417663574219,1091.610595703125,249.6250762939453,1130.591552734375,337.3417663574219,0.44344085454940796,1
gameRG/Clip3,33,53,player_bottom,692.8414306640625,816.6861572265625,636.7162475585938,646.5513916015625,748.9666137695312,816.6861572265625,0.8663614392280579,1
gameRG/Clip3,33,54,player_top,1110.4698486328125,337.04168701171875,1090.9549560546875,248.90512084960938,1129.9847412109375,337.04168701171875,0.6066538691520691,1
gameRG/Clip3,34,53,player_bottom,695.0201416015625,817.0211181640625,636.8113403320312,643.8966674804688,753.2288818359375,817.0211181640625,0.8695533275604248,1
gameRG/Clip3,34,54,player_top,1109.5762939453125,336.9554748535156,1089.960205078125,248.1521453857422,1129.1923828125,336.9554748535156,0.5105758309364319,1
gameRG/Clip3,35,53,player_bottom,696.5244750976562,815.2852783203125,637.1362915039062,641.7373657226562,755.9126586914062,815.2852783203125,0.8799774646759033,1
gameRG/Clip3,35,54,player_top,1110.2628173828125,337.6116638183594,1090.4345703125,247.65452575683594,1130.091064453125,337.6116638183594,0.4399161636829376,1
gameRG/Clip3,36,53,player_bottom,698.3919677734375,816.083740234375,637.4771728515625,639.3928833007812,759.3067626953125,816.083740234375,0.8498089909553528,1
gameRG/Clip3,36,54,player_top,1109.9716796875,317.0340881347656,1094.80615234375,252.79608154296875,1125.13720703125,317.0340881347656,0.38926073908805847,1
gameRG/Clip3,37,53,player_bottom,697.1671142578125,814.5572509765625,635.82763671875,639.074951171875,758.5065307617188,814.5572509765625,0.8698177933692932,1
gameRG/Clip3,37,54,player_top,1106.4453125,332.03875732421875,1087.87548828125,254.63079833984375,1125.01513671875,332.03875732421875,0.4660581052303314,1
gameRG/Clip3,38,53,player_bottom,697.6688842773438,814.1107788085938,634.1719360351562,633.8551635742188,761.1658325195312,814.1107788085938,0.8487614393234253,1
gameRG/Clip3,38,54,player_top,1106.659912109375,336.4288330078125,1087.08203125,254.99171447753906,1126.2379150390625,336.4288330078125,0.6904985308647156,1
gameRG/Clip3,39,53,player_bottom,699.8695068359375,812.3072509765625,635.3861083984375,629.8082885742188,764.3529663085938,812.3072509765625,0.8523021340370178,1
gameRG/Clip3,39,54,player_top,1106.44140625,338.3089294433594,1086.14013671875,253.50242614746094,1126.74267578125,338.3089294433594,0.6565630435943604,1
gameRG/Clip3,40,53,player_bottom,700.3665771484375,810.5072631835938,635.716796875,628.1426391601562,765.0164184570312,810.5072631835938,0.8505799174308777,1
gameRG/Clip3,40,54,player_top,1105.5948486328125,338.9330749511719,1085.094970703125,253.58193969726562,1126.0947265625,338.9330749511719,0.6771672368049622,1
gameRG/Clip3,41,53,player_bottom,703.2718505859375,806.3421020507812,639.8375244140625,627.0316162109375,766.7062377929688,806.3421020507812,0.8721488118171692,1
gameRG/Clip3,41,54,player_top,1104.825439453125,338.8573303222656,1084.2857666015625,253.2080535888672,1125.364990234375,338.8573303222656,0.6775729656219482,1
gameRG/Clip3,42,53,player_bottom,705.702392578125,804.837158203125,642.6033325195312,625.1760864257812,768.8014526367188,804.837158203125,0.8657394051551819,1
gameRG/Clip3,42,54,player_top,1100.39111328125,338.59735107421875,1079.3175048828125,252.68711853027344,1121.4647216796875,338.59735107421875,0.6980091333389282,1
gameRG/Clip3,43,53,player_bottom,708.3553466796875,804.323974609375,645.615966796875,623.9571533203125,771.0947265625,804.323974609375,0.8513743281364441,1
gameRG/Clip3,43,54,player_top,1098.4820556640625,339.120361328125,1076.9962158203125,252.67144775390625,1119.9678955078125,339.120361328125,0.637462854385376,1
gameRG/Clip3,44,53,player_bottom,710.9598388671875,804.5985107421875,648.6371459960938,623.3709716796875,773.2825317382812,804.5985107421875,0.859744131565094,1
gameRG/Clip3,44,54,player_top,1097.789306640625,342.1033935546875,1075.5692138671875,253.1854705810547,1120.00927734375,342.1033935546875,0.7547941207885742,1
gameRG/Clip3,45,53,player_bottom,713.8524169921875,804.8496704101562,651.9000244140625,622.2866821289062,775.8047485351562,804.8496704101562,0.8669134378433228,1
gameRG/Clip3,45,54,player_top,1097.3740234375,343.0433349609375,1074.9876708984375,253.85902404785156,1119.760498046875,343.0433349609375,0.7327132225036621,1
gameRG/Clip3,46,53,player_bottom,715.361572265625,805.2576904296875,652.8705444335938,618.853515625,777.8526000976562,805.2576904296875,0.8765344023704529,1
gameRG/Clip3,46,54,player_top,1097.027099609375,343.8453674316406,1074.524169921875,255.5638885498047,1119.5301513671875,343.8453674316406,0.6906237006187439,1
gameRG/Clip3,47,53,player_bottom,714.8947143554688,804.84912109375,652.0388793945312,615.58154296875,777.7505493164062,804.84912109375,0.8633671998977661,1
gameRG/Clip3,47,54,player_top,1099.624267578125,343.7252197265625,1076.5625,255.71217346191406,1122.68603515625,343.7252197265625,0.7500026226043701,1
gameRG/Clip3,48,53,player_bottom,718.5625,801.8916015625,655.4320068359375,609.7320556640625,781.6929931640625,801.8916015625,0.8818687200546265,1
gameRG/Clip3,48,54,player_top,1100.872802734375,344.6807556152344,1076.904296875,255.29287719726562,1124.8411865234375,344.6807556152344,0.8121502995491028,1
gameRG/Clip3,49,53,player_bottom,721.3599853515625,800.4132690429688,658.6072387695312,607.6795043945312,784.1127319335938,800.4132690429688,0.8992974758148193,1
gameRG/Clip3,49,54,player_top,1101.894775390625,344.95953369140625,1077.20556640625,254.97889709472656,1126.5841064453125,344.95953369140625,0.7889386415481567,1
gameRG/Clip3,50,53,player_bottom,725.466064453125,797.5570678710938,663.7870483398438,606.6222534179688,787.1450805664062,797.5570678710938,0.9071601629257202,1
gameRG/Clip3,50,54,player_top,1102.0284423828125,345.001708984375,1076.8343505859375,254.928466796875,1127.2225341796875,345.001708984375,0.8157179951667786,1
gameRG/Clip3,51,53,player_bottom,728.4654541015625,794.1593017578125,668.130859375,605.927001953125,788.800048828125,794.1593017578125,0.9076894521713257,1
gameRG/Clip3,51,54,player_top,1102.044677734375,344.9197998046875,1076.400634765625,254.72726440429688,1127.688720703125,344.9197998046875,0.8108969330787659,1
gameRG/Clip3,52,53,player_bottom,732.765380859375,791.056640625,673.42333984375,605.714599609375,792.107421875,791.056640625,0.8968144059181213,1
gameRG/Clip3,52,54,player_top,1102.0618896484375,344.8221130371094,1076.0584716796875,254.71661376953125,1128.0653076171875,344.8221130371094,0.814982533454895,1
gameRG/Clip3,53,53,player_bottom,735.7909545898438,786.722900390625,677.2365112304688,604.12109375,794.3453979492188,786.722900390625,0.892420768737793,1
gameRG/Clip3,53,54,player_top,1102.4810791015625,344.8446350097656,1076.0169677734375,254.5567626953125,1128.9451904296875,344.8446350097656,0.7987467646598816,1
gameRG/Clip3,54,53,player_bottom,740.9112548828125,785.860595703125,682.542724609375,602.703125,799.27978515625,785.860595703125,0.8965656757354736,1
gameRG/Clip3,54,54,player_top,1103.080322265625,344.7001953125,1075.7542724609375,252.74351501464844,1130.40625,344.7001953125,0.7776002287864685,1
gameRG/Clip3,55,53,player_bottom,745.5436401367188,786.4361572265625,687.2365112304688,601.3170166015625,803.8507690429688,786.4361572265625,0.9035128355026245,1
gameRG/Clip3,55,54,player_top,1103.59619140625,344.6605529785156,1075.484619140625,251.2080841064453,1131.7076416015625,344.6605529785156,0.7832528948783875,1
gameRG/Clip3,56,53,player_bottom,749.386962890625,788.4172973632812,691.292724609375,601.1511840820312,807.4811401367188,788.4172973632812,0.9017619490623474,1
gameRG/Clip3,56,54,player_top,1103.90380859375,344.64599609375,1075.1724853515625,250.32388305664062,1132.6351318359375,344.64599609375,0.8346117734909058,1
gameRG/Clip3,57,53,player_bottom,752.590576171875,789.7006225585938,695.1197509765625,601.0372314453125,810.0614013671875,789.7006225585938,0.878383219242096,1
gameRG/Clip3,57,54,player_top,1104.385986328125,344.5342712402344,1075.262939453125,250.06419372558594,1133.509033203125,344.5342712402344,0.8341115117073059,1
gameRG/Clip3,58,53,player_bottom,758.688720703125,790.38671875,702.0220947265625,601.101806640625,815.3552856445312,790.38671875,0.8184460401535034,1
gameRG/Clip3,58,54,player_top,1104.9454345703125,344.2027893066406,1075.5595703125,249.8468780517578,1134.331298828125,344.2027893066406,0.8361039161682129,1
gameRG/Clip3,59,53,player_bottom,770.4439697265625,789.7454223632812,714.6326293945312,602.96826171875,826.2552490234375,789.7454223632812,0.6834555864334106,1
gameRG/Clip3,59,54,player_top,1105.87939453125,343.41925048828125,1076.353271484375,249.2892608642578,1135.4053955078125,343.41925048828125,0.8355105519294739,1
gameRG/Clip3,60,53,player_bottom,776.7765502929688,787.1078491210938,723.5474853515625,605.63427734375,830.005615234375,787.1078491210938,0.6704323887825012,1
gameRG/Clip3,60,54,player_top,1108.014892578125,341.73388671875,1079.066650390625,249.38299560546875,1136.963134765625,341.73388671875,0.8207091093063354,1
gameRG/Clip3,61,53,player_bottom,782.3984985351562,788.7372436523438,729.9282836914062,607.942138671875,834.8687133789062,788.7372436523438,0.8584696054458618,1
gameRG/Clip3,61,54,player_top,1108.749755859375,341.36163330078125,1080.1123046875,249.7715301513672,1137.3873291015625,341.36163330078125,0.8085560202598572,1
gameRG/Clip3,62,53,player_bottom,785.6007080078125,792.5303955078125,733.3423461914062,610.413818359375,837.8590087890625,792.5303955078125,0.8784360289573669,1
gameRG/Clip3,62,54,player_top,1109.947998046875,340.92193603515625,1081.611572265625,250.22821044921875,1138.2843017578125,340.92193603515625,0.8406733870506287,1
gameRG/Clip3,63,53,player_bottom,789.2335815429688,795.0489501953125,737.950439453125,612.9074096679688,840.5167236328125,795.0489501953125,0.8757095336914062,1
gameRG/Clip3,63,54,player_top,1111.2457275390625,340.18450927734375,1083.0750732421875,250.51614379882812,1139.4163818359375,340.18450927734375,0.824096143245697,1
gameRG/Clip3,64,53,player_bottom,791.951904296875,797.1159057617188,741.98828125,615.8857421875,841.9154663085938,797.1159057617188,0.8566676378250122,1
gameRG/Clip3,64,54,player_top,1112.019287109375,340.1850891113281,1083.7838134765625,251.01797485351562,1140.2548828125,340.1850891113281,0.8339775204658508,1
gameRG/Clip3,65,53,player_bottom,793.8187255859375,797.0542602539062,745.4281616210938,617.6907958984375,842.209228515625,797.0542602539062,0.8619421720504761,1
gameRG/Clip3,65,54,player_top,1112.464599609375,340.142333984375,1084.0762939453125,251.15103149414062,1140.8529052734375,340.142333984375,0.8406151533126831,1
gameRG/Clip3,66,53,player_bottom,794.4793090820312,797.720458984375,747.4213256835938,618.8385620117188,841.5372924804688,797.720458984375,0.8553000092506409,1
gameRG/Clip3,66,54,player_top,1112.8568115234375,340.0325012207031,1084.48779296875,251.7791748046875,1141.225830078125,340.0325012207031,0.8097561597824097,1
gameRG/Clip3,67,53,player_bottom,796.967041015625,797.86767578125,751.2584228515625,619.9568481445312,842.6756591796875,797.86767578125,0.855124294757843,1
gameRG/Clip3,67,54,player_top,1112.69580078125,340.154052734375,1084.3067626953125,252.57656860351562,1141.0849609375,340.154052734375,0.8101248741149902,1
gameRG/Clip3,68,53,player_bottom,798.919921875,798.03466796875,754.5166625976562,620.4445190429688,843.3231201171875,798.03466796875,0.8528313040733337,1
gameRG/Clip3,68,54,player_top,1112.889892578125,339.9544372558594,1084.598876953125,253.36143493652344,1141.180908203125,339.9544372558594,0.810584545135498,1
gameRG/Clip3,69,53,player_bottom,801.0768432617188,797.6622924804688,758.0184326171875,621.1087646484375,844.13525390625,797.6622924804688,0.8502269983291626,1
gameRG/Clip3,69,54,player_top,1112.5147705078125,340.02142333984375,1084.3414306640625,254.2967987060547,1140.6881103515625,340.02142333984375,0.8065464496612549,1
gameRG/Clip3,70,53,player_bottom,801.8614501953125,797.1424560546875,760.1080932617188,621.5083618164062,843.6148681640625,797.1424560546875,0.8508052825927734,1
gameRG/Clip3,70,54,player_top,1111.995361328125,340.4316101074219,1083.9339599609375,255.55908203125,1140.056640625,340.4316101074219,0.7760177850723267,1
gameRG/Clip3,71,53,player_bottom,805.3486328125,798.124267578125,764.1762084960938,622.303466796875,846.52099609375,798.124267578125,0.8284221887588501,1
gameRG/Clip3,71,54,player_top,1110.8150634765625,340.7447204589844,1083.0028076171875,256.8802185058594,1138.6273193359375,340.7447204589844,0.7399795651435852,1
gameRG/Clip3,72,53,player_bottom,809.2825927734375,806.6366577148438,767.491943359375,625.2630615234375,851.0732421875,806.6366577148438,0.8414551615715027,1
gameRG/Clip3,72,54,player_top,1113.43017578125,339.12811279296875,1085.430419921875,254.63351440429688,1141.4298095703125,339.12811279296875,0.7257522940635681,1
gameRG/Clip3,73,53,player_bottom,813.18212890625,812.832763671875,771.0180053710938,627.6141967773438,855.3462524414062,812.832763671875,0.8400281667709351,1
gameRG/Clip3,73,54,player_top,1115.903564453125,338.79083251953125,1087.6923828125,253.5784149169922,1144.1146240234375,338.79083251953125,0.8089984655380249,1
gameRG/Clip3,74,53,player_bottom,817.2012939453125,815.568115234375,775.2070922851562,630.13427734375,859.195556640625,815.568115234375,0.8277468681335449,1
gameRG/Clip3,74,54,player_top,1119.1798095703125,338.34417724609375,1091.205078125,253.49588012695312,1147.154541015625,338.34417724609375,0.8119216561317444,1
gameRG/Clip3,75,53,player_bottom,814.8565673828125,816.6994018554688,773.83740234375,631.9235229492188,855.8757934570312,816.6994018554688,0.8230958580970764,1
gameRG/Clip3,75,54,player_top,1122.9111328125,338.2109069824219,1095.1561279296875,253.5495147705078,1150.666259765625,338.2109069824219,0.8022079467773438,1
gameRG/Clip3,76,53,player_bottom,817.089599609375,815.9586181640625,776.7675170898438,633.7261352539062,857.4117431640625,815.9586181640625,0.8391332030296326,1
gameRG/Clip3,76,54,player_top,1127.6170654296875,337.16387939453125,1100.54931640625,253.026611328125,1154.684814453125,337.16387939453125,0.6164699196815491,1
gameRG/Clip3,77,53,player_bottom,817.87109375,815.243896484375,778.2455444335938,635.1190795898438,857.49658203125,815.243896484375,0.8395033478736877,1
gameRG/Clip3,77,54,player_top,1131.31396484375,336.2681884765625,1104.9891357421875,252.82223510742188,1157.638671875,336.2681884765625,0.4264084994792938,1
gameRG/Clip3,78,53,player_bottom,819.0443115234375,814.9658203125,779.7196044921875,635.8593139648438,858.3690185546875,814.9658203125,0.8557063937187195,1
gameRG/Clip3,78,54,player_top,1135.240478515625,336.8184814453125,1109.015625,252.2525634765625,1161.4652099609375,336.8184814453125,0.5077235698699951,1
gameRG/Clip3,79,53,player_bottom,820.6304931640625,815.6466674804688,781.9710083007812,639.7771606445312,859.2899780273438,815.6466674804688,0.8675459623336792,1
gameRG/Clip3,79,54,player_top,1139.2568359375,335.4288330078125,1113.4642333984375,250.42991638183594,1165.0494384765625,335.4288330078125,0.6437020301818848,1
gameRG/Clip3,80,53,player_bottom,819.1102294921875,816.1204833984375,780.4658203125,644.3612670898438,857.7545776367188,816.1204833984375,0.8604452610015869,1
gameRG/Clip3,80,54,player_top,1142.032958984375,336.7498779296875,1116.1771240234375,250.0295867919922,1167.888916015625,336.7498779296875,0.6864458322525024,1
gameRG/Clip3,81,53,player_bottom,822.18408203125,816.0094604492188,783.67333984375,646.471923828125,860.69482421875,816.0094604492188,0.8506101965904236,1
gameRG/Clip3,81,54,player_top,1145.06103515625,337.1114501953125,1119.4443359375,249.72991943359375,1170.6776123046875,337.1114501953125,0.74946129322052,1
gameRG/Clip3,82,53,player_bottom,822.885498046875,816.5982666015625,782.4883422851562,645.7070922851562,863.2825927734375,816.5982666015625,0.8836960792541504,1
gameRG/Clip3,82,54,player_top,1147.58056640625,336.9638977050781,1122.44189453125,249.4169158935547,1172.7193603515625,336.9638977050781,0.779870331287384,1
gameRG/Clip3,83,53,player_bottom,825.118408203125,817.575927734375,782.8916625976562,645.3785400390625,867.3450927734375,817.575927734375,0.8685160279273987,1
gameRG/Clip3,83,54,player_top,1150.716064453125,337.08599853515625,1126.2646484375,249.74929809570312,1175.1676025390625,337.08599853515625,0.7023518085479736,1
gameRG/Clip3,84,53,player_bottom,823.9376220703125,821.963623046875,779.3379516601562,645.5870361328125,868.5372924804688,821.963623046875,0.8748337030410767,1
gameRG/Clip3,84,54,player_top,1153.0758056640625,337.70111083984375,1128.7702026367188,250.04032135009766,1177.3815307617188,337.70111083984375,0.6918676197528839,1
gameRG/Clip3,85,53,player_bottom,827.29345703125,824.4530639648438,781.4474487304688,646.0100708007812,873.1395263671875,824.4530639648438,0.8490443229675293,1
gameRG/Clip3,85,54,player_top,1155.435546875,338.31622314453125,1131.2757568359375,250.3313446044922,1179.595458984375,338.31622314453125,0.6813834309577942,1
gameRG/Clip3,86,53,player_bottom,827.1585693359375,824.85693359375,780.196044921875,645.7838134765625,874.12109375,824.85693359375,0.8828250169754028,1
gameRG/Clip3,86,54,player_top,1157.22265625,338.2665100097656,1133.617919921875,251.0159149169922,1180.8272705078125,338.2665100097656,0.7527313232421875,1
gameRG/Clip3,87,53,player_bottom,833.4107055664062,823.7470092773438,786.0931396484375,645.257080078125,880.728271484375,823.7470092773438,0.8683862686157227,1
gameRG/Clip3,87,54,player_top,1159.392822265625,338.3592834472656,1136.12109375,251.52061462402344,1182.66455078125,338.3592834472656,0.7726314067840576,1
gameRG/Clip3,88,53,player_bottom,836.05908203125,824.2717895507812,787.6542358398438,644.61865234375,884.4639892578125,824.2717895507812,0.8710409998893738,1
gameRG/Clip3,88,54,player_top,1161.68994140625,335.2781982421875,1139.1712646484375,250.96206665039062,1184.20849609375,335.2781982421875,0.6864427328109741,1
gameRG/Clip3,89,53,player_bottom,840.7442016601562,824.2886352539062,791.7924194335938,644.7207641601562,889.6959838867188,824.2886352539062,0.885822594165802,1
gameRG/Clip3,89,54,player_top,1163.687255859375,334.6915588378906,1141.1739501953125,250.6762237548828,1186.20068359375,334.6915588378906,0.528228223323822,1
gameRG/Clip3,90,53,player_bottom,846.5259399414062,822.7967529296875,797.578369140625,644.476806640625,895.4735107421875,822.7967529296875,0.8730663061141968,1
gameRG/Clip3,90,54,player_top,1167.67626953125,336.34564208984375,1144.1209716796875,250.46182250976562,1191.2315673828125,336.34564208984375,0.3897877335548401,1
gameRG/Clip3,91,53,player_bottom,851.8046875,824.1919555664062,801.8886108398438,644.5499877929688,901.720703125,824.1919555664062,0.8606669306755066,1
gameRG/Clip3,91,54,player_top,1166.87841796875,336.7963562011719,1142.951416015625,251.1393280029297,1190.805419921875,336.7963562011719,0.42413559556007385,1
gameRG/Clip3,92,53,player_bottom,857.278076171875,824.7754516601562,806.6544799804688,644.764404296875,907.9017333984375,824.7754516601562,0.8756762146949768,1
gameRG/Clip3,92,54,player_top,1173.33544921875,337.7106018066406,1148.524169921875,250.47802734375,1198.1466064453125,337.7106018066406,0.684380292892456,1
gameRG/Clip3,93,53,player_bottom,864.7657470703125,826.6525268554688,812.8513793945312,645.3229370117188,916.6800537109375,826.6525268554688,0.880874752998352,1
gameRG/Clip3,93,54,player_top,1178.06396484375,337.73089599609375,1152.8856201171875,251.37210083007812,1203.242431640625,337.73089599609375,0.7246385812759399,1
gameRG/Clip3,94,53,player_bottom,870.5652465820312,828.6197509765625,817.7511596679688,646.876953125,923.3793334960938,828.6197509765625,0.8764403462409973,1
gameRG/Clip3,94,54,player_top,1180.039306640625,338.2030334472656,1154.268310546875,251.23764038085938,1205.8101806640625,338.2030334472656,0.6668356657028198,1
gameRG/Clip3,95,53,player_bottom,877.4166259765625,831.236083984375,823.3896484375,649.441650390625,931.4436645507812,831.236083984375,0.8786749839782715,1
gameRG/Clip3,95,54,player_top,1182.692626953125,337.9866027832031,1157.022705078125,251.7255401611328,1208.3624267578125,337.9866027832031,0.7326101064682007,1
gameRG/Clip3,96,53,player_bottom,881.2085571289062,832.9341430664062,825.9376220703125,650.92578125,936.4794921875,832.9341430664062,0.9001157283782959,1
gameRG/Clip3,96,54,player_top,1183.8798828125,337.6091613769531,1157.7821044921875,249.38209533691406,1209.9776611328125,337.6091613769531,0.6578249335289001,1
gameRG/Clip3,97,53,player_bottom,882.37451171875,834.466796875,825.48828125,650.3303833007812,939.2607421875,834.466796875,0.9028141498565674,1
gameRG/Clip3,97,54,player_top,1184.7557373046875,338.5361328125,1158.696533203125,250.0833740234375,1210.81494140625,338.5361328125,0.8071554899215698,1
gameRG/Clip3,98,53,player_bottom,884.5988159179688,836.4638061523438,826.0598754882812,650.5752563476562,943.1377563476562,836.4638061523438,0.8985252380371094,1
gameRG/Clip3,98,54,player_top,1186.0679931640625,338.9461669921875,1159.7420654296875,248.60275268554688,1212.3939208984375,338.9461669921875,0.7419112920761108,1
gameRG/Clip3,99,53,player_bottom,884.5931396484375,837.4925537109375,825.1317138671875,651.6356201171875,944.0545043945312,837.4925537109375,0.8985534310340881,1
gameRG/Clip3,99,54,player_top,1188.563232421875,338.9528503417969,1163.3419189453125,250.9661102294922,1213.784423828125,338.9528503417969,0.7059769034385681,1
gameRG/Clip3,100,53,player_bottom,885.0386352539062,837.7785034179688,825.1281127929688,653.3256225585938,944.9491577148438,837.7785034179688,0.8941556811332703,1
gameRG/Clip3,100,54,player_top,1192.182373046875,337.4389343261719,1168.2025146484375,252.12368774414062,1216.1622314453125,337.4389343261719,0.5849122405052185,1
gameRG/Clip3,101,53,player_bottom,885.7634887695312,837.8642578125,825.57861328125,655.4061889648438,945.9483642578125,837.8642578125,0.8924180269241333,1
gameRG/Clip3,101,54,player_top,1192.7839965820312,337.7852783203125,1167.9649658203125,249.60009002685547,1217.60302734375,337.7852783203125,0.5020295828580856,1
gameRG/Clip3,102,53,player_bottom,885.8400268554688,838.3895263671875,825.2420043945312,656.9705810546875,946.4380493164062,838.3895263671875,0.8960097432136536,1
gameRG/Clip3,102,54,player_top,1193.3856201171875,338.1316223144531,1167.7274169921875,247.0764923095703,1219.0438232421875,338.1316223144531,0.41914692521095276,1
gameRG/Clip3,103,53,player_bottom,886.1807861328125,838.6450805664062,825.0909423828125,657.6773681640625,947.2706298828125,838.6450805664062,0.8895565271377563,1
gameRG/Clip3,103,54,player_top,1199.230712890625,337.9790344238281,1174.0169677734375,246.93423461914062,1224.4444580078125,337.9790344238281,0.478672593832016,1
gameRG/Clip3,104,53,player_bottom,886.2728881835938,838.8093872070312,824.5703735351562,657.464599609375,947.9754028320312,838.8093872070312,0.8955622315406799,1
gameRG/Clip3,104,54,player_top,1199.91015625,337.9184265136719,1174.280029296875,246.11354064941406,1225.540283203125,337.9184265136719,0.533332884311676,1
gameRG/Clip3,105,53,player_bottom,886.3583984375,838.9201049804688,824.1521606445312,657.3931274414062,948.5645751953125,838.9201049804688,0.8936116695404053,1
gameRG/Clip3,105,54,player_top,1204.889892578125,337.0601806640625,1179.74365234375,246.75497436523438,1230.0362548828125,337.0601806640625,0.661022961139679,1
gameRG/Clip3,106,53,player_bottom,888.8563232421875,838.9090576171875,826.5866088867188,657.2633666992188,951.1260986328125,838.9090576171875,0.8881008625030518,1
gameRG/Clip3,106,54,player_top,1203.454345703125,336.7479553222656,1177.1092529296875,245.3870086669922,1229.799560546875,336.7479553222656,0.6180821061134338,1
gameRG/Clip3,107,53,player_bottom,890.279296875,838.9501342773438,827.87939453125,657.1968383789062,952.6792602539062,838.9501342773438,0.8920919299125671,1
gameRG/Clip3,107,54,player_top,1208.5810546875,337.50860595703125,1181.991455078125,245.30429077148438,1235.170654296875,337.50860595703125,0.678817629814148,1
gameRG/Clip3,108,53,player_bottom,890.763671875,840.3220825195312,828.1077880859375,656.2144775390625,953.4196166992188,840.3220825195312,0.8846486210823059,1
gameRG/Clip3,108,54,player_top,1210.763671875,336.5703125,1183.8304443359375,244.1417236328125,1237.697021484375,336.5703125,0.6102832555770874,1
gameRG/Clip3,109,53,player_bottom,890.9359130859375,841.9932861328125,828.21533203125,656.0333862304688,953.6565551757812,841.9932861328125,0.8947234153747559,1
gameRG/Clip3,109,54,player_top,1208.389892578125,336.4552001953125,1180.290771484375,242.66615295410156,1236.4891357421875,336.4552001953125,0.6273978352546692,1
gameRG/Clip3,110,53,player_bottom,891.88623046875,843.400390625,829.3369750976562,656.574951171875,954.4354248046875,843.400390625,0.8754416704177856,1
gameRG/Clip3,110,54,player_top,1208.3046875,336.76239013671875,1178.7755126953125,240.5914306640625,1237.8338623046875,336.76239013671875,0.5908781290054321,1
gameRG/Clip3,111,53,player_bottom,892.2310791015625,845.8430786132812,829.904296875,658.3365478515625,954.5578002929688,845.8430786132812,0.8921929001808167,1
gameRG/Clip3,111,54,player_top,1209.18603515625,336.9405822753906,1178.4752197265625,239.5242919921875,1239.8968505859375,336.9405822753906,0.6202551126480103,1
gameRG/Clip3,112,53,player_bottom,891.31201171875,847.95556640625,829.6409912109375,660.6810302734375,952.9830932617188,847.95556640625,0.890967071056366,1
gameRG/Clip3,112,54,player_top,1207.2183837890625,335.0675354003906,1175.984375,235.9555206298828,1238.452392578125,335.0675354003906,0.533182680606842,1
gameRG/Clip3,113,53,player_bottom,890.8084716796875,849.535888671875,830.2328491210938,663.6460571289062,951.3840942382812,849.535888671875,0.8948785662651062,1
gameRG/Clip3,113,54,player_top,1209.465087890625,334.2428792317708,1178.0220133463542,234.76830037434897,1240.908203125,334.2428792317708,0.49462462464968365,1
gameRG/Clip3,114,53,player_bottom,890.52734375,851.822021484375,830.2431640625,664.8174438476562,950.8115234375,851.822021484375,0.8885596990585327,1
gameRG/Clip3,114,54,player_top,1211.7117919921875,333.41822306315106,1180.0596516927083,233.5810801188151,1243.364013671875,333.41822306315106,0.4560665686925252,1
gameRG/Clip3,115,53,player_bottom,890.5633544921875,856.2952270507812,830.8154907226562,668.71435546875,950.3111572265625,856.2952270507812,0.8898546099662781,1
gameRG/Clip3,115,54,player_top,1213.95849609375,332.59356689453125,1182.0972900390625,232.39385986328125,1245.81982421875,332.59356689453125,0.4175085127353668,1
gameRG/Clip3,116,53,player_bottom,891.0977172851562,860.3480224609375,831.2749633789062,670.0819702148438,950.9204711914062,860.3480224609375,0.8868346810340881,1
gameRG/Clip3,116,54,player_top,1218.8583984375,334.42218017578125,1186.22998046875,234.06443786621094,1251.4866943359375,334.42218017578125,0.6718794107437134,1
gameRG/Clip3,117,53,player_bottom,891.4796142578125,862.8308715820312,832.320556640625,672.7469482421875,950.6386108398438,862.8308715820312,0.8782314658164978,1
gameRG/Clip3,117,54,player_top,1225.1865234375,334.0013732910156,1193.6925048828125,237.2553253173828,1256.680419921875,334.0013732910156,0.38081929087638855,1
gameRG/Clip3,118,53,player_bottom,891.7427978515625,864.8235473632812,834.2128295898438,678.5784301757812,949.2728271484375,864.8235473632812,0.8937950730323792,1
gameRG/Clip3,118,54,player_top,1227.3087768554688,334.0675354003906,1195.856201171875,237.2772216796875,1258.7612915039062,334.0675354003906,0.39815157651901245,1
gameRG/Clip3,119,53,player_bottom,891.4119873046875,865.2703247070312,835.3505859375,683.2168579101562,947.473388671875,865.2703247070312,0.8993619680404663,1
gameRG/Clip3,119,54,player_top,1229.4310302734375,334.1336975097656,1198.0198974609375,237.2991180419922,1260.8421630859375,334.1336975097656,0.41548386216163635,1
gameRG/Clip3,120,53,player_bottom,892.0008544921875,865.1002807617188,837.0409545898438,685.9617309570312,946.960693359375,865.1002807617188,0.8947758078575134,1
gameRG/Clip3,120,54,player_top,1231.5532836914062,334.1998596191406,1200.18359375,237.32101440429688,1262.9230346679688,334.1998596191406,0.43281614780426025,1
gameRG/Clip3,121,53,player_bottom,891.6565551757812,865.1207885742188,836.7631225585938,685.7723999023438,946.5499877929688,865.1207885742188,0.8916013240814209,1
gameRG/Clip3,121,54,player_top,1233.675537109375,334.2660217285156,1202.3472900390625,237.34291076660156,1265.00390625,334.2660217285156,0.45014843344688416,1
gameRG/Clip3,122,53,player_bottom,891.815673828125,864.9881591796875,837.0184936523438,685.4259643554688,946.6129150390625,864.9881591796875,0.8916755318641663,1
gameRG/Clip3,122,54,player_top,1233.8688151041667,334.3424936930339,1203.0764973958333,239.26170857747397,1264.6612141927083,334.3424936930339,0.4516047736008962,1
gameRG/Clip3,123,53,player_bottom,892.0789184570312,865.0418090820312,837.4967651367188,686.1727294921875,946.6610717773438,865.0418090820312,0.8928405046463013,1
gameRG/Clip3,123,54,player_top,1234.0620930989583,334.41896565755206,1203.8057047526042,241.18050638834634,1264.3185221354167,334.41896565755206,0.45306111375490826,1
gameRG/Clip3,124,53,player_bottom,891.8692626953125,865.1138305664062,836.7796630859375,684.7535400390625,946.9588012695312,865.1138305664062,0.8945052623748779,1
gameRG/Clip3,124,54,player_top,1234.25537109375,334.4954376220703,1204.534912109375,243.09930419921875,1263.975830078125,334.4954376220703,0.4545174539089203,1
gameRG/Clip3,125,53,player_bottom,891.6861572265625,864.9420776367188,835.7743530273438,681.8668823242188,947.5979614257812,864.9420776367188,0.8865864872932434,1
gameRG/Clip3,125,54,player_top,1234.4486490885417,334.57190958658856,1205.2641194661458,245.01810201009116,1263.6331380208333,334.57190958658856,0.4559737940629323,1
gameRG/Clip3,126,53,player_bottom,891.7655639648438,864.2303466796875,835.5732421875,679.7936401367188,947.9578857421875,864.2303466796875,0.8881266117095947,1
gameRG/Clip3,126,54,player_top,1234.6419270833333,334.64838155110675,1205.9933268229167,246.93689982096353,1263.2904459635417,334.64838155110675,0.4574301342169444,1
gameRG/Clip3,127,53,player_bottom,892.94384765625,863.3759155273438,836.45703125,677.9490356445312,949.4306030273438,863.3759155273438,0.8904978036880493,1
gameRG/Clip3,127,54,player_top,1234.835205078125,334.724853515625,1206.7225341796875,248.85569763183594,1262.94775390625,334.724853515625,0.4588864743709564,1
gameRG/Clip3,128,53,player_bottom,896.007080078125,862.3948364257812,839.5011596679688,675.1114501953125,952.512939453125,862.3948364257812,0.8888834118843079,1
gameRG/Clip3,128,54,player_top,1234.6619873046875,335.1649169921875,1206.716552734375,250.6961212158203,1262.607421875,335.1649169921875,0.4897279143333435,1
gameRG/Clip3,129,53,player_bottom,896.5943603515625,858.7799682617188,841.2136840820312,673.711669921875,951.9750366210938,858.7799682617188,0.8860577940940857,1
gameRG/Clip3,129,54,player_top,1233.4541015625,335.71893310546875,1204.419189453125,248.69064331054688,1262.489013671875,335.71893310546875,0.46264684200286865,1
gameRG/Clip3,130,53,player_bottom,896.46533203125,857.208740234375,841.83056640625,673.63818359375,951.1000366210938,857.208740234375,0.8793419003486633,1
gameRG/Clip3,130,54,player_top,1232.727294921875,335.8720703125,1203.126953125,247.97293090820312,1262.32763671875,335.8720703125,0.4193789064884186,1
gameRG/Clip3,131,53,player_bottom,896.027099609375,858.31201171875,841.2390747070312,673.5618286132812,950.815185546875,858.31201171875,0.8731425404548645,1
gameRG/Clip3,131,54,player_top,1231.243896484375,335.8946533203125,1199.7877197265625,242.9224090576172,1262.7000732421875,335.8946533203125,0.587934210896492,1
gameRG/Clip3,132,53,player_bottom,886.365966796875,856.9623413085938,832.6138305664062,673.194580078125,940.1181030273438,856.9623413085938,0.8774811029434204,1
gameRG/Clip3,132,54,player_top,1229.760498046875,335.917236328125,1196.448486328125,237.87188720703125,1263.072509765625,335.917236328125,0.7564895153045654,1
gameRG/Clip3,133,53,player_bottom,881.6875,857.5380859375,828.578369140625,673.1513671875,934.7966918945312,857.5380859375,0.852618396282196,1
gameRG/Clip3,133,54,player_top,1227.6492919921875,336.1479187011719,1193.154296875,235.1260223388672,1262.144287109375,336.1479187011719,0.7575380206108093,1
gameRG/Clip3,134,53,player_bottom,878.024658203125,856.8607788085938,825.9183959960938,673.3450927734375,930.130859375,856.8607788085938,0.850573718547821,1
gameRG/Clip3,134,54,player_top,1224.8900146484375,336.2825012207031,1189.888916015625,234.6512451171875,1259.89111328125,336.2825012207031,0.7773548364639282,1
gameRG/Clip3,135,53,player_bottom,874.43603515625,855.4343872070312,823.7075805664062,673.5936279296875,925.16455078125,855.4343872070312,0.8685593605041504,1
gameRG/Clip3,135,54,player_top,1221.965576171875,335.46551513671875,1187.232666015625,235.39804077148438,1256.6986083984375,335.46551513671875,0.8175572156906128,1
gameRG/Clip3,136,53,player_bottom,871.8370361328125,853.1087646484375,822.9025268554688,674.3815307617188,920.7715454101562,853.1087646484375,0.8753576278686523,1
gameRG/Clip3,136,54,player_top,1219.043701171875,334.67987060546875,1184.490234375,235.1298370361328,1253.59716796875,334.67987060546875,0.7778234481811523,1
gameRG/Clip3,137,53,player_bottom,868.3010864257812,852.2081909179688,820.9419555664062,675.1589965820312,915.6602172851562,852.2081909179688,0.8618432283401489,1
gameRG/Clip3,137,54,player_top,1215.8316650390625,334.7461853027344,1181.3570556640625,234.98104858398438,1250.3062744140625,334.7461853027344,0.74979168176651,1
gameRG/Clip3,138,53,player_bottom,865.473876953125,851.1002807617188,819.4347534179688,675.9458618164062,911.512939453125,851.1002807617188,0.8643751740455627,1
gameRG/Clip3,138,54,player_top,1211.8182373046875,334.2845153808594,1178.1087646484375,235.12486267089844,1245.5277099609375,334.2845153808594,0.7326164841651917,1
gameRG/Clip3,139,53,player_bottom,863.28125,850.5281982421875,818.1170654296875,677.51611328125,908.4453735351562,850.5281982421875,0.8731129169464111,1
gameRG/Clip3,139,54,player_top,1208.095703125,333.0477600097656,1175.7742919921875,236.3783416748047,1240.4171142578125,333.0477600097656,0.7771438360214233,1
gameRG/Clip3,140,53,player_bottom,860.927001953125,848.70849609375,816.4539794921875,678.3900146484375,905.4000854492188,848.70849609375,0.8716822266578674,1
gameRG/Clip3,140,54,player_top,1205.7181396484375,331.8965148925781,1174.0963134765625,235.7185821533203,1237.3399658203125,331.8965148925781,0.7641610503196716,1
gameRG/Clip3,141,53,player_bottom,858.3567504882812,848.4199829101562,813.7977294921875,678.7510375976562,902.915771484375,848.4199829101562,0.8726031184196472,1
gameRG/Clip3,141,54,player_top,1203.065673828125,331.1010437011719,1171.7850341796875,234.23300170898438,1234.3463134765625,331.1010437011719,0.7698051929473877,1
gameRG/Clip3,142,53,player_bottom,855.6068725585938,847.4061889648438,811.0399780273438,679.2850341796875,900.1737670898438,847.4061889648438,0.8825621008872986,1
gameRG/Clip3,142,54,player_top,1201.138671875,331.3826599121094,1169.8944091796875,232.86329650878906,1232.383056640625,331.3826599121094,0.7431532144546509,1
gameRG/Clip3,143,53,player_bottom,852.7666625976562,847.322998046875,807.6533203125,679.5587158203125,897.8800048828125,847.322998046875,0.8813329339027405,1
gameRG/Clip3,143,54,player_top,1197.691162109375,330.60546875,1166.831298828125,231.9101104736328,1228.5509033203125,330.60546875,0.7830371260643005,1
gameRG/Clip3,144,53,player_bottom,851.4797973632812,848.0193481445312,804.7682495117188,676.3268432617188,898.1913452148438,848.0193481445312,0.8839800357818604,1
gameRG/Clip3,144,54,player_top,1193.311279296875,327.7784118652344,1163.0106201171875,228.57383728027344,1223.61181640625,327.7784118652344,0.5949677228927612,1
gameRG/Clip3,145,53,player_bottom,847.7200317382812,850.3389282226562,799.3318481445312,675.2417602539062,896.1082153320312,850.3389282226562,0.8896138668060303,1
gameRG/Clip3,145,54,player_top,1190.57861328125,327.28558349609375,1160.7178955078125,226.90306091308594,1220.439208984375,327.28558349609375,0.6791625618934631,1
gameRG/Clip3,146,53,player_bottom,842.3563842773438,850.3316650390625,793.1126708984375,674.7887573242188,891.60009765625,850.3316650390625,0.8990461826324463,1
gameRG/Clip3,146,54,player_top,1188.16455078125,326.20513916015625,1159.517333984375,227.08155822753906,1216.811767578125,326.20513916015625,0.6648602485656738,1
gameRG/Clip3,147,53,player_bottom,838.965576171875,850.6895141601562,788.5910034179688,674.1216430664062,889.3401489257812,850.6895141601562,0.8701595664024353,1
gameRG/Clip3,147,54,player_top,1186.05712890625,326.6214904785156,1158.39013671875,227.71600341796875,1213.72412109375,326.6214904785156,0.6540817022323608,1
gameRG/Clip3,148,53,player_bottom,837.05712890625,850.9794921875,785.7997436523438,673.5667724609375,888.314453125,850.9794921875,0.8828580379486084,1
gameRG/Clip3,148,54,player_top,1183.382080078125,326.557861328125,1156.7698974609375,228.95889282226562,1209.994140625,326.557861328125,0.6712841391563416,1
gameRG/Clip3,149,53,player_bottom,835.618896484375,851.5842895507812,783.618896484375,673.4761962890625,887.618896484375,851.5842895507812,0.8608080744743347,1
gameRG/Clip3,149,54,player_top,1180.311767578125,326.32574462890625,1154.576171875,229.44117736816406,1206.04736328125,326.32574462890625,0.6664883494377136,1
gameRG/Clip3,150,53,player_bottom,835.501220703125,852.0214233398438,782.9722900390625,674.024658203125,888.0302124023438,852.0214233398438,0.8586475849151611,1
gameRG/Clip3,150,54,player_top,1177.878662109375,326.3035888671875,1152.833984375,229.81454467773438,1202.92333984375,326.3035888671875,0.6539701223373413,1
gameRG/Clip3,151,53,player_bottom,824.5250854492188,852.617919921875,772.6497802734375,674.0087890625,876.400390625,852.617919921875,0.8676033616065979,1
gameRG/Clip3,151,54,player_top,1175.4508056640625,325.66729736328125,1151.252197265625,230.6754913330078,1199.6494140625,325.66729736328125,0.6660699248313904,1
gameRG/Clip3,152,53,player_bottom,816.855224609375,852.369873046875,765.7937622070312,673.302001953125,867.916748046875,852.369873046875,0.8181536793708801,1
gameRG/Clip3,152,54,player_top,1174.675048828125,326.71527099609375,1150.2828369140625,229.83642578125,1199.0673828125,326.71527099609375,0.5664963722229004,1
gameRG/Clip3,153,53,player_bottom,810.0867919921875,852.1378173828125,760.1060180664062,672.9873657226562,860.067626953125,852.1378173828125,0.835508406162262,1
gameRG/Clip3,153,54,player_top,1172.835205078125,326.8358459472656,1148.4647216796875,228.44932556152344,1197.2056884765625,326.8358459472656,0.4153057634830475,1
gameRG/Clip3,154,53,player_bottom,804.772705078125,851.776611328125,756.1279907226562,673.0599365234375,853.41748046875,851.776611328125,0.8341348171234131,1
gameRG/Clip3,154,54,player_top,1172.587158203125,326.3031311035156,1148.662841796875,229.4690399169922,1196.511474609375,326.3031311035156,0.3866584897041321,1
gameRG/Clip3,155,53,player_bottom,800.2024536132812,851.6481323242188,752.9979248046875,673.773681640625,847.406982421875,851.6481323242188,0.8546386957168579,1
gameRG/Clip3,155,54,player_top,1171.5604248046875,326.6924133300781,1147.4739990234375,229.6407012939453,1195.6468505859375,326.6924133300781,0.5304191708564758,1
gameRG/Clip3,156,53,player_bottom,789.3358764648438,854.600830078125,741.1856689453125,672.614013671875,837.486083984375,854.600830078125,0.4858618676662445,1
gameRG/Clip3,156,54,player_top,1165.502685546875,325.3492736816406,1140.70947265625,226.8809356689453,1190.2957763671875,325.3492736816406,0.7547628283500671,1
gameRG/Clip3,157,53,player_bottom,781.6001586914062,855.5174560546875,733.1176147460938,672.733154296875,830.0827026367188,855.5174560546875,0.7549291253089905,1
gameRG/Clip3,157,54,player_top,1160.579833984375,325.22637939453125,1135.193359375,226.2875518798828,1185.96630859375,325.22637939453125,0.7044853568077087,1
gameRG/Clip3,158,53,player_bottom,782.5128173828125,855.3074951171875,734.7667236328125,672.6613159179688,830.2589111328125,855.3074951171875,0.8066028356552124,1
gameRG/Clip3,158,54,player_top,1157.8980712890625,324.9996337890625,1132.230224609375,227.0169219970703,1183.56591796875,324.9996337890625,0.6467466354370117,1
gameRG/Clip3,159,53,player_bottom,782.9404296875,855.4181518554688,735.9898071289062,672.3626708984375,829.89111328125,855.4181518554688,0.8282760977745056,1
gameRG/Clip3,159,54,player_top,1158.783203125,325.0801086425781,1133.0064697265625,228.03253173828125,1184.56005859375,325.0801086425781,0.4255945086479187,1
gameRG/Clip3,160,53,player_bottom,781.8289794921875,854.9251098632812,736.019287109375,672.0966796875,827.638671875,854.9251098632812,0.8403439521789551,1
gameRG/Clip3,160,54,player_top,1154.6689453125,323.8375651041667,1129.61767578125,229.67096964518228,1179.7203369140625,323.8375651041667,0.43359341224034625,1
gameRG/Clip3,161,53,player_bottom,777.39794921875,854.698486328125,732.2365112304688,671.8978271484375,822.5593872070312,854.698486328125,0.8397939205169678,1
gameRG/Clip3,161,54,player_top,1150.5546875,322.5950215657552,1126.2288818359375,231.30940755208334,1174.880615234375,322.5950215657552,0.44159231583277386,1
gameRG/Clip3,162,53,player_bottom,775.960693359375,854.8065795898438,731.9301147460938,671.7664794921875,819.9912109375,854.8065795898438,0.8529399633407593,1
gameRG/Clip3,162,54,player_top,1146.4404296875,321.35247802734375,1122.840087890625,232.94784545898438,1170.0408935546875,321.35247802734375,0.4495912194252014,1
gameRG/Clip3,163,53,player_bottom,774.634033203125,853.867431640625,731.5663452148438,669.5718994140625,817.7017211914062,853.867431640625,0.8820549249649048,1
gameRG/Clip3,163,54,player_top,1145.816162109375,321.2617492675781,1121.9696044921875,233.11618041992188,1169.6627197265625,321.2617492675781,0.5686776041984558,1
gameRG/Clip3,164,53,player_bottom,771.97802734375,851.7542114257812,730.2371215820312,667.7520141601562,813.7188720703125,851.7542114257812,0.8718301057815552,1
gameRG/Clip3,164,54,player_top,1144.3804931640625,321.5191345214844,1119.95654296875,231.53709411621094,1168.804443359375,321.5191345214844,0.674892008304596,1
gameRG/Clip3,165,53,player_bottom,769.3700561523438,852.4419555664062,727.9829711914062,665.0291748046875,810.7571411132812,852.4419555664062,0.8639079332351685,1
gameRG/Clip3,165,54,player_top,1141.657470703125,320.8600158691406,1116.95263671875,228.7858123779297,1166.3623046875,320.8600158691406,0.6883368492126465,1
gameRG/Clip3,166,53,player_bottom,767.0770263671875,850.0792846679688,726.7567138671875,663.4927368164062,807.3973388671875,850.0792846679688,0.8458940982818604,1
gameRG/Clip3,166,54,player_top,1139.8511962890625,321.0726318359375,1115.0875244140625,227.2051544189453,1164.6148681640625,321.0726318359375,0.6950599551200867,1
gameRG/Clip3,167,53,player_bottom,762.572265625,849.5790405273438,722.5072021484375,660.989990234375,802.6372680664062,849.5790405273438,0.808724582195282,1
gameRG/Clip3,167,54,player_top,1137.2587890625,320.59033203125,1113.000244140625,226.8201446533203,1161.5174560546875,320.59033203125,0.6608248949050903,1
gameRG/Clip3,168,53,player_bottom,761.5155029296875,849.8501586914062,721.9059448242188,657.5419311523438,801.125,849.8501586914062,0.7826149463653564,1
gameRG/Clip3,168,54,player_top,1134.990478515625,321.04534912109375,1110.39990234375,224.27672576904297,1159.5811767578125,321.04534912109375,0.6799939274787903,1
gameRG/Clip3,169,53,player_bottom,761.4328002929688,848.3888549804688,722.790771484375,655.82421875,800.0748291015625,848.3888549804688,0.8386296033859253,1
gameRG/Clip3,169,54,player_top,1132.72216796875,321.5003662109375,1107.799560546875,221.73330688476562,1157.6448974609375,321.5003662109375,0.6991629600524902,1
gameRG/Clip3,170,53,player_bottom,761.304443359375,847.2630004882812,723.7275390625,654.9931030273438,798.8812866210938,847.2630004882812,0.8428613543510437,1
gameRG/Clip3,170,54,player_top,1131.01513671875,321.6385192871094,1106.543701171875,220.75575256347656,1155.4866943359375,321.6385192871094,0.6703103184700012,1
gameRG/Clip3,171,53,player_bottom,760.6910400390625,846.810546875,723.9822998046875,654.7889404296875,797.3997192382812,846.810546875,0.8308629393577576,1
gameRG/Clip3,171,54,player_top,1127.157958984375,321.0988464355469,1102.8955078125,219.13356018066406,1151.4205322265625,321.0988464355469,0.5162439346313477,1
gameRG/Clip3,172,53,player_bottom,760.3172607421875,846.3484497070312,724.4227905273438,654.5989990234375,796.211669921875,846.3484497070312,0.8148424029350281,1
gameRG/Clip3,172,54,player_top,1125.243408203125,320.8611145019531,1101.6517333984375,219.51914978027344,1148.8350830078125,320.8611145019531,0.37773141264915466,1
gameRG/Clip3,173,53,player_bottom,760.8921508789062,845.1778564453125,725.8096313476562,654.1221923828125,795.9746704101562,845.1778564453125,0.8442273736000061,1
gameRG/Clip3,173,54,player_top,1123.1578369140625,320.0745137532552,1100.0224609375,219.87669881184897,1146.293212890625,320.0745137532552,0.4258781870206197,1
gameRG/Clip3,174,53,player_bottom,759.648193359375,844.2302856445312,724.680419921875,651.0501708984375,794.6159057617188,844.2302856445312,0.8471654057502747,1
gameRG/Clip3,174,54,player_top,1121.072265625,319.2879130045573,1098.3931884765625,220.23424784342447,1143.7513427734375,319.2879130045573,0.4740249613920848,1
gameRG/Clip3,175,53,player_bottom,758.0899658203125,842.9918823242188,723.0828247070312,647.322509765625,793.0970458984375,842.9918823242188,0.8400886654853821,1
gameRG/Clip3,175,54,player_top,1118.9866943359375,318.5013122558594,1096.763916015625,220.591796875,1141.20947265625,318.5013122558594,0.5221717357635498,1
gameRG/Clip3,176,53,player_bottom,756.3970947265625,841.8084716796875,720.1585693359375,636.8814697265625,792.6356201171875,841.8084716796875,0.8377452492713928,1
gameRG/Clip3,176,54,player_top,1117.8289794921875,292.3582763671875,1101.37109375,221.76673889160156,1134.286865234375,292.3582763671875,0.5331907272338867,1
gameRG/Clip3,177,53,player_bottom,756.020751953125,837.971435546875,719.2589111328125,628.7046508789062,792.7826538085938,837.971435546875,0.8294065594673157,1
gameRG/Clip3,177,54,player_top,1116.5126953125,282.87030029296875,1102.270263671875,223.21658325195312,1130.7550048828125,282.87030029296875,0.5792309641838074,1
gameRG/Clip3,178,53,player_bottom,754.11865234375,838.447509765625,717.903564453125,630.9140625,790.3338012695312,838.447509765625,0.8329587578773499,1
gameRG/Clip3,178,54,player_top,1114.6845703125,282.90442911783856,1100.5203450520833,224.0081024169922,1128.8486735026042,282.90442911783856,0.5562765796979269,1
gameRG/Clip3,179,53,player_bottom,751.6483154296875,834.8829345703125,717.3352661132812,637.7543334960938,785.9613647460938,834.8829345703125,0.8434192538261414,1
gameRG/Clip3,179,54,player_top,1112.8564453125,282.9385579427083,1098.7704264322917,224.79962158203125,1126.9423421223958,282.9385579427083,0.5333221952120463,1
gameRG/Clip3,180,53,player_bottom,746.4259033203125,825.635009765625,714.2866821289062,640.8831787109375,778.5650634765625,825.635009765625,0.7016468048095703,1
gameRG/Clip3,180,54,player_top,1111.0283203125,282.9726867675781,1097.0205078125,225.5911407470703,1125.0360107421875,282.9726867675781,0.5103678107261658,1
gameRG/Clip3,181,53,player_bottom,746.2385864257812,830.7857055664062,713.5025024414062,642.7031860351562,778.9746704101562,830.7857055664062,0.79897141456604,1
gameRG/Clip3,181,54,player_top,1107.951171875,286.3780517578125,1092.9815673828125,225.8728790283203,1122.9207763671875,286.3780517578125,0.3532487452030182,1
gameRG/Clip3,182,53,player_bottom,744.891357421875,834.810791015625,711.1112060546875,642.693359375,778.6715087890625,834.810791015625,0.831137478351593,1
gameRG/Clip3,182,54,player_top,1105.81884765625,287.37518310546875,1090.839111328125,227.3548583984375,1120.7984619140625,287.37518310546875,0.41782310605049133,1
gameRG/Clip3,183,53,player_bottom,742.001708984375,834.3640747070312,707.8275756835938,643.506103515625,776.1758422851562,834.3640747070312,0.8437947034835815,1
gameRG/Clip3,183,54,player_top,1104.176513671875,287.14202880859375,1089.314453125,228.2401123046875,1119.0384521484375,287.14202880859375,0.36862561106681824,1
gameRG/Clip3,184,53,player_bottom,737.7755126953125,825.837646484375,704.1885375976562,644.7755737304688,771.3624877929688,825.837646484375,0.8424044847488403,1
gameRG/Clip3,184,54,player_top,1102.1220703125,287.4786682128906,1086.9549560546875,226.95361328125,1117.289306640625,287.4786682128906,0.3987402021884918,1
gameRG/Clip3,185,53,player_bottom,732.2569580078125,830.4646606445312,696.5665893554688,646.5613403320312,767.9473876953125,830.4646606445312,0.872524082660675,1
gameRG/Clip3,185,54,player_top,1102.1220703125,287.4786682128906,1086.9549560546875,226.95361328125,1117.289306640625,287.4786682128906,0.3987402021884918,1
gameRG/Clip3,186,53,player_bottom,727.556396484375,833.3309326171875,690.0106201171875,648.1986694335938,765.1022338867188,833.3309326171875,0.8838908076286316,1
gameRG/Clip3,186,54,player_top,1102.1220703125,287.4786682128906,1086.9549560546875,226.95361328125,1117.289306640625,287.4786682128906,0.3987402021884918,1
gameRG/Clip3,187,53,player_bottom,722.6304931640625,832.9761962890625,683.6573486328125,649.02880859375,761.6035766601562,832.9761962890625,0.8861506581306458,1
gameRG/Clip3,187,54,player_top,1102.1220703125,287.4786682128906,1086.9549560546875,226.95361328125,1117.289306640625,287.4786682128906,0.3987402021884918,1
gameRG/Clip3,188,53,player_bottom,720.641845703125,832.4365844726562,680.4266357421875,649.9102783203125,760.8570556640625,832.4365844726562,0.8707846403121948,1
gameRG/Clip3,188,54,player_top,1102.1220703125,287.4786682128906,1086.9549560546875,226.95361328125,1117.289306640625,287.4786682128906,0.3987402021884918,1
gameRG/Clip3,189,53,player_bottom,715.8739013671875,835.4672241210938,673.6654663085938,650.6456298828125,758.0823974609375,835.4672241210938,0.8797392249107361,1
gameRG/Clip3,189,54,player_top,1102.1220703125,287.4786682128906,1086.9549560546875,226.95361328125,1117.289306640625,287.4786682128906,0.3987402021884918,1
gameRG/Clip3,190,53,player_bottom,713.81103515625,837.2316284179688,670.4512939453125,653.170166015625,757.1707153320312,837.2316284179688,0.8695439696311951,1
gameRG/Clip3,190,54,player_top,1102.1220703125,287.4786682128906,1086.9549560546875,226.95361328125,1117.289306640625,287.4786682128906,0.3987402021884918,1
gameRG/Clip3,191,53,player_bottom,712.21240234375,838.0136108398438,667.8712768554688,654.6414184570312,756.553466796875,838.0136108398438,0.8633208274841309,1
gameRG/Clip3,191,54,player_top,1102.1220703125,287.4786682128906,1086.9549560546875,226.95361328125,1117.289306640625,287.4786682128906,0.3987402021884918,1
gameRG/Clip3,192,53,player_bottom,710.9602661132812,837.9069213867188,666.3687133789062,658.58984375,755.5518188476562,837.9069213867188,0.8826821446418762,1
gameRG/Clip3,192,54,player_top,1102.1220703125,287.4786682128906,1086.9549560546875,226.95361328125,1117.289306640625,287.4786682128906,0.3987402021884918,1
gameRG/Clip3,193,53,player_bottom,710.293212890625,837.480224609375,665.1981811523438,660.457275390625,755.3882446289062,837.480224609375,0.8839668035507202,1
gameRG/Clip3,193,54,player_top,1102.1220703125,287.4786682128906,1086.9549560546875,226.95361328125,1117.289306640625,287.4786682128906,0.3987402021884918,1
gameRG/Clip3,194,53,player_bottom,709.962646484375,837.2965698242188,664.1534423828125,661.1785888671875,755.7719116210938,837.2965698242188,0.8837757110595703,1
gameRG/Clip3,194,54,player_top,1102.1220703125,287.4786682128906,1086.9549560546875,226.95361328125,1117.289306640625,287.4786682128906,0.3987402021884918,1
gameRG/Clip3,195,53,player_bottom,711.353515625,837.43994140625,664.608642578125,661.8233642578125,758.0984497070312,837.43994140625,0.8788150548934937,1
gameRG/Clip3,195,54,player_top,1102.1220703125,287.4786682128906,1086.9549560546875,226.95361328125,1117.289306640625,287.4786682128906,0.3987402021884918,1
gameRG/Clip3,196,53,player_bottom,713.96533203125,837.65869140625,666.0652465820312,662.5589599609375,761.865478515625,837.65869140625,0.8809137940406799,1
gameRG/Clip3,196,54,player_top,1102.1220703125,287.4786682128906,1086.9549560546875,226.95361328125,1117.289306640625,287.4786682128906,0.3987402021884918,1
gameRG/Clip3,197,53,player_bottom,716.0753173828125,837.8735961914062,666.689697265625,662.0563354492188,765.4609985351562,837.8735961914062,0.8718329071998596,1
gameRG/Clip3,197,54,player_top,1102.1220703125,287.4786682128906,1086.9549560546875,226.95361328125,1117.289306640625,287.4786682128906,0.3987402021884918,1
gameRG/Clip3,198,53,player_bottom,718.16064453125,837.5890502929688,667.6666870117188,662.3009643554688,768.654541015625,837.5890502929688,0.8647547364234924,1
gameRG/Clip3,198,54,player_top,1102.1220703125,287.4786682128906,1086.9549560546875,226.95361328125,1117.289306640625,287.4786682128906,0.3987402021884918,1
gameRG/Clip3,199,53,player_bottom,719.3060302734375,837.2413330078125,667.351806640625,661.1546630859375,771.26025390625,837.2413330078125,0.8931429982185364,1
gameRG/Clip3,199,54,player_top,1102.1220703125,287.4786682128906,1086.9549560546875,226.95361328125,1117.289306640625,287.4786682128906,0.3987402021884918,1
