clip,frame,player_id,real_x,real_y
game8/Clip1,0,player_bottom,7.85904776483936,-1.4571141140306063
game8/Clip1,0,player_top,3.294543246572098,23.716136197607096
game8/Clip1,1,player_bottom,7.859968602962819,-1.453136892422441
game8/Clip1,1,player_top,3.263455334599337,23.801074654014762
game8/Clip1,2,player_bottom,7.860466326182992,-1.4406293390688039
game8/Clip1,2,player_top,3.256270073127654,23.792077011461423
game8/Clip1,3,player_bottom,7.861286564013394,-1.4131076522236088
game8/Clip1,3,player_top,3.2251688222307298,23.745905774128993
game8/Clip1,4,player_bottom,7.864662705927729,-1.3469555065367327
game8/Clip1,4,player_top,3.1828873193795553,23.697729917152635
game8/Clip1,5,player_bottom,7.86010942613555,-1.2862324487265593
game8/Clip1,5,player_top,3.1294292019718464,23.647343261132143
game8/Clip1,6,player_bottom,7.838319749950334,-1.2041309539509006
game8/Clip1,6,player_top,3.1014714731654687,23.56036165612583
game8/Clip1,7,player_bottom,7.788369245364981,-1.1313269211373795
game8/Clip1,7,player_top,3.0722699070453627,23.422994585764577
game8/Clip1,8,player_bottom,7.735734997567407,-1.0893683681146429
game8/Clip1,8,player_top,3.052481883440345,23.313502660503346
game8/Clip1,9,player_bottom,7.696696611728719,-1.1177570679188111
game8/Clip1,9,player_top,3.041181552723639,23.17199660201098
game8/Clip1,10,player_bottom,7.676053029496896,-1.1627967893362858
game8/Clip1,10,player_top,3.0438817707747865,23.11686136903024
game8/Clip1,11,player_bottom,7.671958101109972,-1.1712215311802603
game8/Clip1,11,player_top,3.078798107414576,23.11352412014264
game8/Clip1,12,player_bottom,7.678568481836728,-1.167052063804072
game8/Clip1,12,player_top,3.1579308392338237,23.118383250985676
game8/Clip1,13,player_bottom,7.7017211441035025,-1.148387855095048
game8/Clip1,13,player_top,3.1902185510056547,23.139022889418158
game8/Clip1,14,player_bottom,7.72494486869493,-1.1290744417881553
game8/Clip1,14,player_top,3.243835911843182,23.12782381736334
game8/Clip1,15,player_bottom,7.749685116090983,-1.111640202105165
game8/Clip1,15,player_top,3.296596641037727,23.108149993891676
game8/Clip1,16,player_bottom,7.816122250768956,-1.0917317597785392
game8/Clip1,16,player_top,3.319666985579851,23.180710587282473
game8/Clip1,17,player_bottom,7.854271534036835,-1.085286209039214
game8/Clip1,17,player_top,3.3492913170816974,23.257487192420136
game8/Clip1,18,player_bottom,7.899578012655568,-1.0771690130232612
game8/Clip1,18,player_top,3.390081346659207,23.351238786913328
game8/Clip1,19,player_bottom,7.940601095707828,-1.0608645231038363
game8/Clip1,19,player_top,3.3914381509566307,23.224455682949916
game8/Clip1,20,player_bottom,8.059659178435084,-1.0489091719703008
game8/Clip1,20,player_top,3.3833779359479372,23.176736398043136
game8/Clip1,21,player_bottom,8.171011884759839,-1.023510486496209
game8/Clip1,21,player_top,3.3728428892859883,23.16025805097749
game8/Clip1,22,player_bottom,8.269719195815759,-1.0165291327911992
game8/Clip1,22,player_top,3.372532692257668,23.14547737903349
game8/Clip1,23,player_bottom,8.433020406892092,-1.0222844344653483
game8/Clip1,23,player_top,3.362869833630451,23.16661593288791
game8/Clip1,24,player_bottom,8.508451156832813,-0.996576806051164
game8/Clip1,24,player_top,3.353796084220755,23.24341554867864
game8/Clip1,25,player_bottom,8.632385281238223,-0.5434701950816636
game8/Clip1,25,player_top,3.348717471470594,23.414681324453277
game8/Clip1,26,player_bottom,8.759265755859067,-0.09688668521952933
game8/Clip1,26,player_top,3.344540148811491,23.49954284454365
game8/Clip1,27,player_bottom,8.86433493653364,0.15683576118082346
game8/Clip1,27,player_top,3.3412913224647007,23.675885892677794
game8/Clip1,28,player_bottom,8.955179300110176,0.25148224268890473
game8/Clip1,28,player_top,3.349608502265583,23.832553220959475
game8/Clip1,29,player_bottom,9.06530159943836,0.2748292167727556
game8/Clip1,29,player_top,3.3500741529230247,24.00704028944803
game8/Clip1,30,player_bottom,9.19341936325987,0.08683301773947627
game8/Clip1,30,player_top,3.3470517649650784,24.097470772157447
game8/Clip1,31,player_bottom,9.315707936763765,0.0241992198171137
game8/Clip1,31,player_top,3.3400198380288764,24.135113332225202
game8/Clip1,32,player_bottom,9.405604661937653,-0.011499090964039173
game8/Clip1,32,player_top,3.335041989847792,24.19147815241193
game8/Clip1,33,player_bottom,9.466211022263806,-0.011174542536362107
game8/Clip1,33,player_top,3.3304134008827013,24.223559267138246
game8/Clip1,34,player_bottom,9.504736299959266,0.01638088577858057
game8/Clip1,34,player_top,3.326931014557266,24.189027520000344
game8/Clip1,35,player_bottom,9.512813435436007,-0.033304168473931875
game8/Clip1,35,player_top,3.366662497992656,24.116651376632003
game8/Clip1,36,player_bottom,9.516923787834038,-0.04188866214883743
game8/Clip1,36,player_top,3.4121829078387047,24.11723256698194
game8/Clip1,37,player_bottom,9.529444177715124,-0.06838649756914146
game8/Clip1,37,player_top,3.4647866104456275,24.095690481964862
game8/Clip1,38,player_bottom,9.536148723320878,-0.06855204497728978
game8/Clip1,38,player_top,3.5012956416027947,24.106685878362786
game8/Clip1,39,player_bottom,9.551607776162328,-0.03369309631653457
game8/Clip1,39,player_top,3.5165778703847113,24.058860064447874
game8/Clip1,40,player_bottom,9.528951510404477,-0.0276719695566681
game8/Clip1,40,player_top,3.5003391188321755,24.19629567666876
game8/Clip1,41,player_bottom,9.523825584510298,0.016731409236080897
game8/Clip1,41,player_top,3.4793288082394307,24.31769364610308
game8/Clip1,42,player_bottom,9.478878420495072,0.011501833656831103
game8/Clip1,42,player_top,3.4464852580516725,24.627563347599086
game8/Clip1,43,player_bottom,9.430367093841403,0.038329215030368194
game8/Clip1,43,player_top,3.4005283921703082,24.882823941869116
game8/Clip1,44,player_bottom,9.326548966620882,0.0606278642988202
game8/Clip1,44,player_top,3.399117479523502,25.043999819537138
game8/Clip1,45,player_bottom,9.230654592879903,-0.014158728297524181
game8/Clip1,45,player_top,3.4104533876486034,25.15478232403657
game8/Clip1,46,player_bottom,9.072020554343286,0.03614995334280587
game8/Clip1,46,player_top,3.419788014884245,25.19714315847284
game8/Clip1,47,player_bottom,8.959368414236579,0.05624769827562526
game8/Clip1,47,player_top,3.4217974667608364,25.195820160442786
game8/Clip1,48,player_bottom,8.880481773064789,0.06761543271419446
game8/Clip1,48,player_top,3.412443531424897,25.19009952005739
game8/Clip1,49,player_bottom,8.809865813438693,0.08508574814856133
game8/Clip1,49,player_top,3.414764077547454,25.17433283842114
game8/Clip1,50,player_bottom,8.6854700783608,0.12420527943762955
game8/Clip1,50,player_top,3.422370300195673,25.15267389211911
game8/Clip1,51,player_bottom,8.538469449086508,0.12623938344906496
game8/Clip1,51,player_top,3.428352102610793,25.193800616144053
game8/Clip1,52,player_bottom,8.455634132126612,0.10960871665375357
game8/Clip1,52,player_top,3.434254440159413,25.226555839812164
game8/Clip1,53,player_bottom,8.34323221855093,0.06976384000967183
game8/Clip1,53,player_top,3.474982120481243,25.30903874730397
game8/Clip1,54,player_bottom,8.271367630357746,-0.06897394606190141
game8/Clip1,54,player_top,3.4644556929876402,25.505827317986846
game8/Clip1,55,player_bottom,8.134051851405355,-0.2136247126349909
game8/Clip1,55,player_top,3.4295221001737937,25.721787727533197
game8/Clip1,56,player_bottom,8.04932057478325,-0.28255530622217717
game8/Clip1,56,player_top,3.3475094188025514,26.12455476302803
game8/Clip1,57,player_bottom,7.9239207765357484,-0.34747728898321417
game8/Clip1,57,player_top,3.332767404717613,26.328766023527198
game8/Clip1,58,player_bottom,7.758538591757921,-0.34089418791023446
game8/Clip1,58,player_top,3.3335811650621334,26.46603001716076
game8/Clip1,59,player_bottom,7.601805122926706,-0.35380228902853583
game8/Clip1,59,player_top,3.2731363249954804,26.631502267342146
game8/Clip1,60,player_bottom,7.475208635613689,-0.3048931961979305
game8/Clip1,60,player_top,3.2842280791444804,26.638273768679
game8/Clip1,61,player_bottom,7.326461843342284,-0.10345103216909703
game8/Clip1,61,player_top,3.2755362393141922,26.56509985700126
game8/Clip1,62,player_bottom,7.23189876788754,-0.05367109892409551
game8/Clip1,62,player_top,3.2781616133318234,26.572050662652245
game8/Clip1,63,player_bottom,7.043944377693942,-0.2745485361048583
game8/Clip1,63,player_top,3.2624214404123646,26.563322481510507
game8/Clip1,64,player_bottom,6.910748477755273,-0.45472421341947283
game8/Clip1,64,player_top,3.2602813662434738,26.535090933095265
game8/Clip1,65,player_bottom,6.7581363455449015,-0.5786058773495557
game8/Clip1,65,player_top,3.2578349355123724,26.532610078791457
game8/Clip1,66,player_bottom,6.627698698200892,-0.7466510205889106
game8/Clip1,66,player_top,3.2459906421055282,26.56253292184364
game8/Clip1,67,player_bottom,6.512607893593854,-0.8314089985679022
game8/Clip1,67,player_top,3.254173504732272,26.63140043369153
game8/Clip1,68,player_bottom,6.430434755302523,-0.884067652442618
game8/Clip1,68,player_top,3.259483691049201,26.68078885681108
game8/Clip1,69,player_bottom,6.343446641978154,-0.8947751714362794
game8/Clip1,69,player_top,3.2864756916224107,26.71415927805795
game8/Clip1,70,player_bottom,6.219315819510492,-0.8866988491080202
game8/Clip1,70,player_top,3.2963728013977676,26.7611525889164
game8/Clip1,71,player_bottom,6.067920640371351,-0.874839189165985
game8/Clip1,71,player_top,3.307271970430602,26.911793853591988
game8/Clip1,72,player_bottom,5.9262730626603,-0.8560835099031375
game8/Clip1,72,player_top,3.3064988953735166,27.04915721437034
game8/Clip1,73,player_bottom,5.818197146872427,-0.8399076565132002
game8/Clip1,73,player_top,3.294094877942174,27.164090669082803
game8/Clip1,74,player_bottom,5.695661782812661,-0.8259403101705789
game8/Clip1,74,player_top,3.3057829491226376,27.243322758118698
game8/Clip1,75,player_bottom,5.609458936735592,-0.7894759522120742
game8/Clip1,75,player_top,3.3092048231943334,27.28416743520329
game8/Clip1,76,player_bottom,5.458213184815449,-0.8025339359477602
game8/Clip1,76,player_top,3.267215719773914,27.255599763451315
game8/Clip1,77,player_bottom,5.3458653998167245,-0.8370886342698545
game8/Clip1,77,player_top,3.2580133493666863,27.253088329401233
game8/Clip1,78,player_bottom,5.202016216166166,-0.8818756839566351
game8/Clip1,78,player_top,3.267892545399165,27.237598181331304
game8/Clip1,79,player_bottom,5.104862990186888,-0.8822599945862047
game8/Clip1,79,player_top,3.2733887926669447,27.22593308788428
game8/Clip1,80,player_bottom,5.032012029497066,-0.9067101755202065
game8/Clip1,80,player_top,3.2978202618541554,27.21269782676382
game8/Clip1,81,player_bottom,4.9540874957949494,-0.9590146722031955
game8/Clip1,81,player_top,3.3282891767392657,27.194599256217703
game8/Clip1,82,player_bottom,4.873274585177601,-1.0053866957944868
game8/Clip1,82,player_top,3.3598289509638386,27.18510360127418
game8/Clip1,83,player_bottom,4.760709126879105,-0.9863197727557776
game8/Clip1,83,player_top,3.381349383382758,27.217119816926317
game8/Clip1,84,player_bottom,4.656077606512545,-1.0225012776136926
game8/Clip1,84,player_top,3.4207042914416457,27.259520227382595
game8/Clip1,85,player_bottom,4.575897180311752,-1.052821322841513
game8/Clip1,85,player_top,3.4776984902014907,27.33391794319023
game8/Clip1,86,player_bottom,4.513899467281924,-1.1167098678964653
game8/Clip1,86,player_top,3.5231216977378987,27.38090829818638
game8/Clip1,87,player_bottom,4.472980657687526,-1.1536392182486592
game8/Clip1,87,player_top,3.5621046588057963,27.41605539233203
game8/Clip1,88,player_bottom,4.4405861875964385,-1.1726002342348116
game8/Clip1,88,player_top,3.5890672053745805,27.388808431351105
game8/Clip1,89,player_bottom,4.404410661770907,-1.182202036212889
game8/Clip1,89,player_top,3.6305543761831602,27.477370654351695
game8/Clip1,90,player_bottom,4.359498383125463,-1.1759344625639467
game8/Clip1,90,player_top,3.654056993151748,27.57789406662771
game8/Clip1,91,player_bottom,4.2909477315991085,-1.1595070342648481
game8/Clip1,91,player_top,3.6862549997300538,27.555113564245378
game8/Clip1,92,player_bottom,4.23421021839931,-1.1494961259919536
game8/Clip1,92,player_top,3.7271737487253196,27.512604759326756
game8/Clip1,93,player_bottom,4.185265072491626,-1.1491766015666076
game8/Clip1,93,player_top,3.760048719217357,27.50652144858976
game8/Clip1,94,player_bottom,4.129364973124241,-1.1481625727603992
game8/Clip1,94,player_top,3.7876933317659276,27.51123282800474
game8/Clip1,95,player_bottom,4.087267184843856,-1.1379383596873476
game8/Clip1,95,player_top,3.805454713508838,27.497248575028728
game8/Clip1,96,player_bottom,4.057153225804893,-1.1352940160945737
game8/Clip1,96,player_top,3.8308815597423376,27.51670214854822
game8/Clip1,97,player_bottom,4.0334921617143,-1.1288630583733426
game8/Clip1,97,player_top,3.849891492824293,27.52660152685779
game8/Clip1,98,player_bottom,4.0091693432502575,-1.1202482305643866
game8/Clip1,98,player_top,3.8865075368744013,27.513079425737736
game8/Clip1,99,player_bottom,3.972006822881245,-1.112524788064183
game8/Clip1,99,player_top,3.9434135846196545,27.502000257520045
game8/Clip1,100,player_bottom,3.9265362809399087,-1.122957113541525
game8/Clip1,100,player_top,3.992524480607849,27.516625470971118
game8/Clip1,101,player_bottom,3.861989246695831,-1.1188771447167518
game8/Clip1,101,player_top,4.0578328215741015,27.509658890297267
game8/Clip1,102,player_bottom,3.8180354604914672,-1.1368298510194763
game8/Clip1,102,player_top,4.1105092366243,27.462546166723094
game8/Clip1,103,player_bottom,3.775181129045675,-1.1751038369596511
game8/Clip1,103,player_top,4.16972775059584,27.440862983883186
game8/Clip1,104,player_bottom,3.724918176925874,-1.189272737802354
game8/Clip1,104,player_top,4.208928046600209,27.471210732830475
game8/Clip1,105,player_bottom,3.666076064362996,-1.191960190892236
game8/Clip1,105,player_top,4.2576734009108845,27.509781967458697
game8/Clip1,106,player_bottom,3.6167787493852557,-1.1920683023127343
game8/Clip1,106,player_top,4.303820050440633,27.536937533094395
game8/Clip1,107,player_bottom,3.5837442357400198,-1.1961435703761376
game8/Clip1,107,player_top,4.348501016958388,27.572324298049875
game8/Clip1,108,player_bottom,3.566929043147837,-1.2051233616002583
game8/Clip1,108,player_top,4.383626343886821,27.599880276065118
game8/Clip1,109,player_bottom,3.5567300440251644,-1.2209694875923733
game8/Clip1,109,player_top,4.411415498583558,27.606580857986096
game8/Clip1,110,player_bottom,3.5361198749220843,-1.2203768818559977
game8/Clip1,110,player_top,4.432409383798829,27.594698684086577
game8/Clip1,111,player_bottom,3.5036554121490355,-1.2173504410372957
game8/Clip1,111,player_top,4.466927511117548,27.57739283196477
game8/Clip1,112,player_bottom,3.4585149146611536,-1.2124789189050178
game8/Clip1,112,player_top,4.493375828763654,27.624255159230025
game8/Clip1,113,player_bottom,3.402008979615715,-1.2168230166367164
game8/Clip1,113,player_top,4.51817303453727,27.661625434267805
game8/Clip1,114,player_bottom,3.331163702826282,-1.2123274385591145
game8/Clip1,114,player_top,4.553228390171109,27.69777434457608
game8/Clip1,115,player_bottom,3.2688698284109377,-1.2190485154134418
game8/Clip1,115,player_top,4.590660235722616,27.70565629599872
game8/Clip1,116,player_bottom,3.221151427800461,-1.2389862083081888
game8/Clip1,116,player_top,4.643309397738998,27.694804155069985
game8/Clip1,117,player_bottom,3.173635013298582,-1.2510083409220578
game8/Clip1,117,player_top,4.68375883830821,27.695205259016078
game8/Clip2,0,player_bottom,0.7239363920014064,-1.639420319911454
game8/Clip2,0,player_top,5.0803746937332726,22.1962888970663
game8/Clip2,1,player_bottom,0.7239363920014064,-1.639420319911454
game8/Clip2,1,player_top,5.0803746937332726,22.1962888970663
game8/Clip2,2,player_bottom,0.7326962087891927,-1.6906855956609042
game8/Clip2,2,player_top,5.091253797931734,22.200072862676528
game8/Clip2,3,player_bottom,0.7414475228165933,-1.6895826462599102
game8/Clip2,3,player_top,5.093331787523175,22.212554721390656
game8/Clip2,4,player_bottom,0.7461541205420839,-1.6843911305896209
game8/Clip2,4,player_top,5.106363826489479,22.158557460541015
game8/Clip2,5,player_bottom,0.7500613708036408,-1.6924182311847729
game8/Clip2,5,player_top,5.131789981637975,22.16884144311161
game8/Clip2,6,player_bottom,0.7387335892833539,-1.672563836642942
game8/Clip2,6,player_top,5.152647819095068,22.17823640096354
game8/Clip2,7,player_bottom,0.7127940380769768,-1.6490393742791407
game8/Clip2,7,player_top,5.188750540064237,22.162009366698864
game8/Clip2,8,player_bottom,0.691733219499648,-1.609814237077468
game8/Clip2,8,player_top,5.195280005962287,22.194440446408713
game8/Clip2,9,player_bottom,0.6614668194301322,-1.5566057879546529
game8/Clip2,9,player_top,5.200033119382024,22.226232767009037
game8/Clip2,10,player_bottom,0.6362257202517142,-1.4784228283105332
game8/Clip2,10,player_top,5.18689296964123,22.318550187380385
game8/Clip2,11,player_bottom,0.5435412956597504,-1.4177245689461326
game8/Clip2,11,player_top,5.157986888752674,22.299410582469108
game8/Clip2,12,player_bottom,0.4675649685617615,-1.3419055167590692
game8/Clip2,12,player_top,5.162435201142842,22.262724675322776
game8/Clip2,13,player_bottom,0.38951646253851885,-1.301177036229658
game8/Clip2,13,player_top,5.165185195232483,22.26378267924212
game8/Clip2,14,player_bottom,0.29950296388149056,-1.2661224260367425
game8/Clip2,14,player_top,5.166460393444817,22.269912849464
game8/Clip2,15,player_bottom,0.18268948932963522,-1.2457716506332164
game8/Clip2,15,player_top,5.166218825644592,22.261636448270778
game8/Clip2,16,player_bottom,0.04137293891132128,-1.2445322568107697
game8/Clip2,16,player_top,5.18267957950699,22.31472281869178
game8/Clip2,17,player_bottom,-0.10582509232675784,-1.2439503070928382
game8/Clip2,17,player_top,5.202355234337834,22.3540384399565
game8/Clip2,18,player_bottom,-0.16595070311454982,-1.2387791075920267
game8/Clip2,18,player_top,5.233431047842173,22.515440627104653
game8/Clip2,19,player_bottom,-0.19452443980911685,-1.2463132120183906
game8/Clip2,19,player_top,5.268496903759546,22.65584305990503
game8/Clip2,20,player_bottom,-0.3596670401729982,-0.7350432980991629
game8/Clip2,20,player_top,5.32747802575971,22.790492316823066
game8/Clip2,21,player_bottom,-0.5224790195960938,-0.31395288054874587
game8/Clip2,21,player_top,5.377831146792295,22.916864181987737
game8/Clip2,22,player_bottom,-0.6457598041207068,-0.2005285322350216
game8/Clip2,22,player_top,5.425304895866136,22.944235437201428
game8/Clip2,23,player_bottom,-0.7293457638690489,-0.14939730308836588
game8/Clip2,23,player_top,5.459352565944628,22.874556813531996
game8/Clip2,24,player_bottom,-0.7823419780692027,-0.1330195638446008
game8/Clip2,24,player_top,5.47494174384895,22.836631243656782
game8/Clip2,25,player_bottom,-0.8264720816181022,-0.19633215084766917
game8/Clip2,25,player_top,5.484044094247506,22.928558813894735
game8/Clip2,26,player_bottom,-0.9005805158090024,-0.1499696701043305
game8/Clip2,26,player_top,5.509517399823091,22.885969576210645
game8/Clip2,27,player_bottom,-0.9882651355072938,-0.3316047083535546
game8/Clip2,27,player_top,5.54663205082215,22.869443581871842
game8/Clip2,28,player_bottom,-1.0575179038057594,-0.3004078569689954
game8/Clip2,28,player_top,5.613433240188714,22.875291270433678
game8/Clip2,29,player_bottom,-1.0830025858549002,-0.3491836435618585
game8/Clip2,29,player_top,5.636152316955362,22.860842799067164
game8/Clip2,30,player_bottom,-1.0977603285945636,-0.35891227963913813
game8/Clip2,30,player_top,5.642385017450951,22.838250821183134
game8/Clip2,31,player_bottom,-1.0987830170852693,-0.3909899160841361
game8/Clip2,31,player_top,5.621224102992506,22.85626412838951
game8/Clip2,32,player_bottom,-1.103670874936527,-0.3703592740488403
game8/Clip2,32,player_top,5.563805300571998,22.929430264809653
game8/Clip2,33,player_bottom,-1.1025187795288538,-0.34145659406308027
game8/Clip2,33,player_top,5.542835526016885,23.104510002242563
game8/Clip2,34,player_bottom,-1.1038793239370188,-0.3277742013191052
game8/Clip2,34,player_top,5.544057198433267,23.253912850157324
game8/Clip2,35,player_bottom,-1.0935766878963435,-0.31645122035762674
game8/Clip2,35,player_top,5.506209449248355,23.31057045925215
game8/Clip2,36,player_bottom,-1.0464034377946205,-0.2895341047589385
game8/Clip2,36,player_top,5.487500179830324,23.34408683578006
game8/Clip2,37,player_bottom,-1.0002699272074285,-0.24830596341478042
game8/Clip2,37,player_top,5.469542953169314,23.36058818880632
game8/Clip2,38,player_bottom,-0.9533038637775214,-0.18123764518520039
game8/Clip2,38,player_top,5.457764559264229,23.362824178830934
game8/Clip2,39,player_bottom,-0.8744368076197186,-0.15734471004540646
game8/Clip2,39,player_top,5.438142417255164,23.36110689217056
game8/Clip2,40,player_bottom,-0.7823498680570387,-0.15909748596420945
game8/Clip2,40,player_top,5.3560547536978875,23.30177310534353
game8/Clip2,41,player_bottom,-0.6151886959161561,-0.13873247440651368
game8/Clip2,41,player_top,5.3429161232129765,23.277872774881416
game8/Clip2,42,player_bottom,-0.45882230762780274,-0.1397630552119949
game8/Clip2,42,player_top,5.350315238460652,23.36481113800939
game8/Clip2,43,player_bottom,-0.3597514740777765,-0.1391682108505325
game8/Clip2,43,player_top,5.355969391720965,23.307164353448382
game8/Clip2,44,player_bottom,-0.2911883267275198,-0.1265255101766613
game8/Clip2,44,player_top,5.42563675259433,23.275201873533845
game8/Clip2,45,player_bottom,-0.22907938364586797,0.018321961354079232
game8/Clip2,45,player_top,5.444349309577425,23.252146073630136
game8/Clip2,46,player_bottom,-0.1426882727055832,0.058778243212873255
game8/Clip2,46,player_top,5.41518207286232,23.234760677182923
game8/Clip2,47,player_bottom,0.001380475028364614,0.026689275361261186
game8/Clip2,47,player_top,5.371384617523692,23.218905108614887
game8/Clip2,48,player_bottom,0.18986245915167438,0.0140507381376956
game8/Clip2,48,player_top,5.388098233670038,23.224755900220902
game8/Clip2,49,player_bottom,0.39802922771095967,0.05132373919005051
game8/Clip2,49,player_top,5.378690699373079,23.223558141891225
game8/Clip2,50,player_bottom,0.5344809525147564,0.056521285972591234
game8/Clip2,50,player_top,5.361084480697647,23.222177357967944
game8/Clip2,51,player_bottom,0.6520467026995596,-0.046014511239048726
game8/Clip2,51,player_top,5.360351536664147,23.256662840421342
game8/Clip2,52,player_bottom,0.7689660843038494,-0.14935111658770425
game8/Clip2,52,player_top,5.353037605543569,23.28160890127731
game8/Clip2,53,player_bottom,0.9131780225068064,-0.287382602183626
game8/Clip2,53,player_top,5.38582547203278,23.292634260156273
game8/Clip2,54,player_bottom,1.0998790364181341,-0.3423795791644128
game8/Clip2,54,player_top,5.361763714147984,23.333226497078982
game8/Clip2,55,player_bottom,1.3228982192664869,-0.35828438494569725
game8/Clip2,55,player_top,5.357865556988132,23.37048088335065
game8/Clip2,56,player_bottom,1.5346735836825471,-0.3646046540354855
game8/Clip2,56,player_top,5.320450147987141,23.350621841817503
game8/Clip2,57,player_bottom,1.682632978040033,-0.3758414528673999
game8/Clip2,57,player_top,5.274388976955083,23.332091413679073
game8/Clip2,58,player_bottom,1.7870988955445237,-0.3755263851757191
game8/Clip2,58,player_top,5.234899191472668,23.32553718169204
game8/Clip2,59,player_bottom,1.9402486636156957,-0.34755865407208886
game8/Clip2,59,player_top,5.227179872415017,23.338225238663245
game8/Clip2,60,player_bottom,2.092421868114554,-0.44763548320172813
game8/Clip2,60,player_top,5.140289131626022,23.31890565338956
game8/Clip2,61,player_bottom,2.250076136345761,-0.5974781309613727
game8/Clip2,61,player_top,5.083004571836511,23.302624915133677
game8/Clip2,62,player_bottom,2.4022579834586315,-0.6833790846229197
game8/Clip2,62,player_top,5.045010778855329,23.29579012234852
game8/Clip2,63,player_bottom,2.554110648488377,-0.7060976684249476
game8/Clip2,63,player_top,4.994354647805666,23.287657496484794
game8/Clip2,64,player_bottom,2.7691931475079348,-0.7251776143544907
game8/Clip2,64,player_top,4.937019989909207,23.2572071275863
game8/Clip2,65,player_bottom,2.9063750867825537,-0.7416949045748855
game8/Clip2,65,player_top,4.877485995739068,23.271512544388578
game8/Clip2,66,player_bottom,3.0402900406989737,-1.004332104539662
game8/Clip2,66,player_top,4.821272084611758,23.277839096367334
game8/Clip2,67,player_bottom,3.149043533360433,-0.8390918206453691
game8/Clip2,67,player_top,4.782377533245338,23.173992038127228
game8/Clip2,68,player_bottom,3.2595484643889243,-1.0225107064322472
game8/Clip2,68,player_top,4.734572273776469,23.016118163523423
game8/Clip2,69,player_bottom,3.4050520648664304,-1.222059913223979
game8/Clip2,69,player_top,4.674398455051024,22.872024305973174
game8/Clip2,70,player_bottom,3.513008520807075,-1.3646271394972989
game8/Clip2,70,player_top,4.621080082976227,22.65072160586205
game8/Clip2,71,player_bottom,3.607811791387539,-1.554245453368859
game8/Clip2,71,player_top,4.580571440186347,22.525275980697387
game8/Clip2,72,player_bottom,3.674921140175476,-1.6385422985465632
game8/Clip2,72,player_top,4.542226172933352,22.439199616690267
game8/Clip2,73,player_bottom,3.7378775010785086,-1.6693187606002382
game8/Clip2,73,player_top,4.491170012061738,22.383059882310732
game8/Clip2,74,player_bottom,3.7967889125914205,-1.6877737594575255
game8/Clip2,74,player_top,4.447425156597073,22.367018396762763
game8/Clip2,75,player_bottom,3.8777211141368557,-1.6965579050778152
game8/Clip2,75,player_top,4.421323031713985,22.367296963986618
game8/Clip2,76,player_bottom,3.9719285610207966,-1.6886541221737914
game8/Clip2,76,player_top,4.40311991298921,22.393097854195826
game8/Clip2,77,player_bottom,4.052926591166251,-1.6733666927485351
game8/Clip2,77,player_top,4.385930533113614,22.355455067447753
game8/Clip2,78,player_bottom,4.14606789876635,-1.656701347495536
game8/Clip2,78,player_top,4.379534417754372,22.372332612033823
game8/Clip2,79,player_bottom,4.228990950588078,-1.6544448968211427
game8/Clip2,79,player_top,4.37217820130606,22.384949434686447
game8/Clip2,80,player_bottom,4.293954577164862,-1.6804086382426362
game8/Clip2,80,player_top,4.338829869525097,22.311585580893176
game8/Clip2,81,player_bottom,4.33985361227686,-1.7458696051113904
game8/Clip2,81,player_top,4.304227600688325,22.24810097260941
game8/Clip2,82,player_bottom,4.3801476617146164,-1.7808329765938964
game8/Clip2,82,player_top,4.254808928698892,22.20451854732095
game8/Clip2,83,player_bottom,4.424065910579457,-1.791051187531241
game8/Clip2,83,player_top,4.213573286362041,22.18279754309424
game8/Clip2,84,player_bottom,4.485170618096294,-1.809877825128705
game8/Clip2,84,player_top,4.17439689452029,22.181580357618618
game8/Clip2,85,player_bottom,4.555381770744471,-1.8677190680157691
game8/Clip2,85,player_top,4.149460123121615,22.161706254022317
game8/Clip2,86,player_bottom,4.596570400145166,-1.9600571424493825
game8/Clip2,86,player_top,4.1362042013452305,22.15509050694191
game8/Clip2,87,player_bottom,4.646252864773033,-2.042067721020781
game8/Clip2,87,player_top,4.133394994735146,22.125908356539878
game8/Clip2,88,player_bottom,4.723118773900694,-2.0729336673093655
game8/Clip2,88,player_top,4.131022509748922,22.117926280164045
game8/Clip2,89,player_bottom,4.775366082891554,-2.1203853738725003
game8/Clip2,89,player_top,4.12083813434725,22.14075506937426
game8/Clip2,90,player_bottom,4.809668456803284,-2.159038933989716
game8/Clip2,90,player_top,4.101927162570698,22.180738857043732
game8/Clip2,91,player_bottom,4.857126944563103,-2.163922241467961
game8/Clip2,91,player_top,4.0715868364999315,22.126157740246953
game8/Clip2,92,player_bottom,4.911884177637719,-2.176917155479795
game8/Clip2,92,player_top,4.025990492612133,22.115436177073015
game8/Clip2,93,player_bottom,4.956894785343988,-2.1860504113435972
game8/Clip2,93,player_top,3.979003653497267,22.121482501824058
game8/Clip2,94,player_bottom,5.005072605399821,-2.1840189234769087
game8/Clip2,94,player_top,3.914497407425577,22.13379713865118
game8/Clip2,95,player_bottom,5.04635666332062,-2.1905921917652935
game8/Clip2,95,player_top,3.890020275700377,22.111597606628553
game8/Clip2,96,player_bottom,5.096706484776445,-2.1800032753090797
game8/Clip2,96,player_top,3.857168095966683,22.05374959994378
game8/Clip3,0,player_bottom,8.030523635538168,-2.7091138134450814
game8/Clip3,0,player_top,3.10031641392157,22.943492436903387
game8/Clip3,1,player_bottom,8.030523635538168,-2.7091138134450814
game8/Clip3,1,player_top,3.10031641392157,22.943492436903387
game8/Clip3,2,player_bottom,8.032531325963054,-2.7048090471542245
game8/Clip3,2,player_top,3.099323357677707,22.942712619051647
game8/Clip3,3,player_bottom,8.036476394504241,-2.703144796342199
game8/Clip3,3,player_top,3.097758589820074,22.95747565411473
game8/Clip3,4,player_bottom,8.039544531332036,-2.7047480715633
game8/Clip3,4,player_top,3.0906238688622167,22.966180654105777
game8/Clip3,5,player_bottom,8.037381497587985,-2.698526780550056
game8/Clip3,5,player_top,3.086161246495655,22.95017593550102
game8/Clip3,6,player_bottom,8.027289879616056,-2.688742347809842
game8/Clip3,6,player_top,3.08812828904541,22.96481922763622
game8/Clip3,7,player_bottom,8.010607846361502,-2.681020937359726
game8/Clip3,7,player_top,3.0931482955363347,22.944302777835404
game8/Clip3,8,player_bottom,7.992332165219145,-2.680206463469775
game8/Clip3,8,player_top,3.0894666511807567,22.932812835267022
game8/Clip3,9,player_bottom,7.984500092095727,-2.6793945320856065
game8/Clip3,9,player_top,3.083791484319562,22.9289446613884
game8/Clip3,10,player_bottom,7.98386184603418,-2.6705777158806616
game8/Clip3,10,player_top,3.0861578155226463,22.930152444953364
game8/Clip3,11,player_bottom,7.984381127144898,-2.643273295778199
game8/Clip3,11,player_top,3.092389841495772,22.93504183080177
game8/Clip3,12,player_bottom,7.9900392934836315,-2.5981833785810697
game8/Clip3,12,player_top,3.104951324961822,22.938210948004183
game8/Clip3,13,player_bottom,7.996294920040474,-2.511776131077228
game8/Clip3,13,player_top,3.1387305808843404,22.96667483786636
game8/Clip3,14,player_bottom,7.985655930919279,-2.420925305969431
game8/Clip3,14,player_top,3.141598113939783,22.93922918193371
game8/Clip3,15,player_bottom,7.964727836822728,-2.313116344511993
game8/Clip3,15,player_top,3.1228229771713267,23.002449257704654
game8/Clip3,16,player_bottom,7.95169563007694,-2.182248782980795
game8/Clip3,16,player_top,3.126026379615482,23.096851080705708
game8/Clip3,17,player_bottom,7.94647033946426,-2.086147573058583
game8/Clip3,17,player_top,3.125222083983337,23.174010273803283
game8/Clip3,18,player_bottom,7.940124643778137,-1.984929027225769
game8/Clip3,18,player_top,3.119378551691691,23.24797303579002
game8/Clip3,19,player_bottom,7.937247160531012,-1.8860625290382584
game8/Clip3,19,player_top,3.133989602536519,23.2608544442317
game8/Clip3,20,player_bottom,7.922623455315421,-1.8215785726290687
game8/Clip3,20,player_top,3.1553516147184895,23.139826448766932
game8/Clip3,21,player_bottom,7.900240845543716,-1.764808573696347
game8/Clip3,21,player_top,3.164312792187287,23.014322425930203
game8/Clip3,22,player_bottom,7.883696880299935,-1.7561868191507342
game8/Clip3,22,player_top,3.16737332210797,22.70619261274078
game8/Clip3,23,player_bottom,7.868934678562449,-1.7967196356476391
game8/Clip3,23,player_top,3.1442295006086076,22.41236855912268
game8/Clip3,24,player_bottom,7.897006932644682,-1.7987305017830697
game8/Clip3,24,player_top,3.1566198473435185,22.21265465846327
game8/Clip3,25,player_bottom,7.941884324302439,-1.7822070458584773
game8/Clip3,25,player_top,3.142236550441971,22.143305002473664
game8/Clip3,26,player_bottom,7.980216837315308,-1.758241751264936
game8/Clip3,26,player_top,3.139894028920879,22.110759439991043
game8/Clip3,27,player_bottom,8.010534717818734,-1.7191080940212353
game8/Clip3,27,player_top,3.1322481308233603,22.10743099751445
game8/Clip3,28,player_bottom,8.06881547139168,-1.6704929057928786
game8/Clip3,28,player_top,3.12018007840463,22.117703949337052
game8/Clip3,29,player_bottom,8.112022506745577,-1.6505537059705808
game8/Clip3,29,player_top,3.1048082786131874,22.134962512289388
game8/Clip3,30,player_bottom,8.178813118100466,-1.6369114274798031
game8/Clip3,30,player_top,3.107347804203312,22.139622600025817
game8/Clip3,31,player_bottom,8.297101440057832,-1.6193232302022127
game8/Clip3,31,player_top,3.102591225742779,22.17003669213084
game8/Clip3,32,player_bottom,8.447689021004377,-1.619161813503018
game8/Clip3,32,player_top,3.0781133097425215,22.051993782106774
game8/Clip3,33,player_bottom,8.604264745842483,-1.6248034340842357
game8/Clip3,33,player_top,3.044832273830643,21.874071883931986
game8/Clip3,34,player_bottom,8.718077688921063,-1.6083901271255554
game8/Clip3,34,player_top,3.032250765159246,21.827229091596557
game8/Clip3,35,player_bottom,8.752279698944013,-1.6132282573997254
game8/Clip3,35,player_top,3.02504283829272,21.76134975901582
game8/Clip3,36,player_bottom,8.712387736477176,-1.5687465251760628
game8/Clip3,36,player_top,3.015191799349221,21.71902154186632
game8/Clip3,37,player_bottom,8.76536182661462,-1.4762276707847215
game8/Clip3,37,player_top,3.0017942363297063,21.724880646301216
game8/Clip3,38,player_bottom,8.830033046569765,-1.321620323416934
game8/Clip3,38,player_top,3.000619731006308,21.766241422674838
game8/Clip3,39,player_bottom,8.933607686220112,-1.11164649048402
game8/Clip3,39,player_top,2.993287658095606,21.822944550091748
game8/Clip3,40,player_bottom,9.027666774700219,-0.9904248103025728
game8/Clip3,40,player_top,2.974224475805298,21.91362867877179
game8/Clip3,41,player_bottom,9.111773206979196,-0.8939389924999918
game8/Clip3,41,player_top,2.95127052282556,22.036098126312236
game8/Clip3,42,player_bottom,9.202432787270087,-0.9121380072931102
game8/Clip3,42,player_top,2.938542585407694,22.17595286801693
game8/Clip3,43,player_bottom,9.264084127809777,-0.9266824482743722
game8/Clip3,43,player_top,2.9148660612170687,22.235989128086082
game8/Clip3,44,player_bottom,9.28039502264166,-0.8669579534157409
game8/Clip3,44,player_top,2.9053828638542694,22.25770016296388
game8/Clip3,45,player_bottom,9.276976441684047,-0.8280542875318843
game8/Clip3,45,player_top,2.89804565005025,22.27240163486936
game8/Clip3,46,player_bottom,9.235951049640294,-0.8239715024445804
game8/Clip3,46,player_top,2.886520525139961,22.27805307172892
game8/Clip3,47,player_bottom,9.262260826197112,-0.8620730056919745
game8/Clip3,47,player_top,2.8676125368990757,22.35454239497811
game8/Clip3,48,player_bottom,9.268258551929286,-0.9044128378886201
game8/Clip3,48,player_top,2.8010697965746703,22.472153826783032
game8/Clip3,49,player_bottom,9.26710619014795,-0.996504038396111
game8/Clip3,49,player_top,2.667843925876274,22.52442698355465
game8/Clip3,50,player_bottom,9.264541337549113,-1.088739860129227
game8/Clip3,50,player_top,2.511855966026089,22.550095043192524
game8/Clip3,51,player_bottom,9.264439596499003,-1.1226256074617587
game8/Clip3,51,player_top,2.3876482965246058,22.62253584263138
game8/Clip3,52,player_bottom,9.215729946112452,-1.1637495398323536
game8/Clip3,52,player_top,2.312122174823557,22.517994225239576
game8/Clip3,53,player_bottom,9.228775191256872,-1.1893142470441649
game8/Clip3,53,player_top,2.2277895804420775,22.434240571619565
game8/Clip3,54,player_bottom,9.125461522658545,-1.2037919976499993
game8/Clip3,54,player_top,2.151014433478313,22.404035519706103
game8/Clip3,55,player_bottom,9.038544207795942,-1.207769449566878
game8/Clip3,55,player_top,2.079497871519954,22.372419280266673
game8/Clip3,56,player_bottom,8.956970009449973,-1.1846056314601388
game8/Clip3,56,player_top,2.0441482019851223,22.36824594353595
game8/Clip3,57,player_bottom,8.889433430464315,-1.1742363961309985
game8/Clip3,57,player_top,2.0007756328109796,22.433181509257118
game8/Clip3,58,player_bottom,8.84675864520812,-1.0828129684505432
game8/Clip3,58,player_top,1.9981510728167373,22.486469390414538
game8/Clip3,59,player_bottom,8.76577522899347,-1.1196126736213525
game8/Clip3,59,player_top,1.9916876448804746,22.428409734783553
game8/Clip3,60,player_bottom,8.516482362204481,-1.2063968836875776
game8/Clip3,60,player_top,1.9868888052465936,22.44636104660991
game8/Clip3,61,player_bottom,8.39412637155563,-1.25777574392215
game8/Clip3,61,player_top,1.9736468820793256,22.419009274931305
game8/Clip3,62,player_bottom,8.305543290014231,-1.2689235129440173
game8/Clip3,62,player_top,1.9375030587624926,22.401511264666965
game8/Clip3,63,player_bottom,8.188875220386636,-1.521565603141498
game8/Clip3,63,player_top,1.962151685602419,22.406367455951916
game8/Clip3,64,player_bottom,8.079337867945368,-1.6916818397559101
game8/Clip3,64,player_top,1.958228806178739,22.438558057725817
game8/Clip3,65,player_bottom,7.924928613260439,-1.7534870007162173
game8/Clip3,65,player_top,1.9839820816230533,22.407856128104857
game8/Clip3,66,player_bottom,7.787598458480831,-1.7340423533288916
game8/Clip3,66,player_top,2.0097047586548196,22.39697089112531
game8/Clip3,67,player_bottom,7.6347673868982096,-1.7089003606021178
game8/Clip3,67,player_top,2.020448052969291,22.300842987380047
game8/Clip3,68,player_bottom,7.495660130457313,-1.5879942268503895
game8/Clip3,68,player_top,2.037246821007101,22.15786975774047
game8/Clip3,69,player_bottom,7.331064421895977,-1.733873202353648
game8/Clip3,69,player_top,2.0559317440249147,22.08824891876559
game8/Clip3,70,player_bottom,7.210146726483703,-1.825259694253984
game8/Clip3,70,player_top,2.080272564059513,22.03033982669197
game8/Clip3,71,player_bottom,7.0795867111883855,-1.9363404680193976
game8/Clip3,71,player_top,2.0729051712326774,21.991464211313595
game8/Clip3,72,player_bottom,6.941604798772962,-2.026283374373689
game8/Clip3,72,player_top,2.079735408549804,21.953662933585406
game8/Clip3,73,player_bottom,6.822455620462465,-2.1310345386075737
game8/Clip3,73,player_top,2.091094046448851,21.911080446315
game8/Clip3,74,player_bottom,6.717371486890661,-2.177789969508587
game8/Clip3,74,player_top,2.1499190445059417,21.921141358372775
game8/Clip3,75,player_bottom,6.5951659119747,-2.195743449836877
game8/Clip3,75,player_top,2.2011385687824077,21.93432649628018
game8/Clip3,76,player_bottom,6.4531304417747055,-2.1991956089787883
game8/Clip3,76,player_top,2.2098005635661186,21.9613311692819
game8/Clip3,77,player_bottom,6.30156212121033,-2.189487534343372
game8/Clip3,77,player_top,2.2597954372630706,21.995371111050236
game8/Clip3,78,player_bottom,6.1772386008834514,-2.180798486208801
game8/Clip3,78,player_top,2.3413173750296274,21.987115127558376
game8/Clip3,79,player_bottom,6.037872994846205,-2.161534988195004
game8/Clip3,79,player_top,2.4020847506636214,22.10611902145747
game8/Clip3,80,player_bottom,5.904175010020141,-2.0996187566898223
game8/Clip3,80,player_top,2.4507882589631613,22.21090595596566
game8/Clip3,81,player_bottom,5.778024218741805,-2.087441744379944
game8/Clip3,81,player_top,2.5025094593006876,22.295055075399492
game8/Clip3,82,player_bottom,5.663046802616693,-2.0946272422882917
game8/Clip3,82,player_top,2.535867066207549,22.32316340280648
game8/Clip3,83,player_bottom,5.540342556501747,-2.1090417910166166
game8/Clip3,83,player_top,2.583503025714057,22.32919033842948
game8/Clip3,84,player_bottom,5.418760140530429,-2.1395796584666495
game8/Clip3,84,player_top,2.6734364063332974,22.32432046674698
game8/Clip3,85,player_bottom,5.2868337252369155,-2.0604093537330064
game8/Clip3,85,player_top,2.7448083550390825,22.34121125407243
game8/Clip3,86,player_bottom,5.114340696038618,-2.1003468045621143
game8/Clip3,86,player_top,2.7963174689219508,22.36482682306841
game8/Clip3,87,player_bottom,4.997085935014721,-2.1306618675187043
game8/Clip3,87,player_top,2.873866623311519,22.47693649311479
game8/Clip3,88,player_bottom,4.9316183361196275,-2.1581675291098716
game8/Clip3,88,player_top,3.0027136763919704,22.557372702752037
game8/Clip3,89,player_bottom,4.875846820119168,-2.149120680750506
game8/Clip3,89,player_top,3.0863776930809834,22.622379541838182
game8/Clip3,90,player_bottom,4.809640771034534,-2.146976920740912
game8/Clip3,90,player_top,3.1564106005217365,22.70657770151961
game8/Clip3,91,player_bottom,4.746316832092435,-2.13830541941705
game8/Clip3,91,player_top,3.2418688031002327,22.70066376730827
game8/Clip3,92,player_bottom,4.642442106074091,-2.132866726376999
game8/Clip3,92,player_top,3.3482209099320484,22.746864135963623
game8/Clip3,93,player_bottom,4.557058737919301,-2.1336304630163543
game8/Clip3,93,player_top,3.489182854598191,22.764326030865586
game8/Clip3,94,player_bottom,4.495969967605145,-2.0896684289514895
game8/Clip3,94,player_top,3.5714119678290603,22.72481445232674
game8/Clip3,95,player_bottom,4.457824727612059,-1.902753798141403
game8/Clip3,95,player_top,3.6141369218999575,22.704007403347138
game8/Clip3,96,player_bottom,4.433491519988021,-1.6732929367271119
game8/Clip3,96,player_top,3.6263927259358297,22.708925542495763
game8/Clip3,97,player_bottom,4.3978112922328405,-1.5545568438153994
game8/Clip3,97,player_top,3.6413966194257865,22.751968834640454
game8/Clip3,98,player_bottom,4.363706663864992,-1.4852827102197865
game8/Clip3,98,player_top,3.6797120862970565,22.803874734216432
game8/Clip3,99,player_bottom,4.293038442023209,-1.4482945117542345
game8/Clip3,99,player_top,3.7458088210110683,22.840564809967166
game8/Clip3,100,player_bottom,4.270306929558065,-1.4199133716478411
game8/Clip3,100,player_top,3.781711700617575,22.83621899811191
game8/Clip3,101,player_bottom,4.245228634481186,-1.4079897569467996
game8/Clip3,101,player_top,3.7995066382335527,22.85937763396328
game8/Clip3,102,player_bottom,4.226377406375015,-1.3721361909502128
game8/Clip3,102,player_top,3.8176586995129265,22.909580696763342
game8/Clip3,103,player_bottom,4.256452599400902,-1.3695250470749252
game8/Clip3,103,player_top,3.860226418483988,22.935532146203624
game8/Clip3,104,player_bottom,4.282803509604144,-1.4341684004833626
game8/Clip3,104,player_top,3.8977102616419184,23.00749098463303
game8/Clip3,105,player_bottom,4.309271886347479,-1.5077313635647034
game8/Clip3,105,player_top,3.9331239410959866,22.970608048778487
game8/Clip3,106,player_bottom,4.291394103284064,-1.5402594478895384
game8/Clip3,106,player_top,3.970013966639566,22.930009217295023
game8/Clip3,107,player_bottom,4.1750285284216755,-1.5481167857423543
game8/Clip3,107,player_top,3.9808220733997564,22.92370994832611
game8/Clip3,108,player_bottom,4.120047921072986,-1.5334838293534263
game8/Clip3,108,player_top,3.978151642427642,22.912070070285104
game8/Clip3,109,player_bottom,4.1715084760832895,-1.477244797837189
game8/Clip3,109,player_top,3.974378152296895,22.91412895503345
game8/Clip3,110,player_bottom,4.130780001678685,-1.3625129065671584
game8/Clip3,110,player_top,3.9726869173103703,22.95108370417563
game8/Clip3,111,player_bottom,4.087452455953517,-1.291213594542956
game8/Clip3,111,player_top,4.009937174426836,23.007801746296025
game8/Clip3,112,player_bottom,4.0516072428374015,-1.2360444137038888
game8/Clip3,112,player_top,4.113870226045765,23.020224754399734
game8/Clip3,113,player_bottom,4.0096461116966715,-1.2507047151579858
game8/Clip3,113,player_top,4.248854313338541,23.011819955179494
game8/Clip3,114,player_bottom,3.9296808461203105,-1.2758195093357203
game8/Clip3,114,player_top,4.405221089649187,22.897865278285373
game8/Clip3,115,player_bottom,3.9099116104338507,-1.3102174581534265
game8/Clip3,115,player_top,4.548027968623345,22.92671752471264
game8/Clip3,116,player_bottom,3.8929584751439257,-1.3261037043190873
game8/Clip3,116,player_top,4.649285011562412,22.704307220406438
game8/Clip3,117,player_bottom,3.871771349474603,-1.356071384449416
game8/Clip3,117,player_top,4.721516002273213,22.53441039224001
game8/Clip3,118,player_bottom,3.860408528382365,-1.3745749542848993
game8/Clip3,118,player_top,4.807954477614598,22.489472342637395
game8/Clip3,119,player_bottom,3.8383950428493083,-1.3934336123415374
game8/Clip3,119,player_top,4.9035764989342425,22.47297993835139
game8/Clip3,120,player_bottom,3.8343915373292865,-1.4143938252414519
game8/Clip3,120,player_top,5.012189431964685,22.469215327630508
game8/Clip3,121,player_bottom,3.8264084245054657,-1.4381884178047273
game8/Clip3,121,player_top,5.085676013501734,22.474310000960337
game8/Clip3,122,player_bottom,3.806002380980577,-1.4843183290065431
game8/Clip3,122,player_top,5.136610904765707,22.51256241503244
game8/Clip3,123,player_bottom,3.7959387268445446,-1.5807322729757167
game8/Clip3,123,player_top,5.22355502161794,22.73096670363172
game8/Clip3,124,player_bottom,3.7857600254222556,-1.6672292723254434
game8/Clip3,124,player_top,5.30802204611423,22.90975633099956
game8/Clip3,125,player_bottom,3.7772093261471804,-1.7890758584326247
game8/Clip3,125,player_top,5.403209886636932,23.118746107312877
game8/Clip3,126,player_bottom,3.756757193905033,-1.9286454079860975
game8/Clip3,126,player_top,5.476845149569173,23.27924386604614
game8/Clip3,127,player_bottom,3.7404792781497234,-2.0512719966267015
game8/Clip3,127,player_top,5.565854046864578,23.559823803434913
game8/Clip3,128,player_bottom,3.73600300864026,-2.1363180555735144
game8/Clip3,128,player_top,5.619703871778752,23.694554321106878
game8/Clip3,129,player_bottom,3.7391436780230185,-2.238149407850669
game8/Clip3,129,player_top,5.672379384538103,23.817963922275876
game8/Clip3,130,player_bottom,3.743477728895825,-2.297422826800539
game8/Clip3,130,player_top,5.742070104746798,23.83565419793857
game8/Clip3,131,player_bottom,3.7440382476520777,-2.335645473063695
game8/Clip3,131,player_top,5.773191080575768,23.827685271067093
game8/Clip3,132,player_bottom,3.7391991988253412,-2.3579734601839815
game8/Clip3,132,player_top,5.818500370950602,23.830643881477922
game8/Clip3,133,player_bottom,3.730916897920056,-2.363564709241756
game8/Clip3,133,player_top,5.878315261812598,23.83226519579366
game8/Clip3,134,player_bottom,3.71010861321758,-2.370755155794146
game8/Clip3,134,player_top,5.913869940309781,23.87987537944786
game8/Clip3,135,player_bottom,3.6671755423529344,-2.3804600148184134
game8/Clip3,135,player_top,5.95529374282419,23.845945684329045
game8/Clip3,136,player_bottom,3.626992810578133,-2.417533272572224
game8/Clip3,136,player_top,5.982987831826017,23.863784588175957
game8/Clip3,137,player_bottom,3.5704877899764136,-2.467070530233473
game8/Clip3,137,player_top,5.998344463405662,23.88404838760743
game8/Clip3,138,player_bottom,3.521453375689911,-2.528893121361845
game8/Clip3,138,player_top,6.011558773986126,23.902153430606884
game8/Clip3,139,player_bottom,3.486180589806398,-2.571652185649077
game8/Clip3,139,player_top,6.021311903055209,23.910318484595397
game8/Clip3,140,player_bottom,3.4706249235604436,-2.5900777111238034
game8/Clip3,140,player_top,6.02872001586612,24.000030547220344
game8/Clip3,141,player_bottom,3.466162962906677,-2.5748513934556168
game8/Clip3,141,player_top,6.039460794810262,24.12237228785812
game8/Clip3,142,player_bottom,3.4522150433164276,-2.5489046424701955
game8/Clip3,142,player_top,6.041825682860816,24.324920565311665
game8/Clip3,143,player_bottom,3.429113326733189,-2.5383678447173876
game8/Clip3,143,player_top,6.032474637770348,24.47338120206685
game8/Clip3,144,player_bottom,3.381420606499355,-2.5785119829868184
game8/Clip3,144,player_top,6.021359077952714,24.628218571725988
game8/Clip3,145,player_bottom,3.3219109777623657,-2.6098310420664754
game8/Clip3,145,player_top,5.9871888628787895,24.821474108000128
game8/Clip3,146,player_bottom,3.2464875727222484,-2.674374318927128
game8/Clip3,146,player_top,5.945867608796285,25.00757980495812
game8/Clip3,147,player_bottom,3.192096413764768,-2.7605784703227236
game8/Clip3,147,player_top,5.89588032929218,25.09992715618445
game8/Clip3,148,player_bottom,3.158715211141446,-2.816747818892428
game8/Clip3,148,player_top,5.866364239465091,25.077675455265528
game8/Clip3,149,player_bottom,3.148559877415665,-2.7911410142367976
game8/Clip3,149,player_top,5.856659804754683,25.070359562612044
game8/Clip3,150,player_bottom,3.1370850459893425,-2.7246571838811295
game8/Clip3,150,player_top,5.827303588985239,24.917499467271703
game8/Clip3,151,player_bottom,3.122261407812908,-2.6558592732682564
game8/Clip3,151,player_top,5.828684616184879,24.960643316356617
game8/Clip3,152,player_bottom,3.087915464950931,-2.6353176686234474
game8/Clip3,152,player_top,5.826829847311098,24.95771172176522
game8/Clip3,153,player_bottom,3.073178017850705,-2.677173994874439
game8/Clip3,153,player_top,5.82444139801809,24.957987231962395
game8/Clip3,154,player_bottom,3.0710154441027586,-2.765015754270224
game8/Clip3,154,player_top,5.783037286115948,24.960334174991498
game8/Clip3,155,player_bottom,3.0848249818009568,-2.867492794229977
game8/Clip3,155,player_top,5.716328557201853,24.96687243815163
game8/Clip3,156,player_bottom,3.09867163069951,-2.95914123788499
game8/Clip3,156,player_top,5.678516233625732,24.95968561087093
game8/Clip3,157,player_bottom,3.1006202409028134,-3.0057221488093524
game8/Clip3,157,player_top,5.62816946470857,24.964520814238185
game8/Clip3,158,player_bottom,3.092005236066061,-3.031777032326829
game8/Clip3,158,player_top,5.55134675711314,24.991738865237977
game8/Clip3,159,player_bottom,3.08610365150361,-3.0483118460111736
game8/Clip3,159,player_top,5.474441549727434,24.891077581429382
game8/Clip3,160,player_bottom,3.061639775213408,-3.047667516392898
game8/Clip3,160,player_top,5.418672969096899,24.784485621505336
game8/Clip3,161,player_bottom,3.0220859473376938,-3.0469250272034407
game8/Clip3,161,player_top,5.3744505327448415,24.67496860110772
game8/Clip3,162,player_bottom,2.95893499321557,-3.0507540773555553
game8/Clip3,162,player_top,5.334540321340603,24.54171588294799
game8/Clip3,163,player_bottom,2.8932567167638066,-3.042027911197169
game8/Clip3,163,player_top,5.256668846503429,24.45885504873845
game8/Clip3,164,player_bottom,2.820937130261125,-3.043816325414117
game8/Clip3,164,player_top,5.179048179283583,24.375003627856085
game8/Clip3,165,player_bottom,2.7694373325129176,-3.0407224626266944
game8/Clip3,165,player_top,5.100096622243353,24.353546593192128
game8/Clip3,166,player_bottom,2.731596106240904,-3.0297199130176176
game8/Clip3,166,player_top,5.043188988149159,24.356376888151974
game8/Clip3,167,player_bottom,2.7059498317651203,-3.0258179815478927
game8/Clip3,167,player_top,5.00413703480149,24.37259358283237
game8/Clip3,168,player_bottom,2.691528596017999,-3.023969666467355
game8/Clip3,168,player_top,4.987799223761549,24.366775685103562
game8/Clip3,169,player_bottom,2.6899856020969586,-3.023095149440926
game8/Clip3,169,player_top,4.96957347415094,24.36210670839668
game8/Clip3,170,player_bottom,2.6774671450508136,-3.0217905043348914
game8/Clip3,170,player_top,4.961060254408963,24.338756517233357
game8/Clip3,171,player_bottom,2.6814318584029664,-3.0206079941063675
game8/Clip3,171,player_top,4.938081303950604,24.328762818477582
game8/Clip3,172,player_bottom,2.6641881893583443,-2.995397643931816
game8/Clip3,172,player_top,4.887485142367643,24.303576073548207
game8/Clip3,173,player_bottom,2.620704584994283,-2.9619684171068643
game8/Clip3,173,player_top,4.852353802234607,24.25430254569008
game8/Clip3,174,player_bottom,2.5428996215800623,-2.8363732075010826
game8/Clip3,174,player_top,4.836455597528278,24.211342800173558
game8/Clip3,175,player_bottom,2.4828145947041973,-2.7369525968090036
game8/Clip3,175,player_top,4.832640093073393,24.190495019366622
game8/Clip3,176,player_bottom,2.4480980232506133,-2.631975550309204
game8/Clip3,176,player_top,4.83097214265138,24.22275171802454
game8/Clip3,177,player_bottom,2.4550550746389015,-2.4977259199499153
game8/Clip3,177,player_top,4.826356488125234,24.206886531205384
game8/Clip3,178,player_bottom,2.476894952563677,-2.3855259390683945
game8/Clip3,178,player_top,4.834890748682847,24.175249347766737
game8/Clip3,179,player_bottom,2.527947778381696,-2.3207353806364948
game8/Clip3,179,player_top,4.845952336480021,24.0510171517024
game8/Clip3,180,player_bottom,2.554120206635783,-2.3039703052681713
game8/Clip3,180,player_top,4.843100940183795,23.834025097062703
game8/Clip3,181,player_bottom,2.566397450904121,-2.304482415343914
game8/Clip3,181,player_top,4.854140434336277,23.725469908170346
game8/Clip3,182,player_bottom,2.6759845863871936,-2.294566412116859
game8/Clip3,182,player_top,4.8523071724168005,23.65096912356637
game8/Clip3,183,player_bottom,2.6848559734890656,-2.2927840055369773
game8/Clip3,183,player_top,4.85429442393075,23.605561950950857
game8/Clip3,184,player_bottom,2.6656368652259075,-2.2765710597958604
game8/Clip3,184,player_top,4.837329386083175,23.569386237760636
game8/Clip3,185,player_bottom,2.6571900087848164,-2.2808699824313146
game8/Clip3,185,player_top,4.827649219008621,23.559715841065234
game8/Clip3,186,player_bottom,2.622172182581223,-2.195490601920699
game8/Clip3,186,player_top,4.833571294000636,23.56746359576558
game8/Clip3,187,player_bottom,2.5575434506319783,-2.063834813114502
game8/Clip3,187,player_top,4.897102167667757,23.582886470768603
game8/Clip3,188,player_bottom,2.490077547515698,-1.9663023247300293
game8/Clip3,188,player_top,4.996977617401374,23.551013531389266
game8/Clip3,189,player_bottom,2.4340664740489397,-1.878894940967232
game8/Clip3,189,player_top,5.122325164948847,23.53905548694428
game8/Clip3,190,player_bottom,2.4126091594929227,-1.8727274484660106
game8/Clip3,190,player_top,5.250197515482065,23.57072354566778
game8/Clip3,191,player_bottom,2.4027328782975053,-1.8703023384349784
game8/Clip3,191,player_top,5.379359860541724,23.44660704729058
game8/Clip3,192,player_bottom,2.4109965951839545,-1.8905147393246808
game8/Clip3,192,player_top,5.46075335607464,23.290454060477977
game8/Clip3,193,player_bottom,2.41340180802262,-1.9071438892866077
game8/Clip3,193,player_top,5.546673417299511,23.197491676034897
game8/Clip3,194,player_bottom,2.426463214340417,-1.9306222544470175
game8/Clip3,194,player_top,5.639442455011073,23.16917312699106
game8/Clip3,195,player_bottom,2.469211517729285,-1.94021258122784
game8/Clip3,195,player_top,5.762155593291628,23.157584668395767
game8/Clip3,196,player_bottom,2.529858663748202,-1.9414157133078336
game8/Clip3,196,player_top,5.849998012684584,23.185291820874756
game8/Clip3,197,player_bottom,2.6137931394445277,-1.957737557123058
game8/Clip3,197,player_top,5.92067877058305,23.163055720524696
game8/Clip3,198,player_bottom,2.6923298592288436,-1.9637608338691432
game8/Clip3,198,player_top,5.991035772745432,23.23936217554883
game8/Clip3,199,player_bottom,2.716080656144184,-2.00289232347449
game8/Clip3,199,player_top,6.0541542785994125,23.295542280787828
game8/Clip3,200,player_bottom,2.7622738907011795,-2.061337561389926
game8/Clip3,200,player_top,6.124350719237216,23.496960272620885
game8/Clip3,201,player_bottom,2.8408119556733125,-2.1356993939576117
game8/Clip3,201,player_top,6.178021912542212,23.571225352339017
game8/Clip3,202,player_bottom,2.9185043953530476,-2.1820555031860933
game8/Clip3,202,player_top,6.250264537276671,23.633967902853453
game8/Clip3,203,player_bottom,2.9799051913380854,-2.209735169551986
game8/Clip3,203,player_top,6.274049038622508,23.595311331792622
game8/Clip3,204,player_bottom,3.033607997316886,-2.208147960752763
game8/Clip3,204,player_top,6.284562173354928,23.5578838303944
game8/Clip3,205,player_bottom,3.0800951192475496,-2.269276601462341
game8/Clip3,205,player_top,6.342530759205227,23.60629048786727
game8/Clip3,206,player_bottom,3.0957385570314724,-2.3297685148089844
game8/Clip3,206,player_top,6.411537167435964,23.6517333032576
game8/Clip3,207,player_bottom,3.1073117302844158,-2.4254434417381967
game8/Clip3,207,player_top,6.453059093297642,23.663146071659384
game8/Clip3,208,player_bottom,3.107927938859079,-2.5091634957326585
game8/Clip3,208,player_top,6.4730101370707125,23.671472581676394
game8/Clip3,209,player_bottom,3.1127521864863765,-2.5536313159145085
game8/Clip3,209,player_top,6.487034659909042,23.732998910627582
game8/Clip3,210,player_bottom,3.1170172345166933,-2.5757247506586567
game8/Clip3,210,player_top,6.50477500935224,23.768041358766514
game8/Clip3,211,player_bottom,3.117739124480616,-2.5625925620339025
game8/Clip3,211,player_top,6.521023528983805,23.830240058438008
game8/Clip3,212,player_bottom,3.1139864548909024,-2.521117093980849
game8/Clip3,212,player_top,6.516269938663876,23.90506280172378
game8/Clip3,213,player_bottom,3.104475904835516,-2.50200593297068
game8/Clip3,213,player_top,6.509380719889707,24.022289787562347
game8/Clip3,214,player_bottom,3.0803473660637626,-2.4771631886285808
game8/Clip3,214,player_top,6.503553577087383,24.086055903186807
game8/Clip3,215,player_bottom,3.0255898931113463,-2.4365914605266044
game8/Clip3,215,player_top,6.492895618806283,24.285035203617976
game8/Clip3,216,player_bottom,2.970862759251392,-2.4106095326053123
game8/Clip3,216,player_top,6.464991242207676,24.356435863402538
game8/Clip3,217,player_bottom,2.9066628389091096,-2.412605483684824
game8/Clip3,217,player_top,6.417126794825952,24.568707027679793
game8/Clip3,218,player_bottom,2.8378808772906443,-2.458393231778738
game8/Clip3,218,player_top,6.370308040912855,24.828068868981692
game8/Clip3,219,player_bottom,2.7797913045576097,-2.5372853919387337
game8/Clip3,219,player_top,6.314081463582124,24.930359379707603
game8/Clip3,220,player_bottom,2.7424466707953856,-2.608727954362066
game8/Clip3,220,player_top,6.28025316799289,24.946611510258432
game8/Clip3,221,player_bottom,2.7166137359307503,-2.633089494467361
game8/Clip3,221,player_top,6.256101192873883,24.922231243671053
game8/Clip3,222,player_bottom,2.7061345565323967,-2.6317687426510337
game8/Clip3,222,player_top,6.251130541650088,24.883518548822977
game8/Clip3,223,player_bottom,2.697791111818797,-2.581986047457731
game8/Clip3,223,player_top,6.247861140021148,24.902501034616698
game8/Clip3,224,player_bottom,2.655705950405834,-2.5304445091304983
game8/Clip3,224,player_top,6.248971374577378,24.905661900100142
game8/Clip3,225,player_bottom,2.5491312077583395,-2.477822936812348
game8/Clip3,225,player_top,6.2561642142735465,24.903190128213787
game8/Clip3,226,player_bottom,2.4239662375619297,-2.5101096503394857
game8/Clip3,226,player_top,6.254952027487742,24.892183477808366
game8/Clip3,227,player_bottom,2.3426273241463065,-2.5386664785267374
game8/Clip3,227,player_top,6.249845877579108,24.927997297076036
game8/Clip3,228,player_bottom,2.28211281834281,-2.563316004664098
game8/Clip3,228,player_top,6.059138297620921,25.01471444343704
game8/Clip3,229,player_bottom,2.235597410643782,-2.5591246492261615
game8/Clip3,229,player_top,6.088566485082425,25.032465756014485
game8/Clip3,230,player_bottom,2.1973197818324435,-2.512230983130486
game8/Clip3,230,player_top,5.940875866717241,25.050657419183647
game8/Clip3,231,player_bottom,2.1606564044655765,-2.4416156845278
game8/Clip3,231,player_top,5.926988271600183,24.955163567560845
game8/Clip3,232,player_bottom,2.125142432011544,-2.3216530748087205
game8/Clip3,232,player_top,5.8605804228553815,24.756051189339342
game8/Clip3,233,player_bottom,2.0609106380094677,-2.0817612904306855
game8/Clip3,233,player_top,5.784001539672416,24.58757131406918
game8/Clip3,234,player_bottom,1.9512552019005427,-1.9974944726454187
game8/Clip3,234,player_top,5.7236533927074955,24.479588249223013
game8/Clip3,235,player_bottom,1.833401350586133,-1.7674618296283182
game8/Clip3,235,player_top,5.6417957807656505,24.389099103538392
game8/Clip3,236,player_bottom,1.7052512487095424,-1.9793573164767995
game8/Clip3,236,player_top,5.566558268931721,24.356116261332513
game8/Clip3,237,player_bottom,1.6656265341665413,-2.0727656566170922
game8/Clip3,237,player_top,5.5034755542328115,24.34052693282737
game8/Clip3,238,player_bottom,1.6901928431372928,-2.115551096339768
game8/Clip3,238,player_top,5.448268367488933,24.323198111154678
game8/Clip3,239,player_bottom,1.664888906887396,-2.1251628287449984
game8/Clip3,239,player_top,5.411551682799205,24.326537143219127
game8/Clip3,240,player_bottom,1.632177242143539,-2.1362435833337687
game8/Clip3,240,player_top,5.359217776033874,24.2666355423282
game8/Clip3,241,player_bottom,1.5258904058781366,-2.1198553948697687
game8/Clip3,241,player_top,5.312797903137194,24.203366623141886
game8/Clip3,242,player_bottom,1.4579217922933343,-2.073243224635602
game8/Clip3,242,player_top,5.253822819296483,24.086413216254677
game8/Clip3,243,player_bottom,1.420374757307969,-2.0384313920637034
game8/Clip3,243,player_top,5.190054804686727,24.072101579836563
game8/Clip3,244,player_bottom,1.3986173923324658,-2.0142391326522198
game8/Clip3,244,player_top,5.157216001908812,24.077887364068218
game8/Clip3,245,player_bottom,1.353608986412696,-1.9368161186201494
game8/Clip3,245,player_top,5.144865091175839,24.070806395234605
game8/Clip3,246,player_bottom,1.2850876652342251,-1.5758904140797483
game8/Clip3,246,player_top,5.138879980121589,24.074788300017815
game8/Clip3,247,player_bottom,1.2384327881717012,-1.3479530034599154
game8/Clip3,247,player_top,5.143111593519281,24.136539354474937
game8/Clip3,248,player_bottom,1.2232315340940751,-1.2519911027484811
game8/Clip3,248,player_top,5.137271098174431,24.19621254108601
game8/Clip3,249,player_bottom,1.238154358427435,-1.2286375894259765
game8/Clip3,249,player_top,5.130561497415699,24.206216488386925
game8/Clip3,250,player_bottom,1.256827537514196,-1.2339585711012457
game8/Clip3,250,player_top,5.120783476752675,24.232636189770762
game8/Clip3,251,player_bottom,1.2675467188553173,-1.2347778374070013
game8/Clip3,251,player_top,5.096783382064682,24.25082499207228
game8/Clip3,252,player_bottom,1.2790953894763766,-1.2808580284537527
game8/Clip3,252,player_top,5.088031981761061,24.266992123232054
game8/Clip3,253,player_bottom,1.3006938409945603,-1.307357960366946
game8/Clip3,253,player_top,5.099332470301252,24.263110773280502
game8/Clip3,254,player_bottom,1.3274342164374817,-1.3209139342080995
game8/Clip3,254,player_top,5.1035613988042,24.277151611836285
game8/Clip3,255,player_bottom,1.3838651489647127,-1.3046761174172592
game8/Clip3,255,player_top,5.083612461902588,24.269295346656946
game8/Clip3,256,player_bottom,1.4357189208075236,-1.287928421711519
game8/Clip3,256,player_top,5.028121519423149,24.361475587740937
game8/Clip3,257,player_bottom,1.475398338507699,-1.281552695372352
game8/Clip3,257,player_top,4.924574099491734,24.53873330186619
game8/Clip3,258,player_bottom,1.5078900416791088,-1.2643057412835712
game8/Clip3,258,player_top,4.788732187883009,24.647570268918457
game8/Clip3,259,player_bottom,1.5302823287894334,-1.2168308868169586
game8/Clip3,259,player_top,4.587004498641919,24.674051963880466
game8/Clip3,260,player_bottom,1.6178462814690686,-1.2090439856112627
game8/Clip3,260,player_top,4.427795581305409,24.632226072553763
game8/Clip3,261,player_bottom,1.7645245694552925,-1.2192330744211768
game8/Clip3,261,player_top,4.414523216002498,24.601475168875552
game8/Clip3,262,player_bottom,1.900539257915111,-1.2135702149481626
game8/Clip3,262,player_top,4.198846820454344,24.646350081253896
game8/Clip3,263,player_bottom,2.069416336779012,-1.1418489827966467
game8/Clip3,263,player_top,4.027797008142899,24.668993804060946
game8/Clip3,264,player_bottom,2.1816728423479947,-1.1459610893344707
game8/Clip3,264,player_top,3.8626025389193615,24.59884617820398
game8/Clip3,265,player_bottom,2.2618963180590947,-1.111066460618071
game8/Clip3,265,player_top,3.724724280003121,24.564704522397978
game8/Clip3,266,player_bottom,2.3503027846740236,-1.3059646277811445
game8/Clip3,266,player_top,3.5887956631243245,24.537303326698282
game8/Clip3,267,player_bottom,2.4359068545502613,-1.398579388003177
game8/Clip3,267,player_top,3.539283005188507,24.55054233506144
game8/Clip3,268,player_bottom,2.5306994793119615,-1.4863502183208306
game8/Clip3,268,player_top,3.4536929437712085,24.493379515338237
game8/Clip3,269,player_bottom,2.63635005134454,-1.527941419235071
game8/Clip3,269,player_top,3.3733541586862508,24.471060321676823
game8/Clip3,270,player_bottom,2.7564730873003698,-1.5425516733755482
game8/Clip3,270,player_top,3.346055940422932,24.478875004851524
game8/Clip3,271,player_bottom,2.837459255198464,-1.5791295094420459
game8/Clip3,271,player_top,3.3054473055179203,24.51884642605785
game8/Clip3,272,player_bottom,2.884871517370546,-1.6570375696992015
game8/Clip3,272,player_top,3.2603443392420735,24.582512994310125
game8/Clip3,273,player_bottom,2.928348340017526,-1.7206133209839576
game8/Clip3,273,player_top,3.1981781454846985,24.636978998730545
game8/Clip3,274,player_bottom,3.0271580764401858,-1.75710351207605
game8/Clip3,274,player_top,3.0558618289062127,24.696768715434647
game8/Clip3,275,player_bottom,3.1584746410911104,-1.7258487722216989
game8/Clip3,275,player_top,2.935701877089765,24.5792244644923
game8/Clip3,276,player_bottom,3.2578187582246794,-1.7209754383885527
game8/Clip3,276,player_top,2.8101078367080805,24.512680074449914
game8/Clip3,277,player_bottom,3.3602381604348555,-1.8120265865732357
game8/Clip3,277,player_top,2.7661941494875104,24.459671650919542
game8/Clip3,278,player_bottom,3.4637093128351535,-1.809656188824728
game8/Clip3,278,player_top,2.7279029268189454,24.341571411146422
game8/Clip3,279,player_bottom,3.5470139124284,-1.8754029511491943
game8/Clip3,279,player_top,2.613143121545137,24.240503857003755
game8/Clip3,280,player_bottom,3.6619943601748073,-1.9942432154548382
game8/Clip3,280,player_top,2.463942294583808,24.22494772481636
game8/Clip3,281,player_bottom,3.79214527732702,-2.1446224942538072
game8/Clip3,281,player_top,2.3217342401393286,24.201279615469844
game8/Clip3,282,player_bottom,3.8933151914476456,-2.2793943949180413
game8/Clip3,282,player_top,2.2312655393717074,24.19131936008887
game8/Clip3,283,player_bottom,3.9957292849043955,-2.359491471747043
game8/Clip3,283,player_top,2.1679141013093925,24.195012634440786
game8/Clip3,284,player_bottom,4.058042671716311,-2.3949312014948747
game8/Clip3,284,player_top,2.1423516239914253,24.21656651207858
game8/Clip3,285,player_bottom,4.091020426718375,-2.4534108969365747
game8/Clip3,285,player_top,2.1347878736358394,24.217670697554713
game8/Clip3,286,player_bottom,4.130401227679796,-2.499932070238509
game8/Clip3,286,player_top,2.1236947507562958,24.258852577304918
game8/Clip3,287,player_bottom,4.219722512072186,-2.5154529203009313
game8/Clip3,287,player_top,2.104259660266501,24.21796350301304
game8/Clip3,288,player_bottom,4.386639913031835,-2.518999919232306
game8/Clip3,288,player_top,2.064259139772894,24.283794758687122
game8/Clip3,289,player_bottom,4.662894655782658,-2.5255178982225406
game8/Clip3,289,player_top,2.0703787213628306,24.224072687853695
game8/Clip3,290,player_bottom,4.834694044960209,-2.5354420235654445
game8/Clip3,290,player_top,2.07953483976384,24.16343574145943
game8/Clip3,291,player_bottom,4.9507932801401875,-2.524063766923241
game8/Clip3,291,player_top,2.0913528606161824,24.13738554242449
game8/Clip3,292,player_bottom,5.058732948592243,-2.4486417935139695
game8/Clip3,292,player_top,2.1345185537885225,24.126876562215223
game8/Clip3,293,player_bottom,5.201372743411609,-2.403369545544084
game8/Clip3,293,player_top,2.1781041933215937,24.13033993872449
game8/Clip3,294,player_bottom,5.347211886015914,-2.392596403027431
game8/Clip3,294,player_top,2.2404818711996155,24.122574330212473
game8/Clip3,295,player_bottom,5.571594454846704,-2.3883566971983785
game8/Clip3,295,player_top,2.3081391876633406,24.128408461636973
game8/Clip3,296,player_bottom,5.6874090953772125,-2.4186433270018677
game8/Clip3,296,player_top,2.4014926693935945,24.137558157457654
game8/Clip3,297,player_bottom,5.846403808799129,-2.4576353296682947
game8/Clip3,297,player_top,2.46358183664287,24.077356998630414
game8/Clip3,298,player_bottom,6.012196800852859,-2.4402435685295543
game8/Clip3,298,player_top,2.4966798034156925,23.86091068786743
game8/Clip3,299,player_bottom,6.13830965127618,-2.43819148823531
game8/Clip3,299,player_top,2.5263067508171932,23.74741841078032
game8/Clip3,300,player_bottom,6.217057614521143,-2.6277068668387287
game8/Clip3,300,player_top,2.5917011248808395,23.646031090108032
game8/Clip3,301,player_bottom,6.295008029802235,-2.703994504620989
game8/Clip3,301,player_top,2.6787454627914276,23.63476214778324
game8/Clip3,302,player_bottom,6.4093339061712635,-2.723362513700069
game8/Clip3,302,player_top,2.7426156837062647,23.6416396067278
game8/Clip3,303,player_bottom,6.582503034876632,-2.7324805422153293
game8/Clip3,303,player_top,2.775795035753578,23.640953721846437
game8/Clip3,304,player_bottom,6.664824732356222,-2.7357890060895054
game8/Clip3,304,player_top,2.790416871050792,23.644995639416415
game8/Clip3,305,player_bottom,6.7761831914507935,-2.7234954125482225
game8/Clip3,305,player_top,2.802818517563217,23.75799988252368
game8/Clip3,306,player_bottom,6.920186010737233,-2.7397366309355977
game8/Clip3,306,player_top,2.8315278136032864,23.845065860533143
game8/Clip3,307,player_bottom,7.001842181222944,-2.8008361482990782
game8/Clip3,307,player_top,2.842284514583552,23.997773230552603
game8/Clip3,308,player_bottom,7.134334559931826,-2.8278123581480847
game8/Clip3,308,player_top,2.887713155126817,24.087153350441607
game8/Clip3,309,player_bottom,7.2617628516110795,-2.830373419003764
game8/Clip3,309,player_top,2.929550192591559,24.21728015980486
game8/Clip3,310,player_bottom,7.354133468627657,-2.8851813552625534
game8/Clip3,310,player_top,2.9663269471844065,24.242143279386344
game8/Clip3,311,player_bottom,7.420544033748022,-2.939405890335654
game8/Clip3,311,player_top,3.000442824801832,24.238159494807952
game8/Clip3,312,player_bottom,7.4596339821819075,-2.955982847575503
game8/Clip3,312,player_top,3.0069084936174617,24.259814883835798
game8/Clip3,313,player_bottom,7.491588855311733,-2.9603159398587713
game8/Clip3,313,player_top,3.013313777071971,24.26246261932386
game8/Clip3,314,player_bottom,7.510274349158374,-2.963408763451734
game8/Clip3,314,player_top,3.0215465814728724,24.272079115516462
game8/Clip3,315,player_bottom,7.514667111973578,-2.962096339437404
game8/Clip3,315,player_top,3.0625728621423987,24.281448797964554
game8/Clip3,316,player_bottom,7.526635295829179,-2.980856209976174
game8/Clip3,316,player_top,3.1431668285240595,24.3850506184243
game8/Clip3,317,player_bottom,7.523718815282987,-3.0283049347852073
game8/Clip3,317,player_top,3.2412871750620815,24.385736912834055
game8/Clip3,318,player_bottom,7.522940830959655,-3.098973979132893
game8/Clip3,318,player_top,3.3814731936193603,24.319365625062833
game8/Clip3,319,player_bottom,7.51475880832942,-3.1825917752079316
game8/Clip3,319,player_top,3.4954510016217637,24.298788164178735
game8/Clip3,320,player_bottom,7.507753405502891,-3.2588926806335627
game8/Clip3,320,player_top,3.610232724578105,24.134335986995254
game8/Clip3,321,player_bottom,7.476804593612328,-3.309656354410338
game8/Clip3,321,player_top,3.691777132813167,24.091260227238422
game8/Clip3,322,player_bottom,7.4617987424142,-3.346952554519407
game8/Clip3,322,player_top,3.731516347280391,24.065291154560697
game8/Clip3,323,player_bottom,7.406489260979066,-3.368439910498751
game8/Clip3,323,player_top,3.7879508737987937,24.04183155022816
game8/Clip3,324,player_bottom,7.294686869783312,-3.373946537526051
game8/Clip3,324,player_top,3.8925566020746354,24.10799539889637
game8/Clip3,325,player_bottom,7.154993459522557,-3.371524098238215
game8/Clip3,325,player_top,3.980452507415828,24.147656489073835
game8/Clip3,326,player_bottom,7.008102859758815,-3.374325042064858
game8/Clip3,326,player_top,4.049843963016337,24.19529035405097
game8/Clip3,327,player_bottom,6.9173615093492655,-3.366374183497902
game8/Clip3,327,player_top,4.092873974926833,24.07074753864367
game8/Clip3,328,player_bottom,6.828330458704809,-3.3382330235933133
game8/Clip3,328,player_top,4.131819344758874,24.027911074869202
game8/Clip3,329,player_bottom,6.723340502830012,-3.155235875422915
game8/Clip3,329,player_top,4.160477196637622,24.00377887897407
game8/Clip3,330,player_bottom,6.590380469116896,-3.158277945359015
game8/Clip3,330,player_top,4.181880609253035,24.180145553745504
game8/Clip3,331,player_bottom,6.470562335561593,-3.195311990776505
game8/Clip3,331,player_top,4.222243043462236,23.920556815671382
game8/Clip3,332,player_bottom,6.33934525130349,-3.192724351209486
game8/Clip3,332,player_top,4.301516089872835,23.597750177490514
game8/Clip3,333,player_bottom,6.202724947946136,-3.185202194513643
game8/Clip3,333,player_top,4.36565178812144,23.44282169326278
game8/Clip3,334,player_bottom,6.104748895245155,-3.177506323963279
game8/Clip3,334,player_top,4.409261869503917,23.34527907586636
game8/Clip3,335,player_bottom,6.053204475249685,-3.1887577242238843
game8/Clip3,335,player_top,4.432027201850509,23.333108217146652
game8/Clip3,336,player_bottom,5.95778458771695,-3.191072015337172
game8/Clip3,336,player_top,4.450467816488915,23.269474827837563
game8/Clip3,337,player_bottom,5.819846544899934,-3.1811069832638252
game8/Clip3,337,player_top,4.4623693649556415,23.26780725379636
game8/Clip3,338,player_bottom,5.693502419659092,-3.174351052784069
game8/Clip3,338,player_top,4.468008111005524,23.285136699243065
game8/Clip3,339,player_bottom,5.577760723446716,-3.189279904421287
game8/Clip3,339,player_top,4.482229813841963,23.27969595316717
game8/Clip3,340,player_bottom,5.463516702873524,-3.2372302132534045
game8/Clip3,340,player_top,4.493923677573523,23.28282986807077
game8/Clip3,341,player_bottom,5.3101738168250305,-3.2845872658869295
game8/Clip3,341,player_top,4.508579214183181,23.291124680721193
game8/Clip3,342,player_bottom,5.149505912288633,-3.303687102786211
game8/Clip3,342,player_top,4.546537436745694,23.287337552375654
game8/Clip3,343,player_bottom,4.978797187273507,-3.3332256000393787
game8/Clip3,343,player_top,4.5852949331275905,23.282725470472776
game8/Clip3,344,player_bottom,4.828861926837814,-3.342177924344989
game8/Clip3,344,player_top,4.6077300499771905,23.277436731529512
game8/Clip3,345,player_bottom,4.738093369223179,-3.4280856723989825
game8/Clip3,345,player_top,4.624930188482681,23.301918890532022
game8/Clip3,346,player_bottom,4.663790886628668,-3.466551024966501
game8/Clip3,346,player_top,4.577538555012394,23.27915675684875
game8/Clip3,347,player_bottom,4.611081592031274,-3.4701373911406552
game8/Clip3,347,player_top,4.5570847121349525,23.276464447901912
game8/Clip3,348,player_bottom,4.582113244013368,-3.4625929183011896
game8/Clip3,348,player_top,4.548023143854738,23.250545310653873
game8/Clip3,349,player_bottom,4.575140463222215,-3.4556167521900876
game8/Clip3,349,player_top,4.5925091110517275,23.256951967042124
game8/Clip3,350,player_bottom,4.578995529872674,-3.427809258462828
game8/Clip3,350,player_top,4.635757123865404,23.270819738981327
game8/Clip3,351,player_bottom,4.586928482612111,-3.4007653500822808
game8/Clip3,351,player_top,4.64903398809012,23.41974258118059
game8/Clip3,352,player_bottom,4.594553763989116,-3.3856165859466536
game8/Clip3,352,player_top,4.643805508800089,23.381968168756497
game8/Clip3,353,player_bottom,4.600717844496731,-3.398970404347008
game8/Clip3,353,player_top,4.638212313630719,23.506439822585858
game8/Clip3,354,player_bottom,4.605439640223172,-3.3819002485767617
game8/Clip3,354,player_top,4.632981042995971,23.603612159435137
game8/Clip3,355,player_bottom,4.606719765268703,-3.3463376727904928
game8/Clip3,355,player_top,4.627090643497944,23.57261915867044
game8/Clip3,356,player_bottom,4.608834071236131,-3.3025559798914284
game8/Clip3,356,player_top,4.629186644451188,23.53210540572474
game8/Clip3,357,player_bottom,4.607658913377549,-3.253783655209254
game8/Clip3,357,player_top,4.606435350081194,23.600057003517826
game8/Clip3,358,player_bottom,4.602646486062203,-3.2074194981636674
game8/Clip3,358,player_top,4.565009718994909,23.545843056008394
game8/Clip3,359,player_bottom,4.600366275527959,-3.182765771706785
game8/Clip3,359,player_top,4.533453343728888,23.54568998990959
game8/Clip3,360,player_bottom,4.602189874354226,-3.169190586583994
game8/Clip3,360,player_top,4.520658012675446,23.46354205833363
game8/Clip3,361,player_bottom,4.600423256015282,-3.172042947162449
game8/Clip3,361,player_top,4.513734032447613,23.40561788608592
game8/Clip3,362,player_bottom,4.5981551219171815,-3.173173506388139
game8/Clip3,362,player_top,4.506053464847792,23.383040876203193
game8/Clip3,363,player_bottom,4.597374521077949,-3.18007944730878
game8/Clip3,363,player_top,4.491487239376732,23.409841442997724
game8/Clip3,364,player_bottom,4.5910073532552795,-3.188400588944626
game8/Clip3,364,player_top,4.464851906962927,23.44025131248902
game8/Clip3,365,player_bottom,4.579104037960877,-3.195510162519124
game8/Clip3,365,player_top,4.439338300669692,23.4604263253033
game8/Clip3,366,player_bottom,4.5751245438906105,-3.192769318261802
game8/Clip3,366,player_top,4.406870650087471,23.436632259983558
game8/Clip3,367,player_bottom,4.56802808364454,-3.1902725196089516
game8/Clip3,367,player_top,4.385962930814297,23.41181247087378
game8/Clip3,368,player_bottom,4.561216042046327,-3.1852365590331773
game8/Clip3,368,player_top,4.3645088553773705,23.343976999612302
game8/Clip3,369,player_bottom,4.544179971311594,-3.1818629600682873
game8/Clip3,369,player_top,4.353573829021428,23.238863336009935
game8/Clip3,370,player_bottom,4.515341820668718,-3.176526983214524
game8/Clip3,370,player_top,4.347653545059263,23.05857608840984
game8/Clip3,371,player_bottom,4.522758405054372,-3.1796503115111334
game8/Clip3,371,player_top,4.340299177107059,22.921758698006705
game8/Clip3,372,player_bottom,4.513145773857503,-3.1794885857578157
game8/Clip3,372,player_top,4.335158149904444,22.785373191760144
game8/Clip3,373,player_bottom,4.506527263815349,-3.187377005548921
game8/Clip3,373,player_top,4.333233316226351,22.65736911323699
game8/Clip3,374,player_bottom,4.509631296792376,-3.181699631205879
game8/Clip3,374,player_top,4.3319353131557445,22.602019308200486
game8/Clip3,375,player_bottom,4.511617612819902,-3.1698159143925624
game8/Clip3,375,player_top,4.332487245628565,22.571552850157765
game8/Clip3,376,player_bottom,4.51855720969057,-3.1302151172484765
game8/Clip3,376,player_top,4.328794508647993,22.55641278551381
game8/Clip3,377,player_bottom,4.524015267394916,-3.095618669496648
game8/Clip3,377,player_top,4.320697025918948,22.555459581823744
game8/Clip3,378,player_bottom,4.525510076116679,-3.060914843745133
game8/Clip3,378,player_top,4.311270917519144,22.53342412603743
game8/Clip3,379,player_bottom,4.526191239913567,-3.042697302744468
game8/Clip3,379,player_top,4.2987075259181164,22.465285114521475
game8/Clip3,380,player_bottom,4.520310384162005,-3.0336786960308704
game8/Clip3,380,player_top,4.2846487812469505,22.39454238148155
game8/Clip3,381,player_bottom,4.5104555006581615,-3.026987465741782
game8/Clip3,381,player_top,4.271379765261705,22.35082753060936
game8/Clip3,382,player_bottom,4.496947611646523,-3.0244152631778305
game8/Clip3,382,player_top,4.259981955573851,22.317574896077108
game8/Clip3,383,player_bottom,4.485578654541898,-3.024070151736454
game8/Clip3,383,player_top,4.255614269918522,22.335141217307008
game8/Clip3,384,player_bottom,4.462795701149777,-3.024161563945119
game8/Clip3,384,player_top,4.243768703995514,22.359407983843685
game8/Clip3,385,player_bottom,4.41838939956936,-3.0192522532798964
game8/Clip3,385,player_top,4.2380315912511,22.377622186620613
game8/Clip3,386,player_bottom,4.35696533337209,-3.014297019562309
game8/Clip3,386,player_top,4.228726026189276,22.360508474191942
game8/Clip3,387,player_bottom,4.294905082009148,-3.025832733068599
game8/Clip3,387,player_top,4.219096180101705,22.337660389126547
game8/Clip3,388,player_bottom,4.250999328600946,-3.0181918564650516
game8/Clip3,388,player_top,4.214209054093294,22.306509691162134
game8/Clip3,389,player_bottom,4.239055644455321,-3.010077104649641
game8/Clip3,389,player_top,4.21023609905484,22.252934058470817
game8/Clip3,390,player_bottom,4.214789262421514,-3.0125794437524727
game8/Clip3,390,player_top,4.219144838669643,22.198458298087093
game8/Clip3,391,player_bottom,4.200248445967065,-2.9846634098960285
game8/Clip3,391,player_top,4.21602783641845,22.139437686214585
game8/Clip3,392,player_bottom,4.193177958539002,-2.9501363017559012
game8/Clip3,392,player_top,4.222071452831642,22.090712366773335
game8/Clip3,393,player_bottom,4.187151785900333,-2.9116809156371746
game8/Clip3,393,player_top,4.222059646410485,22.072832920555115
game8/Clip3,394,player_bottom,4.186512333745825,-2.8780272912090807
game8/Clip3,394,player_top,4.232529225356584,22.042049589611995
game8/Clip3,395,player_bottom,4.167535303755099,-2.8253522699594606
game8/Clip3,395,player_top,4.232173996459555,22.020423610959398
game8/Clip3,396,player_bottom,4.1331500459962545,-2.7984262059098493
game8/Clip3,396,player_top,4.241663361001021,21.990285973656885
game8/Clip3,397,player_bottom,4.075826753608548,-2.7878358941859274
game8/Clip3,397,player_top,4.258356621412194,21.98715415514374
game8/Clip3,398,player_bottom,4.019840954947166,-2.788613212938549
game8/Clip3,398,player_top,4.300464205071118,21.987603016306497
game8/Clip3,399,player_bottom,3.9685642937069936,-2.7904060292441875
game8/Clip3,399,player_top,4.3343514419566995,21.99486661448157
game8/Clip3,400,player_bottom,3.9281868982868877,-2.7907864053687503
game8/Clip3,400,player_top,4.358290379414536,21.975634327584057
game8/Clip3,401,player_bottom,3.9050229586142504,-2.7856057149897717
game8/Clip3,401,player_top,4.3816356081756895,21.976040926400742
game8/Clip3,402,player_bottom,3.8757502730899915,-2.7807919902813945
game8/Clip3,402,player_top,4.392982703839984,21.97821440175899
game8/Clip3,403,player_bottom,3.8530413200936255,-2.7788647432505758
game8/Clip3,403,player_top,4.4060743778917475,21.965201943010285
game8/Clip3,404,player_bottom,3.827318428493901,-2.7883513803547837
game8/Clip3,404,player_top,4.415705103678412,21.967388783917507
game8/Clip3,405,player_bottom,3.798245467401595,-2.7742464671114835
game8/Clip3,405,player_top,4.429578959416084,21.97016992068764
game8/Clip3,406,player_bottom,3.7642133558742286,-2.764372696424538
game8/Clip3,406,player_top,4.455805582302779,21.970951817089816
game8/Clip3,407,player_bottom,3.7448133336333,-2.7551061270835913
game8/Clip3,407,player_top,4.481224403087265,21.969442324437512
game8/Clip3,408,player_bottom,3.7285554620092185,-2.74372907896577
game8/Clip3,408,player_top,4.498593041634496,21.96863667375332
game8/Clip3,409,player_bottom,3.7005503844718817,-2.7486134145594883
game8/Clip3,409,player_top,4.5083816246980115,21.96306960059054
game8/Clip3,410,player_bottom,3.674807987494607,-2.730265055906417
game8/Clip3,410,player_top,4.513640734967833,21.961874377902607
game8/Clip3,411,player_bottom,3.6455371626720794,-2.691283020012202
game8/Clip3,411,player_top,4.526942504434619,21.9522677774953
game8/Clip3,412,player_bottom,3.582628483053958,-2.6839441619309747
game8/Clip3,412,player_top,4.535204041386962,21.95413182327713
game8/Clip4,0,player_bottom,4.6809355016136545,-1.9118041332738493
game8/Clip4,0,player_top,0.6001725011077067,21.97953955899862
game8/Clip4,1,player_bottom,4.6809355016136545,-1.9118041332738493
game8/Clip4,1,player_top,0.6001725011077067,21.97953955899862
game8/Clip4,2,player_bottom,4.690375886570774,-1.9108586897779756
game8/Clip4,2,player_top,0.5999558167936039,21.9785031374315
game8/Clip4,3,player_bottom,4.71089737375958,-1.9125173831543922
game8/Clip4,3,player_top,0.5984683945411057,21.9866133075622
game8/Clip4,4,player_bottom,4.728460023418578,-1.901033733938013
game8/Clip4,4,player_top,0.5988916353112783,21.986619808247372
game8/Clip4,5,player_bottom,4.756662593543891,-1.888176282210639
game8/Clip4,5,player_top,0.5998453296454754,21.989163344428945
game8/Clip4,6,player_bottom,4.79015970059947,-1.8372242453767191
game8/Clip4,6,player_top,0.6017284461324174,21.98331915847446
game8/Clip4,7,player_bottom,4.808826399360991,-1.7914846839019605
game8/Clip4,7,player_top,0.6028156528720112,21.999635037785858
game8/Clip4,8,player_bottom,4.818907522712971,-1.729787922772091
game8/Clip4,8,player_top,0.6034516323381361,22.00749867721109
game8/Clip4,9,player_bottom,4.827638145899057,-1.677426801049673
game8/Clip4,9,player_top,0.6039698184783121,21.996998216985208
game8/Clip4,10,player_bottom,4.833438940899984,-1.6116030057969428
game8/Clip4,10,player_top,0.6067297128106026,21.990915168262244
game8/Clip4,11,player_bottom,4.8447345242411295,-1.5171732654053598
game8/Clip4,11,player_top,0.6100243925985899,21.977522868542355
game8/Clip4,12,player_bottom,4.856388345066838,-1.4746225492713527
game8/Clip4,12,player_top,0.6243847806800121,21.982122035161662
game8/Clip4,13,player_bottom,4.868368921518692,-1.4596647025229674
game8/Clip4,13,player_top,0.6847573141964561,22.00169955395144
game8/Clip4,14,player_bottom,4.878503325127669,-1.4585977699387227
game8/Clip4,14,player_top,0.7682865944070773,21.99086209712432
game8/Clip4,15,player_bottom,4.873069031520238,-1.4545684011910545
game8/Clip4,15,player_top,0.8690011888502184,22.083073262128828
game8/Clip4,16,player_bottom,4.833418786814813,-1.452152580364477
game8/Clip4,16,player_top,0.9336134580420633,22.325300263586612
game8/Clip4,17,player_bottom,4.82513352476363,-1.4571834190854585
game8/Clip4,17,player_top,1.0132938430119818,22.156681506677277
game8/Clip4,18,player_bottom,4.82284741739565,-1.4566107190210271
game8/Clip4,18,player_top,1.09388719352582,22.10332462797986
game8/Clip4,19,player_bottom,4.815448124277744,-1.3107211757931274
game8/Clip4,19,player_top,1.1913145142728956,22.082617173741983
game8/Clip4,20,player_bottom,4.8485085269724575,-1.2002512450974607
game8/Clip4,20,player_top,1.231226309947958,22.077495812059876
game8/Clip4,21,player_bottom,4.898635751691398,-0.9562085270657558
game8/Clip4,21,player_top,1.252980925689167,22.074543265968334
game8/Clip4,22,player_bottom,4.948826583404265,-0.7940077928614915
game8/Clip4,22,player_top,1.2792030094931781,22.03859893101405
game8/Clip4,23,player_bottom,4.996120481280435,-0.6744729196852155
game8/Clip4,23,player_top,1.3122420055907646,22.0651484708193
game8/Clip4,24,player_bottom,5.031388980812913,-0.5633256536797521
game8/Clip4,24,player_top,1.3679200327680339,22.1674500388961
game8/Clip4,25,player_bottom,5.050020924999325,-0.5801142449243243
game8/Clip4,25,player_top,1.4380406419819862,22.249791766864682
game8/Clip4,26,player_bottom,5.042558231888117,-0.6659001781099358
game8/Clip4,26,player_top,1.5073639635890579,22.298650067745083
game8/Clip4,27,player_bottom,5.019338480378045,-0.7368145014377795
game8/Clip4,27,player_top,1.5822750691276584,22.251798311874467
game8/Clip4,28,player_bottom,4.972614333665545,-0.7570662988744908
game8/Clip4,28,player_top,1.635268217243749,22.23443026480946
game8/Clip4,29,player_bottom,4.921315760972559,-0.7562539960184049
game8/Clip4,29,player_top,1.6686661908288505,22.218196684032193
game8/Clip4,30,player_bottom,4.8427611840662905,-0.7620643136984676
game8/Clip4,30,player_top,1.6785922789435614,22.19848653136437
game8/Clip4,31,player_bottom,4.786186334907318,-0.7587433561661576
game8/Clip4,31,player_top,1.6929219011621848,22.192837159396568
game8/Clip4,32,player_bottom,4.7319830973781265,-0.7543933958657776
game8/Clip4,32,player_top,1.7351448474948146,22.20505849077692
game8/Clip4,33,player_bottom,4.70633938153395,-0.7562166425577455
game8/Clip4,33,player_top,1.7948346033734341,22.214625465640857
game8/Clip4,34,player_bottom,4.676167580660653,-0.7617196358978715
game8/Clip4,34,player_top,1.8462849734839364,22.216049364993847
game8/Clip4,35,player_bottom,4.670496506039913,-0.7654997773994463
game8/Clip4,35,player_top,1.8751267805059184,22.18726709827594
game8/Clip4,36,player_bottom,4.679596976316609,-0.8410159899929526
game8/Clip4,36,player_top,1.872324964854104,22.205462682672593
game8/Clip4,37,player_bottom,4.702943112486532,-0.9244941772489139
game8/Clip4,37,player_top,1.8951842298556953,22.24234384987927
game8/Clip4,38,player_bottom,4.713996569977588,-1.0513945301338092
game8/Clip4,38,player_top,1.973599119984765,22.15052658543329
game8/Clip4,39,player_bottom,4.714020246929646,-1.1722644330652978
game8/Clip4,39,player_top,2.0407719299829727,21.934568127308687
game8/Clip4,40,player_bottom,4.707966616198542,-1.2898616086323318
game8/Clip4,40,player_top,2.1531412259339704,21.82611835852847
game8/Clip4,41,player_bottom,4.697817272758226,-1.3937319106883426
game8/Clip4,41,player_top,2.241888036778781,21.734074002636095
game8/Clip4,42,player_bottom,4.694126271872063,-1.4864041930645062
game8/Clip4,42,player_top,2.274700453803969,21.721512031980474
game8/Clip4,43,player_bottom,4.681957625078427,-1.5439283043996688
game8/Clip4,43,player_top,2.2797264296022686,21.712578006733796
game8/Clip4,44,player_bottom,4.688748560837601,-1.6067264983565368
game8/Clip4,44,player_top,2.2260502968984794,21.751754116637706
game8/Clip4,45,player_bottom,4.690004614274235,-1.6207363440559526
game8/Clip4,45,player_top,2.162605263992246,21.779089157568162
game8/Clip4,46,player_bottom,4.694408245970175,-1.627774167373926
game8/Clip4,46,player_top,2.1523049472332616,21.82722610259113
game8/Clip4,47,player_bottom,4.690515451696512,-1.669864927565493
game8/Clip4,47,player_top,2.2097025432073396,22.228851014048463
game8/Clip4,48,player_bottom,4.693670651319066,-1.6828815705922608
game8/Clip4,48,player_top,2.284566126508416,22.402391257824643
game8/Clip4,49,player_bottom,4.718185674735353,-1.7934859078110188
game8/Clip4,49,player_top,2.3268036944072787,22.45166549119231
game8/Clip4,50,player_bottom,4.743789036514104,-1.9482514139894815
game8/Clip4,50,player_top,2.367847634445348,22.397167902761904
game8/Clip4,51,player_bottom,4.766604532116407,-2.0670414811580287
game8/Clip4,51,player_top,2.4290757118445807,22.045837839708273
game8/Clip4,52,player_bottom,4.7759638985662765,-2.151659152927536
game8/Clip4,52,player_top,2.4558577327170874,21.92546212091753
game8/Clip4,53,player_bottom,4.78950045487634,-2.222418543577536
game8/Clip4,53,player_top,2.4631275048805836,21.8868246889373
game8/Clip4,54,player_bottom,4.806236128558747,-2.2630901372575782
game8/Clip4,54,player_top,2.4591088161760943,21.87537180804668
game8/Clip4,55,player_bottom,4.800966652669146,-2.3335352122598616
game8/Clip4,55,player_top,2.457082035968,21.87534173351947
game8/Clip4,56,player_bottom,4.762499879170798,-2.442506840904897
game8/Clip4,56,player_top,2.4585292721575107,21.90419980821657
game8/Clip4,57,player_bottom,4.69890841468635,-2.513354851011578
game8/Clip4,57,player_top,2.479054038377126,21.958875429316194
game8/Clip4,58,player_bottom,4.529788982562581,-2.543805086154116
game8/Clip4,58,player_top,2.5510834523309245,22.03129638665076
game8/Clip4,59,player_bottom,4.384818638004879,-2.5567099841624215
game8/Clip4,59,player_top,2.7126484428499436,22.09373826266799
game8/Clip4,60,player_bottom,4.331178417944647,-2.5727020435029435
game8/Clip4,60,player_top,2.858537054697185,22.15428256601338
game8/Clip4,61,player_bottom,4.271764915003765,-2.514175313807355
game8/Clip4,61,player_top,2.991848652923017,22.107011796412152
game8/Clip4,62,player_bottom,4.192837817723885,-2.4166516974366146
game8/Clip4,62,player_top,3.1047437937116555,22.01019180022874
game8/Clip4,63,player_bottom,4.0378402121140615,-2.5445119177790256
game8/Clip4,63,player_top,3.206170538393055,21.93765490825451
game8/Clip4,64,player_bottom,3.8075281643883443,-2.6058653133307996
game8/Clip4,64,player_top,3.3232731398341113,21.898171418580294
game8/Clip4,65,player_bottom,3.6541191649134306,-2.6437220184984827
game8/Clip4,65,player_top,3.4509558860845537,21.854780816730745
game8/Clip4,66,player_bottom,3.5639350958898377,-2.75878577191172
game8/Clip4,66,player_top,3.5660722961594553,21.843074320955694
game8/Clip4,67,player_bottom,3.439985605817375,-2.840224450310284
game8/Clip4,67,player_top,3.6348467129062816,21.85487118944309
game8/Clip4,68,player_bottom,3.2822191266800123,-2.876530360794178
game8/Clip4,68,player_top,3.705895635589238,21.87960532455471
game8/Clip4,69,player_bottom,3.1291965831460025,-2.937858275725394
game8/Clip4,69,player_top,3.7892645478372122,21.886195747672993
game8/Clip4,70,player_bottom,3.0213069858840242,-3.1405976429631677
game8/Clip4,70,player_top,3.8701585377262937,21.756070178037863
game8/Clip4,71,player_bottom,2.9240141704041402,-3.2509056738152178
game8/Clip4,71,player_top,3.9390761348803753,21.67942062339162
game8/Clip4,72,player_bottom,2.824048210127821,-3.28881778223544
game8/Clip4,72,player_top,4.055729036226558,21.631475795151896
game8/Clip4,73,player_bottom,2.7188068990117777,-3.296620749566361
game8/Clip4,73,player_top,4.175293946074471,21.634793498877478
game8/Clip4,74,player_bottom,2.601046432639135,-3.286260960032934
game8/Clip4,74,player_top,4.230648679978977,21.6302720102261
game8/Clip4,75,player_bottom,2.4876236178741147,-3.2672849068551373
game8/Clip4,75,player_top,4.255011916777787,21.621215600475992
game8/Clip4,76,player_bottom,2.3638193670448033,-3.2525002610773806
game8/Clip4,76,player_top,4.27927624662632,21.66007539869899
game8/Clip4,77,player_bottom,2.315517602316857,-3.2957026102166886
game8/Clip4,77,player_top,4.326771863177775,21.756245818967077
game8/Clip4,78,player_bottom,2.2297132321684567,-3.4033898744235307
game8/Clip4,78,player_top,4.393479288469447,21.834525367645348
game8/Clip4,79,player_bottom,2.1815731890144523,-3.519348166935077
game8/Clip4,79,player_top,4.455504809750796,21.867223800271955
game8/Clip4,80,player_bottom,2.1021895598649873,-3.6630282954310993
game8/Clip4,80,player_top,4.5429089881883264,21.897523964168585
game8/Clip4,81,player_bottom,2.0408941087942236,-3.759418980618979
game8/Clip4,81,player_top,4.594130261807334,21.899442853732843
game8/Clip4,82,player_bottom,2.0232321046338857,-3.8302629989621724
game8/Clip4,82,player_top,4.616041070798443,21.88958987437535
game8/Clip4,83,player_bottom,2.002097982976354,-3.850157919010481
game8/Clip4,83,player_top,4.626897544439026,21.89090200877222
game8/Clip4,84,player_bottom,1.990802315439162,-3.8588335510381793
game8/Clip4,84,player_top,4.660724400793562,21.896161888684315
game8/Clip4,85,player_bottom,1.9830944499894112,-3.8500789193510827
game8/Clip4,85,player_top,4.727295678523634,21.89318595512811
game8/Clip4,86,player_bottom,1.9850679786065004,-3.8266962382116563
game8/Clip4,86,player_top,4.832458256024967,21.888010096683704
game8/Clip4,87,player_bottom,1.974129579806892,-3.7833720152070125
game8/Clip4,87,player_top,4.9824816590391094,21.87393946602269
game8/Clip4,88,player_bottom,1.9602237531196165,-3.7439625695382683
game8/Clip4,88,player_top,5.105766140158558,21.86903653404154
game8/Clip4,89,player_bottom,1.941138721972328,-3.7649246036546358
game8/Clip4,89,player_top,5.198818806291895,21.862004482953786
game8/Clip4,90,player_bottom,1.925092158584381,-3.78879065963951
game8/Clip4,90,player_top,5.280865138520575,21.88034164137986
game8/Clip4,91,player_bottom,1.9260841116086227,-3.837092130268518
game8/Clip4,91,player_top,5.3634897305037565,21.837947094630298
game8/Clip4,92,player_bottom,1.920662898057079,-3.853820085634828
game8/Clip4,92,player_top,5.4474961422201345,21.91221188473235
game8/Clip4,93,player_bottom,1.9512541603740703,-3.8519396929687915
game8/Clip4,93,player_top,5.5271041850422025,21.989413061151435
game8/Clip4,94,player_bottom,1.9793081482369308,-3.8359572417263506
game8/Clip4,94,player_top,5.61264222708653,22.116114108254315
game8/Clip4,95,player_bottom,2.0070208272015964,-3.800611336314279
game8/Clip4,95,player_top,5.713416739990677,22.35925346724419
game8/Clip4,96,player_bottom,2.0431880318048186,-3.701176084582671
game8/Clip4,96,player_top,5.8124324441721225,22.49821610910123
game8/Clip4,97,player_bottom,2.1258778151290416,-3.6235783902951666
game8/Clip4,97,player_top,5.896287475213327,22.72229926066955
game8/Clip4,98,player_bottom,2.2348134437155958,-3.590903625114246
game8/Clip4,98,player_top,6.009213209980915,22.78298717826244
game8/Clip4,99,player_bottom,2.3512750059662384,-3.517542762930496
game8/Clip4,99,player_top,6.103294057225372,22.808066179850034
game8/Clip4,100,player_bottom,2.442014330082687,-3.4955212996445986
game8/Clip4,100,player_top,6.207685540055117,22.836317672041215
game8/Clip4,101,player_bottom,2.512333431985066,-3.4603915459083705
game8/Clip4,101,player_top,6.302180083431621,22.82815458922858
game8/Clip4,102,player_bottom,2.597631135424245,-3.4202113300905306
game8/Clip4,102,player_top,6.416473659689516,22.91743541468231
game8/Clip4,103,player_bottom,2.7260222099841673,-3.404778639288508
game8/Clip4,103,player_top,6.5349133957937475,23.29093256970713
game8/Clip4,104,player_bottom,2.8634265201760054,-3.428005284327935
game8/Clip4,104,player_top,6.627628050175302,23.320021058720176
game8/Clip4,105,player_bottom,2.979938219285919,-3.4804392436343514
game8/Clip4,105,player_top,6.681982957070199,23.513192755197842
game8/Clip4,106,player_bottom,3.033654599101864,-3.514206567827258
game8/Clip4,106,player_top,6.757952846554891,23.616009735804138
game8/Clip4,107,player_bottom,3.0619304550953563,-3.584624316323329
game8/Clip4,107,player_top,6.8374495358428655,23.310589584665742
game8/Clip4,108,player_bottom,3.0820817926622532,-3.6396284355581994
game8/Clip4,108,player_top,6.909442597652627,23.082173463030312
game8/Clip4,109,player_bottom,3.10760070579699,-3.661516111882141
game8/Clip4,109,player_top,6.97148386246237,23.02582411342727
game8/Clip4,110,player_bottom,3.146386993790557,-3.653033371826366
game8/Clip4,110,player_top,7.014265510525506,23.019332768439504
game8/Clip4,111,player_bottom,3.1962779088560374,-3.636580110651294
game8/Clip4,111,player_top,7.002841166150027,23.03983983845086
game8/Clip4,112,player_bottom,3.2502429883472743,-3.685295505486268
game8/Clip4,112,player_top,7.029850981621674,23.212290411118886
game8/Clip4,113,player_bottom,3.3050443384898167,-3.7475515362651075
game8/Clip4,113,player_top,7.040827120753393,23.267245572007244
game8/Clip4,114,player_bottom,3.3486592772180424,-3.8252980468191238
game8/Clip4,114,player_top,7.2662295341159755,23.256188078168183
game8/Clip4,115,player_bottom,3.389646590117053,-3.8866052809413154
game8/Clip4,115,player_top,7.381183391774535,23.1271356027785
game8/Clip4,116,player_bottom,3.4108212208518958,-3.932280596664343
game8/Clip4,116,player_top,7.403514261460078,22.899512933691604
game8/Clip4,117,player_bottom,3.410415916391871,-3.9628532006530937
game8/Clip4,117,player_top,7.491890294897213,22.687271677961547
game8/Clip4,118,player_bottom,3.408153975615471,-3.9825376372149313
game8/Clip4,118,player_top,7.558772472136447,22.576618788317717
game8/Clip4,119,player_bottom,3.406947232247907,-3.9752628914280264
game8/Clip4,119,player_top,7.611209094783453,22.525733985647527
game8/Clip4,120,player_bottom,3.4039674913303966,-3.979340074227787
game8/Clip4,120,player_top,7.638456417271586,22.53307345978895
game8/Clip4,121,player_bottom,3.383708216466351,-3.981367292522233
game8/Clip4,121,player_top,7.613032569541968,22.55273882033018
game8/Clip4,122,player_bottom,3.346628174207567,-3.9949956000694247
game8/Clip4,122,player_top,7.707720869873612,22.665493350704804
game8/Clip4,123,player_bottom,3.308000859133523,-4.020758022093049
game8/Clip4,123,player_top,7.841155716924111,22.728890666496174
game8/Clip4,124,player_bottom,3.2463093770635854,-4.05978401039357
game8/Clip4,124,player_top,7.949621226305286,22.80931551616741
game8/Clip4,125,player_bottom,3.199296316243634,-4.165874258339872
game8/Clip4,125,player_top,8.028030533037917,22.771470479866856
game8/Clip4,126,player_bottom,3.157107428473016,-4.2351835164906175
game8/Clip4,126,player_top,8.053077611279093,22.838214045201173
game8/Clip4,127,player_bottom,3.1554540251394387,-4.232323306597632
game8/Clip4,127,player_top,8.063155052524207,22.85247285064521
game8/Clip4,128,player_bottom,3.1538003174274842,-4.2294625701627995
game8/Clip4,128,player_top,8.065590562855922,22.86691155774778
game8/Clip4,129,player_bottom,3.152146305253096,-4.22660130704071
game8/Clip4,129,player_top,8.065029556880779,22.869936645585163
game8/Clip4,130,player_bottom,3.1504919885321847,-4.223739517085896
game8/Clip4,130,player_top,8.061279282318903,22.88189416154902
game8/Clip4,131,player_bottom,3.0680539102073134,-4.224097526639536
game8/Clip4,131,player_top,8.06651983917062,22.955916393765254
game8/Clip4,132,player_bottom,2.9509399381245394,-4.224256439120501
game8/Clip4,132,player_top,8.068227766451038,23.135504566719863
game8/Clip5,0,player_bottom,2.791264903276979,-1.6505765751681012
game8/Clip5,0,player_top,4.239994271602912,31.057229024408226
game8/Clip5,1,player_bottom,2.791264903276979,-1.6505765751681012
game8/Clip5,1,player_top,4.239994271602912,31.057229024408226
game8/Clip5,2,player_bottom,2.801266684831479,-1.6588176153825023
game8/Clip5,2,player_top,4.247740995171044,31.070602280089666
game8/Clip5,3,player_bottom,2.8048402597316,-1.6591270572764163
game8/Clip5,3,player_top,4.248422363273247,31.06024422866049
game8/Clip5,4,player_bottom,2.812470277358619,-1.6645200621123564
game8/Clip5,4,player_top,4.246222765317241,30.992635134991986
game8/Clip5,5,player_bottom,2.830944596266611,-1.627456426061692
game8/Clip5,5,player_top,4.246245976641448,30.97092166608125
game8/Clip5,6,player_bottom,2.8487034821311292,-1.6089659858587817
game8/Clip5,6,player_top,4.244369086107602,30.98753192931862
game8/Clip5,7,player_bottom,2.858577503892023,-1.5842784133007617
game8/Clip5,7,player_top,4.24111252433011,30.98831568406557
game8/Clip5,8,player_bottom,2.8723569713745682,-1.5180382122041152
game8/Clip5,8,player_top,4.240825574578494,31.00135573379845
game8/Clip5,9,player_bottom,2.8827646750289224,-1.4806956711797903
game8/Clip5,9,player_top,4.238866018254976,31.00444774245577
game8/Clip5,10,player_bottom,2.895146887431373,-1.4626983603028492
game8/Clip5,10,player_top,4.2386117038573135,31.013203702809186
game8/Clip5,11,player_bottom,2.905907611328734,-1.4437862071865872
game8/Clip5,11,player_top,4.239886198248538,31.01442109683711
game8/Clip5,12,player_bottom,2.9161122263717836,-1.3996752411967819
game8/Clip5,12,player_top,4.2383773610814215,30.96626197406612
game8/Clip5,13,player_bottom,2.9283562015326456,-1.3786621256650478
game8/Clip5,13,player_top,4.238574081946277,30.950415731337127
game8/Clip5,14,player_bottom,2.9407770463634493,-1.3715102026582218
game8/Clip5,14,player_top,4.2355103330201835,30.940880886628552
game8/Clip5,15,player_bottom,2.9527795546301494,-1.3741821374181993
game8/Clip5,15,player_top,4.233215122206567,30.942751815473912
game8/Clip5,16,player_bottom,2.972256621705194,-1.3794567904729362
game8/Clip5,16,player_top,4.232022509994751,30.939492252844108
game8/Clip5,17,player_bottom,2.990008623929598,-1.3774031680593057
game8/Clip5,17,player_top,4.230185452495772,30.947482229692355
game8/Clip5,18,player_bottom,2.9720331614469875,-1.3834464231790298
game8/Clip5,18,player_top,4.2307747712266535,30.952999337398555
game8/Clip5,19,player_bottom,2.9724580507329152,-1.3864510475789376
game8/Clip5,19,player_top,4.234616982329924,30.913579586324694
game8/Clip5,20,player_bottom,2.9543640209179545,-1.2179670433561274
game8/Clip5,20,player_top,4.238295264279495,30.89806901565745
game8/Clip5,21,player_bottom,2.95991531584756,-1.0643494715250141
game8/Clip5,21,player_top,4.244271417734661,30.87552623781118
game8/Clip5,22,player_bottom,2.9998942835830857,-0.850638452524053
game8/Clip5,22,player_top,4.246397137294921,30.858679707607322
game8/Clip5,23,player_bottom,3.046790269255769,-0.669832517852389
game8/Clip5,23,player_top,4.248024744146054,30.851208396074355
game8/Clip5,24,player_bottom,3.131530813398201,-0.5430022730760465
game8/Clip5,24,player_top,4.2502896367178415,30.84210894004186
game8/Clip5,25,player_bottom,3.1807861503492303,-0.4174969932492383
game8/Clip5,25,player_top,4.24947917655482,30.82808439241156
game8/Clip5,26,player_bottom,3.2075392537836436,-0.371506672463934
game8/Clip5,26,player_top,4.250593679986691,30.80454137063935
game8/Clip5,27,player_bottom,3.210745563976342,-0.4762153084105696
game8/Clip5,27,player_top,4.239109772919211,30.764186579328886
game8/Clip5,28,player_bottom,3.1771470060773725,-0.5517012042874379
game8/Clip5,28,player_top,4.2350097773003785,30.77925371211215
game8/Clip5,29,player_bottom,3.1025430940285252,-0.5694223325789536
game8/Clip5,29,player_top,4.232468886083423,30.76821485279495
game8/Clip5,30,player_bottom,3.013436278905927,-0.5780883715647133
game8/Clip5,30,player_top,4.231399502488158,30.743797093287046
game8/Clip5,31,player_bottom,2.958599058460509,-0.5823759094960893
game8/Clip5,31,player_top,4.2308254708322846,30.735083333741663
game8/Clip5,32,player_bottom,2.9362315874852842,-0.5937484854002237
game8/Clip5,32,player_top,4.23082906136317,30.74197572984384
game8/Clip5,33,player_bottom,2.9101531143609525,-0.5925502166970182
game8/Clip5,33,player_top,4.230406271605694,30.71782626588677
game8/Clip5,34,player_bottom,2.895094174187631,-0.5858453771983388
game8/Clip5,34,player_top,4.23219149306782,30.728102677080514
game8/Clip5,35,player_bottom,2.858290490960398,-0.5850644930763501
game8/Clip5,35,player_top,4.23116536828577,30.706614139359715
game8/Clip5,36,player_bottom,2.8394368684186473,-0.5872900511205862
game8/Clip5,36,player_top,4.230240046892871,30.69036710834604
game8/Clip5,37,player_bottom,2.845065586637667,-0.8964980514077073
game8/Clip5,37,player_top,4.23014530757751,30.64968311459455
game8/Clip5,38,player_bottom,2.8385581904349784,-1.0344563658689183
game8/Clip5,38,player_top,4.230145918542389,30.629717308163894
game8/Clip5,39,player_bottom,2.8188788332884176,-1.1202690247313596
game8/Clip5,39,player_top,4.229843773226897,30.616464639721357
game8/Clip5,40,player_bottom,2.813200049431674,-1.2135569135582784
game8/Clip5,40,player_top,4.231313891876298,30.595793449301603
game8/Clip5,41,player_bottom,2.809004727640992,-1.3108225632236965
game8/Clip5,41,player_top,4.232315765611566,30.566803454589426
game8/Clip5,42,player_bottom,2.797065778562808,-1.3703338830191163
game8/Clip5,42,player_top,4.232746737276356,30.561552614731205
game8/Clip5,43,player_bottom,2.7780260287675618,-1.3969480771469385
game8/Clip5,43,player_top,4.231513586044221,30.555298726314334
game8/Clip5,44,player_bottom,2.767641007511666,-1.4380388134730298
game8/Clip5,44,player_top,4.235065328148086,30.55209251337821
game8/Clip5,45,player_bottom,2.7565646091217424,-1.4653955349694445
game8/Clip5,45,player_top,4.237431869580141,30.5489364692406
game8/Clip5,46,player_bottom,2.7463998108923446,-1.4975588738837842
game8/Clip5,46,player_top,4.228786965602531,30.534451169373156
game8/Clip5,47,player_bottom,2.7177783047540736,-1.521622485446886
game8/Clip5,47,player_top,4.217589497334556,30.548517009128677
game8/Clip5,48,player_bottom,2.6783936669803663,-1.5748770848741844
game8/Clip5,48,player_top,4.204756319829795,30.56179437738058
game8/Clip5,49,player_bottom,2.6428256114268365,-1.6602686026729692
game8/Clip5,49,player_top,4.182760276835387,30.556094142669846
game8/Clip5,50,player_bottom,2.599490533452625,-1.8109036155309328
game8/Clip5,50,player_top,4.1349637563342805,30.57194375461843
game8/Clip5,51,player_bottom,2.5573460931661214,-1.99816187260083
game8/Clip5,51,player_top,4.0981573224138925,30.586487258829195
game8/Clip5,52,player_bottom,2.5234997639032106,-2.131133957196533
game8/Clip5,52,player_top,3.9103423259424996,30.841052240489336
game8/Clip5,53,player_bottom,2.499710299300264,-2.211037030943435
game8/Clip5,53,player_top,3.803641652437724,30.922733738550043
game8/Clip5,54,player_bottom,2.510978283008958,-2.2394678509775616
game8/Clip5,54,player_top,3.7884657833935926,30.997546593453304
game8/Clip5,55,player_bottom,2.5389638191043105,-2.2521121535890414
game8/Clip5,55,player_top,3.707801187514878,30.91851691678312
game8/Clip5,56,player_bottom,2.5181255643983262,-2.2999733767258674
game8/Clip5,56,player_top,3.6603663304495777,30.968727663068634
game8/Clip5,57,player_bottom,2.451535533978368,-2.3410598233526922
game8/Clip5,57,player_top,3.63358620464007,30.87588374746873
game8/Clip5,58,player_bottom,2.269743347667629,-2.366890539647114
game8/Clip5,58,player_top,3.5933529481310766,30.760982977285927
game8/Clip5,59,player_bottom,2.1508169502848795,-2.360645909333419
game8/Clip5,59,player_top,3.516301372656053,30.73717334093484
game8/Clip5,60,player_bottom,2.0561242371177846,-2.343155429685312
game8/Clip5,60,player_top,3.45069858656119,30.799272200642903
game8/Clip5,61,player_bottom,1.9608257704298977,-2.293332637792276
game8/Clip5,61,player_top,3.347598463166572,30.70640667513218
game8/Clip5,62,player_bottom,1.8406748815592968,-2.055088677754531
game8/Clip5,62,player_top,3.2055837200934008,30.599523360353693
game8/Clip5,63,player_bottom,1.7121534233081726,-2.035921076266403
game8/Clip5,63,player_top,3.0793199084094565,30.501843276565126
game8/Clip5,64,player_bottom,1.5682941698804223,-2.130143041384413
game8/Clip5,64,player_top,2.936979889389221,30.39989925053379
game8/Clip5,65,player_bottom,1.4546209040679032,-2.1648353070875577
game8/Clip5,65,player_top,2.8608547309696766,30.377579002408677
game8/Clip5,66,player_bottom,1.3427982042655175,-2.1555640600628436
game8/Clip5,66,player_top,2.8003998841773305,30.33628845818273
game8/Clip5,67,player_bottom,1.2311167097001914,-2.150325934547876
game8/Clip5,67,player_top,2.7400242049758026,30.295051985269236
game8/Clip5,68,player_bottom,1.1091984257499783,-2.2119060142843017
game8/Clip5,68,player_top,2.684753228566383,30.327825397204645
game8/Clip5,69,player_bottom,0.9968509116075239,-2.2787600395467287
game8/Clip5,69,player_top,2.6096088330393337,30.43270543021159
game8/Clip5,70,player_bottom,0.9042309726686057,-2.2931926633192927
game8/Clip5,70,player_top,2.5535463291135816,30.508679830392115
game8/Clip5,71,player_bottom,0.8384449472600646,-2.3841174690147127
game8/Clip5,71,player_top,2.442641576623389,30.51637309004931
game8/Clip5,72,player_bottom,0.7494317442630903,-2.425220971850592
game8/Clip5,72,player_top,2.2992166880692317,30.62132012370471
game8/Clip5,73,player_bottom,0.6769118673929609,-2.438367160267857
game8/Clip5,73,player_top,2.2130837117739537,30.613081774385986
game8/Clip5,74,player_bottom,0.6141557361035339,-2.4617324373936547
game8/Clip5,74,player_top,2.1269778773758343,30.60484602110469
game8/Clip5,75,player_bottom,0.5748906964063437,-2.4764195812730163
game8/Clip5,75,player_top,2.0408991720476255,30.59661286263392
game8/Clip5,76,player_bottom,0.5366423033682579,-2.476110541230585
game8/Clip5,76,player_top,1.9548475829701486,30.588382297747582
game8/Clip5,77,player_bottom,0.490902893369681,-2.467269471133745
game8/Clip5,77,player_top,1.8688230973322995,30.580154325220334
game8/Clip5,78,player_bottom,0.4243328804289892,-2.473647090242395
game8/Clip5,78,player_top,1.7828257023310528,30.571928943827594
game8/Clip5,79,player_bottom,0.37822224851889685,-2.472825981922795
game8/Clip5,79,player_top,1.6263496089742921,30.55768675817323
game8/Clip5,80,player_bottom,0.31585951617605723,-2.466319328016736
game8/Clip5,80,player_top,1.5552462288418198,30.45618162979512
game8/Clip5,81,player_bottom,0.2833419558623625,-2.4628283167292233
game8/Clip5,81,player_top,1.4277623736221532,30.402992410403254
game8/Clip5,82,player_bottom,0.23215053237761704,-2.462331840266175
game8/Clip5,82,player_top,1.32943122728254,30.32606183153063
game8/Clip5,83,player_bottom,0.1987387438132967,-2.4798402753559445
game8/Clip5,83,player_top,1.2698037836528364,30.419687966040314
game8/Clip5,84,player_bottom,0.17525604120654653,-2.516845983218666
game8/Clip5,84,player_top,1.2223974499354784,30.408876623946565
game8/Clip5,85,player_bottom,0.1679678356484086,-2.54839347201052
game8/Clip5,85,player_top,1.1875214761099309,30.134096913667907
game8/Clip5,86,player_bottom,0.16273428963019226,-2.590680855513635
game8/Clip5,86,player_top,1.154187575740578,29.996796020360165
game8/Clip6,0,player_bottom,2.9381794432856108,-0.9626550967391702
game8/Clip6,0,player_top,7.846284045444061,23.536273262708637
game8/Clip6,1,player_bottom,2.9381794432856108,-0.9626550967391702
game8/Clip6,1,player_top,7.846284045444061,23.536273262708637
game8/Clip6,2,player_bottom,2.949352461084463,-0.9499014811921654
game8/Clip6,2,player_top,7.843110540046908,23.531514126647366
game8/Clip6,3,player_bottom,2.9577269505308275,-0.7918668096256776
game8/Clip6,3,player_top,7.842554179495432,23.527321361440702
game8/Clip6,4,player_bottom,3.000643612417629,-0.6696539927450108
game8/Clip6,4,player_top,7.844391808345196,23.524117379919513
game8/Clip6,5,player_bottom,3.070510688409411,-0.545516351734191
game8/Clip6,5,player_top,7.8450008986788795,23.53154116403574
game8/Clip6,6,player_bottom,3.127338759964202,-0.4705178403231388
game8/Clip6,6,player_top,7.835577034423392,23.516790941506816
game8/Clip6,7,player_bottom,3.1782508470212836,-0.36888135860527976
game8/Clip6,7,player_top,7.827621376518066,23.517987973978638
game8/Clip6,8,player_bottom,3.207477041734921,-0.30937015467823675
game8/Clip6,8,player_top,7.820430011195977,23.519659475800285
game8/Clip6,9,player_bottom,3.2159893015786483,-0.29682484396919506
game8/Clip6,9,player_top,7.7940812232398144,23.532010142061473
game8/Clip6,10,player_bottom,3.2009399724800414,-0.2933250631323887
game8/Clip6,10,player_top,7.762761305283534,23.535865972680835
game8/Clip6,11,player_bottom,3.1855884186441417,-0.3019876916217402
game8/Clip6,11,player_top,7.746297048172541,23.550887643240053
game8/Clip6,12,player_bottom,3.166135908738831,-0.3072272783923079
game8/Clip6,12,player_top,7.732683987142131,23.573730648552367
game8/Clip6,13,player_bottom,3.1502993945123556,-0.3131597170428224
game8/Clip6,13,player_top,7.7127054901435015,23.561839510935037
game8/Clip6,14,player_bottom,3.1329214416645366,-0.31113060489297767
game8/Clip6,14,player_top,7.666074986674491,23.54055637077002
game8/Clip6,15,player_bottom,3.1326524442535684,-0.30578915006885676
game8/Clip6,15,player_top,7.649654680228364,23.540752609879295
game8/Clip6,16,player_bottom,3.1337963832835083,-0.31113303948616833
game8/Clip6,16,player_top,7.683388959269938,23.531533153903283
game8/Clip6,17,player_bottom,3.128008110859853,-0.30831039325521825
game8/Clip6,17,player_top,7.716739580828281,23.53987333937111
game8/Clip6,18,player_bottom,3.1431270062509453,-0.29517848792378093
game8/Clip6,18,player_top,7.805831500032171,23.546431118930013
game8/Clip6,19,player_bottom,3.1635127353361074,-0.298427193678553
game8/Clip6,19,player_top,7.9093379938770045,23.463937120552913
game8/Clip6,20,player_bottom,3.182651182066866,-0.39224185550190666
game8/Clip6,20,player_top,7.991122559471864,23.30930155743009
game8/Clip6,21,player_bottom,3.193269354384973,-0.6101238188485854
game8/Clip6,21,player_top,8.071974793574404,23.246855043070866
game8/Clip6,22,player_bottom,3.19841644306807,-0.7730330406760213
game8/Clip6,22,player_top,8.131886282849546,23.215633535737872
game8/Clip6,23,player_bottom,3.19364151213185,-0.9173470729404428
game8/Clip6,23,player_top,8.215357790621788,23.201964976112862
game8/Clip6,24,player_bottom,3.1979613910236813,-1.055520520815293
game8/Clip6,24,player_top,8.303539126234476,23.210855628404442
game8/Clip6,25,player_bottom,3.195670426863715,-1.1380621183961606
game8/Clip6,25,player_top,8.341167577685793,23.23576926119133
game8/Clip6,26,player_bottom,3.19434920334109,-1.2020346349149786
game8/Clip6,26,player_top,8.36737864315209,23.266039740714675
game8/Clip6,27,player_bottom,3.1851918695172086,-1.2499944044860716
game8/Clip6,27,player_top,8.406917814893097,23.277509552865787
game8/Clip6,28,player_bottom,3.170862994629909,-1.2895066636779569
game8/Clip6,28,player_top,8.494053934407928,23.28229090989866
game8/Clip6,29,player_bottom,3.1581977186905976,-1.3112461578490417
game8/Clip6,29,player_top,8.57076719315515,23.255285634485908
game8/Clip6,30,player_bottom,3.1526414864711705,-1.3117488215981314
game8/Clip6,30,player_top,8.647274116858982,23.216381647851883
game8/Clip6,31,player_bottom,3.1482789294451794,-1.3272319983717797
game8/Clip6,31,player_top,8.736247671809044,23.328730831323856
game8/Clip6,32,player_bottom,3.0981015216747596,-1.3651497910613697
game8/Clip6,32,player_top,8.791187279469208,23.309404649072093
game8/Clip6,33,player_bottom,3.0375298224641805,-1.4568978900674134
game8/Clip6,33,player_top,8.922617528758511,23.341987759699695
game8/Clip6,34,player_bottom,2.9691174607407516,-1.607966255379841
game8/Clip6,34,player_top,9.016259964979291,23.21879754665655
game8/Clip6,35,player_bottom,2.9055634156319625,-1.7566443096476692
game8/Clip6,35,player_top,9.081691501710964,23.135875095193242
game8/Clip6,36,player_bottom,2.8640629348694215,-1.8816493886511807
game8/Clip6,36,player_top,9.119451274568716,23.08591724111735
game8/Clip6,37,player_bottom,2.853863639799035,-1.9325765749254833
game8/Clip6,37,player_top,9.191589352871183,23.042744169784743
game8/Clip6,38,player_bottom,2.888737226666927,-1.9372248843831466
game8/Clip6,38,player_top,9.259769118082845,23.052933242677266
game8/Clip6,39,player_bottom,2.890964341129729,-1.9543104239108848
game8/Clip6,39,player_top,9.312839414909835,23.065063402274447
game8/Clip6,40,player_bottom,2.8397824412820585,-1.990239416817306
game8/Clip6,40,player_top,9.340664934349611,23.080595775226648
game8/Clip6,41,player_bottom,2.710387242356134,-2.0042921779945506
game8/Clip6,41,player_top,9.354854031795732,23.096198754684053
game8/Clip6,42,player_bottom,2.542959881391857,-2.004830361605833
game8/Clip6,42,player_top,9.292981600550476,23.103947902482762
game8/Clip6,43,player_bottom,2.4147248575352043,-1.9986601824622867
game8/Clip6,43,player_top,9.253761721403633,23.11676674043849
game8/Clip6,44,player_bottom,2.321336248119548,-1.9810552632644702
game8/Clip6,44,player_top,9.21714390715723,23.134315597795318
game8/Clip6,45,player_bottom,2.1749231432515743,-1.6943329741305133
game8/Clip6,45,player_top,9.171241282364754,23.269675383409197
game8/Clip6,46,player_bottom,1.9924514845006758,-1.6962879656887375
game8/Clip6,46,player_top,9.077913504285789,23.407382888391044
game8/Clip6,47,player_bottom,1.8525754535904166,-1.7297368011648029
game8/Clip6,47,player_top,8.950609940054,23.35807492168724
game8/Clip6,48,player_bottom,1.6969082086886569,-1.7477782579966052
game8/Clip6,48,player_top,8.847385133435656,23.342258648109
game8/Clip6,49,player_bottom,1.5697117183635165,-1.7549417462316355
game8/Clip6,49,player_top,8.77563990728109,23.83139480339277
game8/Clip6,50,player_bottom,1.4515328732008685,-1.73181697885565
game8/Clip6,50,player_top,8.645599742161922,23.84987624611876
game8/Clip6,51,player_bottom,1.300591766800235,-1.6238168653632998
game8/Clip6,51,player_top,8.505163676035329,23.581496226307618
game8/Clip6,52,player_bottom,1.1637920937507769,-1.6509721685562329
game8/Clip6,52,player_top,8.416670332465053,23.49682613180087
game8/Clip6,53,player_bottom,0.955440652249501,-1.840968371512892
game8/Clip6,53,player_top,8.334462784768748,23.45813287483732
game8/Clip6,54,player_bottom,0.8281087234899079,-1.9175615119886391
game8/Clip6,54,player_top,8.183247649222961,23.418537185081114
game8/Clip6,55,player_bottom,0.6854475641684414,-1.9354033920981153
game8/Clip6,55,player_top,8.058079516889181,23.349735310339323
game8/Clip6,56,player_bottom,0.4408042410299998,-1.9434081737184759
game8/Clip6,56,player_top,7.947488198577804,23.268383717946794
game8/Clip6,57,player_bottom,0.30331627068748945,-1.9466960413341323
game8/Clip6,57,player_top,7.8580045550498685,23.220097260042017
game8/Clip6,58,player_bottom,0.1690285287396661,-1.9292270720515734
game8/Clip6,58,player_top,7.75985285936064,23.213030736294332
game8/Clip6,59,player_bottom,0.06861116260777567,-1.9349193462786585
game8/Clip6,59,player_top,7.650635960507318,23.22001206954007
game8/Clip6,60,player_bottom,-0.10787073205544144,-1.894385908775801
game8/Clip6,60,player_top,7.483514270046131,23.22178959290063
game8/Clip6,61,player_bottom,-0.2485877600157816,-1.875314557439853
game8/Clip6,61,player_top,7.354153537060101,23.158444768441903
game8/Clip6,62,player_bottom,-0.36587494486238353,-1.855344558849536
game8/Clip6,62,player_top,7.247799847955,23.05051940101027
game8/Clip6,63,player_bottom,-0.442299189129537,-1.8435915650413155
game8/Clip6,63,player_top,7.144969592918385,23.075229672118382
game8/Clip6,64,player_bottom,-0.4917533231141789,-1.8463317094037865
game8/Clip6,64,player_top,7.040421033053485,23.07919171856313
game8/Clip6,65,player_bottom,-0.5507671738012846,-1.843594547738591
game8/Clip6,65,player_top,6.922003787756522,23.078321520014768
game8/Clip6,66,player_bottom,-0.6120352303227061,-1.8296882381220112
game8/Clip6,66,player_top,6.779561148733581,22.737095079529556
game8/Clip6,67,player_bottom,-0.6823175367887799,-1.8218865564223161
game8/Clip6,67,player_top,6.675070623733689,22.58497449097127
game8/Clip6,68,player_bottom,-0.7554371377690414,-1.816963245112407
game8/Clip6,68,player_top,6.599406822131676,22.50001020112783
game8/Clip6,69,player_bottom,-0.8030896686761816,-1.819337284174879
game8/Clip6,69,player_top,6.522295491856258,22.45549722106309
game8/Clip6,70,player_bottom,-0.8469157919443213,-1.7916639547528577
game8/Clip6,70,player_top,6.434434872002693,22.380846793940677
game8/Clip6,71,player_bottom,-0.9063258502691788,-1.7764765837217755
game8/Clip6,71,player_top,6.359697074717917,22.376635256422283
game8/Clip6,72,player_bottom,-0.9727761258602762,-1.763227798285925
game8/Clip6,72,player_top,6.263366710313767,22.37401941975198
game8/Clip6,73,player_bottom,-1.0527035703977938,-1.776852239219524
game8/Clip6,73,player_top,6.172154731693159,22.38211448845215
game8/Clip6,74,player_bottom,-1.1382741777555427,-1.8092227819177342
game8/Clip6,74,player_top,6.092402134056243,22.370917593053097
game8/Clip6,75,player_bottom,-1.219745437389661,-1.8168690827196012
game8/Clip6,75,player_top,6.055226465183929,22.369249636221717
game8/Clip6,76,player_bottom,-1.3049518412294194,-1.8218200525329364
game8/Clip6,76,player_top,6.0222504162450035,22.37512552128523
game8/Clip6,77,player_bottom,-1.355753935972594,-1.8148832729123652
game8/Clip6,77,player_top,5.990890395025026,22.36270064261185
game8/Clip6,78,player_bottom,-1.381045294559965,-1.8129472496791714
game8/Clip6,78,player_top,5.958805727297722,22.390668760905626
game8/Clip6,79,player_bottom,-1.3887496798648404,-1.823931998254819
game8/Clip6,79,player_top,5.908406113246595,22.409524968966924
game8/Clip6,80,player_bottom,-1.3882975798288275,-1.8298777501092232
game8/Clip6,80,player_top,5.842687501139115,22.412008658149155
game8/Clip6,81,player_bottom,-1.4134394577166263,-1.8285351152159375
game8/Clip6,81,player_top,5.785997719565928,22.46770658240571
game8/Clip6,82,player_bottom,-1.4276073528484041,-1.8295710152239164
game8/Clip6,82,player_top,5.729788637283876,22.457148763371787
game8/Clip6,83,player_bottom,-1.4654875746538656,-1.8272897319025991
game8/Clip6,83,player_top,5.683767407165271,22.47172305093238
game8/Clip6,84,player_bottom,-1.5091304249715796,-1.8334852131984647
game8/Clip6,84,player_top,5.602903296285552,22.48667176589009
game8/Clip6,85,player_bottom,-1.5583918187609804,-1.84263068980643
game8/Clip6,85,player_top,5.538594042040384,22.49347146606903
game8/Clip6,86,player_bottom,-1.5583918187609804,-1.84263068980643
game8/Clip6,86,player_top,5.48825957623452,22.52777856492951
game8/Clip6,87,player_bottom,-1.5583918187609804,-1.84263068980643
game8/Clip6,87,player_top,5.469975429537709,22.522174641498
game8/Clip6,88,player_bottom,-1.5583918187609804,-1.84263068980643
game8/Clip6,88,player_top,5.440272452453448,22.50331101486009
game8/Clip6,89,player_bottom,-1.5583918187609804,-1.84263068980643
game8/Clip6,89,player_top,5.424348538351891,22.47632180895035
game8/Clip6,90,player_bottom,-1.5583918187609804,-1.84263068980643
game8/Clip6,90,player_top,5.403124660280578,22.489370510819455
game8/Clip6,91,player_bottom,-1.5583918187609804,-1.84263068980643
game8/Clip6,91,player_top,5.37726597569664,22.538335563245905
game8/Clip6,92,player_bottom,-1.5583918187609804,-1.84263068980643
game8/Clip6,92,player_top,5.334656910204915,22.526570041027465
game8/Clip6,93,player_bottom,-1.5583918187609804,-1.84263068980643
game8/Clip6,93,player_top,5.290563618640877,22.536191243829542
game8/Clip6,94,player_bottom,-1.5583918187609804,-1.84263068980643
game8/Clip6,94,player_top,5.253344188221538,22.554038287328655
game8/Clip6,95,player_bottom,-1.5583918187609804,-1.84263068980643
game8/Clip6,95,player_top,5.213260449008233,22.58355247935329
game8/Clip6,96,player_bottom,-1.5583918187609804,-1.84263068980643
game8/Clip6,96,player_top,5.185237910183427,22.60607168213302
game8/Clip6,97,player_bottom,-1.5583918187609804,-1.84263068980643
game8/Clip6,97,player_top,5.155952679581263,22.610081188995252
game8/Clip6,98,player_bottom,-1.5583918187609804,-1.84263068980643
game8/Clip6,98,player_top,5.133476925700575,22.63947026799408
game8/Clip6,99,player_bottom,-1.5583918187609804,-1.84263068980643
game8/Clip6,99,player_top,5.0885842663253,22.636420423538137
game8/Clip6,100,player_bottom,-1.5583918187609804,-1.84263068980643
game8/Clip6,100,player_top,5.060008355999272,22.65150106358541
game8/Clip6,101,player_bottom,-1.5583918187609804,-1.84263068980643
game8/Clip6,101,player_top,5.0225116005246,22.64718812804341
game8/Clip6,102,player_bottom,-1.5583918187609804,-1.84263068980643
game8/Clip6,102,player_top,5.002803003399194,22.63106672819901
game8/Clip6,103,player_bottom,-1.5583918187609804,-1.84263068980643
game8/Clip6,103,player_top,4.986183391225269,22.67904435538909
game8/Clip6,104,player_bottom,-1.5583918187609804,-1.84263068980643
game8/Clip6,104,player_top,4.969799148629568,22.72663200013741
game8/Clip6,105,player_bottom,-1.5583918187609804,-1.84263068980643
game8/Clip6,105,player_top,4.949992402376388,22.84600961425196
game8/Clip6,106,player_bottom,-1.5583918187609804,-1.84263068980643
game8/Clip6,106,player_top,4.922536703891979,22.967260529815626
game8/Clip6,107,player_bottom,-1.5583918187609804,-1.84263068980643
game8/Clip6,107,player_top,4.896123426443383,23.193206984649652
game8/Clip6,108,player_bottom,-1.5583918187609804,-1.84263068980643
game8/Clip6,108,player_top,4.8690328538458045,23.278608528781152
game8/Clip6,109,player_bottom,-1.5583918187609804,-1.84263068980643
game8/Clip6,109,player_top,4.839961842989218,23.28648103437759
game8/Clip6,110,player_bottom,-1.5583918187609804,-1.84263068980643
game8/Clip6,110,player_top,4.818370489836599,23.298387843849465
game8/Clip6,111,player_bottom,-1.5583918187609804,-1.84263068980643
game8/Clip6,111,player_top,4.797678492547196,23.316414798088182
game8/Clip6,112,player_bottom,-1.5583918187609804,-1.84263068980643
game8/Clip6,112,player_top,4.7716161279443225,23.366773006430623
game8/Clip6,113,player_bottom,-1.5583918187609804,-1.84263068980643
game8/Clip6,113,player_top,4.732093914047319,23.417195854648195
game8/Clip6,114,player_bottom,-1.5583918187609804,-1.84263068980643
game8/Clip6,114,player_top,4.700237349971017,23.46320904805953
game8/Clip6,115,player_bottom,-1.5583918187609804,-1.84263068980643
game8/Clip6,115,player_top,4.675782880457244,23.45752872801758
game8/Clip6,116,player_bottom,-1.5583918187609804,-1.84263068980643
game8/Clip6,116,player_top,4.66269713532968,23.50427303346385
game8/Clip6,117,player_bottom,-1.5583918187609804,-1.84263068980643
game8/Clip6,117,player_top,4.64436025355189,23.483259598642814
game8/Clip6,118,player_bottom,-1.5583918187609804,-1.84263068980643
game8/Clip6,118,player_top,4.639853214284679,23.490618781272648
game8/Clip6,119,player_bottom,-1.5583918187609804,-1.84263068980643
game8/Clip6,119,player_top,4.628755194902747,23.51986117994775
game8/Clip6,120,player_bottom,-1.5583918187609804,-1.84263068980643
game8/Clip6,120,player_top,4.61691808894431,23.593966437415343
game8/Clip6,121,player_bottom,-1.5583918187609804,-1.84263068980643
game8/Clip6,121,player_top,4.604458736884573,23.759602710261245
game8/Clip6,122,player_bottom,-1.5583918187609804,-1.84263068980643
game8/Clip6,122,player_top,4.591149978800065,23.89722549054321
game8/Clip6,123,player_bottom,-1.5583918187609804,-1.84263068980643
game8/Clip6,123,player_top,4.574865648257396,23.99188453819967
game8/Clip6,124,player_bottom,-1.5583918187609804,-1.84263068980643
game8/Clip6,124,player_top,4.565470770781345,24.04904411804607
game8/Clip6,125,player_bottom,-1.5583918187609804,-1.84263068980643
game8/Clip6,125,player_top,4.558990630416707,24.111732955053274
game8/Clip6,126,player_bottom,-1.5583918187609804,-1.84263068980643
game8/Clip6,126,player_top,4.550880406181829,24.112004192270643
game8/Clip6,127,player_bottom,-1.5583918187609804,-1.84263068980643
game8/Clip6,127,player_top,4.54253733624525,24.156416257098293
game8/Clip6,128,player_bottom,-1.5583918187609804,-1.84263068980643
game8/Clip6,128,player_top,4.534148068028539,24.20248857368964
game8/Clip6,129,player_bottom,-1.5583918187609804,-1.84263068980643
game8/Clip6,129,player_top,4.529803632159633,24.224477326449833
game8/Clip6,130,player_bottom,-1.5583918187609804,-1.84263068980643
game8/Clip6,130,player_top,4.529418875824779,24.274082746996573
game8/Clip7,0,player_bottom,3.067219285886321,-1.1122137810152286
game8/Clip7,0,player_top,7.8368336990776,24.611043027275034
game8/Clip7,1,player_bottom,3.067219285886321,-1.1122137810152286
game8/Clip7,1,player_top,7.8368336990776,24.611043027275034
game8/Clip7,2,player_bottom,3.049462315326598,-1.1092029988799277
game8/Clip7,2,player_top,7.836161443843191,24.615333910189406
game8/Clip7,3,player_bottom,3.0851328222263357,-1.1236977496278362
game8/Clip7,3,player_top,7.83608010565006,24.612569739964123
game8/Clip7,4,player_bottom,3.1011772293103466,-1.1204206234187697
game8/Clip7,4,player_top,7.8359407507480325,24.613719491467574
game8/Clip7,5,player_bottom,3.11244559506001,-0.9317736352848524
game8/Clip7,5,player_top,7.836522717715443,24.608322201036103
game8/Clip7,6,player_bottom,3.1293503679709693,-0.8026033062420427
game8/Clip7,6,player_top,7.836218937468385,24.595788831915392
game8/Clip7,7,player_bottom,3.17792996673734,-0.6632343717727578
game8/Clip7,7,player_top,7.833979934335692,24.59776395663917
game8/Clip7,8,player_bottom,3.238172814716868,-0.6530074787517878
game8/Clip7,8,player_top,7.82738884452909,24.591889325655096
game8/Clip7,9,player_bottom,3.2668951395626147,-0.6273517406929975
game8/Clip7,9,player_top,7.817580878998124,24.59470976077907
game8/Clip7,10,player_bottom,3.2823694998660895,-0.6115989582949124
game8/Clip7,10,player_top,7.764976965636068,24.61376933816609
game8/Clip7,11,player_bottom,3.267514774821566,-0.5218193109803896
game8/Clip7,11,player_top,7.699476361749301,24.643666149400378
game8/Clip7,12,player_bottom,3.2443176088818313,-0.5105235832506027
game8/Clip7,12,player_top,7.646941256961336,24.530289093165255
game8/Clip7,13,player_bottom,3.233267219005239,-0.5115457647508108
game8/Clip7,13,player_top,7.619996558081373,24.5001156306377
game8/Clip7,14,player_bottom,3.2296224432364733,-0.5122348824940482
game8/Clip7,14,player_top,7.612788790027228,24.46375516782907
game8/Clip7,15,player_bottom,3.202591580729954,-0.5087109713272621
game8/Clip7,15,player_top,7.612637068244949,24.456234101671097
game8/Clip7,16,player_bottom,3.1938751352660306,-0.5131218650403367
game8/Clip7,16,player_top,7.588001026134336,24.44286293559755
game8/Clip7,17,player_bottom,3.1917145794500006,-0.5206514306426194
game8/Clip7,17,player_top,7.560458500999233,24.431249805162267
game8/Clip7,18,player_bottom,3.1953602979198816,-0.5269633048676301
game8/Clip7,18,player_top,7.4586885055414305,24.435997356957234
game8/Clip7,19,player_bottom,3.204543385422898,-0.5287064414825714
game8/Clip7,19,player_top,7.359656259923361,24.50921148324741
game8/Clip7,20,player_bottom,3.2185376836577273,-0.5100972504447235
game8/Clip7,20,player_top,7.27529487623982,24.55799534568387
game8/Clip7,21,player_bottom,3.254802904790604,-0.5225738580486343
game8/Clip7,21,player_top,7.1952398667844335,24.627650524910518
game8/Clip7,22,player_bottom,3.3125264413394184,-0.5816420690838124
game8/Clip7,22,player_top,7.124227699306203,24.6434629724959
game8/Clip7,23,player_bottom,3.3600404059780753,-0.6375233531139874
game8/Clip7,23,player_top,7.0588250552734495,24.736567522097555
game8/Clip7,24,player_bottom,3.3807294842110847,-0.6976515761846023
game8/Clip7,24,player_top,6.895020976959192,24.56039205266856
game8/Clip7,25,player_bottom,3.3988019690435656,-0.7992969025114607
game8/Clip7,25,player_top,6.762335697184098,24.404770980106413
game8/Clip7,26,player_bottom,3.411732381031007,-0.8402509527712326
game8/Clip7,26,player_top,6.630129845297602,24.44149924096801
game8/Clip7,27,player_bottom,3.439740908184746,-0.8696398995799103
game8/Clip7,27,player_top,6.490008756106568,24.573117645398465
game8/Clip7,28,player_bottom,3.451438446354188,-0.8796230040046885
game8/Clip7,28,player_top,6.362527814738121,24.666353663423003
game8/Clip7,29,player_bottom,3.4633176295153913,-0.8864408679285243
game8/Clip7,29,player_top,6.290175305234125,24.907988278610656
game8/Clip7,30,player_bottom,3.4674595009042073,-0.9035726379875993
game8/Clip7,30,player_top,6.212113636365181,24.66485984975018
game8/Clip7,31,player_bottom,3.4670018842777477,-0.9699779819418601
game8/Clip7,31,player_top,6.076908244500003,24.225617683568444
game8/Clip7,32,player_bottom,3.46828884065941,-1.059583628517784
game8/Clip7,32,player_top,5.760602095768632,23.8503535930802
game8/Clip7,33,player_bottom,3.4815988816345262,-1.174624025382206
game8/Clip7,33,player_top,5.612778878386499,23.696529487688448
game8/Clip7,34,player_bottom,3.4785209129750365,-1.3227079926595529
game8/Clip7,34,player_top,5.527175096331509,23.66717950455489
game8/Clip7,35,player_bottom,3.4870706108577716,-1.4582704291139796
game8/Clip7,35,player_top,5.463420642551487,23.64026801675578
game8/Clip7,36,player_bottom,3.486088882962996,-1.689840894726922
game8/Clip7,36,player_top,5.356947205994589,23.508723598971606
game8/Clip7,37,player_bottom,3.4835041658688533,-1.8307625466337214
game8/Clip7,37,player_top,5.164963044260591,23.585952088446806
game8/Clip7,38,player_bottom,3.4921230337655826,-1.8999253586439728
game8/Clip7,38,player_top,5.027751062900512,23.634139823661275
game8/Clip7,39,player_bottom,3.519228534668351,-1.9245570159201142
game8/Clip7,39,player_top,4.966762221080419,23.662867019183253
game8/Clip7,40,player_bottom,3.614073903870281,-1.9257052009144269
game8/Clip7,40,player_top,4.937926180675604,23.743414637133554
game8/Clip7,41,player_bottom,3.7770144987650545,-1.9227146306830243
game8/Clip7,41,player_top,4.892582923389239,23.886217810279977
game8/Clip7,42,player_bottom,3.9551306264332595,-1.9084425505425116
game8/Clip7,42,player_top,4.835667528977557,24.10354232037189
game8/Clip7,43,player_bottom,4.082855151400151,-1.8004370217758363
game8/Clip7,43,player_top,4.774074904070701,24.258373467872605
game8/Clip7,44,player_bottom,4.171842152935006,-1.6050600392916994
game8/Clip7,44,player_top,4.7189923751573595,24.392703052963036
game8/Clip7,45,player_bottom,4.259375863778622,-1.6110392732043535
game8/Clip7,45,player_top,4.615226050791014,24.449787167633726
game8/Clip7,46,player_bottom,4.309360879077557,-1.5008939603285045
game8/Clip7,46,player_top,4.562715448160928,24.4547746604261
game8/Clip7,47,player_bottom,4.406676876058049,-1.6737102959454422
game8/Clip7,47,player_top,4.541768971462592,24.446946957577357
game8/Clip7,48,player_bottom,4.486580126714858,-1.8177733811478474
game8/Clip7,48,player_top,4.519886237016652,24.431313790438562
game8/Clip7,49,player_bottom,4.5342925427574485,-1.9000184103390791
game8/Clip7,49,player_top,4.477195532663441,24.43835856082427
game8/Clip7,50,player_bottom,4.576345156842595,-1.9357471628112073
game8/Clip7,50,player_top,4.429665490658784,24.4403553986374
game8/Clip7,51,player_bottom,4.580192367429371,-1.9470677464264616
game8/Clip7,51,player_top,4.391855846144524,24.45862270226151
game8/Clip7,52,player_bottom,4.58535715364979,-1.9469077804205344
game8/Clip7,52,player_top,4.35118561838131,24.458040687512668
game8/Clip7,53,player_bottom,4.607788763409761,-1.9464620635774659
game8/Clip7,53,player_top,4.323745404422139,24.42456328061124
game8/Clip7,54,player_bottom,4.629086841297435,-1.9528546089904122
game8/Clip7,54,player_top,4.3148248265679126,24.40982746891606
game8/Clip7,55,player_bottom,4.636290408845177,-1.9604967550025283
game8/Clip7,55,player_top,4.315204321331557,24.414485683908065
game8/Clip7,56,player_bottom,4.630656938446667,-1.9542040013871256
game8/Clip7,56,player_top,4.3134216190370465,24.43663725317872
game8/Clip7,57,player_bottom,4.604678639622191,-1.9567731706533555
game8/Clip7,57,player_top,4.299100019305865,24.475039866353814
game8/Clip7,58,player_bottom,4.600213593968963,-1.953218245012297
game8/Clip7,58,player_top,4.290796600514457,24.623212859535798
game8/Clip7,59,player_bottom,4.609258262211648,-1.925974210392646
game8/Clip7,59,player_top,4.277926294598304,24.677108316144146
game8/Clip7,60,player_bottom,4.598301591001547,-1.9188696697049945
game8/Clip7,60,player_top,4.260811375021048,24.705833815454803
game8/Clip7,61,player_bottom,4.60125853820977,-1.8801103004345607
game8/Clip7,61,player_top,4.255506721806246,24.726104661908217
game8/Clip7,62,player_bottom,4.599028020192096,-1.8729047819383746
game8/Clip7,62,player_top,4.243448288608423,24.728254874081426
game8/Clip7,63,player_bottom,4.596614728505606,-1.9478324582030213
game8/Clip7,63,player_top,4.243776743558589,24.737403693907652
game8/Clip7,64,player_bottom,4.589988056717571,-2.012207904120606
game8/Clip7,64,player_top,4.272853662324649,24.733178591711106
game8/Clip7,65,player_bottom,4.584502085663098,-2.2208142412688066
game8/Clip7,65,player_top,4.275456334877248,24.75293029155316
game8/Clip7,66,player_bottom,4.5833613640620054,-2.345983050475599
game8/Clip7,66,player_top,4.229091430390532,24.868952818554728
game8/Clip7,67,player_bottom,4.586654516363291,-2.438500153345467
game8/Clip7,67,player_top,3.949231699150647,25.17998650526561
game8/Clip7,68,player_bottom,4.587849823886224,-2.501045299537389
game8/Clip7,68,player_top,3.8347045640330926,25.320668552429503
game8/Clip7,69,player_bottom,4.5765035862141366,-2.520981486980488
game8/Clip7,69,player_top,3.756789671063815,25.367020423678014
game8/Clip7,70,player_bottom,4.5472447515666365,-2.5296843406431484
game8/Clip7,70,player_top,3.692646608533198,25.30031878502692
game8/Clip7,71,player_bottom,4.5118719520391215,-2.512540977404507
game8/Clip7,71,player_top,3.584561259426906,25.278113246045564
game8/Clip7,72,player_bottom,4.458053769611994,-2.493506969059501
game8/Clip7,72,player_top,3.553474350578311,25.291239466280633
game8/Clip7,73,player_bottom,4.412155870897649,-2.4642256128141318
game8/Clip7,73,player_top,3.439126066308824,25.110981449976276
game8/Clip7,74,player_bottom,4.357226238535405,-2.459390542193267
game8/Clip7,74,player_top,3.304291236434291,24.87478007308077
game8/Clip7,75,player_bottom,4.293942996854544,-2.4400024931164426
game8/Clip7,75,player_top,3.070180741195357,24.7603891791152
game8/Clip7,76,player_bottom,4.229068836890581,-2.4462168311717885
game8/Clip7,76,player_top,2.929786194274687,24.694082096221297
game8/Clip7,77,player_bottom,4.184876318956158,-2.4841528488963878
game8/Clip7,77,player_top,2.751134537976419,24.70855104939407
game8/Clip7,78,player_bottom,4.16535823283067,-2.5429620767476293
game8/Clip7,78,player_top,2.628369495634801,24.784634447177492
game8/Clip7,79,player_bottom,4.157832862630028,-2.580045411004565
game8/Clip7,79,player_top,2.524861391450688,24.77708209384654
game8/Clip7,80,player_bottom,4.161800022872829,-2.588661056656994
game8/Clip7,80,player_top,2.3858775500669545,24.67828456229059
game8/Clip7,81,player_bottom,4.1674469830940115,-2.577446328165213
game8/Clip7,81,player_top,2.313789401258814,24.53336267868539
game8/Clip7,82,player_bottom,4.186476822448621,-2.5638622689038617
game8/Clip7,82,player_top,2.2899023343962552,24.38708185723621
game8/Clip7,83,player_bottom,4.246606925412717,-2.6060764130548986
game8/Clip7,83,player_top,2.24420054563871,24.10273824285008
game8/Clip7,84,player_bottom,4.324657518208297,-2.660205293160137
game8/Clip7,84,player_top,2.183360416003898,24.147837386548307
game8/Clip7,85,player_bottom,4.376176713153888,-2.7377055139431814
game8/Clip7,85,player_top,2.077480337222417,23.687577283497188
game8/Clip7,86,player_bottom,4.400819364505843,-2.7848529556173847
game8/Clip7,86,player_top,1.9678801086108433,23.470103854985148
game8/Clip7,87,player_bottom,4.410783048736261,-2.7940593044132553
game8/Clip7,87,player_top,1.8981093191009282,23.388506940239267
game8/Clip7,88,player_bottom,4.4114263556568885,-2.7744973623877995
game8/Clip7,88,player_top,1.825805061816143,23.28423736543014
game8/Clip7,89,player_bottom,4.417901163048862,-2.7171689282874096
game8/Clip7,89,player_top,1.755461904410335,23.19318581735616
game8/Clip7,90,player_bottom,4.432286069284535,-2.6512168142393353
game8/Clip7,90,player_top,1.6947789024194335,23.067860210114024
game8/Clip7,91,player_bottom,4.474975279505173,-2.4982548017733226
game8/Clip7,91,player_top,1.6522863773534975,23.028499367961725
game8/Clip7,92,player_bottom,4.513101794359799,-2.4231503212080243
game8/Clip7,92,player_top,1.5797371507247748,23.007634373952015
game8/Clip7,93,player_bottom,4.548017815817817,-2.37751368174835
game8/Clip7,93,player_top,1.548392103229816,23.049431960646785
game8/Clip7,94,player_bottom,4.600717198605659,-2.3813647096528423
game8/Clip7,94,player_top,1.5112227760690482,23.03862124828489
game8/Clip7,95,player_bottom,4.650932714155901,-2.4119905692103325
game8/Clip7,95,player_top,1.4781487648094416,23.00408421749596
game8/Clip7,96,player_bottom,4.694662608220384,-2.4458154690849354
game8/Clip7,96,player_top,1.4627043944248572,23.05623585132547
game8/Clip7,97,player_bottom,4.723366831612665,-2.504837178670883
game8/Clip7,97,player_top,1.4519680798346297,23.123543242095373
game8/Clip7,98,player_bottom,4.753882134436095,-2.5349777905764337
game8/Clip7,98,player_top,1.4748778539912433,23.063835884300214
game8/Clip7,99,player_bottom,4.766204501909583,-2.5472990026908504
game8/Clip7,99,player_top,1.4913266087590535,23.023590642396478
game8/Clip7,100,player_bottom,4.7656301803449335,-2.535828259544295
game8/Clip7,100,player_top,1.4892209614296328,23.00921014136911
game8/Clip7,101,player_bottom,4.7744972238594725,-2.5340350002997787
game8/Clip7,101,player_top,1.5125936757974014,22.879045128025634
game8/Clip7,102,player_bottom,4.835898513559645,-2.5300296413964163
game8/Clip7,102,player_top,1.5284296054265105,22.882957779801306
game8/Clip7,103,player_bottom,4.968752739458034,-2.5131117341239664
game8/Clip7,103,player_top,1.5809703744569936,22.739676365945424
game8/Clip7,104,player_bottom,5.125558406896377,-2.5047117159803225
game8/Clip7,104,player_top,1.623339412139288,22.784018062214766
game8/Clip7,105,player_bottom,5.325588632514906,-2.5056103039432913
game8/Clip7,105,player_top,1.6700183577085854,23.050841396570558
game8/Clip7,106,player_bottom,5.474203463331973,-2.5077018265092654
game8/Clip7,106,player_top,1.6988782874888821,23.00489902356092
game8/Clip7,107,player_bottom,5.575541255077508,-2.4987092501960895
game8/Clip7,107,player_top,1.723296141824811,22.910610919104155
game8/Clip7,108,player_bottom,5.681274435889641,-2.504460465733776
game8/Clip7,108,player_top,1.7706254468010982,22.83494753372313
game8/Clip7,109,player_bottom,5.798489845566354,-2.501682026110753
game8/Clip7,109,player_top,1.8352755958400726,22.847847135687157
game8/Clip7,110,player_bottom,5.921624355618772,-2.4394623522145142
game8/Clip7,110,player_top,1.907324787892577,22.82563893706136
game8/Clip7,111,player_bottom,6.05388110879863,-2.398530447238246
game8/Clip7,111,player_top,1.9822434752832887,22.697300404404647
game8/Clip7,112,player_bottom,6.238657655204511,-2.3193791810604965
game8/Clip7,112,player_top,2.0350543161542745,22.63881176015393
game8/Clip7,113,player_bottom,6.409728427385299,-2.2836362886992307
game8/Clip7,113,player_top,2.0992790995603627,22.61567041223768
game8/Clip7,114,player_bottom,6.606984705395628,-2.2773342307483984
game8/Clip7,114,player_top,2.1824712388042853,22.600957890973564
game8/Clip7,115,player_bottom,6.800303024744792,-2.2835045601697646
game8/Clip7,115,player_top,2.268371431756484,22.5779684344642
game8/Clip7,116,player_bottom,6.932557174692058,-2.265218049642268
game8/Clip7,116,player_top,2.3272264532791573,22.57308668019148
game8/Clip7,117,player_bottom,7.042938877026676,-2.2242247994779905
game8/Clip7,117,player_top,2.3680812574738734,22.61404322064554
game8/Clip7,118,player_bottom,7.153606811284824,-2.1870879636764404
game8/Clip7,118,player_top,2.3993586279101558,22.711075567336678
game8/Clip7,119,player_bottom,7.284426677190741,-2.097014771029261
game8/Clip7,119,player_top,2.456199977062201,22.869837240912304
game8/Clip7,120,player_bottom,7.391738243444239,-2.0485922090791266
game8/Clip7,120,player_top,2.508590303038932,23.06793538350099
game8/Clip7,121,player_bottom,7.492763352979809,-2.096331171932111
game8/Clip7,121,player_top,2.5449526733113657,23.269192023004795
game8/Clip7,122,player_bottom,7.594545310209234,-2.0733114831364534
game8/Clip7,122,player_top,2.5806502988045983,23.36795000388102
game8/Clip7,123,player_bottom,7.6657964926682505,-2.0555845543207654
game8/Clip7,123,player_top,2.608263027556847,23.441262242934744
game8/Clip7,124,player_bottom,7.72894548724976,-2.0212496825406445
game8/Clip7,124,player_top,2.621944978857938,23.44952459084678
game8/Clip7,125,player_bottom,7.76610765222369,-1.993826265879621
game8/Clip7,125,player_top,2.629505451973177,23.44895928832308
game8/Clip7,126,player_bottom,7.83262940341712,-1.991071749333085
game8/Clip7,126,player_top,2.644437539497224,23.443928927383645
game8/Clip7,127,player_bottom,7.922410587699739,-1.9587126791401694
game8/Clip7,127,player_top,2.653262286710947,23.50181696617729
game8/Clip7,128,player_bottom,7.936912640464447,-1.9206836782748298
game8/Clip7,128,player_top,2.6513905424023143,23.653812391986193
game8/Clip7,129,player_bottom,7.979832890337911,-1.9180387118250333
game8/Clip7,129,player_top,2.624696556597858,23.788664488613023
game8/Clip7,130,player_bottom,8.062049750729994,-1.8844332474065306
game8/Clip7,130,player_top,2.6312659053987697,24.013549717811763
game8/Clip7,131,player_bottom,8.184519261610422,-1.7896420677942477
game8/Clip7,131,player_top,2.6111321969402255,24.183252648096477
game8/Clip7,132,player_bottom,8.311207227006234,-1.793381180002162
game8/Clip7,132,player_top,2.5989263397374067,24.282121509228475
game8/Clip7,133,player_bottom,8.425733463055169,-1.871363091838479
game8/Clip7,133,player_top,2.5913258755767927,24.37464037008654
game8/Clip7,134,player_bottom,8.511101391847692,-2.0822702542001137
game8/Clip7,134,player_top,2.5858339131396644,24.41683870225457
game8/Clip7,135,player_bottom,8.610826762929985,-2.2111224751468295
game8/Clip7,135,player_top,2.582200498640263,24.41974453548901
game8/Clip7,136,player_bottom,8.683792875180218,-2.2535763801263298
game8/Clip7,136,player_top,2.5780357417046953,24.427071724605074
game8/Clip7,137,player_bottom,8.707442079406578,-2.2865594627606844
game8/Clip7,137,player_top,2.575026527254065,24.440712940688385
game8/Clip7,138,player_bottom,8.705120876663434,-2.30732834378442
game8/Clip7,138,player_top,2.566496734829155,24.43224238568424
game8/Clip7,139,player_bottom,8.708189035985365,-2.317203016698683
game8/Clip7,139,player_top,2.534463728274031,24.458685907777053
game8/Clip7,140,player_bottom,8.6915776471259,-2.3064792485599814
game8/Clip7,140,player_top,2.466939145802143,24.47318072104176
game8/Clip7,141,player_bottom,8.661310082838247,-2.29540712261867
game8/Clip7,141,player_top,2.3611574964311917,24.5085592520155
game8/Clip7,142,player_bottom,8.535170284264137,-2.311413184991124
game8/Clip7,142,player_top,2.281517560099989,24.591627552134234
game8/Clip7,143,player_bottom,8.48113273759388,-2.3656785639665956
game8/Clip7,143,player_top,2.2035316702884757,24.584238289035877
game8/Clip7,144,player_bottom,8.450881037650174,-2.3836007472192144
game8/Clip7,144,player_top,2.16049053377316,24.562978431831546
game8/Clip7,145,player_bottom,8.418421933438559,-2.395784950021967
game8/Clip7,145,player_top,2.0909888078008576,24.55621161213159
game8/Clip7,146,player_bottom,8.375610788729428,-2.3996451154657032
game8/Clip7,146,player_top,2.0204789073239833,24.538384471356554
game8/Clip7,147,player_bottom,8.315165959274564,-2.3903885838805166
game8/Clip7,147,player_top,1.9607022411876798,24.52365162518999
game8/Clip7,148,player_bottom,8.24144348736474,-2.3181770460880426
game8/Clip7,148,player_top,1.927661520401467,24.506730132502593
game8/Clip7,149,player_bottom,8.139526102202467,-2.3485315765766193
game8/Clip7,149,player_top,1.9375800060369013,24.49928651518141
game8/Clip7,150,player_bottom,7.900241705848706,-2.3596418236119105
game8/Clip7,150,player_top,1.9223093879510773,24.50585254722417
game8/Clip7,151,player_bottom,7.749244165207171,-2.371764966124362
game8/Clip7,151,player_top,1.8624648802189891,24.509659048390493
game8/Clip7,152,player_bottom,7.653608807742078,-2.371034746172593
game8/Clip7,152,player_top,1.8132142453678297,24.527858680353035
game8/Clip7,153,player_bottom,7.54474257168283,-2.566490096228227
game8/Clip7,153,player_top,1.8028459073863268,24.526103832103683
game8/Clip7,154,player_bottom,7.426575307702617,-2.655793131082308
game8/Clip7,154,player_top,1.8209789355885249,24.533987271724204
game8/Clip7,155,player_bottom,7.349764191113971,-2.729332055378503
game8/Clip7,155,player_top,1.8064845484492347,24.583351999585815
game8/Clip7,156,player_bottom,7.2720954913990505,-2.7785139533359438
game8/Clip7,156,player_top,1.7792587728461629,24.597196316860025
game8/Clip7,157,player_bottom,7.13564272213014,-2.7762880178406544
game8/Clip7,157,player_top,1.7445670666061617,24.562279574100888
game8/Clip7,158,player_bottom,7.0132083164934365,-2.755344470225255
game8/Clip7,158,player_top,1.6825363042868562,24.751164318162537
game8/Clip7,159,player_bottom,6.906186214943156,-2.7679135283470075
game8/Clip7,159,player_top,1.4984321197801465,24.82017019600785
game8/Clip7,160,player_bottom,6.762812375582435,-2.8211580490651786
game8/Clip7,160,player_top,1.4414180428740866,24.981168064718663
game8/Clip7,161,player_bottom,6.687803989240956,-2.8038464362899838
game8/Clip7,161,player_top,1.5305522220261256,24.9480372780142
game8/Clip7,162,player_bottom,6.597025927946855,-2.8143905517784082
game8/Clip7,162,player_top,1.5712125925455003,25.073810729530482
game8/Clip7,163,player_bottom,6.452710948884622,-2.9411219109941555
game8/Clip7,163,player_top,1.514489717113824,25.15438281055029
game8/Clip7,164,player_bottom,6.285842430033607,-3.037176578838153
game8/Clip7,164,player_top,1.4581223120173294,25.139629522199932
game8/Clip7,165,player_bottom,6.122752937634837,-3.121867802980029
game8/Clip7,165,player_top,1.4095556312488735,25.144021349976086
game8/Clip7,166,player_bottom,5.993626111360283,-3.1489865333422604
game8/Clip7,166,player_top,1.3862796728247533,25.11757267199292
game8/Clip7,167,player_bottom,5.9338389771320985,-3.175029119637723
game8/Clip7,167,player_top,1.3605767724758733,25.110762736248507
game8/Clip7,168,player_bottom,5.901814906539179,-3.2896503382182543
game8/Clip7,168,player_top,1.3368169469341682,25.148118252159723
game8/Clip7,169,player_bottom,5.857572720465291,-3.33471974883353
game8/Clip7,169,player_top,1.324532331738435,25.136765383118007
game8/Clip7,170,player_bottom,5.744698885500539,-3.382172576327574
game8/Clip7,170,player_top,1.3140885759508985,25.135447154102003
game8/Clip7,171,player_bottom,5.5742336796124965,-3.400536398358497
game8/Clip7,171,player_top,1.3228924205034067,25.116045737836895
game8/Clip7,172,player_bottom,5.350553669614451,-3.3939517027881894
game8/Clip7,172,player_top,1.3511206467597199,25.13139919359304
game8/Clip7,173,player_bottom,5.242477537082165,-3.3821136790119257
game8/Clip7,173,player_top,1.3969367508439354,25.230513818525843
game8/Clip7,174,player_bottom,5.1350890474421,-3.2743034565589304
game8/Clip7,174,player_top,1.5221471165903,25.242750815403873
game8/Clip7,175,player_bottom,4.979794532435797,-3.2045236592964557
game8/Clip7,175,player_top,1.6545624543083641,25.2191135304154
game8/Clip7,176,player_bottom,4.835065469651524,-3.2717401318251436
game8/Clip7,176,player_top,1.7983456963452367,25.221564830127562
game8/Clip7,177,player_bottom,4.629735686677085,-3.3046347605805075
game8/Clip7,177,player_top,1.9310758792082887,25.127254991676942
game8/Clip7,178,player_bottom,4.443879662003816,-3.33602677936779
game8/Clip7,178,player_top,2.0173534162553333,25.048158480007913
game8/Clip7,179,player_bottom,4.292737576053104,-3.3594458958698947
game8/Clip7,179,player_top,2.1100621072392487,24.97005595911221
game8/Clip7,180,player_bottom,4.120880787716382,-3.312533919123713
game8/Clip7,180,player_top,2.2444606764255064,24.835007344752064
game8/Clip7,181,player_bottom,3.9666869675637457,-3.3616634569938966
game8/Clip7,181,player_top,2.3679610095440617,24.7576724240938
game8/Clip7,182,player_bottom,3.727992385524139,-3.399547961778551
game8/Clip7,182,player_top,2.4596033632209156,24.71609674073812
game8/Clip7,183,player_bottom,3.581833450327543,-3.403329690912789
game8/Clip7,183,player_top,2.5750948239915266,24.71247938438651
game8/Clip7,184,player_bottom,3.417523211168685,-3.381562812705915
game8/Clip7,184,player_top,2.7118659927832667,24.672201824518794
game8/Clip7,185,player_bottom,3.2908644178817026,-3.390407086621459
game8/Clip7,185,player_top,2.7988848566548183,24.633133424244193
game8/Clip7,186,player_bottom,3.138455523902901,-3.3962455212711333
game8/Clip7,186,player_top,2.8575867513424114,24.63002681888064
game8/Clip7,187,player_bottom,2.977441367194511,-3.3754849694415037
game8/Clip7,187,player_top,2.9872942941099656,24.654132020314307
game8/Clip7,188,player_bottom,2.842897395251179,-3.341141405433639
game8/Clip7,188,player_top,3.0621240023846954,24.639496154914365
game8/Clip7,189,player_bottom,2.7250509278532102,-3.2648817748470527
game8/Clip7,189,player_top,3.1418498428117703,24.539751472081946
game8/Clip7,190,player_bottom,2.623117042349794,-3.206755999692555
game8/Clip7,190,player_top,3.2531790791241284,24.438925787241107
game8/Clip7,191,player_bottom,2.5320550980280334,-3.1589128488566476
game8/Clip7,191,player_top,3.396096143267302,24.409677744108645
game8/Clip7,192,player_bottom,2.4574064160292863,-3.135841097206062
game8/Clip7,192,player_top,3.5153874368225484,24.40568089235257
game8/Clip7,193,player_bottom,2.4132209357197025,-3.100591893228086
game8/Clip7,193,player_top,3.5913976119679583,24.398946859341333
game8/Clip7,194,player_bottom,2.3409612678139866,-3.079768635524216
game8/Clip7,194,player_top,3.6252435485247005,24.419160701891816
game8/Clip7,195,player_bottom,2.247512872890268,-3.070935736172962
game8/Clip7,195,player_top,3.6731933533229917,24.43584906002059
game8/Clip7,196,player_bottom,2.150824142725212,-3.077395207952433
game8/Clip7,196,player_top,3.7481304611967174,24.42836454474586
game8/Clip7,197,player_bottom,2.054313284112531,-3.0438748283093093
game8/Clip7,197,player_top,3.8594459247907804,24.46926165375684
game8/Clip7,198,player_bottom,2.0360785154526497,-3.0556459765949744
game8/Clip7,198,player_top,3.98855741547769,24.432617023126763
game8/Clip7,199,player_bottom,1.9745361445923846,-3.099447492204332
game8/Clip7,199,player_top,4.098264167345881,24.32819760851075
game8/Clip7,200,player_bottom,1.897156768851003,-3.09243089251245
game8/Clip7,200,player_top,4.17479633536855,24.25782835541347
game8/Clip7,201,player_bottom,1.8084645284178178,-3.0927344788887887
game8/Clip7,201,player_top,4.218741130580898,24.23622020345107
game8/Clip7,202,player_bottom,1.6850099342759879,-3.0712877753685746
game8/Clip7,202,player_top,4.270188825724785,24.231892682159806
game8/Clip7,203,player_bottom,1.5925144306342343,-3.0556094191386696
game8/Clip7,203,player_top,4.306335226932082,24.227172922537363
game8/Clip7,204,player_bottom,1.5815605405793314,-3.123108340082489
game8/Clip7,204,player_top,4.319079522722161,24.22529045626025
game8/Clip7,205,player_bottom,1.5675342064357,-3.160757811244013
game8/Clip7,205,player_top,4.3161811187821835,24.217115768126845
game8/Clip7,206,player_bottom,1.5290050729437565,-3.169203666271605
game8/Clip7,206,player_top,4.291899061764451,24.211977049994104
game8/Clip7,207,player_bottom,1.50923885794373,-3.172503955625286
game8/Clip7,207,player_top,4.256449511369647,24.206838600672018
game8/Clip7,208,player_bottom,1.4868233041139864,-3.1643701967982767
game8/Clip7,208,player_top,4.215208345940646,24.194664669031592
game8/Clip7,209,player_bottom,1.4744625571091245,-3.159261483465057
game8/Clip7,209,player_top,4.1779840047265795,24.200096869366025
game8/Clip7,210,player_bottom,1.4779023084466711,-3.116975080335868
game8/Clip7,210,player_top,4.143463139860807,24.198324674326955
game8/Clip7,211,player_bottom,1.4660427747228169,-3.0848915487257185
game8/Clip7,211,player_top,4.099569437722532,24.220431070862716
game8/Clip7,212,player_bottom,1.4348139516436151,-3.0362425683712773
game8/Clip7,212,player_top,4.012979950321266,24.29737038110269
game8/Clip7,213,player_bottom,1.4113041048511785,-2.9715678460869457
game8/Clip7,213,player_top,3.9011151242873927,24.354798929956406
game8/Clip7,214,player_bottom,1.387545573807088,-2.970702811184541
game8/Clip7,214,player_top,3.756846185649969,24.42594476703921
game8/Clip7,215,player_bottom,1.3802161952985719,-2.9676714663298163
game8/Clip7,215,player_top,3.5923501985584707,24.440785047723857
game8/Clip7,216,player_bottom,1.4038206573853804,-3.007590729290591
game8/Clip7,216,player_top,3.4071156386719137,24.451933681838735
game8/Clip7,217,player_bottom,1.3765497926659518,-3.023711951702777
game8/Clip7,217,player_top,3.297399141217701,24.4554020264561
game8/Clip7,218,player_bottom,1.3818174653793163,-3.021204678086617
game8/Clip7,218,player_top,3.2020971940942,24.456404436009727
game8/Clip7,219,player_bottom,1.396647935425929,-2.9671235589565916
game8/Clip7,219,player_top,3.110344003198488,24.456115800610043
game8/Clip7,220,player_bottom,1.4241152050999988,-2.934330600208024
game8/Clip7,220,player_top,3.009251884862625,24.43208256943394
game8/Clip7,221,player_bottom,1.4557542044427607,-2.9093352132637857
game8/Clip7,221,player_top,2.859281754644296,24.416104438389656
game8/Clip7,222,player_bottom,1.5455028336347358,-2.9019314684312003
game8/Clip7,222,player_top,2.7054635177186817,24.400422194776425
game8/Clip7,223,player_bottom,1.669896519342956,-2.908781569701197
game8/Clip7,223,player_top,2.401759063354497,24.310757905873814
game8/Clip7,224,player_bottom,1.8168763822281968,-2.910094415460199
game8/Clip7,224,player_top,2.2629215637106155,24.310918215657402
game8/Clip7,225,player_bottom,1.9456160318789715,-2.9098553133170753
game8/Clip7,225,player_top,2.112897683722431,24.342603011184046
game8/Clip7,226,player_bottom,2.0263940703907184,-2.8901404490963767
game8/Clip7,226,player_top,2.0260870271795435,24.364027401020277
game8/Clip7,227,player_bottom,2.0940494994389476,-2.760788053382504
game8/Clip7,227,player_top,1.8539753244748913,24.44581935006469
game8/Clip7,228,player_bottom,2.1836241119473327,-2.6806439643032367
game8/Clip7,228,player_top,1.6948472685630214,24.753057864804518
game8/Clip7,229,player_bottom,2.297387880265615,-2.537896860198661
game8/Clip7,229,player_top,1.4369836482442355,24.93188447592386
game8/Clip7,230,player_bottom,2.3915349355517836,-2.5028430991039086
game8/Clip7,230,player_top,1.2663028192300032,25.066127970471378
game8/Clip7,231,player_bottom,2.4817822766311335,-2.487289749050598
game8/Clip7,231,player_top,1.0736415066993426,25.130282379935533
game8/Clip7,232,player_bottom,2.6218786236001903,-2.4620398794965412
game8/Clip7,232,player_top,0.9358545167337752,24.976091496822324
game8/Clip7,233,player_bottom,2.7599866788068397,-2.4754688555965725
game8/Clip7,233,player_top,0.81580644744698,24.85986333319184
game8/Clip7,234,player_bottom,2.8547919843172465,-2.447062736821959
game8/Clip7,234,player_top,0.7685241910084907,24.768039821981503
game8/Clip7,235,player_bottom,2.909583292715926,-2.419802092122028
game8/Clip7,235,player_top,0.600404345144932,24.749407354463486
game8/Clip7,236,player_bottom,2.9725385991156568,-2.3980755118461774
game8/Clip7,236,player_top,0.4717459492524393,24.82597416120772
game8/Clip7,237,player_bottom,3.047404854892438,-2.396313222632456
game8/Clip7,237,player_top,0.3933375220945688,24.96757965893335
game8/Clip7,238,player_bottom,3.1680487282002923,-2.3773898860014615
game8/Clip7,238,player_top,0.3433999479921835,25.208645539622797
game8/Clip7,239,player_bottom,3.3018452805115963,-2.373792461248419
game8/Clip7,239,player_top,0.25937514581422805,25.37414147357995
game8/Clip7,240,player_bottom,3.432445798808656,-2.3731803747316866
game8/Clip7,240,player_top,0.140006920145996,25.473444587192663
game8/Clip7,241,player_bottom,3.533535614647263,-2.397573500294843
game8/Clip7,241,player_top,0.08936646614834896,25.60406607053933
game8/Clip7,242,player_bottom,3.632688190256074,-2.425619647721155
game8/Clip7,242,player_top,0.07575097217625118,25.736480612242737
game8/Clip7,243,player_bottom,3.7324004625835228,-2.403510210738904
game8/Clip7,243,player_top,0.04523840738497111,26.006466687448693
game8/Clip7,244,player_bottom,3.8332547712469327,-2.3968619633020696
game8/Clip7,244,player_top,-0.018685687914231426,26.269846495689798
game8/Clip7,245,player_bottom,3.973464441458602,-2.4639928524102013
game8/Clip7,245,player_top,-0.09256234696655,26.24805394110748
game8/Clip7,246,player_bottom,4.135107639027249,-2.5729178944999047
game8/Clip7,246,player_top,-0.14628535831283979,26.267994351641907
game8/Clip7,247,player_bottom,4.260942488501808,-2.631733311618707
game8/Clip7,247,player_top,-0.17785453793630446,26.226286688842066
game8/Clip7,248,player_bottom,4.338360965647261,-2.647643114006423
game8/Clip7,248,player_top,-0.2370355079899591,26.213839974747405
game8/Clip7,249,player_bottom,4.394221106319067,-2.623347442070521
game8/Clip7,249,player_top,-0.30600521041075895,26.206205037285745
game8/Clip7,250,player_bottom,4.441574182334326,-2.5536103773904704
game8/Clip7,250,player_top,-0.362993021192971,26.226503823475312
game8/Clip7,251,player_bottom,4.511839861634465,-2.528042932101044
game8/Clip7,251,player_top,-0.37449748093081703,26.234047704555458
game8/Clip7,252,player_bottom,4.6354058331924675,-2.5149419799331416
game8/Clip7,252,player_top,-0.4047306091585356,26.28068195162262
game8/Clip7,253,player_bottom,4.774965941290894,-2.5028205399074253
game8/Clip7,253,player_top,-0.41235831422085173,26.295756602955073
game8/Clip7,254,player_bottom,4.99390357190235,-2.5166523282022486
game8/Clip7,254,player_top,-0.3838817258349371,26.26772910506873
game8/Clip7,255,player_bottom,5.135729592232773,-2.509742153723738
game8/Clip7,255,player_top,-0.3430402780572353,26.247885026247534
game8/Clip7,256,player_bottom,5.235022273248056,-2.496296768454018
game8/Clip7,256,player_top,-0.26617855890616676,26.236516429268704
game8/Clip7,257,player_bottom,5.389634880440912,-2.5018200312471337
game8/Clip7,257,player_top,-0.18551123192538135,26.191930984012767
game8/Clip7,258,player_bottom,5.537278470287545,-2.3710488782507397
game8/Clip7,258,player_top,-0.1593782995736917,26.155156458816666
game8/Clip7,259,player_bottom,5.682504800909982,-2.0760299492238206
game8/Clip7,259,player_top,-0.04134708090627013,26.169098146846014
game8/Clip7,260,player_bottom,5.8452401511403576,-1.887806587986015
game8/Clip7,260,player_top,0.08907980775689538,26.166300783853004
game8/Clip7,261,player_bottom,6.009328725133076,-1.893177053867645
game8/Clip7,261,player_top,0.20525503274361384,26.16755493519198
game8/Clip7,262,player_bottom,6.1593343794927184,-1.882877555164599
game8/Clip7,262,player_top,0.3595876145412597,25.996198472808718
game8/Clip7,263,player_bottom,6.276610395703906,-1.803884787970744
game8/Clip7,263,player_top,0.4584536702432991,25.838072083799364
game8/Clip7,264,player_bottom,6.40849060849705,-1.7404051906314106
game8/Clip7,264,player_top,0.547690778071801,25.637730527196968
game8/Clip7,265,player_bottom,6.507770945227553,-1.7117792617969736
game8/Clip7,265,player_top,0.6967528444470327,25.487115792823392
game8/Clip7,266,player_bottom,6.61047492578839,-1.6834271166553156
game8/Clip7,266,player_top,0.8284836494094712,25.30692334816274
game8/Clip7,267,player_bottom,6.673796335659589,-1.6681003169254904
game8/Clip7,267,player_top,0.9368441407142921,25.21946452616768
game8/Clip7,268,player_bottom,6.751642600662967,-1.6305143514748457
game8/Clip7,268,player_top,1.055927164641582,25.155603181488296
game8/Clip7,269,player_bottom,6.793395416943108,-1.5646557729397856
game8/Clip7,269,player_top,1.236103484837574,25.122088402976544
game8/Clip7,270,player_bottom,6.820393248616783,-1.5532931496207034
game8/Clip7,270,player_top,1.3575261502951075,25.111910748654626
game8/Clip7,271,player_bottom,6.892005575320093,-1.5320243290730093
game8/Clip7,271,player_top,1.4471934195382643,25.126387231320145
game8/Clip7,272,player_bottom,6.978473795214877,-1.5197674705596071
game8/Clip7,272,player_top,1.513761813427381,25.137649831818788
game8/Clip7,273,player_bottom,7.070962275630451,-1.5009035296672915
game8/Clip7,273,player_top,1.56323372036684,25.202922396232445
game8/Clip7,274,player_bottom,7.119112881567162,-1.4855709789030522
game8/Clip7,274,player_top,1.6215629767590998,25.28804196075114
game8/Clip7,275,player_bottom,7.15994244772439,-1.4617992283725947
game8/Clip7,275,player_top,1.696123446097878,25.402096774647386
game8/Clip7,276,player_bottom,7.19296312504453,-1.4967220262923473
game8/Clip7,276,player_top,1.7687512947830626,25.499150143882623
game8/Clip7,277,player_bottom,7.247848663965997,-1.3381804004408002
game8/Clip7,277,player_top,1.8717278268651811,25.557834191896635
game8/Clip7,278,player_bottom,7.32121313519744,-1.2403580110351335
game8/Clip7,278,player_top,1.9387151100221132,25.43880271204741
game8/Clip7,279,player_bottom,7.426037504955775,-1.1409436760367817
game8/Clip7,279,player_top,2.0567914898030177,25.368042735098836
game8/Clip7,280,player_bottom,7.527291688778265,-1.0660806432770449
game8/Clip7,280,player_top,2.1289691699468416,25.326100597818073
game8/Clip7,281,player_bottom,7.619157471230109,-0.8270561970754894
game8/Clip7,281,player_top,2.1704281411168402,25.303872613470226
game8/Clip7,282,player_bottom,7.719449619918336,-0.9688490072469396
game8/Clip7,282,player_top,2.177654935524329,25.303113552673622
game8/Clip7,283,player_bottom,7.796402436404658,-1.1473490346454784
game8/Clip7,283,player_top,2.2027287280923007,25.370562722871846
game8/Clip7,284,player_bottom,7.8651466702732264,-1.2641488209257785
game8/Clip7,284,player_top,2.2579920038992887,25.399721469230585
game8/Clip7,285,player_bottom,7.928550033073424,-1.2821527569834628
game8/Clip7,285,player_top,2.37897151913753,25.478006842762277
game8/Clip7,286,player_bottom,7.962033912047703,-1.2915758705582001
game8/Clip7,286,player_top,2.537557941905944,25.487803750932088
game8/Clip7,287,player_bottom,7.954730941253099,-1.3129185158302314
game8/Clip7,287,player_top,2.7729618570514316,25.420230783141456
game8/Clip7,288,player_bottom,7.942514039322487,-1.2995797149967112
game8/Clip7,288,player_top,2.9075636233107893,25.428029780701742
game8/Clip7,289,player_bottom,7.913462661718736,-1.2669194811250635
game8/Clip7,289,player_top,2.9920572659048448,25.450494306196692
game8/Clip7,290,player_bottom,7.915229300479098,-1.2559055048227945
game8/Clip7,290,player_top,3.116129431398649,25.486766108763586
game8/Clip7,291,player_bottom,7.8492306567568235,-1.269132303562623
game8/Clip7,291,player_top,3.2538930804727944,25.521676768582005
game8/Clip7,292,player_bottom,7.703755629927128,-1.3353492337931674
game8/Clip7,292,player_top,3.4106502777873806,25.329447072663736
game8/Clip7,293,player_bottom,7.579494952455238,-1.3488618150530385
game8/Clip7,293,player_top,3.7964496427762047,25.29092268895445
game8/Clip7,294,player_bottom,7.504457520251856,-1.3529890461739207
game8/Clip7,294,player_top,3.9548315338875635,25.295825901565532
game8/Clip7,295,player_bottom,7.45282375895155,-1.3683574203281965
game8/Clip7,295,player_top,4.114759007414718,25.32025244966118
game8/Clip7,296,player_bottom,7.387220521942886,-1.2706538179140063
game8/Clip7,296,player_top,4.260623247693934,25.289105186148934
game8/Clip7,297,player_bottom,7.329260331476235,-1.1553198709865495
game8/Clip7,297,player_top,4.415781115733198,25.3064027962282
game8/Clip7,298,player_bottom,7.172807416310482,-1.0664366638868616
game8/Clip7,298,player_top,4.580940194204777,25.291283071026374
game8/Clip7,299,player_bottom,7.027092918638331,-1.0754513323652173
game8/Clip7,299,player_top,4.750512282271524,25.35215372860614
game8/Clip7,300,player_bottom,6.916163590194189,-1.0929672373780988
game8/Clip7,300,player_top,4.933544314470606,25.56476241429778
game8/Clip7,301,player_bottom,6.784718409288851,-1.096845333192391
game8/Clip7,301,player_top,5.11683229528732,25.63420765801743
game8/Clip7,302,player_bottom,6.6946247156019,-1.072106789367911
game8/Clip7,302,player_top,5.389562554885612,25.677089030826593
game8/Clip7,303,player_bottom,6.61473618764155,-1.0112078502815554
game8/Clip7,303,player_top,5.650206766102475,25.732093516751764
game8/Clip7,304,player_bottom,6.5185898427191065,-1.0195717765158376
game8/Clip7,304,player_top,5.797679524131887,25.90000893490267
game8/Clip7,305,player_bottom,6.413278169138188,-1.0065737547563498
game8/Clip7,305,player_top,6.020644608563062,25.942111908723977
game8/Clip7,306,player_bottom,6.249111184865759,-0.984428915832084
game8/Clip7,306,player_top,6.2084952617549565,26.0532153591929
game8/Clip7,307,player_bottom,6.096335592769149,-0.9491178217377038
game8/Clip7,307,player_top,6.323112251285868,26.096706229481086
game8/Clip7,308,player_bottom,5.996382724155882,-0.7642447047556457
game8/Clip7,308,player_top,6.4739149394951205,26.122627814528556
game8/Clip7,309,player_bottom,5.877576495135766,-0.6990521629817703
game8/Clip7,309,player_top,6.604278505893575,26.26031462151044
game8/Clip7,310,player_bottom,5.7286686701735015,-0.7760157352300382
game8/Clip7,310,player_top,6.750739636901889,26.26853396066113
game8/Clip7,311,player_bottom,5.56767490185337,-0.8286422489203463
game8/Clip7,311,player_top,6.871997304736285,26.168538316786034
game8/Clip7,312,player_bottom,5.388044460761215,-0.8769612454170131
game8/Clip7,312,player_top,7.051819242813329,26.195863593768667
game8/Clip7,313,player_bottom,5.23734446569028,-0.8738968274782773
game8/Clip7,313,player_top,7.2763263862713625,26.22622554811112
game8/Clip7,314,player_bottom,5.148027143812169,-0.8339985005976455
game8/Clip7,314,player_top,7.467995537401096,26.264250181470636
game8/Clip7,315,player_bottom,5.096326318217165,-0.7123439291488444
game8/Clip7,315,player_top,7.69602235081957,26.223517320554496
game8/Clip7,316,player_bottom,5.023073183249975,-0.5924932862275789
game8/Clip7,316,player_top,7.8256022502360665,26.269292007909666
game8/Clip7,317,player_bottom,4.931732369571469,-0.5078605828945494
game8/Clip7,317,player_top,7.935335618896264,26.370538661745197
game8/Clip7,318,player_bottom,4.816023085414597,-0.3667770318307224
game8/Clip7,318,player_top,8.041525609960772,26.406367508561548
game8/Clip7,319,player_bottom,4.673561036992479,-0.08069917695257948
game8/Clip7,319,player_top,8.145526044673456,26.42266179321129
game8/Clip7,320,player_bottom,4.534346689237343,0.11956718240363287
game8/Clip7,320,player_top,8.229608090679967,26.364552261515623
game8/Clip7,321,player_bottom,4.364310081751833,0.22623169783348626
game8/Clip7,321,player_top,8.353027637109157,26.39440602014786
game8/Clip7,322,player_bottom,4.2194994151246075,0.2541971006713601
game8/Clip7,322,player_top,8.376941399817648,26.359787853666862
game8/Clip7,323,player_bottom,4.139902824031902,0.3282224213138981
game8/Clip7,323,player_top,8.407653374660473,26.342303339651036
game8/Clip7,324,player_bottom,4.098556768655024,0.4174533805349437
game8/Clip7,324,player_top,8.442897067040715,26.414397350123867
game8/Clip7,325,player_bottom,4.0373476905386365,0.4658117643351207
game8/Clip7,325,player_top,8.474408436677033,26.430425495295864
game8/Clip7,326,player_bottom,3.908069798296778,0.40576059028528255
game8/Clip7,326,player_top,8.578225405170839,26.421529672696554
game8/Clip7,327,player_bottom,3.7103975007649375,0.3820406018867019
game8/Clip7,327,player_top,8.647707411023699,26.505675604403983
game8/Clip7,328,player_bottom,3.5209513669174908,0.3913103927239467
game8/Clip7,328,player_top,8.694814412799172,26.587861425292253
game8/Clip7,329,player_bottom,3.330671619424301,0.4852525229288559
game8/Clip7,329,player_top,8.724391933442066,26.673263793416837
game8/Clip7,330,player_bottom,3.1889869739491052,0.4575137143519739
game8/Clip7,330,player_top,8.747630914283139,26.733532426092477
game8/Clip7,331,player_bottom,3.044958838293923,0.42274287305551256
game8/Clip7,331,player_top,8.765914552313129,26.773717217456227
game8/Clip7,332,player_bottom,2.894763111429733,0.36184124902782966
game8/Clip7,332,player_top,8.756074130124126,26.833396876282254
game8/Clip7,333,player_bottom,2.707728674371639,0.32494698062938737
game8/Clip7,333,player_top,8.73312234238618,26.857646889390107
game8/Clip7,334,player_bottom,2.59273389927355,0.32102223145297065
game8/Clip7,334,player_top,8.709451366400799,26.84612035768087
game8/Clip7,335,player_bottom,2.5082790080803266,0.3512596573851354
game8/Clip7,335,player_top,8.671530588259609,26.83096111674204
game8/Clip7,336,player_bottom,2.4486565370226177,0.29735013295916257
game8/Clip7,336,player_top,8.607672712957633,26.832999515999667
game8/Clip7,337,player_bottom,2.3311240646744564,0.21575242759619953
game8/Clip7,337,player_top,8.53170700426439,26.792988599357
game8/Clip7,338,player_bottom,2.16989481354985,0.13772737615176242
game8/Clip7,338,player_top,8.431841718580857,26.778883928922728
game8/Clip7,339,player_bottom,2.008609321964077,0.13115114304641115
game8/Clip7,339,player_top,8.34181805312631,26.716652483302617
game8/Clip7,340,player_bottom,1.8499740944675152,0.1582744847538199
game8/Clip7,340,player_top,8.240560731895291,26.561327207240083
game8/Clip7,341,player_bottom,1.719795553470253,0.19354694706775322
game8/Clip7,341,player_top,8.162040043578843,26.407333270346815
game8/Clip7,342,player_bottom,1.572992664135619,0.15177391928965261
game8/Clip7,342,player_top,8.090258261800557,26.317091443984722
game8/Clip7,343,player_bottom,1.4635693664268656,-0.1322939368045483
game8/Clip7,343,player_top,8.004389146971965,26.188693045677987
game8/Clip7,344,player_bottom,1.3058683038808647,-0.2450191939969496
game8/Clip7,344,player_top,7.921710386348539,26.094677745383358
game8/Clip7,345,player_bottom,1.1455379920233248,-0.28078698257928814
game8/Clip7,345,player_top,7.8594311111531505,26.073409326690552
game8/Clip7,346,player_bottom,1.0295559276378596,-0.286733479657093
game8/Clip7,346,player_top,7.800716205285791,26.092793461330952
game8/Clip7,347,player_bottom,0.9324281161059554,-0.329550558332922
game8/Clip7,347,player_top,7.744226207333015,26.10380154508042
game8/Clip7,348,player_bottom,0.8153753152649443,-0.40323207759833624
game8/Clip7,348,player_top,7.685536371490003,26.085262260175323
game8/Clip7,349,player_bottom,0.6547075968487088,-0.5323001228496768
game8/Clip7,349,player_top,7.6018647488604545,26.078519342477275
game8/Clip7,350,player_bottom,0.5509215469992034,-0.6258721838581331
game8/Clip7,350,player_top,7.554763886936215,26.055449202034648
game8/Clip7,351,player_bottom,0.4449611540658913,-0.6965113284657677
game8/Clip7,351,player_top,7.51350150195633,26.0099869887448
game8/Clip7,352,player_bottom,0.3088585838095616,-0.6475504840037489
game8/Clip7,352,player_top,7.447146231727352,25.869150219760396
game8/Clip7,353,player_bottom,0.16303707112605836,-0.7034042864004283
game8/Clip7,353,player_top,7.369179171762771,25.804384991820534
game8/Clip7,354,player_bottom,0.08486019326717384,-1.0987356970169067
game8/Clip7,354,player_top,7.274680583665389,25.758815289571977
game8/Clip7,355,player_bottom,-0.030376675323584762,-1.2875346599920765
game8/Clip7,355,player_top,7.167968138408615,25.74002028137734
game8/Clip7,356,player_bottom,-0.09488989277888533,-1.3680118408325594
game8/Clip7,356,player_top,7.084870966951762,25.724622489292646
game8/Clip7,357,player_bottom,-0.1961451193212079,-1.3862604811518209
game8/Clip7,357,player_top,7.015884755083344,25.61318958294188
game8/Clip7,358,player_bottom,-0.3284743067450382,-1.433245009452416
game8/Clip7,358,player_top,6.96010134255592,25.594429814967356
game8/Clip7,359,player_bottom,-0.4729737714617246,-1.5051815736259544
game8/Clip7,359,player_top,6.909490556893539,25.678592966821437
game8/Clip7,360,player_bottom,-0.5902233633803513,-1.6438669174435763
game8/Clip7,360,player_top,6.852784725131828,25.72259528937195
game8/Clip7,361,player_bottom,-0.7000678189621387,-1.806075049724414
game8/Clip7,361,player_top,6.774684695234645,25.494300444673986
game8/Clip7,362,player_bottom,-0.7881661597117394,-1.9988871456640949
game8/Clip7,362,player_top,6.710961264763529,25.297516521161807
game8/Clip7,363,player_bottom,-0.8603049655849598,-2.173542163459241
game8/Clip7,363,player_top,6.651192788646054,25.21979492289605
game8/Clip7,364,player_bottom,-0.9613192753073476,-2.3182539816120022
game8/Clip7,364,player_top,6.580396337075629,25.206465398201374
game8/Clip7,365,player_bottom,-1.0647295871955695,-2.5080321115151247
game8/Clip7,365,player_top,6.508660219605369,25.16384057085248
game8/Clip7,366,player_bottom,-1.1826279269705748,-2.6396486008911357
game8/Clip7,366,player_top,6.412026805763021,25.1537688475621
game8/Clip7,367,player_bottom,-1.2705907421679077,-2.7162993576504975
game8/Clip7,367,player_top,6.321257129099389,25.188517425111375
game8/Clip7,368,player_bottom,-1.3292168669703572,-2.7528584312719424
game8/Clip7,368,player_top,6.244594939710254,25.202329822014075
game8/Clip7,369,player_bottom,-1.36973402107105,-2.7691793854614253
game8/Clip7,369,player_top,6.185995886915241,25.202214364963496
game8/Clip7,370,player_bottom,-1.4053430373436528,-2.7712456130089436
game8/Clip7,370,player_top,6.133697828760895,25.217797090337385
game8/Clip7,371,player_bottom,-1.406254302821014,-2.7658072585101703
game8/Clip7,371,player_top,6.114841687115273,25.191514146516415
game8/Clip7,372,player_bottom,-1.407165876867489,-2.7603670624972922
game8/Clip7,372,player_top,6.10245916673597,25.18590557791455
game8/Clip7,373,player_bottom,-1.4080777596398342,-2.754925024034803
game8/Clip7,373,player_top,6.101797374821759,25.195718841326695
game8/Clip7,374,player_bottom,-1.4089899512949138,-2.749481142186549
game8/Clip7,374,player_top,6.093451366899805,25.220600506366267
game8/Clip7,375,player_bottom,-1.4099024519896943,-2.744035416015765
game8/Clip7,375,player_top,6.079789278852655,25.2155871289411
game8/Clip7,376,player_bottom,-1.410815261881254,-2.7385878445850342
game8/Clip7,376,player_top,6.056959866335492,25.200806363507542
game8/Clip7,377,player_bottom,-1.41172838112677,-2.733138426956321
game8/Clip7,377,player_top,6.0199964202752545,25.18311019584392
game8/Clip7,378,player_bottom,-1.4126418098835338,-2.7276871621909318
game8/Clip7,378,player_top,5.977754917939594,25.169195802223133
game8/Clip7,379,player_bottom,-1.4135555483089395,-2.7222340493495496
game8/Clip7,379,player_top,5.94847187573891,25.14150515340789
game8/Clip7,380,player_bottom,-1.4144695965604865,-2.7167790874922244
game8/Clip7,380,player_top,5.933815719769634,25.10190515477368
game8/Clip7,381,player_bottom,-1.415383954795786,-2.711322275678361
game8/Clip7,381,player_top,5.92455367335472,25.07244093213944
game8/Clip7,382,player_bottom,-1.416298623172552,-2.705863612966728
game8/Clip7,382,player_top,5.915948843598875,25.031895004382232
game8/Clip7,383,player_bottom,-1.417213601848606,-2.700403098415456
game8/Clip7,383,player_top,5.906981145786791,25.00876988068843
game8/Clip7,384,player_bottom,-1.4181288909818797,-2.6949407310820357
game8/Clip7,384,player_top,5.899357043421661,25.002447594688785
game8/Clip7,385,player_bottom,-1.4190444907304063,-2.689476510023315
game8/Clip7,385,player_top,5.89651190062388,25.010716349729474
game8/Clip7,386,player_bottom,-1.419960401252331,-2.6840104342955167
game8/Clip7,386,player_top,5.887961404906269,25.0151247522087
game8/Clip7,387,player_bottom,-1.4208766227059064,-2.6785425029541954
game8/Clip7,387,player_top,5.880275491539413,25.01492980320835
game8/Clip7,388,player_bottom,-1.4217931552494902,-2.6730727150542926
game8/Clip7,388,player_top,5.87525063091013,25.0098384684216
game8/Clip7,389,player_bottom,-1.4227099990415486,-2.6676010696500914
game8/Clip7,389,player_top,5.872303156688442,25.005574652278135
game8/Clip7,390,player_bottom,-1.423627154240655,-2.662127565795231
game8/Clip7,390,player_top,5.869844644829812,25.0059180647443
game8/Clip7,391,player_bottom,-1.4245446210054902,-2.6566522025427277
game8/Clip7,391,player_top,5.8711155081031645,25.009606314712745
game8/Clip7,392,player_bottom,-1.425462399494846,-2.6511749789449266
game8/Clip7,392,player_top,5.869349978838354,25.014898290754402
game8/Clip7,393,player_bottom,-1.4263804898676187,-2.6456958940535418
game8/Clip7,393,player_top,5.875886045119062,25.012752307536253
game8/Clip7,394,player_bottom,-1.4272988922828125,-2.640214946919652
game8/Clip7,394,player_top,5.87441108955644,25.014756477563754
game8/Clip7,395,player_bottom,-1.4282176068995422,-2.6347321365936796
game8/Clip7,395,player_top,5.873120033750175,25.016612200977715
game8/Clip7,396,player_bottom,-1.4291366338770284,-2.6292474621253934
game8/Clip7,396,player_top,5.872543869705452,25.020675370050526
game8/Clip7,397,player_bottom,-1.4300559733746028,-2.6237609225639367
game8/Clip7,397,player_top,5.874662150821638,25.018305571801758
game8/Clip7,398,player_bottom,-1.4309756255517025,-2.618272516957792
game8/Clip7,398,player_top,5.872660788957314,25.018614173999264
game8/Clip7,399,player_bottom,-1.4318955905678745,-2.612782244354793
game8/Clip7,399,player_top,5.870785182322867,25.013611938801773
game8/Clip7,400,player_bottom,-1.4328158685827728,-2.6072901038021423
game8/Clip7,400,player_top,5.863824043438382,25.014470808918464
game8/Clip7,401,player_bottom,-1.4337364597561637,-2.601796094346366
game8/Clip7,401,player_top,5.856791582475674,25.019931914307953
game8/Clip7,402,player_bottom,-1.4346573642479195,-2.5963002150333696
game8/Clip7,402,player_top,5.848892025172259,25.019290711378904
game8/Clip7,403,player_bottom,-1.43557858221802,-2.590802464908392
game8/Clip7,403,player_top,5.838977617393498,25.028185050028412
game8/Clip7,404,player_bottom,-1.4365001138265576,-2.585302843016026
game8/Clip7,404,player_top,5.824138717565721,25.020927879451488
game8/Clip7,405,player_bottom,-1.4374219592337318,-2.579801348400215
game8/Clip7,405,player_top,5.808089022656597,25.029880352852246
game8/Clip7,406,player_bottom,-1.438344118599851,-2.5742979801042503
game8/Clip7,406,player_top,5.786978258671404,25.03183199929209
game8/Clip7,407,player_bottom,-1.397488089495579,-2.5802112328136313
game8/Clip7,407,player_top,5.747201451505941,25.04121505416482
game8/Clip7,408,player_bottom,-1.3340172319248969,-2.582563457273956
game8/Clip7,408,player_top,5.703521760560067,25.007198066910398
game8/Clip7,409,player_bottom,-1.2897877067953276,-2.5816622907139672
game8/Clip7,409,player_top,5.6752783285299815,24.988191479560154
game8/Clip7,410,player_bottom,-1.2429667180045274,-2.5577698432298632
game8/Clip7,410,player_top,5.666019776545691,24.969398458541605
game8/Clip7,411,player_bottom,-1.196084499953092,-2.5502664921791705
game8/Clip7,411,player_top,5.658014527327186,24.9447423187022
game8/Clip7,412,player_bottom,-1.1138318124911506,-2.5520097702422757
game8/Clip7,412,player_top,5.642870793507927,24.923662993155986
game8/Clip7,413,player_bottom,-1.0571310479963218,-2.5374692273629043
game8/Clip7,413,player_top,5.629405243225596,24.91742756191119
game8/Clip7,414,player_bottom,-1.0128197279317255,-2.530640984724383
game8/Clip7,414,player_top,5.628460875753465,24.89842857263642
game8/Clip7,415,player_bottom,-0.9892549613310992,-2.5235907953442362
game8/Clip7,415,player_top,5.618366627177708,24.92356185145998
game8/Clip7,416,player_bottom,-0.9725304634501176,-2.5058181290935524
game8/Clip7,416,player_top,5.608214708607389,24.91574012580015
game8/Clip7,417,player_bottom,-0.965277744584482,-2.488403511012229
game8/Clip7,417,player_top,5.594005084590994,24.92535497050245
game8/Clip7,418,player_bottom,-0.9512909221644111,-2.4790358784601456
game8/Clip7,418,player_top,5.57969867853656,24.941137370955236
game8/Clip7,419,player_bottom,-0.9415151282373619,-2.418752297459835
game8/Clip7,419,player_top,5.531648140517629,24.952375289534707
game8/Clip7,420,player_bottom,-0.9143109399345357,-2.387788463199919
game8/Clip7,420,player_top,5.4882810948517,24.957764879565673
game8/Clip7,421,player_bottom,-0.8871901000814337,-2.333295227269185
game8/Clip7,421,player_top,5.429291531066312,24.89666831882635
game8/Clip8,0,player_bottom,2.8720098517281705,-1.4795335462887806
game8/Clip8,0,player_top,7.8174073678958145,24.189089130718195
game8/Clip8,1,player_bottom,2.8720098517281705,-1.4795335462887806
game8/Clip8,1,player_top,7.8174073678958145,24.189089130718195
game8/Clip8,2,player_bottom,2.8834876357983044,-1.4363093453532156
game8/Clip8,2,player_top,7.814700559157727,24.19375143708324
game8/Clip8,3,player_bottom,2.8968457209571175,-1.3858337727811991
game8/Clip8,3,player_top,7.811951062536994,24.198014092736692
game8/Clip8,4,player_bottom,2.908123615473213,-1.335159059689881
game8/Clip8,4,player_top,7.811650093747128,24.190737898190452
game8/Clip8,5,player_bottom,2.9214240822691306,-1.3048431154952844
game8/Clip8,5,player_top,7.811111228233192,24.16426201929819
game8/Clip8,6,player_bottom,2.932389073214676,-1.2753237023926556
game8/Clip8,6,player_top,7.806819873203395,24.16550631755189
game8/Clip8,7,player_bottom,2.939081795581118,-1.2568792369397386
game8/Clip8,7,player_top,7.805456457166998,24.171267687197258
game8/Clip8,8,player_bottom,2.956503173931272,-1.2502019216756084
game8/Clip8,8,player_top,7.806562179549548,24.183671145429887
game8/Clip8,9,player_bottom,2.978084691903877,-1.2572582984662812
game8/Clip8,9,player_top,7.812958051447701,24.185433636197494
game8/Clip8,10,player_bottom,2.9913133954112126,-1.2629104783098002
game8/Clip8,10,player_top,7.812950359239729,24.18716110543569
game8/Clip8,11,player_bottom,2.9983943245431095,-1.2648661909208656
game8/Clip8,11,player_top,7.812269279199709,24.175682189077595
game8/Clip8,12,player_bottom,3.000881221394034,-1.2647571222792358
game8/Clip8,12,player_top,7.811545098939721,24.176787731268426
game8/Clip8,13,player_bottom,2.997748842396373,-1.2437766397476513
game8/Clip8,13,player_top,7.811149856783507,24.172234765289087
game8/Clip8,14,player_bottom,3.0082156373150295,-1.1224666146757927
game8/Clip8,14,player_top,7.811734157362441,24.173202171566864
game8/Clip8,15,player_bottom,3.066454883217443,-1.0147850441667867
game8/Clip8,15,player_top,7.811012145586021,24.173188976088493
game8/Clip8,16,player_bottom,3.1078067643198457,-0.8984911552567179
game8/Clip8,16,player_top,7.810115341559068,24.177159944058452
game8/Clip8,17,player_bottom,3.157288092979465,-0.8299684251037064
game8/Clip8,17,player_top,7.8114641755643,24.181435405341475
game8/Clip8,18,player_bottom,3.1990920145912307,-0.7911975927814114
game8/Clip8,18,player_top,7.806384016105707,24.172041605557087
game8/Clip8,19,player_bottom,3.21517742750147,-0.7385744982770371
game8/Clip8,19,player_top,7.788398241007722,24.17426928971979
game8/Clip8,20,player_bottom,3.2016898247033487,-0.6786459648133606
game8/Clip8,20,player_top,7.737394440753682,24.14573742062047
game8/Clip8,21,player_bottom,3.166804015426713,-0.6245302527597839
game8/Clip8,21,player_top,7.685456598609549,24.10193527855245
game8/Clip8,22,player_bottom,3.1241858006551957,-0.6066415785397503
game8/Clip8,22,player_top,7.659320025051204,24.051993634021994
game8/Clip8,23,player_bottom,3.090786522233869,-0.5983518785697315
game8/Clip8,23,player_top,7.650847177968517,24.024292396256744
game8/Clip8,24,player_bottom,3.0793933792471337,-0.5939924382193386
game8/Clip8,24,player_top,7.649637374625596,24.00954326583968
game8/Clip8,25,player_bottom,3.060559361825973,-0.5950147501320736
game8/Clip8,25,player_top,7.651047658718161,23.999361574507628
game8/Clip8,26,player_bottom,3.0200978559033733,-0.6132581194478657
game8/Clip8,26,player_top,7.673866227763956,23.976072947258682
game8/Clip8,27,player_bottom,3.009094334354276,-0.6165696125828988
game8/Clip8,27,player_top,7.702165183386235,23.88908247496588
game8/Clip8,28,player_bottom,2.9964181519078625,-0.6164977963225499
game8/Clip8,28,player_top,7.716450415420812,23.915174030511178
game8/Clip8,29,player_bottom,2.9976745174023285,-0.6127596042807639
game8/Clip8,29,player_top,7.73174032203329,23.93647879419113
game8/Clip8,30,player_bottom,3.024750553125938,-0.6625998989614197
game8/Clip8,30,player_top,7.760938219580155,23.92219152550603
game8/Clip8,31,player_bottom,3.0640726255892927,-0.7019649146663708
game8/Clip8,31,player_top,7.830340946414322,23.899614205647453
game8/Clip8,32,player_bottom,3.0811832122400333,-0.729348407773889
game8/Clip8,32,player_top,7.899236638856829,23.854154686153034
game8/Clip8,33,player_bottom,3.0845260880821552,-0.7899890102363469
game8/Clip8,33,player_top,7.93633132984143,23.80354791439231
game8/Clip8,34,player_bottom,3.070299448349379,-0.8623768311480835
game8/Clip8,34,player_top,7.989798587627107,23.762988044112035
game8/Clip8,35,player_bottom,3.06114160317631,-1.0079375174235579
game8/Clip8,35,player_top,8.054277706466141,23.749992521894068
game8/Clip8,36,player_bottom,3.05388402169555,-1.057861121738132
game8/Clip8,36,player_top,8.153108155368319,23.69140508061934
game8/Clip8,37,player_bottom,3.0209334596742115,-1.0677854675691199
game8/Clip8,37,player_top,8.269528528999322,23.613833760602045
game8/Clip8,38,player_bottom,2.992711585828869,-1.0663116866906357
game8/Clip8,38,player_top,8.400576130507016,23.499870873842763
game8/Clip8,39,player_bottom,2.9575063987599837,-1.0978444881085871
game8/Clip8,39,player_top,8.49601644386229,23.353594404534174
game8/Clip8,40,player_bottom,2.9189102340459065,-1.1755740759580695
game8/Clip8,40,player_top,8.558153813145742,23.104494155755845
game8/Clip8,41,player_bottom,2.855430066445205,-1.2943321028935402
game8/Clip8,41,player_top,8.632903564126122,22.984076940993152
game8/Clip8,42,player_bottom,2.7929750603273855,-1.4557057349769382
game8/Clip8,42,player_top,8.69407058060309,22.863484286513724
game8/Clip8,43,player_bottom,2.727027348729079,-1.6411163839817786
game8/Clip8,43,player_top,8.747577536385569,22.804410937788983
game8/Clip8,44,player_bottom,2.6613102550263594,-1.7485800641271652
game8/Clip8,44,player_top,8.82964132942971,22.714902790498478
game8/Clip8,45,player_bottom,2.6084923410902885,-1.8399963638718524
game8/Clip8,45,player_top,8.926087141944079,22.66796496599806
game8/Clip8,46,player_bottom,2.590211612551431,-1.8710386317419494
game8/Clip8,46,player_top,9.00439964118869,22.652922710227994
game8/Clip8,47,player_bottom,2.5879052664237805,-1.8582637781824176
game8/Clip8,47,player_top,9.085211329642819,22.632620234228337
game8/Clip8,48,player_bottom,2.591553406931114,-1.8388136110542783
game8/Clip8,48,player_top,9.117532160217184,22.571843542094175
game8/Clip8,49,player_bottom,2.568358603771262,-1.8241609397922145
game8/Clip8,49,player_top,9.153681157650986,22.523010054880725
game8/Clip8,50,player_bottom,2.4412379071829196,-1.7967803897494423
game8/Clip8,50,player_top,9.174471656203693,22.498470574252796
game8/Clip8,51,player_bottom,2.2914070793699164,-1.7526912179073668
game8/Clip8,51,player_top,9.16958995784771,22.472772243846684
game8/Clip8,52,player_bottom,2.157600976149242,-1.780646375921278
game8/Clip8,52,player_top,9.153540967471098,22.456908745291262
game8/Clip8,53,player_bottom,2.0518113311072605,-1.8440344510337423
game8/Clip8,53,player_top,9.124300338788663,22.435891714886665
game8/Clip8,54,player_bottom,1.9636089037904423,-1.8926926573037957
game8/Clip8,54,player_top,9.096037137696726,22.426736744537234
game8/Clip8,55,player_bottom,1.8358007590318766,-1.9081549871403891
game8/Clip8,55,player_top,9.058284000913686,22.445139642718516
game8/Clip8,56,player_bottom,1.726830014542758,-1.8993327433284986
game8/Clip8,56,player_top,8.998151049800828,22.459170368363598
game8/Clip8,57,player_bottom,1.649061986312575,-1.8971987079127313
game8/Clip8,57,player_top,8.9039066357974,22.497464586260186
game8/Clip8,58,player_bottom,1.5851214248433572,-1.892857941951683
game8/Clip8,58,player_top,8.787140463467153,22.626457398554763
game8/Clip8,59,player_bottom,1.510816335710548,-1.878322905491241
game8/Clip8,59,player_top,8.632557111748223,22.68733686192797
game8/Clip8,60,player_bottom,1.4342664150817026,-1.8622642692666926
game8/Clip8,60,player_top,8.530582806939458,22.742689365281898
game8/Clip8,61,player_bottom,1.4066332977458658,-1.8425898508815692
game8/Clip8,61,player_top,8.40396598186807,22.583691456161958
game8/Clip8,62,player_bottom,1.3335189240744907,-1.7830672876422724
game8/Clip8,62,player_top,8.317639684011452,22.45141000725572
game8/Clip8,63,player_bottom,1.2610117656647217,-1.7448145055440738
game8/Clip8,63,player_top,8.218297481098054,22.430425344439623
game8/Clip8,64,player_bottom,1.2126621631360173,-1.7150501240470246
game8/Clip8,64,player_top,8.096023602780074,22.43746433702923
game8/Clip8,65,player_bottom,1.1577820119710387,-1.6796564748138285
game8/Clip8,65,player_top,8.02189412840614,22.373759666111855
game8/Clip8,66,player_bottom,1.1287031223002295,-1.5290536567136799
game8/Clip8,66,player_top,7.939634109679143,22.459317427430843
game8/Clip8,67,player_bottom,1.0768528408637372,-1.432603420249149
game8/Clip8,67,player_top,7.825222947338189,22.590211669509017
game8/Clip8,68,player_bottom,1.030802890906899,-1.3860789769494166
game8/Clip8,68,player_top,7.697759349480856,22.662901143131137
game8/Clip8,69,player_bottom,0.9826595087104215,-1.3818887039712207
game8/Clip8,69,player_top,7.565012912002017,22.66487811279793
game8/Clip8,70,player_bottom,0.9625133318712185,-1.3607312002873346
game8/Clip8,70,player_top,7.423497500561038,22.4867766913779
game8/Clip8,71,player_bottom,0.8484353790604336,-1.294797147725764
game8/Clip8,71,player_top,7.293415893782151,22.383825634064014
game8/Clip8,72,player_bottom,0.9083319956668584,-1.4013670198333064
game8/Clip8,72,player_top,7.155811832265237,22.33456960091403
game8/Clip8,73,player_bottom,0.8950587837820868,-1.3592168419923687
game8/Clip8,73,player_top,7.059218993608862,22.321860164558924
game8/Clip8,74,player_bottom,0.8273555261232333,-1.3580196273403036
game8/Clip8,74,player_top,7.011824808328284,22.28931908957554
game8/Clip8,75,player_bottom,0.7311807963647208,-1.3985294247242412
game8/Clip8,75,player_top,6.957246458445042,22.338719162265292
game8/Clip8,76,player_bottom,0.6657706534846185,-1.4567602115866625
game8/Clip8,76,player_top,6.89434407595195,22.547652605218303
game8/Clip8,77,player_bottom,0.6172737283556116,-1.5572688781208606
game8/Clip8,77,player_top,6.61668514175205,22.859124992852404
game8/Clip8,78,player_bottom,0.6093909509648159,-1.6283072560435448
game8/Clip8,78,player_top,6.484322510810632,22.9020873088477
game8/Clip8,79,player_bottom,0.6077150677067176,-1.6620114833561541
game8/Clip8,79,player_top,6.3281289412981465,22.982104003769816
game8/Clip8,80,player_bottom,0.6010975790163288,-1.6646621760301004
game8/Clip8,80,player_top,6.2376102672904965,23.028416373561463
game8/Clip8,81,player_bottom,0.6157972731844462,-1.6550626067012122
game8/Clip8,81,player_top,6.120529399752171,23.060005162407066
game8/Clip8,82,player_bottom,0.6356842081744333,-1.6350527083500832
game8/Clip8,82,player_top,5.976232797613792,22.96953269127241
game8/Clip8,83,player_bottom,0.6583742313843282,-1.5582750662731388
game8/Clip8,83,player_top,5.791288961537454,22.903460263525474
game8/Clip8,84,player_bottom,0.6882771477858972,-1.3857244563510136
game8/Clip8,84,player_top,5.648953563095795,22.776941092588316
game8/Clip8,85,player_bottom,0.7542138779940822,-1.3202966946316155
game8/Clip8,85,player_top,5.465622453087943,22.68431294909486
game8/Clip8,86,player_bottom,0.8592592325088525,-1.3057897629608504
game8/Clip8,86,player_top,5.256173726903241,22.650040846543167
game8/Clip8,87,player_bottom,1.011456158814671,-1.309339720145807
game8/Clip8,87,player_top,5.033169617274243,22.6103958648066
game8/Clip8,88,player_bottom,1.098849125359695,-1.2973983043108603
game8/Clip8,88,player_top,4.845720305165518,22.564046413018158
game8/Clip8,89,player_bottom,1.1857438895876276,-1.2306029145460644
game8/Clip8,89,player_top,4.726358225286424,22.74059814124611
game8/Clip8,90,player_bottom,1.2714555855315963,-1.1306219069086105
game8/Clip8,90,player_top,4.564417745294185,22.750560917190096
game8/Clip8,91,player_bottom,1.3921289201955047,-1.087987560804579
game8/Clip8,91,player_top,4.432875276406316,22.75612405512341
game8/Clip8,92,player_bottom,1.5616506607205332,-1.0912601200520666
game8/Clip8,92,player_top,4.2051932348495065,22.668166904802494
game8/Clip8,93,player_bottom,1.6987722108374919,-1.0911398581440215
game8/Clip8,93,player_top,4.033719133905822,22.64607350093562
game8/Clip8,94,player_bottom,1.807056718173404,-1.1098813193363726
game8/Clip8,94,player_top,3.9433631221475887,22.411261375107077
game8/Clip8,95,player_bottom,1.9137175453232014,-1.1421022175500628
game8/Clip8,95,player_top,3.8794159038336713,22.531499735894336
game8/Clip8,96,player_bottom,2.0399816820158336,-1.1633656685367504
game8/Clip8,96,player_top,3.806461933448448,22.514240571267134
game8/Clip8,97,player_bottom,2.137995097471913,-1.1796260301475523
game8/Clip8,97,player_top,3.682350547180078,22.09507744240259
game8/Clip8,98,player_bottom,2.2214973165079646,-1.2182730877539802
game8/Clip8,98,player_top,3.590189212484108,21.798907046506322
game8/Clip8,99,player_bottom,2.3167790702689177,-1.2331554502053221
game8/Clip8,99,player_top,3.4950998568778973,21.660410614141107
game8/Clip8,100,player_bottom,2.43954214149659,-1.2184442172289511
game8/Clip8,100,player_top,3.4203368111905372,21.581184696548423
game8/Clip8,101,player_bottom,2.5815349896391404,-1.188155070524708
game8/Clip8,101,player_top,3.353232607747202,21.46033514469568
game8/Clip8,102,player_bottom,2.7328267202515018,-1.2148291986929327
game8/Clip8,102,player_top,3.31272649823439,21.379369349322698
game8/Clip8,103,player_bottom,2.8637789448711435,-1.2380604832515447
game8/Clip8,103,player_top,3.2338185844434117,21.31311729899858
game8/Clip8,104,player_bottom,2.9766976515977905,-1.2986627941695146
game8/Clip8,104,player_top,3.1475525273557032,21.313414709677698
game8/Clip8,105,player_bottom,3.0786285345111435,-1.2343743897625765
game8/Clip8,105,player_top,3.048495957700484,21.313964274733493
game8/Clip8,106,player_bottom,3.2020029607562575,-1.3815583548716202
game8/Clip8,106,player_top,2.962991227579208,21.347945431077246
game8/Clip8,107,player_bottom,3.2967044175679465,-1.468728715146824
game8/Clip8,107,player_top,2.822430236997839,21.334250115436774
game8/Clip8,108,player_bottom,3.451789237904258,-1.5713691912172967
game8/Clip8,108,player_top,2.720505620221462,21.344044456922617
game8/Clip8,109,player_bottom,3.557962170866269,-1.62750106833896
game8/Clip8,109,player_top,2.6489825712336676,21.35237394264734
game8/Clip8,110,player_bottom,3.6735474596297455,-1.6937632066532642
game8/Clip8,110,player_top,2.5835880902618964,21.370415342287593
game8/Clip8,111,player_bottom,3.731652205445331,-1.7643739804518963
game8/Clip8,111,player_top,2.5129329042417425,21.37242102683497
game8/Clip8,112,player_bottom,3.7599486333754344,-1.7967868630631811
game8/Clip8,112,player_top,2.4548113409862946,21.378959482303348
game8/Clip8,113,player_bottom,3.8466631455985745,-1.828292980008956
game8/Clip8,113,player_top,2.3754031651807876,21.402282899499298
game8/Clip8,114,player_bottom,3.97411777519986,-1.8438489255169792
game8/Clip8,114,player_top,2.332369344099398,21.43261790783113
game8/Clip8,115,player_bottom,4.178951371531724,-1.8420673487208619
game8/Clip8,115,player_top,2.301719443071734,21.523604219387213
game8/Clip8,116,player_bottom,4.352829570822586,-1.854693046259433
game8/Clip8,116,player_top,2.2797118005800714,21.647215272057363
game8/Clip8,117,player_bottom,4.455875104438836,-1.854145306835475
game8/Clip8,117,player_top,2.226041573205287,21.838377761993424
game8/Clip8,118,player_bottom,4.548378397722571,-1.844121644429163
game8/Clip8,118,player_top,2.177303832704207,21.947554599651333
game8/Clip8,119,player_bottom,4.693902042372682,-1.7927971034520584
game8/Clip8,119,player_top,2.1347888117052656,22.0331393959158
game8/Clip8,120,player_bottom,4.816001569810116,-1.6823964024523907
game8/Clip8,120,player_top,2.0980686093924925,22.161205131588474
game8/Clip8,121,player_bottom,4.944158225768932,-1.6729663435619693
game8/Clip8,121,player_top,2.067449145676368,22.231286606195535
game8/Clip8,122,player_bottom,5.152875307327969,-1.6304259957055136
game8/Clip8,122,player_top,2.064097457385086,22.247182030561117
game8/Clip8,123,player_bottom,5.323345887685646,-1.673286882856168
game8/Clip8,123,player_top,2.084534996506296,22.25720931397836
game8/Clip8,124,player_bottom,5.474502537351745,-1.7144829416078715
game8/Clip8,124,player_top,2.093627819205851,22.267443608130186
game8/Clip8,125,player_bottom,5.592870470851145,-1.7461829855654818
game8/Clip8,125,player_top,2.091941564464107,22.26606323680362
game8/Clip8,126,player_bottom,5.698743923529082,-1.7387881135876369
game8/Clip8,126,player_top,2.08480670407549,22.262932513217788
game8/Clip8,127,player_bottom,5.797770714145415,-1.7069744013398687
game8/Clip8,127,player_top,2.0800147073306183,22.287660302250067
game8/Clip8,128,player_bottom,5.908869555679877,-1.657847969610123
game8/Clip8,128,player_top,2.114260937789101,22.322835734483125
game8/Clip8,129,player_bottom,6.046102533859931,-1.2540286607551188
game8/Clip8,129,player_top,2.1673007816120826,22.46669694577905
game8/Clip8,130,player_bottom,6.213611304166799,-1.1266809727575584
game8/Clip8,130,player_top,2.2475783351708696,22.694594168697463
game8/Clip8,131,player_bottom,6.3173363829837115,-0.9654445819133695
game8/Clip8,131,player_top,2.34691095611015,22.907668468352952
game8/Clip8,132,player_bottom,6.482289262748162,-0.9087122041300177
game8/Clip8,132,player_top,2.4220535774354803,23.00062433466199
game8/Clip8,133,player_bottom,6.515701323778742,-0.8330323023535595
game8/Clip8,133,player_top,2.4849468596792708,23.071371619128033
game8/Clip8,134,player_bottom,6.640105063747545,-0.8221570310399713
game8/Clip8,134,player_top,2.541688768105385,23.075541223058433
game8/Clip8,135,player_bottom,6.757754513034584,-0.794456594577131
game8/Clip8,135,player_top,2.6194102679910882,22.90055270652714
game8/Clip8,136,player_bottom,6.850119297573027,-0.7631961147806815
game8/Clip8,136,player_top,2.656958345517468,22.857681978177737
game8/Clip8,137,player_bottom,6.94312178890395,-0.7172588093410086
game8/Clip8,137,player_top,2.666406210326978,22.846515601226784
game8/Clip8,138,player_bottom,7.03781338097172,-0.5967926929065082
game8/Clip8,138,player_top,2.6722273305441955,22.828834975849638
game8/Clip8,139,player_bottom,7.1359177541303325,-0.4244978810895742
game8/Clip8,139,player_top,2.6722705963430933,22.807254033472688
game8/Clip8,140,player_bottom,7.22899752869063,-0.2735057601320195
game8/Clip8,140,player_top,2.6704709056411757,22.811451741007456
game8/Clip8,141,player_bottom,7.307364814625243,-0.13621278916242774
game8/Clip8,141,player_top,2.6691127467997067,22.828284956252613
game8/Clip8,142,player_bottom,7.372226398499985,-0.03962219735243671
game8/Clip8,142,player_top,2.669844092179694,22.933836287790204
game8/Clip8,143,player_bottom,7.462537726012102,0.01191699904226672
game8/Clip8,143,player_top,2.674884885907129,23.022704840668386
game8/Clip8,144,player_bottom,7.5687908761305795,0.0697963955160746
game8/Clip8,144,player_top,2.6605368398129032,23.10475717079314
game8/Clip8,145,player_bottom,7.657822852561133,0.1245815990815847
game8/Clip8,145,player_top,2.6532492154181946,23.185316932253066
game8/Clip8,146,player_bottom,7.710229873032729,0.12631356578709718
game8/Clip8,146,player_top,2.663134202239473,23.18102426450382
game8/Clip8,147,player_bottom,7.736809642569197,0.12647807466375727
game8/Clip8,147,player_top,2.667891590542697,23.1805067694591
game8/Clip8,148,player_bottom,7.7606170268899985,0.16332262232489791
game8/Clip8,148,player_top,2.6588072124400237,23.188521621776736
game8/Clip8,149,player_bottom,7.787178804299617,0.2374979222455524
game8/Clip8,149,player_top,2.6318749570645,23.192719541697976
game8/Clip8,150,player_bottom,7.827166093509574,0.33580531682000714
game8/Clip8,150,player_top,2.649375418257031,23.21785119329491
game8/Clip8,151,player_bottom,7.838489519894383,0.3959083725922854
game8/Clip8,151,player_top,2.675506238765582,23.25397178087107
game8/Clip8,152,player_bottom,7.843217167011572,0.4289095208388968
game8/Clip8,152,player_top,2.766351406934904,23.28298100547099
game8/Clip8,153,player_bottom,7.840241240340286,0.42537973392546224
game8/Clip8,153,player_top,2.889888623947237,23.469857704144765
game8/Clip8,154,player_bottom,7.838700361707337,0.42335741783320435
game8/Clip8,154,player_top,3.0630573085296144,23.49763547520703
game8/Clip8,155,player_bottom,7.822543559092689,0.42475730061336203
game8/Clip8,155,player_top,3.2034915372160966,23.536061059870796
game8/Clip8,156,player_bottom,7.833817520334811,0.4375913927949879
game8/Clip8,156,player_top,3.28626760717627,23.577737815076922
game8/Clip8,157,player_bottom,7.791614567520764,0.4386196620997413
game8/Clip8,157,player_top,3.3678161964284357,23.650067025774877
game8/Clip8,158,player_bottom,7.71403947741079,0.40564417496743854
game8/Clip8,158,player_top,3.5164017480183487,23.642538266816764
game8/Clip8,159,player_bottom,7.734304144886561,0.395005704252175
game8/Clip8,159,player_top,3.669018881286089,23.58843876779269
game8/Clip8,160,player_bottom,7.598252562373397,0.3846379952132287
game8/Clip8,160,player_top,3.9640548519257894,23.57325124247098
game8/Clip8,161,player_bottom,7.477064127925443,0.3760267042695835
game8/Clip8,161,player_top,4.104432300615369,23.527755437414974
game8/Clip8,162,player_bottom,7.344762567941326,0.37082862805831596
game8/Clip8,162,player_top,4.212143809191873,23.50183057029437
game8/Clip8,163,player_bottom,7.257158184093638,0.3931757229784113
game8/Clip8,163,player_top,4.279181980957688,23.48540915419836
game8/Clip8,164,player_bottom,7.184869658112981,0.5757388606285961
game8/Clip8,164,player_top,4.440644975550394,23.471364529594588
game8/Clip8,165,player_bottom,7.070753643563408,0.4607960178715568
game8/Clip8,165,player_top,4.580737908939382,23.480349037033815
game8/Clip8,166,player_bottom,6.975893361726242,0.45607194537539675
game8/Clip8,166,player_top,4.673478146630182,23.64441284571908
game8/Clip8,167,player_bottom,6.831085074242641,0.3297714975160178
game8/Clip8,167,player_top,4.798462546324733,23.740074330259116
game8/Clip8,168,player_bottom,6.753415338489558,0.2476930733804367
game8/Clip8,168,player_top,4.963958532913416,23.725336427626424
game8/Clip8,169,player_bottom,6.682764115328105,0.22430579735827574
game8/Clip8,169,player_top,5.1554097627159825,23.796648087610418
game8/Clip8,170,player_bottom,6.600882164093414,0.19148330842570283
game8/Clip8,170,player_top,5.2886186731677025,24.010995447116617
game8/Clip8,171,player_bottom,6.484007748972517,0.1746173267110723
game8/Clip8,171,player_top,5.421757787633944,24.256905373903766
game8/Clip8,172,player_bottom,6.340577393190221,0.16846283942354373
game8/Clip8,172,player_top,5.562440552688667,24.220884667617966
game8/Clip8,173,player_bottom,6.195458284470017,0.15616819890124928
game8/Clip8,173,player_top,5.67506278719289,24.231057213172807
game8/Clip8,174,player_bottom,6.0814735951778385,0.3152996479794592
game8/Clip8,174,player_top,5.742339833164781,24.19480214399001
game8/Clip8,175,player_bottom,5.957930099135945,0.3831539689238909
game8/Clip8,175,player_top,5.900106403745446,24.21391104763701
game8/Clip8,176,player_bottom,5.821881055387624,0.16398178560750648
game8/Clip8,176,player_top,6.073414785714143,24.20960848111398
game8/Clip8,177,player_bottom,5.709726637886984,0.03295780809130806
game8/Clip8,177,player_top,6.18267793653064,24.21452685760563
game8/Clip8,178,player_bottom,5.579615953670869,-0.004975459856934111
game8/Clip8,178,player_top,6.279850826460927,24.17301993678315
game8/Clip8,179,player_bottom,5.456034509251422,-0.09120878073623317
game8/Clip8,179,player_top,6.329411134410743,24.16672593431009
game8/Clip8,180,player_bottom,5.354539333549001,-0.17601855988972523
game8/Clip8,180,player_top,6.350801219807843,24.210474204347484
game8/Clip8,181,player_bottom,5.206734109349077,-0.23834257390043972
game8/Clip8,181,player_top,6.377085801726601,24.246166884173405
game8/Clip8,182,player_bottom,5.039663661560648,-0.2751009892223165
game8/Clip8,182,player_top,6.404133236910387,24.3182078288328
game8/Clip8,183,player_bottom,4.873763053857645,-0.27651842319817305
game8/Clip8,183,player_top,6.428860920464301,24.357352879118253
game8/Clip8,184,player_bottom,4.74094216831059,-0.28638892649782866
game8/Clip8,184,player_top,6.446678310263359,24.402898532372532
game8/Clip8,185,player_bottom,4.6038024046606205,-0.26778715452643265
game8/Clip8,185,player_top,6.465912621865859,24.418065949071813
game8/Clip8,186,player_bottom,4.458543736070745,-0.2832174660487032
game8/Clip8,186,player_top,6.480495063536026,24.440074524394685
game8/Clip8,187,player_bottom,4.297464773644663,-0.38382704330780637
game8/Clip8,187,player_top,6.486142305328519,24.462677239100543
game8/Clip8,188,player_bottom,4.152251492020411,-0.44073677094098984
game8/Clip8,188,player_top,6.482466136601809,24.48046006443291
game8/Clip8,189,player_bottom,3.9901248524727833,-0.5124519312793363
game8/Clip8,189,player_top,6.485492732853369,24.471542558531212
game8/Clip8,190,player_bottom,3.8241755812968026,-0.622050316799914
game8/Clip8,190,player_top,6.478346175063826,24.411565174478714
game8/Clip8,191,player_bottom,3.684580502390323,-0.7210586522002698
game8/Clip8,191,player_top,6.465986889994869,24.215167518258706
game8/Clip8,192,player_bottom,3.582829372646765,-0.7933749598978239
game8/Clip8,192,player_top,6.444099577188333,24.13884753444905
game8/Clip8,193,player_bottom,3.462317439373562,-0.789669370615213
game8/Clip8,193,player_top,6.389224956031715,24.119811478979074
game8/Clip8,194,player_bottom,3.332422162876536,-0.7733410180787288
game8/Clip8,194,player_top,6.306935643890322,24.09621994785993
game8/Clip8,195,player_bottom,3.2042547045023078,-0.7467581966216428
game8/Clip8,195,player_top,6.234422190306542,24.080563872321317
game8/Clip8,196,player_bottom,3.054141093175066,-0.7417830135133289
game8/Clip8,196,player_top,6.155717168224902,24.141053678905074
game8/Clip8,197,player_bottom,2.950546753461714,-0.7467375977097319
game8/Clip8,197,player_top,6.10184494465853,24.01700256928018
game8/Clip8,198,player_bottom,2.8695727800622284,-0.7394861438196334
game8/Clip8,198,player_top,6.058976109292558,23.85785534129027
game8/Clip8,199,player_bottom,2.8050305560037754,-0.6894847540712392
game8/Clip8,199,player_top,5.989554961678804,23.790252433641665
game8/Clip8,200,player_bottom,2.7384972616526015,-0.6357169242089531
game8/Clip8,200,player_top,5.920089467670452,23.69781520778252
game8/Clip8,201,player_bottom,2.6808237119445444,-0.6068501380826181
game8/Clip8,201,player_top,5.877762327393021,23.62589691595568
game8/Clip8,202,player_bottom,2.6118763987744718,-0.5839557932728703
game8/Clip8,202,player_top,5.852730788041334,23.596014207081677
game8/Clip8,203,player_bottom,2.5549975693012072,-0.5362690976905237
game8/Clip8,203,player_top,5.826911696761507,23.546473872394625
game8/Clip8,204,player_bottom,2.5004245364394677,-0.5195951939090091
game8/Clip8,204,player_top,5.779110777051918,23.53694829821299
game8/Clip8,205,player_bottom,2.450177486159607,-0.515124778480514
game8/Clip8,205,player_top,5.686074149543246,23.420196723224393
game8/Clip8,206,player_bottom,2.454387973104615,-0.49964251062564297
game8/Clip8,206,player_top,5.602842861008879,23.24087374222171
game8/Clip8,207,player_bottom,2.34052165031787,-0.5063191844742118
game8/Clip8,207,player_top,5.5400300827913735,23.034090381372256
game8/Clip8,208,player_bottom,2.3572476171494423,-0.5388361922207774
game8/Clip8,208,player_top,5.500636341195697,22.94671251376531
game8/Clip8,209,player_bottom,2.3658248731679454,-0.5535308627975049
game8/Clip8,209,player_top,5.4810455324356635,22.900247971763385
game8/Clip8,210,player_bottom,2.3341070190085285,-0.5808165515295288
game8/Clip8,210,player_top,5.4651945503552115,22.878773003571133
game8/Clip8,211,player_bottom,2.2725401655651023,-0.6184190519146608
game8/Clip8,211,player_top,5.452747095796286,22.833130331035406
game8/Clip8,212,player_bottom,2.1970460186575607,-0.6468639627432412
game8/Clip8,212,player_top,5.4462890475746,22.834152572942923
game8/Clip8,213,player_bottom,2.116842602457221,-0.6586974448699666
game8/Clip8,213,player_top,5.4513913220931105,22.82018808252022
game8/Clip8,214,player_bottom,2.0515190640126453,-0.7004994165216636
game8/Clip8,214,player_top,5.486317384764514,22.826595067987675
game8/Clip8,215,player_bottom,2.0100120597631856,-0.7729812884774725
game8/Clip8,215,player_top,5.5435489608725055,22.79405165370629
game8/Clip8,216,player_bottom,1.978794594981596,-0.8066862774440702
game8/Clip8,216,player_top,5.649718383885381,22.7971117846825
game8/Clip8,217,player_bottom,1.9453710446892207,-0.817090984121848
game8/Clip8,217,player_top,5.775775775437671,22.828938047049768
game8/Clip8,218,player_bottom,1.9837504506540193,-0.8350695309294179
game8/Clip8,218,player_top,5.927673874242868,22.85834798621428
game8/Clip8,219,player_bottom,2.00160853644269,-0.8391890667010076
game8/Clip8,219,player_top,6.006425340674309,22.848180770015833
game8/Clip8,220,player_bottom,2.0258712031789967,-0.851941852563221
game8/Clip8,220,player_top,6.0596977867054065,22.706189836984443
game8/Clip8,221,player_bottom,2.072590047966564,-0.8875087660470289
game8/Clip8,221,player_top,6.121366361568846,22.724171007094963
game8/Clip8,222,player_bottom,2.0930561884645154,-0.8879638291705024
game8/Clip8,222,player_top,6.214673265315443,22.550297339614538
game8/Clip8,223,player_bottom,2.1243147568719243,-0.8826101122030666
game8/Clip8,223,player_top,6.328764813686832,22.38348213273201
game8/Clip8,224,player_bottom,2.249400001771179,-0.9372193437972228
game8/Clip8,224,player_top,6.519415612466132,22.372629677617194
game8/Clip8,225,player_bottom,2.3094458620017444,-0.9986100093730345
game8/Clip8,225,player_top,6.711263575778201,22.36245416547251
game8/Clip8,226,player_bottom,2.3307784267953866,-1.0720190891999748
game8/Clip8,226,player_top,6.863552974971314,22.302390355623398
game8/Clip8,227,player_bottom,2.3886468518283688,-1.164183814616821
game8/Clip8,227,player_top,6.981954542724757,22.29063070546788
game8/Clip8,228,player_bottom,2.4712612540848173,-1.2283975394339064
game8/Clip8,228,player_top,7.048534018868418,22.274161104788714
game8/Clip8,229,player_bottom,2.534907619739682,-1.3638989901687597
game8/Clip8,229,player_top,7.155620119016076,22.271389300985064
game8/Clip8,230,player_bottom,2.5879988864382604,-1.490386930219039
game8/Clip8,230,player_top,7.265551954620791,22.071916768432914
game8/Clip8,231,player_bottom,2.6248142313672522,-1.6136501263586898
game8/Clip8,231,player_top,7.359520056867434,22.006632277252027
game8/Clip8,232,player_bottom,2.6580550487580625,-1.6862849315812658
game8/Clip8,232,player_top,7.419890379875378,21.988128640390002
game8/Clip8,233,player_bottom,2.659821857474155,-1.7148069833756157
game8/Clip8,233,player_top,7.464734549595985,21.827081796332482
game8/Clip8,234,player_bottom,2.65013705316191,-1.7236502016912958
game8/Clip8,234,player_top,7.4950806985807885,21.88322126008508
game8/Clip8,235,player_bottom,2.63504212345119,-1.7231098572177959
game8/Clip8,235,player_top,7.521530173819185,22.011919066503555
game8/Clip8,236,player_bottom,2.6282847083901317,-1.7026023288944383
game8/Clip8,236,player_top,7.554597698156528,22.062402950161538
game8/Clip8,237,player_bottom,2.6160676147334803,-1.6806714694413853
game8/Clip8,237,player_top,7.576972625431626,22.07043575791144
game8/Clip8,238,player_bottom,2.587147979099796,-1.6685135775429
game8/Clip8,238,player_top,7.587296905091218,22.079998901447667
game8/Clip8,239,player_bottom,2.558857389708497,-1.6907317826266082
game8/Clip8,239,player_top,7.594809581527999,22.119601037441207
game8/Clip8,240,player_bottom,2.5358106589411893,-1.7523425382685358
game8/Clip8,240,player_top,7.6165323369322016,22.09945417494982
game8/Clip8,241,player_bottom,2.50979399930691,-1.8111902610549209
game8/Clip8,241,player_top,7.630898498049794,22.082933875008298
game8/Clip8,242,player_bottom,2.497905417735602,-1.9086813435459375
game8/Clip8,242,player_top,7.648649190809521,22.0731826854305
game8/Clip8,243,player_bottom,2.4915111045160683,-1.976267757082349
game8/Clip8,243,player_top,7.66547537983484,22.12290018238556
game8/Clip8,244,player_bottom,2.4895136914590363,-1.9870090849599669
game8/Clip8,244,player_top,7.687315425097614,22.10032627663942
game8/Clip8,245,player_bottom,2.484892207174209,-1.9623641648594936
game8/Clip8,245,player_top,7.694291017636432,22.083112187120566
game8/Clip8,246,player_bottom,2.4704020994921,-1.9390183295380097
game8/Clip8,246,player_top,7.701889864058169,22.057378589852714
game8/Clip8,247,player_bottom,2.3960060259016935,-1.9266394782345697
game8/Clip8,247,player_top,7.694378579037297,22.057100879246068
game8/Clip8,248,player_bottom,2.2950907936405396,-1.9234267316233105
game8/Clip8,248,player_top,7.687745557983798,22.040123301531466
game8/Clip8,249,player_bottom,2.2292628148065816,-1.9034656092166997
game8/Clip8,249,player_top,7.674749274294575,22.027651480710993
game8/Clip8,250,player_bottom,2.1783345262633453,-1.8509576877236904
game8/Clip8,250,player_top,7.592164627553783,22.020634507303505
game8/Clip8,251,player_bottom,2.1353982191214604,-1.8401367411651375
game8/Clip8,251,player_top,7.536477869272263,22.01407824419206
game8/Clip8,252,player_bottom,2.0930673353947724,-1.8728299594135316
game8/Clip8,252,player_top,7.503431845313033,22.016461368167324
game8/Clip8,253,player_bottom,2.0725269402458744,-1.914147281392764
game8/Clip8,253,player_top,7.440453057334839,22.039444321651448
game8/Clip8,254,player_bottom,2.0639778428905635,-1.9158654664404002
game8/Clip8,254,player_top,7.404396643621115,22.073665649191014
game8/Clip8,255,player_bottom,2.0725533819024813,-1.9227226298259965
game8/Clip8,255,player_top,7.379718682129327,22.082915574457537
game8/Clip8,256,player_bottom,2.1130678363283044,-1.9078856760960914
game8/Clip8,256,player_top,7.351488098008184,22.072845477390178
game8/Clip8,257,player_bottom,2.157939512841539,-1.7905433059853968
game8/Clip8,257,player_top,7.23484171872211,22.186918431461937
game8/Clip8,258,player_bottom,2.1733537934176894,-1.379601167512581
game8/Clip8,258,player_top,7.122073019645165,22.26697291527003
game8/Clip8,259,player_bottom,2.213826299232562,-1.1842314765322997
game8/Clip8,259,player_top,7.0226794605133325,22.32783984399562
game8/Clip8,260,player_bottom,2.268483980835994,-1.010220394157157
game8/Clip8,260,player_top,6.929475802742257,22.370425456125037
game8/Clip8,261,player_bottom,2.2860750781812995,-0.8793961225699473
game8/Clip8,261,player_top,6.823835932151757,22.432707303407337
game8/Clip8,262,player_bottom,2.3937607682739492,-0.8454383066665629
game8/Clip8,262,player_top,6.727255263320777,22.466345621814217
game8/Clip8,263,player_bottom,2.4997256285181986,-0.8283380173282591
game8/Clip8,263,player_top,6.638523674073306,22.368723740282363
game8/Clip8,264,player_bottom,2.601300773445329,-0.8248600524464004
game8/Clip8,264,player_top,6.556857967633011,22.333168302751016
game8/Clip8,265,player_bottom,2.623848650848607,-0.8226551315752988
game8/Clip8,265,player_top,6.429736088072474,22.328858412191497
game8/Clip8,266,player_bottom,2.610402044347159,-0.821718735352409
game8/Clip8,266,player_top,6.276129519419347,22.302154878725737
game8/Clip8,267,player_bottom,2.571399220653026,-0.8024531025480396
game8/Clip8,267,player_top,6.158768841819136,22.31980292155877
game8/Clip8,268,player_bottom,2.5699465655249347,-0.7795732117620557
game8/Clip8,268,player_top,6.110608843251283,22.33256294366096
game8/Clip8,269,player_bottom,2.579113288088972,-0.7503563501104331
game8/Clip8,269,player_top,6.047428695662811,22.357283764481757
game8/Clip8,270,player_bottom,2.5951182983198415,-0.7230380718918477
game8/Clip8,270,player_top,5.97325297763569,22.418343424008995
game8/Clip8,271,player_bottom,2.610264283091421,-0.6363881426014857
game8/Clip8,271,player_top,5.899314416585379,22.582304258981793
game8/Clip8,272,player_bottom,2.6391794122032044,-0.5247763891893266
game8/Clip8,272,player_top,5.852794873606119,22.780459629944044
game8/Clip8,273,player_bottom,2.6644486252879425,-0.19313445505374993
game8/Clip8,273,player_top,5.795125770272402,23.039662005100997
game8/Clip8,274,player_bottom,2.697988085166209,-0.022152856779128073
game8/Clip8,274,player_top,5.7358871242243135,23.242694514986763
game8/Clip8,275,player_bottom,2.7356552000605183,0.0906772360786165
game8/Clip8,275,player_top,5.657583108355409,23.23729828235865
game8/Clip8,276,player_bottom,2.774860821429859,0.09535705462688507
game8/Clip8,276,player_top,5.6111752572853595,23.262114497360614
game8/Clip8,277,player_bottom,2.8090095352213442,0.15881195543278467
game8/Clip8,277,player_top,5.553334800119826,23.305573439043197
game8/Clip8,278,player_bottom,2.8488519887650603,0.17358541151033388
game8/Clip8,278,player_top,5.505155402907355,23.294973177514
game8/Clip8,279,player_bottom,2.9278593207753074,0.18734557194702917
game8/Clip8,279,player_top,5.478453196425534,23.29831779476608
game8/Clip8,280,player_bottom,3.0250702986590223,0.17378572480184076
game8/Clip8,280,player_top,5.4757036854960095,23.317079886658483
game8/Clip8,281,player_bottom,3.1153672849177845,0.1732752124540867
game8/Clip8,281,player_top,5.461257162826095,23.355689172400034
game8/Clip8,282,player_bottom,3.1073976127093044,0.17608391854628114
game8/Clip8,282,player_top,5.346629451087863,23.51081152082652
game8/Clip8,283,player_bottom,3.171889819987915,0.20210057038978185
game8/Clip8,283,player_top,5.2004312291775125,23.73793484139488
game8/Clip8,284,player_bottom,3.216469758475497,0.2735823188625706
game8/Clip8,284,player_top,5.0586138382716115,23.803822738225335
game8/Clip8,285,player_bottom,3.2632473578960504,0.4062144900241706
game8/Clip8,285,player_top,4.8870050566116285,23.857340045031446
game8/Clip8,286,player_bottom,3.3017065396389706,0.5935957457140221
game8/Clip8,286,player_top,4.727682933503882,23.913107282571048
game8/Clip8,287,player_bottom,3.3298876058374165,0.7877101232987439
game8/Clip8,287,player_top,4.579737233805798,23.937081747526303
game8/Clip8,288,player_bottom,3.337204850792085,0.9382180622101375
game8/Clip8,288,player_top,4.448952257761842,23.92199373382338
game8/Clip8,289,player_bottom,3.3636947878231993,1.0200689258470454
game8/Clip8,289,player_top,4.31209321983195,24.045175001539622
game8/Clip8,290,player_bottom,3.393250964029653,1.0957667520269139
game8/Clip8,290,player_top,4.208839462838726,24.136039504280117
game8/Clip8,291,player_bottom,3.4098451443026896,1.1503453502100844
game8/Clip8,291,player_top,4.072908083154966,24.023781469571613
game8/Clip8,292,player_bottom,3.404099702955087,1.2839731985647953
game8/Clip8,292,player_top,3.948153553101383,23.99684747330851
game8/Clip8,293,player_bottom,3.4080230315318922,1.4429629589104649
game8/Clip8,293,player_top,3.7580971737255635,23.9783724370305
game8/Clip8,294,player_bottom,3.449515041720856,1.5482923954828245
game8/Clip8,294,player_top,3.5933703764491245,23.95910285586655
game8/Clip8,295,player_bottom,3.480542812921486,1.621201073159342
game8/Clip8,295,player_top,3.422269064111181,23.96190023901393
game8/Clip8,296,player_bottom,3.503377754674117,1.7628160218501288
game8/Clip8,296,player_top,3.2269439859629423,23.957858819594065
game8/Clip8,297,player_bottom,3.510226922822201,1.8585989115713384
game8/Clip8,297,player_top,3.1068342240572293,23.94293083101005
game8/Clip8,298,player_bottom,3.5124172096770483,1.8992236141040446
game8/Clip8,298,player_top,3.0136678085081985,23.983618832277312
game8/Clip8,299,player_bottom,3.509218483546357,1.9703695262730607
game8/Clip8,299,player_top,2.932514359446214,24.02981105720082
game8/Clip8,300,player_bottom,3.49952535109971,1.979287868972647
game8/Clip8,300,player_top,2.837442506419731,24.041577798402535
game8/Clip8,301,player_bottom,3.4805971176550328,2.052270216350793
game8/Clip8,301,player_top,2.729479393010575,24.143555561767943
game8/Clip8,302,player_bottom,3.4789178376931953,2.101346491312799
game8/Clip8,302,player_top,2.632006960980959,24.17293457425366
game8/Clip8,303,player_bottom,3.488285982680228,2.1913006427451562
game8/Clip8,303,player_top,2.5549229937193503,24.322534760724498
game8/Clip8,304,player_bottom,3.4989991128827502,2.2885135846970392
game8/Clip8,304,player_top,2.466182540351308,24.388707503751565
game8/Clip8,305,player_bottom,3.5061995869022904,2.3725670457512944
game8/Clip8,305,player_top,2.39522085464628,24.4512612979973
game8/Clip8,306,player_bottom,3.5062845892550767,2.467605403223222
game8/Clip8,306,player_top,2.3168786604857976,24.454064862527556
game8/Clip8,307,player_bottom,3.5021557356436226,2.571671477243835
game8/Clip8,307,player_top,2.2345231086752753,24.428610021506042
game8/Clip8,308,player_bottom,3.4960579692918445,2.6710341673987203
game8/Clip8,308,player_top,2.1510041853122566,24.426291273210655
game8/Clip8,309,player_bottom,3.49098384990701,2.7420967176148783
game8/Clip8,309,player_top,2.048018147992546,24.447781414810493
game8/Clip8,310,player_bottom,3.51493968821149,2.7834165806283226
game8/Clip8,310,player_top,1.972940009845521,24.47571310426359
game8/Clip8,311,player_bottom,3.529169421543801,2.8141577679003325
game8/Clip8,311,player_top,1.9134932736660033,24.50598983899271
game8/Clip8,312,player_bottom,3.539933537195008,2.835486690225861
game8/Clip8,312,player_top,1.8839872824332042,24.521643960712773
game8/Clip8,313,player_bottom,3.5495937863982334,2.8502034789464177
game8/Clip8,313,player_top,1.868182744221182,24.523861814136506
game8/Clip8,314,player_bottom,3.5553599255981885,2.89110408944547
game8/Clip8,314,player_top,1.8423006325944884,24.51126502454128
game8/Clip8,315,player_bottom,3.5548251041824575,2.9162550825206983
game8/Clip8,315,player_top,1.8003840983372812,24.54788886228898
game8/Clip8,316,player_bottom,3.562257518284315,2.971837435723701
game8/Clip8,316,player_top,1.7512191459120503,24.571791225206706
game8/Clip8,317,player_bottom,3.547120142545224,3.079362711522681
game8/Clip8,317,player_top,1.6974686365467853,24.573111099026548
game8/Clip8,318,player_bottom,3.5492166849323348,3.207415077473295
game8/Clip8,318,player_top,1.665262709796085,24.57070039002853
game8/Clip9,0,player_bottom,2.966546567077257,-1.2010124718027355
game8/Clip9,0,player_top,7.839945102017661,24.198287735831197
game8/Clip9,1,player_bottom,2.966546567077257,-1.2010124718027355
game8/Clip9,1,player_top,7.839945102017661,24.198287735831197
game8/Clip9,2,player_bottom,2.9895282361613265,-1.0987927449554538
game8/Clip9,2,player_top,7.840881927525538,24.20063879273495
game8/Clip9,3,player_bottom,3.021305284801149,-0.9027334374601335
game8/Clip9,3,player_top,7.840823465550403,24.19869458720779
game8/Clip9,4,player_bottom,3.077326495637597,-0.7308133826749112
game8/Clip9,4,player_top,7.840313845354382,24.195486437282998
game8/Clip9,5,player_bottom,3.1363398953927097,-0.6441969232212089
game8/Clip9,5,player_top,7.840997601603298,24.19882978866234
game8/Clip9,6,player_bottom,3.187758524631646,-0.5979448495666139
game8/Clip9,6,player_top,7.841542127986322,24.203399639307104
game8/Clip9,7,player_bottom,3.2104999881564362,-0.5564259745976459
game8/Clip9,7,player_top,7.835471305429709,24.210414023655453
game8/Clip9,8,player_bottom,3.219706917985549,-0.4843546595368499
game8/Clip9,8,player_top,7.8001014868836815,24.22023213377266
game8/Clip9,9,player_bottom,3.228365549309381,-0.3861769985771259
game8/Clip9,9,player_top,7.745214721859222,24.1858152256609
game8/Clip9,10,player_bottom,3.233616173602218,-0.38467694106179545
game8/Clip9,10,player_top,7.689106085117272,24.10829656068023
game8/Clip9,11,player_bottom,3.2107506939002,-0.3987754498222921
game8/Clip9,11,player_top,7.6558419717054695,24.04487211318712
game8/Clip9,12,player_bottom,3.193142595049235,-0.4103688442856007
game8/Clip9,12,player_top,7.644308958604522,24.026853475436674
game8/Clip9,13,player_bottom,3.1773143437976024,-0.4114670707655615
game8/Clip9,13,player_top,7.644468767493433,24.027086757629984
game8/Clip9,14,player_bottom,3.1577925776491558,-0.4124880679445137
game8/Clip9,14,player_top,7.645665752499308,23.99843304622958
game8/Clip9,15,player_bottom,3.132102771436176,-0.39552567738992284
game8/Clip9,15,player_top,7.658891010355277,23.94586273046698
game8/Clip9,16,player_bottom,3.1208055429225134,-0.4119121893278192
game8/Clip9,16,player_top,7.695545481191358,24.025352553412024
game8/Clip9,17,player_bottom,3.0932780004575133,-0.37339557328687045
game8/Clip9,17,player_top,7.715698939749716,23.922974114684546
game8/Clip9,18,player_bottom,3.098882175997926,-0.3999646413374722
game8/Clip9,18,player_top,7.735572841171016,23.898596949663922
game8/Clip9,19,player_bottom,3.109487594784295,-0.4643368362340759
game8/Clip9,19,player_top,7.7745533508451325,23.883547589366696
game8/Clip9,20,player_bottom,3.1339709453141933,-0.5226756447897636
game8/Clip9,20,player_top,7.829785650224011,23.833150119641193
game8/Clip9,21,player_bottom,3.141020593929148,-0.5732627653261391
game8/Clip9,21,player_top,7.887910101561776,23.80801046888627
game8/Clip9,22,player_bottom,3.1247967002142687,-0.6438538007401655
game8/Clip9,22,player_top,7.937204988976289,23.768468474236588
game8/Clip9,23,player_bottom,3.0878714115687256,-0.7387840796648624
game8/Clip9,23,player_top,7.9908359348281115,23.72325852766635
game8/Clip9,24,player_bottom,3.0721027002533123,-0.8152865631847762
game8/Clip9,24,player_top,8.02719332473033,23.72105234496051
game8/Clip9,25,player_bottom,3.0646872807074264,-0.8658983712772437
game8/Clip9,25,player_top,8.089175518966854,23.70953282709537
game8/Clip9,26,player_bottom,3.039886353267444,-0.9215533326390868
game8/Clip9,26,player_top,8.170464654501407,23.657662424471305
game8/Clip9,27,player_bottom,2.9925672503116636,-0.9464701868904775
game8/Clip9,27,player_top,8.23339059185407,23.610215325016966
game8/Clip9,28,player_bottom,2.936945935261625,-0.9402661439575177
game8/Clip9,28,player_top,8.293229858276352,23.565052174026636
game8/Clip9,29,player_bottom,2.8760555099093037,-0.9504929023819906
game8/Clip9,29,player_top,8.327715038400187,23.391340053337423
game8/Clip9,30,player_bottom,2.8194628891272253,-1.0743961896142504
game8/Clip9,30,player_top,8.378973382542162,23.272476870460668
game8/Clip9,31,player_bottom,2.7425292590490455,-1.179687882125242
game8/Clip9,31,player_top,8.442711873243793,23.242987267705477
game8/Clip9,32,player_bottom,2.6650722604818307,-1.3651099501306097
game8/Clip9,32,player_top,8.530614466010515,23.186406945560552
game8/Clip9,33,player_bottom,2.592267819163243,-1.5258304770193136
game8/Clip9,33,player_top,8.614045256226118,22.891118912994333
game8/Clip9,34,player_bottom,2.5194925890311994,-1.6525850163694176
game8/Clip9,34,player_top,8.67446270440507,22.772359192639215
game8/Clip9,35,player_bottom,2.4755580942845046,-1.6955103388061048
game8/Clip9,35,player_top,8.718059723517829,22.73905603242364
game8/Clip9,36,player_bottom,2.4528680761075594,-1.6840124735395567
game8/Clip9,36,player_top,8.736360647099136,22.70222567124069
game8/Clip9,37,player_bottom,2.4457101255655167,-1.650073777443348
game8/Clip9,37,player_top,8.747328451094145,22.690454287639167
game8/Clip9,38,player_bottom,2.402613086462876,-1.60864358117173
game8/Clip9,38,player_top,8.761974695329732,22.66047635572741
game8/Clip9,39,player_bottom,2.289609699128122,-1.5801415757031454
game8/Clip9,39,player_top,8.756878816130742,22.6524086561661
game8/Clip9,40,player_bottom,2.148134636032332,-1.5822867857377825
game8/Clip9,40,player_top,8.738060967918406,22.64523985690098
game8/Clip9,41,player_bottom,2.007298168914079,-1.632908186413522
game8/Clip9,41,player_top,8.699276399740892,22.64017675437791
game8/Clip9,42,player_bottom,1.866657435226899,-1.6982955570294183
game8/Clip9,42,player_top,8.666447926508239,22.66352441918794
game8/Clip9,43,player_bottom,1.7626236468089356,-1.7321463102990005
game8/Clip9,43,player_top,8.604462716750547,22.7019894984125
game8/Clip9,44,player_bottom,1.7087581057719954,-1.780085208813926
game8/Clip9,44,player_top,8.509042676889019,22.72913074048188
game8/Clip9,45,player_bottom,1.6267040566912065,-1.8589676670798445
game8/Clip9,45,player_top,8.37171771982055,22.750094163497494
game8/Clip9,46,player_bottom,1.5776177312099762,-1.8900035277960872
game8/Clip9,46,player_top,8.269549245259107,22.759121182418223
game8/Clip9,47,player_bottom,1.5369514580793213,-1.8959253836208063
game8/Clip9,47,player_top,8.192025741087921,22.818808328202227
game8/Clip9,48,player_bottom,1.4831994463621265,-1.890234100059445
game8/Clip9,48,player_top,8.146417657891096,23.386643419858952
game8/Clip9,49,player_bottom,1.4412151871228596,-1.903959779080749
game8/Clip9,49,player_top,8.01302257553736,22.886956514868427
game8/Clip9,50,player_bottom,1.385467331373384,-1.895027137846001
game8/Clip9,50,player_top,7.870119430638519,22.809645869432146
game8/Clip9,51,player_bottom,1.3354706608855675,-1.8939021748857596
game8/Clip9,51,player_top,7.733032922718602,22.73599252942138
game8/Clip9,52,player_bottom,1.3628699597150549,-1.8884856462804243
game8/Clip9,52,player_top,7.658603079021096,22.686923417450743
game8/Clip9,53,player_bottom,1.3624649514326488,-1.8777141055650233
game8/Clip9,53,player_top,7.662345118105512,22.63910518831252
game8/Clip9,54,player_bottom,1.3599174902303195,-1.8814438171038161
game8/Clip9,54,player_top,7.615396037394653,22.70350197941763
game8/Clip9,55,player_bottom,1.339733504451663,-1.8801861978285306
game8/Clip9,55,player_top,7.468539514393985,22.924224366147676
game8/Clip9,56,player_bottom,1.3385312154192832,-1.8804233353554376
game8/Clip9,56,player_top,7.32328287890451,22.812266728921873
game8/Clip9,57,player_bottom,1.4210195355422532,-1.8706560346585994
game8/Clip9,57,player_top,7.185909591071578,22.66037770565133
game8/Clip9,58,player_bottom,1.4846226731757444,-1.8666254305799173
game8/Clip9,58,player_top,7.015868212913133,22.511786774268717
game8/Clip9,59,player_bottom,1.5419461815319309,-1.8559732744808615
game8/Clip9,59,player_top,6.878416813054344,22.430977972378397
game8/Clip9,60,player_bottom,1.5909360752228774,-1.8303763833170552
game8/Clip9,60,player_top,6.8223158650133815,22.439140077550444
game8/Clip9,61,player_bottom,1.6570495979119584,-1.8266897786575864
game8/Clip9,61,player_top,6.796426610979639,22.415095575166944
game8/Clip9,62,player_bottom,1.7328513851657932,-1.8708384427348894
game8/Clip9,62,player_top,6.777435690009744,22.437738620238747
game8/Clip9,63,player_bottom,1.752851774184171,-1.9077840750534942
game8/Clip9,63,player_top,6.722063656106949,22.48389572949581
game8/Clip9,64,player_bottom,1.7777365759709294,-1.92583188230312
game8/Clip9,64,player_top,6.648200321138609,22.58077223955128
game8/Clip9,65,player_bottom,1.810565214749021,-1.930009601492554
game8/Clip9,65,player_top,6.553042401396451,22.722651813271895
game8/Clip9,66,player_bottom,1.8544059594816031,-1.9329964808926319
game8/Clip9,66,player_top,6.416533207132067,22.593585430566918
game8/Clip9,67,player_bottom,1.9542520856633143,-1.9242173883151614
game8/Clip9,67,player_top,6.3376137865288955,22.496685791994434
game8/Clip9,68,player_bottom,1.9771874502214828,-1.9139436284722415
game8/Clip9,68,player_top,6.266869678681895,22.519482095137402
game8/Clip9,69,player_bottom,2.0121812096864375,-1.9165567754707704
game8/Clip9,69,player_top,6.2092464650255526,22.507568702718675
game8/Clip9,70,player_bottom,2.0950731213749845,-1.954445849832174
game8/Clip9,70,player_top,6.160748979010255,22.510390702140057
game8/Clip9,71,player_bottom,2.1995603932317316,-1.9803248084770197
game8/Clip9,71,player_top,6.153534289767702,22.500285397172856
game8/Clip9,72,player_bottom,2.3132975993604816,-2.0068814537301454
game8/Clip9,72,player_top,6.106367496507993,22.522983147645572
game8/Clip9,73,player_bottom,2.3832815935959677,-1.8800843639091762
game8/Clip9,73,player_top,6.113696561589183,22.50749583166336
game8/Clip9,74,player_bottom,2.440941333362885,-1.9784700148004917
game8/Clip9,74,player_top,6.07284463472696,22.48240077089724
game8/Clip9,75,player_bottom,2.4716573482175073,-2.128098528337711
game8/Clip9,75,player_top,6.0340494992583125,22.59157520363868
game8/Clip9,76,player_bottom,2.492090091655852,-2.219520101861683
game8/Clip9,76,player_top,6.024406059487832,22.725099698640484
game8/Clip9,77,player_bottom,2.57413012612462,-2.2966321075611047
game8/Clip9,77,player_top,6.03638751360702,23.047095035402013
game8/Clip9,78,player_bottom,2.687359657186383,-2.3451753883160324
game8/Clip9,78,player_top,6.062606436507843,23.28868197991457
game8/Clip9,79,player_bottom,2.8150605580084025,-2.3546332160574384
game8/Clip9,79,player_top,6.103099900829839,23.43451046526816
game8/Clip9,80,player_bottom,2.9150683543055638,-2.3632839373851167
game8/Clip9,80,player_top,6.139619325278366,23.636418033091775
game8/Clip9,81,player_bottom,2.986723578109653,-2.364572040300725
game8/Clip9,81,player_top,6.177496116909307,23.766277643100402
game8/Clip9,82,player_bottom,3.033724679460971,-2.3778069757076543
game8/Clip9,82,player_top,6.208493200173108,23.835810357583572
game8/Clip9,83,player_bottom,3.0566491142692356,-2.409506603613386
game8/Clip9,83,player_top,6.2491730783534996,23.86327440761975
game8/Clip9,84,player_bottom,3.098424219400896,-2.4407476396999273
game8/Clip9,84,player_top,6.2804774696091465,23.836941841426114
game8/Clip9,85,player_bottom,3.161358355523424,-2.4520939505059105
game8/Clip9,85,player_top,6.287759273989256,23.79472583348049
game8/Clip9,86,player_bottom,3.229267356040422,-2.4471803980809717
game8/Clip9,86,player_top,6.298568835658838,23.943118672171344
game8/Clip9,87,player_bottom,3.2662387722859565,-2.4252115397878344
game8/Clip9,87,player_top,6.3122809942925056,24.116215588523694
game8/Clip9,88,player_bottom,3.299252842019707,-2.428517743132552
game8/Clip9,88,player_top,6.323642596806914,24.308592803257515
game8/Clip9,89,player_bottom,3.3403606062253046,-2.467609277525162
game8/Clip9,89,player_top,6.3238927194700425,24.418769752823295
game8/Clip9,90,player_bottom,3.3899795474348347,-2.504612262722895
game8/Clip9,90,player_top,6.328442683169965,24.506316428229926
game8/Clip9,91,player_bottom,3.4489077531801677,-2.568525151855349
game8/Clip9,91,player_top,6.3172540127082035,24.50320023477391
game8/Clip9,92,player_bottom,3.508535253032362,-2.6164015195126784
game8/Clip9,92,player_top,6.33810105005597,24.510141787984686
game8/Clip9,93,player_bottom,3.5612011876959118,-2.625043694933561
game8/Clip9,93,player_top,6.310888416654447,24.505813535331797
game8/Clip9,94,player_bottom,3.5843561675405464,-2.6416395495591662
game8/Clip9,94,player_top,6.279343862456989,24.319651261545594
game8/Clip9,95,player_bottom,3.603409757503957,-2.699796882588944
game8/Clip9,95,player_top,6.277751792258517,24.468628111540458
game8/Clip9,96,player_bottom,3.6348011703727723,-2.7764484096307385
game8/Clip9,96,player_top,6.245654719655068,24.47257971833014
game8/Clip9,97,player_bottom,3.649712392876656,-2.898432473369576
game8/Clip9,97,player_top,6.208652704681404,24.831014498380874
game8/Clip9,98,player_bottom,3.658290743748241,-2.9933651304409508
game8/Clip9,98,player_top,6.143628699770317,24.67223814246054
game8/Clip9,99,player_bottom,3.6440358749157236,-3.057587901837625
game8/Clip9,99,player_top,6.084223398211425,24.47871223933552
game8/Clip9,100,player_bottom,3.634125642167936,-3.115916815570664
game8/Clip9,100,player_top,6.039488089523645,24.398908386560983
game8/Clip9,101,player_bottom,3.62809005958607,-3.14687185437903
game8/Clip9,101,player_top,5.994249643161942,24.27427324145208
game8/Clip9,102,player_bottom,3.6243620046089164,-3.152278251783369
game8/Clip9,102,player_top,5.952356413094282,24.16662221511679
game8/Clip9,103,player_bottom,3.6277253082350582,-3.1295799526860697
game8/Clip9,103,player_top,5.910162282491953,24.056312020795808
game8/Clip9,104,player_bottom,3.6205837134325574,-3.0981837097847045
game8/Clip9,104,player_top,5.875981093391532,24.000291762446352
game8/Clip9,105,player_bottom,3.5924934759544986,-3.071978448291217
game8/Clip9,105,player_top,5.839817552613037,23.98171285501831
game8/Clip9,106,player_bottom,3.558114928586042,-3.068430691940366
game8/Clip9,106,player_top,5.8147940114885595,23.94429189763939
game8/Clip9,107,player_bottom,3.512029149393809,-3.0553554538588625
game8/Clip9,107,player_top,5.820345866070036,23.95775834128491
game8/Clip9,108,player_bottom,3.462403772425773,-3.0679887067854312
game8/Clip9,108,player_top,5.78282993045482,23.972746821588178
game8/Clip9,109,player_bottom,3.401684588601845,-3.073044605998101
game8/Clip9,109,player_top,5.727971520109556,23.99263616404788
game8/Clip9,110,player_bottom,3.345174393954802,-3.1555812164962633
game8/Clip9,110,player_top,5.652346503771338,23.996967303897332
game8/Clip9,111,player_bottom,3.294935839648719,-3.233235128539877
game8/Clip9,111,player_top,5.627388135987611,23.996694646220682
game8/Clip9,112,player_bottom,3.2614164824254277,-3.2874056547346875
game8/Clip9,112,player_top,5.599755064064175,23.9838939293649
game8/Clip9,113,player_bottom,3.2366242094926907,-3.318244038625435
game8/Clip9,113,player_top,5.574483385173965,23.960063039097953
game8/Clip9,114,player_bottom,3.223597168148639,-3.326612833325845
game8/Clip9,114,player_top,5.561491250105187,23.93566085900379
game8/Clip9,115,player_bottom,3.2254468501430313,-3.322068895036006
game8/Clip9,115,player_top,5.536000893490354,23.961909089870627
game8/Clip9,116,player_bottom,3.250889095528989,-3.311519087845123
game8/Clip9,116,player_top,5.528695752922704,23.995486901103533
game8/Clip9,117,player_bottom,3.2927963744137956,-3.3071574407616438
game8/Clip9,117,player_top,5.506462244429051,24.018579924543936
game8/Clip9,118,player_bottom,3.3715369025748676,-3.319738312092426
game8/Clip9,118,player_top,5.47439429897809,24.029762316907412
game8/Clip9,119,player_bottom,3.5140477316593963,-3.3226936873431336
game8/Clip9,119,player_top,5.455276196187887,23.9481955627285
game8/Clip9,120,player_bottom,3.6991270101068734,-3.324687773858253
game8/Clip9,120,player_top,5.448658841724206,23.905789028165696
game8/Clip9,121,player_bottom,3.8572779408684084,-3.3313483674771263
game8/Clip9,121,player_top,5.428353881471058,23.893399509679764
game8/Clip9,122,player_bottom,3.974157183016274,-3.3399018316789024
game8/Clip9,122,player_top,5.389951307247886,23.892325937011464
game8/Clip9,123,player_bottom,4.044701007453382,-3.333766114524513
game8/Clip9,123,player_top,5.32913295821662,23.871768530187417
game8/Clip9,124,player_bottom,4.137254410095922,-3.302854306944276
game8/Clip9,124,player_top,5.270468896922364,23.854774468973964
game8/Clip9,125,player_bottom,4.2424135197835895,-3.230113049099046
game8/Clip9,125,player_top,5.215548604953742,23.879592392038102
game8/Clip9,126,player_bottom,4.31289187447519,-3.242015112915483
game8/Clip9,126,player_top,5.150517026891925,23.807280334856163
game8/Clip9,127,player_bottom,4.3833248507955,-3.2539095134390794
game8/Clip9,127,player_top,5.086900680441687,23.649314548367027
game8/Clip9,128,player_bottom,4.453712492556567,-3.265796258068609
game8/Clip9,128,player_top,4.994046283727059,23.612388541008357
game8/Clip9,129,player_bottom,4.524054843514055,-3.2776753541933377
game8/Clip9,129,player_top,4.931017466138511,23.573144826942908
game8/Clip9,130,player_bottom,4.594351947367334,-3.289546809193013
game8/Clip9,130,player_top,4.8740762312834605,23.545669229414308
game8/Clip9,131,player_bottom,4.664603847759579,-3.301410630437895
game8/Clip9,131,player_top,4.80919959091039,23.54814804852711
game8/Clip9,132,player_bottom,4.734810588277847,-3.313266825288767
game8/Clip9,132,player_top,4.774950502238404,23.53624718678124
game8/Clip9,133,player_bottom,4.804972212453183,-3.3251154010969546
game8/Clip9,133,player_top,4.760930815530885,23.538038184922836
game8/Clip9,134,player_bottom,4.875088763760698,-3.3369563652043364
game8/Clip9,134,player_top,4.734209622550304,23.505044458044942
game8/Clip9,135,player_bottom,4.9451602856196635,-3.348789724943362
game8/Clip9,135,player_top,4.700498384504707,23.522460910197054
game8/Clip9,136,player_bottom,5.0151868213935975,-3.360615487637063
game8/Clip9,136,player_top,4.629892229219616,23.585872353407343
game8/Clip9,137,player_bottom,5.085168414390364,-3.372433660599077
game8/Clip9,137,player_top,4.55186948120303,23.634184262389496
game8/Clip9,138,player_bottom,5.155105107862249,-3.384244251133651
game8/Clip9,138,player_top,4.502562111748805,23.685901268907447
game8/Clip9,139,player_bottom,5.22499694500606,-3.396047266535667
game8/Clip9,139,player_top,4.440666120386916,23.844557253024316
game8/Clip9,140,player_bottom,5.294843968963203,-3.4078427140906484
game8/Clip9,140,player_top,4.356679769507135,23.930889415830013
game8/Clip9,141,player_bottom,5.364646222819789,-3.4196306010747817
game8/Clip9,141,player_top,4.272170879475473,24.09028550866197
game8/Clip9,142,player_bottom,5.434403749606707,-3.431410934754928
game8/Clip9,142,player_top,4.199695191373641,24.20506663740802
game8/Clip9,143,player_bottom,5.504116592299718,-3.443183722388638
game8/Clip9,143,player_top,4.1447572494227405,24.30613857223937
game8/Clip9,144,player_bottom,5.573784793819547,-3.454948971224168
game8/Clip9,144,player_top,4.11864254797924,24.31393113462953
game8/Clip9,145,player_bottom,5.64340839703196,-3.4667066885004942
game8/Clip9,145,player_top,4.106118832380499,24.29455321170674
game8/Clip9,146,player_bottom,5.712987444747869,-3.478456881447328
game8/Clip9,146,player_top,4.094170342398119,24.29546837932041
game8/Clip9,147,player_bottom,5.782521979723403,-3.4901995572851305
game8/Clip9,147,player_top,4.08623051881772,24.326867082882377
game8/Clip9,148,player_bottom,5.852012044660002,-3.501934723225126
game8/Clip9,148,player_top,4.042084916188487,24.378452576361898
game8/Clip9,149,player_bottom,5.921457682204511,-3.5136623864693197
game8/Clip9,149,player_top,3.99996566813264,24.421525421600077
game8/Clip9,150,player_bottom,5.990858934949255,-3.52538255421051
game8/Clip9,150,player_top,3.989264422189392,24.423365678219856
game8/Clip9,151,player_bottom,6.060215845432141,-3.5370952336323045
game8/Clip9,151,player_top,3.9966996941454433,24.427654117848487
game8/Clip9,152,player_bottom,6.129528456136722,-3.548800431909133
game8/Clip9,152,player_top,4.02766916241991,24.470016836264325
game8/Clip9,153,player_bottom,6.198796809492309,-3.560498156206264
game8/Clip9,153,player_top,4.056861715938423,24.40972009499717
game8/Clip9,154,player_bottom,6.268020947874046,-3.5721884136798185
game8/Clip9,154,player_top,4.087417254423855,24.303852563491397
game8/Clip9,155,player_bottom,6.3372009136029925,-3.5838712114767857
game8/Clip9,155,player_top,4.136668400825168,24.063969701245313
game8/Clip9,156,player_bottom,6.406336748946218,-3.595546556735035
game8/Clip9,156,player_top,4.153997784568554,23.911734144115254
game8/Clip9,157,player_bottom,6.475428496116881,-3.6072144565833324
game8/Clip9,157,player_top,4.150257013433213,23.85095926741033
game8/Clip9,158,player_bottom,6.428334990497918,-3.6053640509025375
game8/Clip9,158,player_top,4.166757270650598,23.81492336499079
game8/Clip9,159,player_bottom,6.361156343278681,-3.593370508667841
game8/Clip9,159,player_top,4.181212840349973,23.79430609651361
game8/Clip9,160,player_bottom,6.278432362774324,-3.5667576167045425
game8/Clip9,160,player_top,4.1912384111697785,23.761753878566335
game8/Clip9,161,player_bottom,6.22505241297284,-3.5361464935159552
game8/Clip9,161,player_top,4.235224064761247,23.694709350294275
game8/Clip9,162,player_bottom,6.180547535753302,-3.4763412627958608
game8/Clip9,162,player_top,4.298532601231569,23.734563501310436
game8/Clip9,163,player_bottom,6.12038899139839,-3.4366300441620177
game8/Clip9,163,player_top,4.311960863608544,23.752371124302343
game8/Clip9,164,player_bottom,6.058903849256083,-3.4427114433105865
game8/Clip9,164,player_top,4.318379486927751,23.566703004127397
game8/Clip9,165,player_bottom,5.97239415361998,-3.445131813591777
game8/Clip9,165,player_top,4.328803564912055,23.38129176752118
game8/Clip9,166,player_bottom,5.890714812973624,-3.452764474830039
game8/Clip9,166,player_top,4.356123381946726,23.111494260849355
game8/Clip9,167,player_bottom,5.843503734071743,-3.4214573599391094
game8/Clip9,167,player_top,4.360861644508713,22.7775835867596
game8/Clip9,168,player_bottom,5.819811264095319,-3.37077505153606
game8/Clip9,168,player_top,4.353236799096785,22.55531073295038
game8/Clip9,169,player_bottom,5.795458954868902,-3.326365061811378
game8/Clip9,169,player_top,4.352216365556591,22.366982454448664
game8/Clip9,170,player_bottom,5.739281745250363,-3.2834323217716523
game8/Clip9,170,player_top,4.344140603032837,22.265992357000517
game8/Clip9,171,player_bottom,5.631799802557609,-3.257658007508449
game8/Clip9,171,player_top,4.3307796335103825,22.215081108883044
game8/Clip9,172,player_bottom,5.49704364762613,-3.2101236044467885
game8/Clip9,172,player_top,4.355204615384357,22.205246990794382
game8/Clip9,173,player_bottom,5.3401566530918085,-3.158596982282555
game8/Clip9,173,player_top,4.3495305384904395,22.205958542042033
game8/Clip9,174,player_bottom,5.216079425115701,-3.1452003929085333
game8/Clip9,174,player_top,4.346172861602405,22.20922986904299
game8/Clip9,175,player_bottom,5.120015226386743,-3.1295057713454884
game8/Clip9,175,player_top,4.351500604794832,22.202273742589067
game8/Clip9,176,player_bottom,4.997868232410684,-3.184656371246189
game8/Clip9,176,player_top,4.336009646074467,22.200818154192568
game8/Clip9,177,player_bottom,4.884106605390617,-3.206248301471115
game8/Clip9,177,player_top,4.331687410784177,22.194331007970927
game8/Clip9,178,player_bottom,4.747375280688614,-3.4308786702852587
game8/Clip9,178,player_top,4.266656440264332,22.151578523220795
game8/Clip9,179,player_bottom,4.603517151655186,-3.5103456402459616
game8/Clip9,179,player_top,4.24155435190204,22.153218366466156
game8/Clip9,180,player_bottom,4.4801414151089505,-3.5351857309799835
game8/Clip9,180,player_top,4.27669405039679,22.16781353255297
game8/Clip9,181,player_bottom,4.398197751262887,-3.5221775183173087
game8/Clip9,181,player_top,4.300990283500681,22.198206901342484
game8/Clip9,182,player_bottom,4.377357186974229,-3.4493688408400023
game8/Clip9,182,player_top,4.3131621220342575,22.22259499473031
game8/Clip9,183,player_bottom,4.327870146564745,-3.2772536545726747
game8/Clip9,183,player_top,4.316847054907843,22.242260169531917
game8/Clip9,184,player_bottom,4.276048790611014,-3.195681510392986
game8/Clip9,184,player_top,4.322009805695232,22.26737338168948
game8/Clip9,185,player_bottom,4.236450900454093,-3.139934696209452
game8/Clip9,185,player_top,4.319006777561505,22.264782962264448
game8/Clip9,186,player_bottom,4.20856421260434,-3.090312962243207
game8/Clip9,186,player_top,4.3242364205062405,22.27388919983078
game8/Clip9,187,player_bottom,4.192362078907712,-3.0207015074208714
game8/Clip9,187,player_top,4.319797796048384,22.27582010342708
game8/Clip9,188,player_bottom,4.183379510656703,-2.9615161022101053
game8/Clip9,188,player_top,4.327881908984355,22.295494178374057
game8/Clip9,189,player_bottom,4.161973833464878,-2.849501167722723
game8/Clip9,189,player_top,4.314589741941307,22.31031036426629
game8/Clip9,190,player_bottom,4.136676327512902,-2.7066202106296635
game8/Clip9,190,player_top,4.28389943929961,22.347919862785528
game8/Clip9,191,player_bottom,4.115313851140901,-2.5249608083371884
game8/Clip9,191,player_top,4.290154768351762,22.34298517588364
game8/Clip9,192,player_bottom,4.088982413929097,-2.3607510108817102
game8/Clip9,192,player_top,4.287220678368564,22.349900256227997
game8/Clip9,193,player_bottom,4.056847949819243,-2.1968788607935585
game8/Clip9,193,player_top,4.282910784570289,22.323305648648596
game8/Clip9,194,player_bottom,4.0244218525621935,-2.072199119640419
game8/Clip9,194,player_top,4.245464033391865,22.34125415191197
game8/Clip9,195,player_bottom,3.9904420363622712,-1.9433959590705214
game8/Clip9,195,player_top,4.216706525075084,22.443738464974142
game8/Clip9,196,player_bottom,3.947287641477275,-1.8139937614137742
game8/Clip9,196,player_top,4.1933973263888005,22.482479363921257
game8/Clip9,197,player_bottom,3.9061693133587494,-1.7391167110652643
game8/Clip9,197,player_top,4.17472560802963,22.512795410808522
game8/Clip9,198,player_bottom,3.8685033759762555,-1.7182930730139727
game8/Clip9,198,player_top,4.165758715466014,22.542719335097132
game8/Clip9,199,player_bottom,3.8321424116144933,-1.7030061149569276
game8/Clip9,199,player_top,4.151182634950857,22.558849221445072
game8/Clip9,200,player_bottom,3.793152329594104,-1.6952406344241837
game8/Clip9,200,player_top,4.123976423056615,22.55016910510696
game8/Clip9,201,player_bottom,3.766005377065669,-1.6899891492679555
game8/Clip9,201,player_top,4.094596017953346,22.577321154474916
game8/Clip9,202,player_bottom,3.747621925601404,-1.671863589849424
game8/Clip9,202,player_top,4.054439740044466,22.564003087790393
game8/Clip9,203,player_bottom,3.7251804485266646,-1.6518483760517009
game8/Clip9,203,player_top,4.0186394501477,22.47407537144169
game8/Clip9,204,player_bottom,3.7087007826329375,-1.6383641442743848
game8/Clip9,204,player_top,4.00480555020271,22.359395640194215
game8/Clip9,205,player_bottom,3.6914309567310695,-1.6030108190847365
game8/Clip9,205,player_top,3.9991059422291584,22.29362473057176
game8/Clip9,206,player_bottom,3.6920099051775446,-1.4932090211672877
game8/Clip9,206,player_top,3.994106812700569,22.25932726323847
game8/Clip9,207,player_bottom,3.6907294609837695,-1.3901050372210966
game8/Clip9,207,player_top,3.9916972087081803,22.20985749838189
game8/Clip9,208,player_bottom,3.684895906937612,-1.3099019233552671
game8/Clip9,208,player_top,3.980614531845551,22.123188753197823
game8/Clip9,209,player_bottom,3.6788252951700207,-1.2265587468909316
game8/Clip9,209,player_top,3.9926032193818872,22.030614413652334
game8/Clip9,210,player_bottom,3.676527235402527,-1.189874673224449
game8/Clip9,210,player_top,3.962720344597395,21.992033462350236
game8/Clip9,211,player_bottom,3.6719229184782014,-1.1710554960161477
game8/Clip9,211,player_top,3.907132556012549,22.01704869077001
game8/Clip9,212,player_bottom,3.6723162610757862,-1.1417699155449523
game8/Clip9,212,player_top,3.851431839109583,21.98837413642709
game8/Clip9,213,player_bottom,3.674059166118066,-1.1295571321339142
game8/Clip9,213,player_top,3.793546769689305,22.017975268149133
game8/Clip9,214,player_bottom,3.6801450607073014,-1.1236198025039248
game8/Clip9,214,player_top,3.73817827632788,22.042747924979416
game8/Clip9,215,player_bottom,3.6876144520837166,-1.1372471339962653
game8/Clip9,215,player_top,3.6999299843055105,22.078065690700825
game8/Clip9,216,player_bottom,3.6966005972744678,-1.0938721728694563
game8/Clip9,216,player_top,3.6660849786304515,22.113806245994862
game8/Clip9,217,player_bottom,3.696382375532961,-1.0775544904233227
game8/Clip9,217,player_top,3.634732579400893,22.064425059304636
game8/Clip9,218,player_bottom,3.7009083790017585,-1.067636861274956
game8/Clip9,218,player_top,3.5930614445104876,22.014719070642133
game8/Clip9,219,player_bottom,3.72557842107806,-1.0642770576804281
game8/Clip9,219,player_top,3.532423246318802,22.007084697106123
game8/Clip9,220,player_bottom,3.750346349349441,-1.0643186963793307
game8/Clip9,220,player_top,3.480762274194118,21.982792781298027
game8/Clip9,221,player_bottom,3.775515672347423,-1.06075147272786
game8/Clip9,221,player_top,3.438531630142802,21.964408398678447
game8/Clip9,222,player_bottom,3.7991156690295944,-1.0511618858707017
game8/Clip9,222,player_top,3.4066059067830605,21.95736048841532
game8/Clip9,223,player_bottom,3.8137916179849625,-1.044816841702122
game8/Clip9,223,player_top,3.3883038179048857,21.958346980870978
game8/Clip9,224,player_bottom,3.8291059858380927,-1.0415875989108105
game8/Clip9,224,player_top,3.378248811165807,21.954142527693886
game8/Clip9,225,player_bottom,3.8372540489810034,-1.0397516516991618
game8/Clip9,225,player_top,3.3668680944255613,21.950866450435633
game8/Clip9,226,player_bottom,3.836587455625,-1.0309922273092658
game8/Clip9,226,player_top,3.3604113499099713,21.97175017722337
game8/Clip9,227,player_bottom,3.829895404952077,-1.0400922720068992
game8/Clip9,227,player_top,3.337079059036069,21.97430425706519
game8/Clip9,228,player_bottom,3.844455776691508,-1.0237821390221542
game8/Clip9,228,player_top,3.29160371222808,22.013393665082383
game8/Clip9,229,player_bottom,3.8523922053648847,-1.012510253299669
game8/Clip9,229,player_top,3.223040009037814,22.029717177235963
game8/Clip9,230,player_bottom,3.8574315560357553,-1.0027125946811917
game8/Clip9,230,player_top,3.1515828747197876,22.013471987558994
game8/Clip9,231,player_bottom,3.863002852774221,-0.98532014985895
game8/Clip9,231,player_top,3.061471985900572,22.04386717486606
game8/Clip9,232,player_bottom,3.885130801493378,-0.9785627564879267
game8/Clip9,232,player_top,3.006937678537391,22.033714474260105
game8/Clip9,233,player_bottom,3.8994482743718577,-0.9688456660796549
game8/Clip9,233,player_top,2.9600751707139867,22.039799475282106
game8/Clip9,234,player_bottom,3.930132243112647,-0.9627658376738235
game8/Clip9,234,player_top,2.9156580225692155,22.04811905297636
game8/Clip9,235,player_bottom,3.9760970628289645,-0.9550653039016165
game8/Clip9,235,player_top,2.861304786722126,22.06733204391286
game8/Clip9,236,player_bottom,4.021924009932203,-0.9530701474169133
game8/Clip9,236,player_top,2.8071413059472228,22.055125486423435
game8/Clip9,237,player_bottom,4.085435611474839,-0.9507212306009153
game8/Clip9,237,player_top,2.778349769527971,22.044003380987785
