clip,frame,player_id,player_label,foot_x,foot_y,bbox_x1,bbox_y1,bbox_x2,bbox_y2,confidence
game1/Clip1,0,1,player_bottom,566.2610473632812,548.841552734375,529.3582153320312,391.98736572265625,603.1638793945312,548.841552734375,0.8814870715141296
game1/Clip1,0,2,player_top,783.6895751953125,157.89404296875,760.873046875,102.65670776367188,806.5061645507812,157.89404296875,0.8184882402420044
game1/Clip1,1,1,player_bottom,565.5859375,548.7368774414062,528.7271728515625,391.97576904296875,602.4447631835938,548.7368774414062,0.8684747219085693
game1/Clip1,1,2,player_top,783.696533203125,157.94964599609375,760.47705078125,101.71482849121094,806.9159545898438,157.94964599609375,0.8190363645553589
game1/Clip1,2,1,player_bottom,563.73974609375,547.9071044921875,526.3269653320312,388.30059814453125,601.152587890625,547.9071044921875,0.8580750823020935
game1/Clip1,2,2,player_top,783.7183837890625,158.02334594726562,759.9888305664062,100.47845458984375,807.4478759765625,158.02334594726562,0.8252842426300049
game1/Clip1,3,1,player_bottom,562.208984375,547.3092651367188,523.7174072265625,382.0292053222656,600.7005615234375,547.3092651367188,0.8390005826950073
game1/Clip1,3,2,player_top,783.6717529296875,158.1083221435547,759.4915771484375,99.33487701416016,807.8519897460938,158.1083221435547,0.832911491394043
game1/Clip1,4,1,player_bottom,560.74169921875,547.7846069335938,520.5161743164062,373.1409606933594,600.96728515625,547.7846069335938,0.8108446598052979
game1/Clip1,4,2,player_top,783.5198974609375,158.08544921875,758.9407958984375,98.14231872558594,808.0989990234375,158.08544921875,0.8446201682090759
game1/Clip1,5,1,player_bottom,559.800048828125,548.2528076171875,518.1690673828125,364.82183837890625,601.4309692382812,548.2528076171875,0.8294298648834229
game1/Clip1,5,2,player_top,783.4033203125,158.10641479492188,758.757080078125,97.7754898071289,808.049560546875,158.10641479492188,0.8463515043258667
game1/Clip1,6,1,player_bottom,559.6783447265625,548.5540161132812,517.5850219726562,360.08526611328125,601.771728515625,548.5540161132812,0.837846577167511
game1/Clip1,6,2,player_top,783.2640380859375,158.150634765625,758.4035034179688,96.98779296875,808.1245727539062,158.150634765625,0.855846643447876
game1/Clip1,7,1,player_bottom,560.2332763671875,548.5724487304688,518.066650390625,356.63897705078125,602.3998413085938,548.5724487304688,0.8551596403121948
game1/Clip1,7,2,player_top,783.2158203125,158.1488800048828,758.2614135742188,96.40303802490234,808.1702880859375,158.1488800048828,0.8538568019866943
game1/Clip1,8,1,player_bottom,561.8701782226562,548.4844360351562,519.7806396484375,354.27459716796875,603.959716796875,548.4844360351562,0.8396509289741516
game1/Clip1,8,2,player_top,783.170654296875,158.17311096191406,758.2266845703125,96.09491729736328,808.1146850585938,158.17311096191406,0.8463254570960999
game1/Clip1,9,1,player_bottom,564.5736083984375,548.502197265625,522.4829711914062,352.5059509277344,606.664306640625,548.502197265625,0.8278101086616516
game1/Clip1,9,2,player_top,783.1154174804688,158.20785522460938,758.1178588867188,95.59542846679688,808.1129760742188,158.20785522460938,0.85104900598526
game1/Clip1,10,1,player_bottom,563.4304809570312,548.1079711914062,522.0823364257812,352.5180969238281,604.7786254882812,548.1079711914062,0.807774007320404
game1/Clip1,10,2,player_top,783.0601806640625,158.23524475097656,757.994384765625,94.9822006225586,808.1260375976562,158.23524475097656,0.8467730283737183
game1/Clip1,11,1,player_bottom,563.5316162109375,548.0901489257812,522.9129638671875,353.1534423828125,604.1502075195312,548.0901489257812,0.8488705158233643
game1/Clip1,11,2,player_top,783.00146484375,158.28421020507812,757.6350708007812,93.721923828125,808.3678588867188,158.28421020507812,0.8544060587882996
game1/Clip1,12,1,player_bottom,564.94482421875,548.0913696289062,525.027587890625,354.5726013183594,604.8619995117188,548.0913696289062,0.8430359959602356
game1/Clip1,12,2,player_top,782.9368896484375,158.13897705078125,757.3330688476562,92.24623107910156,808.540771484375,158.13897705078125,0.8659242391586304
game1/Clip1,13,1,player_bottom,567.1185913085938,548.651123046875,527.975341796875,357.6405334472656,606.2618408203125,548.651123046875,0.8564218878746033
game1/Clip1,13,2,player_top,782.8256225585938,157.66661071777344,757.1132202148438,90.70121002197266,808.5380249023438,157.66661071777344,0.8928460478782654
game1/Clip1,14,1,player_bottom,568.7398681640625,549.0210571289062,530.03564453125,359.7549743652344,607.4440307617188,549.0210571289062,0.8464489579200745
game1/Clip1,14,2,player_top,782.7940673828125,157.24209594726562,757.18408203125,89.72512817382812,808.4041137695312,157.24209594726562,0.8913570046424866
game1/Clip1,15,1,player_bottom,570.4654541015625,548.359375,532.4104614257812,362.09130859375,608.5204467773438,548.359375,0.8584675192832947
game1/Clip1,15,2,player_top,782.4697265625,157.13583374023438,756.929443359375,88.86724090576172,808.0100708007812,157.13583374023438,0.8970410227775574
game1/Clip1,16,1,player_bottom,571.8699951171875,547.6993408203125,534.2462768554688,363.4872741699219,609.4937744140625,547.6993408203125,0.8788549304008484
game1/Clip1,16,2,player_top,782.125732421875,156.9454345703125,756.7434692382812,88.07959747314453,807.508056640625,156.9454345703125,0.8985247015953064
game1/Clip1,17,1,player_bottom,573.0077514648438,546.6515502929688,535.6515502929688,363.2434997558594,610.3639526367188,546.6515502929688,0.8930492401123047
game1/Clip1,17,2,player_top,781.6065673828125,156.86502075195312,756.5601806640625,87.82308959960938,806.6529541015625,156.86502075195312,0.8980205059051514
game1/Clip1,18,1,player_bottom,575.105712890625,545.906494140625,537.9697875976562,361.98529052734375,612.2415771484375,545.906494140625,0.8685623407363892
game1/Clip1,18,2,player_top,781.3787841796875,156.80467224121094,756.7757568359375,88.0053939819336,805.9817504882812,156.80467224121094,0.9007434248924255
game1/Clip1,19,1,player_bottom,575.4559936523438,545.0741577148438,539.0996704101562,363.64923095703125,611.8123168945312,545.0741577148438,0.831709623336792
game1/Clip1,19,2,player_top,781.2078857421875,156.8298797607422,757.0098876953125,88.31613159179688,805.4058227539062,156.8298797607422,0.893247127532959
game1/Clip1,20,1,player_bottom,574.3978271484375,545.1751708984375,538.1034545898438,362.915283203125,610.6922607421875,545.1751708984375,0.7854614853858948
game1/Clip1,20,2,player_top,781.1395874023438,156.87966918945312,757.2566528320312,88.49946594238281,805.0225219726562,156.87966918945312,0.8965390920639038
game1/Clip1,21,1,player_bottom,574.51025390625,541.3291015625,539.7091064453125,366.7193908691406,609.3114013671875,541.3291015625,0.815602719783783
game1/Clip1,21,2,player_top,781.03076171875,156.92237854003906,757.3821411132812,88.45848846435547,804.679443359375,156.92237854003906,0.9001240730285645
game1/Clip1,22,1,player_bottom,577.0966796875,536.5411987304688,545.2965087890625,378.4897155761719,608.8967895507812,536.5411987304688,0.8566328287124634
game1/Clip1,22,2,player_top,780.737060546875,156.9831085205078,757.1189575195312,87.87428283691406,804.3551025390625,156.9831085205078,0.9007126688957214
game1/Clip1,23,1,player_bottom,577.6370849609375,527.1724243164062,547.1077880859375,378.64111328125,608.1663818359375,527.1724243164062,0.8680939674377441
game1/Clip1,23,2,player_top,780.394775390625,156.8755645751953,756.7598266601562,87.04645538330078,804.0296630859375,156.8755645751953,0.8881526589393616
game1/Clip1,24,1,player_bottom,586.1505737304688,522.625244140625,553.753173828125,365.4514465332031,618.5479736328125,522.625244140625,0.8033586740493774
game1/Clip1,24,2,player_top,779.73681640625,156.64736938476562,756.1870727539062,86.50790405273438,803.2864990234375,156.64736938476562,0.8734957575798035
game1/Clip1,25,1,player_bottom,591.0548706054688,518.2256469726562,557.2217407226562,353.77099609375,624.8880004882812,518.2256469726562,0.8217536211013794
game1/Clip1,25,2,player_top,778.26123046875,156.4522705078125,754.6439208984375,85.45246124267578,801.8785400390625,156.4522705078125,0.8804664611816406
game1/Clip1,26,1,player_bottom,594.5166015625,515.881591796875,559.2681884765625,344.1700744628906,629.7650756835938,515.881591796875,0.8635029196739197
game1/Clip1,26,2,player_top,776.1304931640625,156.3317413330078,752.7272338867188,85.69075775146484,799.53369140625,156.3317413330078,0.8674414157867432
game1/Clip1,27,1,player_bottom,596.3638305664062,514.7313842773438,562.103515625,348.8134765625,630.6241455078125,514.7313842773438,0.8618722558021545
game1/Clip1,27,2,player_top,772.2556762695312,157.3259735107422,748.6747436523438,86.49609375,795.8366088867188,157.3259735107422,0.8583943247795105
game1/Clip1,28,1,player_bottom,596.5418701171875,514.4945068359375,565.132080078125,365.0231018066406,627.95166015625,514.4945068359375,0.8994556069374084
game1/Clip1,28,2,player_top,768.941650390625,158.54722595214844,745.1112670898438,87.67559051513672,792.7720336914062,158.54722595214844,0.8545294404029846
game1/Clip1,29,1,player_bottom,596.751220703125,514.2916870117188,566.81396484375,374.8857116699219,626.6885375976562,514.2916870117188,0.893889844417572
game1/Clip1,29,2,player_top,766.387451171875,160.01686096191406,742.25341796875,89.1632080078125,790.5214233398438,160.01686096191406,0.8573311567306519
game1/Clip1,30,1,player_bottom,597.8760986328125,517.9331665039062,568.4979858398438,383.9166259765625,627.254150390625,517.9331665039062,0.8909435868263245
game1/Clip1,30,2,player_top,764.5560302734375,160.87728881835938,740.9033203125,93.00037384033203,788.2088012695312,160.87728881835938,0.8331401944160461
game1/Clip1,31,1,player_bottom,598.15478515625,519.7371215820312,569.0617065429688,390.193115234375,627.2478637695312,519.7371215820312,0.8875793218612671
game1/Clip1,31,2,player_top,764.0167236328125,161.1243438720703,740.7249145507812,95.88915252685547,787.30859375,161.1243438720703,0.8074420690536499
game1/Clip1,32,1,player_bottom,598.6719360351562,520.4061889648438,569.3952026367188,393.5184326171875,627.9486694335938,520.4061889648438,0.8812513947486877
game1/Clip1,32,2,player_top,764.0457763671875,161.47743225097656,740.6077880859375,97.33727264404297,787.4837646484375,161.47743225097656,0.7488839030265808
game1/Clip1,33,1,player_bottom,599.7152709960938,520.6635131835938,569.8984375,395.11383056640625,629.5321044921875,520.6635131835938,0.8830581307411194
game1/Clip1,33,2,player_top,764.225830078125,161.6953887939453,740.5023193359375,98.18114471435547,787.9494018554688,161.6953887939453,0.7282384634017944
game1/Clip1,34,1,player_bottom,601.239013671875,520.4957885742188,570.7254028320312,394.9093322753906,631.752685546875,520.4957885742188,0.8788679242134094
game1/Clip1,34,2,player_top,764.4148559570312,161.84959411621094,740.3131103515625,98.57929992675781,788.5166015625,161.84959411621094,0.7963224649429321
game1/Clip1,35,1,player_bottom,601.58642578125,519.0685424804688,570.5717163085938,393.17572021484375,632.60107421875,519.0685424804688,0.885820746421814
game1/Clip1,35,2,player_top,764.772705078125,161.90672302246094,740.0822143554688,98.13326263427734,789.4631958007812,161.90672302246094,0.8275126814842224
game1/Clip1,36,1,player_bottom,601.84814453125,516.9639892578125,570.5885009765625,391.02880859375,633.1077270507812,516.9639892578125,0.8810562491416931
game1/Clip1,36,2,player_top,765.4760131835938,161.92030334472656,740.0245971679688,97.005615234375,790.9274291992188,161.92030334472656,0.8156468272209167
game1/Clip1,37,1,player_bottom,600.728759765625,512.9193115234375,569.727783203125,388.8183898925781,631.7297973632812,512.9193115234375,0.8567939400672913
game1/Clip1,37,2,player_top,767.3690185546875,162.1969757080078,741.05224609375,95.6509780883789,793.6857299804688,162.1969757080078,0.8141857385635376
game1/Clip1,38,1,player_bottom,598.8368530273438,512.1951293945312,567.093994140625,385.91265869140625,630.5797119140625,512.1951293945312,0.8805616497993469
game1/Clip1,38,2,player_top,771.1605224609375,162.1414031982422,744.6068725585938,95.36351013183594,797.714111328125,162.1414031982422,0.8286119699478149
game1/Clip1,39,1,player_bottom,600.996826171875,511.9080505371094,568.7839965820312,384.55706787109375,633.209716796875,511.9080505371094,0.8792148232460022
game1/Clip1,39,2,player_top,774.3412475585938,162.23760986328125,748.030029296875,96.3315200805664,800.6524658203125,162.23760986328125,0.7934315800666809
game1/Clip1,40,1,player_bottom,597.872314453125,511.83892822265625,564.6663818359375,383.4642639160156,631.0783081054688,511.83892822265625,0.8901169300079346
game1/Clip1,40,2,player_top,775.8588256835938,162.5936279296875,749.8574829101562,96.27513885498047,801.8601684570312,162.5936279296875,0.7494738698005676
game1/Clip1,41,1,player_bottom,594.754150390625,512.3495483398438,560.2744140625,382.6091613769531,629.2338256835938,512.3495483398438,0.9004458785057068
game1/Clip1,41,2,player_top,777.4053344726562,162.2513885498047,752.1849365234375,95.7915267944336,802.625732421875,162.2513885498047,0.7958292961120605
game1/Clip1,42,1,player_bottom,592.3363647460938,514.1201782226562,556.0818481445312,380.7977600097656,628.5908813476562,514.1201782226562,0.9058225750923157
game1/Clip1,42,2,player_top,780.523681640625,162.78125,756.1795654296875,95.9369125366211,804.8677978515625,162.78125,0.7239944934844971
game1/Clip1,43,1,player_bottom,590.5347900390625,514.8326416015625,552.7086791992188,378.06451416015625,628.3609619140625,514.8326416015625,0.9095980525016785
game1/Clip1,43,2,player_top,781.925048828125,162.89764404296875,758.3858642578125,95.34430694580078,805.4642944335938,162.89764404296875,0.7338913083076477
game1/Clip1,44,1,player_bottom,587.4561767578125,515.0388793945312,548.8082885742188,376.54632568359375,626.1041259765625,515.0388793945312,0.9034966826438904
game1/Clip1,44,2,player_top,782.456298828125,162.5965118408203,759.7531127929688,94.5320816040039,805.1595458984375,162.5965118408203,0.750182569026947
game1/Clip1,45,1,player_bottom,584.0294189453125,515.060546875,545.0252685546875,375.87493896484375,623.0335083007812,515.060546875,0.894374430179596
game1/Clip1,45,2,player_top,782.986083984375,163.18873596191406,760.7780151367188,94.72698211669922,805.194091796875,163.18873596191406,0.7067835330963135
game1/Clip1,46,1,player_bottom,577.6954345703125,515.0817260742188,538.6213989257812,376.0280456542969,616.76953125,515.0817260742188,0.9118446707725525
game1/Clip1,46,2,player_top,784.2368774414062,163.87887573242188,763.027587890625,96.61483001708984,805.4461669921875,163.87887573242188,0.6170759797096252
game1/Clip1,47,1,player_bottom,571.4156494140625,515.6378784179688,532.3267211914062,378.0697021484375,610.5045166015625,515.6378784179688,0.919005811214447
game1/Clip1,47,2,player_top,784.0302734375,164.17819213867188,763.4583129882812,97.38221740722656,804.6021728515625,164.17819213867188,0.670100212097168
game1/Clip1,48,1,player_bottom,566.127197265625,516.9526977539062,526.6165771484375,380.8686218261719,605.6378173828125,516.9526977539062,0.9179742932319641
game1/Clip1,48,2,player_top,784.04248046875,164.27520751953125,763.8364868164062,97.06219482421875,804.2484741210938,164.27520751953125,0.6776305437088013
game1/Clip1,49,1,player_bottom,562.398193359375,517.4376831054688,522.3616943359375,383.21282958984375,602.4346313476562,517.4376831054688,0.9173365831375122
game1/Clip1,49,2,player_top,782.717041015625,163.77696228027344,762.5541381835938,95.73188781738281,802.8798828125,163.77696228027344,0.7447198033332825
game1/Clip1,50,1,player_bottom,559.3309326171875,517.7957763671875,518.6228637695312,385.48480224609375,600.0390014648438,517.7957763671875,0.9181421995162964
game1/Clip1,50,2,player_top,781.220947265625,163.3936004638672,760.9932861328125,94.5651626586914,801.4486083984375,163.3936004638672,0.7447088360786438
game1/Clip1,51,1,player_bottom,557.8975830078125,517.9414672851562,516.385009765625,387.0526123046875,599.4100952148438,517.9414672851562,0.9167395830154419
game1/Clip1,51,2,player_top,779.7181396484375,163.32980346679688,759.2439575195312,93.2548828125,800.1923828125,163.32980346679688,0.7366675734519958
game1/Clip1,52,1,player_bottom,556.4466552734375,517.8715209960938,514.1162109375,387.8124694824219,598.7770385742188,517.8715209960938,0.9147887229919434
game1/Clip1,52,2,player_top,778.33154296875,163.14337158203125,757.49072265625,91.43732452392578,799.1723022460938,163.14337158203125,0.7770717740058899
game1/Clip1,53,1,player_bottom,554.0335693359375,517.8568115234375,511.10748291015625,388.2478332519531,596.9596557617188,517.8568115234375,0.8964420557022095
game1/Clip1,53,2,player_top,775.597412109375,163.3694610595703,754.65576171875,90.54015350341797,796.5390014648438,163.3694610595703,0.7921946048736572
game1/Clip1,54,1,player_bottom,548.7691650390625,517.5077514648438,505.6440734863281,387.7102355957031,591.894287109375,517.5077514648438,0.8786822557449341
game1/Clip1,54,2,player_top,772.24560546875,163.18585205078125,751.7488403320312,90.6846923828125,792.7423095703125,163.18585205078125,0.787703275680542
game1/Clip1,55,1,player_bottom,539.4461669921875,516.8229370117188,496.9835510253906,387.0669250488281,581.9087524414062,516.8229370117188,0.8684191703796387
game1/Clip1,55,2,player_top,770.5281372070312,163.14105224609375,750.5325317382812,91.60700988769531,790.5237426757812,163.14105224609375,0.7845171689987183
game1/Clip1,56,1,player_bottom,528.0597534179688,515.9120483398438,487.1934509277344,387.2967529296875,568.9260864257812,515.9120483398438,0.8746845722198486
game1/Clip1,56,2,player_top,769.13037109375,162.5173797607422,749.3882446289062,91.6655502319336,788.8724975585938,162.5173797607422,0.8394185900688171
game1/Clip1,57,1,player_bottom,514.8829345703125,516.3870239257812,475.6531066894531,387.317138671875,554.11279296875,516.3870239257812,0.8601958155632019
game1/Clip1,57,2,player_top,768.490966796875,162.1787109375,748.7566528320312,91.37394714355469,788.225341796875,162.1787109375,0.8233569860458374
game1/Clip1,58,1,player_bottom,505.9704895019531,520.0296630859375,467.30987548828125,387.1459655761719,544.631103515625,520.0296630859375,0.8693098425865173
game1/Clip1,58,2,player_top,766.624755859375,162.0369110107422,746.8256225585938,91.71442413330078,786.423828125,162.0369110107422,0.8399530053138733
game1/Clip1,59,1,player_bottom,496.51214599609375,523.4351806640625,458.7528381347656,389.4499816894531,534.2714233398438,523.4351806640625,0.8790125250816345
game1/Clip1,59,2,player_top,763.81787109375,161.71627807617188,743.6964721679688,90.9541244506836,783.939208984375,161.71627807617188,0.8546781539916992
game1/Clip1,60,1,player_bottom,486.78363037109375,525.5887451171875,449.3711242675781,390.06829833984375,524.1961669921875,525.5887451171875,0.8843177556991577
game1/Clip1,60,2,player_top,759.7555541992188,161.57872009277344,739.7255859375,91.71513366699219,779.7855224609375,161.57872009277344,0.8321288228034973
game1/Clip1,61,1,player_bottom,478.8505859375,527.0254516601562,441.89703369140625,391.1201477050781,515.8041381835938,527.0254516601562,0.875313937664032
game1/Clip1,61,2,player_top,754.4024047851562,161.20664978027344,734.201171875,90.63658905029297,774.6036376953125,161.20664978027344,0.8212816119194031
game1/Clip1,62,1,player_bottom,470.26446533203125,535.748046875,432.4246826171875,394.9743957519531,508.104248046875,535.748046875,0.9007575511932373
game1/Clip1,62,2,player_top,747.623291015625,160.3195037841797,727.8971557617188,90.149169921875,767.3494262695312,160.3195037841797,0.7961422801017761
game1/Clip1,63,1,player_bottom,464.0746765136719,541.1240234375,425.7074890136719,397.9166564941406,502.4418640136719,541.1240234375,0.9097626805305481
game1/Clip1,63,2,player_top,742.0301513671875,160.41204833984375,722.8622436523438,90.49653625488281,761.1980590820312,160.41204833984375,0.7622203230857849
game1/Clip1,64,1,player_bottom,459.55303955078125,543.4793701171875,420.7084045410156,398.7959289550781,498.397705078125,543.4793701171875,0.8957977294921875
game1/Clip1,64,2,player_top,738.4466552734375,159.77745056152344,719.5844116210938,89.62735748291016,757.3089599609375,159.77745056152344,0.7924959063529968
game1/Clip1,65,1,player_bottom,454.63397216796875,545.13818359375,415.36474609375,398.9049987792969,493.9031982421875,545.13818359375,0.8933790922164917
game1/Clip1,65,2,player_top,734.0975341796875,159.620361328125,715.4300537109375,88.62490844726562,752.7650756835938,159.620361328125,0.7734755873680115
game1/Clip1,66,1,player_bottom,448.62908935546875,545.7605590820312,409.62066650390625,400.25885009765625,487.6374816894531,545.7605590820312,0.8965563774108887
game1/Clip1,66,2,player_top,729.3396606445312,158.8550262451172,711.2853393554688,88.21138000488281,747.3939819335938,158.8550262451172,0.7973746657371521
game1/Clip1,67,1,player_bottom,442.58624267578125,545.8862915039062,404.0740661621094,400.8160705566406,481.098388671875,545.8862915039062,0.8991069197654724
game1/Clip1,67,2,player_top,724.8081665039062,158.49151611328125,707.5498657226562,88.94347381591797,742.0664672851562,158.49151611328125,0.7982605695724487
game1/Clip1,68,1,player_bottom,436.63714599609375,546.01513671875,398.59466552734375,400.72833251953125,474.67962646484375,546.01513671875,0.8964881300926208
game1/Clip1,68,2,player_top,720.60595703125,158.09742736816406,703.7850952148438,88.50833129882812,737.4268798828125,158.09742736816406,0.7375462651252747
game1/Clip1,69,1,player_bottom,431.28265380859375,546.1141357421875,393.8255920410156,400.61785888671875,468.73968505859375,546.1141357421875,0.8704262971878052
game1/Clip1,69,2,player_top,716.2432250976562,157.83177185058594,699.7183227539062,88.78337860107422,732.7681274414062,157.83177185058594,0.7760964632034302
game1/Clip1,70,1,player_bottom,427.25787353515625,545.5557861328125,390.51983642578125,400.69091796875,463.9959411621094,545.5557861328125,0.8659210205078125
game1/Clip1,70,2,player_top,710.719970703125,158.40402221679688,693.7806396484375,88.66747283935547,727.6593017578125,158.40402221679688,0.7947276830673218
game1/Clip1,71,1,player_bottom,423.7159423828125,545.0797729492188,387.8205871582031,401.2129211425781,459.611328125,545.0797729492188,0.8588663935661316
game1/Clip1,71,2,player_top,705.4274291992188,158.04769897460938,687.4889526367188,86.9438247680664,723.3659057617188,158.04769897460938,0.8111624121665955
game1/Clip1,72,1,player_bottom,419.76068115234375,545.8834838867188,384.3154296875,401.6212158203125,455.2059631347656,545.8834838867188,0.8469135165214539
game1/Clip1,72,2,player_top,701.0704345703125,157.4233856201172,682.7618408203125,89.09371185302734,719.3789672851562,157.4233856201172,0.823171079158783
game1/Clip1,73,1,player_bottom,415.5230712890625,545.63623046875,380.5779724121094,402.0890808105469,450.4681396484375,545.63623046875,0.8548803329467773
game1/Clip1,73,2,player_top,698.3160400390625,157.18724060058594,679.6943969726562,91.8032455444336,716.9376831054688,157.18724060058594,0.8358641266822815
game1/Clip1,74,1,player_bottom,409.53826904296875,545.912109375,374.6977844238281,402.5814514160156,444.37872314453125,545.912109375,0.857676088809967
game1/Clip1,74,2,player_top,697.0420532226562,157.28244018554688,677.8858642578125,93.41374969482422,716.1982421875,157.28244018554688,0.8374468684196472
game1/Clip1,75,1,player_bottom,405.77410888671875,545.5050659179688,371.1051940917969,403.79522705078125,440.4430236816406,545.5050659179688,0.8740251064300537
game1/Clip1,75,2,player_top,696.6488647460938,157.27415466308594,676.6309814453125,93.2856216430664,716.666748046875,157.27415466308594,0.8288958072662354
game1/Clip1,76,1,player_bottom,402.3226318359375,545.6957397460938,367.2852783203125,404.3713073730469,437.3599853515625,545.6957397460938,0.8955822587013245
game1/Clip1,76,2,player_top,695.8436279296875,157.3899688720703,674.8930053710938,92.23954010009766,716.7943115234375,157.3899688720703,0.8283944725990295
game1/Clip1,77,1,player_bottom,399.2994384765625,545.8241577148438,364.025634765625,405.1308288574219,434.5732116699219,545.8241577148438,0.8885318636894226
game1/Clip1,77,2,player_top,694.8704833984375,157.26876831054688,673.1943359375,91.10547637939453,716.5466918945312,157.26876831054688,0.8492358326911926
game1/Clip1,78,1,player_bottom,396.246337890625,545.6666259765625,360.95928955078125,405.5368347167969,431.5333557128906,545.6666259765625,0.8620901703834534
game1/Clip1,78,2,player_top,693.4534301757812,156.92300415039062,670.9974975585938,88.67264556884766,715.9093627929688,156.92300415039062,0.8676338195800781
game1/Clip1,79,1,player_bottom,394.45318603515625,545.167724609375,359.39813232421875,406.0294189453125,429.5082702636719,545.167724609375,0.8649134039878845
game1/Clip1,79,2,player_top,692.5090942382812,156.4354705810547,669.3400268554688,85.80908966064453,715.6781616210938,156.4354705810547,0.8291086554527283
game1/Clip1,80,1,player_bottom,390.6932678222656,543.7488403320312,356.2117614746094,406.5564880371094,425.1747741699219,543.7488403320312,0.8308143615722656
game1/Clip1,80,2,player_top,691.53515625,155.70785522460938,667.5136108398438,81.73065185546875,715.5567016601562,155.70785522460938,0.8188161849975586
game1/Clip1,81,1,player_bottom,387.87982177734375,543.98095703125,353.3397521972656,407.0957336425781,422.41986083984375,543.98095703125,0.8642697930335999
game1/Clip1,81,2,player_top,691.2410888671875,155.29486083984375,667.0887451171875,80.60557556152344,715.3933715820312,155.29486083984375,0.7950458526611328
game1/Clip1,82,1,player_bottom,387.29779052734375,543.9212646484375,352.8421936035156,407.67791748046875,421.75341796875,543.9212646484375,0.8643319010734558
game1/Clip1,82,2,player_top,690.8211059570312,154.1381072998047,666.7134399414062,79.28700256347656,714.9287719726562,154.1381072998047,0.795953631401062
game1/Clip1,83,1,player_bottom,386.0818176269531,543.404052734375,351.7435607910156,408.0864562988281,420.4200744628906,543.404052734375,0.8595559000968933
game1/Clip1,83,2,player_top,690.0030517578125,153.91427612304688,665.8766479492188,79.4003677368164,714.12939453125,153.91427612304688,0.8020156621932983
game1/Clip1,84,1,player_bottom,384.05902099609375,543.9085693359375,349.0330810546875,405.5272216796875,419.0849914550781,543.9085693359375,0.864837646484375
game1/Clip1,84,2,player_top,688.90576171875,153.7406463623047,664.8109130859375,79.70010375976562,713.0005493164062,153.7406463623047,0.791591227054596
game1/Clip1,85,1,player_bottom,380.3983154296875,542.8911743164062,345.236572265625,402.66497802734375,415.5600891113281,542.8911743164062,0.812404215335846
game1/Clip1,85,2,player_top,688.2376708984375,154.4721221923828,664.45703125,82.14795684814453,712.0183715820312,154.4721221923828,0.8060365915298462
game1/Clip1,86,1,player_bottom,376.21087646484375,534.0027465820312,343.25048828125,401.1092224121094,409.1712646484375,534.0027465820312,0.8294058442115784
game1/Clip1,86,2,player_top,687.54345703125,155.08737182617188,664.3045043945312,85.38956451416016,710.7823486328125,155.08737182617188,0.8332082033157349
game1/Clip1,87,1,player_bottom,374.18292236328125,529.9173583984375,342.5146789550781,400.8691711425781,405.8511962890625,529.9173583984375,0.8467810153961182
game1/Clip1,87,2,player_top,686.4501953125,155.6174774169922,663.760498046875,88.77884674072266,709.139892578125,155.6174774169922,0.8210468888282776
game1/Clip1,88,1,player_bottom,372.623779296875,539.0067138671875,339.1183776855469,399.65228271484375,406.1291809082031,539.0067138671875,0.8403934836387634
game1/Clip1,88,2,player_top,685.968505859375,156.10061645507812,663.59716796875,91.35923767089844,708.3397827148438,156.10061645507812,0.8190967440605164
game1/Clip1,89,1,player_bottom,370.97491455078125,537.8280029296875,338.20916748046875,398.653564453125,403.7406311035156,537.8280029296875,0.8278660178184509
game1/Clip1,89,2,player_top,685.9940185546875,155.9408416748047,663.6685180664062,92.27885437011719,708.3194580078125,155.9408416748047,0.8203940391540527
game1/Clip1,90,1,player_bottom,369.5859375,542.2295532226562,336.28387451171875,397.72747802734375,402.8880310058594,542.2295532226562,0.8462981581687927
game1/Clip1,90,2,player_top,686.0794067382812,156.1980438232422,663.6336669921875,93.0850830078125,708.525146484375,156.1980438232422,0.8179446458816528
game1/Clip1,91,1,player_bottom,364.77960205078125,545.8854370117188,331.28546142578125,399.50909423828125,398.2737731933594,545.8854370117188,0.8665809035301208
game1/Clip1,91,2,player_top,686.7550048828125,155.72256469726562,664.3709106445312,93.67311096191406,709.13916015625,155.72256469726562,0.8214801549911499
game1/Clip1,92,1,player_bottom,361.29583740234375,549.13427734375,327.5977783203125,402.4114685058594,394.993896484375,549.13427734375,0.8637699484825134
game1/Clip1,92,2,player_top,689.8798217773438,155.2926788330078,667.3383178710938,93.18525695800781,712.4213256835938,155.2926788330078,0.7932369709014893
game1/Clip1,93,1,player_bottom,359.0413818359375,551.877197265625,325.2781982421875,406.31591796875,392.8045654296875,551.877197265625,0.8649486899375916
game1/Clip1,93,2,player_top,694.0535888671875,154.77346801757812,672.0746459960938,93.84510040283203,716.032470703125,154.77346801757812,0.7920434474945068
game1/Clip1,94,1,player_bottom,359.4849548339844,554.034423828125,325.3358459472656,407.68524169921875,393.6340637207031,554.034423828125,0.8782097101211548
game1/Clip1,94,2,player_top,701.3925170898438,154.99342346191406,679.5147705078125,94.1871337890625,723.270263671875,154.99342346191406,0.7829831838607788
game1/Clip1,95,1,player_bottom,360.1031494140625,555.273193359375,325.6150207519531,409.5519714355469,394.5912780761719,555.273193359375,0.8647849559783936
game1/Clip1,95,2,player_top,705.5459594726562,155.2731170654297,684.0121459960938,94.54525756835938,727.0797729492188,155.2731170654297,0.7959033250808716
game1/Clip1,96,1,player_bottom,360.93731689453125,556.1620483398438,325.62811279296875,408.675048828125,396.2464904785156,556.1620483398438,0.8695836067199707
game1/Clip1,96,2,player_top,708.445068359375,154.83807373046875,687.2378540039062,94.80674743652344,729.6522216796875,154.83807373046875,0.7979799509048462
game1/Clip1,97,1,player_bottom,361.9397277832031,556.22119140625,325.8245544433594,407.18377685546875,398.0549011230469,556.22119140625,0.8790680766105652
game1/Clip1,97,2,player_top,712.053466796875,155.21636962890625,690.4727172851562,95.09429931640625,733.6342163085938,155.21636962890625,0.8006361126899719
game1/Clip1,98,1,player_bottom,363.75067138671875,555.89013671875,327.2726745605469,407.423828125,400.2286376953125,555.89013671875,0.8927246928215027
game1/Clip1,98,2,player_top,716.480224609375,154.77024841308594,694.4085083007812,95.4382553100586,738.5519409179688,154.77024841308594,0.7871230244636536
game1/Clip1,99,1,player_bottom,366.7027587890625,556.154541015625,329.2642517089844,405.5631103515625,404.1412353515625,556.154541015625,0.890238344669342
game1/Clip1,99,2,player_top,720.7359619140625,154.3109588623047,697.75537109375,94.97452545166016,743.7166137695312,154.3109588623047,0.7382453680038452
game1/Clip1,100,1,player_bottom,372.0234680175781,556.716064453125,333.9607849121094,404.3441162109375,410.0861511230469,556.716064453125,0.8946718573570251
game1/Clip1,100,2,player_top,724.5819091796875,155.55377197265625,700.3465576171875,95.0058364868164,748.8172607421875,155.55377197265625,0.7386439442634583
game1/Clip1,101,1,player_bottom,378.84124755859375,557.2796630859375,340.64068603515625,403.28106689453125,417.04180908203125,557.2796630859375,0.9079145193099976
game1/Clip1,101,2,player_top,728.5606689453125,155.42889404296875,703.7799682617188,94.56161499023438,753.34130859375,155.42889404296875,0.812814474105835
game1/Clip1,102,1,player_bottom,387.29339599609375,556.7819213867188,349.91961669921875,403.1547546386719,424.66717529296875,556.7819213867188,0.8953322768211365
game1/Clip1,102,2,player_top,732.689208984375,154.3371124267578,708.26513671875,94.54901885986328,757.1132202148438,154.3371124267578,0.794991135597229
game1/Clip1,103,1,player_bottom,394.71368408203125,557.3834838867188,358.1371765136719,402.2437744140625,431.29022216796875,557.3834838867188,0.864900529384613
game1/Clip1,103,2,player_top,739.400390625,153.96080017089844,715.2760009765625,94.08363342285156,763.5248413085938,153.96080017089844,0.7546995878219604
game1/Clip1,104,1,player_bottom,401.5635986328125,558.7130737304688,365.96868896484375,402.5718078613281,437.15850830078125,558.7130737304688,0.8570882678031921
game1/Clip1,104,2,player_top,746.751220703125,153.26234436035156,723.5559692382812,94.08734893798828,769.946533203125,153.26234436035156,0.7741002440452576
game1/Clip1,105,1,player_bottom,408.4375,562.1279907226562,373.3188781738281,403.3479919433594,443.55609130859375,562.1279907226562,0.8480052351951599
game1/Clip1,105,2,player_top,752.8491821289062,152.67410278320312,730.3827514648438,93.1405029296875,775.3156127929688,152.67410278320312,0.7381840348243713
game1/Clip1,106,1,player_bottom,417.3109130859375,565.3245239257812,382.3470764160156,406.181396484375,452.27471923828125,565.3245239257812,0.8647602200508118
game1/Clip1,106,2,player_top,757.7009887695312,153.5472412109375,734.6810302734375,90.00713348388672,780.720947265625,153.5472412109375,0.7600187659263611
game1/Clip1,107,1,player_bottom,426.552001953125,567.1458129882812,391.0196838378906,408.4535827636719,462.0843200683594,567.1458129882812,0.9049326181411743
game1/Clip1,107,2,player_top,761.7855224609375,155.2956085205078,738.197021484375,88.42303466796875,785.3740234375,155.2956085205078,0.7523159980773926
game1/Clip1,108,1,player_bottom,433.29107666015625,568.507568359375,397.0469970703125,411.47015380859375,469.53515625,568.507568359375,0.9096876382827759
game1/Clip1,108,2,player_top,766.5247802734375,157.46327209472656,741.2256469726562,84.6626968383789,791.823974609375,157.46327209472656,0.8069440722465515
game1/Clip1,109,1,player_bottom,436.38275146484375,570.1432495117188,399.1612243652344,413.3916320800781,473.60430908203125,570.1432495117188,0.9128666520118713
game1/Clip1,109,2,player_top,770.6898803710938,157.7932891845703,745.0282592773438,83.92021179199219,796.3515014648438,157.7932891845703,0.8216744661331177
game1/Clip1,110,1,player_bottom,437.822509765625,571.9393920898438,399.6982421875,415.0374755859375,475.9468078613281,571.9393920898438,0.9130645394325256
game1/Clip1,110,2,player_top,773.6947021484375,158.46644592285156,748.3373413085938,85.88009643554688,799.052001953125,158.46644592285156,0.8077489137649536
game1/Clip1,111,1,player_bottom,440.0060119628906,572.8218994140625,401.18536376953125,415.2096252441406,478.82666015625,572.8218994140625,0.9095263481140137
game1/Clip1,111,2,player_top,775.0592041015625,159.4795379638672,749.8102416992188,87.11321258544922,800.30810546875,159.4795379638672,0.8122975826263428
game1/Clip1,112,1,player_bottom,443.5447998046875,572.560302734375,404.4261169433594,414.10223388671875,482.6634521484375,572.560302734375,0.8999523520469666
game1/Clip1,112,2,player_top,776.839111328125,159.66522216796875,751.7290649414062,87.49588012695312,801.9491577148438,159.66522216796875,0.8149829506874084
game1/Clip1,113,1,player_bottom,447.4772033691406,571.0038452148438,408.54608154296875,412.0079650878906,486.4083251953125,571.0038452148438,0.9025117754936218
game1/Clip1,113,2,player_top,779.1600341796875,159.33224487304688,753.7017211914062,85.6261215209961,804.618408203125,159.33224487304688,0.8060423135757446
game1/Clip1,114,1,player_bottom,451.4699401855469,569.50927734375,412.9549865722656,411.2287292480469,489.9848937988281,569.50927734375,0.8945116996765137
game1/Clip1,114,2,player_top,782.2421264648438,159.2961883544922,756.4931030273438,84.05408477783203,807.9911499023438,159.2961883544922,0.7816202044487
game1/Clip1,115,1,player_bottom,455.7447509765625,569.4480590820312,417.2750244140625,411.07208251953125,494.2144470214844,569.4480590820312,0.8962221741676331
game1/Clip1,115,2,player_top,783.8612060546875,159.09210205078125,757.865478515625,81.653564453125,809.8569946289062,159.09210205078125,0.7564857006072998
game1/Clip1,116,1,player_bottom,460.96478271484375,571.046875,422.2254638671875,412.6224365234375,499.7041015625,571.046875,0.8982710242271423
game1/Clip1,116,2,player_top,785.68115234375,158.814208984375,760.099609375,81.11079406738281,811.2626342773438,158.814208984375,0.5372724533081055
game1/Clip1,117,1,player_bottom,466.2213134765625,573.378173828125,426.8360290527344,414.9744873046875,505.6065673828125,573.378173828125,0.9063183665275574
game1/Clip1,117,2,player_top,787.563720703125,158.8640899658203,762.6409912109375,81.03948211669922,812.4865112304688,158.8640899658203,0.7581337094306946
game1/Clip1,118,1,player_bottom,470.0572204589844,577.3704833984375,429.9440612792969,419.5045471191406,510.1703796386719,577.3704833984375,0.9095645546913147
game1/Clip1,118,2,player_top,791.39599609375,159.60208129882812,764.6525268554688,72.4891128540039,818.1395263671875,159.60208129882812,0.6804715991020203
game1/Clip1,119,1,player_bottom,475.52178955078125,582.0418701171875,434.9529724121094,428.3837890625,516.090576171875,582.0418701171875,0.9012340307235718
game1/Clip1,119,2,player_top,796.582275390625,159.56365966796875,770.5908813476562,71.55485534667969,822.5736694335938,159.56365966796875,0.6911271214485168
game1/Clip1,120,1,player_bottom,478.8411865234375,584.5056762695312,437.5458679199219,434.3150939941406,520.136474609375,584.5056762695312,0.8996593952178955
game1/Clip1,120,2,player_top,800.78515625,160.26573181152344,776.3771362304688,74.41387939453125,825.1931762695312,160.26573181152344,0.6493359208106995
game1/Clip1,121,1,player_bottom,477.2049865722656,585.1679077148438,435.5040283203125,437.7021789550781,518.9059448242188,585.1679077148438,0.9018334150314331
game1/Clip1,121,2,player_top,802.9893798828125,160.89849853515625,779.7680053710938,77.74333953857422,826.2108154296875,160.89849853515625,0.6741231679916382
game1/Clip1,122,1,player_bottom,479.83154296875,587.665283203125,436.75921630859375,439.161376953125,522.9038696289062,587.665283203125,0.9046016335487366
game1/Clip1,122,2,player_top,808.4930419921875,161.5404815673828,786.0472412109375,81.37309265136719,830.9389038085938,161.5404815673828,0.8050808310508728
game1/Clip1,123,1,player_bottom,486.22186279296875,588.8719482421875,442.1556701660156,440.04534912109375,530.2880859375,588.8719482421875,0.8926981687545776
game1/Clip1,123,2,player_top,812.6544189453125,162.5471649169922,790.562744140625,85.44684600830078,834.7461547851562,162.5471649169922,0.8043956160545349
game1/Clip1,124,1,player_bottom,497.6756591796875,589.604736328125,452.7590026855469,441.1384582519531,542.59228515625,589.604736328125,0.8769060969352722
game1/Clip1,124,2,player_top,815.7802124023438,162.8697052001953,793.8326416015625,88.23464965820312,837.727783203125,162.8697052001953,0.8067420721054077
game1/Clip1,125,1,player_bottom,514.608154296875,589.8232421875,469.4927978515625,442.93634033203125,559.7234497070312,589.8232421875,0.8059805035591125
game1/Clip1,125,2,player_top,818.0689697265625,162.96090698242188,796.5195922851562,90.97257232666016,839.6183471679688,162.96090698242188,0.831404983997345
game1/Clip1,126,1,player_bottom,534.0814208984375,589.686279296875,489.2650146484375,445.0954284667969,578.8977661132812,589.686279296875,0.8581302165985107
game1/Clip1,126,2,player_top,820.4095458984375,162.9673309326172,799.377197265625,93.17695617675781,841.4418334960938,162.9673309326172,0.8173910975456238
game1/Clip1,127,1,player_bottom,545.3667602539062,589.2570190429688,500.3915100097656,446.89599609375,590.342041015625,589.2570190429688,0.8916054368019104
game1/Clip1,127,2,player_top,822.080810546875,163.10227966308594,801.3308715820312,94.1948013305664,842.8307495117188,163.10227966308594,0.8032795190811157
game1/Clip1,128,1,player_bottom,553.1912231445312,588.8535766601562,507.4528503417969,447.3159484863281,598.9296264648438,588.8535766601562,0.8768981695175171
game1/Clip1,128,2,player_top,823.4578857421875,162.85354614257812,803.1317138671875,95.08194732666016,843.7840576171875,162.85354614257812,0.7634822726249695
game1/Clip1,129,1,player_bottom,561.9400634765625,588.90625,515.495849609375,448.34918212890625,608.3842163085938,588.90625,0.8921342492103577
game1/Clip1,129,2,player_top,822.5370483398438,163.0670166015625,802.1184692382812,95.36426544189453,842.9556274414062,163.0670166015625,0.8211698532104492
game1/Clip1,130,1,player_bottom,572.048095703125,592.6134033203125,524.4685668945312,449.39910888671875,619.627685546875,592.6134033203125,0.891352653503418
game1/Clip1,130,2,player_top,821.4580078125,162.6483917236328,800.941162109375,95.50371551513672,841.974853515625,162.6483917236328,0.8373740315437317
game1/Clip1,131,1,player_bottom,587.6011352539062,594.0059204101562,540.64599609375,451.6726379394531,634.5562744140625,594.0059204101562,0.7943878769874573
game1/Clip1,131,2,player_top,819.705810546875,162.430908203125,798.890869140625,95.31195068359375,840.5208129882812,162.430908203125,0.8356675505638123
game1/Clip1,132,1,player_bottom,612.6781616210938,593.81396484375,567.5546264648438,454.7716979980469,657.8016967773438,593.81396484375,0.8352087736129761
game1/Clip1,132,2,player_top,816.4561767578125,162.57846069335938,795.1976318359375,94.51448059082031,837.7147827148438,162.57846069335938,0.807731032371521
game1/Clip1,133,1,player_bottom,623.4537353515625,596.4093627929688,579.6290283203125,457.47357177734375,667.2785034179688,596.4093627929688,0.8322019577026367
game1/Clip1,133,2,player_top,810.25390625,162.33657836914062,788.6967163085938,93.34208679199219,831.8110961914062,162.33657836914062,0.7564825415611267
game1/Clip1,134,1,player_bottom,642.3203735351562,602.3576049804688,596.626953125,459.85919189453125,688.0137939453125,602.3576049804688,0.8786126375198364
game1/Clip1,134,2,player_top,803.4806518554688,161.59600830078125,782.1580810546875,92.65192413330078,824.80322265625,161.59600830078125,0.7353031039237976
game1/Clip1,135,1,player_bottom,653.8023681640625,606.6393432617188,606.5072631835938,462.2106628417969,701.0974731445312,606.6393432617188,0.9199686646461487
game1/Clip1,135,2,player_top,799.44287109375,161.51560974121094,778.421630859375,92.55054473876953,820.464111328125,161.51560974121094,0.7454817295074463
game1/Clip1,136,1,player_bottom,664.8969116210938,612.85400390625,615.4464111328125,464.32952880859375,714.347412109375,612.85400390625,0.8824396133422852
game1/Clip1,136,2,player_top,796.4541015625,162.08982849121094,775.5255126953125,92.76213073730469,817.3827514648438,162.08982849121094,0.7916511297225952
game1/Clip1,137,1,player_bottom,679.1365356445312,618.5384521484375,627.51513671875,464.82171630859375,730.7579345703125,618.5384521484375,0.9207143187522888
game1/Clip1,137,2,player_top,793.9512939453125,162.38604736328125,772.7669677734375,92.31678771972656,815.1356201171875,162.38604736328125,0.8141430616378784
game1/Clip1,138,1,player_bottom,690.4345092773438,620.3742065429688,638.8179931640625,464.8925476074219,742.051025390625,620.3742065429688,0.899429440498352
game1/Clip1,138,2,player_top,791.441650390625,162.94070434570312,769.9446411132812,92.3753890991211,812.9386596679688,162.94070434570312,0.7940941452980042
game1/Clip1,139,1,player_bottom,706.1563720703125,620.2565307617188,655.5914916992188,464.77020263671875,756.7212524414062,620.2565307617188,0.8899171352386475
game1/Clip1,139,2,player_top,787.9969482421875,162.61917114257812,765.8416748046875,90.73592376708984,810.1522827148438,162.61917114257812,0.8205137848854065
game1/Clip1,140,1,player_bottom,714.29541015625,620.3861083984375,664.9207153320312,464.6310729980469,763.6701049804688,620.3861083984375,0.8781293630599976
game1/Clip1,140,2,player_top,782.0093994140625,162.3623504638672,759.8428955078125,90.26773834228516,804.1759643554688,162.3623504638672,0.804104745388031
game1/Clip1,141,1,player_bottom,722.89794921875,619.9281616210938,674.9303588867188,466.65374755859375,770.8656005859375,619.9281616210938,0.8839274048805237
game1/Clip1,141,2,player_top,776.0122680664062,161.84774780273438,754.2147827148438,90.24504852294922,797.8097534179688,161.84774780273438,0.8261812925338745
game1/Clip1,142,1,player_bottom,729.9160766601562,621.9906005859375,682.0757446289062,468.1781005859375,777.7564086914062,621.9906005859375,0.8785576224327087
game1/Clip1,142,2,player_top,769.6104736328125,162.02073669433594,748.125,89.86131286621094,791.0958862304688,162.02073669433594,0.8180486559867859
game1/Clip1,143,1,player_bottom,735.53271484375,626.674072265625,684.3997192382812,461.6964416503906,786.6657104492188,626.674072265625,0.895388662815094
game1/Clip1,143,2,player_top,762.3540649414062,161.6415557861328,741.914306640625,91.05075073242188,782.7938232421875,161.6415557861328,0.7545750141143799
game1/Clip1,144,1,player_bottom,743.450439453125,630.875244140625,689.6791381835938,459.0594177246094,797.2217407226562,630.875244140625,0.8523219227790833
game1/Clip1,144,2,player_top,756.3841552734375,160.74134826660156,737.0081176757812,91.8539810180664,775.76025390625,160.74134826660156,0.77119380235672
game1/Clip1,145,1,player_bottom,766.7161865234375,636.2990112304688,711.1863403320312,458.6370849609375,822.24609375,636.2990112304688,0.8705546259880066
game1/Clip1,145,2,player_top,751.07763671875,162.21063232421875,732.2310180664062,93.79786682128906,769.9241943359375,162.21063232421875,0.7588397264480591
game1/Clip1,146,1,player_bottom,782.7138671875,640.186767578125,727.5050659179688,463.55340576171875,837.9226684570312,640.186767578125,0.863479733467102
game1/Clip1,146,2,player_top,743.6793823242188,162.65074157714844,725.042236328125,95.96134185791016,762.3165283203125,162.65074157714844,0.8239976167678833
game1/Clip1,147,1,player_bottom,791.1658325195312,642.4972534179688,737.5344848632812,472.63690185546875,844.7971801757812,642.4972534179688,0.8911411762237549
game1/Clip1,147,2,player_top,737.0471801757812,162.9127960205078,718.0902709960938,97.74153137207031,756.0040893554688,162.9127960205078,0.8062330484390259
game1/Clip1,148,1,player_bottom,801.9155883789062,642.4279174804688,750.4766845703125,478.05328369140625,853.3544921875,642.4279174804688,0.8823935985565186
game1/Clip1,148,2,player_top,731.9020385742188,162.610107421875,712.3648071289062,99.13663482666016,751.4392700195312,162.610107421875,0.8314617872238159
game1/Clip1,149,1,player_bottom,806.5318603515625,642.3944091796875,756.4913330078125,480.4229736328125,856.5724487304688,642.3944091796875,0.873431384563446
game1/Clip1,149,2,player_top,727.4144287109375,162.58087158203125,706.8759155273438,99.8782958984375,747.9530029296875,162.58087158203125,0.8622134327888489
game1/Clip1,150,1,player_bottom,808.128173828125,641.6951904296875,759.2515869140625,481.25543212890625,857.0046997070312,641.6951904296875,0.886551022529602
game1/Clip1,150,2,player_top,723.4944458007812,163.13616943359375,702.0089111328125,101.22731018066406,744.97998046875,163.13616943359375,0.832717776298523
game1/Clip1,151,1,player_bottom,808.903564453125,641.3148193359375,760.7865600585938,480.9585876464844,857.0206298828125,641.3148193359375,0.8994902968406677
game1/Clip1,151,2,player_top,719.5660400390625,163.30819702148438,697.3134765625,101.27232360839844,741.8186645507812,163.30819702148438,0.8243246674537659
game1/Clip1,152,1,player_bottom,808.5043334960938,640.67333984375,760.8032836914062,479.1966247558594,856.2053833007812,640.67333984375,0.8914136290550232
game1/Clip1,152,2,player_top,715.9703369140625,163.11643981933594,693.4847412109375,101.37841033935547,738.4558715820312,163.11643981933594,0.8216870427131653
game1/Clip1,153,1,player_bottom,807.692138671875,638.0499267578125,760.7757568359375,477.12884521484375,854.6085815429688,638.0499267578125,0.884762167930603
game1/Clip1,153,2,player_top,712.094482421875,163.03614807128906,689.6849365234375,101.54593658447266,734.5040893554688,163.03614807128906,0.806402325630188
game1/Clip1,154,1,player_bottom,806.6070556640625,635.9180908203125,760.2181396484375,475.0958557128906,852.9960327148438,635.9180908203125,0.8878999352455139
game1/Clip1,154,2,player_top,708.726318359375,163.33367919921875,686.2866821289062,100.95217895507812,731.1659545898438,163.33367919921875,0.7825803756713867
game1/Clip1,155,1,player_bottom,802.7130126953125,635.953369140625,756.1541748046875,474.9766540527344,849.2719116210938,635.953369140625,0.8961350321769714
game1/Clip1,155,2,player_top,705.199462890625,163.03375244140625,683.33740234375,100.76217651367188,727.0615234375,163.03375244140625,0.7470859289169312
game1/Clip1,156,1,player_bottom,797.5474853515625,636.7770385742188,750.558837890625,477.0458984375,844.5360717773438,636.7770385742188,0.9172514081001282
game1/Clip1,156,2,player_top,701.967041015625,162.9947052001953,681.0562744140625,101.29429626464844,722.8778076171875,162.9947052001953,0.7351518273353577
game1/Clip1,157,1,player_bottom,792.01513671875,638.38232421875,744.0105590820312,479.08734130859375,840.0196533203125,638.38232421875,0.9191442131996155
game1/Clip1,157,2,player_top,699.1738891601562,162.8513641357422,679.13427734375,101.91748809814453,719.2135009765625,162.8513641357422,0.6833401918411255
game1/Clip1,158,1,player_bottom,788.380859375,638.4974365234375,739.6416015625,481.072998046875,837.1200561523438,638.4974365234375,0.913437008857727
game1/Clip1,158,2,player_top,696.0511474609375,164.3933563232422,675.611572265625,100.53785705566406,716.49072265625,164.3933563232422,0.7628827095031738
game1/Clip1,159,1,player_bottom,786.748291015625,639.2396850585938,736.8070678710938,481.6198425292969,836.689453125,639.2396850585938,0.9076769351959229
game1/Clip1,159,2,player_top,694.1707763671875,165.67515563964844,673.8155517578125,100.31763458251953,714.5260620117188,165.67515563964844,0.7414881587028503
game1/Clip1,160,1,player_bottom,785.8109130859375,639.7081909179688,734.2666625976562,480.13177490234375,837.355224609375,639.7081909179688,0.9104644656181335
game1/Clip1,160,2,player_top,690.9141845703125,166.00506591796875,670.6092529296875,99.1669921875,711.2190551757812,166.00506591796875,0.740720272064209
game1/Clip1,161,1,player_bottom,785.375,639.0792236328125,732.7015991210938,477.4000244140625,838.04833984375,639.0792236328125,0.9065877199172974
game1/Clip1,161,2,player_top,688.2981567382812,165.79171752929688,668.3515014648438,98.51546478271484,708.2448120117188,165.79171752929688,0.7508038878440857
game1/Clip1,162,1,player_bottom,782.73779296875,638.7159423828125,729.5217895507812,474.4829406738281,835.953857421875,638.7159423828125,0.8986724019050598
game1/Clip1,162,2,player_top,685.7984619140625,165.285888671875,665.8303833007812,96.48455810546875,705.7664794921875,165.285888671875,0.7399449348449707
game1/Clip1,163,1,player_bottom,775.80810546875,637.3844604492188,723.3173217773438,472.2408447265625,828.298828125,637.3844604492188,0.907387912273407
game1/Clip1,163,2,player_top,682.852783203125,165.53253173828125,663.1228637695312,96.84956359863281,702.5826416015625,165.53253173828125,0.7641052007675171
game1/Clip1,164,1,player_bottom,767.7176513671875,636.7521362304688,716.4767456054688,470.8072204589844,818.9586181640625,636.7521362304688,0.8919467926025391
game1/Clip1,164,2,player_top,679.1983642578125,166.41746520996094,659.2734375,97.25505065917969,699.123291015625,166.41746520996094,0.7573485970497131
game1/Clip1,165,1,player_bottom,758.4345703125,636.5098876953125,709.031982421875,470.41876220703125,807.8372192382812,636.5098876953125,0.8625736236572266
game1/Clip1,165,2,player_top,676.14306640625,167.5863037109375,655.8117065429688,97.38215637207031,696.474365234375,167.5863037109375,0.7401291131973267
game1/Clip1,166,1,player_bottom,750.9049682617188,638.3522338867188,703.2896728515625,472.1856384277344,798.520263671875,638.3522338867188,0.8725395798683167
game1/Clip1,166,2,player_top,678.296630859375,168.46035766601562,658.2542114257812,97.82144165039062,698.3390502929688,168.46035766601562,0.7460823059082031
game1/Clip1,167,1,player_bottom,740.763427734375,640.0365600585938,694.6150512695312,475.3524475097656,786.9118041992188,640.0365600585938,0.8906188607215881
game1/Clip1,167,2,player_top,679.8594970703125,169.22976684570312,660.4177856445312,98.4914321899414,699.3011474609375,169.22976684570312,0.7286491990089417
game1/Clip1,168,1,player_bottom,728.8114624023438,642.64501953125,683.1129150390625,478.11279296875,774.510009765625,642.64501953125,0.8973742723464966
game1/Clip1,168,2,player_top,680.088134765625,170.03146362304688,661.1383056640625,98.75253295898438,699.0379028320312,170.03146362304688,0.7596408724784851
game1/Clip1,169,1,player_bottom,722.4615478515625,643.9608154296875,677.0018920898438,480.0577392578125,767.921142578125,643.9608154296875,0.8933082818984985
game1/Clip1,169,2,player_top,679.3892822265625,170.4585723876953,660.9622192382812,98.78633880615234,697.81640625,170.4585723876953,0.7303447723388672
game1/Clip1,170,1,player_bottom,719.5091552734375,646.3045043945312,673.8894653320312,482.04962158203125,765.12890625,646.3045043945312,0.8997951745986938
game1/Clip1,170,2,player_top,678.2443237304688,170.6487274169922,660.1882934570312,98.24113464355469,696.3003540039062,170.6487274169922,0.7270026803016663
game1/Clip1,171,1,player_bottom,717.783447265625,647.2321166992188,671.7186279296875,481.51043701171875,763.8482055664062,647.2321166992188,0.9074375033378601
game1/Clip1,171,2,player_top,674.1082153320312,170.32427978515625,655.9533081054688,97.39339447021484,692.2631225585938,170.32427978515625,0.7940635681152344
game1/Clip1,172,1,player_bottom,713.9972534179688,648.140869140625,667.8055419921875,480.89306640625,760.18896484375,648.140869140625,0.9014246463775635
game1/Clip1,172,2,player_top,669.7257080078125,170.37796020507812,650.9390258789062,96.70343017578125,688.5123901367188,170.37796020507812,0.7550866007804871
game1/Clip1,173,1,player_bottom,709.63232421875,646.7050170898438,663.9976196289062,480.3131408691406,755.2669677734375,646.7050170898438,0.9061040282249451
game1/Clip1,173,2,player_top,671.7103271484375,169.9548797607422,652.8504638671875,97.3493881225586,690.5702514648438,169.9548797607422,0.6629880666732788
game1/Clip1,174,1,player_bottom,703.6226806640625,648.9047241210938,657.8472900390625,480.82470703125,749.3980102539062,648.9047241210938,0.9034016132354736
game1/Clip1,174,2,player_top,673.9710693359375,169.74862670898438,654.8970336914062,97.12670135498047,693.0451049804688,169.74862670898438,0.6876927018165588
game1/Clip1,175,1,player_bottom,694.8352661132812,654.5853271484375,647.9367065429688,482.6905517578125,741.7338256835938,654.5853271484375,0.8814082145690918
game1/Clip1,175,2,player_top,672.4290161132812,169.99620056152344,653.4039306640625,96.98820495605469,691.4541015625,169.99620056152344,0.7081829309463501
game1/Clip1,176,1,player_bottom,690.6883544921875,658.0970458984375,643.593994140625,485.8245849609375,737.7827758789062,658.0970458984375,0.9011629819869995
game1/Clip1,176,2,player_top,671.6461181640625,170.6483612060547,652.6278076171875,96.79945373535156,690.6644897460938,170.6483612060547,0.6810802221298218
game1/Clip1,177,1,player_bottom,685.39892578125,661.9049682617188,637.724609375,490.40093994140625,733.0732421875,661.9049682617188,0.9007695913314819
game1/Clip1,177,2,player_top,671.6220092773438,171.00059509277344,652.5164184570312,96.01930236816406,690.7276000976562,171.00059509277344,0.7121817469596863
game1/Clip1,178,1,player_bottom,682.8546142578125,664.755859375,635.2362670898438,497.1265869140625,730.472900390625,664.755859375,0.9219948649406433
game1/Clip1,178,2,player_top,671.6880493164062,170.6231231689453,652.67431640625,95.28409576416016,690.7017822265625,170.6231231689453,0.7490401268005371
game1/Clip1,179,1,player_bottom,675.053466796875,669.8421630859375,626.4258422851562,504.17132568359375,723.68115234375,669.8421630859375,0.9100759625434875
game1/Clip1,179,2,player_top,670.3065185546875,170.9149627685547,651.4415283203125,94.84735107421875,689.1714477539062,170.9149627685547,0.7171236276626587
game1/Clip1,180,1,player_bottom,671.8941650390625,673.7044677734375,622.590087890625,510.501708984375,721.1983032226562,673.7044677734375,0.9157993793487549
game1/Clip1,180,2,player_top,669.0048828125,170.6031951904297,650.5112915039062,94.5648422241211,687.4984741210938,170.6031951904297,0.6912681460380554
game1/Clip1,181,1,player_bottom,669.9202880859375,674.7511596679688,620.5369262695312,515.1885375976562,719.3037109375,674.7511596679688,0.9122872352600098
game1/Clip1,181,2,player_top,666.3369140625,170.72682189941406,648.517333984375,94.85408782958984,684.156494140625,170.72682189941406,0.7308961749076843
game1/Clip1,182,1,player_bottom,670.2424926757812,675.1456909179688,620.0185546875,516.7872924804688,720.4664306640625,675.1456909179688,0.916557788848877
game1/Clip1,182,2,player_top,664.69873046875,170.8770294189453,647.5938720703125,95.5152816772461,681.8035888671875,170.8770294189453,0.710688054561615
game1/Clip1,183,1,player_bottom,670.7530517578125,674.5774536132812,619.7533569335938,517.4483032226562,721.7528076171875,674.5774536132812,0.917525589466095
game1/Clip1,183,2,player_top,663.80126953125,172.25735473632812,647.1790771484375,96.966064453125,680.4234619140625,172.25735473632812,0.7572319507598877
game1/Clip1,184,1,player_bottom,672.0624389648438,672.5220947265625,620.022216796875,515.0629272460938,724.1026611328125,672.5220947265625,0.9153134822845459
game1/Clip1,184,2,player_top,662.08251953125,172.27796936035156,646.2172241210938,99.12862396240234,677.9478759765625,172.27796936035156,0.7233536839485168
game1/Clip1,185,1,player_bottom,673.439453125,670.6616821289062,620.4476318359375,512.0526123046875,726.4312744140625,670.6616821289062,0.9117169380187988
game1/Clip1,185,2,player_top,657.099609375,172.7578582763672,641.4342041015625,101.74168395996094,672.7650146484375,172.7578582763672,0.7364585995674133
game1/Clip1,186,1,player_bottom,675.3485107421875,669.7473754882812,621.25439453125,508.7202453613281,729.4426879882812,669.7473754882812,0.9124212861061096
game1/Clip1,186,2,player_top,653.224609375,172.50758361816406,637.625,103.91826629638672,668.82421875,172.50758361816406,0.7882170677185059
game1/Clip1,187,1,player_bottom,678.1290283203125,669.6456909179688,622.510498046875,504.062255859375,733.7476196289062,669.6456909179688,0.909074604511261
game1/Clip1,187,2,player_top,651.4429931640625,173.32781982421875,635.7590942382812,106.15849304199219,667.1268920898438,173.32781982421875,0.7893670201301575
game1/Clip1,188,1,player_bottom,681.6265869140625,669.6629028320312,625.2366333007812,501.227783203125,738.0165405273438,669.6629028320312,0.9144138693809509
game1/Clip1,188,2,player_top,650.628173828125,175.0498809814453,634.46630859375,107.1617660522461,666.7901000976562,175.0498809814453,0.7805598974227905
game1/Clip1,189,1,player_bottom,687.2978515625,669.4073486328125,630.70849609375,498.7369689941406,743.8872680664062,669.4073486328125,0.9214515089988708
game1/Clip1,189,2,player_top,651.292724609375,178.0143280029297,634.5615844726562,107.74955749511719,668.02392578125,178.0143280029297,0.7676945924758911
game1/Clip1,190,1,player_bottom,691.0787353515625,669.3927001953125,634.4161376953125,496.9873046875,747.7413330078125,669.3927001953125,0.9154806733131409
game1/Clip1,190,2,player_top,652.1659545898438,180.48745727539062,635.2340698242188,108.46969604492188,669.0978393554688,180.48745727539062,0.742648184299469
game1/Clip1,191,1,player_bottom,697.6256713867188,669.3953247070312,641.435546875,495.1874084472656,753.8157958984375,669.3953247070312,0.8846035599708557
game1/Clip1,191,2,player_top,652.443115234375,182.81906127929688,635.3109741210938,108.7143325805664,669.5751953125,182.81906127929688,0.7477446794509888
game1/Clip1,192,1,player_bottom,704.8614501953125,669.2506103515625,649.7986450195312,494.2074279785156,759.9241943359375,669.2506103515625,0.8886550068855286
game1/Clip1,192,2,player_top,651.918212890625,183.92335510253906,634.7635498046875,108.26177215576172,669.0728149414062,183.92335510253906,0.744128406047821
game1/Clip1,193,1,player_bottom,712.390869140625,668.7449340820312,658.8878173828125,493.33050537109375,765.8939208984375,668.7449340820312,0.8809179067611694
game1/Clip1,193,2,player_top,651.2801513671875,184.4011993408203,634.3048706054688,108.06001281738281,668.2554321289062,184.4011993408203,0.7409467697143555
game1/Clip1,194,1,player_bottom,719.5095825195312,669.1246948242188,667.7096557617188,492.9977111816406,771.3095092773438,669.1246948242188,0.8769395351409912
game1/Clip1,194,2,player_top,651.0020751953125,184.6567840576172,634.3829956054688,108.61123657226562,667.6212158203125,184.6567840576172,0.7423830628395081
game1/Clip1,195,1,player_bottom,725.175537109375,669.1581420898438,675.0951538085938,491.9940490722656,775.2559204101562,669.1581420898438,0.8698062300682068
game1/Clip1,195,2,player_top,650.8438720703125,184.83384704589844,634.1328735351562,106.91044616699219,667.5548706054688,184.83384704589844,0.7630397081375122
game1/Clip1,196,1,player_bottom,730.8929443359375,668.7631225585938,682.8373413085938,491.3081359863281,778.9485473632812,668.7631225585938,0.8832780122756958
game1/Clip1,196,2,player_top,650.8729858398438,184.80804443359375,633.9366455078125,104.14073181152344,667.809326171875,184.80804443359375,0.7642470002174377
game1/Clip1,197,1,player_bottom,734.2650756835938,668.5450439453125,688.112548828125,491.044921875,780.4176025390625,668.5450439453125,0.8884819746017456
game1/Clip1,197,2,player_top,650.6792602539062,185.0231475830078,633.6766967773438,102.38861083984375,667.6818237304688,185.0231475830078,0.7665407657623291
game1/Clip1,198,1,player_bottom,736.9136962890625,668.395751953125,692.5222778320312,490.95343017578125,781.3050537109375,668.395751953125,0.8750274181365967
game1/Clip1,198,2,player_top,650.6094970703125,185.39332580566406,633.664306640625,101.31184387207031,667.5547485351562,185.39332580566406,0.789216935634613
game1/Clip1,199,1,player_bottom,740.236083984375,668.3760986328125,697.2684326171875,490.90966796875,783.2036743164062,668.3760986328125,0.8351050019264221
game1/Clip1,199,2,player_top,650.8883056640625,187.23443603515625,633.8344116210938,101.0000228881836,667.942138671875,187.23443603515625,0.7886984944343567
game1/Clip1,200,1,player_bottom,744.0716552734375,668.2222900390625,702.2520141601562,490.78131103515625,785.8912353515625,668.2222900390625,0.8250343799591064
game1/Clip1,200,2,player_top,651.0953979492188,188.1783905029297,634.168701171875,101.12728118896484,668.0220947265625,188.1783905029297,0.7947182655334473
game1/Clip1,201,1,player_bottom,749.7012939453125,668.1336059570312,708.5006713867188,490.5605163574219,790.90185546875,668.1336059570312,0.8729985356330872
game1/Clip1,201,2,player_top,651.490966796875,189.88299560546875,634.5785522460938,101.66366577148438,668.4033813476562,189.88299560546875,0.7979440093040466
game1/Clip1,202,1,player_bottom,753.4168701171875,667.7266235351562,712.6847534179688,490.1181335449219,794.14892578125,667.7266235351562,0.883652925491333
game1/Clip1,202,2,player_top,651.6748657226562,191.12713623046875,635.0144653320312,103.18587493896484,668.3352661132812,191.12713623046875,0.7903731465339661
game1/Clip1,203,1,player_bottom,753.882080078125,667.049560546875,713.8499145507812,489.7289123535156,793.914306640625,667.049560546875,0.8666054606437683
game1/Clip1,203,2,player_top,651.68701171875,193.6700897216797,635.0006103515625,104.42292022705078,668.3734130859375,193.6700897216797,0.7770023941993713
game1/Clip1,204,1,player_bottom,755.727294921875,666.9457397460938,716.0794677734375,489.6491394042969,795.3751220703125,666.9457397460938,0.8788443803787231
game1/Clip1,204,2,player_top,651.7982177734375,194.369140625,635.5098876953125,106.5898666381836,668.0864868164062,194.369140625,0.7768377661705017
game1/Clip1,205,1,player_bottom,757.1470947265625,666.1705322265625,717.9605102539062,489.5704040527344,796.333740234375,666.1705322265625,0.880363404750824
game1/Clip1,205,2,player_top,651.6463623046875,194.4342498779297,635.7269287109375,108.01939392089844,667.5657958984375,194.4342498779297,0.7547412514686584
game1/Clip1,206,1,player_bottom,759.0032958984375,665.3812866210938,720.0731201171875,488.95416259765625,797.9335327148438,665.3812866210938,0.8745021820068359
game1/Clip1,206,2,player_top,651.0020141601562,194.58399963378906,635.1897583007812,108.21922302246094,666.8142700195312,194.58399963378906,0.759627640247345
game1/Clip2,0,24,player_bottom,700.0308837890625,553.3212890625,675.2693481445312,397.2382507324219,724.7923583984375,553.3212890625,0.8502359986305237
game1/Clip2,0,25,player_top,499.14703369140625,159.967041015625,477.8562927246094,101.67259216308594,520.4378051757812,159.967041015625,0.8174476027488708
game1/Clip2,1,24,player_bottom,700.0308837890625,553.3212890625,675.2693481445312,397.2382507324219,724.7923583984375,553.3212890625,0.8502359986305237
game1/Clip2,1,25,player_top,499.14703369140625,159.967041015625,477.8562927246094,101.67259216308594,520.4378051757812,159.967041015625,0.8174476027488708
game1/Clip2,2,24,player_bottom,700.1488647460938,553.3470458984375,675.3804321289062,397.2112121582031,724.9172973632812,553.3470458984375,0.8522283434867859
game1/Clip2,2,25,player_top,499.15753173828125,160.0752716064453,477.6438293457031,101.15701293945312,520.6712036132812,160.0752716064453,0.8227925896644592
game1/Clip2,3,24,player_bottom,700.3187866210938,553.099853515625,675.5767211914062,397.16522216796875,725.0608520507812,553.099853515625,0.8378689885139465
game1/Clip2,3,25,player_top,499.18377685546875,160.1038360595703,477.4758605957031,100.61836242675781,520.8916625976562,160.1038360595703,0.8252900838851929
game1/Clip2,4,24,player_bottom,701.4306030273438,552.9881591796875,676.644775390625,397.101806640625,726.2164306640625,552.9881591796875,0.8233209252357483
game1/Clip2,4,25,player_top,499.21844482421875,160.1712646484375,477.29290771484375,100.01424407958984,521.1439819335938,160.1712646484375,0.8236637711524963
game1/Clip2,5,24,player_bottom,702.200439453125,553.0050048828125,677.3409423828125,397.21270751953125,727.0599365234375,553.0050048828125,0.8268944621086121
game1/Clip2,5,25,player_top,499.22900390625,160.17991638183594,477.1354064941406,99.44287109375,521.3226318359375,160.17991638183594,0.8221021890640259
game1/Clip2,6,24,player_bottom,702.1162109375,553.0377807617188,675.8926391601562,388.38037109375,728.33984375,553.0377807617188,0.790610671043396
game1/Clip2,6,25,player_top,499.27471923828125,160.19261169433594,477.00482177734375,98.81549835205078,521.5446166992188,160.19261169433594,0.8257375359535217
game1/Clip2,7,24,player_bottom,701.6094970703125,553.0408935546875,674.469482421875,381.6728515625,728.7494506835938,553.0408935546875,0.7585338950157166
game1/Clip2,7,25,player_top,499.2571105957031,160.17550659179688,476.88653564453125,98.33186340332031,521.627685546875,160.17550659179688,0.8311415910720825
game1/Clip2,8,24,player_bottom,700.6033325195312,553.031982421875,672.6912231445312,374.9410705566406,728.5154418945312,553.031982421875,0.76816326379776
game1/Clip2,8,25,player_top,499.2576599121094,160.1766357421875,476.81927490234375,97.92432403564453,521.696044921875,160.1766357421875,0.8292846083641052
game1/Clip2,9,24,player_bottom,701.2142333984375,552.9545288085938,672.4415893554688,367.73931884765625,729.98681640625,552.9545288085938,0.7786574959754944
game1/Clip2,9,25,player_top,499.2801208496094,160.17327880859375,476.793701171875,97.53692626953125,521.7665405273438,160.17327880859375,0.8280768990516663
game1/Clip2,10,24,player_bottom,702.5233154296875,552.6333618164062,673.3486328125,363.8855895996094,731.6979370117188,552.6333618164062,0.7720247507095337
game1/Clip2,10,25,player_top,499.302001953125,160.2113494873047,476.6441345214844,96.7752914428711,521.9598388671875,160.2113494873047,0.8221144676208496
game1/Clip2,11,24,player_bottom,703.4832763671875,552.168212890625,673.88427734375,359.6997375488281,733.0822143554688,552.168212890625,0.7959792613983154
game1/Clip2,11,25,player_top,499.24359130859375,160.20675659179688,476.4505920410156,96.04487609863281,522.03662109375,160.20675659179688,0.820205569267273
game1/Clip2,12,24,player_bottom,704.705810546875,552.2036743164062,674.8653564453125,357.8291931152344,734.5462036132812,552.2036743164062,0.8286475539207458
game1/Clip2,12,25,player_top,499.2540283203125,160.34010314941406,476.3386535644531,95.45560455322266,522.16943359375,160.34010314941406,0.8220670223236084
game1/Clip2,13,24,player_bottom,706.061279296875,551.7191772460938,676.1155395507812,357.1130676269531,736.0069580078125,551.7191772460938,0.8233240246772766
game1/Clip2,13,25,player_top,499.2059631347656,160.43524169921875,476.3074951171875,95.27323913574219,522.1044311523438,160.43524169921875,0.8264214396476746
game1/Clip2,14,24,player_bottom,706.6204833984375,551.38427734375,676.7407836914062,357.8396301269531,736.500244140625,551.38427734375,0.8512428998947144
game1/Clip2,14,25,player_top,499.1734313964844,160.41477966308594,476.32635498046875,95.09114074707031,522.0205078125,160.41477966308594,0.8327499032020569
game1/Clip2,15,24,player_bottom,707.0595703125,550.8876953125,677.2661743164062,358.708740234375,736.8529663085938,550.8876953125,0.8536247611045837
game1/Clip2,15,25,player_top,499.151611328125,160.10317993164062,476.2711181640625,94.30895233154297,522.0321044921875,160.10317993164062,0.8435826897621155
game1/Clip2,16,24,player_bottom,706.8546752929688,551.4037475585938,677.039794921875,359.79559326171875,736.6695556640625,551.4037475585938,0.864311695098877
game1/Clip2,16,25,player_top,499.03594970703125,159.98013305664062,476.1452941894531,93.73595428466797,521.9265747070312,159.98013305664062,0.8509075045585632
game1/Clip2,17,24,player_bottom,706.7463989257812,551.930419921875,676.9642944335938,362.15118408203125,736.5285034179688,551.930419921875,0.8726693987846375
game1/Clip2,17,25,player_top,498.69964599609375,160.00738525390625,475.79345703125,93.17604064941406,521.6058349609375,160.00738525390625,0.8619524836540222
game1/Clip2,18,24,player_bottom,707.3667602539062,551.8021850585938,677.7064819335938,365.960205078125,737.0270385742188,551.8021850585938,0.864113450050354
game1/Clip2,18,25,player_top,498.2508544921875,159.98675537109375,475.41229248046875,92.682373046875,521.0894165039062,159.98675537109375,0.8661222457885742
game1/Clip2,19,24,player_bottom,707.7876586914062,551.6771850585938,677.9830322265625,368.3824768066406,737.59228515625,551.6771850585938,0.859678328037262
game1/Clip2,19,25,player_top,497.86376953125,159.92095947265625,475.1890563964844,92.34467315673828,520.5385131835938,159.92095947265625,0.8670845031738281
game1/Clip2,20,24,player_bottom,710.0309448242188,551.1787109375,679.7722778320312,369.3704528808594,740.2896118164062,551.1787109375,0.8316556811332703
game1/Clip2,20,25,player_top,497.5465087890625,160.15455627441406,475.0384216308594,92.247314453125,520.0546264648438,160.15455627441406,0.8642259240150452
game1/Clip2,21,24,player_bottom,711.32421875,549.6316528320312,681.3093872070312,369.8539733886719,741.3389892578125,549.6316528320312,0.826580286026001
game1/Clip2,21,25,player_top,497.0130615234375,160.46493530273438,474.7687072753906,92.32063293457031,519.2574462890625,160.46493530273438,0.869534432888031
game1/Clip2,22,24,player_bottom,712.2667236328125,547.8358764648438,682.3145751953125,367.8641052246094,742.2188110351562,547.8358764648438,0.813498854637146
game1/Clip2,22,25,player_top,496.66021728515625,160.56674194335938,474.8427429199219,92.78337097167969,518.4777221679688,160.56674194335938,0.8587386012077332
game1/Clip2,23,24,player_bottom,707.5838623046875,548.4539184570312,677.3755493164062,368.3236389160156,737.792236328125,548.4539184570312,0.7541052103042603
game1/Clip2,23,25,player_top,496.2491760253906,160.93763732910156,474.6842041015625,92.95841217041016,517.8141479492188,160.93763732910156,0.8407745957374573
game1/Clip2,24,24,player_bottom,705.8864135742188,544.4486083984375,676.1868896484375,368.3905029296875,735.5859375,544.4486083984375,0.7778996229171753
game1/Clip2,24,25,player_top,495.97833251953125,161.09042358398438,474.7142333984375,93.2289047241211,517.242431640625,161.09042358398438,0.829265296459198
game1/Clip2,25,24,player_bottom,704.5870361328125,539.672607421875,676.1737060546875,375.29931640625,733.0003051757812,539.672607421875,0.8476607203483582
game1/Clip2,25,25,player_top,496.16619873046875,161.48455810546875,475.0090026855469,93.18144226074219,517.3233642578125,161.48455810546875,0.8309010863304138
game1/Clip2,26,24,player_bottom,706.6884765625,535.6165771484375,679.7084350585938,382.8329772949219,733.66845703125,535.6165771484375,0.8994159698486328
game1/Clip2,26,25,player_top,496.31817626953125,161.60166931152344,474.9761657714844,91.8302993774414,517.6602172851562,161.60166931152344,0.8300489783287048
game1/Clip2,27,24,player_bottom,710.548583984375,528.8275756835938,683.1849975585938,377.62359619140625,737.9121704101562,528.8275756835938,0.8485629558563232
game1/Clip2,27,25,player_top,496.61572265625,161.633056640625,475.1885681152344,90.75579071044922,518.0429077148438,161.633056640625,0.822640061378479
game1/Clip2,28,24,player_bottom,716.8162841796875,524.2230834960938,685.4043579101562,352.72705078125,748.2281494140625,524.2230834960938,0.7765443325042725
game1/Clip2,28,25,player_top,497.2677001953125,161.483642578125,475.5583801269531,88.72083282470703,518.97705078125,161.483642578125,0.8291314244270325
game1/Clip2,29,24,player_bottom,719.5792236328125,520.665283203125,684.68408203125,331.1667175292969,754.4743041992188,520.665283203125,0.8419827222824097
game1/Clip2,29,25,player_top,498.24212646484375,161.61500549316406,476.7208557128906,88.85330200195312,519.7633666992188,161.61500549316406,0.8408277630805969
game1/Clip2,30,24,player_bottom,721.5281372070312,518.029052734375,686.9848022460938,333.71832275390625,756.0714721679688,518.029052734375,0.833158016204834
game1/Clip2,30,25,player_top,499.3770751953125,161.95167541503906,477.9058532714844,89.10208129882812,520.8483276367188,161.95167541503906,0.8586589097976685
game1/Clip2,31,24,player_bottom,722.2897338867188,516.007568359375,690.3582763671875,351.8160095214844,754.22119140625,516.007568359375,0.8919358253479004
game1/Clip2,31,25,player_top,501.13421630859375,162.8919219970703,479.6337585449219,90.4758071899414,522.6347045898438,162.8919219970703,0.8722963333129883
game1/Clip2,32,24,player_bottom,723.12060546875,515.0697631835938,693.3242797851562,369.56182861328125,752.9168701171875,515.0697631835938,0.8875522613525391
game1/Clip2,32,25,player_top,503.2537841796875,165.1240997314453,481.4220886230469,92.70108795166016,525.0855102539062,165.1240997314453,0.8702449798583984
game1/Clip2,33,24,player_bottom,724.920654296875,514.3623046875,695.7872924804688,380.4041748046875,754.0540771484375,514.3623046875,0.8836045861244202
game1/Clip2,33,25,player_top,505.9122619628906,166.35079956054688,483.9632568359375,95.6447982788086,527.8612670898438,166.35079956054688,0.864990234375
game1/Clip2,34,24,player_bottom,726.12890625,517.2831420898438,696.26318359375,387.0964050292969,755.99462890625,517.2831420898438,0.8920999765396118
game1/Clip2,34,25,player_top,506.9667663574219,167.26768493652344,485.24884033203125,99.47917175292969,528.6846923828125,167.26768493652344,0.8287582993507385
game1/Clip2,35,24,player_bottom,727.8760986328125,521.0205078125,696.7596435546875,391.90521240234375,758.9925537109375,521.0205078125,0.8985916972160339
game1/Clip2,35,25,player_top,507.21759033203125,167.77008056640625,485.5037536621094,102.21617126464844,528.9314575195312,167.77008056640625,0.8246752023696899
game1/Clip2,36,24,player_bottom,729.2747802734375,523.30712890625,697.224853515625,396.25469970703125,761.32470703125,523.30712890625,0.905889630317688
game1/Clip2,36,25,player_top,507.29730224609375,168.31900024414062,485.30810546875,103.7402114868164,529.2864990234375,168.31900024414062,0.8336634635925293
game1/Clip2,37,24,player_bottom,730.0891723632812,524.2633666992188,697.4349975585938,400.55926513671875,762.7433471679688,524.2633666992188,0.9074726104736328
game1/Clip2,37,25,player_top,506.2818603515625,168.3688201904297,483.9774475097656,103.8443603515625,528.5862426757812,168.3688201904297,0.8087694644927979
game1/Clip2,38,24,player_bottom,728.7027587890625,524.8736572265625,695.063232421875,402.14813232421875,762.34228515625,524.8736572265625,0.9019168615341187
game1/Clip2,38,25,player_top,507.68798828125,168.71746826171875,484.97760009765625,104.15467834472656,530.3983764648438,168.71746826171875,0.7767816781997681
game1/Clip2,39,24,player_bottom,725.6123046875,525.1076049804688,690.4592895507812,398.9380187988281,760.765380859375,525.1076049804688,0.9024543166160583
game1/Clip2,39,25,player_top,510.5262145996094,169.50006103515625,486.9710693359375,103.8227767944336,534.0813598632812,169.50006103515625,0.8097909092903137
game1/Clip2,40,24,player_bottom,720.9544677734375,524.8544311523438,685.0017700195312,396.66729736328125,756.9072265625,524.8544311523438,0.909591555595398
game1/Clip2,40,25,player_top,514.4053955078125,170.0376739501953,490.83685302734375,105.63915252685547,537.9739990234375,170.0376739501953,0.7917592525482178
game1/Clip2,41,24,player_bottom,716.2294311523438,523.3662719726562,679.8662719726562,393.5516662597656,752.5925903320312,523.3662719726562,0.886294960975647
game1/Clip2,41,25,player_top,521.0396728515625,170.80601501464844,496.29217529296875,104.66898345947266,545.7872314453125,170.80601501464844,0.831468939781189
game1/Clip2,42,24,player_bottom,710.923583984375,520.6404418945312,674.8758544921875,390.4631042480469,746.9713745117188,520.6404418945312,0.8878027200698853
game1/Clip2,42,25,player_top,529.578857421875,170.26441955566406,504.09234619140625,103.33721923828125,555.0654296875,170.26441955566406,0.7833700776100159
game1/Clip2,43,24,player_bottom,706.4967041015625,514.1777954101562,671.8951416015625,388.1595458984375,741.0983276367188,514.1777954101562,0.8949917554855347
game1/Clip2,43,25,player_top,536.8372802734375,170.07742309570312,511.16607666015625,102.67098999023438,562.5084838867188,170.07742309570312,0.7481282353401184
game1/Clip2,44,24,player_bottom,704.5226440429688,511.8764953613281,670.0198364257812,385.7214050292969,739.0254516601562,511.8764953613281,0.8901724815368652
game1/Clip2,44,22,player_top,787.1686538384885,119.18740424331354,771.5182009327168,68.3329459988341,802.8191615513393,119.18740424331354,0.6963224483996021
game1/Clip2,45,24,player_bottom,702.5877685546875,510.58343505859375,667.9398193359375,383.5546569824219,737.2357177734375,510.58343505859375,0.8817623257637024
game1/Clip2,45,25,player_top,545.7777709960938,169.84634399414062,520.074462890625,103.60896301269531,571.4810791015625,169.84634399414062,0.7508758902549744
game1/Clip2,46,24,player_bottom,698.3609008789062,510.48126220703125,662.8356323242188,380.55950927734375,733.8861694335938,510.48126220703125,0.8809975981712341
game1/Clip2,46,22,player_top,787.1652059749681,119.42073417196468,771.5100172393176,68.52856398601921,802.8204520089286,119.42073417196468,0.7002686067503325
game1/Clip2,47,24,player_bottom,695.0928955078125,510.6788330078125,658.8129272460938,377.9317932128906,731.372802734375,510.6788330078125,0.863265872001648
game1/Clip2,47,22,player_top,787.1634820432079,119.53739913629026,771.505925392618,68.62637297961177,802.8210972377232,119.53739913629026,0.7022416859256978
game1/Clip2,48,24,player_bottom,689.3460693359375,510.8816833496094,652.9099731445312,376.4938049316406,725.7821044921875,510.8816833496094,0.8907788395881653
game1/Clip2,48,22,player_top,787.1617581114477,119.65406410061583,771.5018335459183,68.72418197320432,802.8217424665179,119.65406410061583,0.7042147651010631
game1/Clip2,49,24,player_bottom,681.243408203125,511.7659912109375,644.927001953125,376.3941345214844,717.5597534179688,511.7659912109375,0.883105993270874
game1/Clip2,49,22,player_top,787.1600341796875,119.7707290649414,771.4977416992188,68.82199096679688,802.8223876953125,119.7707290649414,0.7061878442764282
game1/Clip2,50,24,player_bottom,670.3424072265625,511.21746826171875,634.5680541992188,377.72637939453125,706.11669921875,511.21746826171875,0.8863933086395264
game1/Clip2,50,22,player_top,787.1663818359375,119.66378784179688,771.5693969726562,68.93815612792969,802.763427734375,119.66378784179688,0.7009447813034058
game1/Clip2,51,24,player_bottom,659.15625,511.9108581542969,623.7357788085938,380.4424133300781,694.57666015625,511.9108581542969,0.9045866131782532
game1/Clip2,51,22,player_top,787.1663818359375,119.66378784179688,771.5693969726562,68.93815612792969,802.763427734375,119.66378784179688,0.7009447813034058
game1/Clip2,52,24,player_bottom,649.962158203125,512.5509643554688,614.705322265625,383.6404113769531,685.2190551757812,512.5509643554688,0.9050071239471436
game1/Clip2,52,22,player_top,787.1663818359375,119.66378784179688,771.5693969726562,68.93815612792969,802.763427734375,119.66378784179688,0.7009447813034058
game1/Clip2,53,24,player_bottom,643.34521484375,514.2476196289062,608.1016845703125,388.0301513671875,678.5888061523438,514.2476196289062,0.9064399003982544
game1/Clip2,53,22,player_top,787.1663818359375,119.66378784179688,771.5693969726562,68.93815612792969,802.763427734375,119.66378784179688,0.7009447813034058
game1/Clip2,54,24,player_bottom,640.9332275390625,515.2586669921875,605.8991088867188,392.7561950683594,675.96728515625,515.2586669921875,0.8985689878463745
game1/Clip2,54,22,player_top,787.1663818359375,119.66378784179688,771.5693969726562,68.93815612792969,802.763427734375,119.66378784179688,0.7009447813034058
game1/Clip2,55,24,player_bottom,640.300537109375,515.706787109375,605.0177001953125,395.1749267578125,675.5833740234375,515.706787109375,0.9003141522407532
game1/Clip2,55,36,player_top,598.785400390625,165.53749084472656,562.5087280273438,109.61458587646484,635.0620727539062,165.53749084472656,0.7036221027374268
game1/Clip2,56,24,player_bottom,640.949951171875,515.4832153320312,605.244873046875,396.45587158203125,676.6549682617188,515.4832153320312,0.9072900414466858
game1/Clip2,56,36,player_top,602.8707275390625,166.840576171875,564.9730834960938,106.3488998413086,640.768310546875,166.840576171875,0.7447431683540344
game1/Clip2,57,24,player_bottom,641.9835815429688,515.160400390625,605.5642700195312,396.61627197265625,678.4028930664062,515.160400390625,0.9140159487724304
game1/Clip2,57,36,player_top,606.88720703125,168.39517211914062,568.107666015625,104.00442504882812,645.666748046875,168.39517211914062,0.7283623814582825
game1/Clip2,58,24,player_bottom,643.2092895507812,514.73388671875,605.8380737304688,395.72625732421875,680.5805053710938,514.73388671875,0.9161267280578613
game1/Clip2,58,36,player_top,610.845947265625,169.32403564453125,572.652587890625,103.05824279785156,649.039306640625,169.32403564453125,0.7462664246559143
game1/Clip2,59,24,player_bottom,644.7122802734375,514.7505493164062,605.7522583007812,392.8723449707031,683.6722412109375,514.7505493164062,0.9184833765029907
game1/Clip2,59,36,player_top,615.0182495117188,167.9613800048828,579.062255859375,102.54454803466797,650.9742431640625,167.9613800048828,0.7427836656570435
game1/Clip2,60,24,player_bottom,647.317626953125,515.3446655273438,606.5457153320312,389.8110656738281,688.089599609375,515.3446655273438,0.9143604636192322
game1/Clip2,60,36,player_top,621.3114624023438,168.91253662109375,585.573486328125,101.00926208496094,657.0494384765625,168.91253662109375,0.7161744236946106
game1/Clip2,61,24,player_bottom,651.2273559570312,515.9447021484375,608.367431640625,385.7653503417969,694.0872802734375,515.9447021484375,0.8962554931640625
game1/Clip2,61,36,player_top,626.952392578125,169.6272430419922,591.8597412109375,100.14141845703125,662.0449829101562,169.6272430419922,0.7503670454025269
game1/Clip2,62,24,player_bottom,654.861328125,519.3914794921875,609.7647094726562,383.055419921875,699.9579467773438,519.3914794921875,0.9004182815551758
game1/Clip2,62,36,player_top,631.333740234375,169.58090209960938,597.4432983398438,99.816650390625,665.22412109375,169.58090209960938,0.7421537041664124
game1/Clip2,63,24,player_bottom,663.4349365234375,521.999267578125,617.4093627929688,382.0505065917969,709.46044921875,521.999267578125,0.9140105843544006
game1/Clip2,63,36,player_top,634.648193359375,168.1477508544922,601.86767578125,98.24961853027344,667.4286499023438,168.1477508544922,0.7679409384727478
game1/Clip2,64,24,player_bottom,674.337158203125,523.2066040039062,628.2799682617188,381.30712890625,720.394287109375,523.2066040039062,0.906383752822876
game1/Clip2,64,22,player_top,787.1663818359375,119.66378784179688,771.5693969726562,68.93815612792969,802.763427734375,119.66378784179688,0.7009447813034058
game1/Clip2,65,24,player_bottom,687.4020385742188,523.025146484375,642.4688720703125,380.4093933105469,732.335205078125,523.025146484375,0.8653278946876526
game1/Clip2,65,36,player_top,638.8131103515625,165.41067504882812,609.2440795898438,97.26374053955078,668.3822021484375,165.41067504882812,0.7344048023223877
game1/Clip2,66,24,player_bottom,696.571533203125,522.6165771484375,652.1878662109375,377.9770202636719,740.9552612304688,522.6165771484375,0.8731321096420288
game1/Clip2,66,22,player_top,787.1663818359375,119.66378784179688,771.5693969726562,68.93815612792969,802.763427734375,119.66378784179688,0.7009447813034058
game1/Clip2,67,24,player_bottom,703.6112060546875,520.2225341796875,660.1553344726562,375.7879333496094,747.0670166015625,520.2225341796875,0.8775842785835266
game1/Clip2,67,22,player_top,787.1663818359375,119.66378784179688,771.5693969726562,68.93815612792969,802.763427734375,119.66378784179688,0.7009447813034058
game1/Clip2,68,24,player_bottom,710.86572265625,515.3238525390625,669.0360107421875,373.84332275390625,752.6954345703125,515.3238525390625,0.857100784778595
game1/Clip2,68,36,player_top,643.0447998046875,165.514404296875,616.71337890625,96.28820037841797,669.3762817382812,165.514404296875,0.7260551452636719
game1/Clip2,69,24,player_bottom,720.5743408203125,512.0709228515625,679.9727172851562,372.07769775390625,761.176025390625,512.0709228515625,0.8839889764785767
game1/Clip2,69,22,player_top,787.1663818359375,119.66378784179688,771.5693969726562,68.93815612792969,802.763427734375,119.66378784179688,0.7009447813034058
game1/Clip2,70,24,player_bottom,732.880859375,509.2234191894531,693.864501953125,370.75299072265625,771.8972778320312,509.2234191894531,0.8445563912391663
game1/Clip2,70,22,player_top,787.1663818359375,119.66378784179688,771.5693969726562,68.93815612792969,802.763427734375,119.66378784179688,0.7009447813034058
game1/Clip2,71,24,player_bottom,743.8607788085938,506.72412109375,706.3970336914062,369.5213928222656,781.3245239257812,506.72412109375,0.8772026896476746
game1/Clip2,71,22,player_top,787.1663818359375,119.66378784179688,771.5693969726562,68.93815612792969,802.763427734375,119.66378784179688,0.7009447813034058
game1/Clip2,72,24,player_bottom,752.0906372070312,511.0028991699219,714.5191040039062,369.1054382324219,789.6621704101562,511.0028991699219,0.839057981967926
game1/Clip2,72,36,player_top,647.4867553710938,164.01815795898438,623.5401000976562,92.36979675292969,671.4334106445312,164.01815795898438,0.7806683778762817
game1/Clip2,73,24,player_bottom,760.9031372070312,512.905029296875,723.8377685546875,369.17974853515625,797.968505859375,512.905029296875,0.8709943294525146
game1/Clip2,73,36,player_top,647.889892578125,163.3319854736328,624.7291870117188,92.51222229003906,671.0506591796875,163.3319854736328,0.7828657627105713
game1/Clip2,74,24,player_bottom,767.356201171875,513.4600830078125,731.0138549804688,368.2802429199219,803.698486328125,513.4600830078125,0.8442087173461914
game1/Clip2,74,36,player_top,647.82958984375,163.1489715576172,625.2482299804688,92.8521957397461,670.410888671875,163.1489715576172,0.805616021156311
game1/Clip2,75,24,player_bottom,772.94287109375,512.9275512695312,737.3987426757812,366.9812927246094,808.4869995117188,512.9275512695312,0.8569917678833008
game1/Clip2,75,36,player_top,646.5625,162.9555206298828,624.2947387695312,92.92935943603516,668.8302001953125,162.9555206298828,0.84358149766922
game1/Clip2,76,24,player_bottom,777.6798095703125,510.07867431640625,743.53173828125,366.2358093261719,811.8278198242188,510.07867431640625,0.8354752659797668
game1/Clip2,76,36,player_top,645.10791015625,162.74256896972656,622.8840942382812,92.6402359008789,667.3316650390625,162.74256896972656,0.8370627164840698
game1/Clip2,77,24,player_bottom,782.17529296875,503.1109619140625,750.1539916992188,365.3481140136719,814.196533203125,503.1109619140625,0.8582973480224609
game1/Clip2,77,36,player_top,644.372314453125,163.01901245117188,621.8994140625,91.77706909179688,666.8451538085938,163.01901245117188,0.8348036408424377
game1/Clip2,78,24,player_bottom,786.0703735351562,500.0592346191406,755.2183837890625,364.45806884765625,816.92236328125,500.0592346191406,0.8528279066085815
game1/Clip2,78,36,player_top,643.9158935546875,163.10394287109375,621.14111328125,90.37007141113281,666.6906127929688,163.10394287109375,0.8541657328605652
game1/Clip2,79,24,player_bottom,790.1663818359375,498.4187927246094,759.863525390625,362.9189147949219,820.4691772460938,498.4187927246094,0.8589416742324829
game1/Clip2,79,36,player_top,643.327392578125,162.66261291503906,620.4293823242188,88.7977066040039,666.225341796875,162.66261291503906,0.8337514996528625
game1/Clip2,80,24,player_bottom,798.0553588867188,497.2874755859375,767.7686767578125,362.0337219238281,828.342041015625,497.2874755859375,0.880743145942688
game1/Clip2,80,36,player_top,642.3621215820312,162.40182495117188,619.4861450195312,87.8521957397461,665.2380981445312,162.40182495117188,0.8351729512214661
game1/Clip2,81,24,player_bottom,804.7701416015625,496.3320617675781,774.2636108398438,361.34912109375,835.2767333984375,496.3320617675781,0.8776391744613647
game1/Clip2,81,36,player_top,641.4024658203125,162.2418975830078,618.5516357421875,87.02474975585938,664.2533569335938,162.2418975830078,0.8186993598937988
game1/Clip2,82,24,player_bottom,809.6061401367188,495.3922424316406,778.8276977539062,360.9402770996094,840.3845825195312,495.3922424316406,0.8924700617790222
game1/Clip2,82,36,player_top,640.1078491210938,161.7679443359375,617.3530883789062,86.43128967285156,662.8626098632812,161.7679443359375,0.7955402731895447
game1/Clip2,83,24,player_bottom,812.4147338867188,493.87225341796875,781.4229736328125,360.50445556640625,843.406494140625,493.87225341796875,0.8876097202301025
game1/Clip2,83,36,player_top,639.3302001953125,161.74517822265625,616.5313720703125,86.05435943603516,662.1290893554688,161.74517822265625,0.8000079393386841
game1/Clip2,84,24,player_bottom,813.6246337890625,492.7414855957031,782.4268188476562,360.6553955078125,844.8223876953125,492.7414855957031,0.8810027837753296
game1/Clip2,84,36,player_top,638.21826171875,161.70550537109375,615.4479370117188,86.2941665649414,660.988525390625,161.70550537109375,0.7876958847045898
game1/Clip2,85,24,player_bottom,818.2904052734375,492.3460693359375,786.0946655273438,360.6839294433594,850.486083984375,492.3460693359375,0.874899685382843
game1/Clip2,85,36,player_top,636.5677490234375,162.02626037597656,613.6788940429688,86.80269622802734,659.4566040039062,162.02626037597656,0.8186740279197693
game1/Clip2,86,24,player_bottom,820.3870849609375,492.2370300292969,787.2496948242188,359.6931457519531,853.5245361328125,492.2370300292969,0.892866849899292
game1/Clip2,86,36,player_top,632.7127075195312,162.08438110351562,610.0878295898438,90.2614974975586,655.3375854492188,162.08438110351562,0.8274457454681396
game1/Clip2,87,24,player_bottom,818.1624755859375,491.6214904785156,784.3245849609375,357.03485107421875,852.0003662109375,491.6214904785156,0.8945111036300659
game1/Clip2,87,36,player_top,630.3031005859375,162.4089813232422,607.9711303710938,93.9317855834961,652.6350708007812,162.4089813232422,0.8284577131271362
game1/Clip2,88,24,player_bottom,817.4415283203125,490.9486389160156,782.5720825195312,352.4823913574219,852.3109130859375,490.9486389160156,0.8924440145492554
game1/Clip2,88,36,player_top,629.553955078125,162.543212890625,607.499267578125,97.39154815673828,651.608642578125,162.543212890625,0.8258917927742004
game1/Clip2,89,24,player_bottom,818.7796630859375,488.3907470703125,783.1063842773438,346.39093017578125,854.4530029296875,488.3907470703125,0.8889857530593872
game1/Clip2,89,36,player_top,629.4530029296875,162.58555603027344,607.653076171875,100.50041198730469,651.2528686523438,162.58555603027344,0.8122954368591309
game1/Clip2,90,24,player_bottom,819.30224609375,486.1710510253906,783.27783203125,341.0064392089844,855.32666015625,486.1710510253906,0.8815603256225586
game1/Clip2,90,36,player_top,629.3984985351562,162.60220336914062,607.5682373046875,102.49868774414062,651.228759765625,162.60220336914062,0.7751440405845642
game1/Clip2,91,24,player_bottom,823.2589721679688,484.7524108886719,786.46142578125,335.7489929199219,860.0565185546875,484.7524108886719,0.8251064419746399
game1/Clip2,91,36,player_top,628.2545166015625,162.5662841796875,606.2636108398438,103.22130584716797,650.2454223632812,162.5662841796875,0.78179532289505
game1/Clip2,92,24,player_bottom,827.447021484375,483.2289733886719,790.2743530273438,332.64019775390625,864.61962890625,483.2289733886719,0.8724697232246399
game1/Clip2,92,36,player_top,626.5369262695312,162.51756286621094,604.1732788085938,103.0916519165039,648.9005737304688,162.51756286621094,0.7874352335929871
game1/Clip2,93,24,player_bottom,826.21240234375,480.4353332519531,789.9331665039062,330.8260498046875,862.4916381835938,480.4353332519531,0.8466649055480957
game1/Clip2,93,22,player_top,787.1663818359375,119.66378784179688,771.5693969726562,68.93815612792969,802.763427734375,119.66378784179688,0.7009447813034058
game1/Clip2,94,24,player_bottom,827.773681640625,476.9726257324219,792.4334716796875,329.54559326171875,863.1138305664062,476.9726257324219,0.8728137016296387
game1/Clip2,94,22,player_top,787.1663818359375,119.66378784179688,771.5693969726562,68.93815612792969,802.763427734375,119.66378784179688,0.7009447813034058
game1/Clip2,95,24,player_bottom,831.5993041992188,474.3117980957031,796.8349609375,329.1976318359375,866.3636474609375,474.3117980957031,0.904318630695343
game1/Clip2,95,36,player_top,607.629638671875,161.9013671875,585.3087158203125,101.96985626220703,629.9505615234375,161.9013671875,0.7674919366836548
game1/Clip2,96,24,player_bottom,835.09033203125,470.7579345703125,800.9242553710938,329.3878479003906,869.2564697265625,470.7579345703125,0.9039676189422607
game1/Clip2,96,36,player_top,600.7652587890625,162.23326110839844,578.8302612304688,102.5111083984375,622.7002563476562,162.23326110839844,0.7488001585006714
game1/Clip2,97,24,player_bottom,836.60595703125,470.39166259765625,802.6445922851562,330.5210266113281,870.5672607421875,470.39166259765625,0.8964633941650391
game1/Clip2,97,36,player_top,595.715576171875,162.46449279785156,573.8675537109375,102.09281158447266,617.5635375976562,162.46449279785156,0.7789645195007324
game1/Clip2,98,24,player_bottom,837.9122314453125,472.5216979980469,804.0225830078125,332.86053466796875,871.8018188476562,472.5216979980469,0.89517742395401
game1/Clip2,98,22,player_top,787.1663818359375,119.66378784179688,771.5693969726562,68.93815612792969,802.763427734375,119.66378784179688,0.7009447813034058
game1/Clip2,99,24,player_bottom,839.1820068359375,473.2184753417969,805.9581909179688,336.66912841796875,872.4058227539062,473.2184753417969,0.8884115815162659
game1/Clip2,99,22,player_top,787.1663818359375,119.66378784179688,771.5693969726562,68.93815612792969,802.763427734375,119.66378784179688,0.7009447813034058
game1/Clip2,100,24,player_bottom,840.3228759765625,473.2535095214844,807.4554443359375,339.1980285644531,873.1903686523438,473.2535095214844,0.8892866373062134
game1/Clip2,100,36,player_top,579.7664794921875,163.31021118164062,557.8631591796875,102.21441650390625,601.6697387695312,163.31021118164062,0.7297994494438171
game1/Clip2,101,24,player_bottom,839.4349365234375,473.0892333984375,806.7384643554688,341.2152404785156,872.1314086914062,473.0892333984375,0.8925272822380066
game1/Clip2,101,22,player_top,787.1663818359375,119.66378784179688,771.5693969726562,68.93815612792969,802.763427734375,119.66378784179688,0.7009447813034058
game1/Clip2,102,24,player_bottom,836.97412109375,472.14306640625,802.9325561523438,336.66387939453125,871.0157470703125,472.14306640625,0.8860580921173096
game1/Clip2,102,22,player_top,787.1663818359375,119.66378784179688,771.5693969726562,68.93815612792969,802.763427734375,119.66378784179688,0.7009447813034058
game1/Clip2,103,24,player_bottom,833.3507080078125,469.4435729980469,799.1533813476562,336.8148498535156,867.5480346679688,469.4435729980469,0.862614631652832
game1/Clip2,103,22,player_top,787.1663818359375,119.66378784179688,771.5693969726562,68.93815612792969,802.763427734375,119.66378784179688,0.7009447813034058
game1/Clip2,104,24,player_bottom,833.05615234375,463.9891662597656,799.4570922851562,335.4728088378906,866.6552124023438,463.9891662597656,0.8780539631843567
game1/Clip2,104,22,player_top,787.1663818359375,119.66378784179688,771.5693969726562,68.93815612792969,802.763427734375,119.66378784179688,0.7009447813034058
game1/Clip2,105,24,player_bottom,828.50732421875,460.47845458984375,794.7847290039062,334.52685546875,862.22998046875,460.47845458984375,0.8920139670372009
game1/Clip2,105,36,player_top,552.398681640625,165.8409881591797,532.2758178710938,105.0859603881836,572.5216064453125,165.8409881591797,0.7374514937400818
game1/Clip2,106,24,player_bottom,824.6160278320312,456.9413757324219,791.00146484375,333.18133544921875,858.2305908203125,456.9413757324219,0.8765195608139038
game1/Clip2,106,36,player_top,549.9534912109375,165.63829040527344,530.3724365234375,104.01780700683594,569.5346069335938,165.63829040527344,0.7538394927978516
game1/Clip2,107,24,player_bottom,819.70849609375,454.6993103027344,786.0023803710938,331.24200439453125,853.4146118164062,454.6993103027344,0.8608031272888184
game1/Clip2,107,36,player_top,546.8651123046875,165.79043579101562,527.5932006835938,102.8559799194336,566.136962890625,165.79043579101562,0.7673568725585938
game1/Clip2,108,24,player_bottom,812.235595703125,453.9222412109375,777.980712890625,327.62017822265625,846.4904174804688,453.9222412109375,0.8596146702766418
game1/Clip2,108,36,player_top,544.3536987304688,165.8266143798828,525.38427734375,101.78311157226562,563.3231201171875,165.8266143798828,0.7541356086730957
game1/Clip2,109,24,player_bottom,803.5801391601562,452.83062744140625,768.9522094726562,323.61517333984375,838.2080688476562,452.83062744140625,0.8720115423202515
game1/Clip2,109,36,player_top,540.6630859375,166.25430297851562,521.5443725585938,100.20862579345703,559.7817993164062,166.25430297851562,0.7653640508651733
game1/Clip2,110,24,player_bottom,796.37939453125,449.6282043457031,761.9151611328125,319.4966125488281,830.8435668945312,449.6282043457031,0.8681942820549011
game1/Clip2,110,36,player_top,537.109130859375,166.8542022705078,517.8587036132812,99.62374114990234,556.3595581054688,166.8542022705078,0.8115662336349487
game1/Clip2,111,24,player_bottom,789.911376953125,445.8627624511719,755.6964721679688,315.6833190917969,824.1262817382812,445.8627624511719,0.8558111786842346
game1/Clip2,111,36,player_top,534.46484375,167.24041748046875,514.9597778320312,98.3576889038086,553.9699096679688,167.24041748046875,0.8122711777687073
game1/Clip2,112,24,player_bottom,785.6773071289062,442.90814208984375,751.6438598632812,312.6853942871094,819.7107543945312,442.90814208984375,0.8507779836654663
game1/Clip2,112,36,player_top,532.760009765625,167.60621643066406,513.1748046875,97.64767456054688,552.34521484375,167.60621643066406,0.8116255402565002
game1/Clip2,113,24,player_bottom,780.99609375,439.1014404296875,747.630859375,311.3598937988281,814.3613891601562,439.1014404296875,0.8654279708862305
game1/Clip2,113,36,player_top,531.92236328125,167.8090057373047,512.6165161132812,97.9898910522461,551.228271484375,167.8090057373047,0.7848193049430847
game1/Clip2,114,24,player_bottom,776.142822265625,437.9475402832031,742.930419921875,310.5593566894531,809.355224609375,437.9475402832031,0.8686670064926147
game1/Clip2,114,36,player_top,531.0152587890625,167.68711853027344,511.7896423339844,97.18597412109375,550.2408447265625,167.68711853027344,0.8162493109703064
game1/Clip2,115,24,player_bottom,770.4483642578125,435.9518127441406,737.9305419921875,310.77313232421875,802.9661865234375,435.9518127441406,0.8681243062019348
game1/Clip2,115,36,player_top,530.1903076171875,167.60548400878906,511.1036376953125,96.57927703857422,549.2769165039062,167.60548400878906,0.849559485912323
game1/Clip2,116,24,player_bottom,765.38916015625,433.20562744140625,733.724853515625,310.8251647949219,797.0535278320312,433.20562744140625,0.828391432762146
game1/Clip2,116,36,player_top,529.8482666015625,167.63046264648438,510.857421875,95.90856170654297,548.8391723632812,167.63046264648438,0.8462584614753723
game1/Clip2,117,24,player_bottom,758.8575439453125,431.9878845214844,727.7992553710938,310.3689880371094,789.9158325195312,431.9878845214844,0.8355409502983093
game1/Clip2,117,36,player_top,529.6183471679688,167.5291290283203,510.7276611328125,95.07828521728516,548.509033203125,167.5291290283203,0.8383023142814636
game1/Clip2,118,24,player_bottom,751.2941284179688,430.53717041015625,720.3840942382812,308.7134704589844,782.2041625976562,430.53717041015625,0.848487913608551
game1/Clip2,118,36,player_top,529.4765014648438,167.47439575195312,510.6472473144531,94.04864501953125,548.3057861328125,167.47439575195312,0.8326040506362915
game1/Clip2,119,24,player_bottom,746.953125,430.014404296875,716.3958129882812,306.87255859375,777.510498046875,430.014404296875,0.8134430050849915
game1/Clip2,119,36,player_top,529.4066772460938,167.41355895996094,510.7139587402344,93.29945373535156,548.099365234375,167.41355895996094,0.8244850635528564
game1/Clip2,120,24,player_bottom,743.2669677734375,429.5193176269531,712.538330078125,303.6150207519531,773.9956665039062,429.5193176269531,0.8401992321014404
game1/Clip2,120,36,player_top,529.6180419921875,167.41033935546875,511.0833740234375,92.73739624023438,548.1526489257812,167.41033935546875,0.822436511516571
game1/Clip2,121,24,player_bottom,739.767578125,426.38616943359375,709.7708740234375,302.6046142578125,769.7642211914062,426.38616943359375,0.8483304381370544
game1/Clip2,121,36,player_top,529.859130859375,167.44761657714844,511.53436279296875,92.48567962646484,548.1838989257812,167.44761657714844,0.8226431608200073
game1/Clip2,122,24,player_bottom,735.4033813476562,424.4204406738281,705.679443359375,302.5602111816406,765.1273193359375,424.4204406738281,0.8620409965515137
game1/Clip2,122,36,player_top,530.0938720703125,167.36697387695312,512.1301879882812,92.88114166259766,548.0575561523438,167.36697387695312,0.8235827684402466
game1/Clip2,123,24,player_bottom,730.203857421875,421.71038818359375,700.5985107421875,302.09906005859375,759.8092651367188,421.71038818359375,0.8637077808380127
game1/Clip2,123,36,player_top,530.3482666015625,167.468994140625,512.6990966796875,93.39137268066406,547.9974975585938,167.468994140625,0.8156266212463379
game1/Clip2,124,24,player_bottom,726.656005859375,421.4722900390625,697.0023803710938,303.0447692871094,756.3096923828125,421.4722900390625,0.8796365261077881
game1/Clip2,124,36,player_top,530.5103759765625,167.35369873046875,513.191162109375,93.89847564697266,547.8296508789062,167.35369873046875,0.8247013092041016
game1/Clip2,125,24,player_bottom,722.2108154296875,421.519775390625,692.6215209960938,303.87371826171875,751.8001098632812,421.519775390625,0.8516199588775635
game1/Clip2,125,36,player_top,530.951171875,167.22760009765625,513.9671630859375,94.60140228271484,547.9351806640625,167.22760009765625,0.8324735760688782
game1/Clip2,126,24,player_bottom,717.0092163085938,421.2272033691406,687.63525390625,304.1224060058594,746.3831787109375,421.2272033691406,0.8655659556388855
game1/Clip2,126,36,player_top,531.3409423828125,167.13963317871094,514.5960693359375,95.11459350585938,548.0858154296875,167.13963317871094,0.8347373604774475
game1/Clip2,127,24,player_bottom,711.062255859375,421.41644287109375,681.9824829101562,304.1886291503906,740.1419677734375,421.41644287109375,0.8385522365570068
game1/Clip2,127,36,player_top,531.551513671875,167.09112548828125,514.95751953125,95.36927795410156,548.1455688476562,167.09112548828125,0.8225060701370239
game1/Clip2,128,24,player_bottom,702.057373046875,421.2228088378906,673.396484375,303.40814208984375,730.71826171875,421.2228088378906,0.8423386216163635
game1/Clip2,128,36,player_top,531.551513671875,167.09112548828125,514.95751953125,95.36927795410156,548.1455688476562,167.09112548828125,0.8225060701370239
game1/Clip2,129,24,player_bottom,694.3136596679688,420.8532409667969,666.0458374023438,302.1438293457031,722.5814819335938,420.8532409667969,0.8506482243537903
game1/Clip2,129,36,player_top,531.551513671875,167.09112548828125,514.95751953125,95.36927795410156,548.1455688476562,167.09112548828125,0.8225060701370239
game1/Clip3,0,38,player_bottom,561.0872192382812,553.4176635742188,529.4708862304688,398.9673156738281,592.7035522460938,553.4176635742188,0.8584727644920349
game1/Clip3,0,39,player_top,782.9332275390625,163.51571655273438,759.930419921875,111.25956726074219,805.9360961914062,163.51571655273438,0.817491888999939
game1/Clip3,1,38,player_bottom,561.0872192382812,553.4176635742188,529.4708862304688,398.9673156738281,592.7035522460938,553.4176635742188,0.8584727644920349
game1/Clip3,1,39,player_top,782.9332275390625,163.51571655273438,759.930419921875,111.25956726074219,805.9360961914062,163.51571655273438,0.817491888999939
game1/Clip3,2,38,player_bottom,562.7315063476562,553.8118286132812,530.7586059570312,397.86126708984375,594.7044067382812,553.8118286132812,0.8838789463043213
game1/Clip3,2,39,player_top,782.972900390625,163.48512268066406,760.04052734375,111.39783477783203,805.9052124023438,163.48512268066406,0.8214391469955444
game1/Clip3,3,38,player_bottom,564.5248413085938,554.0449829101562,532.2860717773438,397.30816650390625,596.7636108398438,554.0449829101562,0.8836926221847534
game1/Clip3,3,39,player_top,783.0811767578125,163.5207061767578,760.1103515625,111.35101318359375,806.0519409179688,163.5207061767578,0.8223846554756165
game1/Clip3,4,38,player_bottom,565.274169921875,553.9611206054688,532.958740234375,397.5121765136719,597.5895385742188,553.9611206054688,0.8520890474319458
game1/Clip3,4,39,player_top,783.0498046875,163.5775146484375,759.7823486328125,110.70111083984375,806.3173217773438,163.5775146484375,0.8189378976821899
game1/Clip3,5,38,player_bottom,563.08935546875,552.9833374023438,530.8411865234375,396.82177734375,595.3374633789062,552.9833374023438,0.8364996314048767
game1/Clip3,5,39,player_top,783.10302734375,163.61842346191406,759.4747924804688,109.8305892944336,806.731201171875,163.61842346191406,0.809475839138031
game1/Clip3,6,38,player_bottom,562.1654052734375,551.2728271484375,528.7345581054688,388.6134338378906,595.5963134765625,551.2728271484375,0.7370224595069885
game1/Clip3,6,39,player_top,783.03515625,163.62643432617188,759.03173828125,108.84182739257812,807.0386352539062,163.62643432617188,0.8121066689491272
game1/Clip3,7,38,player_bottom,560.6859130859375,551.6904907226562,525.6514892578125,379.6979675292969,595.7203979492188,551.6904907226562,0.7991644740104675
game1/Clip3,7,39,player_top,782.929443359375,163.6287078857422,758.4448852539062,107.51927185058594,807.4140014648438,163.6287078857422,0.8205161690711975
game1/Clip3,8,38,player_bottom,559.6897583007812,551.955322265625,523.5656127929688,372.4363098144531,595.8139038085938,551.955322265625,0.7949492335319519
game1/Clip3,8,39,player_top,782.7344360351562,163.31044006347656,757.6223754882812,105.31810760498047,807.8464965820312,163.31044006347656,0.8317539691925049
game1/Clip3,9,38,player_bottom,559.4065551757812,552.5430297851562,522.653076171875,367.5467224121094,596.1600341796875,552.5430297851562,0.8222638964653015
game1/Clip3,9,39,player_top,782.5645141601562,163.48611450195312,757.2896728515625,104.7123031616211,807.83935546875,163.48611450195312,0.821647047996521
game1/Clip3,10,38,player_bottom,560.08056640625,553.5926513671875,522.7935180664062,363.65924072265625,597.3676147460938,553.5926513671875,0.850658655166626
game1/Clip3,10,39,player_top,782.3651733398438,163.4738006591797,756.9395751953125,103.86629486083984,807.790771484375,163.4738006591797,0.8309656977653503
game1/Clip3,11,38,player_bottom,560.633056640625,554.2937622070312,523.0755004882812,360.77496337890625,598.1906127929688,554.2937622070312,0.8104865550994873
game1/Clip3,11,39,player_top,782.1806030273438,163.129638671875,756.5587158203125,102.40734100341797,807.802490234375,163.129638671875,0.8356553912162781
game1/Clip3,12,38,player_bottom,561.4598388671875,554.1522216796875,523.9783325195312,359.15289306640625,598.9413452148438,554.1522216796875,0.7977243065834045
game1/Clip3,12,39,player_top,782.0416259765625,163.02430725097656,756.269775390625,101.23072052001953,807.8135375976562,163.02430725097656,0.8384709358215332
game1/Clip3,13,38,player_bottom,562.0620727539062,553.453369140625,525.0361938476562,359.14849853515625,599.0879516601562,553.453369140625,0.7283604741096497
game1/Clip3,13,39,player_top,781.7950439453125,162.9801483154297,755.4645385742188,98.87480926513672,808.12548828125,162.9801483154297,0.8428756594657898
game1/Clip3,14,38,player_bottom,562.6673583984375,552.8316650390625,526.04296875,359.126220703125,599.2916870117188,552.8316650390625,0.8041771054267883
game1/Clip3,14,39,player_top,781.6200561523438,162.95541381835938,755.2440185546875,97.77228546142578,807.99609375,162.95541381835938,0.8496991395950317
game1/Clip3,15,38,player_bottom,564.7012329101562,553.5281372070312,528.3385009765625,360.6786804199219,601.06396484375,553.5281372070312,0.8318668603897095
game1/Clip3,15,39,player_top,781.5244750976562,162.9390411376953,755.1613159179688,96.75875091552734,807.8876342773438,162.9390411376953,0.8459024429321289
game1/Clip3,16,38,player_bottom,566.5518798828125,553.8470458984375,530.5858764648438,363.2708435058594,602.5179443359375,553.8470458984375,0.8417818546295166
game1/Clip3,16,39,player_top,781.2171630859375,162.91409301757812,754.9789428710938,95.91022491455078,807.455322265625,162.91409301757812,0.8603625297546387
game1/Clip3,17,38,player_bottom,568.3880615234375,554.6541748046875,532.7625732421875,366.88824462890625,604.0136108398438,554.6541748046875,0.8665924668312073
game1/Clip3,17,39,player_top,780.7753295898438,162.8866729736328,754.8970947265625,95.69209289550781,806.653564453125,162.8866729736328,0.8726986646652222
game1/Clip3,18,38,player_bottom,569.9652099609375,554.8958129882812,534.5380859375,369.4075012207031,605.392333984375,554.8958129882812,0.8751348853111267
game1/Clip3,18,39,player_top,780.439453125,162.9344940185547,754.8074951171875,95.21260070800781,806.0713500976562,162.9344940185547,0.8856620788574219
game1/Clip3,19,38,player_bottom,571.5125732421875,554.3152465820312,536.1464233398438,369.6221923828125,606.8787841796875,554.3152465820312,0.8798030614852905
game1/Clip3,19,39,player_top,780.418212890625,162.87876892089844,755.2694091796875,95.3147201538086,805.5669555664062,162.87876892089844,0.8733971118927002
game1/Clip3,20,38,player_bottom,573.1212158203125,553.581298828125,537.695556640625,368.1491394042969,608.5468139648438,553.581298828125,0.8839733004570007
game1/Clip3,20,39,player_top,780.4393310546875,162.85020446777344,755.78759765625,95.69779205322266,805.091064453125,162.85020446777344,0.8659616112709045
game1/Clip3,21,38,player_bottom,574.6236572265625,551.7159423828125,539.3970336914062,366.29180908203125,609.850341796875,551.7159423828125,0.8295976519584656
game1/Clip3,21,39,player_top,780.4374389648438,162.74754333496094,756.199951171875,95.94982147216797,804.6749267578125,162.74754333496094,0.8608718514442444
game1/Clip3,22,38,player_bottom,573.4968872070312,551.9557495117188,538.1990966796875,365.5404052734375,608.794677734375,551.9557495117188,0.8363511562347412
game1/Clip3,22,39,player_top,780.438232421875,162.7293243408203,756.4558715820312,95.89347076416016,804.4205322265625,162.7293243408203,0.8684350848197937
game1/Clip3,23,38,player_bottom,569.3425903320312,550.063720703125,537.1228637695312,384.88519287109375,601.5623168945312,550.063720703125,0.8053755164146423
game1/Clip3,23,39,player_top,780.2578735351562,162.71731567382812,756.4663696289062,95.74760437011719,804.0493774414062,162.71731567382812,0.8654572367668152
game1/Clip3,24,38,player_bottom,572.920166015625,544.2655029296875,542.1958618164062,388.2759094238281,603.6444702148438,544.2655029296875,0.8436404466629028
game1/Clip3,24,39,player_top,779.952392578125,162.69195556640625,755.9281616210938,94.35316467285156,803.9765625,162.69195556640625,0.8713037967681885
game1/Clip3,25,38,player_bottom,575.5126953125,534.1476440429688,545.6714477539062,386.07666015625,605.35400390625,534.1476440429688,0.8516136407852173
game1/Clip3,25,39,player_top,779.6303100585938,162.54666137695312,755.1555786132812,92.03768157958984,804.1050415039062,162.54666137695312,0.8578007221221924
game1/Clip3,26,38,player_bottom,585.2259521484375,528.2916870117188,554.2340698242188,374.65692138671875,616.2177734375,528.2916870117188,0.7892756462097168
game1/Clip3,26,39,player_top,778.7965087890625,162.23121643066406,754.39697265625,90.84449005126953,803.1959838867188,162.23121643066406,0.8656890988349915
game1/Clip3,27,38,player_bottom,590.86474609375,525.4425659179688,555.6564331054688,348.57806396484375,626.0730590820312,525.4425659179688,0.7852774858474731
game1/Clip3,27,39,player_top,777.2484130859375,162.3108367919922,753.2828369140625,91.24243927001953,801.2139892578125,162.3108367919922,0.8484857082366943
game1/Clip3,28,38,player_bottom,594.3385009765625,522.8425903320312,558.0596313476562,339.1285095214844,630.6173095703125,522.8425903320312,0.8340572118759155
game1/Clip3,28,39,player_top,774.531005859375,162.00416564941406,751.0039672851562,91.65298461914062,798.0580444335938,162.00416564941406,0.8481899499893188
game1/Clip3,29,38,player_bottom,596.1646118164062,521.501708984375,561.8319702148438,347.8766784667969,630.4972534179688,521.501708984375,0.8404898643493652
game1/Clip3,29,39,player_top,770.9556884765625,162.16323852539062,747.59912109375,92.375244140625,794.312255859375,162.16323852539062,0.8789370059967041
game1/Clip3,30,38,player_bottom,596.2330322265625,519.3783569335938,565.349853515625,364.8651123046875,627.1162719726562,519.3783569335938,0.8669165372848511
game1/Clip3,30,39,player_top,767.753173828125,163.39688110351562,744.2706909179688,93.90867614746094,791.235595703125,163.39688110351562,0.8398842215538025
game1/Clip3,31,38,player_bottom,596.2801513671875,519.22021484375,567.354736328125,376.4470520019531,625.20556640625,519.22021484375,0.8765150904655457
game1/Clip3,31,39,player_top,765.5360107421875,164.62403869628906,741.9491577148438,95.8294448852539,789.1229248046875,164.62403869628906,0.8471369743347168
game1/Clip3,32,38,player_bottom,596.5709228515625,518.4660034179688,568.6215209960938,382.3837890625,624.520263671875,518.4660034179688,0.8237611055374146
game1/Clip3,32,39,player_top,764.146484375,165.4843292236328,740.6054077148438,98.11829376220703,787.6875,165.4843292236328,0.8467922210693359
game1/Clip3,33,38,player_bottom,598.4185791015625,520.7116088867188,570.7236938476562,387.7200012207031,626.1134033203125,520.7116088867188,0.8795040845870972
game1/Clip3,33,39,player_top,763.1728515625,165.80018615722656,739.9828491210938,101.00808715820312,786.36279296875,165.80018615722656,0.8420441746711731
game1/Clip3,34,38,player_bottom,601.78369140625,522.4869995117188,574.3997192382812,393.19573974609375,629.167724609375,522.4869995117188,0.8744184970855713
game1/Clip3,34,39,player_top,762.78466796875,166.18492126464844,739.7601928710938,103.33123779296875,785.8091430664062,166.18492126464844,0.8074846267700195
game1/Clip3,35,38,player_bottom,605.1614990234375,523.3016967773438,577.7689208984375,396.66412353515625,632.5540771484375,523.3016967773438,0.8656576871871948
game1/Clip3,35,39,player_top,762.62353515625,166.54461669921875,739.5633544921875,105.01138305664062,785.6836547851562,166.54461669921875,0.8259559273719788
game1/Clip3,36,38,player_bottom,606.57763671875,523.525390625,578.90185546875,398.45123291015625,634.2533569335938,523.525390625,0.8499086499214172
game1/Clip3,36,39,player_top,763.006591796875,166.2532196044922,739.604736328125,105.24227905273438,786.408447265625,166.2532196044922,0.7999157905578613
game1/Clip3,37,38,player_bottom,608.62890625,523.6414184570312,580.3189697265625,398.9405212402344,636.9389038085938,523.6414184570312,0.8303101062774658
game1/Clip3,37,39,player_top,763.1436767578125,166.46336364746094,739.2783813476562,105.57406616210938,787.0089111328125,166.46336364746094,0.8143789172172546
game1/Clip3,38,38,player_bottom,609.4549560546875,523.6959838867188,580.2674560546875,398.3074951171875,638.6425170898438,523.6959838867188,0.8529708385467529
game1/Clip3,38,39,player_top,763.1602172851562,166.0950469970703,738.978515625,105.65333557128906,787.3419189453125,166.0950469970703,0.8142179846763611
game1/Clip3,39,38,player_bottom,608.2266845703125,523.1220092773438,578.124755859375,395.6202697753906,638.3286743164062,523.1220092773438,0.8843386173248291
game1/Clip3,39,39,player_top,764.928466796875,166.17897033691406,740.3546752929688,106.17462921142578,789.502197265625,166.17897033691406,0.7965049743652344
game1/Clip3,40,38,player_bottom,605.8648681640625,522.0791015625,575.012939453125,391.80706787109375,636.716796875,522.0791015625,0.8728876113891602
game1/Clip3,40,39,player_top,766.5961303710938,165.7838897705078,741.5115966796875,105.58061981201172,791.6806640625,165.7838897705078,0.7732826471328735
game1/Clip3,41,38,player_bottom,601.9818725585938,520.2538452148438,570.9189453125,387.71319580078125,633.0447998046875,520.2538452148438,0.8741151690483093
game1/Clip3,41,39,player_top,769.989501953125,165.83653259277344,744.441162109375,105.92863464355469,795.5377807617188,165.83653259277344,0.8185106515884399
game1/Clip3,42,38,player_bottom,599.6035766601562,517.6282958984375,568.57373046875,383.9089660644531,630.6334228515625,517.6282958984375,0.8812209367752075
game1/Clip3,42,39,player_top,774.8310546875,165.5804443359375,749.088134765625,106.546142578125,800.573974609375,165.5804443359375,0.8177751898765564
game1/Clip3,43,38,player_bottom,598.619140625,515.2962036132812,567.5172729492188,380.3165283203125,629.720947265625,515.2962036132812,0.8855743408203125
game1/Clip3,43,39,player_top,781.8792724609375,165.0758514404297,755.154052734375,105.0482177734375,808.6044921875,165.0758514404297,0.7711393237113953
game1/Clip3,44,38,player_bottom,597.2868041992188,513.9960327148438,566.0275268554688,377.5002746582031,628.5460815429688,513.9960327148438,0.878890872001648
game1/Clip3,44,37,player_top,633.263427734375,120.84334564208984,616.072509765625,62.880332946777344,650.4542846679688,120.84334564208984,0.7011228799819946
game1/Clip3,45,38,player_bottom,595.9052734375,512.0672607421875,564.8458251953125,375.4835510253906,626.9647827148438,512.0672607421875,0.8650800585746765
game1/Clip3,45,37,player_top,633.263427734375,120.84334564208984,616.072509765625,62.880332946777344,650.4542846679688,120.84334564208984,0.7011228799819946
game1/Clip3,46,38,player_bottom,594.6412963867188,511.33721923828125,563.4829711914062,373.43426513671875,625.7996215820312,511.33721923828125,0.8746390342712402
game1/Clip3,46,39,player_top,811.1918334960938,164.55325317382812,781.2047119140625,103.31873321533203,841.178955078125,164.55325317382812,0.704639196395874
game1/Clip3,47,38,player_bottom,592.7135009765625,511.8244323730469,561.2685546875,371.6522216796875,624.1585083007812,511.8244323730469,0.8814695477485657
game1/Clip3,47,37,player_top,633.263427734375,120.84334564208984,616.072509765625,62.880332946777344,650.4542846679688,120.84334564208984,0.7011228799819946
game1/Clip3,48,38,player_bottom,589.7267456054688,510.8628845214844,557.998046875,369.4369812011719,621.4554443359375,510.8628845214844,0.8777903914451599
game1/Clip3,48,37,player_top,633.263427734375,120.84334564208984,616.072509765625,62.880332946777344,650.4542846679688,120.84334564208984,0.7011228799819946
game1/Clip3,49,38,player_bottom,586.5916748046875,510.24163818359375,554.3682861328125,367.56591796875,618.8150024414062,510.24163818359375,0.8846402168273926
game1/Clip3,49,37,player_top,633.263427734375,120.84334564208984,616.072509765625,62.880332946777344,650.4542846679688,120.84334564208984,0.7011228799819946
game1/Clip3,50,38,player_bottom,584.0419921875,509.6332702636719,551.5459594726562,366.93182373046875,616.5379638671875,509.6332702636719,0.8962173461914062
game1/Clip3,50,39,player_top,817.36376953125,163.09530639648438,783.1180419921875,93.77801513671875,851.6095581054688,163.09530639648438,0.7670922875404358
game1/Clip3,51,38,player_bottom,581.7872314453125,509.70782470703125,549.1202392578125,366.8545227050781,614.4542846679688,509.70782470703125,0.9006698131561279
game1/Clip3,51,39,player_top,820.2206420898438,165.61936950683594,784.5601806640625,93.4615478515625,855.881103515625,165.61936950683594,0.8338837027549744
game1/Clip3,52,38,player_bottom,580.2640991210938,509.72113037109375,547.6288452148438,367.23480224609375,612.8993530273438,509.72113037109375,0.8942411541938782
game1/Clip3,52,39,player_top,823.4610595703125,167.99220275878906,787.7506713867188,95.60252380371094,859.1714477539062,167.99220275878906,0.7631832361221313
game1/Clip3,53,38,player_bottom,579.0933227539062,509.314208984375,546.47509765625,366.5799255371094,611.7115478515625,509.314208984375,0.8896598219871521
game1/Clip3,53,37,player_top,633.263427734375,120.84334564208984,616.072509765625,62.880332946777344,650.4542846679688,120.84334564208984,0.7011228799819946
game1/Clip3,54,38,player_bottom,576.469482421875,509.0792236328125,544.0186157226562,365.39324951171875,608.92041015625,509.0792236328125,0.8905576467514038
game1/Clip3,54,37,player_top,633.263427734375,120.84334564208984,616.072509765625,62.880332946777344,650.4542846679688,120.84334564208984,0.7011228799819946
game1/Clip3,55,38,player_bottom,574.88037109375,508.86749267578125,542.6029052734375,363.901123046875,607.1577758789062,508.86749267578125,0.8822189569473267
game1/Clip3,55,37,player_top,633.263427734375,120.84334564208984,616.072509765625,62.880332946777344,650.4542846679688,120.84334564208984,0.7011228799819946
game1/Clip3,56,38,player_bottom,573.856201171875,508.32672119140625,541.8139038085938,362.2308349609375,605.8985595703125,508.32672119140625,0.8817487955093384
game1/Clip3,56,37,player_top,633.263427734375,120.84334564208984,616.072509765625,62.880332946777344,650.4542846679688,120.84334564208984,0.7011228799819946
game1/Clip3,57,38,player_bottom,573.7745361328125,506.4789123535156,542.0880737304688,359.62353515625,605.4610595703125,506.4789123535156,0.8727779984474182
game1/Clip3,57,39,player_top,852.7459716796875,169.39923095703125,826.470458984375,110.6436996459961,879.0215454101562,169.39923095703125,0.7345867156982422
game1/Clip3,58,38,player_bottom,574.084716796875,505.16107177734375,542.930419921875,358.722900390625,605.2389526367188,505.16107177734375,0.8707278966903687
game1/Clip3,58,39,player_top,855.574462890625,170.74884033203125,829.2772216796875,109.24907684326172,881.8717651367188,170.74884033203125,0.7093493938446045
game1/Clip3,59,38,player_bottom,574.614501953125,503.8370361328125,544.20166015625,359.15008544921875,605.02734375,503.8370361328125,0.8694559931755066
game1/Clip3,59,37,player_top,633.263427734375,120.84334564208984,616.072509765625,62.880332946777344,650.4542846679688,120.84334564208984,0.7011228799819946
game1/Clip3,60,38,player_bottom,575.5726318359375,503.136962890625,545.7144775390625,359.75616455078125,605.4307861328125,503.136962890625,0.8727170825004578
game1/Clip3,60,39,player_top,859.8946533203125,170.9677276611328,834.9530029296875,107.85411834716797,884.8362426757812,170.9677276611328,0.732567310333252
game1/Clip3,61,38,player_bottom,576.4183959960938,502.51153564453125,547.029296875,360.406494140625,605.8074951171875,502.51153564453125,0.8746321201324463
game1/Clip3,61,39,player_top,860.6242065429688,170.61167907714844,835.9970703125,106.00159454345703,885.2513427734375,170.61167907714844,0.7207441926002502
game1/Clip3,62,38,player_bottom,577.288818359375,502.3747253417969,548.3369750976562,361.2573547363281,606.2406005859375,502.3747253417969,0.8614152073860168
game1/Clip3,62,39,player_top,861.5578002929688,171.10745239257812,837.5673828125,106.20525360107422,885.5482177734375,171.10745239257812,0.7316335439682007
game1/Clip4,0,38,player_bottom,568.5665893554688,536.6793823242188,537.341064453125,385.8251647949219,599.7921142578125,536.6793823242188,0.8597044348716736
game1/Clip4,0,43,player_top,784.5435180664062,163.03627014160156,761.6403198242188,109.82610321044922,807.4467163085938,163.03627014160156,0.8260501027107239
game1/Clip4,1,38,player_bottom,564.37646484375,548.0192260742188,531.1168823242188,386.55999755859375,597.635986328125,548.0192260742188,0.7951854467391968
game1/Clip4,1,43,player_top,784.5435180664062,163.03627014160156,761.6403198242188,109.82610321044922,807.4467163085938,163.03627014160156,0.8260501027107239
game1/Clip4,2,38,player_bottom,562.20458984375,552.3201904296875,527.6571655273438,383.28485107421875,596.7520751953125,552.3201904296875,0.846377968788147
game1/Clip4,2,43,player_top,784.5855712890625,163.0659942626953,761.7031860351562,109.90904998779297,807.4679565429688,163.0659942626953,0.8290742635726929
game1/Clip4,3,38,player_bottom,560.198486328125,554.163818359375,524.5751953125,377.0853271484375,595.8217163085938,554.163818359375,0.8220827579498291
game1/Clip4,3,43,player_top,784.4810791015625,162.952392578125,761.2044677734375,108.85128784179688,807.7577514648438,162.952392578125,0.8313624262809753
game1/Clip4,4,38,player_bottom,558.8019409179688,554.7616577148438,522.7135620117188,372.1148376464844,594.8903198242188,554.7616577148438,0.820401668548584
game1/Clip4,4,43,player_top,784.4674072265625,162.9521026611328,760.6110229492188,107.40986633300781,808.3237915039062,162.9521026611328,0.8316670656204224
game1/Clip4,5,38,player_bottom,558.9615478515625,555.8302612304688,522.3961181640625,367.7622375488281,595.5269775390625,555.8302612304688,0.8488611578941345
game1/Clip4,5,43,player_top,784.490234375,162.92030334472656,760.1976318359375,106.2187728881836,808.7828369140625,162.92030334472656,0.8355914354324341
game1/Clip4,6,38,player_bottom,560.3868408203125,556.2369995117188,523.5718383789062,364.8703308105469,597.2018432617188,556.2369995117188,0.8444961309432983
game1/Clip4,6,43,player_top,784.4306640625,162.94699096679688,759.7432861328125,105.0997085571289,809.1181030273438,162.94699096679688,0.8451166152954102
game1/Clip4,7,38,player_bottom,560.11669921875,555.962890625,523.4068603515625,362.4361267089844,596.8265380859375,555.962890625,0.8068457245826721
game1/Clip4,7,43,player_top,784.3629150390625,162.94630432128906,759.5355224609375,104.52587127685547,809.1903686523438,162.94630432128906,0.8450499176979065
game1/Clip4,8,38,player_bottom,560.6411743164062,555.8096313476562,524.1817016601562,361.58905029296875,597.1006469726562,555.8096313476562,0.8120704293251038
game1/Clip4,8,43,player_top,784.4717407226562,162.6304473876953,759.5035400390625,103.60307312011719,809.43994140625,162.6304473876953,0.8428841233253479
game1/Clip4,9,38,player_bottom,561.9501953125,554.8732299804688,525.792236328125,361.0301818847656,598.1082153320312,554.8732299804688,0.8140744566917419
game1/Clip4,9,43,player_top,784.308349609375,162.7991943359375,759.2427978515625,103.24522399902344,809.3738403320312,162.7991943359375,0.8321855068206787
game1/Clip4,10,38,player_bottom,563.33984375,554.5106811523438,527.5570678710938,362.22015380859375,599.1226196289062,554.5106811523438,0.8354290127754211
game1/Clip4,10,43,player_top,784.1863403320312,162.69265747070312,758.5531005859375,101.30030822753906,809.819580078125,162.69265747070312,0.8371717929840088
game1/Clip4,11,38,player_bottom,565.47998046875,554.4810791015625,530.0831909179688,364.8521728515625,600.8768310546875,554.4810791015625,0.8698109984397888
game1/Clip4,11,43,player_top,783.98681640625,162.3162078857422,757.87646484375,99.05883026123047,810.09716796875,162.3162078857422,0.8440406918525696
game1/Clip4,12,38,player_bottom,567.4991455078125,554.8302612304688,532.2401733398438,367.4966125488281,602.7581787109375,554.8302612304688,0.8717701435089111
game1/Clip4,12,43,player_top,783.846923828125,162.04908752441406,757.5375366210938,97.53199768066406,810.15625,162.04908752441406,0.8515955805778503
game1/Clip4,13,38,player_bottom,569.5145263671875,554.9876098632812,534.3517456054688,369.865966796875,604.6773681640625,554.9876098632812,0.8657311201095581
game1/Clip4,13,43,player_top,783.6797485351562,161.95022583007812,757.2673950195312,96.31219482421875,810.0921020507812,161.95022583007812,0.8520143032073975
game1/Clip4,14,38,player_bottom,571.1883544921875,555.2015380859375,536.0416870117188,371.39056396484375,606.3350830078125,555.2015380859375,0.8822755217552185
game1/Clip4,14,43,player_top,783.272216796875,161.96713256835938,757.0394287109375,95.79647064208984,809.5050659179688,161.96713256835938,0.8567728996276855
game1/Clip4,15,38,player_bottom,572.8594970703125,553.89892578125,537.8336181640625,371.2701721191406,607.8854370117188,553.89892578125,0.8892178535461426
game1/Clip4,15,43,player_top,782.56201171875,161.90032958984375,756.5479736328125,95.11769104003906,808.5760498046875,161.90032958984375,0.8505507111549377
game1/Clip4,16,38,player_bottom,574.9443969726562,553.2688598632812,540.1954956054688,371.65478515625,609.6932983398438,553.2688598632812,0.8583987355232239
game1/Clip4,16,43,player_top,781.998046875,161.88607788085938,756.3616333007812,94.873291015625,807.6344604492188,161.88607788085938,0.8531783223152161
game1/Clip4,17,38,player_bottom,575.772705078125,551.9907836914062,541.021240234375,369.38507080078125,610.5242309570312,551.9907836914062,0.8170872926712036
game1/Clip4,17,43,player_top,781.888916015625,161.9017333984375,756.71142578125,95.00797271728516,807.0663452148438,161.9017333984375,0.852925181388855
game1/Clip4,18,38,player_bottom,574.3912353515625,551.895263671875,542.021484375,384.3759765625,606.7609252929688,551.895263671875,0.7792419195175171
game1/Clip4,18,43,player_top,781.8706665039062,161.90924072265625,757.1976928710938,95.35073852539062,806.5436401367188,161.90924072265625,0.8505621552467346
game1/Clip4,19,38,player_bottom,571.2197875976562,547.3526000976562,540.2496337890625,391.2867736816406,602.18994140625,547.3526000976562,0.8267907500267029
game1/Clip4,19,43,player_top,781.803466796875,161.77297973632812,757.55126953125,95.41091918945312,806.0556030273438,161.77297973632812,0.8531021475791931
game1/Clip4,20,38,player_bottom,576.351806640625,541.9852905273438,545.8404541015625,390.5763854980469,606.8632202148438,541.9852905273438,0.8018265962600708
game1/Clip4,20,43,player_top,781.936279296875,161.47142028808594,757.8641967773438,94.63324737548828,806.0084228515625,161.47142028808594,0.8514421582221985
game1/Clip4,21,38,player_bottom,580.98681640625,535.5748291015625,550.5691528320312,386.2918701171875,611.4044799804688,535.5748291015625,0.8533664345741272
game1/Clip4,21,43,player_top,781.87890625,161.41378784179688,757.5723876953125,93.0085220336914,806.1854858398438,161.41378784179688,0.8683677911758423
game1/Clip4,22,38,player_bottom,589.3674926757812,529.4295654296875,555.9072875976562,363.5263366699219,622.8276977539062,529.4295654296875,0.8197593688964844
game1/Clip4,22,43,player_top,781.22998046875,161.36956787109375,756.8006591796875,91.79141235351562,805.6592407226562,161.36956787109375,0.8910139203071594
game1/Clip4,23,38,player_bottom,594.0523071289062,525.5731201171875,557.6790161132812,343.2623291015625,630.4255981445312,525.5731201171875,0.7411070466041565
game1/Clip4,23,43,player_top,779.7869873046875,160.72560119628906,755.612060546875,91.32144927978516,803.9618530273438,160.72560119628906,0.8766229152679443
game1/Clip4,24,38,player_bottom,597.131591796875,523.7474975585938,560.2056884765625,336.4917297363281,634.0575561523438,523.7474975585938,0.8345382213592529
game1/Clip4,24,43,player_top,777.7642822265625,160.9123077392578,753.7886352539062,91.8786849975586,801.7399291992188,160.9123077392578,0.868923544883728
game1/Clip4,25,38,player_bottom,598.4845581054688,522.6912231445312,565.0732421875,353.8296813964844,631.8958740234375,522.6912231445312,0.8563756346702576
game1/Clip4,25,43,player_top,774.2357788085938,161.86448669433594,750.0732421875,92.76406860351562,798.3983154296875,161.86448669433594,0.858651876449585
game1/Clip4,26,38,player_bottom,598.3109130859375,522.8091430664062,568.2598876953125,372.2663879394531,628.3618774414062,522.8091430664062,0.8549655079841614
game1/Clip4,26,43,player_top,771.2470703125,163.3584747314453,746.8563232421875,94.4128189086914,795.6378173828125,163.3584747314453,0.8554575443267822
game1/Clip4,27,38,player_bottom,598.6917724609375,523.4351806640625,570.1571655273438,381.7728576660156,627.2263793945312,523.4351806640625,0.8428154587745667
game1/Clip4,27,43,player_top,769.3515014648438,164.34149169921875,745.0639038085938,96.8594741821289,793.6390991210938,164.34149169921875,0.8557678461074829
game1/Clip4,28,38,player_bottom,598.762451171875,523.2545166015625,571.2323608398438,387.4974060058594,626.2926025390625,523.2545166015625,0.8752356171607971
game1/Clip4,28,43,player_top,768.3327026367188,164.8442840576172,744.3515625,99.50789642333984,792.3138427734375,164.8442840576172,0.8337098360061646
game1/Clip4,29,38,player_bottom,600.1994018554688,523.6185913085938,573.4127807617188,392.34088134765625,626.9860229492188,523.6185913085938,0.8852190971374512
game1/Clip4,29,43,player_top,768.117431640625,164.8781280517578,744.3997192382812,101.72460174560547,791.8351440429688,164.8781280517578,0.8233368396759033
game1/Clip4,30,38,player_bottom,603.2275390625,523.306396484375,577.153564453125,397.4095153808594,629.3014526367188,523.306396484375,0.8847545385360718
game1/Clip4,30,43,player_top,768.1367797851562,164.91067504882812,744.4934692382812,103.372802734375,791.7800903320312,164.91067504882812,0.8133825659751892
game1/Clip4,31,38,player_bottom,605.9421997070312,523.1893920898438,580.3648681640625,403.1720886230469,631.51953125,523.1893920898438,0.8905912637710571
game1/Clip4,31,43,player_top,768.3056640625,164.95230102539062,744.450927734375,104.12284851074219,792.1604614257812,164.95230102539062,0.8177095055580139
game1/Clip4,32,38,player_bottom,608.3922119140625,523.21484375,582.458251953125,405.2731018066406,634.326171875,523.21484375,0.8816927075386047
game1/Clip4,32,43,player_top,768.390380859375,164.97369384765625,744.1930541992188,104.34024047851562,792.5877685546875,164.97369384765625,0.8109866380691528
game1/Clip4,33,38,player_bottom,608.5736083984375,523.2088623046875,582.2416381835938,406.0000915527344,634.9055786132812,523.2088623046875,0.8201581835746765
game1/Clip4,33,43,player_top,768.97705078125,165.08847045898438,744.3648071289062,104.15080261230469,793.5892333984375,165.08847045898438,0.8163747191429138
game1/Clip4,34,38,player_bottom,610.56640625,522.2669677734375,583.3944702148438,405.3882141113281,637.73828125,522.2669677734375,0.8925529718399048
game1/Clip4,34,43,player_top,770.5279541015625,165.1372528076172,745.3743896484375,102.94490814208984,795.6815185546875,165.1372528076172,0.8158507347106934
game1/Clip4,35,38,player_bottom,611.0380859375,520.3414916992188,583.145751953125,404.0545349121094,638.9303588867188,520.3414916992188,0.8807668685913086
game1/Clip4,35,43,player_top,772.0639038085938,165.4075164794922,746.4300537109375,101.63422393798828,797.69775390625,165.4075164794922,0.8128477931022644
game1/Clip4,36,38,player_bottom,610.1614990234375,519.226806640625,581.0731811523438,400.4263916015625,639.2498168945312,519.226806640625,0.8703548312187195
game1/Clip4,36,43,player_top,773.4547119140625,166.13088989257812,747.4493408203125,100.57853698730469,799.4601440429688,166.13088989257812,0.813701331615448
game1/Clip4,37,38,player_bottom,610.4556884765625,518.701416015625,580.6527099609375,398.25299072265625,640.2587280273438,518.701416015625,0.8691268563270569
game1/Clip4,37,43,player_top,775.5385131835938,166.9254150390625,749.30029296875,99.12812805175781,801.7767333984375,166.9254150390625,0.8111783862113953
game1/Clip4,38,38,player_bottom,611.013671875,518.6605834960938,580.632080078125,397.35772705078125,641.3953247070312,518.6605834960938,0.8748745918273926
game1/Clip4,38,43,player_top,777.03125,166.45968627929688,751.5204467773438,99.087890625,802.5420532226562,166.45968627929688,0.8602080941200256
game1/Clip4,39,38,player_bottom,608.5809326171875,520.0099487304688,577.0308837890625,396.7879638671875,640.1310424804688,520.0099487304688,0.8931845426559448
game1/Clip4,39,43,player_top,776.0374145507812,166.0511932373047,750.9814453125,98.32611846923828,801.0933837890625,166.0511932373047,0.8656539916992188
game1/Clip4,40,38,player_bottom,604.5556640625,521.5919799804688,571.2888793945312,395.4887390136719,637.8223876953125,521.5919799804688,0.8985991477966309
game1/Clip4,40,43,player_top,774.2265625,165.93539428710938,749.5404663085938,97.53396606445312,798.91259765625,165.93539428710938,0.8228514790534973
game1/Clip4,41,38,player_bottom,603.0203857421875,523.6741943359375,568.0628051757812,393.9217529296875,637.97802734375,523.6741943359375,0.9030749201774597
game1/Clip4,41,43,player_top,771.2815551757812,165.7970428466797,747.1920776367188,97.39363098144531,795.3710327148438,165.7970428466797,0.7686977386474609
game1/Clip4,42,38,player_bottom,600.386962890625,524.5889282226562,564.263916015625,392.39593505859375,636.5100708007812,524.5889282226562,0.9088570475578308
game1/Clip4,42,43,player_top,767.400146484375,166.62515258789062,743.5228881835938,96.75495910644531,791.27734375,166.62515258789062,0.6154653429985046
game1/Clip4,43,38,player_bottom,597.08837890625,524.6737060546875,560.370361328125,391.9468688964844,633.8064575195312,524.6737060546875,0.9162071943283081
game1/Clip4,43,43,player_top,762.496826171875,166.4373016357422,739.3320922851562,96.43904876708984,785.6615600585938,166.4373016357422,0.7494189739227295
game1/Clip4,44,38,player_bottom,592.0958251953125,526.080810546875,554.7530517578125,392.40655517578125,629.4386596679688,526.080810546875,0.9075596332550049
game1/Clip4,44,43,player_top,757.3758544921875,166.5469970703125,734.5126342773438,94.94448852539062,780.239013671875,166.5469970703125,0.728665828704834
game1/Clip4,45,38,player_bottom,586.4923706054688,527.39306640625,548.7266845703125,393.5711669921875,624.258056640625,527.39306640625,0.8862889409065247
game1/Clip4,45,43,player_top,753.2163696289062,166.84213256835938,730.0899658203125,92.0906753540039,776.3427734375,166.84213256835938,0.7606204152107239
game1/Clip4,46,38,player_bottom,581.650146484375,529.5325317382812,543.0205078125,395.48297119140625,620.2797241210938,529.5325317382812,0.904141366481781
game1/Clip4,46,43,player_top,750.7671508789062,167.02537536621094,727.9429321289062,91.33717346191406,773.5913696289062,167.02537536621094,0.6990905404090881
game1/Clip4,47,38,player_bottom,577.586181640625,532.4855346679688,537.7119750976562,397.2643127441406,617.4603881835938,532.4855346679688,0.9127407670021057
game1/Clip4,47,43,player_top,747.1332397460938,166.15525817871094,725.2149047851562,91.41311645507812,769.0515747070312,166.15525817871094,0.7320990562438965
game1/Clip4,48,38,player_bottom,575.0462036132812,533.2813110351562,535.0180053710938,401.3717956542969,615.0744018554688,533.2813110351562,0.92256098985672
game1/Clip4,48,43,player_top,744.0418701171875,166.38623046875,723.1041259765625,93.09004211425781,764.9795532226562,166.38623046875,0.7285338044166565
game1/Clip4,49,38,player_bottom,575.0328369140625,533.810302734375,534.4126586914062,402.8334655761719,615.6530151367188,533.810302734375,0.9106236696243286
game1/Clip4,49,43,player_top,742.1044921875,166.14559936523438,721.8128051757812,93.46456146240234,762.396240234375,166.14559936523438,0.7828169465065002
game1/Clip4,50,38,player_bottom,574.7923583984375,538.4226684570312,532.2012939453125,403.261474609375,617.3834228515625,538.4226684570312,0.898199737071991
game1/Clip4,50,43,player_top,740.7080078125,166.37271118164062,721.02587890625,94.6620101928711,760.39013671875,166.37271118164062,0.8137927055358887
game1/Clip4,51,38,player_bottom,571.888916015625,540.3318481445312,527.6599731445312,401.1654357910156,616.117919921875,540.3318481445312,0.8947203159332275
game1/Clip4,51,43,player_top,738.9122314453125,166.7310333251953,719.6389770507812,96.30908203125,758.185546875,166.7310333251953,0.8256595730781555
game1/Clip4,52,38,player_bottom,564.7084350585938,540.0805053710938,520.202392578125,399.9906005859375,609.2144775390625,540.0805053710938,0.9138535261154175
game1/Clip4,52,43,player_top,735.7882080078125,166.8053741455078,716.4337158203125,97.27770233154297,755.1427001953125,166.8053741455078,0.8155869841575623
game1/Clip4,53,38,player_bottom,553.0088500976562,536.998779296875,509.67083740234375,398.27880859375,596.3468627929688,536.998779296875,0.8831878900527954
game1/Clip4,53,43,player_top,732.3740234375,166.70359802246094,712.534912109375,97.38017272949219,752.213134765625,166.70359802246094,0.8353046774864197
game1/Clip4,54,38,player_bottom,538.1261596679688,532.639892578125,497.3122863769531,397.7398986816406,578.9400634765625,532.639892578125,0.8548416495323181
game1/Clip4,54,43,player_top,730.11376953125,167.34303283691406,709.4315795898438,97.24946594238281,750.7959594726562,167.34303283691406,0.8543006777763367
game1/Clip4,55,38,player_bottom,525.6399536132812,532.9790649414062,485.6260070800781,398.0872497558594,565.6539306640625,532.9790649414062,0.8708633780479431
game1/Clip4,55,43,player_top,728.924560546875,167.75753784179688,707.4362182617188,97.00698852539062,750.412841796875,167.75753784179688,0.851237952709198
game1/Clip4,56,38,player_bottom,512.042724609375,534.3099365234375,471.5529479980469,397.5101318359375,552.5325317382812,534.3099365234375,0.8965835571289062
game1/Clip4,56,43,player_top,726.041259765625,167.6439971923828,704.3925170898438,96.82199096679688,747.6900024414062,167.6439971923828,0.8091127872467041
game1/Clip4,57,38,player_bottom,501.6558532714844,534.9825439453125,460.61444091796875,398.0262756347656,542.697265625,534.9825439453125,0.8976162672042847
game1/Clip4,57,43,player_top,722.08251953125,167.15182495117188,700.755615234375,96.81167602539062,743.4093627929688,167.15182495117188,0.8065965175628662
game1/Clip4,58,38,player_bottom,493.9799499511719,535.2673950195312,452.01300048828125,398.61962890625,535.9468994140625,535.2673950195312,0.9210081696510315
game1/Clip4,58,43,player_top,716.3699951171875,167.02377319335938,695.4413452148438,96.13787078857422,737.2987060546875,167.02377319335938,0.7806832790374756
game1/Clip4,59,38,player_bottom,489.2664794921875,534.8681030273438,446.71478271484375,399.1182556152344,531.8181762695312,534.8681030273438,0.916273832321167
game1/Clip4,59,43,player_top,711.208251953125,167.33859252929688,690.50390625,94.88290405273438,731.9125366210938,167.33859252929688,0.7271037101745605
game1/Clip4,60,38,player_bottom,484.16424560546875,532.1911010742188,442.0155944824219,398.77044677734375,526.3129272460938,532.1911010742188,0.9006342887878418
game1/Clip4,60,43,player_top,707.1514892578125,167.73452758789062,686.9884643554688,94.5065689086914,727.3145141601562,167.73452758789062,0.7626772522926331
game1/Clip4,61,38,player_bottom,478.80731201171875,530.49365234375,437.3053283691406,398.4994812011719,520.3092651367188,530.49365234375,0.86304771900177
game1/Clip4,61,43,player_top,703.467529296875,166.98968505859375,684.054443359375,94.2063217163086,722.880615234375,166.98968505859375,0.755384087562561
game1/Clip4,62,38,player_bottom,476.2417297363281,529.8097534179688,435.00177001953125,397.90582275390625,517.481689453125,529.8097534179688,0.8726063370704651
game1/Clip4,62,43,player_top,700.7783813476562,166.40081787109375,682.104248046875,94.32038879394531,719.4525146484375,166.40081787109375,0.7896959185600281
game1/Clip4,63,38,player_bottom,473.97601318359375,531.1915283203125,432.55902099609375,397.6394958496094,515.3930053710938,531.1915283203125,0.8711043000221252
game1/Clip4,63,43,player_top,697.8358154296875,164.70013427734375,680.0451049804688,94.4372787475586,715.6265258789062,164.70013427734375,0.7708860635757446
game1/Clip4,64,38,player_bottom,467.3681945800781,528.5534057617188,427.3121643066406,397.9014892578125,507.4242248535156,528.5534057617188,0.8121283054351807
game1/Clip4,64,43,player_top,694.324462890625,164.13819885253906,676.9765625,94.04432678222656,711.6723022460938,164.13819885253906,0.7702334523200989
game1/Clip4,65,38,player_bottom,461.5349426269531,536.3021240234375,419.6552734375,399.0419006347656,503.41461181640625,536.3021240234375,0.817620575428009
game1/Clip4,65,43,player_top,689.6143798828125,164.1672821044922,672.3672485351562,93.94274139404297,706.8614501953125,164.1672821044922,0.7693898677825928
game1/Clip4,66,38,player_bottom,454.8311767578125,539.61376953125,412.57855224609375,401.4710693359375,497.08380126953125,539.61376953125,0.846532940864563
game1/Clip4,66,43,player_top,684.731689453125,163.5616912841797,667.2250366210938,92.5481185913086,702.23828125,163.5616912841797,0.8109394311904907
game1/Clip4,67,38,player_bottom,449.704345703125,540.9478759765625,407.1773986816406,403.73016357421875,492.2312927246094,540.9478759765625,0.882022500038147
game1/Clip4,67,43,player_top,680.2343139648438,162.97091674804688,662.7394409179688,93.4339370727539,697.7291870117188,162.97091674804688,0.8230429887771606
game1/Clip4,68,38,player_bottom,445.3504333496094,541.9824829101562,402.347900390625,405.3708801269531,488.35296630859375,541.9824829101562,0.8885449171066284
game1/Clip4,68,43,player_top,677.1249389648438,162.5215606689453,659.241943359375,93.59569549560547,695.0079345703125,162.5215606689453,0.8485144376754761
game1/Clip4,69,38,player_bottom,442.17889404296875,542.4965209960938,398.40704345703125,406.3843994140625,485.9507141113281,542.4965209960938,0.8888656497001648
game1/Clip4,69,43,player_top,674.985595703125,162.24996948242188,656.621826171875,94.19166564941406,693.3494262695312,162.24996948242188,0.842882513999939
game1/Clip4,70,38,player_bottom,439.7594299316406,543.00341796875,395.3587951660156,408.6844482421875,484.1600646972656,543.00341796875,0.9158241748809814
game1/Clip4,70,43,player_top,674.03369140625,162.24896240234375,655.2891845703125,95.29519653320312,692.7781982421875,162.24896240234375,0.8366950750350952
game1/Clip4,71,38,player_bottom,437.8394775390625,543.39794921875,392.20361328125,409.33221435546875,483.4753723144531,543.39794921875,0.9304901957511902
game1/Clip4,71,43,player_top,673.7675170898438,162.34930419921875,654.7294921875,96.63294982910156,692.8055419921875,162.34930419921875,0.8354361653327942
game1/Clip4,72,38,player_bottom,436.3487548828125,543.4638671875,389.7261047363281,410.2231750488281,482.9714050292969,543.4638671875,0.9121873378753662
game1/Clip4,72,43,player_top,673.60791015625,162.3182830810547,654.0755615234375,96.80892944335938,693.1402587890625,162.3182830810547,0.8409859538078308
game1/Clip4,73,38,player_bottom,432.498291015625,543.6544189453125,384.85400390625,410.34765625,480.1426086425781,543.6544189453125,0.9029574990272522
game1/Clip4,73,43,player_top,673.6610107421875,162.1829376220703,653.4860229492188,96.19557189941406,693.8359375,162.1829376220703,0.8419502377510071
game1/Clip4,74,38,player_bottom,425.4974365234375,543.3744506835938,377.5721435546875,410.75543212890625,473.4227600097656,543.3744506835938,0.9090343713760376
game1/Clip4,74,43,player_top,673.786865234375,161.98504638671875,652.631103515625,94.07198333740234,694.9425659179688,161.98504638671875,0.8429402709007263
game1/Clip4,75,38,player_bottom,411.3884582519531,542.2614135742188,364.5460510253906,409.9219055175781,458.2308654785156,542.2614135742188,0.8722051978111267
game1/Clip4,75,43,player_top,673.7489624023438,162.26939392089844,651.6290283203125,92.08138275146484,695.868896484375,162.26939392089844,0.8505620956420898
game1/Clip4,76,38,player_bottom,405.5569152832031,540.7799682617188,359.25823974609375,407.2471008300781,451.8555908203125,540.7799682617188,0.8795095086097717
game1/Clip4,76,43,player_top,673.8892822265625,162.026123046875,651.0225219726562,89.88134002685547,696.7559814453125,162.026123046875,0.8542430400848389
game1/Clip4,77,38,player_bottom,403.07843017578125,540.416259765625,356.8248291015625,403.9864807128906,449.3320007324219,540.416259765625,0.8823060989379883
game1/Clip4,77,43,player_top,673.6212158203125,160.64730834960938,650.604736328125,88.59278106689453,696.6377563476562,160.64730834960938,0.8577760457992554
game1/Clip4,78,38,player_bottom,400.909423828125,537.8287353515625,355.7271423339844,400.8725891113281,446.0916748046875,537.8287353515625,0.8857269883155823
game1/Clip4,78,43,player_top,673.3279418945312,159.91836547851562,650.12890625,88.1597900390625,696.5269775390625,159.91836547851562,0.8517245650291443
game1/Clip4,79,38,player_bottom,403.5338439941406,536.269287109375,358.64031982421875,399.3016052246094,448.4273681640625,536.269287109375,0.8332000970840454
game1/Clip4,79,43,player_top,672.6058349609375,159.3486328125,649.2290649414062,87.98605346679688,695.982666015625,159.3486328125,0.8502862453460693
game1/Clip4,80,38,player_bottom,399.3172607421875,535.62744140625,354.8111877441406,398.5504455566406,443.8233642578125,535.62744140625,0.879576563835144
game1/Clip4,80,43,player_top,672.7227783203125,159.254150390625,649.0209350585938,88.02687072753906,696.4246215820312,159.254150390625,0.8463504910469055
game1/Clip4,81,38,player_bottom,391.576416015625,534.9227905273438,347.70672607421875,398.5708312988281,435.4460754394531,534.9227905273438,0.8640351295471191
game1/Clip4,81,43,player_top,672.877685546875,159.4433135986328,649.130615234375,89.68827819824219,696.624755859375,159.4433135986328,0.8441242575645447
game1/Clip4,82,38,player_bottom,385.19329833984375,534.6311645507812,342.4894714355469,401.9029235839844,427.8970947265625,534.6311645507812,0.8775914311408997
game1/Clip4,82,43,player_top,672.8089599609375,159.67080688476562,649.0073852539062,91.49669647216797,696.6104736328125,159.67080688476562,0.849170982837677
game1/Clip4,83,38,player_bottom,382.4354248046875,535.0025024414062,340.2955322265625,404.5509033203125,424.5753479003906,535.0025024414062,0.8789681792259216
game1/Clip4,83,43,player_top,672.90869140625,159.85597229003906,649.3826293945312,94.37245178222656,696.434814453125,159.85597229003906,0.8354395031929016
game1/Clip4,84,38,player_bottom,381.6650695800781,535.51171875,339.6991882324219,406.0666198730469,423.6309509277344,535.51171875,0.876966655254364
game1/Clip4,84,43,player_top,673.083251953125,159.80923461914062,650.04345703125,97.70911407470703,696.1231079101562,159.80923461914062,0.8355310559272766
game1/Clip4,85,38,player_bottom,381.5077819824219,535.9464111328125,339.4193115234375,406.41912841796875,423.59625244140625,535.9464111328125,0.8656449913978577
game1/Clip4,85,43,player_top,673.4746704101562,159.00021362304688,651.0140991210938,100.49311828613281,695.9352416992188,159.00021362304688,0.8123795986175537
game1/Clip4,86,38,player_bottom,381.5979309082031,536.0307006835938,339.4681396484375,406.74188232421875,423.72772216796875,536.0307006835938,0.8287567496299744
game1/Clip4,86,43,player_top,674.4110717773438,158.67359924316406,651.8016967773438,101.04033660888672,697.0204467773438,158.67359924316406,0.8052749037742615
game1/Clip4,87,38,player_bottom,381.19677734375,536.0302734375,339.034423828125,406.7252197265625,423.359130859375,536.0302734375,0.8760631680488586
game1/Clip4,87,43,player_top,675.1725463867188,158.66851806640625,652.2855224609375,101.63265991210938,698.0595703125,158.66851806640625,0.7869159579277039
game1/Clip4,88,38,player_bottom,380.62237548828125,535.5199584960938,338.478271484375,405.9292297363281,422.7664489746094,535.5199584960938,0.8803303241729736
game1/Clip4,88,43,player_top,670.9891357421875,158.89614868164062,646.0900268554688,98.9503402709961,695.88818359375,158.89614868164062,0.8229822516441345
game1/Clip4,89,38,player_bottom,382.7532958984375,533.933349609375,339.9784851074219,400.83551025390625,425.528076171875,533.933349609375,0.8835848569869995
game1/Clip4,89,43,player_top,665.5029296875,158.500732421875,639.6062622070312,96.49687194824219,691.3995361328125,158.500732421875,0.7320870757102966
game1/Clip4,90,38,player_bottom,387.72137451171875,535.2622680664062,344.1508483886719,398.0912780761719,431.2919006347656,535.2622680664062,0.9000222682952881
game1/Clip4,90,43,player_top,655.26123046875,157.70753479003906,629.7494506835938,94.6212387084961,680.7730102539062,157.70753479003906,0.5553359389305115
game1/Clip4,91,38,player_bottom,397.4327697753906,536.0531616210938,353.5278015136719,395.3653564453125,441.3377380371094,536.0531616210938,0.8984421491622925
game1/Clip4,91,43,player_top,651.31103515625,157.46109008789062,625.956298828125,93.3102798461914,676.6658325195312,157.46109008789062,0.6810636520385742
game1/Clip4,92,38,player_bottom,409.70281982421875,535.9979248046875,366.1714782714844,392.714599609375,453.234130859375,535.9979248046875,0.8800566792488098
game1/Clip4,92,43,player_top,642.95458984375,156.70108032226562,617.2451782226562,91.25131225585938,668.6640014648438,156.70108032226562,0.7047194838523865
game1/Clip4,93,38,player_bottom,419.5555114746094,535.7694702148438,376.8938293457031,390.969970703125,462.2171936035156,535.7694702148438,0.8818342685699463
game1/Clip4,93,43,player_top,638.9374389648438,156.1112518310547,613.49609375,90.84703063964844,664.3787841796875,156.1112518310547,0.7288418412208557
game1/Clip4,94,38,player_bottom,425.5399169921875,534.675537109375,383.91351318359375,390.1374816894531,467.1662902832031,534.675537109375,0.8874658942222595
game1/Clip4,94,43,player_top,637.7626953125,155.6899871826172,612.6692504882812,90.55681610107422,662.8561401367188,155.6899871826172,0.7341364026069641
game1/Clip4,95,38,player_bottom,430.1496887207031,538.6031494140625,388.2627258300781,389.8788757324219,472.0366516113281,538.6031494140625,0.8845797777175903
game1/Clip4,95,43,player_top,633.738037109375,154.95315551757812,609.0993041992188,90.87783813476562,658.3767700195312,154.95315551757812,0.6912204027175903
game1/Clip4,96,38,player_bottom,434.5645751953125,545.6888427734375,391.9909973144531,390.627685546875,477.13818359375,545.6888427734375,0.8888466954231262
game1/Clip4,96,43,player_top,629.82568359375,152.87220764160156,606.08984375,91.44239044189453,653.5615844726562,152.87220764160156,0.5886134505271912
game1/Clip4,97,38,player_bottom,439.7740478515625,548.49658203125,398.0664367675781,393.050537109375,481.48162841796875,548.49658203125,0.8852373957633972
game1/Clip4,97,43,player_top,623.2756958007812,152.5580596923828,600.1279296875,93.0401382446289,646.4234619140625,152.5580596923828,0.7199844717979431
game1/Clip4,98,38,player_bottom,445.52764892578125,550.34326171875,404.51068115234375,393.7700500488281,486.5445861816406,550.34326171875,0.884249210357666
game1/Clip4,98,43,player_top,616.0564575195312,152.08094787597656,594.082763671875,94.37464904785156,638.0301513671875,152.08094787597656,0.6536663770675659
game1/Clip4,99,38,player_bottom,452.47979736328125,551.7201538085938,411.9630432128906,394.1140441894531,492.99652099609375,551.7201538085938,0.8554696440696716
game1/Clip4,99,43,player_top,611.012451171875,152.25408935546875,589.7203979492188,94.80540466308594,632.3045043945312,152.25408935546875,0.6711793541908264
game1/Clip4,100,38,player_bottom,461.01824951171875,550.1089477539062,421.0876770019531,393.10986328125,500.9488525390625,550.1089477539062,0.8717672228813171
game1/Clip4,100,43,player_top,609.8020629882812,152.26190185546875,589.015625,94.99072265625,630.5885009765625,152.26190185546875,0.7079240083694458
game1/Clip4,101,38,player_bottom,468.12579345703125,549.0974731445312,428.096435546875,391.8045959472656,508.1551818847656,549.0974731445312,0.9073329567909241
game1/Clip4,101,43,player_top,607.188232421875,151.8927459716797,587.01611328125,94.73222351074219,627.3602905273438,151.8927459716797,0.7525588274002075
game1/Clip4,102,38,player_bottom,472.6151428222656,547.1156616210938,432.83392333984375,391.27044677734375,512.3963623046875,547.1156616210938,0.8978655338287354
game1/Clip4,102,43,player_top,605.2341918945312,151.9525604248047,585.0367431640625,93.07759857177734,625.431640625,151.9525604248047,0.7675541043281555
game1/Clip4,103,38,player_bottom,473.49884033203125,544.56689453125,434.2793884277344,390.5789794921875,512.7183227539062,544.56689453125,0.8870025277137756
game1/Clip4,103,43,player_top,603.457275390625,152.33511352539062,582.2942504882812,88.45384216308594,624.6202392578125,152.33511352539062,0.7431915998458862
game1/Clip4,104,38,player_bottom,477.9346923828125,542.8294677734375,439.4140319824219,389.50213623046875,516.455322265625,542.8294677734375,0.8857451677322388
game1/Clip4,104,43,player_top,600.351806640625,152.4989776611328,579.0191040039062,85.75897216796875,621.6845703125,152.4989776611328,0.7395063638687134
game1/Clip4,105,38,player_bottom,485.06396484375,541.8987426757812,447.2524108886719,388.8081970214844,522.8755493164062,541.8987426757812,0.8810637593269348
game1/Clip4,105,43,player_top,597.3967895507812,152.52464294433594,576.1754150390625,83.08899688720703,618.6181640625,152.52464294433594,0.7527521252632141
game1/Clip4,106,38,player_bottom,492.21295166015625,540.9064331054688,455.0948181152344,387.23614501953125,529.3310546875,540.9064331054688,0.8828498721122742
game1/Clip4,106,43,player_top,595.7293701171875,152.44068908691406,574.9990844726562,81.64181518554688,616.459716796875,152.44068908691406,0.7340441942214966
game1/Clip4,107,38,player_bottom,499.7789611816406,540.4835815429688,463.21630859375,385.05126953125,536.3416137695312,540.4835815429688,0.8747881650924683
game1/Clip4,107,43,player_top,593.8002319335938,152.2935028076172,573.5846557617188,80.4910659790039,614.0158081054688,152.2935028076172,0.7089026570320129
game1/Clip5,0,38,player_top,522.7120361328125,550.3145751953125,485.133056640625,398.3513488769531,560.291015625,550.3145751953125,0.8631207346916199
game1/Clip5,1,38,player_top,532.9459228515625,553.6875610351562,493.74407958984375,401.7526550292969,572.147705078125,553.6875610351562,0.8855064511299133
game1/Clip5,2,38,player_top,537.5941162109375,554.477294921875,493.98577880859375,389.2794189453125,581.202392578125,554.477294921875,0.8760349750518799
game1/Clip5,3,38,player_top,538.2721557617188,555.1248779296875,492.2873840332031,383.09814453125,584.2569580078125,555.1248779296875,0.885639488697052
game1/Clip5,4,38,player_top,537.414306640625,555.34033203125,490.2438659667969,379.69879150390625,584.5847778320312,555.34033203125,0.8693922758102417
game1/Clip5,5,38,player_top,536.673583984375,555.4675903320312,488.92840576171875,377.0594482421875,584.4187622070312,555.4675903320312,0.8968037366867065
game1/Clip5,6,38,player_top,537.7530517578125,555.7788696289062,489.7062072753906,374.9921569824219,585.7998657226562,555.7788696289062,0.8904364109039307
game1/Clip5,7,38,player_top,539.1703491210938,555.9241943359375,491.2622375488281,374.41192626953125,587.0784301757812,555.9241943359375,0.9008510708808899
game1/Clip5,8,38,player_top,540.439453125,556.3636474609375,492.6471252441406,373.646484375,588.2318115234375,556.3636474609375,0.8995873332023621
game1/Clip5,9,38,player_top,541.9050903320312,556.6309204101562,494.4187316894531,373.6203918457031,589.3914794921875,556.6309204101562,0.8943026661872864
game1/Clip5,10,38,player_top,544.0418701171875,556.6048583984375,496.8583984375,373.05096435546875,591.2254028320312,556.6048583984375,0.884489119052887
game1/Clip5,11,38,player_top,545.9613647460938,556.9415893554688,498.9505920410156,372.43804931640625,592.9721069335938,556.9415893554688,0.8909372687339783
game1/Clip5,12,38,player_top,547.8292236328125,557.1214599609375,501.0996398925781,371.88104248046875,594.558837890625,557.1214599609375,0.8835656046867371
game1/Clip5,13,38,player_top,548.8992919921875,556.9755859375,502.5107727050781,371.0831604003906,595.287841796875,556.9755859375,0.879622757434845
game1/Clip5,14,38,player_top,549.6141357421875,556.8507080078125,503.59228515625,370.31964111328125,595.635986328125,556.8507080078125,0.8849549293518066
game1/Clip5,15,38,player_top,549.8934936523438,556.9185180664062,504.2823791503906,369.4120788574219,595.5045776367188,556.9185180664062,0.882228672504425
game1/Clip5,16,38,player_top,549.391845703125,557.1749877929688,503.5984802246094,365.9994812011719,595.1851806640625,557.1749877929688,0.8646215200424194
game1/Clip5,17,52,player_top,791.2508544921875,162.72369384765625,762.5611572265625,97.72106170654297,819.9405517578125,162.72369384765625,0.8412010073661804
game1/Clip5,18,52,player_top,790.798583984375,162.61093139648438,762.3638305664062,97.1707763671875,819.2333374023438,162.61093139648438,0.8373719453811646
game1/Clip5,19,52,player_top,790.496337890625,162.61758422851562,762.0744018554688,96.2100601196289,818.9183349609375,162.61758422851562,0.8542525768280029
game1/Clip5,20,38,player_top,547.4351806640625,544.0305786132812,511.2223815917969,386.15179443359375,583.6480102539062,544.0305786132812,0.8554370403289795
game1/Clip5,21,38,player_top,551.2537231445312,537.0007934570312,513.4937133789062,368.2828063964844,589.0137329101562,537.0007934570312,0.8284252882003784
game1/Clip5,22,52,player_top,786.6988525390625,162.36412048339844,758.414306640625,92.78912353515625,814.9834594726562,162.36412048339844,0.8547895550727844
game1/Clip5,23,52,player_top,782.603759765625,162.30218505859375,754.4917602539062,91.49796295166016,810.7156982421875,162.30218505859375,0.8566283583641052
game1/Clip5,24,38,player_top,560.1552124023438,520.4100341796875,525.9482421875,356.9076843261719,594.3621826171875,520.4100341796875,0.8719541430473328
game1/Clip5,25,38,player_top,558.1798095703125,520.2785034179688,526.2210083007812,365.15716552734375,590.138671875,520.2785034179688,0.8524559140205383
game1/Clip5,26,38,player_top,559.8142700195312,520.3477172851562,528.5806884765625,369.35357666015625,591.0478515625,520.3477172851562,0.900819718837738
game1/Clip5,27,38,player_top,556.7542724609375,521.6845703125,526.0877075195312,371.8196105957031,587.4207763671875,521.6845703125,0.8862383961677551
game1/Clip5,28,38,player_top,556.913330078125,528.5724487304688,525.6386108398438,374.9449157714844,588.1880493164062,528.5724487304688,0.8802884221076965
game1/Clip5,29,38,player_top,556.9798583984375,532.8008422851562,526.0304565429688,380.7216491699219,587.9293212890625,532.8008422851562,0.8793083429336548
game1/Clip5,30,38,player_top,558.0345458984375,535.3631591796875,527.555908203125,385.9473876953125,588.51318359375,535.3631591796875,0.8945742845535278
game1/Clip5,31,38,player_top,559.6014404296875,536.1087036132812,529.6544799804688,390.351318359375,589.54833984375,536.1087036132812,0.8781538009643555
game1/Clip5,32,38,player_top,561.979248046875,536.4356689453125,531.9816284179688,391.8704833984375,591.976806640625,536.4356689453125,0.8697972893714905
game1/Clip5,33,38,player_top,562.9586791992188,535.4273071289062,532.5801391601562,389.7735900878906,593.3372192382812,535.4273071289062,0.8818567991256714
game1/Clip5,34,38,player_top,563.1704711914062,534.9967041015625,532.2020874023438,385.8997802734375,594.1388549804688,534.9967041015625,0.8844410181045532
game1/Clip5,35,38,player_top,563.8336181640625,529.4548950195312,533.5315551757812,382.16571044921875,594.1357421875,529.4548950195312,0.8852194547653198
game1/Clip5,36,38,player_top,565.885498046875,518.8942260742188,537.0834350585938,378.79620361328125,594.6875610351562,518.8942260742188,0.8920027613639832
game1/Clip5,37,38,player_top,567.47021484375,513.8095703125,539.1236572265625,375.8792419433594,595.8167114257812,513.8095703125,0.8901666402816772
game1/Clip5,38,38,player_top,568.383544921875,511.6853942871094,540.0042114257812,373.4322204589844,596.7628173828125,511.6853942871094,0.8922420144081116
game1/Clip5,39,38,player_top,569.2005615234375,510.3355407714844,540.275146484375,368.55804443359375,598.1260375976562,510.3355407714844,0.8755078315734863
game1/Clip5,40,38,player_top,569.6309204101562,506.9722595214844,540.5868530273438,362.9053649902344,598.6749877929688,506.9722595214844,0.871484100818634
game1/Clip5,41,38,player_top,569.5743408203125,498.6553955078125,541.3814697265625,357.34918212890625,597.7672729492188,498.6553955078125,0.8833611607551575
game1/Clip5,42,38,player_top,569.9395751953125,490.26959228515625,542.6243896484375,352.650390625,597.2548217773438,490.26959228515625,0.8790236711502075
game1/Clip5,43,38,player_top,570.953125,482.2397766113281,544.4904174804688,348.9879455566406,597.415771484375,482.2397766113281,0.8898796439170837
game1/Clip5,44,38,player_top,572.1318359375,476.4471740722656,546.115478515625,346.1407165527344,598.1482543945312,476.4471740722656,0.8920781016349792
game1/Clip5,45,38,player_top,574.52197265625,472.927490234375,548.0128173828125,344.2748107910156,601.0311889648438,472.927490234375,0.9016359448432922
game1/Clip5,46,38,player_top,574.4873657226562,471.72760009765625,546.9705810546875,342.3085021972656,602.004150390625,471.72760009765625,0.9137604832649231
game1/Clip5,47,38,player_top,573.0625,470.70703125,544.3629760742188,340.2101135253906,601.7620239257812,470.70703125,0.915648341178894
game1/Clip5,48,38,player_top,570.3935546875,466.4619445800781,541.060546875,337.38037109375,599.7266235351562,466.4619445800781,0.9135001301765442
game1/Clip5,49,38,player_top,568.3801879882812,459.3968811035156,539.1671142578125,334.4281311035156,597.59326171875,459.3968811035156,0.9065982699394226
game1/Clip5,50,38,player_top,564.6177978515625,454.0448303222656,535.5541381835938,331.18927001953125,593.681396484375,454.0448303222656,0.8840014338493347
game1/Clip5,51,38,player_top,564.5438232421875,451.0918884277344,534.6094360351562,326.936767578125,594.4781494140625,451.0918884277344,0.8649130463600159
game1/Clip5,52,38,player_top,566.04248046875,448.6240234375,534.8905029296875,321.9757080078125,597.1945190429688,448.6240234375,0.8082519173622131
game1/Clip5,53,52,player_top,652.26171875,163.77976989746094,630.519287109375,95.0127944946289,674.0040893554688,163.77976989746094,0.8414289951324463
game1/Clip5,54,38,player_top,575.2811279296875,443.9201354980469,539.8569946289062,312.26458740234375,610.7052612304688,443.9201354980469,0.8900024890899658
game1/Clip5,55,38,player_top,579.2140502929688,436.9377746582031,542.8079223632812,308.82037353515625,615.6201782226562,436.9377746582031,0.9023227095603943
game1/Clip5,56,38,player_top,584.8534545898438,432.3709411621094,546.4686889648438,304.3420104980469,623.2382202148438,432.3709411621094,0.8958491683006287
game1/Clip5,57,38,player_top,592.034423828125,430.2852478027344,550.95751953125,298.66802978515625,633.111328125,430.2852478027344,0.8832117915153503
game1/Clip5,58,38,player_top,598.91015625,423.7270812988281,556.8682861328125,293.3818664550781,640.9519653320312,423.7270812988281,0.8735151290893555
game1/Clip5,59,38,player_top,599.1435546875,415.73468017578125,557.3787231445312,290.3650817871094,640.9083862304688,415.73468017578125,0.8951108455657959
game1/Clip5,60,38,player_top,594.769287109375,403.8034973144531,554.839111328125,287.9300231933594,634.6995239257812,403.8034973144531,0.8679688572883606
game1/Clip5,61,38,player_top,588.4969482421875,392.64923095703125,551.1503295898438,286.46270751953125,625.8435668945312,392.64923095703125,0.8760595321655273
game1/Clip5,62,38,player_top,587.7899169921875,390.9090270996094,550.4514770507812,285.88299560546875,625.1283569335938,390.9090270996094,0.8192483186721802
game1/Clip5,63,38,player_top,590.8106689453125,391.5621643066406,552.7489013671875,284.57879638671875,628.8723754882812,391.5621643066406,0.8675345778465271
game1/Clip5,64,38,player_top,595.0631103515625,391.8675842285156,556.7897338867188,283.5168151855469,633.3364868164062,391.8675842285156,0.8857834339141846
game1/Clip5,65,38,player_top,599.8089599609375,392.2250061035156,560.6554565429688,279.02471923828125,638.9624633789062,392.2250061035156,0.8860023021697998
game1/Clip5,66,38,player_top,605.1636352539062,391.0283203125,566.4594116210938,276.0320739746094,643.8678588867188,391.0283203125,0.8670080304145813
game1/Clip5,67,38,player_top,610.8015747070312,389.5812072753906,573.513427734375,274.858642578125,648.0897216796875,389.5812072753906,0.8683471083641052
game1/Clip5,68,52,player_top,641.3240966796875,163.09046936035156,621.0121459960938,96.85880279541016,661.635986328125,163.09046936035156,0.795283854007721
game1/Clip5,69,38,player_top,617.5679931640625,384.7154541015625,582.3773193359375,270.0792541503906,652.7587280273438,384.7154541015625,0.8700149059295654
game1/Clip5,70,38,player_top,622.1178588867188,380.3548278808594,588.2217407226562,267.09124755859375,656.0139770507812,380.3548278808594,0.8632290363311768
game1/Clip5,71,38,player_top,627.638916015625,379.8867492675781,594.465576171875,265.5016174316406,660.8121948242188,379.8867492675781,0.8675053715705872
game1/Clip5,72,38,player_top,634.146484375,379.9549560546875,601.968017578125,264.86761474609375,666.324951171875,379.9549560546875,0.8443954586982727
game1/Clip5,73,38,player_top,638.7994384765625,379.4659118652344,607.72802734375,264.44061279296875,669.870849609375,379.4659118652344,0.8331788778305054
game1/Clip5,74,38,player_top,642.7696533203125,378.2773132324219,612.8391723632812,263.79345703125,672.7000732421875,378.2773132324219,0.8421463370323181
game1/Clip5,75,38,player_top,646.22021484375,376.0641784667969,617.5581665039062,263.35406494140625,674.88232421875,376.0641784667969,0.838253378868103
game1/Clip5,76,38,player_top,649.73486328125,369.7605895996094,623.3358154296875,263.6372985839844,676.1338500976562,369.7605895996094,0.8000575304031372
game1/Clip5,77,38,player_top,652.7821044921875,367.82708740234375,627.2059326171875,263.1954040527344,678.3582763671875,367.82708740234375,0.811042070388794
game1/Clip5,78,38,player_top,655.3660888671875,366.9078674316406,630.1001586914062,261.24847412109375,680.6320190429688,366.9078674316406,0.8550416231155396
game1/Clip5,79,38,player_top,658.8753051757812,365.17340087890625,634.0718383789062,259.3161926269531,683.6787719726562,365.17340087890625,0.858623743057251
game1/Clip5,80,38,player_top,662.60302734375,362.7381896972656,638.0339965820312,256.3784484863281,687.1720581054688,362.7381896972656,0.854039192199707
game1/Clip5,81,38,player_top,666.0399169921875,360.568603515625,641.4762573242188,254.04312133789062,690.6036376953125,360.568603515625,0.833075761795044
game1/Clip5,82,38,player_top,671.912353515625,357.70703125,647.0831298828125,252.69281005859375,696.7415161132812,357.70703125,0.8632498383522034
game1/Clip5,83,38,player_top,677.4472045898438,355.5361022949219,652.0464477539062,251.49952697753906,702.8479614257812,355.5361022949219,0.8910873532295227
game1/Clip5,84,38,player_top,680.2747802734375,353.1991271972656,654.468994140625,251.87881469726562,706.08056640625,353.1991271972656,0.9031568765640259
game1/Clip5,85,38,player_top,682.2081298828125,351.8899230957031,655.7311401367188,252.5313720703125,708.6851196289062,351.8899230957031,0.9077807068824768
game1/Clip5,86,38,player_top,683.8430786132812,351.54052734375,656.6632690429688,254.29701232910156,711.0228881835938,351.54052734375,0.9085613489151001
game1/Clip5,87,38,player_top,684.2462158203125,351.56036376953125,656.3466796875,255.83038330078125,712.145751953125,351.56036376953125,0.9086884260177612
game1/Clip5,88,38,player_top,684.229736328125,351.6617736816406,655.5402221679688,256.81280517578125,712.9193115234375,351.6617736816406,0.9028517603874207
game1/Clip5,89,38,player_top,683.9173583984375,350.8641052246094,654.543701171875,256.8548583984375,713.2909545898438,350.8641052246094,0.8982959985733032
game1/Clip5,90,38,player_top,682.9700927734375,349.13616943359375,653.3832397460938,256.965087890625,712.5570068359375,349.13616943359375,0.8950132131576538
game1/Clip5,91,38,player_top,682.1671752929688,347.95867919921875,652.1394653320312,256.33673095703125,712.1948852539062,347.95867919921875,0.8900347948074341
game1/Clip5,92,38,player_top,682.0238037109375,347.2437744140625,651.0447387695312,254.2943572998047,713.0028686523438,347.2437744140625,0.8888747692108154
game1/Clip5,93,38,player_top,682.3157958984375,347.02978515625,650.4818725585938,252.8163604736328,714.149658203125,347.02978515625,0.8758747577667236
game1/Clip5,94,38,player_top,683.4303588867188,346.349365234375,650.9529418945312,251.14236450195312,715.9077758789062,346.349365234375,0.8730586171150208
game1/Clip5,95,38,player_top,685.73779296875,345.9176025390625,651.9213256835938,246.52700805664062,719.5542602539062,345.9176025390625,0.8884153366088867
game1/Clip5,96,38,player_top,690.0470581054688,345.80877685546875,655.265625,241.82806396484375,724.8284912109375,345.80877685546875,0.8922243118286133
game1/Clip5,97,38,player_top,692.54296875,345.11639404296875,656.80224609375,236.44847106933594,728.2837524414062,345.11639404296875,0.8872648477554321
game1/Clip5,98,38,player_top,694.0928955078125,344.7276306152344,657.2765502929688,231.23716735839844,730.9093017578125,344.7276306152344,0.8834192156791687
game1/Clip5,99,38,player_top,696.2379150390625,344.740966796875,658.6593017578125,227.7236328125,733.8165893554688,344.740966796875,0.8830976486206055
game1/Clip5,100,38,player_top,697.1854248046875,343.850830078125,659.8734741210938,227.13804626464844,734.4973754882812,343.850830078125,0.8888600468635559
game1/Clip5,101,38,player_top,698.1766357421875,341.5374755859375,662.7151489257812,231.35540771484375,733.6381225585938,341.5374755859375,0.8950201869010925
game1/Clip5,102,38,player_top,700.5374145507812,340.597900390625,666.052734375,233.59323120117188,735.0220947265625,340.597900390625,0.8942446708679199
game1/Clip5,103,38,player_top,703.8617553710938,340.3921813964844,669.6464233398438,233.03042602539062,738.0770874023438,340.3921813964844,0.8727580308914185
game1/Clip5,104,38,player_top,708.11572265625,340.93133544921875,674.1625366210938,231.88600158691406,742.0689697265625,340.93133544921875,0.8766558766365051
game1/Clip5,105,38,player_top,712.4842529296875,341.6739501953125,678.9776000976562,230.4099884033203,745.9909057617188,341.6739501953125,0.8659862875938416
game1/Clip5,106,38,player_top,717.1336669921875,341.7154541015625,684.3768310546875,228.90631103515625,749.8905029296875,341.7154541015625,0.8536992073059082
game1/Clip5,107,38,player_top,723.4008178710938,342.2593994140625,691.397216796875,228.3466339111328,755.4044189453125,342.2593994140625,0.8097989559173584
game1/Clip5,108,38,player_top,729.4595947265625,342.3895263671875,698.1621704101562,228.17662048339844,760.757080078125,342.3895263671875,0.801986575126648
game1/Clip5,109,38,player_top,734.813232421875,342.44921875,704.080810546875,228.95811462402344,765.5455932617188,342.44921875,0.8207942843437195
game1/Clip5,110,38,player_top,738.9166870117188,341.8983459472656,709.0401000976562,230.5963897705078,768.7932739257812,341.8983459472656,0.8388841152191162
game1/Clip5,111,38,player_top,741.5159912109375,341.27154541015625,712.6173095703125,232.91339111328125,770.4147338867188,341.27154541015625,0.8419160842895508
game1/Clip5,112,38,player_top,742.5275268554688,340.4002380371094,714.4628295898438,234.88148498535156,770.5922241210938,340.4002380371094,0.8705888986587524
game1/Clip5,113,38,player_top,742.0359497070312,339.9466247558594,714.5437622070312,237.0636749267578,769.5281372070312,339.9466247558594,0.8875249624252319
game1/Clip5,114,38,player_top,740.9307861328125,339.0960693359375,713.7919921875,238.9127197265625,768.069580078125,339.0960693359375,0.8696836233139038
game1/Clip5,115,38,player_top,738.9017944335938,337.02532958984375,711.8450927734375,239.46266174316406,765.95849609375,337.02532958984375,0.8621280789375305
game1/Clip5,116,38,player_top,736.430908203125,334.92431640625,709.18505859375,239.57139587402344,763.6766967773438,334.92431640625,0.8674605488777161
game1/Clip5,117,38,player_top,733.69287109375,332.19207763671875,706.2686767578125,239.86312866210938,761.1171264648438,332.19207763671875,0.8789471387863159
game1/Clip5,118,38,player_top,730.1018676757812,330.8722229003906,701.9862670898438,240.13861083984375,758.2174682617188,330.8722229003906,0.8726612329483032
game1/Clip5,119,38,player_top,725.7767944335938,332.4078063964844,696.123046875,240.16041564941406,755.4305419921875,332.4078063964844,0.86419677734375
game1/Clip5,120,38,player_top,721.896240234375,333.5411682128906,691.1205444335938,240.23828125,752.6719970703125,333.5411682128906,0.8824025392532349
game1/Clip5,121,38,player_top,717.0282592773438,334.094482421875,685.3316040039062,239.9998016357422,748.7249145507812,334.094482421875,0.8829587697982788
game1/Clip5,122,38,player_top,711.15087890625,333.85107421875,678.5186767578125,238.259765625,743.7830200195312,333.85107421875,0.8813275694847107
game1/Clip5,123,38,player_top,704.7809448242188,333.4980773925781,671.3511962890625,236.0088653564453,738.210693359375,333.4980773925781,0.8759394288063049
game1/Clip5,124,38,player_top,698.16064453125,333.1176452636719,663.81396484375,231.9157257080078,732.5072631835938,333.1176452636719,0.861709475517273
game1/Clip5,125,38,player_top,692.130615234375,331.0304870605469,657.7042236328125,228.07151794433594,726.5569458007812,331.0304870605469,0.8497859835624695
game1/Clip5,126,38,player_top,686.3460693359375,329.19793701171875,652.2777709960938,225.41717529296875,720.4143676757812,329.19793701171875,0.852859377861023
game1/Clip5,127,38,player_top,681.7335205078125,327.7902526855469,648.3145141601562,224.0357208251953,715.1524658203125,327.7902526855469,0.8542471528053284
game1/Clip5,128,38,player_top,677.2609252929688,327.38134765625,644.3666381835938,223.55999755859375,710.1552124023438,327.38134765625,0.8759446144104004
game1/Clip5,129,38,player_top,671.54443359375,327.2727355957031,638.8947143554688,223.37872314453125,704.1941528320312,327.2727355957031,0.8709151744842529
game1/Clip5,130,38,player_top,664.3274536132812,326.61187744140625,631.8240966796875,223.82247924804688,696.830810546875,326.61187744140625,0.8615605235099792
game1/Clip5,131,38,player_top,655.1393432617188,328.94952392578125,621.5025024414062,224.94735717773438,688.7761840820312,328.94952392578125,0.892136812210083
game1/Clip5,132,38,player_top,647.6744384765625,331.58203125,613.538330078125,228.37652587890625,681.810546875,331.58203125,0.894110381603241
game1/Clip5,133,38,player_top,642.7540283203125,333.8078918457031,608.6720581054688,232.39132690429688,676.8360595703125,333.8078918457031,0.8898768424987793
game1/Clip5,134,38,player_top,641.3458862304688,334.1880187988281,607.4846801757812,235.47894287109375,675.2070922851562,334.1880187988281,0.8846890330314636
game1/Clip5,135,38,player_top,641.229248046875,333.0422668457031,607.5228881835938,236.7797393798828,674.9356689453125,333.0422668457031,0.8734025359153748
game1/Clip5,136,38,player_top,641.10009765625,332.1449279785156,607.4405517578125,237.79844665527344,674.7596435546875,332.1449279785156,0.8734808564186096
game1/Clip5,137,38,player_top,640.7822265625,332.04827880859375,606.9487915039062,239.20150756835938,674.6156005859375,332.04827880859375,0.8614047169685364
game1/Clip5,138,38,player_top,640.602294921875,331.57171630859375,606.5081787109375,239.81356811523438,674.6964721679688,331.57171630859375,0.8787047863006592
game1/Clip5,139,38,player_top,638.8372802734375,331.0974426269531,604.8567504882812,240.58363342285156,672.81787109375,331.0974426269531,0.8850144147872925
game1/Clip5,140,38,player_top,634.245361328125,330.32513427734375,601.2648315429688,241.82278442382812,667.2259521484375,330.32513427734375,0.8395359516143799
game1/Clip5,141,52,player_top,641.3240966796875,163.09046936035156,621.0121459960938,96.85880279541016,661.635986328125,163.09046936035156,0.795283854007721
game1/Clip5,142,52,player_top,641.3240966796875,163.09046936035156,621.0121459960938,96.85880279541016,661.635986328125,163.09046936035156,0.795283854007721
game1/Clip5,143,52,player_top,641.3240966796875,163.09046936035156,621.0121459960938,96.85880279541016,661.635986328125,163.09046936035156,0.795283854007721
game1/Clip5,144,52,player_top,641.3240966796875,163.09046936035156,621.0121459960938,96.85880279541016,661.635986328125,163.09046936035156,0.795283854007721
game1/Clip5,145,52,player_top,641.3240966796875,163.09046936035156,621.0121459960938,96.85880279541016,661.635986328125,163.09046936035156,0.795283854007721
game1/Clip5,146,38,player_top,621.6908569335938,331.244140625,590.98046875,245.3860626220703,652.4012451171875,331.244140625,0.8319764733314514
game1/Clip5,147,38,player_top,620.052734375,330.96661376953125,589.2369384765625,244.9153289794922,650.8685302734375,330.96661376953125,0.82621169090271
game1/Clip5,148,38,player_top,614.9982299804688,330.3291931152344,584.5241088867188,243.76724243164062,645.4723510742188,330.3291931152344,0.8473324179649353
game1/Clip5,149,38,player_top,610.6986694335938,330.5908508300781,580.6473388671875,243.3237762451172,640.75,330.5908508300781,0.8472691178321838
game1/Clip5,150,38,player_top,608.4854125976562,330.3567810058594,578.231689453125,240.48196411132812,638.7391357421875,330.3567810058594,0.8591014742851257
game1/Clip5,151,38,player_top,606.887939453125,329.67413330078125,576.6392211914062,237.8387451171875,637.1366577148438,329.67413330078125,0.8604865670204163
game1/Clip5,152,38,player_top,604.28955078125,327.9316101074219,574.6737060546875,236.30870056152344,633.9053344726562,327.9316101074219,0.8533154726028442
game1/Clip5,153,38,player_top,602.7603149414062,325.9981689453125,573.8687744140625,234.8184814453125,631.65185546875,325.9981689453125,0.8575403690338135
game1/Clip5,154,38,player_top,599.7774658203125,324.4959411621094,571.2276611328125,233.39227294921875,628.3272705078125,324.4959411621094,0.8600937724113464
game1/Clip5,155,38,player_top,595.8429565429688,322.8191223144531,567.426513671875,231.74505615234375,624.2593994140625,322.8191223144531,0.8598313331604004
game1/Clip5,156,38,player_top,592.256591796875,321.3833312988281,563.7653198242188,229.8507843017578,620.7479248046875,321.3833312988281,0.8608289957046509
game1/Clip5,157,38,player_top,589.35302734375,320.4871826171875,560.5609130859375,227.71400451660156,618.1451416015625,320.4871826171875,0.8724902272224426
game1/Clip5,158,38,player_top,587.4237060546875,320.11358642578125,558.3701782226562,225.71701049804688,616.477294921875,320.11358642578125,0.8740254640579224
game1/Clip5,159,38,player_top,586.096923828125,319.83416748046875,557.0955200195312,224.32386779785156,615.0983276367188,319.83416748046875,0.8769792914390564
game1/Clip6,0,57,player_bottom,717.398193359375,559.7279663085938,693.6924438476562,408.10986328125,741.10400390625,559.7279663085938,0.8355913162231445
game1/Clip6,0,58,player_top,500.117919921875,161.26361083984375,474.0054016113281,114.13661193847656,526.2304077148438,161.26361083984375,0.7414480447769165
game1/Clip6,1,57,player_bottom,717.398193359375,559.7279663085938,693.6924438476562,408.10986328125,741.10400390625,559.7279663085938,0.8355913162231445
game1/Clip6,1,58,player_top,500.117919921875,161.26361083984375,474.0054016113281,114.13661193847656,526.2304077148438,161.26361083984375,0.7414480447769165
game1/Clip6,2,57,player_bottom,717.7344360351562,559.6280517578125,693.9686889648438,407.6509704589844,741.5001831054688,559.6280517578125,0.841067910194397
game1/Clip6,2,58,player_top,500.0377197265625,161.27969360351562,473.99053955078125,114.27823638916016,526.0848999023438,161.27969360351562,0.7634018659591675
game1/Clip6,3,57,player_bottom,718.86962890625,559.8219604492188,695.02001953125,407.57708740234375,742.7192993164062,559.8219604492188,0.7571388483047485
game1/Clip6,3,58,player_top,499.99078369140625,161.2240447998047,473.7202453613281,113.81027221679688,526.2612915039062,161.2240447998047,0.7741973400115967
game1/Clip6,4,57,player_bottom,719.455078125,559.1514282226562,695.4290161132812,406.2351989746094,743.4811401367188,559.1514282226562,0.6542750000953674
game1/Clip6,4,58,player_top,499.9527893066406,161.13052368164062,473.18707275390625,112.78389739990234,526.718505859375,161.13052368164062,0.7646318674087524
game1/Clip6,5,57,player_bottom,732.0,559.2644653320312,706.9819946289062,405.4627685546875,757.0180053710938,559.2644653320312,0.8017070293426514
game1/Clip6,5,58,player_top,500.29168701171875,161.28114318847656,472.8466796875,111.64493560791016,527.7366943359375,161.28114318847656,0.7839363217353821
game1/Clip6,6,57,player_bottom,725.750244140625,559.6781005859375,700.4463500976562,405.11871337890625,751.0541381835938,559.6781005859375,0.7735714912414551
game1/Clip6,6,58,player_top,500.46734619140625,161.37033081054688,472.5159912109375,110.71350860595703,528.418701171875,161.37033081054688,0.8062847256660461
game1/Clip6,7,57,player_bottom,734.6354370117188,559.8175659179688,708.0322875976562,405.02154541015625,761.2385864257812,559.8175659179688,0.8869348764419556
game1/Clip6,7,58,player_top,500.45941162109375,161.37652587890625,472.0739440917969,109.7735824584961,528.8449096679688,161.37652587890625,0.8094529509544373
game1/Clip6,8,57,player_bottom,735.97705078125,560.1713256835938,707.3753051757812,400.9441223144531,764.5787963867188,560.1713256835938,0.891402542591095
game1/Clip6,8,58,player_top,500.3892822265625,161.38609313964844,471.73394775390625,109.10406494140625,529.0446166992188,161.38609313964844,0.8181803226470947
game1/Clip6,9,57,player_bottom,733.002197265625,560.1815795898438,703.2803955078125,399.70556640625,762.7239379882812,560.1815795898438,0.8715177774429321
game1/Clip6,9,58,player_top,500.3668212890625,161.3772430419922,471.47564697265625,108.43531799316406,529.2579956054688,161.3772430419922,0.8258790373802185
game1/Clip6,10,57,player_bottom,730.407958984375,559.7091674804688,698.0420532226562,387.6499328613281,762.7738037109375,559.7091674804688,0.877277135848999
game1/Clip6,10,58,player_top,500.32666015625,161.2536163330078,471.4578552246094,108.1194076538086,529.1954956054688,161.2536163330078,0.8314641118049622
game1/Clip6,11,57,player_bottom,727.636962890625,559.3698120117188,693.6531372070312,380.29962158203125,761.6207885742188,559.3698120117188,0.8808212876319885
game1/Clip6,11,58,player_top,500.2666320800781,161.18423461914062,471.130859375,107.23377990722656,529.4024047851562,161.18423461914062,0.8326099514961243
game1/Clip6,12,57,player_bottom,725.1370849609375,559.3587036132812,690.2962036132812,376.4072265625,759.9779052734375,559.3587036132812,0.8872937560081482
game1/Clip6,12,58,player_top,500.2935791015625,161.15274047851562,470.968017578125,106.49715423583984,529.619140625,161.15274047851562,0.8374741673469543
game1/Clip6,13,57,player_bottom,722.3098754882812,559.4598999023438,687.1683349609375,374.42645263671875,757.451416015625,559.4598999023438,0.8798810243606567
game1/Clip6,13,58,player_top,500.2917175292969,161.1832275390625,470.90576171875,106.0616455078125,529.6776733398438,161.1832275390625,0.8413295745849609
game1/Clip6,14,57,player_bottom,720.5391845703125,559.4396362304688,685.21728515625,372.08062744140625,755.8611450195312,559.4396362304688,0.8883306980133057
game1/Clip6,14,58,player_top,500.275390625,161.19810485839844,470.760498046875,105.42831420898438,529.790283203125,161.19810485839844,0.8405014872550964
game1/Clip6,15,57,player_bottom,719.974853515625,559.3282470703125,684.9378662109375,371.9177551269531,755.0119018554688,559.3282470703125,0.8888960480690002
game1/Clip6,15,58,player_top,500.14410400390625,161.1246795654297,470.5508728027344,104.77513122558594,529.7373046875,161.1246795654297,0.8396695852279663
game1/Clip6,16,57,player_bottom,719.4627685546875,559.5126342773438,684.6602783203125,372.1243591308594,754.2651977539062,559.5126342773438,0.8859094977378845
game1/Clip6,16,58,player_top,500.0421142578125,161.0377655029297,470.38372802734375,104.09114837646484,529.7005004882812,161.0377655029297,0.829294741153717
game1/Clip6,17,57,player_bottom,719.6317138671875,559.2877807617188,684.9339599609375,371.6524963378906,754.3294067382812,559.2877807617188,0.8928382396697998
game1/Clip6,17,58,player_top,500.1239013671875,161.05963134765625,470.42474365234375,103.52397918701172,529.8230590820312,161.05963134765625,0.8278250694274902
game1/Clip6,18,57,player_bottom,719.85205078125,559.1453857421875,685.2723388671875,371.66473388671875,754.4317016601562,559.1453857421875,0.8873912692070007
game1/Clip6,18,58,player_top,500.30517578125,161.06077575683594,470.6496276855469,103.03650665283203,529.9607543945312,161.06077575683594,0.8297064900398254
game1/Clip6,19,57,player_bottom,719.8770141601562,559.35791015625,685.494873046875,372.4297790527344,754.2591552734375,559.35791015625,0.8795408010482788
game1/Clip6,19,58,player_top,500.483154296875,161.06455993652344,470.7242126464844,102.1783447265625,530.2421264648438,161.06455993652344,0.8272523880004883
game1/Clip6,20,57,player_bottom,720.1880493164062,559.0032958984375,685.9466552734375,372.2694091796875,754.429443359375,559.0032958984375,0.8833808898925781
game1/Clip6,20,58,player_top,500.69873046875,161.08932495117188,470.9673156738281,101.5440902709961,530.43017578125,161.08932495117188,0.8223549723625183
game1/Clip6,21,57,player_bottom,720.6524658203125,558.72412109375,686.5907592773438,372.3134460449219,754.7142333984375,558.72412109375,0.8831808567047119
game1/Clip6,21,58,player_top,500.8898010253906,161.55218505859375,471.1614990234375,101.26309967041016,530.6181030273438,161.55218505859375,0.8183126449584961
game1/Clip6,22,57,player_bottom,720.960205078125,559.13671875,687.0283203125,372.68072509765625,754.89208984375,559.13671875,0.880204439163208
game1/Clip6,22,58,player_top,501.11163330078125,161.65208435058594,471.6562194824219,101.20771026611328,530.5670776367188,161.65208435058594,0.8238481283187866
game1/Clip6,23,57,player_bottom,721.4097290039062,558.8858642578125,687.5470581054688,371.6803894042969,755.2723999023438,558.8858642578125,0.8824105858802795
game1/Clip6,23,58,player_top,501.25762939453125,161.68994140625,472.2015380859375,101.41253662109375,530.313720703125,161.68994140625,0.8223467469215393
game1/Clip6,24,57,player_bottom,721.1101684570312,559.1671752929688,687.1627197265625,370.1656494140625,755.0576171875,559.1671752929688,0.8820028901100159
game1/Clip6,24,58,player_top,500.9449462890625,161.82701110839844,472.2001953125,101.72256469726562,529.689697265625,161.82701110839844,0.8270498514175415
game1/Clip6,25,57,player_bottom,720.2346801757812,559.019287109375,686.0068969726562,366.8595886230469,754.4624633789062,559.019287109375,0.8816218376159668
game1/Clip6,25,58,player_top,500.68017578125,161.77723693847656,472.0379943847656,101.38294219970703,529.3223876953125,161.77723693847656,0.8331612348556519
game1/Clip6,26,57,player_bottom,716.74072265625,558.7136840820312,682.245849609375,362.77349853515625,751.2356567382812,558.7136840820312,0.8557039499282837
game1/Clip6,26,58,player_top,500.5982360839844,161.76620483398438,471.75286865234375,100.31934356689453,529.443603515625,161.76620483398438,0.8277507424354553
game1/Clip6,27,57,player_bottom,711.5849609375,557.2615356445312,680.7330932617188,385.3363952636719,742.4368896484375,557.2615356445312,0.8364980220794678
game1/Clip6,27,58,player_top,500.4356689453125,161.8353729248047,470.810302734375,97.90831756591797,530.06103515625,161.8353729248047,0.8300923705101013
game1/Clip6,28,57,player_bottom,708.8770751953125,548.775634765625,679.0843505859375,384.5411376953125,738.6698608398438,548.775634765625,0.8246605396270752
game1/Clip6,28,58,player_top,499.7911376953125,161.97706604003906,469.5171813964844,95.64865112304688,530.0650634765625,161.97706604003906,0.8301441073417664
game1/Clip6,29,57,player_bottom,709.0699462890625,541.489013671875,680.218994140625,385.722412109375,737.9208374023438,541.489013671875,0.857075035572052
game1/Clip6,29,58,player_top,498.7917175292969,161.9160614013672,468.45989990234375,94.38323974609375,529.12353515625,161.9160614013672,0.8318416476249695
game1/Clip6,30,57,player_bottom,711.1345825195312,534.5557250976562,679.3230590820312,364.4196472167969,742.9461059570312,534.5557250976562,0.7302507162094116
game1/Clip6,30,58,player_top,497.3485107421875,161.71983337402344,467.1042175292969,93.07974243164062,527.5927734375,161.71983337402344,0.8426593542098999
game1/Clip6,31,57,player_bottom,708.1041259765625,526.9268188476562,673.78662109375,340.3204040527344,742.421630859375,526.9268188476562,0.8640228509902954
game1/Clip6,31,58,player_top,495.0340270996094,162.0392608642578,465.00384521484375,92.60858154296875,525.064208984375,162.0392608642578,0.8570736050605774
game1/Clip6,32,57,player_bottom,708.0963134765625,520.2969360351562,674.0845336914062,332.7324523925781,742.108154296875,520.2969360351562,0.860377311706543
game1/Clip6,32,58,player_top,492.46844482421875,162.4961700439453,462.8009033203125,92.82721710205078,522.135986328125,162.4961700439453,0.856827437877655
game1/Clip6,33,57,player_bottom,707.4278564453125,516.3847045898438,678.1543579101562,358.5869445800781,736.7012939453125,516.3847045898438,0.8850265145301819
game1/Clip6,33,58,player_top,490.5621337890625,163.1658172607422,461.4906921386719,94.36174011230469,519.6336059570312,163.1658172607422,0.8521609306335449
game1/Clip6,34,57,player_bottom,706.4116821289062,515.1057739257812,678.8551025390625,370.728515625,733.96826171875,515.1057739257812,0.9067060947418213
game1/Clip6,34,58,player_top,489.6776428222656,163.68655395507812,461.42303466796875,96.6611328125,517.9322509765625,163.68655395507812,0.8542709350585938
game1/Clip6,35,57,player_bottom,705.243408203125,517.3301391601562,677.1702880859375,374.9579162597656,733.3165283203125,517.3301391601562,0.9035196304321289
game1/Clip6,35,58,player_top,488.7349548339844,163.80865478515625,461.46453857421875,99.3043212890625,516.00537109375,163.80865478515625,0.8524987101554871
game1/Clip6,36,57,player_bottom,708.5061645507812,522.3216552734375,678.8071899414062,378.45391845703125,738.2051391601562,522.3216552734375,0.8964883089065552
game1/Clip6,36,58,player_top,488.3005065917969,163.52442932128906,462.264892578125,102.41728210449219,514.3361206054688,163.52442932128906,0.8492410778999329
game1/Clip6,37,57,player_bottom,712.2061767578125,529.3952026367188,680.3156127929688,382.15655517578125,744.0966796875,529.3952026367188,0.9020068645477295
game1/Clip6,37,58,player_top,488.1211242675781,163.50425720214844,462.84136962890625,104.76790618896484,513.40087890625,163.50425720214844,0.8447747230529785
game1/Clip6,38,57,player_bottom,713.6815185546875,535.8868408203125,679.973388671875,386.69677734375,747.3897094726562,535.8868408203125,0.9029743075370789
game1/Clip6,38,58,player_top,487.797119140625,163.42950439453125,463.0426940917969,106.4839859008789,512.551513671875,163.42950439453125,0.835166871547699
game1/Clip6,39,57,player_bottom,712.762451171875,539.2840576171875,678.2958984375,392.0548400878906,747.22900390625,539.2840576171875,0.9036604166030884
game1/Clip6,39,58,player_top,487.41748046875,163.5696563720703,462.6770935058594,107.02938842773438,512.1578369140625,163.5696563720703,0.8241271376609802
game1/Clip6,40,57,player_bottom,709.094970703125,540.7122192382812,674.3038940429688,396.2100524902344,743.8860473632812,540.7122192382812,0.9087522029876709
game1/Clip6,40,58,player_top,487.1283874511719,163.90000915527344,462.10198974609375,106.59886932373047,512.15478515625,163.90000915527344,0.7758162617683411
game1/Clip6,41,57,player_bottom,705.1033935546875,541.1322631835938,670.0489501953125,397.6585388183594,740.1578369140625,541.1322631835938,0.8921039700508118
game1/Clip6,41,58,player_top,488.0714111328125,163.79708862304688,462.2359924316406,104.9039077758789,513.9067993164062,163.79708862304688,0.8041521310806274
game1/Clip6,42,57,player_bottom,696.8135375976562,540.3582763671875,661.5014038085938,394.9161376953125,732.1256713867188,540.3582763671875,0.8705064058303833
game1/Clip6,42,58,player_top,490.039306640625,163.88694763183594,463.6086120605469,104.29572296142578,516.4700317382812,163.88694763183594,0.7467136383056641
game1/Clip6,43,57,player_bottom,688.6055908203125,538.0979614257812,653.4879150390625,391.08251953125,723.7233276367188,538.0979614257812,0.8572842478752136
game1/Clip6,43,58,player_top,493.51214599609375,164.55886840820312,466.0750427246094,103.6941909790039,520.9492797851562,164.55886840820312,0.7647528648376465
game1/Clip6,44,57,player_bottom,684.86962890625,530.8514404296875,650.8670043945312,387.007080078125,718.872314453125,530.8514404296875,0.8727220892906189
game1/Clip6,44,58,player_top,499.778564453125,164.51727294921875,471.7727966308594,104.04654693603516,527.7843627929688,164.51727294921875,0.7953981161117554
game1/Clip6,45,57,player_bottom,682.803466796875,521.0982666015625,650.6696166992188,384.5024719238281,714.937255859375,521.0982666015625,0.9011570811271667
game1/Clip6,45,58,player_top,506.55316162109375,164.10279846191406,478.0560302734375,104.18412780761719,535.05029296875,164.10279846191406,0.7593422532081604
game1/Clip6,46,57,player_bottom,679.823974609375,516.2752685546875,648.4480590820312,382.049072265625,711.1998291015625,516.2752685546875,0.8882470726966858
game1/Clip6,46,58,player_top,514.0543823242188,164.20147705078125,484.677978515625,103.8282470703125,543.4307861328125,164.20147705078125,0.7478381395339966
game1/Clip6,47,57,player_bottom,675.7437744140625,513.5426635742188,644.5736694335938,378.8594970703125,706.913818359375,513.5426635742188,0.8826600909233093
game1/Clip6,47,58,player_top,518.5820922851562,163.9193115234375,489.3658752441406,103.9162368774414,547.7982788085938,163.9193115234375,0.7561593651771545
game1/Clip6,48,57,player_bottom,671.3775634765625,511.83526611328125,640.00927734375,374.9806823730469,702.745849609375,511.83526611328125,0.8892657160758972
game1/Clip6,48,58,player_top,521.9033203125,164.4031219482422,492.9090881347656,104.58153533935547,550.8975830078125,164.4031219482422,0.7899205684661865
game1/Clip6,49,57,player_bottom,667.031982421875,510.48846435546875,634.8578491210938,369.0478210449219,699.2061157226562,510.48846435546875,0.9000714421272278
game1/Clip6,49,58,player_top,524.9820556640625,162.7039031982422,496.4476623535156,104.7845687866211,553.5164794921875,162.7039031982422,0.7724083662033081
game1/Clip6,50,57,player_bottom,663.8167114257812,505.77294921875,631.5530395507812,363.8771667480469,696.0803833007812,505.77294921875,0.895867645740509
game1/Clip6,50,54,player_top,787.23974609375,118.61560821533203,770.2345581054688,69.63164520263672,804.244873046875,118.61560821533203,0.7180076241493225
game1/Clip6,51,57,player_bottom,660.7078857421875,497.3913269042969,629.3461303710938,359.0709228515625,692.069580078125,497.3913269042969,0.8787640929222107
game1/Clip6,51,54,player_top,787.23974609375,118.61560821533203,770.2345581054688,69.63164520263672,804.244873046875,118.61560821533203,0.7180076241493225
game1/Clip6,52,57,player_bottom,657.290771484375,489.09613037109375,626.9962158203125,354.15301513671875,687.5852661132812,489.09613037109375,0.8814073204994202
game1/Clip6,52,54,player_top,787.244140625,118.644287109375,770.2293701171875,69.6362533569336,804.2589111328125,118.644287109375,0.7171211242675781
game1/Clip6,53,57,player_bottom,654.8375244140625,483.9758605957031,624.6334838867188,347.8395080566406,685.04150390625,483.9758605957031,0.8681264519691467
game1/Clip6,53,54,player_top,786.9981689453125,118.34107208251953,770.1458740234375,69.68102264404297,803.8504638671875,118.34107208251953,0.704289972782135
game1/Clip6,54,57,player_bottom,652.614501953125,480.754638671875,622.40380859375,342.63507080078125,682.8251953125,480.754638671875,0.8760395050048828
game1/Clip6,54,54,player_top,787.1158854166666,118.35737609863281,770.2667643229166,69.69816080729167,803.9650268554688,118.35737609863281,0.709035336971283
game1/Clip6,55,57,player_bottom,650.8873291015625,478.0560302734375,620.4002075195312,336.390380859375,681.3743896484375,478.0560302734375,0.8896468877792358
game1/Clip6,55,54,player_top,787.2336018880209,118.3736801147461,770.3876546223959,69.71529897054036,804.07958984375,118.3736801147461,0.7137807011604309
game1/Clip6,56,57,player_bottom,649.1087646484375,475.0368347167969,618.8848876953125,332.23095703125,679.3326416015625,475.0368347167969,0.9042385816574097
game1/Clip6,56,54,player_top,787.351318359375,118.38998413085938,770.508544921875,69.73243713378906,804.1941528320312,118.38998413085938,0.7185260653495789
game1/Clip6,57,57,player_bottom,647.4522094726562,470.7052917480469,617.890625,328.70068359375,677.0137939453125,470.7052917480469,0.9025275111198425
game1/Clip6,57,54,player_top,787.359375,118.38883209228516,770.5166015625,69.72496032714844,804.2022094726562,118.38883209228516,0.7260366082191467
game1/Clip6,58,57,player_bottom,646.1783447265625,465.40081787109375,617.577392578125,326.4056396484375,674.7793579101562,465.40081787109375,0.8911997079849243
game1/Clip6,58,54,player_top,787.359375,118.38883209228516,770.5166015625,69.72496032714844,804.2022094726562,118.38883209228516,0.7260366082191467
game1/Clip6,59,57,player_bottom,644.7894897460938,460.4869384765625,617.1647338867188,325.4670715332031,672.4142456054688,460.4869384765625,0.8799629211425781
game1/Clip6,59,54,player_top,787.359375,118.38883209228516,770.5166015625,69.72496032714844,804.2022094726562,118.38883209228516,0.7260366082191467
game1/Clip6,60,57,player_bottom,644.1190795898438,453.5348205566406,617.8161010742188,324.8638916015625,670.4220581054688,453.5348205566406,0.8696235418319702
game1/Clip6,60,54,player_top,787.359375,118.38883209228516,770.5166015625,69.72496032714844,804.2022094726562,118.38883209228516,0.7260366082191467
game1/Clip6,61,57,player_bottom,643.2425537109375,448.0068359375,617.8696899414062,323.6473693847656,668.615478515625,448.0068359375,0.8689455986022949
game1/Clip6,61,54,player_top,787.359375,118.38883209228516,770.5166015625,69.72496032714844,804.2022094726562,118.38883209228516,0.7260366082191467
game1/Clip6,62,57,player_bottom,641.923095703125,444.8198547363281,616.7088012695312,320.6865234375,667.137451171875,444.8198547363281,0.8568580746650696
game1/Clip6,62,54,player_top,787.359375,118.38883209228516,770.5166015625,69.72496032714844,804.2022094726562,118.38883209228516,0.7260366082191467
game1/Clip6,63,57,player_bottom,640.1294555664062,442.5011901855469,614.9119873046875,317.5783996582031,665.346923828125,442.5011901855469,0.8643786311149597
game1/Clip6,63,54,player_top,787.359375,118.38883209228516,770.5166015625,69.72496032714844,804.2022094726562,118.38883209228516,0.7260366082191467
game1/Clip6,64,57,player_bottom,637.4269409179688,440.3414001464844,612.0091552734375,313.0616149902344,662.8447265625,440.3414001464844,0.8583507537841797
game1/Clip6,64,54,player_top,787.359375,118.38883209228516,770.5166015625,69.72496032714844,804.2022094726562,118.38883209228516,0.7260366082191467
game1/Clip6,65,57,player_bottom,635.494873046875,437.4013977050781,610.0807495117188,308.7674865722656,660.9090576171875,437.4013977050781,0.8788108229637146
game1/Clip6,65,54,player_top,787.359375,118.38883209228516,770.5166015625,69.72496032714844,804.2022094726562,118.38883209228516,0.7260366082191467
game1/Clip6,66,57,player_bottom,633.7042236328125,436.3567199707031,608.0481567382812,304.6924133300781,659.3602905273438,436.3567199707031,0.864984393119812
game1/Clip6,66,54,player_top,787.359375,118.38883209228516,770.5166015625,69.72496032714844,804.2022094726562,118.38883209228516,0.7260366082191467
game1/Clip6,67,57,player_bottom,631.8663940429688,434.0932312011719,606.4215087890625,301.7324523925781,657.311279296875,434.0932312011719,0.8641065359115601
game1/Clip6,67,54,player_top,787.359375,118.38883209228516,770.5166015625,69.72496032714844,804.2022094726562,118.38883209228516,0.7260366082191467
game1/Clip6,68,57,player_bottom,630.27099609375,430.9907531738281,605.4364013671875,300.28082275390625,655.1056518554688,430.9907531738281,0.8720543384552002
game1/Clip6,68,54,player_top,787.359375,118.38883209228516,770.5166015625,69.72496032714844,804.2022094726562,118.38883209228516,0.7260366082191467
game1/Clip6,69,57,player_bottom,629.40966796875,427.1742858886719,605.2377319335938,299.86199951171875,653.5816650390625,427.1742858886719,0.887930154800415
game1/Clip6,69,54,player_top,787.359375,118.38883209228516,770.5166015625,69.72496032714844,804.2022094726562,118.38883209228516,0.7260366082191467
game1/Clip6,70,57,player_bottom,628.795654296875,422.5522155761719,605.2745971679688,299.7997131347656,652.3167724609375,422.5522155761719,0.8928117156028748
game1/Clip6,70,58,player_top,617.009765625,165.47483825683594,596.02978515625,106.87128448486328,637.9898071289062,165.47483825683594,0.7284162044525146
game1/Clip6,71,57,player_bottom,627.6091918945312,419.06610107421875,604.7225341796875,300.98016357421875,650.495849609375,419.06610107421875,0.8735458850860596
game1/Clip6,71,58,player_top,621.0700073242188,165.46998596191406,599.7350463867188,104.80268096923828,642.4049682617188,165.46998596191406,0.7438397407531738
game1/Clip6,72,57,player_bottom,625.9815673828125,417.1943359375,603.1947631835938,300.6769104003906,648.768310546875,417.1943359375,0.8605769276618958
game1/Clip6,72,54,player_top,787.359375,118.38883209228516,770.5166015625,69.72496032714844,804.2022094726562,118.38883209228516,0.7260366082191467
game1/Clip6,73,57,player_bottom,623.7491455078125,416.20074462890625,600.8092041015625,299.4736633300781,646.6890869140625,416.20074462890625,0.8522834181785583
game1/Clip6,73,54,player_top,787.359375,118.38883209228516,770.5166015625,69.72496032714844,804.2022094726562,118.38883209228516,0.7260366082191467
game1/Clip6,74,57,player_bottom,621.2799072265625,415.7872314453125,598.0631713867188,297.628662109375,644.49658203125,415.7872314453125,0.8561347126960754
game1/Clip6,74,58,player_top,627.654541015625,165.8287811279297,605.6061401367188,99.72301483154297,649.702880859375,165.8287811279297,0.7642155885696411
game1/Clip6,75,57,player_bottom,619.4210815429688,415.06329345703125,596.0889892578125,295.8934326171875,642.753173828125,415.06329345703125,0.8593428134918213
game1/Clip6,75,54,player_top,787.359375,118.38883209228516,770.5166015625,69.72496032714844,804.2022094726562,118.38883209228516,0.7260366082191467
game1/Clip6,76,57,player_bottom,617.1146240234375,414.19580078125,593.7997436523438,294.62457275390625,640.4295654296875,414.19580078125,0.867014467716217
game1/Clip6,76,54,player_top,787.359375,118.38883209228516,770.5166015625,69.72496032714844,804.2022094726562,118.38883209228516,0.7260366082191467
game1/Clip6,77,57,player_bottom,616.120849609375,413.6588439941406,592.7140502929688,293.055419921875,639.527587890625,413.6588439941406,0.8749346137046814
game1/Clip6,77,58,player_top,635.2827758789062,163.8090057373047,614.0850830078125,92.60761260986328,656.48046875,163.8090057373047,0.7276458740234375
